-1.062961344177958622e+01
1.463434561252313948e+01
-1.831540180708683607e+01
2.081927295630255159e+01
-1.574615433932637742e+01
-1.855758163912200942e+01
1.912079033083069746e+01
-1.735541198657889339e+01
1.537285080079440114e+01
-5.910927972920553941e+00
-6.478316416804028144e+00
4.271990702413531515e+00
-4.899931521342039131e-01
4.361843543847392368e+00
1.540739974654251121e+01
-2.833194135454183981e-07
1.658599482730165731e-05
-2.575772522256461280e-07
-2.479018509743356132e-06
-4.619420284693475694e-06
-3.621472021325813143e-07
1.079909744540678971e-05
-7.137866349746961950e-05
2.766630685161826639e-06
4.797755138520852988e-06
-2.422196067805981176e-05
1.142758828404418879e-06
8.402677729135742991e-06
-3.692402671276891993e-05
1.773750430507836945e-06
-7.737639231878129165e-06
-3.989411503657008080e-06
-1.545563180590235770e-06
2.607517802994139205e-05
4.974068562535043396e-05
6.353189014020309909e-06
1.980814585946600931e-05
8.785475036574350157e-04
8.326641889175649908e-06
1.398719343757781825e-05
-5.998769184870696158e-03
-1.242199427776666151e-05
5.445956984524800287e-07
1.343061555702035337e-02
1.568937354902141866e-05
6.086639638778241644e-05
2.470733839696659731e-02
3.167267479961125346e-06
-8.563600201902628122e-05
-2.021747707758370788e-02
4.041452521518966295e-06
-4.958947254203619018e-05
-1.548119316592452138e-02
-3.050935799598798754e-06
4.887916406348063287e-05
-2.298078361912045051e-02
-3.978317103590349338e-06
-2.159087553824770655e-06
3.156811370694335726e-06
2.641884142129903357e-05
7.240685321582713551e-07
-8.186859181886151863e-06
2.402859954848465812e-06
-7.534961432906192827e-06
6.365020160449995563e-05
-2.076624793103375069e-06
9.201480768718225942e-06
-1.092243860793895571e-06
5.700115834390816250e-06
-2.194424707984857041e-04
1.727798171604339197e-06
-3.735966718359822211e-06
-1.842349782473301980e-06
1.068312405919546849e-05
-7.645303011466656829e-04
2.775590902449296746e-06
-6.721407684286291268e-06
1.012232593241303962e-05
-5.075445576325451788e-05
5.326413529962095370e-03
-1.593896043940627803e-05
3.338790292600861680e-05
-1.839298895746307755e-05
7.201068204691991523e-05
-1.116126594143220657e-02
2.607458339896662585e-05
-5.692743979353175082e-05
-3.684647385954262759e-05
1.155484810407161433e-04
-3.737891492403046939e-02
5.865430872273109302e-05
-9.317200344857677337e-05
3.482121254925324687e-05
-1.018076870450010060e-04
5.606554951060117864e-02
-6.964783446153572418e-05
5.871358126182551519e-05
-1.422113085335954483e-06
4.638046421580894392e-06
-3.851931186345539538e-03
4.024803036503616558e-06
8.185270801296599459e-09
6.884119142482734303e-06
-2.645129933635143274e-05
3.280877736341192199e-03
-1.099281466916738957e-05
3.174311639335554448e-06
3.215019750099179503e-06
-1.156131175547432927e-05
5.050055590374653847e-02
-2.726427518463547014e-05
-5.237410670401702821e-06
1.802338287701774251e-05
-9.137716477375867289e-05
4.809184490930432099e-02
-4.221323282373632096e-05
4.406435829234721765e-05
-5.522682297343156895e-06
2.817676444585827798e-05
9.515431645215814346e-03
1.837297617345028183e-06
-2.488780563916014491e-05
-1.695867795068300480e-05
8.424433419449101155e-05
-1.653085063723667980e-02
2.278249908290013581e-05
-6.191258102736475679e-05
-2.649139561172421107e-05
1.275004094399665865e-04
-2.174689193268184231e-02
2.430543204352822047e-05
-1.054349003674430306e-04
-1.122279420388850726e-06
1.793235839469413089e-06
7.224423250932260005e-07
4.803888956135253410e-06
5.457397859991795756e-07
6.212872486404835782e-06
-5.273637747167742460e-08
5.874359109957718804e-06
-3.141263732459545487e-06
-9.831955071566244354e-08
-6.868970088974444199e-06
-2.364978194434607211e-06
-1.342981313292059811e-05
-6.321358697557593046e-06
-1.512718719526703647e-05
7.695888974095227154e-06
-9.375393480595456025e-07
-6.374680093507453869e-05
7.159674885702505078e-06
3.243414273149096839e-05
2.978731043906412515e-05
-4.448770546669057945e-06
2.391716883469100982e-07
-1.255616877904848945e-07
2.934136183703271362e-05
7.660718237349224446e-07
2.937733131316740199e-06
3.952964521258474264e-06
1.268204028369900758e-06
-9.388575320153117758e-06
-1.468031566551558117e-06
1.889417337356315849e-04
-9.263575225684617703e-06
-3.972034532561426049e-05
-1.144179032579565853e-05
2.132145162257197319e-04
-2.021938246123278871e-07
8.927561795709220988e-06
-1.047701602390820226e-03
8.810036943027181502e-06
3.832956074450482705e-06
-3.116655179459276075e-04
-8.184205800627298785e-04
1.849210478781607395e-05
-2.105021440284409121e-05
2.613770270730329283e-03
3.383160890926492122e-06
6.357348328301673740e-05
1.276809568979183707e-03
-6.247020306774844073e-04
1.508228808011990128e-05
-1.693634201403875186e-05
1.728580870515430967e-03
2.005682850969804827e-05
5.237590727995969689e-05
9.900341328123900882e-04
1.047692596095458175e-03
3.893147183000397042e-06
-2.325808985134533434e-05
-2.649507131879678349e-03
3.068009124895398101e-05
3.182065906553787965e-05
-1.624309043860721691e-03
2.103035199243778221e-03
2.867512030513245517e-06
-2.939567501652661102e-05
-5.882000168958174784e-03
1.141742323812232168e-05
3.453830702419801704e-05
-3.259171991444151113e-03
-6.292963978368137316e-04
-1.774813156458144672e-06
9.004862251845533204e-06
1.902872134714459970e-03
5.706751419358891668e-07
-1.212605436795247414e-05
9.723443997062279544e-04
-9.644360613798833200e-04
4.948356080002510449e-07
1.856736757679077938e-05
1.623395861006801579e-03
-7.379929179465175594e-06
-2.298371843350593036e-05
1.493599411143414638e-03
-2.201474140377122392e-03
-1.367408953957980288e-05
2.834940657502597831e-05
9.125202590248559023e-03
2.029490944293527898e-05
-3.911510740352852226e-05
3.385471625895418099e-03
8.714673195273174838e-04
2.240044802605375209e-05
3.321785319896828731e-05
-1.119641536546724277e-02
-5.183689445872553456e-05
-1.852400213854415762e-05
-1.342968969786279866e-03
3.230399986657051263e-06
-1.903799828242344356e-03
2.406433093718392392e-06
-7.979596358805365208e-06
2.119289765231537753e-03
1.065827529198032325e-05
2.038255710764897953e-05
2.956997265712778440e-03
3.705594143735642368e-06
-3.031738516932010511e-05
8.339418498983975150e-03
-5.437151459584185499e-06
-3.302179549917024707e-06
-9.905958709678705856e-03
-1.329105751528353988e-05
-5.876356579445990110e-05
-1.297663387684552111e-02
-1.936172383604039513e-05
-5.583568909845240940e-05
2.120280973886782411e-02
-1.557773029863081715e-05
-7.438935886044503103e-06
-2.584099339977053919e-02
-2.333084183936089462e-05
-1.156018029418774901e-04
-3.301250910777998870e-02
-3.821897457701904036e-05
-4.471336876409634335e-05
3.594133336728775469e-02
-1.700351797289901482e-05
-2.858667383696747997e-05
-4.032680213256749358e-02
1.373788732476636616e-05
-8.138276300613745328e-05
-5.602056310519110821e-02
-3.245927130787569699e-05
7.620920944690528272e-06
2.911452868505885402e-02
-8.569676335405437937e-06
5.821750560799388312e-06
-9.922994356414620992e-03
3.402116609311003486e-05
-3.077290381639562287e-05
-4.541307213270848187e-02
-8.542700597471286498e-06
4.974559708467785529e-06
2.383686784110211534e-03
-9.775087175756992048e-07
6.267987747066636591e-06
5.860975189978329114e-03
7.010380510302475110e-06
-3.812310660778116687e-06
-3.724439797797678576e-03
-7.614755866526960498e-07
-4.308006732628462393e-06
-3.814144371505446846e-03
-8.974726802136474209e-07
-7.377085851392732420e-06
-7.721592540246205623e-03
-1.086535167556710414e-05
3.400347829138329842e-06
5.953826213148899309e-03
1.272595050931388049e-06
-7.142983895462871923e-06
-9.140785132331854038e-03
4.547697028988459826e-06
-2.459943695530161892e-05
-2.524242840563406878e-02
-1.974099784854208689e-05
1.180723721883038485e-05
1.424879897562592902e-02
3.502784521402873240e-06
4.746059817015991559e-07
-6.259250877304594479e-04
3.150541491253108693e-07
-1.593776964887398057e-06
-1.836522444701909132e-03
-7.860810734318868895e-07
4.707991348201754804e-07
9.730121579689184237e-04
2.472108611008950190e-07
-1.566586943602927504e-06
3.574035327911620312e-03
-2.334336976995551829e-06
6.773096618784722465e-06
7.435980719690543292e-03
3.877717736339451117e-06
-2.396228332865309266e-06
-5.558178700338774376e-03
-4.961586001631302549e-07
-8.045246877696327330e-08
1.068127237584468384e-02
-1.158453637736309754e-05
1.078399443299300777e-05
1.361595856416170439e-02
1.442820912357298935e-05
-7.205696032375476473e-06
-1.661131835547083671e-02
2.718817213958230365e-06
-1.342882581312152001e-05
-1.124085847606223418e-02
2.495099086990038530e-05
-1.820129563973577313e-05
-2.698426958412273886e-03
3.693267759653109314e-06
6.060646305687707180e-05
1.749794766152349204e-02
-1.194314448393118456e-05
2.242700055803359361e-05
7.591658865654347943e-03
-2.415604022342700662e-05
7.239571936334702139e-05
2.354520623881817439e-03
-7.552059880221615395e-05
-1.791884228866222513e-04
-1.186911987445261191e-02
1.257041038615443798e-05
-5.051278289370200560e-06
-9.101872409130335731e-06
1.760124513321947498e-05
7.069741156955587896e-06
-1.740702632371888474e-06
-1.818562059874139901e-05
1.627007649845836887e-06
1.624531597755404929e-05
-1.144939353274328312e-05
2.263679436110846514e-07
7.473691766293087908e-06
-1.595182405760678287e-05
-1.736849967620155224e-05
8.282816889929412796e-05
1.558442617825042372e-05
-2.151219122628532875e-05
-5.676141398369368742e-04
-1.291817417244970943e-05
5.609267517291390633e-05
-4.377184477329157375e-05
2.037389683221943937e-06
3.841180847989618494e-05
-4.268956040030710775e-06
1.255828155207049400e-05
2.054440834101635622e-04
2.544268665683611154e-06
-3.206337368617313859e-05
-1.202139698210521589e-03
-2.614616695079972894e-05
3.850552760812977755e-05
-2.420756310689920008e-04
9.492569644522622682e-06
3.556502169742975088e-05
8.032688348282963911e-09
-5.467830728772313690e-06
-7.540949742736672158e-05
-6.092554989669710838e-07
8.524613663450816126e-06
3.664878547390556596e-04
6.366320914080816036e-06
-9.705288824409207728e-06
9.965241785127594673e-05
-3.818222279300632490e-06
-8.408359969831150855e-06
-1.298478244533388718e-06
-1.881814376392237559e-05
-2.460048679176160568e-04
-2.531940548347926806e-06
2.452262672463594685e-05
1.154724408775944719e-03
1.839994733840279994e-05
-2.740434951914619713e-05
3.385965703446029078e-04
-1.290169704133712613e-05
-2.327320043693558907e-05
-1.175269518259029624e-05
-6.792558188725217935e-05
-5.612151508763554624e-04
-1.125295235820114392e-05
4.670242613396345774e-05
3.102856670417546755e-03
3.305420621669787122e-05
-6.398891007685259414e-05
8.339471956184160272e-04
-3.864079621894388851e-05
-4.119991692360105512e-05
1.043295334457425620e-05
8.727297078496229227e-05
3.126980696009088920e-04
4.489903296952310591e-05
-6.154834757409914170e-05
-5.221308546473913022e-03
-5.461276366523181152e-05
9.717966008395311276e-05
-5.222402380402512345e-04
3.288588081767763300e-05
1.881378096990134224e-05
-1.098878116030062638e-05
4.230063806855944658e-05
-3.915103129657190656e-04
4.458327404973752334e-05
-4.440273837397026212e-05
-4.061211415864428298e-03
-1.308935493929492131e-05
9.818921472041973963e-05
6.286864647593545276e-04
1.810218167117258231e-05
-2.548950222357771012e-05
1.832556326112590379e-05
-7.890464332290392929e-05
8.219728763254675104e-04
-2.980397789763436180e-05
3.619190080741785484e-05
4.468752967673813789e-03
-7.390551611269761457e-05
-1.600754700990059207e-04
-1.433464275470209106e-03
-6.863877511930445083e-05
5.393916853524842637e-05
-1.407157743562681938e-03
8.175061412392394024e-06
-1.251347721379293714e-05
-3.038300463570842917e-04
-4.055665339929930929e-06
-9.479037876049392153e-07
-2.410317062305829153e-04
-2.285758701232250718e-06
-2.938941274290381893e-06
4.878148793855240778e-04
-4.420669537242256306e-06
4.333590920105166331e-06
6.460743105094286700e-04
-1.435031075898409759e-02
2.790638740038632685e-05
-5.404249633691258478e-05
3.487633418353150265e-04
-9.035508847715984822e-06
-6.036881136006478884e-06
4.649593128754104208e-03
-2.284753562826587545e-05
-1.130734300823849005e-05
-5.013644587658410909e-04
-1.758236788155150427e-05
1.728657923484341576e-05
6.578872947434627645e-03
-2.997562821735434008e-02
-4.177228532647501795e-06
-1.684316410869717310e-05
2.209736582601289166e-03
-4.857058729953474653e-06
-2.392537977557817165e-05
1.524137021466027454e-02
-4.770922037542575986e-05
-2.778934734033603263e-07
-3.463225769662577926e-03
-2.663967756809989401e-05
1.277647751529988550e-05
1.372636911869927479e-02
-7.228889186777045714e-03
-2.486374044944054029e-05
4.303426366176106588e-05
2.233552236390872619e-04
4.029816813397509858e-06
-1.460420071093735642e-05
5.034703178265664131e-03
-2.311248114695249893e-05
9.520995501787995249e-06
-3.915254268342838358e-04
-2.003223091606495657e-06
7.142357141327410281e-06
3.301197148531171376e-03
6.065146693858195284e-03
5.246530454955429675e-05
-2.035105151597409238e-05
-1.380038767626791548e-04
-3.370281072976261904e-06
2.968405106314731443e-05
-3.400167561537844382e-03
1.311107143792402757e-05
-1.146173022985202553e-06
2.426107288461617649e-04
2.626944668273775653e-05
3.602782370847814762e-05
-2.771438545194062405e-03
5.126958584822641739e-03
2.639047002809343886e-05
5.920771521536976169e-05
-1.849456671834184395e-03
1.007708981195911747e-05
1.025806831465077978e-05
-1.936781987725345357e-03
-2.719839645398503756e-05
3.342198919117347553e-05
2.892041436429960023e-03
3.191631067017100965e-05
5.873129761573814256e-05
-2.370166596393172634e-03
-5.991079362110348860e+00
7.675686111563562619e+00
-9.011603818319171566e+00
7.471026676052789917e+00
4.127584815889468572e+00
5.057179590332422592e+00
4.465242380285909363e+00
6.758938416668387461e-01
-3.376734369420027360e+00
7.171854259431994727e+00
-7.358495895767751272e-08
4.575374574203054136e-03
-6.677670137577075202e-08
6.111119140430288292e-08
-8.010246938468237529e-03
-1.060568740442314923e-07
-2.517284445417623907e-07
5.130213391479281071e-03
-1.530039390389746242e-06
5.022635787683233450e-08
-1.692266949725136638e-03
9.198682120566198810e-07
9.021274498157318535e-08
-2.496670254293475652e-02
3.544810481984199915e-06
-2.427794723762643151e-07
-4.557863954240162080e-02
1.486415125781444635e-06
-1.996474730431954075e-07
-3.546965408393119856e-02
-4.328553537824356245e-07
-2.487180989741922884e-07
-1.776688859287203076e-02
8.854574225012268310e-08
-1.401757492506984458e-07
-2.862299179931849721e-02
1.623809995656951887e-07
7.801450398055645017e-07
4.992373674209764356e-02
5.924747708333785669e-07
-4.836077250360449379e-07
-7.856262305337768804e-07
2.950418002366895316e-05
-1.725173198991074277e-06
-3.224620273886181715e-07
1.322287635655477890e-06
4.329732407146052782e-06
-2.181685314776754623e-03
9.898304099447855436e-07
-1.190536189208918729e-06
3.277713833039368047e-06
-4.849581715636091217e-06
1.912016066291168624e-03
3.560581252060822491e-06
2.991596030394703879e-06
9.842263022952359476e-06
-2.342876247088971882e-06
-2.450026490081242195e-03
1.040248732467311771e-05
3.109868434978135143e-06
-1.024853037450316348e-05
5.033781845333975863e-07
6.580440776731694488e-03
-1.130573455717173415e-05
-1.917101641340321061e-06
3.038794664975595336e-06
-1.008656861519130270e-06
-6.989024806266478859e-03
3.121184894737822361e-06
-4.935948220435479589e-07
1.117115709867933894e-06
4.097014756649961697e-07
6.618298278221377250e-04
8.121294018473150667e-07
1.010155803870784872e-07
-2.951093242217257014e-06
-1.965740615389547626e-06
-8.069259634403106937e-03
-2.309258674545667810e-06
-7.477128908716860707e-07
1.129901778976573196e-05
2.909249288060295292e-06
1.253669379504742179e-02
1.105237226165147539e-05
1.054771110963291254e-06
-2.961696416571448116e-03
-1.913410624829175553e-06
2.158307065371890506e-06
4.535631678767543078e-03
-3.905124210658742225e-06
1.006523048504637224e-06
4.616262084263937290e-03
5.501815679751707357e-03
5.629439320617549868e-06
-5.217110635484114193e-06
-9.090391091233687021e-03
9.400556416881277345e-06
-1.648820109749044988e-06
-8.573937652590965866e-03
7.285916480867473852e-05
-4.369776782615664545e-07
2.622257128139532361e-07
1.383693651924662225e-04
-5.520651002165778602e-07
-4.775018068485600096e-08
-1.143590114403825978e-04
7.825714056605129112e-04
-1.532766205344868701e-06
3.153205843594641546e-07
-6.298397261413541705e-04
-9.484771625808437998e-07
-5.198768254925007337e-07
-1.221497331413855551e-03
-8.386064359631514170e-04
2.829602070501663810e-06
1.597925661944194402e-06
7.389318279028494292e-04
7.231283525942828105e-07
1.201530427501610582e-06
1.309718246367515444e-03
3.558384512530136760e-03
-4.728116845427681022e-06
-1.375613235383664688e-06
-3.861818547288816197e-03
-1.103737859107661618e-06
-2.370391910729438813e-06
-5.551349436394632797e-03
7.534655973093723567e-04
-5.180514016482309680e-06
-2.513660377732542377e-06
-6.824488922037505456e-04
-2.447186324453465009e-06
-1.960903216941305553e-06
-1.178223138256275730e-03
-3.786822188929265479e-04
3.447771290314620313e-06
2.644912233733049509e-06
9.048752759665580625e-04
3.085984910272841462e-06
1.550916698693597223e-06
5.918494623197725034e-04
-5.791778516775123412e-07
1.122726629060314361e-03
-4.023209700539652217e-06
1.864512481406621936e-06
-1.458057685868235920e-03
-2.770785601245117863e-07
-8.526835599643959025e-07
-1.755426158611766334e-03
3.469638709372459777e-06
2.146066782942386913e-06
-8.298162361699119860e-03
9.040607058817944436e-06
1.074790593517082630e-06
9.980303592889764458e-03
-4.724183318701784015e-06
5.164587249968993283e-06
1.295515106105571933e-02
-1.848140492398551432e-05
-1.446490149721573804e-06
4.802680127403010160e-03
-3.043332052347166148e-06
-7.085182126351801697e-06
-5.470590083202331311e-03
8.083711739441225091e-06
-4.714875411747085826e-06
-7.501367191310876099e-03
1.523143643488728247e-05
1.941590084839594937e-06
-4.156108843691064432e-03
5.550811849070282945e-06
9.059028691846769519e-06
4.663672708674708976e-03
-1.151194276671501542e-05
5.951631856340217824e-06
6.500505198192715016e-03
-2.026255317885042358e-05
4.651565140060827799e-06
1.682680766836455520e-07
2.636465905301644142e-03
-1.113739267776023228e-05
-5.894378034733516549e-06
-1.064609068668231472e-03
-5.890643438848059766e-06
-4.274583369321641952e-06
-4.113934151291217915e-03
1.610693351692667769e-06
1.658985406928389528e-06
-4.545375410247926631e-06
-2.904964791196815731e-07
-2.942961104089084155e-03
1.097667800307970772e-05
3.780878375778282347e-06
1.147498964508241338e-03
7.972426332070084687e-06
3.302853663256339181e-06
4.591439071447964843e-03
-1.790847689685808226e-06
-1.408397945715135513e-06
6.543439046634671238e-04
6.202946123498747464e-07
8.342277359283031271e-07
-6.425936570930425263e-05
5.783306086712369551e-06
-2.124305344478102076e-07
-1.136407159265884204e-03
8.253993689407136084e-06
-2.018185319787548373e-07
9.802339079046859527e-05
6.877568448559460091e-07
-1.969620083066888353e-07
-2.993275043832957115e-04
-5.991036533619202409e+00
7.675336068371858111e+00
-9.010987145370336293e+00
7.470993881141726689e+00
4.129133254173210865e+00
5.062412837527006992e+00
4.473625255561383796e+00
6.775483636745626148e-01
-3.384533679241466420e+00
7.188831669778361189e+00
-6.328547266020679240e-06
-4.598556219415182375e-03
1.408711129242907139e-05
4.803162944873680038e-05
8.287767402662122099e-03
-7.582540148194633458e-05
1.292033799200712223e-04
-3.916427259591897560e-03
-1.882677990386637311e-04
-4.973328115153029965e-05
1.138671802810865266e-03
7.624403713894958693e-05
-9.106409078612871734e-05
2.055785058407889887e-02
2.074937553454613633e-04
2.006820803660840547e-04
3.510595775445712885e-02
-4.679170228264676983e-05
3.044204698125839263e-04
2.157568721759273861e-02
-9.698487985027939037e-05
1.660606435198063368e-04
1.074292182540731097e-02
-1.141246031863116424e-04
2.582838388754903330e-04
1.560318827399663488e-02
-6.172804481062190405e-05
-4.882463208474209656e-04
-3.059927618113782166e-02
3.948588232804770958e-04
7.782568176973556377e-06
3.362694295748793730e-05
4.009718811650661184e-04
9.896670252911563860e-06
9.575097461508470516e-06
-1.058146719313732536e-05
-2.922888488391852790e-04
-4.663639243440717910e-03
4.547734718257767498e-05
-6.010311302454647217e-05
-1.659902152691572919e-05
4.152131052703447386e-04
6.530838271357516066e-03
-5.186494035688132831e-05
6.785844513951212395e-05
-5.848397071760353706e-05
2.140382748402014325e-04
4.238470600567948929e-03
1.288218518100407348e-04
6.910120438914516341e-05
5.877369144969342863e-05
2.645355922281314312e-05
-9.578229391714993511e-04
-2.852361727978731964e-04
-8.397730453019343344e-05
-7.841452372182595564e-06
-1.216223555292863720e-04
-9.869129299458199479e-04
2.952765485179111287e-04
9.258558712779505352e-05
-1.317989574387391282e-05
-1.633161985033218457e-06
1.555203004072173057e-04
-6.273579690353659310e-06
-1.627662895448175586e-05
6.549760196091408476e-05
-2.332354692765136839e-05
-1.249769694857936781e-03
1.442314122815034063e-04
1.228535465316561107e-04
-1.986354941180984999e-04
-1.610913030336258141e-04
1.847541043723917135e-03
1.096150941323947501e-04
-1.891966826634931267e-04
2.901278851973940805e-03
-5.905719482026908923e-05
1.483054667389773255e-04
-4.278399694123588906e-03
-7.385026426469044533e-05
-5.109387056897336923e-05
-4.501043629365428407e-03
-5.020432294585907770e-03
2.647120240014148515e-04
-4.050045515744818761e-04
7.033475679110119672e-03
9.342968811014659724e-05
1.246505607143163076e-04
7.703014916896084446e-03
-2.031866741955195101e-04
-5.300413786747754178e-05
4.008638759453334120e-05
4.149626805264275842e-04
1.877247937155340058e-05
-8.059599441366468669e-06
3.464200256404657233e-04
-1.098379774434706706e-03
-1.233550302254172353e-04
8.389225725549860364e-05
1.946190375815052458e-03
5.043688469559450948e-05
-1.732203584464943745e-05
1.780393311260222797e-03
1.107748209287832269e-03
8.283717428152504998e-05
-3.091835143986370596e-05
-1.833556748619196656e-03
-5.461600372468812677e-05
1.345529984959916944e-05
-1.688577791095292923e-03
-4.375010407709298971e-03
-2.923033917537416933e-04
1.593982011502595561e-04
7.186568600024098065e-03
1.421268135560470075e-04
-3.796328182418511196e-05
6.920082353107250180e-03
-1.227490721613917627e-03
-1.016526331644538456e-04
4.630087467641808702e-05
2.979425125390380326e-03
9.006536064325824389e-05
2.347252320976514007e-05
1.756672636090984060e-03
7.980817316177359760e-04
-3.122952552304857575e-06
-6.373757520260252491e-06
-3.647262070361149706e-03
-6.394100399903384117e-05
-1.261075088207945841e-04
-9.156914981845278630e-04
-6.139594271531754284e-06
1.262173995152358202e-03
3.321537788931772399e-05
-1.077816875641847085e-04
-1.423602626021640500e-03
8.467185775754056272e-05
4.090141607211678987e-05
-1.996721442514297253e-03
9.410585554256866190e-06
4.973773531658837497e-05
-9.217055773612457120e-03
2.932822997361755652e-05
3.474492772350213439e-04
9.363954516587199087e-03
-3.244665268438171957e-04
-1.179247554146295766e-04
1.442161203310295473e-02
-8.565510919919518357e-05
-1.828745989694419274e-05
5.439245137222511670e-03
-1.313356820864985583e-04
-1.239719045356022452e-04
-4.867742558071004762e-03
1.358713138562330771e-04
2.668248161748985994e-05
-8.432960114994213566e-03
6.093502893993146374e-05
6.277542930674706757e-07
-4.863067635800986076e-03
1.729161390775209393e-04
1.272144961486909034e-04
3.949435098442969326e-03
-1.440469919203045163e-04
-2.263407050949339279e-05
7.496771392985530566e-03
-5.954911792524704325e-05
1.785116934417329621e-06
-3.138878038049978210e-06
-2.780159192304697702e-03
1.953516423118694030e-05
-3.689424975406442424e-05
7.207402852369709659e-04
1.195769080008593781e-05
4.830271903507709751e-05
4.291859957231036055e-03
4.558295159929012818e-05
3.740087150725663462e-05
-1.034721468715366896e-05
6.528860648774892687e-07
3.101807159271551938e-03
-2.738150741271328783e-05
5.398211220219612818e-05
-8.225714883067472734e-04
-2.442496508400467722e-05
-5.430033864227439737e-05
-4.776727872633131262e-03
-4.519846186062926024e-05
-2.929605835417213328e-05
6.431811666699081744e-04
5.455983142246820304e-05
-7.629497358584934861e-05
-1.667151790901927680e-04
3.932308893885233872e-05
-2.832314406429686186e-05
-1.008506266875085992e-03
2.378237734212619743e-05
-3.717340381080070678e-07
1.621906453418012011e-04
-5.931959282846801639e-05
-4.034670325002779457e-05
-3.765973144747464274e-04
-1.062961594664111153e+01
1.463434944304609076e+01
-1.831539578818161829e+01
2.081926390641699953e+01
-1.574615750545288506e+01
-1.855759533215789148e+01
1.912082019663304067e+01
-1.735542451799453900e+01
1.537287298450464057e+01
-5.910947698961877883e+00
-6.478313277614789811e+00
4.272008372864676495e+00
-4.899969925995405484e-01
4.361869156187490049e+00
1.540738791890769299e+01
3.229323584585689976e-07
9.296600702376846934e-06
-9.831527644235680169e-08
5.793441038483952574e-06
-4.728878957103954188e-06
8.631414520269462470e-08
-2.336534135243466492e-05
-3.200741037669008865e-05
2.152302587455481151e-07
-1.054043209137681231e-05
-9.735055263179436522e-06
5.536450033128044133e-08
-1.863944064961250071e-05
-1.218465837677823289e-05
-3.735275280593922725e-09
1.719576318429476665e-05
-2.129790677747946825e-05
2.512483791056068231e-08
-5.658373729609270585e-05
1.364373418154425633e-04
4.521168418581166680e-07
-3.830243129184543157e-05
9.944622315606825146e-04
2.075494887447118681e-06
-4.789749423227040374e-05
-5.969448833661357423e-03
-7.104357177910554589e-06
1.369022344426272563e-05
1.334703893850824885e-02
7.029635798295213902e-06
-1.474053659006885212e-04
2.482664283322189372e-02
-4.058343612693030482e-06
2.150683612971689487e-04
-2.042641505393395784e-02
9.690729206504794036e-06
1.189140304064107540e-04
-1.558611793044535274e-02
3.148071799740343496e-06
-1.249387070932645035e-04
-2.290076181629576921e-02
-7.168088523191420137e-06
1.427230057101781501e-08
-7.904167495688972360e-06
2.680076714860748436e-05
-1.070032190092283403e-08
-3.628229606034127677e-06
-2.723831084298871400e-08
1.665308476707264172e-05
5.300494437631243034e-05
-1.457196028027610458e-07
4.370179226861861873e-06
8.728553453438835683e-08
-1.195013702743239074e-05
-2.084648143714383419e-04
2.089444335164235245e-07
-1.904175207103678394e-06
-5.201877518097261710e-07
-2.326653995547259030e-05
-7.396561537730675156e-04
1.690993473355608759e-07
-2.879399653049469927e-06
7.085727556674250498e-07
1.071652485486264178e-04
5.219818938580963151e-03
-2.013961571311247918e-06
1.578993977741564414e-05
-1.853609327965604835e-07
-1.495464440532679189e-04
-1.102746703948072685e-02
4.517230320137353599e-06
-2.764915251601626094e-05
6.482313432459512182e-06
-2.243092373625995835e-04
-3.719844069857771579e-02
1.592814450271795516e-05
-5.084845744968084888e-05
-2.664823131251153014e-05
1.806663978475186636e-04
5.590977876636150923e-02
-2.434988170319899749e-05
5.042439783521547868e-05
3.358732158767802862e-06
-7.420570571262528354e-06
-3.842707964569122385e-03
1.677750419635117463e-06
-2.734484031791715790e-06
-2.236183243778773277e-05
5.516735711662590526e-05
3.216833823417830987e-03
-4.620875677466945392e-06
1.944148490420262595e-05
-1.861177793882491317e-06
-1.562634307756289583e-06
5.050084972519491844e-02
-9.380258514283662722e-06
-3.072936892373706954e-07
-1.848954347576944559e-05
1.787196551112415208e-04
4.792783907030854357e-02
-8.581506885365740577e-06
3.700843394024439642e-05
-1.129353290605238401e-06
-6.729743002517566829e-05
9.570956724111748248e-03
-1.872194433755899056e-06
-1.107124354875050929e-05
1.630662049706161402e-06
-1.827394996875820966e-04
-1.637478721766120679e-02
1.396275315313473982e-06
-3.163985068250351081e-05
-5.458263996570573415e-06
-2.878232049595658517e-04
-2.151235441743289123e-02
-2.102622934995466544e-06
-4.712780561648541224e-05
-6.923573308699789008e-07
-5.523526929199501133e-07
-4.632144424181902740e-07
2.419091441818498132e-06
2.150916429397752494e-07
1.343756384009090697e-06
1.015250765864686025e-06
4.829241090972386247e-06
1.180444242947540960e-08
-1.052377002727950790e-06
-3.692966639239550074e-06
-1.286667319141197463e-06
-4.006955871009682896e-06
-7.986399803200011285e-06
-1.660521479214501896e-05
2.361808678403019884e-06
8.259336665185558845e-06
-6.237307602246759826e-05
3.737833593259865278e-06
1.195336245319435747e-05
2.610674709464880374e-05
-3.417061799765258998e-06
-2.955603758525346559e-07
-1.637260045580468068e-06
2.706419906438164085e-05
5.219734982622669618e-07
7.066504261824132054e-07
5.693300258175054674e-06
4.230405957911116587e-06
-1.859847232926119340e-06
-3.126969919754583244e-06
1.854479453471573683e-04
-4.570073217225588825e-06
-1.362604030192819992e-05
-5.942058674248090920e-06
2.061328026610714629e-04
2.861056947782355008e-06
-1.571734616242114797e-05
-1.022891218079968962e-03
3.189035425533524826e-06
3.036301484105975079e-07
-3.236415694538106579e-04
-8.163793425404754743e-04
-2.690033915326769186e-06
5.376045455448463561e-05
2.584394001785845184e-03
3.978632551006955340e-06
3.282784366381507425e-05
1.279714421779826281e-03
-6.258801893426748850e-04
-1.370656964468687276e-06
5.956643006994647799e-05
1.712692355726375040e-03
1.048795435273061399e-05
2.944162703663774606e-05
9.879662606902684784e-04
1.047516682755450772e-03
1.002602115988254524e-05
8.948865446375868038e-05
-2.706774131643027541e-03
1.533941326604075297e-05
8.914866457677775177e-06
-1.628368735162008573e-03
2.094814979542241121e-03
1.434677537959523139e-05
8.844079637344869939e-05
-5.970404663709538186e-03
7.243329061875457710e-06
3.703318940321304019e-06
-3.278368116014921882e-03
-6.254138162967652192e-04
-3.454590303358225063e-06
-2.315648405438577702e-05
1.929770141646498056e-03
-4.223047059252398539e-07
-2.368536948530980866e-06
9.802713749423896429e-04
-9.568434875739620805e-04
-1.424506639812577219e-05
-5.820518125935561108e-05
1.675940100041902175e-03
-5.212684165560734252e-06
2.316909172668921003e-06
1.507363228535631020e-03
-2.187619360652182186e-03
4.575234983233817725e-06
-4.626361300724368100e-05
9.216937820415448818e-03
7.763974905478770587e-06
-2.289715849718868213e-05
3.416767313006590940e-03
8.824989964478299623e-04
-5.507515454856097792e-05
-1.375051532034567625e-04
-1.111085158882352264e-02
-2.951777634231127068e-05
3.581036962793782667e-05
-1.329733583986932640e-03
-8.199050357024985995e-06
-1.895373975855163063e-03
4.452175502906841715e-06
-6.788937659249938082e-06
2.153423574666703342e-03
5.502685412507021086e-06
1.954070969913345140e-05
2.960516093809855993e-03
-2.913794127307638485e-06
-7.546581040949280547e-08
8.301205604509025171e-03
-3.312578266546182081e-06
3.933359258794323144e-05
-9.995781864396846225e-03
-9.265206827401610638e-06
-4.278437328905799873e-05
-1.295283504731245885e-02
-3.505175332591965709e-07
3.402175913068866729e-06
2.112312876083717941e-02
-2.544924795584031153e-06
8.458919695619000409e-05
-2.601066420204467891e-02
-1.469150553722273911e-05
-8.480289727782070732e-05
-3.294852005993030575e-02
-1.921045996467198274e-06
-5.629512745560985706e-06
3.584190801318579839e-02
2.057329050915463964e-05
9.811063742193112274e-05
-4.040661028068980726e-02
5.766029356184733349e-06
-5.141427699990788053e-05
-5.586719687408259194e-02
-8.095499502426938411e-06
1.184098131447780576e-05
2.905618118018430882e-02
2.418250520612728169e-05
9.973232210036254942e-06
-9.897131936994485457e-03
1.361334704315265846e-05
-2.002597131172577849e-05
-4.526699305468244450e-02
-2.442526891619880886e-06
2.577598736690463321e-06
2.381920234972629939e-03
3.385549034477761120e-06
-1.358545778578171089e-05
5.869411090652995253e-03
2.005059228487924000e-06
-2.065292214184181674e-06
-3.707567593666934776e-03
-1.097973697821848641e-06
-2.191372106191986083e-06
-3.807136916797401478e-03
-5.193275643612469781e-06
1.703188346669909302e-05
-7.735792611069956803e-03
-2.722185700077201301e-06
1.377777073623872710e-06
5.927460428432206226e-03
1.187483714009469050e-06
-1.436625511076284803e-05
-9.112855698647469305e-03
-1.521278729143601277e-05
4.715687312191409099e-05
-2.525298562666672061e-02
-4.275410668852621586e-06
1.667155893593288691e-05
1.421213862548521660e-02
1.270483697105951366e-05
-1.305148879301929520e-06
-6.222625286696731968e-04
-1.209720838698551703e-06
2.586738231152741669e-06
-1.835483254572998699e-03
5.283146170048622503e-09
1.807662578340711442e-06
9.726707404394259416e-04
1.518355371594501021e-06
6.801098156429349640e-06
3.554985705010351403e-03
6.411348057779431327e-06
-9.701233964312974792e-06
7.431181292031124354e-03
4.535768528377891491e-07
-9.145203655369401593e-06
-5.555351645993925058e-03
-7.444910606037882073e-06
2.181139334473514548e-05
1.062822042319413844e-02
2.408777267132994863e-05
-4.110576646441388302e-06
1.359513281677853132e-02
4.600808385162732275e-06
-2.564603476424914889e-05
-1.660945932413919121e-02
-1.739647353814460011e-05
-2.926839816316001322e-05
-1.120408358279673978e-02
-1.583351744203551065e-05
4.736010820573782748e-05
-2.710642099325080365e-03
3.601472002779645155e-06
3.172370817417845230e-05
1.749408546698650799e-02
6.030874559603201674e-06
2.226143891699233312e-05
7.602953972399916632e-03
-4.865032994616108776e-05
-2.647588369776015670e-04
2.501412461105071393e-03
-4.294977612442706067e-05
-3.667235666861990838e-05
-1.181737125056442871e-02
7.619812597791931059e-06
7.328800182258439128e-08
3.037894355494004142e-06
8.515450229268909898e-06
3.622581002314111328e-06
-3.458538801204566547e-06
-2.229534974542007344e-05
-2.688029765508956909e-07
9.338905401690663960e-06
-1.755957571305483085e-05
4.924006859568648150e-06
5.225425486236922206e-06
4.158764508880519864e-06
3.732936932231759573e-05
5.410636990802872770e-05
1.779225587964429099e-05
4.533685655906243570e-06
-6.280397292061801889e-04
-5.984331943994957054e-06
3.592105823947807015e-05
-1.171274371632951390e-04
2.387219966269815648e-05
-6.078495446146716389e-06
1.135701511031570001e-05
4.888315727132485527e-05
1.887434305533689232e-04
1.397612536804199380e-05
3.251445612473416815e-05
-1.292504436529256845e-03
-8.088006563126615001e-06
2.547537667612963474e-05
-3.322115746562392686e-04
1.712092940138847311e-05
-3.393073536020876967e-05
-3.781819747438374809e-06
-1.193044854702508845e-05
-7.136068363066307293e-05
-2.998996052461732985e-06
-1.093895980475536375e-05
3.902201424103524867e-04
1.803134372243735958e-06
-5.839460606064002856e-06
1.205474334617055173e-04
-3.184875613790984926e-06
9.825255388961080992e-06
-1.253202460611374481e-05
-3.263650999626871045e-05
-2.360871708335984386e-04
-6.069432867932485625e-06
-3.343273860656875018e-05
1.220449454184720185e-03
5.208007137202602549e-06
-1.664093176154047871e-05
3.913403659931695313e-04
-8.081272360796072619e-06
3.040229301418867546e-05
-3.163833261700383623e-05
-5.126827517300938311e-05
-5.602853903132907955e-04
4.030201246110369707e-06
-8.670317177143283850e-05
3.221906149078571611e-03
8.173427681809557985e-06
-3.694199801355471001e-05
8.889046878796221180e-04
-1.369598903752985021e-05
7.289649390256083242e-05
3.430919698683926138e-05
-9.612584586813071875e-06
3.512405184195565287e-04
-5.238102690605633404e-05
1.099761429584565338e-04
-5.307713488208804474e-03
-1.706125588307959545e-05
8.268404766335562639e-05
-4.691458163399136582e-04
2.410506997896648998e-05
-8.153171973024072683e-05
6.705829408811539068e-06
-3.754366715259563575e-05
-3.869188853314512551e-04
-2.551889949968478435e-05
7.904323707524858788e-05
-4.099041917730194239e-03
-4.022596307054526560e-06
7.558511287470809055e-05
6.615195472099900552e-04
2.826896371435065234e-05
-1.849788074628930473e-05
5.121736652626374082e-06
-5.772286658127080645e-06
8.885233509512653399e-04
-4.783781818600677557e-05
-1.362496478537181981e-04
4.557080306254756609e-03
-3.183690149750907346e-05
-5.694713658674904072e-05
-1.344929165221134650e-03
-3.714280220672872967e-05
-1.412112895700870930e-05
-1.404121745180851632e-03
2.181629616909064841e-06
8.678492053459462726e-06
-3.109781225472615126e-04
4.207308600671399186e-06
-4.267688105920989269e-06
-2.449936022180758529e-04
2.482805258703197845e-07
-2.574410822389873118e-06
4.691729360845262042e-04
-8.989353960649866258e-06
8.070098137558909978e-06
6.446784015165456889e-04
-1.429677094936498798e-02
3.691813269516796528e-06
2.862173008496468517e-05
3.212161942887997658e-04
4.284298113057797333e-06
-1.660849747330838430e-05
4.621338702340513013e-03
-4.530172954178206615e-06
-9.476999454630746463e-06
-5.517685802416949763e-04
-3.204826792250236228e-05
4.947408038070851249e-05
6.568974132726139968e-03
-2.987261680729064520e-02
-1.493714398858050853e-05
1.593893157072947403e-05
2.227743696828102509e-03
-2.012598999178245504e-05
8.297060101959533897e-06
1.515014793939790591e-02
-9.197340351006187957e-06
1.402449449328297716e-05
-3.464706849883765049e-03
3.329291351867729462e-06
2.813856733814524766e-05
1.371983986619369073e-02
-7.205796075848538811e-03
-7.494278127293690396e-06
-3.593951505077410736e-07
2.659778531386731287e-04
-1.964341426894933624e-05
8.749038900251435462e-06
5.001405634548971961e-03
-6.385597614245617034e-06
2.896808875977342757e-05
-3.642151107061227444e-04
3.143035112781532265e-05
-4.125496389808780667e-05
3.309840837827137620e-03
6.064957289330598703e-03
2.540287142254113315e-05
3.199572742072176278e-05
-1.790343200636998347e-04
8.313529149808437753e-06
-3.926836439509306996e-05
-3.329345416879750386e-03
6.946794515956146709e-06
-3.860263463263446980e-05
2.227036122889684811e-04
-4.024797669352584307e-05
2.609654502414942063e-05
-2.764482916812720324e-03
5.134748999810058272e-03
3.608967710077318837e-05
4.533888347463499403e-05
-1.830158174777456528e-03
-1.806073966227233869e-05
-5.411624759498097088e-05
-1.857377762653937515e-03
-9.975264033748652923e-06
3.333614768505913572e-05
2.865421511142550101e-03
-1.487859816117529743e-06
-9.058307386019325371e-05
-2.326424917041258148e-03
-5.991079452359200808e+00
7.675686210473491755e+00
-9.011603632657077867e+00
7.471026289122994157e+00
4.127584682623849588e+00
5.057178817837346685e+00
4.465241507599886361e+00
6.758937128338432521e-01
-3.376734255067066037e+00
7.171855242527335861e+00
-2.638777858431767138e-09
4.575463070557290145e-03
-2.525312479365062245e-07
-1.376030214684999531e-08
-8.010273858351844509e-03
3.540019339776054493e-07
-1.304685540636540746e-07
5.130340264678179274e-03
-4.949209116805833067e-07
6.177388473807701861e-08
-1.692320220333722817e-03
1.172210470190070220e-07
2.310893014932121103e-07
-2.496637124927820681e-02
8.968905978183166523e-07
1.128433722136840451e-07
-4.557839988688192762e-02
8.656684590345088274e-07
8.711993627618927499e-08
-3.546962708136018605e-02
5.394891176257736430e-07
-1.925942879288765788e-09
-1.776575124558714067e-02
1.899077643252537694e-07
8.506322294867382717e-08
-2.862228297094724511e-02
6.904847615638378428e-07
1.223703704162034116e-08
4.992055362006737884e-02
-1.050240070516792273e-07
7.075231441841057030e-08
7.459802081200799967e-08
3.126789700376447637e-05
1.084020119634705236e-08
1.052780794502146545e-08
1.104898661271021652e-06
-4.235997337845873943e-07
-2.193840757092078118e-03
-1.275184773850079318e-06
-2.234573005896019800e-06
-1.514220819311735305e-06
5.828680071780534731e-07
1.926749989819279661e-03
1.665678260331145954e-06
3.088217939701918723e-06
-6.507582718066651701e-07
4.717044815783436385e-07
-2.441230175535301968e-03
7.507994066571593309e-07
1.552334941454389085e-06
-9.919705948334395958e-08
-2.878136111090275968e-07
6.577261860588145062e-03
-7.998651643357253289e-08
-1.265384740965249003e-07
4.669880466728361554e-07
1.672533482659753208e-07
-6.986572549302247706e-03
-1.833499385573972282e-07
-4.794233323155561466e-07
1.131667858594049333e-07
-1.761978408607495101e-09
6.608587567132554862e-04
-1.514248363420427121e-07
-2.007798707448777366e-07
-1.087848798300823511e-07
5.602885083927287159e-08
-8.064653456630110212e-03
3.081807925906767963e-07
4.131898657771524076e-07
7.816045564839847469e-07
1.230482886832354003e-07
1.252972597108910693e-02
-6.998263412086451811e-07
-1.484164217785990480e-06
-2.961414000064198533e-03
-2.996882666705189196e-07
7.306772193831154364e-08
4.528765590285269149e-03
4.984615686180118629e-07
4.184145498548141989e-07
4.616297217059707123e-03
5.498473362339225713e-03
4.043729033758311221e-07
-1.971450173556235188e-07
-9.073825311629313273e-03
-1.304839724863148471e-06
-2.857895363879118981e-07
-8.578532820358961142e-03
7.402830193817646395e-05
5.391079375643221441e-08
1.518646315329512264e-08
1.375064742268544758e-04
1.146693067025996991e-07
-1.731251364953309978e-07
-1.124540471714111773e-04
7.853012842210775222e-04
1.994892022962868694e-07
3.400561385415312536e-08
-6.309875018889834521e-04
1.721507620308939131e-07
-4.933761805378711110e-07
-1.217015102247335709e-03
-8.405998994112692368e-04
6.486349113013578377e-08
-1.036471682595845250e-09
7.347246054152391757e-04
1.999336617369843720e-07
-2.147074524176125382e-07
1.306639537686511482e-03
3.564890436961482868e-03
4.700897308670705929e-07
7.368391069510229294e-08
-3.858478510979704984e-03
-1.697646580011590210e-07
-8.286792727862979180e-07
-5.540775104747326651e-03
7.565534334618055981e-04
-8.723559211216128722e-08
-4.285202926443753669e-08
-6.761038617783774471e-04
7.249627128797422814e-08
8.381778532355148896e-08
-1.173282973738631494e-03
-3.798587482557275684e-04
-2.001988613573785035e-08
1.095571832218091645e-07
8.983166257470435057e-04
-4.513099957220384833e-07
3.006477547087905405e-07
5.897225139296465501e-04
1.074631102884057415e-08
1.129899584196360088e-03
2.690933477061538858e-08
9.848740669647109795e-09
-1.463361849516119388e-03
4.644469896854813604e-07
-2.077245959198094379e-07
-1.744555727735262957e-03
1.387567393544878371e-08
8.684011469686188576e-07
-8.319064183109332530e-03
-4.468433714871736422e-07
1.642827849712359030e-07
9.980223180848485365e-03
-1.311194285831792240e-06
1.223151103410157039e-06
1.292405242260433358e-02
-1.366685817119517286e-06
-1.054069206870486542e-06
4.812345948798171097e-03
2.472191748219579473e-07
-1.799620236851798910e-07
-5.454469939975267745e-03
-6.970422032141073214e-09
-4.691736367709182153e-07
-7.487403326710967422e-03
1.586932128999572649e-06
1.206932949593664666e-06
-4.170891358201751602e-03
-1.241599656135711589e-07
1.718172440882596892e-07
4.643177129433383350e-03
2.165934086014461571e-07
2.428099272795321900e-07
6.479442871656898757e-03
-1.835898198901558254e-06
-4.553963336262608511e-07
-9.132423256817639090e-07
2.635728141180434039e-03
-2.106933392086341989e-07
-1.214345073745690735e-07
-1.051414759814446901e-03
7.266272205783589829e-07
1.938119737194695439e-07
-4.108973371257262919e-03
1.291451792826824729e-06
2.220695191566049353e-07
4.188289813621426981e-07
8.617032487429526852e-07
-2.943213496319827330e-03
2.243281176846293579e-07
9.083057688140580733e-08
1.139593413945769532e-03
-7.595656585207359941e-07
-2.042560186302266176e-07
4.584561419832756252e-03
-1.264192659280425137e-06
-2.075001324408805176e-07
6.566397214175760536e-04
5.908885585740619978e-07
3.210679439030098658e-07
-6.565426530637510027e-05
2.669223919816755593e-07
2.475549210653070213e-08
-1.136425560108567968e-03
-3.418595088472486567e-07
-2.891722101963281132e-07
9.805851176573912261e-05
-4.273452766522579739e-07
-2.461573167692645561e-07
-2.992506192058999159e-04
-5.991036556250310952e+00
7.675336185264366229e+00
-9.010987198072108129e+00
7.470994337020606224e+00
4.129134139618598098e+00
5.062414538730088509e+00
4.473626717517601215e+00
6.775485185181702175e-01
-3.384534047391295708e+00
7.188831203071191389e+00
1.518504446057318403e-05
-4.598689972512042673e-03
-1.146399744701004963e-06
-8.957506340904114244e-05
8.288185089303625255e-03
-4.102357368541598197e-06
-2.289574532027117786e-04
-3.915924002639883418e-03
-1.644392463441610961e-05
9.147301844241340508e-05
1.138496199806348025e-03
4.591510209243903219e-06
2.284543607439971252e-04
2.055813835728874731e-02
-2.756806223034925535e-05
-1.376307193730764294e-04
3.510826565963903745e-02
-1.529204607835140393e-04
-2.343770411245116965e-04
2.157728745257547071e-02
-2.161201726455292045e-04
-1.816717448599147169e-04
1.074225932762465190e-02
-8.768417550542094256e-05
-1.812293348246028942e-04
1.560306129118237996e-02
-1.943414732298736649e-04
5.861923584665033621e-04
-3.059785850811790400e-02
2.270215768569449363e-04
-1.222035094318338301e-05
-8.782087976152762137e-06
4.006708880175307089e-04
-3.405627029547868105e-05
2.420022531800014370e-06
5.822123195673009274e-05
1.882338783288555546e-04
-4.662702229889145386e-03
2.287004364604481622e-04
1.607497715060905285e-05
-5.178919216017579402e-05
-2.557734488376927533e-04
6.529717617967121905e-03
-3.313187661923739117e-04
-4.190911708861671039e-05
-3.141991628771191591e-05
3.296404902739392528e-06
4.237575479198220536e-03
-2.488129402674959731e-04
-8.211607500281192882e-05
4.348644928925111779e-05
-2.605190033084440310e-04
-9.569806250842682709e-04
1.199131903783370390e-04
9.280780546784452977e-05
-7.598263785757344672e-05
3.165725698688125027e-04
-9.880430701123326873e-04
-4.315160406451965793e-05
-5.346361936230134104e-05
2.067894684531210021e-05
-4.411664922836519640e-06
1.557015257660714189e-04
4.438023911867447849e-06
-3.663347520917643884e-06
-1.388500140394743497e-04
1.359777972386559404e-04
-1.251338238203183149e-03
-5.236021632612952899e-05
-3.716939372660335908e-06
2.626647539978563565e-04
1.766982185633187374e-04
1.850163925547118268e-03
8.529826920232564205e-05
-7.979663061286970953e-05
2.901435731538760075e-03
7.345128395854950303e-05
-1.374570756908110767e-04
-4.278562070824521238e-03
-9.217141706767978545e-05
-2.683795392040878326e-05
-4.500981807537130300e-03
-5.020801847631900516e-03
-2.387976578258781449e-04
2.814082758266338584e-04
7.034178791718893008e-03
3.059762456423667032e-04
1.682708083747030731e-04
7.702750048526126221e-03
-2.031673680196015297e-04
3.316590219625831909e-05
-3.523562102549524042e-06
4.148213338102265898e-04
-4.433900911584238899e-05
-4.151873189228558512e-05
3.464668676270954125e-04
-1.098361828787400426e-03
7.601435460928912470e-05
2.229474899286204917e-06
1.945896474303443219e-03
-9.828307531693558424e-05
-9.710389831442792533e-05
1.780500648172210314e-03
1.107997591723940568e-03
-5.352681454229272118e-05
-3.149449004383457918e-05
-1.833414658420145886e-03
5.388903628878443524e-05
6.505080557890842625e-05
-1.688501227244689450e-03
-4.375271092952419220e-03
1.784871775656274989e-04
4.365034625228395590e-05
7.186052782559780930e-03
-2.091981937894785354e-04
-2.318416385802212995e-04
6.920193578509938569e-03
-1.227852223573190757e-03
3.101375206156971342e-05
5.445862733845344182e-05
2.978722155449847926e-03
-8.550882480277335743e-05
-9.939972120766341578e-05
1.756575275299706446e-03
7.984222920128462159e-04
1.101994528137806458e-04
-5.165597820148097727e-05
-3.645931022218913166e-03
3.851422404889801634e-05
5.922992282178790992e-05
-9.156002818513360279e-04
1.110010948513691126e-05
1.262163705085306504e-03
-5.190372698474031145e-05
1.268662548382260707e-04
-1.423624543471065746e-03
5.182790196224732588e-05
8.304873778671093462e-06
-1.996589850682926447e-03
6.485792818942742385e-07
-9.693577676849669832e-05
-9.216761629729156372e-03
8.679129981154859669e-05
-4.533287634979896240e-04
9.363644375482028243e-03
-1.414938593046727419e-04
8.506105230665972675e-05
1.442098167651591906e-02
-1.588354850552044640e-06
5.990663889070462834e-05
5.438980513741131610e-03
4.288170997257334467e-05
1.790005392883644133e-04
-4.867303920725729940e-03
4.004005965339883457e-05
-1.271724978196458523e-04
-8.432721683410755731e-03
-1.332626342556468763e-05
-4.974623832082343794e-05
-4.862797726270853653e-03
-6.716044006830581192e-05
-1.875603824352222164e-04
3.948905168537257884e-03
-3.850897268730322490e-05
1.606056441954549529e-04
7.496591050541823696e-03
2.792860855563521324e-05
-3.284395200490528434e-05
4.324537589833369689e-05
-2.780140090463131732e-03
-5.156546345495166030e-05
2.926712196705752314e-05
7.208002211137730809e-04
2.493545942410281004e-05
-7.827820512157964566e-06
4.291907741591624234e-03
-2.147398354963565934e-05
-1.772929275846774262e-05
3.009000170435796305e-05
-4.165681143384079637e-05
3.101802692977962198e-03
6.066201030430966139e-05
-4.871615789967301789e-05
-8.226056100305386863e-04
-3.346935149667521858e-05
4.060928363092358804e-06
-4.776825914990139380e-03
2.339708633682793869e-05
6.268662311235398063e-06
6.433144483299584179e-04
8.400764910660511292e-06
-1.228579273545633453e-05
-1.667304212930096176e-04
-1.936065821970804515e-05
3.497878965349966902e-05
-1.008469056329117488e-03
1.218385202668468106e-05
3.344436170321735206e-05
1.622031015773774012e-04
9.499666963772249325e-05
6.647235578479117834e-05
-3.767237556523103962e-04
-1.062961594573398649e+01
1.463434944186187714e+01
-1.831539579062383538e+01
2.081926391053820069e+01
-1.574615750886654730e+01
-1.855759534351105344e+01
1.912082020796363224e+01
-1.735542443538826873e+01
1.537287275182190882e+01
-5.910947613541361001e+00
-6.478313294186337501e+00
4.272008395385944013e+00
-4.899969894099532319e-01
4.361869125900502020e+00
1.540738784899804337e+01
-1.118043279026479210e-07
9.291827005863163993e-06
3.527286631431455273e-07
-2.930291065470050573e-06
-4.734865789914707985e-06
4.950361747000024044e-06
1.153766044182945495e-05
-3.195837530478477589e-05
-2.038405370255514558e-05
5.222200611437428509e-06
-9.713839522253371345e-06
-9.161216159443906585e-06
9.315045580311207875e-06
-1.212884107687761862e-05
-1.615994315718757526e-05
-8.571761714687079733e-06
-2.140852424324839670e-05
1.488400522659717880e-05
2.783494383361435740e-05
1.367988407075070695e-04
-4.934572674798345753e-05
1.732797539518541609e-05
9.951104382945989701e-04
-3.457492364030735621e-05
3.029191112630018546e-05
-5.969945923144722930e-03
-3.790579316125468985e-05
-1.325738718674685543e-05
1.334699492004961553e-02
8.812637998872749822e-06
7.688539515110616527e-05
2.482660402192553642e-02
-1.254358094098015743e-04
-1.153515705971017407e-04
-2.042666768923351306e-02
1.812189805617436442e-04
-6.189608610459643970e-05
-1.558650084260611475e-02
1.012699138137514979e-04
6.739958531023845117e-05
-2.290155479574349645e-02
-1.037434094488389824e-04
-3.165440267717415165e-06
3.972525529175415697e-06
2.679735787838293529e-05
-6.752112615643550043e-06
1.775793921529619292e-06
3.718556837049067223e-06
-8.157663080896107238e-06
5.301619370641559473e-05
1.446771905585152706e-05
-2.093597871544401799e-06
-1.795536229329154491e-06
5.785672170219656808e-06
-2.084644311267720880e-04
-1.041170112530644756e-05
9.028470030292082327e-07
-2.695676851804912402e-06
1.144425406045605235e-05
-7.396401663462387173e-04
-2.023868014013645642e-05
2.105744740855406818e-06
1.577868341286989159e-05
-5.169162219695108961e-05
5.219803880265794574e-03
9.373214579737862201e-05
-9.572255501010366061e-06
-2.889931106427675607e-05
7.095796728056013832e-05
-1.102751113431067222e-02
-1.311608932144158542e-04
1.619110900669999621e-05
-6.051800726340398853e-05
1.001044943641108618e-04
-3.719857453705367051e-02
-1.985772822851560992e-04
2.570601309942403931e-05
6.619633440668692655e-05
-7.265478515251678636e-05
5.590975558203627876e-02
1.621425472670443924e-04
-5.999118378363205445e-06
-3.734382005022331209e-06
2.518685078996588469e-06
-3.842686328685843838e-03
-6.773795438315120842e-06
-1.730617067079740710e-06
2.107871188521998643e-05
-2.480569693261315935e-05
3.216460402034291254e-03
4.757750191001503665e-05
1.334893257073063494e-05
5.395805029643709042e-06
9.229254405091732370e-06
5.050166268682337173e-02
4.439532782290329149e-06
-9.866793223163578794e-07
3.669209816847865651e-05
-8.154230817808751379e-05
4.792863514478454962e-02
1.600383196350077942e-04
-4.158634614826518945e-07
-8.374758346952184616e-06
3.534360331822960041e-05
9.571041665397081802e-03
-5.708949481152876141e-05
6.027334410996767167e-06
-2.768548539843143375e-05
9.053655043255175346e-05
-1.637510659256314130e-02
-1.583331214244775996e-04
1.398541206507273980e-05
-3.977916278794189220e-05
1.469330461469951852e-04
-2.151271801597938807e-02
-2.461281205637885251e-04
2.877483212137398890e-05
-7.082084010568377471e-07
1.502863306436903115e-06
9.845921080463989042e-08
2.408253497746944637e-06
-5.445499609590200231e-07
-6.931901874212505732e-08
1.003927398633806698e-06
4.868318108452053522e-06
-3.636544713962110977e-06
1.537384663176597734e-06
-3.653364578899432604e-06
-1.871058212264927130e-07
1.697569110678018350e-06
-7.973480993214295903e-06
-1.670775775738768477e-05
9.593269055578741396e-06
-7.205527134838628946e-06
-6.249903751403689282e-05
5.106833025301789168e-06
-7.392064737460752264e-06
2.610078079766664516e-05
-3.424543916979886732e-06
7.920510572594708860e-07
4.138712531121140008e-07
2.705882264544759243e-05
-1.701776758872750907e-06
9.351945942018456621e-09
5.686694844308764312e-06
4.357599416738483984e-06
-1.140219309494663005e-05
5.363138421343430233e-06
1.855973065427557976e-04
-2.258297341144055563e-07
7.762653165139990469e-06
-5.923836750753779326e-06
2.060489334765906115e-04
-7.883582426402515339e-07
4.595906530749024549e-06
-1.022990406966061208e-03
-1.511327750969250475e-05
-3.460473310644033143e-06
-3.236223338847540182e-04
-8.163194479583056780e-04
2.942491063249474235e-05
-2.882166030805192664e-05
2.584240607791497488e-03
4.416362298048482986e-05
-1.074922897579992786e-05
1.279690279857712519e-03
-6.257910707442379409e-04
2.550372298557540570e-05
-3.766240904009342878e-05
1.712333371766051231e-03
4.624487988157630362e-05
-1.103187280013665162e-05
9.880056078744382016e-04
1.047353990723765829e-03
2.642529020269189537e-06
-5.710239748420461818e-05
-2.707340571660947666e-03
6.986717003322435787e-05
-1.253040601096838981e-05
-1.628232200972915900e-03
2.094434727632653401e-03
-3.030744301142226285e-06
-4.964273259498714594e-05
-5.970921601017009292e-03
7.290109033162321596e-05
-1.476183878264767625e-05
-3.278237730629454325e-03
-6.252976805059093542e-04
-6.707282739159911238e-07
1.168927633617718634e-05
1.929909107830873188e-03
-1.981723399476314115e-05
4.368911252263637687e-06
9.802412503825269630e-04
-9.566402702595684432e-04
8.758122044997714153e-06
3.310536359266130481e-05
1.675956335936955918e-03
-4.765299870299906083e-05
1.096353541623090783e-05
1.507311786818740914e-03
-2.187302132292383121e-03
-2.349799092545692617e-05
1.573277617730677144e-05
9.217762403570422744e-03
-4.418934527445940723e-05
9.182804206399625694e-06
3.416691210256791057e-03
8.823918340502311716e-04
6.047875532501959764e-05
9.389154161889389893e-05
-1.111241728590201677e-02
-1.039791709770334635e-04
2.632177630858031344e-05
-1.329678214437548167e-03
6.608373573587732311e-06
-1.895401223803649124e-03
1.423984323795405858e-05
-1.443312330963731912e-06
2.153355686909822451e-03
-8.765053523681494137e-06
-1.337164069947635391e-05
2.960482095555844444e-03
-5.893856290500519457e-06
3.836013013004650079e-07
8.301277094052794334e-03
-3.323019809792476104e-05
-1.146296285392416124e-05
-9.995478345533053907e-03
3.881353334261205450e-05
2.310082994734003235e-05
-1.295270372059594520e-02
1.373954421052581728e-06
6.612657376861954053e-08
2.112320900185487779e-02
-6.574167682595433799e-05
-2.897021577052299909e-05
-2.601002301899037195e-02
8.100756071454344584e-05
4.133673631184959802e-05
-3.294817765122993319e-02
7.250009431695021928e-06
1.008703582936449988e-05
3.584171052159700749e-02
-3.957559659116877322e-05
-5.292450038504146353e-05
-4.040592218681786363e-02
8.263266427148419080e-05
5.123109923577860931e-07
-5.586657916904216870e-02
-6.065645030054166989e-07
-3.348652243659766981e-06
2.905568915473444314e-02
-1.252626366009426770e-05
-1.603185634026379168e-05
-9.897002441586220944e-03
2.258937069754180546e-06
-1.911605650809773238e-05
-4.526639350658293731e-02
-5.786539031615189248e-06
-2.489839598475585426e-07
2.381809478114258177e-03
-1.471660554349432095e-06
5.050828971902575595e-06
5.869339772104379023e-03
-1.276692969926653581e-05
-2.892043198587806781e-06
-3.707496908931095549e-03
-2.999828572899941534e-06
-6.841946985777952494e-08
-3.806977344297002817e-03
6.464988157297020641e-07
-6.152533959640453481e-06
-7.735702098213124815e-03
1.611944190050598036e-05
5.357600328680841361e-06
5.927355443250187893e-03
5.797411687722139959e-06
-4.059813513405866709e-06
-9.112358831357905350e-03
1.755634276811843985e-05
-2.005452003152000066e-05
-2.525263532160057153e-02
4.287806872003276191e-05
6.964897490697418141e-06
1.421192006665000784e-02
5.549816128879941717e-08
-6.701851793806287367e-07
-6.222239444666830118e-04
2.121526327077164526e-06
-1.325370869478414947e-06
-1.835454306328651282e-03
2.224223854814051759e-06
1.551599458022317667e-07
9.726600891068701857e-04
-9.230700042323622415e-07
3.081513402019210888e-06
3.554805517770238000e-03
-1.076682540836766718e-05
4.630128725760173798e-06
7.431055220504998587e-03
-8.547800939167061839e-06
-1.088974194821447745e-06
-5.555294075417984041e-03
5.514452575630739603e-06
4.268613743637706195e-06
1.062785830849362345e-02
-3.340116841110019080e-05
-1.397692045444854104e-06
1.359483759129871509e-02
-5.763100299954569983e-06
-8.301321574501826524e-06
-1.660929863758620409e-02
1.942598156041384509e-05
8.985697365957606188e-06
-1.120409635282031656e-02
3.482944602345774547e-05
-2.717171193916934183e-05
-2.710181805100032523e-03
3.963781198494968958e-05
-1.867287778801403521e-06
1.749394410559540133e-02
-2.439714669315795346e-05
-1.670616440205246995e-05
7.603217848947368789e-03
-6.335171603435691236e-06
1.693417569289294917e-04
2.500456727171995221e-03
-2.086150529822654331e-04
5.970953220362099697e-05
-1.181730602438267261e-02
1.027243375450961435e-05
4.443329297024540406e-06
-5.862496433954913039e-06
8.562276636489223901e-06
6.215044281683448660e-06
1.987248953852626142e-06
-2.233134562757744818e-05
-2.797400303548142585e-06
-7.879591879184669903e-06
-1.755929358355190451e-05
1.687011294244650854e-07
-2.586254788219296001e-06
-7.684278650827953223e-06
-3.967131320780414779e-05
5.444083464112205867e-05
2.166585118333701324e-05
2.997824437534759787e-06
-6.282376021907047680e-04
7.290242872706856380e-06
-3.357439270651959326e-05
-1.171763973846548089e-04
2.043452464676830506e-05
-2.155304823621350927e-07
-3.534843925881190832e-05
-3.949737181309800844e-05
1.890653293089988049e-04
1.447769084876914588e-05
-9.333939377102424618e-06
-1.292670483223765576e-03
3.259466709190267960e-05
-2.485843437345018102e-05
-3.323247002061984682e-04
3.390433374162105584e-05
7.311269545603525956e-06
1.044681448500271856e-05
8.767866334172134463e-06
-7.142878515146625735e-05
-3.426059120671390553e-06
3.953320284613454517e-06
3.902536932553693082e-04
-1.047066631571813599e-05
5.506980490503731467e-06
1.205817053684988697e-04
-8.785302830248263532e-06
-1.666726313301115675e-06
3.267923147806503823e-05
2.342842462521660399e-05
-2.362523139806548716e-04
-1.104782819677532284e-05
1.236985960637223640e-05
1.220532104929419404e-03
-3.182498488841303829e-05
1.354549252972558330e-05
3.914448201717959453e-04
-2.433971610463038569e-05
-4.412766809734217164e-06
7.867026397457482832e-05
3.762611340933104788e-05
-5.604828250026061120e-04
-3.358863259980616100e-05
3.673840364252879752e-05
3.221972847639503756e-03
-7.957624958620195107e-05
1.508174313214484362e-05
8.891378192300210823e-04
-3.765343293193512046e-05
-9.269053974761587675e-06
-8.672859830171821417e-05
-1.665913274532176492e-05
3.513226144939321873e-04
9.756109302881929069e-05
-4.119084019300428513e-05
-5.307758265246367499e-03
1.041961971588461778e-04
3.538381100849539659e-06
-4.693842239923354124e-04
-2.105336531510224827e-05
1.147792484756063487e-05
-1.872071847905151229e-05
-6.478003131367289673e-06
-3.865537954426297163e-04
7.797353947878768563e-05
-3.729866492088396509e-05
-4.099146354216498707e-03
7.092418774802246523e-05
-1.615517219093051064e-05
6.614736140461175426e-04
-4.742576758888694997e-05
3.494838362992807331e-06
-1.515998501803179950e-05
3.555154690387124923e-05
8.874673886703458728e-04
-2.492900758009934051e-05
9.769156331839739149e-05
4.557174340825240200e-03
-1.026756514410095229e-04
7.046674348152981275e-05
-1.344975230189613671e-03
1.378115591424207379e-05
2.964162645365036737e-06
-1.404108989346592763e-03
6.877615474649529460e-06
3.451769194138333595e-06
-3.109793199170231759e-04
-3.856818314716347848e-06
1.893290952473685753e-06
-2.449837469509567574e-04
-3.799005183059597475e-06
-2.590901728556821210e-06
4.691740178838361671e-04
1.046284444511787499e-05
-5.800138389333065195e-06
6.446989045105052047e-04
-1.429662159451059074e-02
4.314842952106606765e-05
1.342458502145890123e-05
3.212267522690659188e-04
-8.823355882595203205e-06
1.222020155506193520e-05
4.621365488478656504e-03
-1.200701225808009859e-05
4.074910514041200069e-07
-5.517326654758021587e-04
3.574066261827702000e-05
-2.770642788251493726e-05
6.569082510038419011e-03
-2.987222822355243418e-02
3.418471634199744878e-05
-1.087826394093665216e-05
2.228010636441380386e-03
2.273464475978142964e-05
3.746684524097453929e-06
1.515026731944406173e-02
1.111039856135421534e-05
1.061498624356198707e-05
-3.464728660348990585e-03
7.575202933231180982e-06
-9.760821399842865560e-07
1.371998766080949166e-02
-7.205646487723610209e-03
-3.037078752547681961e-05
-2.696242259480759762e-05
2.661485556932900081e-04
3.445502565309419284e-05
1.146043057908569397e-06
5.001507648210701783e-03
1.003355523076346931e-05
2.904497187172818394e-06
-3.642254610400163617e-04
-1.712602503606691369e-05
2.723651638262329126e-05
3.309919349117854993e-03
6.064814165422607005e-03
7.656057352921591901e-06
1.861944856898830193e-05
-1.795315368274993364e-04
-3.721031757704704830e-05
1.436838203411591920e-05
-3.329165842913305376e-03
-3.631080846206532922e-05
1.143905217994585009e-05
2.229371785452393133e-04
5.045508078362057384e-05
-3.520856674701905832e-05
-2.764277470773137367e-03
5.134763049354180119e-03
-9.505046839630659718e-05
-2.136805730436366316e-05
-1.830583283250845081e-03
3.850496957470711133e-05
3.678338258540327565e-05
-1.857002171067755839e-03
-4.175879213638326393e-05
-1.856729629324234214e-06
2.865787625076022475e-03
3.827498959014137829e-05
1.418996440941313063e-05
-2.325984816710908662e-03
-5.991079271473964241e+00
7.675686355484977241e+00
-9.011604317677763376e+00
7.471027349960611907e+00
4.127584873722705439e+00
5.057181206338109192e+00
4.465244957923882652e+00
6.758942135624991243e-01
-3.376734962627293779e+00
7.171851670834346493e+00
3.620554072918815078e-08
4.575476647568715860e-03
-1.149110638632799583e-07
6.122630955903354388e-08
-8.010353581066781067e-03
-1.587586652230618929e-07
6.512046857141950555e-07
5.129763677241185732e-03
-2.176705394060803130e-06
-3.923512372667980969e-07
-1.691093401993463757e-03
1.263827253925477671e-06
-1.298545641621584760e-06
-2.496259297804627464e-02
4.538761354265976664e-06
-9.684940271742210804e-08
-4.557513983515875527e-02
1.272715717879423545e-06
9.350485051711198476e-07
-3.547043649923730529e-02
-1.299825868408882345e-06
4.019682942087243742e-07
-1.776913385795931416e-02
-3.534772058101116134e-07
7.212689528275865624e-07
-2.862599334441473520e-02
-4.430548252187398724e-07
-1.400940767020159993e-06
4.993007750539509015e-02
2.100182744787619837e-06
-1.732191383240117630e-07
2.602564371915674704e-06
2.299153271626366325e-05
-4.100652007750248048e-06
-2.398234531613773177e-07
3.084538161440971822e-06
-8.579381938473981732e-06
-2.163033211812026221e-03
9.749172970077911541e-06
-1.108027625587677564e-06
-6.549350731573531544e-06
6.938856984281240762e-06
1.898997803676027562e-03
-4.525734031869856275e-06
2.837266755166744923e-06
-7.923854256625878294e-06
-2.067617900308011289e-06
-2.439089095031373583e-03
1.009824814176676151e-05
2.890092930852562433e-06
6.200613937515294639e-06
6.251242272203007958e-06
6.559145784475914516e-03
-1.525381270586399922e-05
-1.670228836304339475e-06
-2.201135073341490276e-06
-2.097999128861656421e-07
-6.984042818464432714e-03
2.563572972197586641e-06
-5.229943215590713426e-07
-2.476209465485453463e-07
-1.231837708499952722e-06
6.647138756268640295e-04
1.918924855141997890e-06
1.063008322243529214e-07
2.443343547446868394e-07
4.774479784013094414e-06
-8.078158846973569618e-03
-6.851075187931529803e-06
-7.558415346518550923e-07
-4.329120280549770611e-06
-1.165597162635490688e-05
1.256574454415418027e-02
2.090732412275633919e-05
1.016166062490482510e-06
-2.962868552161466735e-03
2.669456121108499825e-06
-2.805822248041792304e-07
4.532033226980096592e-03
-2.199462784287336833e-06
1.236538252729942705e-06
4.615921360745880477e-03
5.503755399494098324e-03
-7.916465179964567593e-06
9.682053908807403771e-07
-9.081630624104991903e-03
4.746626768829445277e-06
-2.296549203987331066e-06
-8.573576538144948161e-03
7.314572827107057031e-05
7.311156117707460485e-07
-1.685841297104649657e-07
1.372962635917244784e-04
-6.247384488319259585e-08
1.190293009456041066e-09
-1.141001584641470864e-04
7.833270374815981237e-04
1.787534272937680353e-06
-7.726422418361568772e-08
-6.313679737466455734e-04
-3.288371175948233775e-07
-3.938464278799784051e-07
-1.220899904552935492e-03
-8.402300914507969919e-04
3.886298238796647324e-07
-2.854558702733587352e-06
7.437162260862177328e-04
3.911180311635345196e-06
1.143487080971992197e-06
1.307764468354846547e-03
3.561439258271974131e-03
2.212642247424595002e-06
2.363655706446407504e-06
-3.866045580207917547e-03
-3.315848009946942667e-06
-2.153658923786647532e-06
-5.548729901451686375e-03
7.556109230514266185e-04
5.164156478293344586e-07
5.158522589026608190e-06
-6.929103757691013055e-04
-7.777378760768993571e-06
-1.884125130698264514e-06
-1.175514808524674628e-03
-3.796314187697356966e-04
-7.035804379427557185e-07
-5.385865170473118764e-06
9.167755957427807263e-04
8.602379625430510527e-06
1.713287494437179035e-06
5.906404727747031989e-04
1.373926752808018337e-06
1.124259322245330529e-03
3.010152166595680910e-06
-1.830486901266368261e-06
-1.452844903259609697e-03
1.965768842670987460e-06
-6.955456049895265400e-07
-1.751552605797067645e-03
-1.024298907644252875e-06
-5.756378853383163726e-06
-8.306528437455542799e-03
-1.063216580469670289e-06
9.748987597104620394e-07
9.963515483853158106e-03
-4.330974113930369263e-06
5.686653161603621025e-06
1.293422352474744332e-02
-6.807651701016568473e-07
4.013422813612728429e-06
4.811322005946354341e-03
-7.474857115529710446e-06
3.646807374200512001e-06
-5.461046448140854936e-03
9.199242764155554702e-07
-5.622852821339624474e-06
-7.484745305596705173e-03
2.864511942974671676e-06
-5.611515739745458450e-06
-4.168744666914081520e-03
9.623525167970779147e-06
-3.656565472991225872e-06
4.648394809215210602e-03
-2.962110675348353582e-06
7.127639995465678048e-06
6.479438829262056283e-03
-2.777851039909910816e-06
6.117732428606546948e-06
-8.757701727688263439e-07
2.641650339508033393e-03
8.874657415358530544e-07
1.223689343273370544e-05
-1.087233384123005055e-03
-1.754661822255484564e-05
-4.404550176608326185e-06
-4.110781406292034722e-03
5.714858482297910032e-06
-4.464047711032894434e-08
-5.748101838505134204e-06
7.055624272386174818e-07
-2.948063787671790538e-03
-2.748639031856942445e-06
-1.078796798723801701e-05
1.171943042780544241e-03
1.734729549946899176e-05
3.313811669393510985e-06
4.589644283711932782e-03
-5.302956513859495340e-06
-2.223662172120362097e-07
6.510200473660199445e-04
1.641080129636088358e-06
1.859480839580336151e-06
-6.128934904782413432e-05
-5.163996234146483888e-06
-4.610563978111535543e-06
-1.116587590758723889e-03
1.083643232118695622e-05
1.060204555268005179e-06
9.892644666854860528e-05
-1.202723746472745071e-08
-9.662596889657486956e-08
-2.995882709691427863e-04
-5.991039244136207920e+00
7.675347746957363881e+00
-9.010978624595923137e+00
7.470943790482565738e+00
4.129085998494491427e+00
5.062432091063406858e+00
4.473758550244021137e+00
6.775724827170375164e-01
-3.384579887089106620e+00
7.188749747135487311e+00
-6.693825496672292088e-06
-4.606687156923653693e-03
-3.520836735441310289e-06
3.355526282141087463e-05
8.337372215295350136e-03
-2.607650051156563671e-06
8.490459639443137063e-05
-3.771510666378033970e-03
-1.848239790056575434e-05
-3.413916236151382731e-05
1.081876664998184401e-03
4.206150389879099910e-06
-1.284627927681522899e-04
2.036462490479890378e-02
-8.598643148862897918e-05
-9.956339653029325578e-05
3.496655961280274033e-02
-3.596248471077005660e-04
-1.200372144130697807e-04
2.137139019954122435e-02
-5.031315941203765713e-04
-7.084605589289166621e-06
1.075650970965395976e-02
-1.920809937907102779e-04
-1.180011161740851739e-04
1.541955127792079758e-02
-4.516042541814342909e-04
-3.224376704698057492e-05
-3.071158734116881742e-02
4.872691191755756305e-04
3.661434951398280448e-06
-2.538009984968050297e-05
3.491449671146486895e-04
-7.515749264723497634e-05
-1.125116132626510909e-05
-2.960279708568764765e-06
1.435852378079743234e-04
-4.394543464297497037e-03
5.271152517527146874e-04
1.092137542818324546e-04
-8.811621706764636349e-06
-2.154792127662639458e-04
6.127852456922348520e-03
-7.659183123716879586e-04
-1.422802072929890346e-04
-3.494335155147925971e-05
-2.506497594434743941e-04
3.751321135463714634e-03
-5.970937976386368187e-04
-1.986816554807868673e-04
4.354305194266974244e-05
2.407719497768559069e-04
-4.721243621960734618e-04
3.179096859505882227e-04
2.526754449510603198e-04
-2.193855264416616675e-05
-1.809269351261846392e-04
-1.360979674779216452e-03
-1.297648840535886214e-04
-2.317818511136564904e-04
-3.305804278773082976e-06
6.266255319053080865e-06
1.670607153805756494e-04
1.096984141968698013e-05
2.662376864603368219e-05
8.131666448981390003e-06
-1.084457290242889986e-04
-1.479195301184892120e-03
-1.331053100016298422e-04
-2.353459733736475569e-04
-6.071276352048518283e-05
-3.263335101176332686e-06
1.868894465200522485e-03
1.765438679358722956e-04
2.699060375994385237e-04
2.883642400921747687e-03
-1.687635797695393266e-05
-3.772522468575534814e-05
-4.345851778122483515e-03
-2.233099252516267661e-04
6.487138815595449074e-05
-4.507613000834532688e-03
-4.960547244708277993e-03
9.609652464077332601e-05
1.983526959945823348e-04
7.443131058342539533e-03
7.392777687723927401e-04
-1.006942226974342732e-04
7.747234323869280764e-03
-2.121934079233575609e-04
-2.164254721440358182e-05
-4.471090607991436920e-05
3.158328053056498499e-04
-1.070448669295331391e-04
-9.202379601216878751e-06
3.339683716758118977e-04
-1.117358862452034638e-03
-5.078116923628900499e-05
-1.010105590546929032e-04
1.719535030559015722e-03
-2.351976137390194633e-04
-2.770853107223324066e-05
1.749859734363811391e-03
1.057917887028793098e-03
2.284162666289293062e-05
5.308374735587603749e-05
-1.714764129431720898e-03
1.199134672086739047e-04
7.798637077522171815e-05
-1.722580185756450617e-03
-4.374384096854765785e-03
-1.086184872313649639e-04
-2.157119565975318680e-04
6.701668019048226572e-03
-4.838725301558191930e-04
-1.145979440656152613e-04
6.876429458146834581e-03
-1.075248904895179190e-03
-3.525569146886497503e-05
-8.871453082923383177e-05
2.781313361067207918e-03
-2.015336833779960606e-04
-2.054064510994697812e-04
1.934464498636804912e-03
5.330770466154110404e-04
1.391662355233783292e-05
4.824847229970858221e-05
-3.554507513674087793e-03
8.864879811626004782e-05
3.158291254842050593e-04
-1.301280547786089203e-03
2.778189823367222628e-06
1.290909760757773424e-03
-4.266640463438042110e-06
-1.521178351131934560e-06
-1.423963054393918935e-03
1.304356803160320048e-04
-8.951864522610382077e-05
-1.953375956274534635e-03
1.174250260585933508e-05
-1.920076787933251304e-05
-9.335269637166942677e-03
6.432799422260965889e-05
4.439481636492683298e-05
9.433357294090921608e-03
-3.800752212377873766e-04
3.150547980703148534e-04
1.430148703019955281e-02
-8.248671608033052573e-05
1.278260927154185596e-05
5.465730449193739737e-03
-5.220207871552199453e-05
-4.338880451444869751e-05
-4.958210528018933486e-03
8.086960745645020037e-05
-1.078048397234350329e-04
-8.439243192539171157e-03
4.380254266512584663e-05
-1.897435689504124880e-05
-4.868407908614043322e-03
6.114164494725870137e-05
5.244712411358830442e-05
4.078319189475357667e-03
-5.407136759944251484e-05
1.002457143676997194e-04
7.535392840507848349e-03
-3.286883780360940410e-05
-4.331208041747464880e-05
2.009401816920115716e-05
-2.736066954551709049e-03
4.229762032081292350e-06
8.401710507406784671e-06
7.586677888218279313e-04
8.429814670177123966e-05
-5.607587006045667254e-05
4.366855734960244789e-03
4.345154533340622749e-05
-2.974484872146355681e-05
4.260911549872244131e-05
-2.328277018063862379e-05
3.049209112095238247e-03
-7.446999640391299983e-06
-3.205947813208005661e-06
-8.439804457348039184e-04
-8.260413927116205075e-05
7.992031667686822090e-05
-4.873942423610013418e-03
-4.623365953141367720e-05
2.667281737131753936e-05
6.944444139466384759e-04
1.149691070728038465e-04
7.024694652342538441e-05
-8.629685026387853928e-05
-1.829719855041226782e-05
-2.385595469234249134e-06
-1.070172831661870324e-03
8.407401681475369952e-06
-8.381869211683272056e-05
2.500242021772261362e-04
2.842143281531337893e-06
-3.954938504639254014e-06
-2.887004309269571739e-04
-1.062961299662532788e+01
1.463434519743061024e+01
-1.831540382741639306e+01
2.081927614798467019e+01
-1.574615408672690187e+01
-1.855757794566621754e+01
1.912078268012412607e+01
-1.735540851556654829e+01
1.537284774467528159e+01
-5.910926364065042016e+00
-6.478314664638253007e+00
4.271981259575548862e+00
-4.899918819759552235e-01
4.361835091985573065e+00
1.540740424694400446e+01
-1.984396991122735972e-08
1.752402222914881979e-05
-1.872676875177779752e-10
1.258395271115080017e-08
-3.915373362564239523e-06
-3.318393538245752793e-09
6.250679761420056706e-08
-7.882873156086479501e-05
1.364224239839042085e-08
1.890270977053936433e-08
-2.713075750540718889e-05
7.483950674237842193e-09
5.350314820213450680e-08
-4.178457151530829609e-05
5.003456392392587098e-09
-8.852839997903840168e-08
-3.163710914561360370e-06
-1.286227697048310730e-09
3.276303370971706481e-07
4.230604177274746320e-05
-1.034713467932081708e-08
6.550400516509749898e-07
8.863375071700986237e-04
-1.135104882801577210e-07
-3.425377506393575543e-07
-6.074580971105168932e-03
9.133651383391586071e-08
-3.646291042760508787e-07
1.348420663979381894e-02
7.910218759566896447e-08
-3.265794285305069453e-07
2.459835720934474765e-02
1.006077298860123907e-07
1.352185865382580399e-07
-2.006853497635932917e-02
-1.448007078150902727e-07
7.539643129303246162e-08
-1.542705631632732693e-02
-1.334326887911215011e-07
-3.763071796230983439e-07
-2.306090328313751756e-02
5.010691883518848217e-08
1.631571612826523052e-08
5.970808353409602371e-09
2.553803945009965582e-05
5.524233341546715548e-08
-1.903099091708938492e-08
-3.505967443265889686e-08
1.312159571369161234e-09
6.554797587494072607e-05
-9.294233081720475019e-09
6.555526759657183894e-08
-1.688635052425647658e-08
-5.885726955384323295e-09
-2.211314980985988057e-04
2.410297587026237201e-08
3.224162653734902463e-08
-1.532590342340226835e-07
-5.761840522426413423e-09
-7.692320965845451681e-04
-1.735901691356831859e-09
2.314040116538905215e-07
7.937683893105445389e-07
7.415445029324202018e-08
5.340893773039250871e-03
-5.528543069365077839e-08
-1.203664705607123558e-06
-1.723328256276723004e-06
-1.380155616018756245e-07
-1.117248836793405600e-02
4.147711636557419227e-07
2.551471671797169696e-06
-4.552288458751585754e-06
-2.794591895057650787e-07
-3.735911766299964548e-02
2.493802899881350683e-06
6.839678082650339862e-06
2.602812988651059154e-06
1.979890305070946339e-07
5.602593723923882107e-02
-4.488695618780640697e-06
-4.653954599598556667e-06
2.071308621195381395e-07
1.498600415156109726e-09
-3.850690024982256210e-03
3.438475188618987939e-07
-1.872410690578529205e-07
-3.469340825114447006e-06
-8.888575876189791877e-08
3.311747165405695519e-03
-1.791505776154745411e-06
3.985566512092197075e-06
2.885915267998438585e-06
2.552309353868237409e-07
5.043285750904151488e-02
7.819238510287833407e-07
-3.145251549956759380e-06
-9.431267682500447919e-07
3.528582497687847836e-07
4.809484098170363486e-02
5.964837630452535789e-07
1.909197439811625697e-06
4.118984183425423021e-07
-1.963368321178951468e-08
9.488018094582360146e-03
1.896843583277271534e-07
-4.624135845406117380e-07
1.245807296545398448e-08
-1.948968586059473750e-07
-1.656590035808300915e-02
4.431545972813172647e-07
-2.182258405136709416e-07
-7.317404511022219556e-07
-2.354686746888309206e-07
-2.181890564705061403e-02
1.404269665847027881e-06
8.182901434756706147e-07
1.319789060171047682e-06
6.540914298358638367e-08
4.270349251092130711e-08
7.062476198819744074e-06
6.284011581323844774e-09
3.809217549600585180e-08
3.592537885475268504e-06
2.167448158838858005e-06
-1.565755150769714716e-07
-9.434652075069656513e-08
-1.382720293156223515e-05
-7.126631129957324197e-09
-8.350135357682752904e-08
-1.071913768329094481e-05
-2.281190639969116882e-05
3.685228917771470899e-07
1.893716709526498335e-07
-4.371871877502687422e-05
-1.213265063934572230e-08
1.393430417829004521e-07
1.761550407519251599e-05
-4.417075638052048226e-07
4.452045363929577413e-08
3.283484775479918228e-08
3.049952042131911058e-05
1.033393452653670254e-08
4.089959362745201864e-08
8.132979154757407836e-06
1.199027898281434043e-05
-4.415152871858615830e-07
-2.114692305994824463e-07
1.662021444854897944e-04
1.483608250144826864e-08
-1.061624477175327152e-07
6.718382971817939141e-06
1.892024664383203363e-04
1.781190952800271424e-08
-1.461345828820526216e-07
-1.039795900697232552e-03
-1.063709072288928400e-07
-6.173490277424717824e-07
-3.490665464432920724e-04
-8.275365247573087052e-04
5.170263375547869053e-07
5.763554172570692640e-07
2.650640215352902292e-03
2.581744369729038295e-07
1.913737460100092540e-06
1.263141931445530041e-03
-6.591568150572398423e-04
-3.979235740797446581e-08
2.318821235422874675e-07
1.796746521583597600e-03
2.411563609525387901e-07
1.659078924253115380e-06
9.391761262560476171e-04
1.032710857451030152e-03
-6.108759798670649060e-07
-1.759474999801845321e-07
-2.550722993037086214e-03
1.143547046464133713e-07
7.503956921843982116e-07
-1.646453103891149785e-03
2.093832554716647081e-03
-3.904646761511876374e-07
-2.782610271457520542e-07
-5.820091722962042122e-03
1.686675523160152158e-08
4.694242422148971950e-09
-3.275020460595442443e-03
-6.243431943829773475e-04
6.194334476853548375e-08
8.609152624199802972e-08
1.893056202221631316e-03
-4.221186813442387430e-09
4.209707690085889411e-08
9.808686832746928760e-04
-9.687637139672723285e-04
-9.319941689702914626e-09
-4.636587564530560838e-08
1.585163145440907258e-03
-3.724845002058690576e-08
-1.847023747625939684e-07
1.488231531314858445e-03
-2.150867818222795391e-03
3.816622039575677179e-07
6.699476298502709579e-07
9.135427034398299964e-03
-3.297260338333751477e-08
6.215969277637675743e-07
3.465484172607099633e-03
8.080753590963664704e-04
-8.094510931476476694e-07
-1.224004323335939792e-06
-1.134049186788599513e-02
-3.794301215074768864e-07
-1.680280749756480227e-06
-1.443582062904234450e-03
7.326289640890637843e-08
-1.896770000529032860e-03
-2.489431902221681481e-07
2.033958099862281469e-08
2.128261237256886228e-03
-5.223189489846394748e-08
2.732651270569275123e-07
2.964753407252364303e-03
-1.149553894689173016e-07
-3.257606341758759594e-07
8.323807244301694233e-03
9.517277997272929514e-07
-1.111442635948131446e-07
-9.896588130839191477e-03
4.992309814464037962e-08
-1.208352322672290258e-06
-1.298088692664167709e-02
6.243145156759188749e-07
-9.023333877723508051e-07
2.118747821027689229e-02
2.633723868741720127e-06
-1.880283126147349438e-07
-2.581358262889658917e-02
2.204649623437807660e-07
-3.471541208086904426e-06
-3.301430671727892396e-02
1.646046140053325038e-06
1.194820225974581680e-07
3.596805639099519974e-02
5.602045295805227198e-06
-1.057837777182026518e-07
-4.024231051927624342e-02
4.042468384556510521e-07
-8.034377422854513249e-06
-5.598271923432995845e-02
1.311389242870497873e-07
5.531131115097176463e-06
2.915862332658340772e-02
5.991683803928302754e-06
-4.688498852573333467e-08
-9.862629455961441707e-03
2.716827289400354221e-07
-9.012298078707444568e-06
-4.535242290333613840e-02
-8.464221877423288461e-06
1.827958949715851013e-06
2.391998534450831028e-03
6.802208478744115810e-07
-2.337352635547564957e-08
5.864884463422215428e-03
-1.123150928652533867e-08
-1.086855930723283272e-06
-3.710970352053474548e-03
-2.837228871773769186e-06
-2.622098023142763574e-06
-3.819453444710128095e-03
-1.066976734208595204e-06
3.474821714172169564e-08
-7.729385965402724851e-03
1.841065419209300452e-08
1.701608367363693826e-06
5.938332781923676140e-03
4.071174502672607818e-06
-5.967897784115975406e-06
-9.156553946530636423e-03
-1.333181619767238765e-06
8.366781361348390291e-08
-2.525180567662446349e-02
-3.483416775713141438e-08
2.203728020206055341e-06
1.422286040209352898e-02
9.293965352436564138e-06
-3.067906361606377740e-07
-6.256791745329050259e-04
1.001112244492585535e-08
4.991041757320363859e-09
-1.836806836228699205e-03
-8.082635672740446539e-09
-6.517360380293798794e-09
9.733094567808979383e-04
4.801189685837357756e-07
1.304860574886470289e-06
3.574864164665845275e-03
-6.815679181715248593e-09
-1.960845577477299871e-08
7.438774386194217658e-03
5.120352074118244827e-08
-2.411464038558037487e-08
-5.558837714465969526e-03
-2.037793006824889425e-06
2.595297866287592296e-06
1.068642648137892691e-02
-1.016021381396807455e-07
-8.041474946718931884e-08
1.363987019292070210e-02
4.212020611351009328e-08
5.755191944999796158e-08
-1.661439209520534574e-02
-4.065489236226547219e-06
-1.053637727943231661e-06
-1.125388909587161056e-02
3.087829816343426601e-07
2.618860721045351581e-07
-2.670060420045237450e-03
4.544733769169626473e-07
-4.055314925902604859e-07
1.749454029731692742e-02
1.988889589867732694e-06
1.019110029537639311e-06
7.612099367948378138e-03
-2.363718989361116911e-08
-4.643971776887502094e-07
2.102867842325267279e-03
-9.415652124260645893e-07
1.598530554615275104e-07
-1.184036993738183177e-02
-2.593900873686321095e-06
-1.400047515569487933e-09
-4.287603518710881786e-08
-6.704140696025426375e-06
-1.308647974685923037e-08
8.445261382246620681e-09
-1.831838919666476078e-05
2.677218346658227751e-08
-9.505513351633141168e-09
-2.486936505930883060e-05
-2.539924781303474939e-08
5.440978176942319795e-08
-7.418588644675095473e-08
-4.003369096901701821e-07
-1.575941546485297364e-05
-1.768153359977460321e-07
8.344745020718895453e-08
-5.993002543920321638e-04
1.134172090118641055e-07
7.347947017756942280e-08
-1.343467824968006766e-04
-2.603834190004534481e-07
1.847387554612673379e-07
-1.412650714768196027e-07
-5.103308456243544299e-07
1.383311314951448788e-04
-2.360082287210587775e-07
7.667266869990941348e-08
-1.242328441683469972e-03
7.015536764269044723e-08
1.631622043190246771e-07
-3.376498812055478546e-04
-3.016881631857416234e-07
3.857727128042143965e-08
4.007026802164390223e-08
1.280197017588404375e-07
-6.144559546268555360e-05
5.716148885674076027e-08
-1.378328055830784572e-08
3.741083730124904194e-04
-1.199290330084541419e-08
-4.308500284330506822e-08
1.219599243623754366e-04
6.854752489984588156e-08
6.624954552992255723e-09
1.090973873823550946e-07
3.327209860472484052e-07
-2.121401208278236698e-04
1.451469819516909683e-07
-3.821824082426597441e-08
1.173971983285431375e-03
-2.881593620498103442e-08
-9.862554112327114180e-08
3.963599779818229572e-04
1.834517739967293887e-07
3.512220019099602925e-08
8.265115576751056579e-08
4.774384093613453850e-07
-5.358480604912890712e-04
1.601159604091161622e-07
-1.256206099617559580e-07
3.110592500178141224e-03
-1.635811289513152053e-08
3.016853140232871513e-08
9.127584591057871918e-04
3.720101526115371177e-07
9.972902989016923020e-08
3.761418934305468105e-07
-6.700606728717989285e-08
2.929902828687573060e-04
2.382940559937772137e-07
2.087053887768886861e-07
-5.239072948834752955e-03
-1.335192466925766068e-08
-7.095460637729424029e-07
-5.887384913848410202e-04
-6.560314735273208660e-07
-5.804516120159337458e-08
4.958519785050528825e-07
1.127338851750092511e-07
-4.832484299270734668e-04
6.075447278313370502e-07
1.111871003718077133e-07
-4.038160306596569153e-03
-5.187701571590724761e-08
-9.673417873927498041e-07
5.191504228095353366e-04
-7.871178152730499495e-07
-6.822752370210421771e-08
-4.573951917544677890e-07
1.788145182931728487e-07
9.996194794943146812e-04
-9.886207389935330111e-07
-1.004140889568762758e-07
4.274671207046441476e-03
1.759673827261014836e-07
1.250130642120936913e-06
-1.212495539857538079e-03
1.197896009967142459e-06
2.717388315349370053e-07
-1.417770137463018019e-03
5.311709312660437314e-07
4.761579980912053187e-07
-3.065963438439286070e-04
1.430102564404450197e-07
3.901460391590039007e-09
-2.496379020467794302e-04
1.709609298920168275e-09
-2.752707738390867202e-07
4.811783166197122394e-04
-7.750870658362294473e-07
-2.206651376062365863e-07
6.419566203735883880e-04
-1.440162305997636644e-02
1.204880990029852371e-06
1.583758974906801735e-06
3.449314486423823945e-04
3.743687290039031064e-07
6.037554084724047999e-08
4.595495576699370338e-03
1.432813245100530472e-07
-8.416358002092684586e-07
-5.099791273227269372e-04
-2.606790618336114350e-06
-4.810712328121660815e-07
6.544201698715034973e-03
-2.998942033390072578e-02
1.424291814462451845e-06
1.486364252553636188e-06
2.239955239140551183e-03
1.659260319163495241e-07
1.735559077190836468e-07
1.516478794802669609e-02
-1.208519863976222575e-07
-2.077526828783045885e-07
-3.452487454372308619e-03
-2.396065125465850584e-06
-4.397953840915113138e-07
1.369296856066942389e-02
-7.192969600741338197e-03
9.453850922347012964e-07
3.554025285776749129e-07
2.395117003416981859e-04
-3.018171303518452080e-08
9.750319443751121678e-10
5.001288023293780534e-03
-2.891538380561337909e-07
3.329546633656211375e-07
-3.943487522460387747e-04
-5.560734470086507336e-07
-3.221599370366871185e-07
3.308975101068909776e-03
5.961530836823035820e-03
-1.410457992676200127e-06
-9.231748653160619729e-07
-1.153094919100083898e-04
-3.682167398721341603e-07
-4.136410523045882780e-07
-3.384328697431366380e-03
8.620557010224517737e-07
1.095783910376437778e-08
2.654768025224160384e-04
1.093761808506406022e-06
3.927758060268707773e-07
-2.803802723476323758e-03
5.084800522350295393e-03
6.726855372546631891e-07
3.843198001965536832e-07
-1.859118094030461467e-03
-2.228977067993765252e-07
-7.163350069620724726e-07
-2.009067573938088259e-03
5.326315658618810492e-07
1.433103328816729063e-07
2.824757188018453893e-03
-1.041017903643881522e-06
-4.880269465248424152e-07
-2.355201615329891550e-03
-5.991079267286210985e+00
7.675686346938627835e+00
-9.011604321079600410e+00
7.471027359553744418e+00
4.127584846911393157e+00
5.057181143474786644e+00
4.465244902876785105e+00
6.758942068466808895e-01
-3.376734933201123390e+00
7.171851655808866077e+00
6.179305596301353293e-08
4.575488405974941115e-03
-3.044318984541755026e-07
-4.285549660372496742e-07
-8.010376027414795735e-03
4.467041569124671269e-07
-1.914431509547753435e-06
5.129723429705143958e-03
-4.174513345839959091e-07
1.240430688742175938e-06
-1.691073339227630763e-03
2.331467254332126400e-09
4.059956066999179298e-06
-2.496251154583703502e-02
5.211118675443898042e-07
6.809046012013284852e-07
-4.557515130479126292e-02
6.729657549181676477e-07
-1.798357915094294591e-06
-3.547050684008166976e-02
5.404200005151788499e-07
-6.451478717763730183e-07
-1.776917140911736179e-02
7.365097615991195346e-08
-1.125082372294025930e-06
-2.862606609320217724e-02
6.034452582356932414e-07
2.587611646797104282e-06
4.993014752304048010e-02
1.100031270273102413e-07
4.316135597107156779e-07
-4.729298272268563927e-06
2.300859558504518391e-05
-1.389614156393570578e-07
-6.120518766350887409e-08
-1.019428284945488284e-06
1.314314820096314500e-05
-2.162943664792853649e-03
4.123947206702571427e-07
-1.199194318671853219e-06
1.429219320527861831e-06
-7.887149705462911595e-06
1.898916726484319376e-03
-8.823580932159710995e-07
-1.009263203347741592e-06
1.969065058534944090e-06
9.829430204631670742e-06
-2.439106065640385401e-03
-1.727904360074290448e-06
-5.303548813336589779e-06
-1.983296081173510679e-06
-1.666540078452405507e-05
6.559154386075767909e-03
1.784762495162948228e-06
6.021138098758664294e-06
1.856527527717096973e-06
2.756352366908960150e-06
-6.984058749975760767e-03
-1.216298245336008645e-06
-2.759278452636737714e-06
2.076606293250357645e-08
2.377700282050344760e-06
6.647432559708618856e-04
-8.782299475910517981e-08
-6.533563317631332225e-07
7.329968596495390104e-07
-8.311200682462407014e-06
-8.078290400795808124e-03
-3.848558299130732246e-07
1.192171497968004967e-06
1.210374458190956778e-06
2.420612319696291052e-05
1.256606357510330063e-02
-7.368401413242975829e-07
-6.811393050010607083e-06
-2.962808502173622065e-03
-2.517934917710440829e-06
-2.162179158131888342e-06
4.532019488082381781e-03
2.173812568243070616e-06
2.854822062556049130e-06
4.615896030331830338e-03
5.503654828080194010e-03
6.314523295094244030e-06
4.753242781643577904e-06
-9.081656974917645328e-03
-5.540885454127620476e-06
-7.408344513040530397e-06
-8.573520035999203023e-03
7.313615380581350270e-05
-4.187942866661872206e-07
-9.208637283425899655e-08
1.373147045576536811e-04
4.231355925018888988e-07
4.599908736714441508e-07
-1.141043254916674363e-04
7.833077658841373740e-04
-6.457769515511949979e-07
-4.470007047997246006e-07
-6.313216153940857424e-04
6.491676598400464743e-07
1.108609138318659481e-06
-1.220902094735636058e-03
-8.402486948981844955e-04
-1.272268625677062537e-06
4.578630440148838908e-06
7.437242652597799309e-04
9.048144539118471875e-07
-4.563014198916719429e-07
1.307763079419879074e-03
3.561432926690234757e-03
7.835154641007290266e-07
-3.912659345975840451e-06
-3.865962475616622172e-03
-4.559395944690107734e-07
1.635114782636763229e-06
-5.548716825043774163e-03
7.555236640015710898e-04
1.425295299158383863e-06
-9.236617301872488594e-06
-6.929533269912630097e-04
-7.564550711525544976e-07
1.328761179567167316e-06
-1.175514401333151290e-03
-3.793423818714041960e-04
-1.173924999917418680e-06
1.025286249058874444e-05
9.168811410371052045e-04
2.923543693080040631e-07
-6.110859964434966926e-07
5.906322518090874763e-04
-1.583518159632120439e-06
1.124280020545907928e-03
-1.007246807005823915e-06
2.245110797219593712e-06
-1.452893228889440627e-03
1.289247264867020816e-06
2.690466186144110651e-06
-1.751611668956116119e-03
-6.811846168029993354e-07
4.779546993017483863e-06
-8.306734009905213448e-03
-4.144992201283794257e-06
-3.073314392565941232e-06
9.963891212722312749e-03
-3.492217327165872091e-07
-1.609371393081727127e-06
1.293465674093935772e-02
4.304793284944481173e-06
-2.459264778129082138e-06
4.811464745415845040e-03
8.615372158928541802e-06
-1.153536601749667512e-06
-5.461272556718484335e-03
-3.855225672435394320e-06
-4.725164282407310949e-06
-7.485018960129955976e-03
-3.636302391510172300e-06
3.780340313875261225e-06
-4.168877543797386113e-03
-1.099941816641538848e-05
-7.568826711474623345e-07
4.648591552054475579e-03
5.145875089649620793e-06
5.433618755478717091e-06
6.479702221125312883e-03
4.752264175737080840e-06
-3.483091702682568289e-06
3.011449033305233374e-06
2.641674851505510305e-03
3.299302539907407664e-06
-2.193374841792291644e-05
-1.087392351027439063e-03
-1.059219057510546513e-06
3.363425665618074105e-06
-4.111022712018249682e-03
-1.155773272613466196e-06
5.989398297593002533e-06
3.480899299448067823e-06
-2.660051673521130755e-06
-2.948116668552886420e-03
-1.414191840444569468e-06
2.104833147194998816e-05
1.172095409063494834e-03
-1.973681600565128957e-07
-4.459356230530904018e-06
4.589892719774276569e-03
1.139243009227006192e-06
-5.493999413314894375e-06
6.509983455434387688e-04
-4.413003493185252672e-08
-1.110194043230504842e-07
-6.120913885942458571e-05
1.730766076059233000e-06
1.197921085999712815e-05
-1.116573651141279395e-03
-1.891181120404230074e-06
-5.619958447319533985e-06
9.897677336466177526e-05
-1.914502562337311204e-06
5.272277821891327075e-07
-2.995544109938302760e-04
-5.991036515417222041e+00
7.675336070656657128e+00
-9.010987256315839744e+00
7.470994290519649361e+00
4.129133608142819156e+00
5.062413115837467004e+00
4.473625140946952961e+00
6.775483345021369175e-01
-3.384533627978187909e+00
7.188831656054172292e+00
-8.834636499272117410e-06
-4.598636200211379289e-03
-1.212147239992750642e-05
4.145016052084155765e-05
8.287864905244019323e-03
7.912663796225814946e-05
9.895040019029062092e-05
-3.917039791934112669e-03
2.075281632461614982e-04
-4.126278721281353669e-05
1.139007621403864169e-03
-8.169565036365614131e-05
-1.348129251471983747e-04
2.056032954494133730e-02
-1.857713297233444332e-04
-5.971356340505881504e-05
3.511011860312155536e-02
1.941411921848440990e-04
-6.742146346203963740e-05
2.157919868385249976e-02
3.107288470888483088e-04
1.564313282499512210e-05
1.074342925165167224e-02
2.004542001440162984e-04
-7.564337432332666924e-05
1.560538152908872572e-02
2.531304871549650871e-04
-9.803558628411663829e-05
-3.060055722089922992e-02
-6.200644453936067935e-04
3.905154708422675294e-06
-2.542317049182437033e-05
4.007543203166737036e-04
2.452883241711054866e-05
-1.149839371063094144e-05
-4.183136285395436184e-05
1.059310182205035016e-04
-4.663220559265768284e-03
-2.791124753732444376e-04
3.791490791340168965e-05
6.050489555503575743e-05
-1.615665705393275924e-04
6.530474005461835499e-03
3.897948194200213674e-04
-1.778112809802320782e-05
8.592847996076551618e-05
-2.182759877936852602e-04
4.238537308194902445e-03
1.232727161996045135e-04
1.668209281229925556e-05
-1.022000065519001804e-04
2.341206237228632219e-04
-9.580170437010191754e-04
1.649717245984929455e-04
-8.463537364599273225e-06
8.484845898593470657e-05
-1.955637753520107834e-04
-9.870196237581735886e-04
-2.529855926604947410e-04
-4.018602950954194321e-05
-7.216222802390184841e-06
6.178413837395153691e-06
1.556166447310906951e-04
1.506452837005098941e-06
1.944176322787024636e-05
7.338796618707130203e-05
-1.134697062111945112e-04
-1.250287672192889124e-03
-9.182928762982011262e-05
-1.181065920654474609e-04
-6.361536569979316775e-05
-1.448979618062792656e-05
1.848782015120721718e-03
-1.949946611096919306e-04
2.656646866122716871e-04
2.901459734700981806e-03
-1.367638444604922336e-05
-1.053394248299067597e-05
-4.277850181518088463e-03
1.648805077872018878e-04
7.612477801603090473e-05
-4.501004793134557452e-03
-5.020933537622529821e-03
-2.535258528670129028e-05
1.226753063314222920e-04
7.031725420317664309e-03
-3.959092571293277652e-04
-2.907377996711163308e-04
7.702969028507230045e-03
-2.031486773005758948e-04
1.915914510061559537e-05
-3.645010626081774302e-05
4.151994077758308904e-04
2.510530890713324190e-05
5.000806725698748843e-05
3.464178444460909207e-04
-1.098293056201743532e-03
4.564540202963565050e-05
-8.590375694980614699e-05
1.946696009312205451e-03
4.702742849293069455e-05
1.158058447851630541e-04
1.780364786966872519e-03
1.107858706169525609e-03
-3.013585332379757717e-05
6.270604864194785654e-05
-1.833485790265206288e-03
3.421375129414273505e-07
-7.858643805421622851e-05
-1.688459101966828220e-03
-4.374971783208435674e-03
1.114516544160013293e-04
-2.029792362776929363e-04
7.187332951320914674e-03
6.678323989138984810e-05
2.731315315222722926e-04
6.919889860662721028e-03
-1.227609948111612606e-03
7.130512544546415213e-05
-1.014032225282224297e-04
2.979100986985587160e-03
-5.025859002724122285e-06
7.653661419860891088e-05
1.756483916600269082e-03
7.981414714290265000e-04
-1.071148828883719268e-04
5.904424337558406217e-05
-3.646353043648900213e-03
2.676319810611090325e-05
6.525218893680896539e-05
-9.155081430150759005e-04
-5.221418505891655697e-06
1.262181937557033118e-03
1.899379361047092454e-05
-1.896714766608149723e-05
-1.423566474466070406e-03
-1.349212241447814078e-04
-4.905217169054186711e-05
-1.996705794590265641e-03
-9.847663640076158420e-06
4.947669529925507309e-05
-9.216915860055529403e-03
-1.176756560832904253e-04
1.054460395314077762e-04
9.363932307261164587e-03
4.604223092584632296e-04
3.353007298592215540e-05
1.442156461142795124e-02
8.316596016387463102e-05
-4.335532328903555745e-05
5.439044312028651698e-03
8.859703798234051797e-05
-5.509569194505435489e-05
-4.868040071661229595e-03
-1.745858512816574125e-04
1.001777698128120608e-04
-8.432957486721622681e-03
-4.366371050076703792e-05
5.088720211286012178e-05
-4.862826791068048521e-03
-1.052681067473200719e-04
6.066283681015763535e-05
3.949956641414337569e-03
1.816284864451037919e-04
-1.383242872011665209e-04
7.496777315303312580e-03
2.740979433486431466e-05
3.211803989869022036e-05
-3.837230782578702755e-05
-2.780049055439511203e-03
3.250909969468517523e-05
7.453677729580502481e-06
7.206114674747015432e-04
-3.889469761099217720e-05
-4.142574851622550037e-05
4.291724089675292599e-03
-2.802625677186468137e-05
-2.008610534731315896e-05
-2.081926427686665816e-05
3.924071085209605543e-05
3.101666097792053420e-03
-3.379332627787383901e-05
-5.166036975590393128e-06
-8.224417123535007670e-04
6.003868302202478632e-05
5.122722073940412079e-05
-4.776556277825233683e-03
2.565726113453963941e-05
2.340555664139945454e-05
6.432229321997412702e-04
-6.107216992971718956e-05
8.918973958000668231e-05
-1.666591451679466922e-04
-1.921263569562856797e-05
-6.757436878917607768e-06
-1.008602243253655436e-03
-3.693073260843055873e-05
-3.433353002159757281e-05
1.622421437310376472e-04
-3.744991277451009627e-05
-2.695162423013520639e-05
-3.765597523553289674e-04
-1.062961343968630068e+01
1.463434560197557843e+01
-1.831540177799224267e+01
2.081927290574333966e+01
-1.574615431775653818e+01
-1.855758164480821648e+01
1.912079030614608044e+01
-1.735541189691851116e+01
1.537285091611711429e+01
-5.910928145238815823e+00
-6.478316475927876184e+00
4.271990746721650467e+00
-4.899931632110298696e-01
4.361843633854888935e+00
1.540739982684409881e+01
-1.233940098139871538e-07
1.658545545109102061e-05
3.600185443024003735e-07
9.447399796588835348e-07
-4.615592535539804817e-06
2.347059998634020143e-06
-2.845265752605923704e-06
-7.139119440015196294e-05
-1.072745617274394484e-05
-1.357644556148592643e-06
-2.422743282096690966e-05
-4.729338218353648236e-06
-2.544947583015933856e-06
-3.694114219780822688e-05
-8.179133014001710027e-06
2.366633271011027963e-06
-3.948295187395397914e-06
7.505569231026765881e-06
-6.916763088790154192e-06
4.957761105148317878e-05
-2.585292977310379346e-05
-1.618077857077586791e-06
8.782155773969603290e-04
-2.147071505918118775e-05
-1.779407085402498828e-05
-5.998472912700371362e-03
-5.878737666066644746e-06
1.209610387309795605e-05
1.343051464439065645e-02
-8.371114004467384065e-06
-2.782773155541756499e-05
2.470704081289925441e-02
-5.506313923404952638e-05
4.522301057106366810e-05
-2.021729747021756146e-02
7.309081587351983281e-05
2.150521428660274938e-05
-1.548130690489025844e-02
4.488050777119087498e-05
-2.781147890476735949e-05
-2.298127894224107765e-02
-4.093940841014432209e-05
8.158151853655689717e-06
-9.851782870627240781e-07
2.641779889196904215e-05
-3.030205669162434595e-06
2.180381831141750293e-06
-9.175249889557921830e-06
1.939282502373366679e-06
6.366491731934649230e-05
7.575058643890911495e-06
-2.394397543887319933e-06
3.772039629327410128e-06
-1.333530913142386695e-06
-2.194506604990311143e-04
-5.785720160694205976e-06
9.937348413918098895e-07
6.709934482527809368e-06
-2.879055680045294504e-06
-7.645348059924274037e-04
-1.066999182775884624e-05
2.247730996803236987e-06
-3.378356224750388333e-05
1.136435555651301071e-05
5.326406199039450395e-03
5.195608069529055985e-05
-1.041055605169911964e-05
5.806998138199398279e-05
-1.347391223115329504e-05
-1.116118958398721814e-02
-7.491016533961686145e-05
1.775698176125639836e-05
9.786708442072062091e-05
-8.481424824178801101e-06
-3.737873262226711762e-02
-1.260606645527397377e-04
2.855553148607262428e-05
-6.701217824863942864e-05
-7.068913510924767147e-06
5.606574652808651166e-02
1.176532166644463735e-04
-8.126047953405723264e-06
6.728252541745716503e-07
1.046290690434190302e-06
-3.851989535547587287e-03
-5.691769770087734513e-06
-1.701520175164346790e-06
-6.283794432739144672e-06
3.723784104283594434e-06
3.281486967428968657e-03
2.725496854537023860e-05
1.325027992227386080e-05
2.926767086255598875e-06
-1.726043983616234491e-05
5.049991584714998150e-02
2.361701215789496162e-05
-1.340314963455754196e-06
-4.769811728927482604e-05
8.991209976546012017e-06
4.809152623441749486e-02
1.007639154245116767e-04
-2.064103612071608841e-06
2.431352157482434510e-05
-1.246727670399182468e-05
9.515363347631243876e-03
-2.518185317248013830e-05
6.587338456717834345e-06
6.220817360443360177e-05
-2.290127663365752273e-05
-1.653068157981459757e-02
-8.343833338010190899e-05
1.563687081521454483e-05
1.045331885878258402e-04
-4.411431024800034341e-05
-2.174662428483695870e-02
-1.199716340628005759e-04
3.139328629409849069e-05
-1.133002269467500214e-06
-6.147706656786443016e-06
1.381209976971366886e-07
4.826125226755388295e-06
-8.518325396287975790e-07
-1.531873420104776318e-06
-4.908792541794307804e-08
5.895546175123810835e-06
1.288734820038182105e-05
-2.093757743642310478e-06
-6.908328787660111326e-06
1.167623307132006486e-06
3.955891699978086054e-06
-6.326797846601699333e-06
-1.516801598364149314e-05
-3.121612302566914755e-05
6.946428348959107286e-06
-6.368630269714465242e-05
-2.587154582096298938e-06
-9.532923902256682660e-06
2.979736421869402232e-05
-4.453828382894054571e-06
-2.567455722701782131e-06
7.471229682278910404e-07
2.935675320216340806e-05
-2.306149834292215799e-07
-1.234201232995663085e-06
3.954869061323772764e-06
1.319395967610757240e-06
3.829820322663189842e-05
-7.564625320799271207e-06
1.888660873802360397e-04
5.707375060943388382e-06
1.179211577983489909e-05
-1.145583162720590792e-05
2.132058372645176750e-04
-3.749526642245943779e-06
3.011487772926792951e-06
-1.047774173625346753e-03
-1.247229510236836385e-05
-2.902853012811133147e-06
-3.116783777660532681e-04
-8.184736471463604883e-04
-6.150210223253710091e-05
1.426230375737692096e-05
2.614064180103672572e-03
1.788396996078651973e-05
-1.350967201462757849e-05
1.276892950107334345e-03
-6.247604153736194266e-04
-5.085023552467154582e-05
2.605619017574787685e-05
1.728864374540648157e-03
6.017332788726308629e-06
-1.090891766792307670e-05
9.901579071336090877e-04
1.047732867573068511e-03
-2.881272472132724236e-05
3.742352279942712598e-05
-2.649270495747373718e-03
6.055841090317552102e-06
-1.146035705189069385e-05
-1.624095990552649549e-03
2.103245338558950087e-03
-3.107299489722045141e-05
2.362174302286456561e-05
-5.881876834380608300e-03
2.072273087066478300e-05
-1.507916361390243442e-05
-3.258896071662988319e-03
-6.293797510326617399e-04
1.128365101219912201e-05
-3.748534235836633474e-06
1.902850447285188039e-03
-8.349258742656497429e-06
4.719913217806672138e-06
9.722552431503316776e-04
-9.644807967778562400e-04
1.942831394343657290e-05
-1.544009487095558870e-05
1.623333070121362083e-03
-1.276689247478171243e-05
1.188158925526891303e-05
1.493538029027954937e-03
-2.201955774937776507e-03
4.045459838160433990e-05
4.641933580072382167e-06
9.125231540919423109e-03
-3.574936922756648266e-05
9.053888910350772908e-06
3.384980050126904470e-03
8.720664096772253121e-04
4.548950128704171015e-06
-6.286578004158159517e-05
-1.119645327485528120e-02
-2.431845720350215083e-06
2.619406477619216867e-05
-1.342434936980435286e-03
1.860144336837063249e-06
-1.903853782607465000e-03
-1.887535215685046198e-05
1.326282027240544941e-05
2.119315894683587286e-03
1.497962588638048021e-06
-7.430530892678717427e-06
2.957061295381567274e-03
-4.777348688353874687e-06
-2.903368059144909852e-06
8.339716978443134296e-03
5.380149965261582664e-05
-9.963972969797362414e-06
-9.906186107791063386e-03
9.653319639887268872e-06
2.195870452598871841e-05
-1.297697992564353711e-02
3.658186157603638674e-05
-8.526925313932185455e-06
2.120361207168239628e-02
1.084804060822332607e-04
-1.690372493457028660e-05
-2.584159907168619152e-02
1.868734611083573054e-05
3.660061620951361337e-05
-3.301346677910395322e-02
6.916054501863858669e-05
-6.461372241328206716e-06
3.594288000940940725e-02
8.041457279816437501e-05
2.534577427184787153e-05
-4.032788816764885931e-02
1.902274370341190516e-05
8.851135166861170489e-06
-5.602244328481281732e-02
5.523402817144112530e-05
3.729725972828941839e-06
2.911595772986263000e-02
3.247947651894748195e-05
2.607347106634499162e-05
-9.923392210477723421e-03
-2.129676248454236349e-05
-1.082481906499692793e-05
-4.541466360607662039e-02
-1.036303403437210426e-05
1.953989958329378551e-06
2.383842352839878574e-03
3.971450685397806218e-06
2.968426302684265976e-06
5.861097557876368373e-03
-8.942260217013620207e-06
-1.159545668875365074e-06
-3.724561682331988584e-03
-6.649379236343822409e-06
-4.050954199186220437e-06
-3.814387433151669293e-03
-2.781327361099202375e-06
-5.766440955520209501e-06
-7.721744116041027485e-03
1.183726017512473598e-05
9.867561687542276226e-07
5.954022379934966087e-03
6.997223034033191852e-06
-1.016423518097702641e-05
-9.141422870920202018e-03
-1.297958411319800800e-05
-4.654998840043354039e-06
-2.524308444462767045e-02
3.091436823948652015e-05
2.697225055527477196e-06
1.424919969726600073e-02
1.329256176006884916e-05
-8.951505768287232616e-07
-6.259711859375296020e-04
-5.812590496624024720e-07
1.460291395370182978e-07
-1.836579382558825623e-03
1.732778783628617628e-06
4.846184253322239098e-08
9.730346880415537527e-04
-8.246178593162213253e-08
4.059651945815055680e-06
3.574276827806504263e-03
3.333728081420996188e-06
-2.077614300759809744e-07
7.436222220134313700e-03
-7.569382983410277034e-06
-1.002421709743211064e-06
-5.558319890817414559e-03
-3.092219897014148291e-07
9.836829938971420966e-06
1.068195289315727013e-02
1.228752150618704305e-05
6.552136901897457925e-06
1.361641307050404960e-02
-1.593763049064402451e-05
-6.733729339742139164e-06
-1.661170950586659048e-02
-5.102610923433037113e-06
-7.304912717945652575e-06
-1.124144886687099276e-02
-6.525211991586157422e-05
1.272765832108474229e-05
-2.698423330365958689e-03
1.380272887970391513e-05
-8.802375257966839112e-06
1.749820277834566659e-02
1.957658217623625913e-05
4.217951372519832055e-06
7.591819494033795294e-03
1.676116181824977773e-04
-1.014677960245447788e-04
2.354297052015143048e-03
-2.572597437369930780e-05
6.802820590965371424e-05
-1.186913901397492616e-02
-2.850889389729942117e-05
-3.876883556555469125e-06
4.632370234407675393e-06
1.754802390591769345e-05
-1.767267601010108345e-05
2.265159585068605611e-06
-1.816615683360937438e-05
7.574048595503542474e-07
-2.020135430770404763e-06
-1.148266258967429912e-05
7.692080281989928625e-06
-8.017868311706067034e-06
-2.481727196120956083e-05
9.798400459818790476e-06
8.260408610487448905e-05
-5.669337051966275617e-05
-6.266367128446632029e-07
-5.673870870677844404e-04
2.546314345840949562e-05
-1.433630005574907968e-05
-4.390107615500101867e-05
1.352691651824030835e-05
-3.231728866351150605e-05
-2.827597267059937762e-05
1.263164049816540145e-06
2.053469562780596363e-04
-3.483266316037182588e-05
-6.871501272150486140e-06
-1.201851657739298231e-03
4.112257433203187428e-05
-1.661210691520089794e-05
-2.421556298961262269e-04
-1.606589945124276431e-05
-2.076583902517301991e-05
7.209151276693688022e-06
-4.042305441762438149e-07
-7.540356819467632326e-05
8.746739001413523986e-06
1.312389083227273786e-06
3.664187497305809228e-04
-1.061288077216383882e-05
4.211300964712400793e-06
9.966808436174356522e-05
6.733174049722980271e-06
4.055894908787895807e-06
2.064917302681975149e-05
-1.333331976234757891e-06
-2.460196163144183273e-04
2.508080743453791519e-05
3.815003949253976616e-06
1.154545616845449596e-03
-3.052704082330237432e-05
1.121843511159939611e-05
3.386370574008110233e-04
2.296115407883132401e-05
1.012370148472444191e-05
4.136626515578358399e-05
9.894670450590833073e-07
-5.614466590598773694e-04
6.120034794957157718e-05
5.247531007717925306e-06
3.102566495229520330e-03
-5.687804587542644337e-05
2.198564842468486377e-05
8.339800296710338668e-04
7.840134279545055086e-05
1.007374080559732626e-05
-2.105761636249191401e-05
-1.481976974629791601e-05
3.131585711565846599e-04
-1.068917343614958249e-04
-1.597306039569726399e-05
-5.221198428283426764e-03
7.986045604009327302e-05
-1.026201664146707840e-05
-5.222772833220474913e-04
-9.255623892763018934e-05
-1.160294129544554853e-06
2.839429594431366126e-05
-5.389110792990190801e-06
-3.913563225783099685e-04
-1.075124759500636863e-04
1.153382146687176562e-05
-4.061218839491837276e-03
4.398184063875654681e-05
-1.145309909525853254e-05
6.284856997309812982e-04
-4.643872551170477510e-05
2.410571470428850562e-06
-5.718574122298699600e-05
-1.882545261282303148e-05
8.220085596147721054e-04
1.536436978666976634e-04
-8.315904940531361554e-05
4.468561781191339281e-03
7.085187903360261113e-06
5.551738641796192272e-05
-1.433017033123488515e-03
1.034851391104668145e-04
-1.099233637513723809e-05
-1.407099201013644945e-03
-7.242476102770442144e-06
3.799137739537874784e-06
-3.038345790479327090e-04
4.610801559437895081e-06
-1.508864633533503699e-06
-2.410168038973458380e-04
1.972927014106279917e-06
-2.565656348567885934e-06
4.878117209544697306e-04
1.228595199823622597e-05
4.157012967352503238e-06
6.460339174455307460e-04
-1.434979699837820276e-02
-2.777652436239969877e-05
1.638574186105360258e-05
3.486767569242684014e-04
1.436233668324098838e-05
-1.697019779958808472e-05
4.649634224514777141e-03
1.689398937210297754e-05
-3.759617573445747359e-06
-5.012137930675653139e-04
5.308226743981157966e-05
1.386572639012155885e-05
6.578474134717226043e-03
-2.997462733679986946e-02
-8.156105137452368146e-06
-1.026428487468868025e-05
2.209331914793284668e-03
2.464014395879544038e-06
-2.947419387051239967e-05
1.524138610378122233e-02
4.438099266290207803e-05
-4.585830822709740335e-06
-3.462913713418095188e-03
2.571241764772678714e-05
-1.208119501399665884e-05
1.372553778266083144e-02
-7.228660512215335718e-03
7.049183054911625069e-06
-2.208973212164906311e-05
2.232000580300401145e-04
-1.038882007285694866e-05
-1.256012908466497960e-05
5.034750395646456732e-03
2.372882965739677992e-05
-8.600117483550745944e-07
-3.914218661252104846e-04
-3.676943825008695672e-05
-2.646872159285525671e-05
3.300946699017592422e-03
6.064956982904976847e-03
-5.847337651459849151e-05
3.095347978560089027e-05
-1.373919112351025919e-04
2.715233247809018818e-06
-3.895875928101578912e-06
-3.399882261707820683e-03
-3.122344944116966749e-05
-2.495204800422790458e-06
2.430480828090205402e-04
5.449250268397817581e-06
3.004113691002599935e-05
-2.771320063333576958e-03
5.126816682756460061e-03
-6.263705794067645730e-05
1.941860737041659806e-07
-1.848737677491043120e-03
-3.394358712777541731e-05
-2.891736079302592924e-05
-1.936263449568588870e-03
5.170377178443052958e-06
-8.570760382654580949e-06
2.892755617951158018e-03
-6.845252721418825523e-05
-6.617295841263014526e-06
-2.370239271079738197e-03
-5.991079369290742029e+00
7.675686142038927073e+00
-9.011603827914191456e+00
7.471026658344978699e+00
4.127584807390959121e+00
5.057179675428193910e+00
4.465242580143430118e+00
6.758938728645409455e-01
-3.376734420398509240e+00
7.171854090732235676e+00
-9.519468025055674342e-08
4.575368427757061339e-03
-3.496684596979681209e-07
2.744641518872342496e-07
-8.010235091297387283e-03
5.349625539603317207e-07
7.604930255254035958e-07
5.130224418447738334e-03
-1.986943637350548332e-07
-5.791314946935017585e-07
-1.692285437160130331e-03
-2.182891567111541587e-07
-1.952169045935223444e-06
-2.496667683983994426e-02
-3.910475962240511323e-07
-4.568199574689604132e-07
-4.557848398604265328e-02
4.466961635464947793e-08
9.132370152066883361e-07
-3.546956217555105595e-02
5.416151984020497999e-07
2.088103548861486529e-07
-1.776695055754123204e-02
-1.688346579020612790e-08
6.370779519926969548e-07
-2.862303935101158381e-02
6.217712145387983972e-07
-8.883212738383908968e-07
4.992380806326780773e-02
2.953773423819997708e-07
8.537676140099158193e-08
2.027665130065130918e-06
2.949804586811251165e-05
1.149418920632999135e-07
6.863709868737080276e-07
1.804618855739731182e-06
-4.607679904773086864e-06
-2.181508447798441962e-03
1.764606523059677346e-06
-3.150352421262717046e-06
-3.860630605487524099e-06
1.527103715685395542e-06
1.911814013853022857e-03
-4.024111059483077001e-06
-7.547611788393668243e-07
-4.440834992995963989e-06
-6.495895373979235286e-06
-2.450115036850606005e-03
-6.429566407765070688e-06
-8.145118102192212923e-06
3.356544430000021587e-06
8.996224146664801084e-06
6.580469407749524498e-03
6.114169023855990127e-06
9.477584071138756735e-06
-7.899119775800561913e-07
-2.015572973421632169e-06
-6.989042363547730979e-03
-2.855731747294408853e-06
-2.679007146712281416e-06
-1.254025810598823079e-07
-1.035054652395355256e-06
6.618617052961224198e-04
-2.358627137411118117e-07
-1.226299633639603110e-06
3.041982573918305736e-07
3.364258293307039205e-06
-8.069375281272729225e-03
-3.975223412509337725e-07
3.443702838778554228e-06
-2.187865995999128983e-06
-1.136996396943723464e-05
1.253693299498100100e-02
-3.396957353397158958e-06
-1.176216569215468206e-05
-2.961735927635159721e-03
1.055378047070722779e-06
2.723350303100206411e-06
4.535687365108375876e-03
4.597143386432175735e-06
1.547412151135413812e-06
4.616240493742089501e-03
5.501941289068686299e-03
-3.522103825153140511e-06
-6.598110865023853620e-06
-9.090654754580247340e-03
-1.139460061602899292e-05
-4.267306122350380865e-06
-8.573886219267390016e-03
7.284676205434475766e-05
4.266287206708804467e-07
4.287019777627390264e-07
1.384275658507030666e-04
7.354624325973872215e-07
2.219782348097017496e-07
-1.143622073841409477e-04
7.825401729630595367e-04
1.081944089385570161e-06
7.804980719752193912e-07
-6.297154655446258369e-04
1.135001949340826485e-06
1.086244640886840546e-06
-1.221501363137147359e-03
-8.386671109784236879e-04
-5.559888783290235400e-08
-1.212693632132670805e-06
7.389086158760240419e-04
1.412602301909242242e-06
-3.278588803071423913e-06
1.309712130736267934e-03
3.558375069343729449e-03
1.766769294431008021e-06
1.443985497128230067e-06
-3.861594443336419536e-03
-7.769230033254705429e-07
4.503439550214252378e-06
-5.551342800231484284e-03
7.535844653513998435e-04
6.249678299261976292e-07
3.194874410554755577e-06
-6.823513482580620230e-04
-1.106758504643156106e-06
5.541485004563427292e-06
-1.178217183997195367e-03
-3.788373696069656169e-04
-5.909739172560500910e-07
-3.870273829764365774e-06
9.047145790996506502e-04
6.211063278390552186e-07
-3.472784326830457487e-06
5.918414819308410058e-04
-2.673906024548854661e-06
1.122729819225652638e-03
1.492247339118846101e-06
-3.055132250152410209e-07
-1.458087076434373642e-03
2.396503525085272740e-06
3.646963730489488818e-06
-1.755466118816142269e-03
-2.211515351977373335e-06
1.491615438118084240e-05
-8.298322022080320548e-03
-1.742492712201610437e-06
2.651290172001411853e-06
9.980601619977482949e-03
1.528176898836339037e-06
-8.925954790160979746e-06
1.295543771403826622e-02
8.260543037960270336e-06
-1.255819801421504990e-05
4.802833603545946135e-03
-1.844456202982154211e-06
-3.619071196729490944e-06
-5.470786944684281373e-03
-1.020144466443412353e-05
4.381230725160947318e-06
-7.501538451371969618e-03
-5.550205250014015022e-06
1.666045877277091850e-05
-4.156277159456755847e-03
2.075116333677097070e-06
5.732460482316866736e-06
4.663851214155105215e-03
1.387276072353120264e-05
-7.380791941917691600e-06
6.500664853129266632e-03
7.975844417082959695e-06
-1.755029721539929353e-06
-1.595838789709971187e-06
2.636694185442193909e-03
1.267203638004524195e-06
8.564956557187068084e-06
-1.064801675966943863e-03
-1.233388945125504812e-06
1.191481429888405065e-05
-4.114182703913779778e-03
1.990656356731864341e-06
-4.974286591730646515e-06
1.828975134697500279e-06
1.757760503476239096e-06
-2.943209359880122247e-03
-2.013640204588951560e-06
-9.386047437873136414e-06
1.147691234706683721e-03
-1.692727096408768722e-06
-1.129509546025192254e-05
4.591709084375179828e-03
-1.917299065055423635e-06
4.725673139963547830e-06
6.543311198119394160e-04
6.900066917187341207e-07
-9.242350349093904622e-07
-6.431369694843584511e-05
-2.416242153967581582e-06
-7.297819104773128988e-06
-1.136433234148382168e-03
-4.787041283318350568e-06
-5.171742592312903598e-06
9.804508141648583136e-05
-5.628593757694547430e-07
-3.090328589118264145e-07
-2.993066310580984064e-04
-5.991039204710846278e+00
7.675347640341976252e+00
-9.010978703868781636e+00
7.470944050441129747e+00
4.129086117167597436e+00
5.062432017968315989e+00
4.473758052860448586e+00
6.775723911556166268e-01
-3.384579660346447749e+00
7.188749844598621763e+00
6.795718214244281133e-06
-4.606679033607119500e-03
-3.501242369998590323e-06
-1.516023701873628630e-05
8.337248200102781795e-03
2.981692486875672476e-05
-2.618509309315879291e-05
-3.772074479672485152e-03
8.439684952471977243e-05
1.345273029489935158e-05
1.082150098654385047e-03
-3.209857490946602479e-05
1.373774068336734082e-04
2.036590667806214075e-02
-7.191753723588550787e-05
3.585304589952346944e-04
3.496828613804823377e-02
8.880509971448978578e-05
4.942983092109272652e-04
2.137313954331734184e-02
1.445664879558157794e-04
1.695848082360562289e-04
1.075664196343438690e-02
8.886053963801575047e-05
4.492475787801692485e-04
1.542078554877923668e-02
1.210153154059979427e-04
-4.053598492992902848e-04
-3.071168541838473556e-02
-2.694882258028547320e-04
-1.200379177750829037e-05
7.784252953683414543e-05
3.492456777446942230e-04
1.580102154882059601e-05
2.370959019627883857e-06
1.005578307827030820e-04
-5.292280341745033648e-04
-4.394853119541773830e-03
-1.415636763265620693e-04
-5.335597507304904331e-05
-1.248789628763134372e-04
7.723996224299819070e-04
6.128243455875015053e-03
1.996105992336628205e-04
8.066348500823371259e-05
-1.574822787441795607e-04
6.432596359642619131e-04
3.751682895945508862e-03
8.323435512723773933e-05
1.303280332667622321e-04
1.970400790102829597e-04
-3.962372416551462732e-04
-4.724969981272659353e-04
4.925648078058842728e-05
-1.636093544469068278e-04
-1.892748268512653713e-04
2.031796182984876593e-04
-1.360496643153195732e-03
-9.214195150970972542e-05
1.338338916121782716e-04
2.507396049494881331e-05
-1.283355993785603445e-05
1.670142087639758842e-04
-1.933530267566005195e-07
-1.049511874334825211e-05
-2.089006208633522482e-04
1.704890593035065637e-04
-1.478775421773834923e-03
-2.746047294134747315e-05
1.101429111374559601e-04
2.669391938974664965e-04
-1.531922664188797617e-04
1.868583741094439338e-03
-9.065309198084134726e-05
-8.245248170069013503e-05
2.883385178469415056e-03
6.564619813125498844e-05
2.118655158442203580e-04
-4.345557324611211934e-03
7.834613850201139888e-05
-1.811560539392068861e-05
-4.507651895788086609e-03
-4.959744834025101023e-03
-1.358203157997608370e-04
-7.382778257518761303e-04
7.442048174042506688e-03
-1.958823946092310938e-04
-3.302938210480193984e-05
7.747260297903031841e-03
-2.123051990333103486e-04
2.370194185665661340e-06
1.149236404018325806e-04
3.160071797424956119e-04
1.454428853387309915e-05
2.359870709336808336e-05
3.339831517873649482e-04
-1.117583821290641516e-03
7.346295717569877731e-08
2.539772368000172147e-04
1.719925915801910404e-03
2.964379564447634308e-05
5.850804726585320125e-05
1.749903218014576146e-03
1.057849690267772006e-03
5.597247223003746185e-05
-1.308709061705104265e-04
-1.714763694268884144e-03
-1.415934424354439378e-05
-5.872227238407578230e-05
-1.722551493981773355e-03
-4.374669457907431024e-03
-4.747017526850587647e-05
5.272640277938508242e-04
6.702314692130557743e-03
5.485626656447221462e-05
1.527617553333315088e-04
6.876498834470175237e-03
-1.075238600940616341e-03
-1.606524416441570155e-04
2.193949686384289409e-04
2.781290208731882103e-03
2.355419670515220584e-05
1.331873364770627894e-04
1.934413759141800481e-03
5.331525748067701687e-04
2.678090029302036433e-04
-1.012737835799997453e-04
-3.554238500886817195e-03
-1.553699610985074023e-06
-1.699878492797708555e-04
-1.301219495976656823e-03
-1.151408452021762412e-05
1.290917008290159941e-03
-7.536821800200933536e-05
-1.116373657024222177e-04
-1.423810460593107454e-03
-6.575403346113495296e-05
4.867368097748406438e-05
-1.953369840577274825e-03
-3.221746891875607556e-06
8.065141206537271995e-05
-9.335483783250062353e-03
2.395502240068405784e-04
3.052113039081693030e-04
9.433268838111838472e-03
2.258355279695610236e-04
-2.134817336112435147e-04
1.430141002350510983e-02
2.167546566609335743e-05
-4.416049851322528547e-05
5.465918111225588800e-03
-6.663045356868004150e-05
-4.816758967614675319e-05
-4.958758873906802568e-03
-7.749490351761346930e-05
9.890534893523785702e-05
-8.439211746373936895e-03
-8.132672014156056071e-06
3.790212951324756978e-05
-4.868583977101719959e-03
5.598102217581590992e-05
2.070820653057145244e-05
4.079162545087052644e-03
7.220592702312008261e-05
-1.029303284497454208e-04
7.535387178050879757e-03
-3.008798289808770705e-06
-3.286155466681797151e-06
-4.763118769701157082e-05
-2.735950541815153955e-03
-5.009811981337349029e-05
-7.804320971383453933e-05
7.586227186064404410e-04
-3.585932414381212999e-05
2.409054667898751433e-05
4.366933196637654870e-03
-6.915927952592137756e-06
5.238321961851495959e-05
9.879360427664017434e-07
5.159762620043818347e-05
3.049077112003187838e-03
7.231889067525480350e-05
7.397218051315355395e-05
-8.439961374378454617e-04
3.959094646033324842e-05
-3.323376241861538132e-05
-4.874017737569508527e-03
5.550051597812718888e-06
-5.026653143262626764e-05
6.941931770795513931e-04
-5.968445219973500011e-05
-3.762114174819179528e-05
-8.658820750567997526e-05
-6.269199744801990412e-05
-6.523368476737815332e-06
-1.070318867649118358e-03
-6.606721170263112281e-06
5.724524430663773021e-05
2.500057167166653757e-04
5.834889172924838949e-05
-9.738586147455251816e-05
-2.888281686051841560e-04
-1.062961344197467994e+01
1.463434560344812319e+01
-1.831540176329967906e+01
2.081927287978744801e+01
-1.574615430777650715e+01
-1.855758163470502353e+01
1.912079029445946432e+01
-1.735541199045567140e+01
1.537285129370747860e+01
-5.910928327322089615e+00
-6.478316452564162553e+00
4.271990720063141289e+00
-4.899931712611322876e-01
4.361843705012145023e+00
1.540739994534478896e+01
3.306154784523895898e-07
1.659036696908371686e-05
-9.463340670510343310e-08
1.590070322623655272e-06
-4.608069092665674813e-06
-1.976164185815275798e-06
-7.745146878080688124e-06
-7.144757982919521877e-05
7.888399102504020245e-06
-3.381825775143850303e-06
-2.425201616325036211e-05
3.558881378488264445e-06
-5.718481982343252095e-06
-3.700957780826615604e-05
6.329745594428173192e-06
5.174880770871934565e-06
-3.806444453021414571e-06
-5.862856849089728611e-06
-1.835551083244999914e-05
4.911056839396435079e-05
1.912396775594218547e-05
-1.661480526180595361e-05
8.773569356093791766e-04
1.247214572693046701e-05
3.512357807001759683e-06
-5.997786801272420552e-03
1.826041138515727773e-05
-1.461790535878547187e-05
1.343052184600355622e-02
-6.762973614656480692e-06
-3.471091986101970954e-05
2.470699519686606407e-02
5.095040036845390353e-05
4.049423841586133538e-05
-2.021695510269068755e-02
-7.557545405743987493e-05
2.802466097448076367e-05
-1.548084841725149222e-02
-4.110449996665926453e-05
-2.138329000673049843e-05
-2.298025894417806900e-02
4.464375007990766279e-05
-5.995226665913556648e-06
-2.181901900669423194e-06
2.642000996874702042e-05
2.433083736906483569e-06
5.969992799486500408e-06
6.674684720689742601e-06
5.583688082152468654e-06
6.364930434621965350e-05
-5.473823653842985975e-06
-6.641292547826044756e-06
-2.772682589574274354e-06
-4.346824804782636650e-06
-2.194473143453156479e-04
4.084866173899832386e-06
2.868951950803988378e-06
-5.350875625830661362e-06
-7.771382894167463317e-06
-7.645476375229909652e-04
7.824364112523542005e-06
5.190576366028157005e-06
2.617802778523140370e-05
3.926870046010959016e-05
5.326385592851048088e-03
-3.588676320184440953e-05
-2.669242802376981671e-05
-4.490332433746832758e-05
-5.846355924777181610e-05
-1.116106737262586614e-02
4.967182769635162187e-05
4.685798045619987982e-05
-7.492166833456223606e-05
-1.070972489611187102e-04
-3.737846447575499109e-02
7.385057757964504685e-05
8.482631623190198310e-05
4.180771972460523928e-05
1.089478577074047327e-04
5.606582217241707494e-02
-5.889893825326732028e-05
-6.371478792820090909e-05
1.098319694643240214e-06
-5.686229239919728440e-06
-3.852035077676329959e-03
2.402045212832786424e-06
1.049402131038102997e-06
-8.278139590947112674e-06
2.271282120754841995e-05
3.282119692228331522e-03
-1.912682106539630560e-05
-4.034315345446637652e-06
-6.356136971759506891e-07
2.894080863600948883e-05
5.049878652206236940e-02
4.137062116283689084e-06
-2.438320614018347200e-06
2.487823233755653705e-05
8.258834308264106190e-05
4.809049320244569020e-02
-5.707511319878315640e-05
-3.530566451184006643e-05
-1.794127355410647041e-05
-1.571891936669232462e-05
9.515260466556096919e-03
2.359949010959461752e-05
1.692019190982046024e-05
-4.454365934019378123e-05
-6.140860959656412380e-05
-1.653022483200118631e-02
6.212015394562814480e-05
4.538567805071885700e-05
-7.955251434513603526e-05
-8.337280226114288128e-05
-2.174605408357268774e-02
1.002699809676491912e-04
7.654666537463392551e-05
-1.164540667531251926e-06
4.541070314002515812e-06
-7.791444915386881916e-07
4.821257240236416009e-06
3.215026879973653803e-07
-4.548575800278302252e-06
-3.855502905739293033e-08
5.957026460705167365e-06
-1.020299763916760494e-05
1.953959807380547177e-06
-6.924102115395204039e-06
1.174720781012688607e-06
9.170344464536903307e-06
-6.343475862417939840e-06
-1.529175150011092288e-05
2.462088771756097070e-05
-5.384892236253340882e-06
-6.358076823720132300e-05
-4.567027274445945170e-06
-2.231234080952056097e-05
2.981921010345469809e-05
-4.471293745314989891e-06
2.450913036458442153e-06
-5.579643681118483887e-07
2.934908410942795555e-05
-5.162120293880500822e-07
-1.578662618189609751e-06
3.961192461830364977e-06
1.482590043811288991e-06
-3.019072248504835773e-05
8.393981897882585771e-06
1.887500621369246276e-04
3.558081698036563203e-06
2.739285243098905109e-05
-1.149250275453919503e-05
2.131364565636441235e-04
3.809769686743862084e-06
-1.241588804627683328e-05
-1.047652520396326770e-03
3.383081601703546328e-06
-2.550295378161926788e-06
-3.116532674972372573e-04
-8.184224079050871677e-04
4.538101528585459100e-05
9.252223095985948612e-06
2.614254408968467048e-03
-2.021281300553618996e-05
-4.446780246756643578e-05
1.276841130997307099e-03
-6.246169639430461905e-04
3.706795387433052498e-05
-7.358923559575597409e-06
1.729396828453420897e-03
-2.457107726310080656e-05
-3.663331826810001192e-05
9.900864117295697566e-04
1.047673843128944099e-03
2.535259819699596333e-05
-1.379459291690304825e-05
-2.648512257939471867e-03
-3.492346852696766806e-05
-1.870253220870539467e-05
-1.624220120057827182e-03
2.102981492810961171e-03
2.918311347974023102e-05
5.640915219065820288e-06
-5.881283488608946876e-03
-3.064284491790164383e-05
-2.026696901698519539e-05
-3.259086685453910660e-03
-6.293000447446837160e-04
-9.903638813087397292e-06
-5.229993231654244453e-06
1.902700926983340573e-03
7.374317715886757790e-06
7.763679678828870937e-06
9.723212712019130895e-04
-9.643050267500400535e-04
-2.043501035916473182e-05
-3.198749562614872200e-06
1.623366920089106035e-03
1.968080926673848572e-05
1.107433526962257508e-05
1.493583644266100689e-03
-2.201846378614281778e-03
-2.831137918761114072e-05
-3.273459658183382870e-05
9.124279664143072899e-03
1.358160298155468400e-05
3.230998959578049542e-05
3.385347545205739852e-03
8.721360322705130029e-04
-2.562102807906862904e-05
2.877625587358242367e-05
-1.119435733732676054e-02
5.542254377727887365e-05
-1.219620969243480934e-05
-1.342823122118118502e-03
-4.820381484511611082e-06
-1.903901559564357250e-03
1.591432904377973855e-05
-5.286300341066304013e-06
2.119351324698321836e-03
-1.237226127995022014e-05
-1.209230183408187666e-05
2.957061835148719255e-03
6.724435350842727539e-07
3.188186961910230259e-05
8.339942044561624718e-03
-4.588622586462669868e-05
1.325964276143231171e-05
-9.906378477405667488e-03
3.976714821842299572e-06
3.315401994899532434e-05
-1.297705544540518965e-02
-1.523313169113328040e-05
6.092765845553069497e-05
2.120410252161255421e-02
-8.565621608678806510e-05
2.426304827899661943e-05
-2.584197502620446188e-02
5.828470212988560420e-06
6.842238089829554655e-05
-3.301370546943999118e-02
-2.571914069471900008e-05
5.052927481691120177e-05
3.594349564985487716e-02
-4.664608914641931846e-05
2.917600756126756379e-06
-4.032813695197685205e-02
-3.074667343668981568e-05
4.829708793749164101e-05
-5.602300080741485361e-02
-2.206097759858030951e-05
4.213023335972350403e-06
2.911624018229421601e-02
-5.447947338964954705e-06
-3.228512806701318462e-05
-9.923152832919368213e-03
-1.147090628474844347e-05
1.474480983094705920e-05
-4.541521472124209619e-02
-6.536139867712131802e-06
-1.635021362472677210e-06
2.383822159075154809e-03
-8.137703253583520864e-07
-9.283883293879644161e-06
5.861190356693290852e-03
1.888121816911425999e-06
1.776568956483736814e-06
-3.724631841369396845e-03
-1.197865876533434551e-06
7.767377607861857859e-07
-3.814366391071565780e-03
2.737977607660220319e-07
1.321543870568755934e-05
-7.721881099616937846e-03
-8.986207050621722173e-07
5.992091292202705941e-07
5.954126615117419363e-03
4.065404254329790207e-06
-1.923487063163593046e-07
-9.141245373560202836e-03
3.614441148373368146e-06
2.946444962835069657e-05
-2.524348562360859138e-02
-1.149436221859572798e-05
-7.658539565823400600e-06
1.424950998374759428e-02
1.138200160027485829e-05
-4.985698776094136042e-07
-6.259517694215807268e-04
2.200615345535284400e-07
1.463407501035112309e-06
-1.836609199555927019e-03
-1.006037700740502615e-06
-4.839296462327171200e-07
9.730584356397590281e-04
1.289214008762950179e-06
1.427915004996885913e-06
3.574199401236486870e-03
-6.437305966027578560e-07
-6.650388334537278214e-06
7.436364140487392548e-03
4.049544456272804167e-06
3.044221485107547262e-06
-5.558440834447290341e-03
-5.364575256355903215e-06
-1.806568347087521634e-06
1.068189522149463021e-02
1.413380386987216574e-07
-1.756808336706582960e-05
1.361682206325984593e-02
2.443188896710260970e-06
1.321235988421020952e-05
-1.661204026219281760e-02
-9.919717263562323700e-06
1.676365279694722380e-05
-1.124186850875225421e-02
3.971314527370845872e-05
5.655075772891486998e-06
-2.699304359937526425e-03
-1.756179200001350163e-05
-5.167331955897519285e-05
1.749854572058821486e-02
-1.810701696870840177e-06
-2.210281510582464630e-05
7.592564931401856246e-03
-1.421962453268066991e-04
2.901628035381517996e-05
2.356019269720222280e-03
9.980133822481084514e-05
1.101640107614725213e-04
-1.186944520154405852e-02
8.699500795578982506e-06
8.991991473055415790e-06
4.273370072600572928e-06
1.756018436211548685e-05
1.050523488347879832e-05
-5.258371679100165661e-07
-1.812209718474935697e-05
-2.292561116984513867e-06
-1.426614182265243641e-05
-1.143536369846072669e-05
-7.975433911694942881e-06
6.999857850100033199e-07
4.092443801035185527e-05
6.537898806220770478e-06
8.269801669714236668e-05
4.033946458915118856e-05
2.205237311593085021e-05
-5.670699776022374581e-04
-1.193576926251859404e-05
-4.156603200896949175e-05
-4.364804276224178582e-05
-1.566852309962291653e-05
-5.084840262919071134e-06
3.243945281238444999e-05
-1.479504890174705855e-05
2.053978157690054460e-04
3.146049000046811857e-05
3.875202712102672194e-05
-1.201536479319238824e-03
-1.439844053780584687e-05
-2.139690008956397473e-05
-2.419367608420171787e-04
6.742204976600538584e-06
-1.391610717051237194e-05
-7.162155596306849627e-06
6.101327003003017286e-06
-7.540544939843652817e-05
-7.950393771351341323e-06
-9.783519334250020039e-06
3.663514035478216270e-04
4.125616601121530929e-06
5.360188697099511887e-06
9.962074949784159594e-05
-2.988286145057321974e-06
4.178893322920019282e-06
-1.917014368799555788e-05
2.073527079467954749e-05
-2.460029830346283021e-04
-2.207196854410737921e-05
-2.820600993438065031e-05
1.154379946283666091e-03
1.183609305502699151e-05
1.584111656839705835e-05
3.385208350815029489e-04
-1.026965111277241847e-05
1.273094395652954652e-05
-2.936553257375559129e-05
6.761939849301665142e-05
-5.613425851921749303e-04
-4.923669257451425939e-05
-5.191824567373008433e-05
3.102418939518620470e-03
2.366685769124004520e-05
4.173905100253143675e-05
8.338621270275421238e-04
-4.000638006427068043e-05
3.068231457172603742e-05
1.129746627002812878e-05
-7.265225518634686134e-05
3.129427645676316179e-04
6.145395869766594090e-05
7.783017753136804316e-05
-5.221230289357402070e-03
-2.587357220271089409e-05
-8.763513687165722067e-05
-5.222008865076694728e-04
5.857615304503668906e-05
-1.792902626050150847e-05
-1.587469481974543449e-05
-3.749274110007640723e-05
-3.912510173103545506e-04
6.265079626515384769e-05
3.313029943115728765e-05
-4.061243648663924628e-03
-3.193760248934886644e-05
-8.766434967837176807e-05
6.287843782524397485e-04
2.696975794237812293e-05
2.278281647163412352e-05
3.655211835933495879e-05
9.937677135276511359e-05
8.213262726377777408e-04
-1.235343822490729841e-04
4.667549949952440715e-05
4.468611931251332929e-03
6.859018430052799670e-05
1.054947778788561399e-04
-1.433701405992009658e-03
-3.436296595764927063e-05
-4.317406438633123806e-05
-1.407100659401171357e-03
6.586663424511443853e-07
1.014509903204886316e-05
-3.038341008374589934e-04
-2.578659960498483122e-08
2.508434400005316663e-06
-2.410577368485372434e-04
3.504318318990407900e-07
4.757364398316800695e-06
4.877994591935972324e-04
-1.019490759543056053e-05
-9.146893193256299271e-06
6.460205462429661951e-04
-1.434984221555940694e-02
3.333741503106034382e-06
4.250250824586530960e-05
3.487243622727883912e-04
-3.712984999860465376e-06
2.309496913881194590e-05
4.649417786016828320e-03
6.403440121811608044e-06
1.276055419269860156e-05
-5.013313966075567344e-04
-4.326465355862636438e-05
-3.270052660747317229e-05
6.578476644180607062e-03
-2.997473824866314987e-02
1.597518777121308359e-05
3.173792706335256926e-05
2.209542668070517413e-03
2.872799662180774288e-06
5.313198644627233958e-05
1.524094691468208355e-02
2.659908268406085876e-06
4.100956658013052251e-06
-3.463128902679471748e-03
-6.202268972338182557e-06
-2.770073275710683192e-06
1.372578573318076339e-02
-7.228622749444616261e-03
2.034193464966664269e-05
-1.978433232667062329e-05
2.233046034307151065e-04
5.931673508441571334e-06
2.684475611449358968e-05
5.034554736568704579e-03
-1.743577008781168670e-06
-8.064112945321019830e-06
-3.914858005872054805e-04
3.701708476738808375e-05
1.812849262462537425e-05
3.301009066846653361e-03
6.065121919765354731e-03
1.944067663626301094e-06
-1.244479111682030081e-05
-1.375022365126108868e-04
1.076595659349513767e-06
-2.585678667217730122e-05
-3.400105212158593265e-03
2.024504152454677797e-05
3.230074388742208862e-06
2.426707281336336613e-04
-2.848466878334411068e-05
-6.359877110107139226e-05
-2.772022756462541333e-03
5.127255508032072841e-03
3.819181053886348560e-05
-5.707686389746932870e-05
-1.848770262859614948e-03
2.485009651091653511e-05
1.798069887381782651e-05
-1.936830303575265899e-03
2.271409825220469816e-05
-2.599308969012092399e-05
2.892245493975334914e-03
3.293927850197624584e-05
-5.176922622824921283e-05
-2.371267853276302299e-03
-5.991079260620766789e+00
7.675686324405505800e+00
-9.011604315597894654e+00
7.471027374841231250e+00
4.127584845447928252e+00
5.057181073127472892e+00
4.465244750911721461e+00
6.758941823673064730e-01
-3.376734885089621052e+00
7.171851759179613595e+00
-1.105377578500664093e-07
4.575493781454758463e-03
-2.825858862231183218e-07
3.289515706653990882e-07
-8.010391741705084889e-03
6.660720845992413173e-07
8.951416336492192566e-07
5.129690417315939735e-03
1.013625033617223366e-06
-6.643983390325445446e-07
-1.691049841914111585e-03
-8.490936339444367980e-07
-2.141972750621010707e-06
-2.496247735459961384e-02
-2.255062264254371331e-06
-3.082139782476585728e-07
-4.557522249705128065e-02
4.405864796988689275e-07
1.138520764801833494e-06
-3.547056671140186301e-02
2.165371510719342987e-06
2.625063324399208762e-07
-1.776914699562542194e-02
8.126130805685817427e-07
7.401998480023370717e-07
-2.862604800111109501e-02
1.793926099815536882e-06
-1.098880784069496236e-06
4.993013799632711747e-02
-2.446307036352644685e-06
-8.057458461872690764e-09
2.391712136277672951e-06
2.299519331356442153e-05
4.244608018456056997e-06
3.687453634941802807e-07
1.002432047100445214e-06
-5.684721830426387663e-06
-2.163056855240695544e-03
-1.386730924027562520e-05
-4.717023502771529092e-06
9.094079523130483135e-07
2.535926299083427179e-06
1.899054868992360555e-03
1.026187019029192019e-05
7.831162610266984128e-06
4.208141152320109617e-06
-6.490428832896918234e-06
-2.439009460259487002e-03
-6.145889620004366385e-06
7.350855797815274990e-06
-4.594508217377981957e-06
9.633117200458335316e-06
6.559082184040691474e-03
1.319625603963372767e-05
-4.897741118291660549e-06
1.777999227498453493e-06
-1.954446600975224961e-06
-6.984044238836507011e-03
-1.907017172564775891e-06
1.869408494752369549e-06
5.410133322897068295e-07
-1.177328767438790167e-06
6.647298328929594335e-04
-2.250950089316048561e-06
-4.810789228867617548e-08
-1.199167856535157919e-06
3.949436641378602629e-06
-8.078256761914821837e-03
7.935916728616213315e-06
6.847184641556394913e-07
5.262205891058759178e-06
-1.271832580427750225e-05
1.256603094307979715e-02
-2.162105834360237146e-05
1.772992409396431854e-06
-2.962916968203914946e-03
-1.315027232421821780e-06
2.453813029343913432e-06
4.532007230544427522e-03
1.547657982959439157e-06
-2.546403693102610882e-06
4.615890883164916296e-03
5.503965491586477674e-03
3.565489338275575467e-06
-5.654856188546341919e-06
-9.081571012724816080e-03
-3.319549375477913146e-06
7.817595521670784523e-06
-8.573521547755801400e-03
7.311154195164656293e-05
-2.249313530616888546e-07
2.314064278218943211e-07
1.372901971170441585e-04
3.327636917422959653e-08
-8.184131235717890953e-07
-1.140987268814059680e-04
7.832480749462490286e-04
-6.993915063444007656e-07
4.598040574749144601e-07
-6.313721207250331049e-04
3.084965671372756954e-07
-1.860607524312067903e-06
-1.220890941594692490e-03
-8.403741090600944661e-04
9.655233799091557278e-07
-1.751367687115819969e-06
7.437295546165490238e-04
-4.104695216856918952e-06
-1.138788552785548291e-06
1.307765768686862872e-03
3.561427511376161724e-03
-1.760021521651650099e-06
1.506958782660473853e-06
-3.866042598455994919e-03
3.351621278852259691e-06
-1.627366512650255699e-06
-5.548702956895027599e-03
7.557922559427235343e-04
-1.806231882152726386e-06
4.030680145030020206e-06
-6.930125268852482248e-04
8.412673450094196819e-06
5.841289091766495580e-07
-1.175515732722820809e-03
-3.797316493511815631e-04
1.009250976199877602e-06
-4.743822512153632014e-06
9.170042069464311467e-04
-9.569942995366713447e-06
5.395937706978551395e-09
5.906335303519549742e-04
1.909678890861633818e-07
1.124238508074198225e-03
-1.926380170446152744e-06
-3.768059664421853197e-07
-1.452895754113477014e-03
-1.881468052424369277e-06
-2.518311507878548519e-06
-1.751590445338473915e-03
1.722972609832859879e-06
3.839196181699027529e-06
-8.306661429454176987e-03
3.796264186802411118e-06
2.213252216583999929e-06
9.963741348175859588e-03
9.788577179054205117e-07
-5.452201638791405419e-07
1.293451667885722224e-02
-7.437698581795216339e-06
-4.875985755629443400e-06
4.811532549337325937e-03
-3.162924186132530898e-07
-2.721532107356408394e-06
-5.461108436371985529e-03
2.776706626818767594e-06
8.755845889891292967e-06
-7.484932979957050099e-03
5.308064195504639231e-06
5.636905014025678606e-06
-4.168999131639768152e-03
9.072385416590314611e-07
4.659574991404450450e-06
4.648410162942235614e-03
-1.451054720006193540e-06
-1.156592891269834345e-05
6.479616780884314350e-03
-7.239271272831597738e-06
-3.832668139422518986e-06
-4.867138534962023362e-06
2.641803450527594691e-03
-4.627927854498957265e-06
9.586662375812259323e-06
-1.087267009328972325e-03
2.053800197236834972e-05
1.582731974975755114e-06
-4.110942933773725251e-03
-9.270588403565455674e-07
-5.306998495327543738e-06
3.332382680675846232e-06
4.575089298415210861e-06
-2.948247407358078019e-03
4.644907958493054971e-06
-1.021019723825325907e-05
1.171972905847558930e-03
-1.922129287018456325e-05
5.648092502112182192e-07
4.589809338390819955e-03
6.711286786983620126e-07
5.117498468589310123e-06
6.510187253325097189e-04
2.266169066531699756e-07
-7.555703831175641977e-07
-6.130841623946600705e-05
4.014559058305926272e-06
-7.361185305617367041e-06
-1.116501743483354521e-03
-9.882523427758806205e-06
3.684425407565697075e-06
9.893962954242836944e-05
7.141923818880359852e-07
-1.242092584603991802e-06
-2.995532577002499026e-04
-5.991039226969795628e+00
7.675347737030816297e+00
-9.010978769178521475e+00
7.470944332143257149e+00
4.129086539896865027e+00
5.062432878182852036e+00
4.473759051047345281e+00
6.775725303899792218e-01
-3.384579961839788709e+00
7.188749397928628326e+00
-7.134795281954836523e-08
-4.606709056778234522e-03
7.922660684824069539e-06
-1.873044400151465733e-05
8.337519201666726554e-03
-2.819176017200952230e-05
-5.976822328545040581e-05
-3.771330437261625167e-03
-6.301344091043877579e-05
2.108823540960320348e-05
1.081877248167551799e-03
2.695967123081576602e-05
-7.883445163877432342e-06
2.036525256395699257e-02
1.510614172543082220e-04
-2.592864530538815850e-04
3.496868044994225211e-02
2.631208043058779096e-04
-3.743595910406943036e-04
2.137313869838246977e-02
3.545263086831038990e-04
-1.624133510628457367e-04
1.075596992165429866e-02
1.018794783719810976e-04
-3.307575758710795460e-04
1.541986939423884047e-02
3.269038155145068602e-04
4.377274262685039528e-04
-3.071023095042432066e-02
-2.159743449906361453e-04
7.717399298009364585e-06
-5.259649878897569445e-05
3.488930991936915315e-04
5.978431465445880168e-05
9.073694734364288333e-06
-9.189691856071290077e-05
3.863849184987475788e-04
-4.393879469825803970e-03
-3.904974819900541632e-04
-6.153363998928542550e-05
1.260023977328265498e-04
-5.581392037028751283e-04
6.127144688216342588e-03
5.729028153662490443e-04
6.954895046307402792e-05
1.884128519351495399e-04
-3.937582631394196710e-04
3.751040688725159559e-03
5.171062414781306014e-04
7.207697630782670343e-05
-2.399557660191725748e-04
1.560829585524284996e-04
-4.720159449357582207e-04
-3.676460921636021725e-04
-8.865279173190859438e-05
2.110652756411603138e-04
-2.246717273648562432e-05
-1.361417111204813769e-03
2.214212278567664069e-04
9.602190919902331423e-05
-2.126979073109652914e-05
6.485861203283294405e-06
1.671850732067304787e-04
-1.122161794354033145e-05
-1.646169032671673994e-05
1.988210007718089535e-04
-6.171770583378180866e-05
-1.480119935631709488e-03
1.614494933511197551e-04
1.250487751565427673e-04
-2.019207179239598283e-04
1.552344272357062294e-04
1.870831557397635743e-03
-8.775468282774637229e-05
-1.889763587685405256e-04
2.883459553303479531e-03
-4.785315511027316763e-05
-1.743978455575590468e-04
-4.345724700427005052e-03
1.437404019549609363e-04
-4.786598084313405197e-05
-4.507602371690177211e-03
-4.960075303204025676e-03
4.000308077459669050e-05
5.409068806131389021e-04
7.442647771303208953e-03
-5.396288361625071854e-04
1.335728955000156811e-04
7.747031928742403872e-03
-2.122229533349372262e-04
1.857290771694975953e-05
-7.038973165488901138e-05
3.159172614140851260e-04
9.199442125621122937e-05
-1.360413174990974619e-05
3.340361773458957388e-04
-1.117413305206125824e-03
4.889598526734965261e-05
-1.533241072869717984e-04
1.719723263277689188e-03
2.046685036666310523e-04
-2.869293520171018998e-05
1.750015735655329353e-03
1.057498091513632641e-03
-7.892769696061897682e-05
7.753351521905672665e-05
-1.714582363978979420e-03
-1.065542496737158077e-04
-1.879190845805393101e-05
-1.722593496172540681e-03
-4.374078694265313635e-03
1.528083908908619876e-04
-3.117881578928591237e-04
6.701844304723045612e-03
4.290772985836279136e-04
-3.427349914578090289e-05
6.876709607063781135e-03
-1.074554172367633322e-03
1.951028759435960891e-04
-1.303709510013245513e-04
2.780723609413152456e-03
1.782591347663985636e-04
7.184386449376537463e-05
1.934523836612159382e-03
5.323280741887731699e-04
-2.797866763742081278e-04
5.261645787513832969e-05
-3.553323975330972828e-03
-8.673100249869181220e-05
-1.459079199187453431e-04
-1.301335972836553320e-03
8.542074502243616804e-06
1.290890481814128358e-03
7.982001227972448335e-05
1.132622698408980130e-04
-1.423856571608613994e-03
-6.306904283749459425e-05
4.110535462100646281e-05
-1.953334072411583820e-03
-8.128275390414989865e-06
-5.929070285400050831e-05
-9.335292658125654910e-03
-3.058860491593041282e-04
-3.502356110584885955e-04
9.433041036141277119e-03
1.489542825877743042e-04
-1.008368720533578514e-04
1.430127785203164775e-02
5.617000346153220756e-05
2.936970897537227547e-05
5.465852949985614689e-03
1.198393457815911337e-04
9.204997800330607912e-05
-4.958242582816536209e-03
-2.437357743257757500e-06
8.148979658127596977e-06
-8.439256290957122125e-03
-3.154998592558053518e-05
-1.663696597356778507e-05
-4.868590289446511794e-03
-1.176628680687018941e-04
-7.371490576669590571e-05
4.078439401391370338e-03
-1.857334265441383536e-05
2.894536238496413336e-06
7.535512281038849597e-03
3.140176809721458858e-05
4.789905046739091014e-05
2.972488514006892189e-05
-2.735980573155877629e-03
4.648637841091221253e-05
6.954200327954706369e-05
7.587048933225795568e-04
-5.050173475487325977e-05
3.087733750298680339e-05
4.366860977028188574e-03
-4.034708095436812610e-05
-2.320086286500945579e-05
-4.489893049599492816e-05
-3.056231732913001033e-05
3.049107660893266448e-03
-6.553501934718631693e-05
-7.079430841995057607e-05
-8.440303317302092281e-04
4.521236344417952366e-05
-4.548677574662006234e-05
-4.873974699265685821e-03
4.446924649234267469e-05
2.409751003463258016e-05
6.943163701715003838e-04
-5.317930199892173353e-05
-3.166190107639392043e-05
-8.641724901417200365e-05
8.171246413610124947e-05
8.810420064926140216e-06
-1.070276624789641678e-03
-2.854341927659305965e-06
2.529937849446732469e-05
2.499666876077410484e-04
-6.266258628132075027e-05
1.004719577396924923e-04
-2.887666715104318747e-04
-1.062961594601063453e+01
1.463434945109021079e+01
-1.831539583934817372e+01
2.081926399428274266e+01
-1.574615753646793515e+01
-1.855759532858327177e+01
1.912082022524118941e+01
-1.735542452385782752e+01
1.537287262161930457e+01
-5.910947460908385409e+00
-6.478313283009679679e+00
4.272008297658150155e+00
-4.899969645527056383e-01
4.361868923862436631e+00
1.540738771036903287e+01
-2.832269851046374185e-07
9.278575804437152314e-06
-2.590795997880769022e-07
-2.793265528546363675e-06
-4.715406172608895286e-06
-5.046142811493654434e-06
1.196224886082620632e-05
-3.196039390557450522e-05
2.022972108301550152e-05
5.341001415434882735e-06
-9.722355129167781603e-06
9.134598630386723980e-06
9.367652521279051764e-06
-1.215998287594672477e-05
1.619925979505072543e-05
-8.617708853021409943e-06
-2.133790460059313825e-05
-1.495286076809865605e-05
2.891619236296167234e-05
1.366832826257868068e-04
4.897939364744968575e-05
2.141162610974007880e-05
9.950381687253914698e-04
3.233071223636988173e-05
1.800990148361054189e-05
-5.969878391039444392e-03
4.528221025264745020e-05
-1.722973067297089273e-06
1.334691623702052160e-02
-1.565604950218196290e-05
6.977916547302296280e-05
2.482668048595646285e-02
1.303436461449864966e-04
-9.934422356848923177e-05
-2.042655897253635444e-02
-1.921122530812309189e-04
-5.683823448709323560e-05
-1.558619397401751067e-02
-1.052094478271456754e-04
5.590288387982396759e-05
-2.290120143841234759e-02
1.112387728755675760e-04
3.125210249726043576e-06
3.903565435123836499e-06
2.679582114518620675e-05
6.913802443771005233e-06
1.837555238814053331e-06
-3.766565772055959232e-06
-8.464638885953315833e-06
5.299370291704272686e-05
-1.434492013097128891e-05
-2.122590819347376745e-06
1.597840767459023826e-06
6.153161601459035695e-06
-2.084526512535246081e-04
1.028449407562089904e-05
1.140198314798408522e-06
2.718800339411379106e-06
1.180642728418640106e-05
-7.396371351803287565e-04
2.006670762377268537e-05
1.507758937953009268e-06
-1.381508116427926417e-05
-5.542651191451895436e-05
5.219761541218954047e-03
-9.187718132911720955e-05
-1.004104705523188564e-05
2.354205886279770550e-05
7.855883301908707535e-05
-1.102747805730531876e-02
1.278220089815441701e-04
1.932420326593537412e-05
3.947274362172346738e-05
1.242469233581063677e-04
-3.719856276034308462e-02
1.901640555207862555e-04
4.570405849596972052e-05
-2.943914308962655349e-05
-1.081219109088350186e-04
5.590954474202949886e-02
-1.522374199969762974e-04
-5.787387724977527647e-05
7.220642181434980185e-07
4.909367042101371676e-06
-3.842647304511160027e-03
6.279760448716958427e-06
3.832006497936009595e-06
-6.413230660069513142e-06
-3.034141189367230656e-05
3.216067391152777240e-03
-4.969689189406890760e-05
-2.047544755273719670e-05
2.005319540354942630e-06
-7.996694550610449818e-06
5.050195739680466561e-02
8.477765387042163897e-06
-7.668183711592535553e-06
-2.267673694798989052e-05
-9.769811274012037930e-05
4.792860129030667576e-02
-1.490349935553059906e-04
-3.006800435015062178e-05
1.019242869633091453e-05
3.195594179355621561e-05
9.571096096938744649e-03
5.960281411093924201e-05
3.771065555530658810e-06
2.639192604104902755e-05
9.247748716578502344e-05
-1.637508727206440917e-02
1.578565133580780262e-04
1.695692868930940208e-05
4.318563264587344013e-05
1.412631338329325623e-04
-2.151271614387382375e-02
2.518089647895397753e-04
2.110111687539768259e-05
-6.939690490180194655e-07
-7.431551763081202680e-07
4.745750038174751342e-07
2.389972044246974276e-06
3.207290806393155723e-07
-1.153202151919631397e-06
9.982891081431292132e-07
4.846328734521617209e-06
3.120051397560475535e-06
-7.268336378495218630e-07
-3.628789102059533237e-06
1.510559278248743794e-06
2.035010062822540853e-06
-7.961721346069094673e-06
-1.669084024668361998e-05
-1.075328216014648980e-05
-5.742237333438698116e-07
-6.251213965984896658e-05
-8.988007607966581829e-06
-4.063052012823048464e-06
2.606970805942836081e-05
-3.411709262357360466e-06
-3.573454323640396267e-07
1.314421337404629194e-06
2.704251547079955534e-05
1.185816056349253866e-06
-5.864018481931253550e-07
5.686721118156590837e-06
4.330067450825663718e-06
1.185307698161703248e-05
-2.744562643774284317e-06
1.856448573967307077e-04
4.981331746198205523e-06
5.419363916672016585e-06
-5.887278087933554156e-06
2.060200901431408725e-04
-2.151904999872581282e-06
1.039414571672909924e-05
-1.023036356696143062e-03
1.162200887621180427e-05
1.506885638271171584e-06
-3.236372562652015963e-04
-8.163407333560235117e-04
-2.447969597611982491e-05
-2.225705560033800065e-05
2.584372518293269558e-03
-4.772645055669394714e-05
-1.647535957108958542e-05
1.279657608452321529e-03
-6.259271092560368070e-04
-2.313263706742468042e-05
-1.986493133471687841e-05
1.712525417770618561e-03
-5.652941400040458310e-05
-1.347691059863031554e-05
9.879385850819117926e-04
1.047271609699823190e-03
-1.262996492050540762e-05
-3.118105691696719761e-05
-2.707046473555316333e-03
-8.555612060506324109e-05
5.360421018139123646e-06
-1.628347779081570782e-03
2.094523105546810485e-03
-1.074068579139900943e-05
-3.782049069467992368e-05
-5.970537864168536796e-03
-8.068174119805752889e-05
1.032190573681996502e-05
-3.278339446786479681e-03
-6.253420288532148246e-04
3.865879939412812395e-06
1.116330671574169363e-05
1.929777097176518710e-03
2.037842178766858760e-05
-1.672397292796363003e-06
9.802671434516070908e-04
-9.566613922431485865e-04
4.988477471446666609e-06
2.454478927541507599e-05
1.675954601711569791e-03
5.288126085345270681e-05
-1.329273785321472264e-05
1.507332938272795296e-03
-2.187547958666118900e-03
1.835091049417280921e-05
2.967054350017371520e-05
9.216866257377376997e-03
3.705357410111027140e-05
1.567657364073754553e-05
3.416830543168699729e-03
8.827722852864740071e-04
-5.257547653668624113e-06
4.361360751518894991e-05
-1.111104317941337578e-02
1.314552116027260581e-04
-6.635949682266157614e-05
-1.329794380718559354e-03
1.788723436631622743e-06
-1.895321062340307120e-03
-1.919300290299586132e-05
8.219980904097492057e-06
2.153319678824420179e-03
3.032251227934328972e-06
-5.428435046249285877e-06
2.960382423218577922e-03
8.441678332940025903e-06
-1.365417089474233983e-06
8.300928467332954405e-03
3.887042275339539963e-05
-2.775698549190931311e-05
-9.995165810909336507e-03
-2.931443021247633488e-05
1.627257845700295609e-05
-1.295223842431825027e-02
8.571059726042088009e-07
-6.275551849874543551e-06
2.112236587876668500e-02
7.522349404996532085e-05
-5.529518631595006605e-05
-2.600923116297496063e-02
-6.548992503933267248e-05
3.340010523343584886e-05
-3.294692123379890786e-02
-3.443739253994418945e-07
-4.346667970303464687e-06
3.584040341036855148e-02
3.547062088695533146e-05
-4.451114967419708950e-05
-4.040451758271773608e-02
-8.713503031256328952e-05
2.707643380220167608e-05
-5.586425498564279862e-02
9.139263424739617510e-06
7.321787755918818654e-06
2.905474207165318137e-02
6.604285118523361368e-06
6.648659820108999497e-06
-9.896235919771475750e-03
-1.495040159898639032e-05
1.252069984502825152e-05
-4.526442881479735003e-02
-1.728323440447119240e-05
2.905830489040020766e-06
2.381752263101976838e-03
2.459127823831414205e-07
8.586722123559559477e-06
5.869282901957858199e-03
1.074843041558843398e-05
1.774156226901238524e-06
-3.707330215232942580e-03
-4.478219209557447917e-06
-5.249164714223942993e-06
-3.806881253499779134e-03
1.170714811172095192e-06
-1.096356628284346591e-05
-7.735644596334864155e-03
-1.336720852235197088e-05
-1.762147802167401246e-06
5.927093507476408583e-03
5.306913624186951437e-06
1.318968500920475862e-06
-9.112147143291449147e-03
-7.099369928676420527e-06
-2.736355803451705524e-05
-2.525213160717029726e-02
-3.869973980436215634e-05
-1.677588291431762320e-05
1.421125469793031032e-02
1.523183945439686774e-05
1.094499859211582774e-06
-6.222095592549634980e-04
-9.546432758013447302e-07
-1.283303237447194273e-06
-1.835400015873079596e-03
-2.246285950037262732e-06
-1.920994362920141200e-06
9.726129526634990632e-04
8.423817081121059802e-07
-6.136677068515541814e-06
3.554711057658479882e-03
4.693212121901573869e-06
5.195112168431194529e-06
7.430825961340199563e-03
8.211391310055567782e-06
9.849433148117381459e-06
-5.555028732822499780e-03
-4.165271344884463313e-06
-1.853771817719911602e-05
1.062753980793142670e-02
1.004652868645761416e-05
5.932149860613268317e-06
1.359445725334665518e-02
1.195430787530453961e-06
3.317270529351594606e-05
-1.660856208436390508e-02
-1.413853089685056897e-05
1.634833976213421900e-05
-1.120359128802449027e-02
-1.927437491794101805e-05
-2.088642130075065692e-05
-2.710516921067704366e-03
-4.186042037675263632e-05
-2.986637027717149845e-05
1.749334345987214531e-02
2.405634010271309709e-05
-3.882722303323001422e-07
7.602546275297044666e-03
5.587839607760008921e-05
9.623632524939033234e-05
2.501330175401534836e-03
2.488911182880589263e-04
-2.366316075866653449e-05
-1.181705960345133880e-02
-2.519212789900388645e-05
-4.484416154746312837e-06
2.727016182868830007e-06
8.547133600501167155e-06
-9.985061169285091361e-06
1.479985411511121633e-06
-2.237306235713772064e-05
3.164258415506189385e-06
-1.507902492630593725e-06
-1.756733360025024767e-05
-5.240857706734146090e-06
-2.515987484487554756e-06
3.465297370685093035e-06
1.663187190193050591e-06
5.436816183340219385e-05
-4.039816474802543827e-05
-7.641936556909706283e-06
-6.286336897914978706e-04
-8.521359414716733662e-07
-2.132701539380657139e-06
-1.172066256390746886e-04
-4.482400173862324593e-05
6.723902655197803481e-06
2.380174445532262162e-05
-1.017107977444065578e-05
1.890792703936178254e-04
-2.931388157132741804e-05
-2.357712258108421755e-05
-1.293180708734926326e-03
-2.415602468915313734e-05
-7.754607909050173194e-08
-3.323377994113312799e-04
-5.117729404395862371e-05
2.668209083955713190e-05
-6.622150646429560692e-06
3.357249630055430316e-06
-7.144821850647564687e-05
6.604453039153359175e-06
7.119263848488106025e-06
3.903817578772628746e-04
8.594052456217539157e-06
1.919592312068264365e-07
1.205835473770368522e-04
1.196569262036869689e-05
-8.129120731845197156e-06
-2.005714011056152082e-05
9.720654628327933154e-06
-2.363343839434317529e-04
1.755040981204631761e-05
2.147698350118593021e-05
1.220882269481391802e-03
2.641592508005869867e-05
2.743959780470019123e-06
3.914373936385515639e-04
3.239202117014684373e-05
-2.585817458422495093e-05
-4.737569329279951871e-05
1.430900935118016080e-05
-5.608096737022593477e-04
3.010626651584654150e-05
5.078332177361596971e-05
3.222595659335637710e-03
7.109940079237043391e-05
2.163850593034546125e-05
8.890803151062233326e-04
5.136386935221009576e-05
-6.330302546277332884e-05
5.384148522539370719e-05
2.592994813321350368e-05
3.518661859536973682e-04
-4.540995199097740094e-05
-7.004971315005863923e-05
-5.308415516564357617e-03
-8.680140592621824152e-05
-8.703370756607348646e-05
-4.691731730955217236e-04
-4.436429620712201263e-06
6.991764143900835559e-05
1.326026011767028764e-05
4.358530130883269202e-05
-3.862623763273467358e-04
-5.251921472522713122e-05
-4.333632319823276392e-05
-4.099726555640737999e-03
-6.674293395084228767e-05
-6.043859639219030522e-05
6.616447893201954367e-04
1.741939262986373800e-05
1.476181341002665782e-05
8.665617148609474550e-06
-2.884187436283894453e-05
8.872305348508098283e-04
7.292934763384427009e-05
4.103157542658509129e-05
4.558105195630639955e-03
1.346623611317477893e-04
-1.244575037204728762e-05
-1.345008213475955847e-03
2.439769028014456448e-05
1.218613233824132253e-05
-1.404163396015476861e-03
-7.487537600553610478e-06
-1.072608201304199629e-05
-3.110147753499551120e-04
1.720470060417297669e-07
2.355363175190713140e-06
-2.450083860231050924e-04
3.544595120173957693e-06
4.425383197592949264e-06
4.691889993033701361e-04
-3.806219193459475282e-06
-2.931792141067561685e-06
6.447423618097712856e-04
-1.429712882981864185e-02
-4.345639994869637265e-05
-3.739330131279658496e-05
3.211368130304933762e-04
6.229300398518889607e-06
4.332795411817071509e-06
4.621203124209022350e-03
1.665943852386484879e-05
6.857094953742629963e-06
-5.517870979985941378e-04
-1.141021019154891362e-05
-2.309307788802199434e-05
6.569507247103361681e-03
-2.987320730060611523e-02
-1.576673275571644639e-05
-7.604562980126252768e-07
2.227915901948363236e-03
-1.899653823051827926e-06
-1.191400596792067815e-05
1.514986550331469742e-02
-2.929696533197911901e-06
-2.518693570975894240e-05
-3.464838329394460091e-03
-1.790197575613178098e-05
-2.813621869860282311e-05
1.372076913065419131e-02
-7.205851937628458478e-03
4.033968240027551599e-05
2.840531335494280327e-05
2.661285121483994518e-04
-1.527615921858491144e-05
-9.597891728734699967e-06
5.001374349799859488e-03
-4.669516644267046363e-06
-3.116866796424330141e-05
-3.642105408130161259e-04
-1.594676031498904075e-05
1.311609345720902059e-05
3.310220263476136744e-03
6.064899531604234922e-03
-3.640076582853192804e-05
-5.289568555667117244e-05
-1.793753517850603472e-04
2.891202628751958915e-05
2.530656311248173824e-05
-3.328849712462199090e-03
3.220158300294134594e-05
2.682044122922715672e-05
2.227775487169448047e-04
-6.744736079683281250e-06
9.964882995741765727e-06
-2.763853333288626441e-03
5.134867929552410296e-03
6.156313313954479231e-05
-2.217038206639281863e-05
-1.830439928444880550e-03
-2.036994042327875450e-05
1.863279667827329915e-05
-1.856666304611150845e-03
5.350718647898253895e-05
-3.226458195147149715e-05
2.865651781990412837e-03
-3.982657028963869513e-05
7.447949964434547238e-05
-2.324839454211131366e-03
-5.991079383726822805e+00
7.675686171563524951e+00
-9.011603816818826829e+00
7.471026622560087205e+00
4.127584879665423756e+00
5.057179857438175219e+00
4.465242770568784714e+00
6.758938990889786780e-01
-3.376734519668029844e+00
7.171854120170845448e+00
1.453732992919703645e-07
4.575336595386615170e-03
-2.415500562804766239e-07
-3.583741210912886242e-07
-8.010167041793848225e-03
4.321260142566314340e-07
-8.668385409268664871e-07
5.130357149289367646e-03
4.553853265515849592e-08
7.014444081469540906e-07
-1.692352397318291164e-03
-2.182498968218956618e-07
2.424268307534391540e-06
-2.496694283033837336e-02
-2.197973149641218521e-07
9.294250599856872661e-07
-4.557849639140843651e-02
6.725414623782304612e-07
-4.377110577778772494e-07
-3.546940066362718608e-02
1.097315498611775432e-06
8.972211493176544238e-08
-1.776683602119329478e-02
4.338592283238610363e-07
-1.069034017389503652e-07
-2.862285647492553847e-02
1.079619605715346930e-06
1.778557784471120487e-07
4.992356569912271419e-02
-1.040975347067034932e-06
6.314371217629148269e-07
-9.514633705607684418e-07
2.948907616108335534e-05
1.611143127108821050e-06
-3.383531350199424898e-07
4.976351970025510470e-08
-8.749719044160319091e-07
-2.181769707005644637e-03
-6.402672207204146161e-06
-2.349272553446739115e-06
-3.787233315285680251e-06
4.973009252462514472e-06
1.912049328475975887e-03
5.308988834748607990e-06
7.007460667744887524e-06
-7.254339724391105438e-06
1.014600215744254679e-05
-2.450103984977625420e-03
-1.628544880512109678e-06
9.683953579012597295e-06
6.557142324749630171e-06
-1.029489141711272229e-05
6.580524588580273851e-03
4.780833091900279031e-06
-7.939885906882202080e-06
-8.260701387506544770e-07
3.676845142618990667e-06
-6.989012083332754935e-03
-7.798079792517563704e-07
1.719235294092699190e-06
-6.631362541303342942e-07
5.742846995668147849e-07
6.617805085499314918e-04
-9.658132310378638136e-07
5.272615518118232559e-07
2.366696015615299325e-06
-8.359521953815898642e-07
-8.069004468314069228e-03
3.250439661012713563e-06
-1.503910846528266361e-06
-6.836257257253923055e-06
7.973901636791469715e-06
1.253599944326037538e-02
-8.576449643776998927e-06
6.363774618932435888e-06
-2.961749608989972665e-03
-1.603824266814682576e-07
-4.978804521783620113e-06
4.535669461481046938e-03
8.585916752294393104e-07
-1.235054483363975558e-06
4.616285586632757482e-03
5.501948224308033514e-03
-5.486663798645331205e-07
1.231301657562517234e-05
-9.090436928798191485e-03
-2.276837005207427609e-06
4.796313917323195281e-06
-8.573943203330713914e-03
7.285143215539889323e-05
1.338228620087959299e-07
-8.014528417516233701e-07
1.383647975940134373e-04
2.473916282239035476e-07
-6.393863679259363559e-07
-1.143709276060978408e-04
7.825609194265845244e-04
9.721440236826379378e-07
-1.328308776137124597e-06
-6.298667874593668952e-04
5.220540483585863287e-07
-1.937348510016516787e-06
-1.221534903438860212e-03
-8.386775176060761849e-04
-2.611379352125141237e-06
-4.305289186541095703e-07
7.388908240233674121e-04
-1.369460607913567505e-06
1.473374026053360280e-06
1.309720434688204814e-03
3.558442735214557406e-03
4.284675912142540084e-06
-3.465985873082736736e-07
-3.861863941581139981e-03
1.547917969870833194e-06
-4.487378386633015422e-06
-5.551435895233675782e-03
7.535634007167918424e-04
4.397272432912914503e-06
-7.262633218979694550e-07
-6.822351212176476845e-04
3.215319876132650490e-06
-3.379339740135602498e-06
-1.178227600574385369e-03
-3.787509602257214903e-04
-3.156933212215059115e-06
1.306002993825866467e-06
9.044073899854320527e-04
-3.908829077805172661e-06
2.898856892373240205e-06
5.918503515742229611e-04
3.269751097426014766e-06
1.122666634517322177e-03
2.588395620996841163e-06
-1.532283917137673904e-06
-1.457979828442042269e-03
-7.955708318414298439e-07
-3.389170699862657106e-06
-1.755357768625508217e-03
-1.215541986007199246e-06
-1.438631361648618681e-05
-8.297881018349351559e-03
-8.516486283211526163e-06
-3.642309410197439025e-06
9.979779577482814426e-03
-2.840936834457974810e-07
7.414930835836953344e-06
1.295468868216706655e-02
6.133136919454578416e-06
1.078511644623054630e-05
4.802622811136607849e-03
5.563041869940975764e-06
1.053229007388367033e-05
-5.470344853199378583e-03
1.920460609765616370e-06
-1.118901120909506319e-06
-7.501148951513619649e-03
-4.911743377138596648e-06
-1.490616694576089685e-05
-4.156131434898632272e-03
-7.931469405929312115e-06
-1.460234008078989598e-05
4.663528608300718942e-03
-1.658905939007903620e-06
2.189257291192120331e-06
6.500356179506845689e-03
6.746724217871898655e-06
-4.205748851144007133e-06
-1.143067934264891820e-06
2.636291009812105797e-03
9.283480309794628468e-06
-2.606324989334678652e-06
-1.064441220883135739e-03
8.927113303583726953e-06
-6.956128444625160753e-06
-4.113637037189683474e-03
2.016847696530745039e-07
3.928138033112308025e-06
3.861428826189978642e-06
9.839446505421383440e-07
-2.942781233496440281e-03
-8.346058123689203861e-06
5.493363674403508646e-06
1.147341223884313071e-03
-8.234062941257365670e-06
7.283306469209525316e-06
4.591119737535078425e-03
-4.526931723860472609e-09
-3.904830012780450543e-06
6.544338673131379217e-04
5.434617116484741143e-07
1.035431260414949337e-06
-6.427420371110588752e-05
-2.682150268987589527e-06
7.522117709792757744e-06
-1.136526085059945531e-03
-4.397459510470271541e-06
4.437906736797039558e-06
9.802665983776198428e-05
-1.404179971489300353e-06
-3.079524746829921817e-07
-2.993727348037853158e-04
-5.991063927673709877e+00
7.675357897411044128e+00
-9.011026405769207770e+00
7.471078504124782249e+00
4.129174351991595771e+00
5.062239203668061904e+00
4.473556436492904353e+00
6.775698147911484170e-01
-3.384588440268857745e+00
7.188833430989332030e+00
-9.485572216793998819e-10
-4.480824123134290529e-03
4.174512561632496385e-07
-1.065148211365809761e-07
8.077346080741031054e-03
-5.639045637914707051e-07
-3.198204290796631134e-07
-3.813979832398952611e-03
7.916604662729398825e-07
1.157972057585823692e-07
1.108940552975398210e-03
-2.003624076818803410e-07
-1.029331323548849028e-07
2.021743879609263356e-02
-2.245825962611844195e-06
-1.240126161297175711e-06
3.481408883718879743e-02
-3.322186430063573468e-06
-1.166159693179307087e-06
2.218839505559027855e-02
-1.851917106907849714e-06
-3.510000213412404873e-07
1.168128054921987666e-02
-2.841835589757314346e-07
-6.241668475858887795e-07
1.689429239942058167e-02
-1.193833012250360927e-06
1.193909653422698544e-06
-3.291094800067864701e-02
3.084048782225318560e-07
-2.140471009791612491e-07
-1.291125907784033678e-07
7.412008980768134553e-04
2.456805504759931263e-07
1.994842856778134888e-07
1.894418300061063789e-06
6.007893094987716484e-07
-6.142104359181135148e-03
-1.891700922959696999e-06
-1.977959970381718159e-06
-2.517877536770988765e-06
-9.780615910709755496e-07
8.500113109064171002e-03
2.609804117253262416e-06
2.611498712666158688e-06
-1.113739015771592586e-06
-1.016263633314150775e-06
5.224562179477202500e-03
1.619495626997550839e-06
1.066265323221348932e-06
-1.860630633839040846e-07
8.270031691564565556e-07
-8.871290457823444511e-04
-7.771291467236181262e-07
2.816943738294255783e-07
3.642290531097645435e-07
-6.047209559479490891e-07
-1.141865185361400862e-03
4.863050779020502790e-07
-4.030891102359865480e-07
1.157914911369098548e-07
2.633982747778055816e-08
1.212625321023674493e-04
-2.205469014250455081e-07
-1.623521156771934351e-07
-1.246246997044569330e-07
-5.419549720157371201e-07
-1.088911039702866995e-03
1.084469318289326586e-06
2.749320602277072277e-07
5.865089240625434207e-07
6.515296085994844638e-07
1.086038115843457330e-03
-1.867187660715447029e-06
-9.683450623916799923e-07
2.854823584285420216e-03
3.895233636227964658e-07
-2.984561448937081970e-07
-3.913833196165143399e-03
-3.710983008580118791e-07
-7.418886833103176886e-07
-4.501748210911463502e-03
-4.811596430699054128e-03
-2.319095549497461611e-07
1.034131507722554279e-06
5.994601294378473430e-03
1.044267413549872143e-06
1.203599511642210882e-06
7.858882666057026567e-03
-2.428353679396186076e-04
-1.708324823239719230e-07
-1.565051172446910748e-07
5.308207841876438470e-04
-1.134149124731075116e-07
7.070987581191215454e-08
2.882312536899409743e-04
-1.188889739509632615e-03
-4.719834501908825702e-07
-3.276274736289484014e-07
2.209128261983888449e-03
-1.786621311333506608e-07
3.088997993802776970e-07
1.641459049276291658e-03
1.102015147693074810e-03
-1.945673127829649282e-07
-4.232458792189344205e-08
-2.010516428453233348e-03
-3.153226872598483207e-07
-1.394126093481909356e-08
-1.592221872494703440e-03
-4.528410804900219466e-03
-7.544619899103574574e-07
-4.001028973997013115e-07
7.817201368022217919e-03
2.345689247006160792e-07
8.707360059094090233e-07
6.587330772553951982e-03
-1.234030163329600388e-03
5.829923519244897291e-08
-1.222422602607626734e-07
3.230604420902259862e-03
2.993987717501094383e-07
1.247292630833703883e-07
1.604144337533845981e-03
8.133215432379607875e-04
2.644259988377267361e-07
1.948292434944927641e-07
-3.764715873759407350e-03
-2.427397652887063721e-07
-4.396133765630504027e-07
-8.419878252631293053e-04
-9.922156251779757954e-08
1.237096589678090240e-03
1.138559362386856690e-07
1.077412069869413806e-08
-1.886127699794940774e-03
5.732908879274378230e-07
4.240138513839344153e-08
-2.016877355633407524e-03
9.305978011543882177e-08
8.651717527632393792e-07
-8.978833780914064616e-03
-6.746585682238177899e-07
-4.412836723050857802e-07
1.066498971167635125e-02
-1.657884139158712162e-06
1.634429308671834912e-07
1.456869577302599000e-02
-1.348938230400180603e-06
-6.635985919008658720e-07
5.234845443827431527e-03
1.883994807787676893e-07
6.011210288204785658e-07
-5.189342313065755177e-03
-5.053698828922848623e-08
1.321589088826888219e-08
-8.527923983726525339e-03
1.195809989299119705e-06
6.817138215351929219e-07
-4.613897519041215874e-03
-1.789122607059549490e-09
-7.791516986529166108e-07
4.282911148679301866e-03
4.024436901082028350e-07
-2.620096435941078805e-07
7.587792172313479779e-03
-1.225580538368064919e-06
4.744857564406271408e-07
5.044896289753978922e-07
-2.865930622771566127e-03
1.518494143262540808e-07
-4.244150603387423573e-09
5.414773698624762103e-04
-8.438985140656907823e-07
-3.843756825550335438e-07
4.271053025096461717e-03
-1.255762214431927564e-06
-9.578848645157353995e-08
-4.769334835440793896e-07
-5.219442269663975226e-07
3.186203155779003277e-03
-1.579016047161564038e-07
-1.371844429358761499e-08
-5.983827530922371761e-04
8.966813155161482204e-07
4.136348991040131200e-07
-4.761628395759363169e-03
1.218308640675573625e-06
8.947945008750013920e-08
1.062441835324615157e-03
8.167894365538390199e-07
2.678793353424056147e-07
-1.423806385099947165e-04
2.916461569502759137e-07
1.076193461665354424e-07
-1.296802853290750235e-03
-4.877167245675443715e-07
-4.872496220566784461e-07
1.600031552421951630e-04
-7.663042200761331557e-07
-4.011603704513654271e-07
-3.887712191915372031e-04
-1.062961336183584571e+01
1.463434532585714010e+01
-1.831540117982132898e+01
2.081927160363485996e+01
-1.574615324485761469e+01
-1.855757993628794722e+01
1.912078630644052879e+01
-1.735540893658562211e+01
1.537285419160273570e+01
-5.910929421329008449e+00
-6.478312541131810320e+00
4.271985291782852912e+00
-4.899926499085591747e-01
4.361840141128408455e+00
1.540740179363964124e+01
-3.485538439284731519e-07
-1.705229589622780668e-05
-3.325856821705360506e-07
1.128521583648172820e-06
4.860171949618716341e-06
-2.211875182375227466e-06
-2.276855568763065232e-06
7.305446824252028717e-05
1.008248872876527839e-05
-1.205166511743969665e-06
2.477597128262343091e-05
4.432670087151543033e-06
-2.045733616587129070e-06
3.828915512548470852e-05
7.713149265301733661e-06
1.294835904066425261e-06
1.868629083543852677e-06
-7.304075440734198772e-06
-2.732711806981592552e-06
-4.256860203203719482e-05
2.605761092398279380e-05
9.352881041570118396e-06
-8.667179281311805563e-04
2.865808757272743986e-05
-3.427825563796451811e-05
5.998150749932444105e-03
-1.985186322466739594e-05
1.715998578826602566e-05
-1.344495875622934121e-02
2.795059354300176403e-05
-4.527081460606164042e-05
-2.471369665725701645e-02
2.940619834019812958e-05
6.664093319036346985e-05
2.021280401993760800e-02
-3.093483317972184912e-05
2.919412557261190141e-05
1.547800567509435669e-02
-2.793622597389658560e-05
-4.273871538971274291e-05
2.297336674114036636e-02
2.121476050093798482e-05
-7.679753296094366804e-06
1.910806650457361971e-06
2.642751888291328311e-05
-2.942923761444690526e-06
1.738581891904722480e-06
8.658902943586966298e-06
-2.537315585771040471e-06
6.363221120759761146e-05
7.470604866543794903e-06
-2.067045754273227021e-06
-3.822056007120268919e-06
1.507745205636740245e-06
-2.193419903412006607e-04
-5.797096059955483810e-06
8.003685875670950920e-07
-7.525358736830667644e-06
2.829526616499116030e-06
-7.641524159081588630e-04
-1.071650766772286785e-05
2.005773194066304349e-06
3.751758674927193130e-05
-1.279601515335995193e-05
5.324403713289148354e-03
5.192275051378577113e-05
-8.533229025190701457e-06
-6.441572712247315227e-05
1.912050810364893100e-05
-1.115759607445224871e-02
-7.473354058415959385e-05
1.320846227320012306e-05
-1.125332995264588943e-04
2.796497810532655196e-05
-3.737063989303729405e-02
-1.267286679190539106e-04
1.572513725025614258e-05
7.292132324059942289e-05
-1.819230653626023337e-05
5.606143105910076085e-02
1.201151674452169508e-04
5.008121635816613648e-06
3.637969942317877237e-07
3.825033422078768048e-07
-3.852353475293908164e-03
-5.942723787022988340e-06
-2.120261207144457915e-06
-1.062941643601340530e-05
-1.098096834573767277e-05
3.288066391848208907e-03
2.831490405854186545e-05
1.398322981108012174e-05
1.465036167817546675e-05
2.081465707429502993e-05
5.049289329632920126e-02
2.392503801720345202e-05
-2.483792940814963915e-06
4.464364531680177115e-05
-9.791137848368697581e-06
4.809137049565270772e-02
1.008161778861490669e-04
-3.479726442973374584e-06
-1.933061497411539336e-05
1.537891865120446469e-05
9.514142555398234086e-03
-2.498416180813292230e-05
4.904435800402185914e-06
-5.634746949530999421e-05
2.852450818973962512e-05
-1.653081442978104540e-02
-8.367438758721432949e-05
1.318540883486910797e-05
-9.465794749371902073e-05
5.457639622590059418e-05
-2.174657267992829296e-02
-1.208622906629671745e-04
2.656521615384547084e-05
-1.381688540456162583e-06
-6.141178727462391241e-06
3.918331296898050540e-07
-5.216666557174065360e-06
6.794588785991992898e-07
3.708335774393176066e-07
-4.114565449833327411e-07
6.490980612963780090e-06
1.291342926675771075e-05
-2.612801765254910483e-06
7.885542187528147033e-06
-6.315705440834294612e-07
-1.042491336517794724e-06
7.430757619043134061e-06
-1.660987738220440208e-05
-3.138468659803510301e-05
7.615777432160788322e-06
6.130838738223410894e-05
6.110474709055268090e-07
2.703256394823283437e-06
-3.228059396498612535e-05
-4.605034982376562906e-06
-2.557121294354628554e-06
1.038461300114725637e-06
-2.961361341967271545e-05
2.692063280214369553e-07
3.584910192095975284e-07
-4.298633971362194151e-06
3.086373984551821922e-06
3.846745592362403886e-05
-7.875800687592411983e-06
-1.861541418759513425e-04
-2.850316777353954558e-06
-4.479486770013423912e-06
1.420478120971965513e-05
2.123189526211661637e-04
-3.600979285772233210e-06
-7.584526099501935729e-07
1.047973065352071414e-03
8.998395074454248338e-06
9.203816350820415035e-06
3.132227760911317259e-04
-8.177242131847359567e-04
-6.296200325609993672e-05
1.914665720768397094e-05
-2.618035662942902290e-03
-2.334980197010805492e-05
-1.713667324756335718e-05
-1.284937707732713248e-03
-6.227539993825942366e-04
-5.260725611992514043e-05
2.180624256032575185e-05
-1.730005743735362964e-03
-2.406556847437951927e-05
-1.245172152933136712e-05
-9.951316376238653928e-04
1.047563141316807051e-03
-3.013054102218965208e-05
2.848064582044528383e-05
2.649938555675907751e-03
-2.592036368541595281e-05
3.729882732201841283e-06
1.623570898676624397e-03
2.100691480178397061e-03
-3.223002960508586742e-05
2.134705511798124856e-05
5.881620815004542750e-03
-2.652065112715300580e-05
1.340701886477957816e-05
3.259734576433083800e-03
-6.286238802988847055e-04
1.169804800918551847e-05
-4.150516493041249567e-06
-1.902684611256194938e-03
8.277728907239346418e-06
-4.033406727305161985e-06
-9.725063384664866519e-04
-9.626214717933204330e-04
1.964710094402755095e-05
-1.596074841574498274e-05
-1.622373507033466732e-03
1.275068735799378515e-05
-9.404791215202388507e-06
-1.493067620397903238e-03
-2.201293628747735733e-03
4.296673282698642584e-05
2.365423462219938907e-06
-9.126453802432731022e-03
3.421713717584697664e-05
-8.777085408251223837e-06
-3.387847557273200930e-03
8.740866620287625864e-04
1.756319544731371637e-06
-6.276995673311404626e-05
1.119969044289895015e-02
1.228495170967381319e-06
-1.703770588857437529e-05
1.347455958601852201e-03
-1.799153995391829130e-06
1.902871560266939602e-03
1.922314016216747495e-05
-1.318591823071506065e-05
2.119401951397115961e-03
1.627589041751500171e-06
-7.884737318367230426e-06
2.957809581082256577e-03
-4.647151720341241137e-06
2.517864761656566188e-06
-8.335044986515407345e-03
-5.434071809718142045e-05
9.238839192159671888e-06
-9.906375187354972064e-03
9.370500909972522699e-06
2.431080046701156573e-05
-1.297977885847817481e-02
3.592672881609995390e-05
7.014476352890994921e-06
-2.119124200353343299e-02
-1.089992655892666482e-04
1.494937128803868696e-05
-2.584142987398102553e-02
1.790429062031391645e-05
4.346391332269699940e-05
-3.301994984358028878e-02
6.843561448951601114e-05
7.676291512078987737e-07
-3.592093760951049070e-02
-7.334587410624517296e-05
-2.929788336841691567e-05
-4.032759609989736843e-02
1.787665866591962003e-05
2.257781633252173292e-05
-5.603234159915843754e-02
6.208258687460840560e-05
-1.137599205367172665e-05
-2.909834376763044753e-02
-1.487770755990395089e-05
-2.944814654658262846e-05
-9.925563394092505251e-03
-2.229663598141208331e-05
6.179959821808414131e-07
-4.542341551801767213e-02
1.111866398651329812e-05
-2.865621246247762564e-06
-2.382445401618622869e-03
-3.080408917488030131e-07
-3.246696965883648994e-06
5.860437766683645848e-03
-9.071915161766363816e-06
-2.899627137295849784e-07
-3.725474235553951231e-03
-1.486232420992668118e-06
5.505534087197972500e-06
3.812158466958856951e-03
-2.746745354490012249e-06
6.220105221895058179e-06
-7.720740779718285839e-03
1.200967576233185262e-05
-4.114500095967766672e-07
5.955459648004461475e-03
-5.352917869446029283e-07
1.137745948685536660e-05
9.135523395482942829e-03
4.757289255743179775e-06
6.348027926201431966e-06
-2.524335669079361480e-02
3.206894750320093799e-05
-2.106816893778871432e-07
1.425213101541153611e-02
-1.475032043493071160e-06
7.970889827337101156e-07
6.255240219908877585e-04
5.030214363535972208e-07
1.933113806703654376e-08
-1.836822157408230871e-03
1.860863344169117389e-06
-1.204674507106096426e-07
9.731879399989569598e-04
-6.523770206978839569e-07
-3.733923085824288988e-06
-3.571807574073523721e-03
-3.059240768966364586e-06
-7.348596436226574988e-07
7.437456856423144483e-03
-8.227087528854425049e-06
-6.792757027423165453e-08
-5.559242297075989506e-03
2.201428749460564637e-06
-1.010413054163223904e-05
-1.067510497343342017e-02
-1.179090502962598316e-05
-1.001196966007901682e-05
1.361938855932475975e-02
-1.772270690768723713e-05
-4.738768858351728481e-06
-1.661508199619004741e-02
7.497532670622535263e-08
9.303372580289542756e-06
1.123560352746131794e-02
6.425867754898904871e-05
-7.111330488307442946e-06
-2.700058079798444734e-03
1.595109585073236377e-05
-9.230654087804902782e-06
1.750332229744694379e-02
1.732427250289076174e-05
-4.060437273067049556e-06
-7.588833314073172541e-03
-1.652746095275999731e-04
9.620796819866114596e-05
2.354888568623914741e-03
-2.855435165081687549e-05
6.841767020487937907e-05
-1.187336156140397433e-02
-2.681760181337117515e-05
-3.903734474983420399e-06
3.707521826761551919e-06
1.781305922714930499e-05
-1.785676198490343774e-05
2.094694420471895731e-06
1.858518110003043135e-05
-1.531439438842559323e-06
2.282200195089971741e-06
1.246523269686067157e-05
-9.011435238768832274e-06
8.380619937088989779e-06
-2.022554982515220457e-05
3.910166855639575097e-06
8.380185251745305439e-05
-5.712305761697763769e-05
-3.102367054041517598e-06
5.697569735511956446e-04
-3.145962973106414056e-05
1.596723841783243784e-05
4.868395021543959783e-05
-2.070161723723399781e-05
4.219985181566470996e-05
-1.987107598693795360e-05
-4.446371549752167300e-06
2.053474364189983358e-04
-3.457275381977640297e-05
-1.042665040934103119e-05
1.203580277229307320e-03
-4.749394815227256378e-05
1.811018263414499103e-05
2.448662601492451328e-04
1.075204915662364468e-05
3.659477788760445098e-05
4.952351136950137183e-06
8.566827107902994770e-07
-7.520371542242497410e-05
8.612635803008482919e-06
2.209343367279793664e-06
-3.667072032009357574e-04
1.202883082888002271e-05
-4.533616042670664226e-06
-9.999564203429216625e-05
-5.800610853011106590e-06
-8.188138510658736404e-06
1.428594409619494354e-05
1.891287368198866949e-06
-2.452059916868325543e-04
2.464041554521684591e-05
6.185136332769701755e-06
-1.155227809151120662e-03
3.406816832608524780e-05
-1.206997996322021322e-05
-3.391849011087199467e-04
-2.088663370661202973e-05
-2.161023584773724595e-05
3.123084397226644682e-05
5.937884079212033407e-06
-5.592418817082915909e-04
6.032686869356780840e-05
7.737552926962059979e-06
-3.104117057639554575e-03
6.008505789284585664e-05
-2.409024022852335455e-05
-8.346056897973195068e-04
-7.626745883281307295e-05
-2.886405284429084312e-05
-1.521961507012832271e-05
-1.979750300687655869e-05
3.108008479169121585e-04
-1.071364521563567478e-04
-1.570073201252113697e-05
5.225224730435290912e-03
-8.008341606851916846e-05
1.294103866767150573e-05
5.232483309231773447e-04
8.962684399135522327e-05
1.464940377290977226e-05
2.928425693769136788e-05
-8.788326580281118015e-06
-3.906244709104759300e-04
-1.091691299943658148e-04
1.142014442488225124e-05
4.064595049089292367e-03
-4.567228968497893211e-05
1.233399807511854638e-05
-6.289347208676100091e-04
4.276617732538563418e-05
3.573187184483969677e-06
-5.744176791645135547e-05
-1.575046475108025462e-05
8.178619578326371204e-04
1.560859049171705822e-04
-8.180265135534772411e-05
-4.470494791845785326e-03
-4.286925696276366123e-06
-5.591708474718795255e-05
1.435771929466083275e-03
-1.001509920873452128e-04
3.360526437521748078e-06
1.406694238022459164e-03
7.968811173982289311e-06
-4.325484960588299108e-06
3.034528918648229413e-04
-4.169207208571868079e-06
1.060693675953491324e-06
-2.412303318564494310e-04
1.851061280953320432e-06
-2.313731779901834868e-06
4.876594031639240536e-04
1.385305078825151815e-05
4.552711691826055966e-06
6.464726223251041418e-04
1.434650830789049175e-02
2.928675630221707824e-05
-1.809838064742363083e-05
-3.489926335314771249e-04
-1.271919001695939982e-05
1.615632575978519420e-05
4.648704718503550090e-03
1.627171244632439587e-05
-2.782632191431469091e-06
-5.016860319444895822e-04
5.759974210518157493e-05
1.459780675183797292e-05
6.584614043477555675e-03
2.996917200255520136e-02
9.952039239905597972e-06
8.185050980068342267e-06
-2.208574921119650647e-03
-3.019114579306809813e-06
2.762137628926843343e-05
1.524086975890190029e-02
4.337470166884910359e-05
-2.623088434929428609e-06
-3.463912097037429721e-03
2.771964265775524227e-05
-1.052219165412115391e-05
1.373849960383840933e-02
7.227665030607631318e-03
-5.697618865915084018e-06
2.157428869574430608e-05
-2.232311151702074141e-04
8.962903309074336691e-06
1.123784345555851403e-05
5.035104363184927760e-03
2.360215719298626027e-05
-1.402855451599474882e-07
-3.918669843603429575e-04
-3.701490002734871888e-05
-2.561245125386940995e-05
3.303304731029347695e-03
-6.062900034065388938e-03
5.505975769144378263e-05
-3.099298503368882985e-05
1.376067921263809783e-04
-3.928048835673173222e-06
6.514545154511257389e-06
-3.398773882944005568e-03
-3.139224310515871861e-05
-3.484056080168441977e-06
2.438513761851876895e-04
5.218424215224337677e-06
2.867905549493799847e-05
-2.772197834469981512e-03
-5.126330000955417292e-03
6.202330709733016266e-05
-8.631419124677542905e-07
1.847821498233272923e-03
3.242260196158349393e-05
3.018441838719357762e-05
-1.934939541964692412e-03
5.362650976212463352e-06
-9.228288374087183178e-06
2.893232509800142994e-03
-6.571672638012773771e-05
-7.771571933430259694e-06
-2.373761569319423476e-03
-5.991079341939428815e+00
7.675686048852315757e+00
-9.011603840991902814e+00
7.471026561425715862e+00
4.127584521522816630e+00
5.057179044494088060e+00
4.465241815083820676e+00
6.758937694056288414e-01
-3.376734160334586843e+00
7.171854260138365689e+00
-1.886648172635512312e-07
-4.575422231940236110e-03
1.987981382066594447e-07
3.582712059469228230e-07
8.010308978415141279e-03
-4.819173514706995335e-07
-4.249849816574653862e-07
-5.130295901766755880e-03
-1.009709498776016208e-06
3.755873446945025800e-07
1.692289427335388896e-03
6.917160921269846526e-07
1.736249133654867249e-06
2.496686268169348230e-02
1.438449773517338598e-06
5.841240959757201190e-07
4.557879603217418474e-02
-1.721989562516455498e-06
-1.329848226767664462e-06
3.546969893579159094e-02
-2.174647365949047139e-06
3.196674541016949664e-08
1.776702311378478352e-02
-1.328886412982718405e-07
-8.394837152439599678e-07
2.862308887322382797e-02
-7.054096383533201785e-07
3.285260034776725813e-07
-4.992411753050620543e-02
1.117421763212773352e-06
-9.701320704350349673e-07
1.496465463850269207e-06
2.950373032144720320e-05
1.870267640810971836e-06
-7.542312323949042502e-07
-4.660947947431232197e-07
4.651216022967440300e-07
-2.181542206648698443e-03
-4.692857941538170216e-06
2.508107468851695179e-06
4.784690910906582292e-06
-4.229709437296583250e-06
1.912053739249743381e-03
3.047037342735741652e-06
3.202209134694771907e-08
8.292483170731375206e-06
-8.714971071538486140e-06
-2.449987784710026383e-03
-2.692049695235452052e-06
5.258334570939679668e-06
-6.781413961490073910e-06
8.541256069958211587e-06
6.580586107328530859e-03
4.857550840413504816e-06
-6.176566264737928214e-06
-6.103406925048669143e-07
-1.568599288621840836e-06
-6.989362700699859078e-03
-7.424785582540620522e-08
1.017680293203181177e-06
1.044332192588202753e-06
-6.033860935843444926e-07
6.618852170790204183e-04
-8.009452765922140419e-07
9.576925653390266131e-07
-5.235242405532846254e-06
2.458736821065483603e-06
-8.069537618122022207e-03
3.375148556907932545e-06
-3.451155907199899693e-06
1.268616297018366206e-05
-9.570664843531053405e-06
1.253677110963849137e-02
-8.497659197700763994e-06
9.892626545979452146e-06
-2.962513368995458272e-03
2.222281014347611989e-07
-4.754115195131451146e-06
-4.535716633717994280e-03
3.522751676735286439e-07
2.253494623304798644e-06
-4.615027084034198715e-03
5.504336295738047197e-03
-1.717436056003014794e-06
1.171728153596858648e-05
9.090637209233150273e-03
-1.043056228230296664e-06
-6.053375755206526715e-06
8.570390914806460397e-03
7.251015606298978340e-05
2.697368439066908159e-07
-7.411081187297398474e-07
-1.383913522671305016e-04
1.011231414342011923e-07
4.081959401195479590e-07
1.147762892293333411e-04
7.819265922073733712e-04
1.249114232139162635e-06
-1.259275737355841431e-06
6.298143325004798652e-04
6.125836413777933401e-08
1.210411856829934006e-06
1.222235653836774120e-03
-8.391032582849590731e-04
-2.447057522420057728e-06
-3.565447113923297574e-07
-7.392704528868257940e-04
1.958813265076560701e-06
-2.051021997460001991e-06
-1.308549420025336340e-03
3.557974888412439307e-03
4.532347781473260390e-06
-4.750293300829516214e-07
3.862151152881110414e-03
-1.591245037372925638e-06
3.394030436431549633e-06
5.551153531835490221e-03
7.540403227577150693e-04
4.239055888624861991e-06
-6.261862121135341731e-07
6.828976244329337635e-04
-3.805419225970353096e-06
3.744671545109201102e-06
1.176393675652220557e-03
-3.791393352783990821e-04
-3.054243837179746327e-06
9.583429985951737488e-07
-9.051964953764224300e-04
4.440132107347284099e-06
-2.280287917025024854e-06
-5.896543725061859477e-04
-3.534420708105658189e-06
-1.122756499044328142e-03
-2.553302993637217729e-06
1.351315736441274516e-06
-1.458048898347614163e-03
-1.453774817284528933e-06
-3.238379497046593422e-06
-1.755707499482595055e-03
-9.288299379256300571e-07
1.698432456650058009e-05
8.298280996657027633e-03
7.973808647627561125e-06
4.820853346191604610e-06
9.980193125360383583e-03
1.811093506455416435e-06
4.946763379737833508e-06
1.295612857212250293e-02
5.939114636467761839e-06
-1.227009899097585352e-05
-4.802804470004915123e-03
-5.062120529413377094e-06
-1.155189823174144132e-05
-5.470441191670099429e-03
1.374194554212415800e-06
6.245225985677686570e-07
-7.501626573470761283e-03
-5.627303536590006318e-06
1.591013508763938986e-05
4.156366931495114429e-03
7.351373295930089443e-06
1.592526951019882018e-05
4.663470341775412947e-03
-1.090953339640990966e-06
7.768161331001958369e-07
6.500675283228731297e-03
7.708546455754506914e-06
-3.591968766561678631e-06
5.331599133875395893e-07
2.636657867085139516e-03
9.205377564961438641e-06
-2.113328958656055781e-06
1.064485450337268775e-03
-7.786311792136264620e-06
7.297877510389924827e-06
4.113688085075150810e-03
7.383074983009940858e-07
-3.006503530825730733e-06
3.409671584140445249e-06
-8.276932951028074164e-07
-2.943151568065305052e-03
-8.328703236751065669e-06
4.948410285437196757e-06
-1.147426793881584604e-03
6.963020759716947848e-06
-7.816807654022509352e-06
-4.591229172396035438e-03
-8.142823503248639336e-07
2.885377863495925294e-06
-6.543593728149377491e-04
1.736616549633279760e-07
-6.772685574418975475e-07
6.425363635118148899e-05
2.917293310227523302e-06
-7.308289826266405542e-06
-1.136412081292042164e-03
-3.911766831721384960e-06
5.095883204219338596e-06
9.791063189248767830e-05
-1.089899241102308066e-06
5.506146683488131680e-07
-2.993184017548498974e-04
-5.991036509624900752e+00
7.675336016916704196e+00
-9.010987151734804357e+00
7.470993828995226238e+00
4.129133106716150969e+00
5.062412519309139824e+00
4.473624750067157763e+00
6.775482809228682290e-01
-3.384533461003655042e+00
7.188831760311832575e+00
1.556136800348782647e-05
4.598716421737245041e-03
1.280990778711768881e-06
-9.051344840458752791e-05
-8.288032825384521879e-03
4.001861513678224580e-06
-2.295827494790196838e-04
3.916386262880659948e-03
1.712376504326704725e-05
9.174738715016735372e-05
-1.138549605315202461e-03
-4.819980942583560935e-06
2.284185099302036203e-04
-2.055793655288664853e-02
2.677247387214302997e-05
-1.387216582692892453e-04
-3.510697018516348300e-02
1.544899886420468137e-04
-2.340875330882134211e-04
-2.157652127951338594e-02
2.187113235895006406e-04
-1.811383929042486728e-04
-1.074296300941490409e-02
8.665690818508176311e-05
-1.801793141413612096e-04
-1.560354697869686599e-02
1.947197517471928058e-04
5.848988635605156675e-04
3.059943915165437914e-02
-2.249928711219622744e-04
1.181696534693926380e-05
8.646270150120343953e-06
4.010206445421984553e-04
-3.396402467295926155e-05
1.983793129976013539e-06
-5.727040884532770895e-05
-1.865989830577463224e-04
-4.663761761880955668e-03
2.301840671500038501e-04
2.109632476052079224e-05
5.090144353683562911e-05
2.539318251282330925e-04
6.531001139304201675e-03
-3.333645745064212247e-04
-4.881590403358747766e-05
3.136687548834925406e-05
-3.406652046493148338e-06
4.238341947391582355e-03
-2.497509751321687777e-04
-8.625385319407219810e-05
-4.375511625021282890e-05
2.594635238963684861e-04
-9.574504015865260668e-04
1.199724831796003164e-04
9.423398229659656566e-05
7.523905123438460302e-05
-3.155862452567509673e-04
-9.871808833017722655e-04
-4.256312295185683131e-05
-5.403897368846811012e-05
-2.040251788303403937e-05
4.569564609057691514e-06
1.555264917166982439e-04
4.591098171388502890e-06
-3.245971436274341335e-06
1.372258802699024768e-04
-1.359464369859203655e-04
-1.249944028214122673e-03
-5.221736198952946174e-05
-5.442949476018295405e-06
-2.595298137931992656e-04
-1.755966388380773044e-04
1.847628910397005643e-03
8.508725129664049974e-05
-7.677468627062105375e-05
2.902175880948162402e-03
7.393293193519288485e-05
-1.378996411175515736e-04
4.278399905288914583e-03
9.125496715767524004e-05
2.541770694003762091e-05
4.499912640659813404e-03
-5.022835086911621796e-03
-2.415792892001187805e-04
2.829072109976721273e-04
-7.033180809022650942e-03
-3.034678663925298491e-04
-1.664507631272455661e-04
-7.699626640339809168e-03
-2.029309834657791749e-04
3.385103920059135253e-05
-3.759519302720510888e-06
-4.150711026192228361e-04
4.407087735692185790e-05
4.182292648855035562e-05
-3.468762393229137312e-04
-1.097934289847453827e-03
7.742449766150232221e-05
1.782849930948460660e-06
-1.946458347002028326e-03
9.784473652333511230e-05
9.808388468754272239e-05
-1.781199987465158490e-03
1.107877197025070905e-03
-5.241012285128331290e-05
-3.159828515920205588e-05
1.833695700500132929e-03
-5.392946418941381339e-05
-6.488881094921468743e-05
1.687539084381479938e-03
-4.374538183761505009e-03
1.794388871243827956e-04
4.315132107019103058e-05
-7.187219013051963055e-03
2.089916239444769282e-04
2.339318886237731917e-04
-6.920093577556896830e-03
-1.227750732791823207e-03
2.964436611354605809e-05
5.456572398584839424e-05
-2.979370036420690964e-03
8.476964780899179386e-05
9.980584318899102464e-05
-1.755069073324846138e-03
7.986042983994475798e-04
1.117689255624876733e-04
-5.190523219076669350e-05
3.646636393137797465e-03
-3.693031518295711302e-05
-6.080561471622723926e-05
9.137230305495019130e-04
-1.151705638028888056e-05
-1.262075391984608707e-03
5.215099029699704804e-05
-1.270246589876798497e-04
-1.423563119245229444e-03
5.099513977182221767e-05
8.290927067863774271e-06
-1.996975719545236987e-03
6.133717932055575173e-07
9.990082585844239883e-05
9.216069524066087745e-03
-8.787128828760332937e-05
4.547602453143601508e-04
9.363819163304105270e-03
-1.381243508042977414e-04
8.343508200153702012e-05
1.442262374895699611e-02
-3.582493505440499963e-07
-6.150895103202175132e-05
-5.438329667080444262e-03
-4.258216888316222905e-05
-1.805633957490165777e-04
-4.867719774703672259e-03
3.863648103189338222e-05
-1.259020027570431578e-04
-8.433325515275393730e-03
-1.454805876508426699e-05
5.097151921892867235e-05
4.861991819104724555e-03
6.699260294558163084e-05
1.897010618665883686e-04
3.949432486026182958e-03
-3.707894783708524689e-05
1.596864532711847213e-04
7.497081382951649615e-03
2.918673998305567748e-05
-3.343683096643395073e-05
4.178862837606831535e-05
-2.780256658788739319e-03
-5.142959641706739728e-05
2.889017410946095529e-05
-7.205546821956254969e-04
-2.618163484535476477e-05
7.126650689433065974e-06
-4.291710138496826650e-03
2.017491890577113628e-05
1.698501458923312241e-05
3.062307278219390837e-05
-4.007796766139081097e-05
3.101898071991418971e-03
6.057054201480020035e-05
-4.822077702529319792e-05
8.224224410027031673e-04
3.478265678829805759e-05
-3.211866193584517301e-06
4.776608541074533164e-03
-2.221779315256502334e-05
-5.402436966420946351e-06
-6.431952110577627895e-04
-7.648551453030058550e-06
1.259259815477273314e-05
1.667307390946580589e-04
1.941535679184504086e-05
-3.476731400574612917e-05
-1.008443251128568821e-03
1.268819937684768451e-05
3.425614750006545072e-05
1.620598967834108108e-04
9.567234741529595521e-05
6.745025250218520307e-05
-3.764245991770929643e-04
-1.062961594330825399e+01
1.463434945646966590e+01
-1.831539586301188649e+01
2.081926416524096979e+01
-1.574615785258038869e+01
-1.855759611374913831e+01
1.912082165011926804e+01
-1.735542530120048355e+01
1.537287074853623814e+01
-5.910947106940486862e+00
-6.478315824780104037e+00
4.272010454037046934e+00
-4.899971054989973873e-01
4.361869881938864602e+00
1.540738704932819303e+01
-3.878622648374763384e-07
-9.303572144179177031e-06
1.059547105692507736e-07
-2.764842784835228234e-06
4.740042457678248607e-06
5.104102107290248642e-06
1.244147710389874502e-05
3.200278954964590129e-05
-1.958578446555284277e-05
5.515834674436304958e-06
9.728639974883583974e-06
-8.904979652506768548e-06
9.804377121721647516e-06
1.215781479742705800e-05
-1.556888211331024693e-05
-9.456733177474473963e-06
2.137216605444493880e-05
1.361784149291398035e-05
3.168948108051612299e-05
-1.366392419466732852e-04
-4.441657871432463359e-05
2.634346317282732343e-05
-9.948136205604203152e-04
-2.241653191543615956e-05
1.498783346967544870e-05
5.969751397546761706e-03
-5.861941372027088080e-05
-4.292087454286751540e-06
-1.334706875120395160e-02
2.050712447163347907e-05
6.693225501808404475e-05
-2.482670699741495665e-02
-1.373427605627493774e-04
-1.014947870269573729e-04
2.042667143534958665e-02
1.988507927680618990e-04
-5.966956676138047662e-05
1.558631409457809230e-02
1.055775754321889410e-04
5.435482321198152112e-05
2.290065730056575072e-02
-1.179723215060334810e-04
-3.066886905549713005e-06
-3.866443500340422312e-06
2.679129558919622495e-05
6.894441242868714350e-06
1.596043034080721060e-06
3.697987620173395252e-06
8.381454574318757022e-06
5.303879551685272557e-05
-1.437346320501247589e-05
-1.942589916973915193e-06
-1.583962093298332018e-06
-6.087825263154246634e-06
-2.085230618959117450e-04
1.027923062520742927e-05
1.132851160889565710e-06
-2.871809264761690052e-06
-1.169720898733534806e-05
-7.398162508698274270e-04
2.011335442567849854e-05
1.570801651894061292e-06
1.461604112472339325e-05
5.493980926686434707e-05
5.220679603320043001e-03
-9.192236761162476694e-05
-9.615790394179014484e-06
-2.514770429451782885e-05
-7.812049201652064242e-05
-1.102893735713442354e-02
1.273519188451874035e-04
1.671252191630359351e-05
-4.286335023074045201e-05
-1.248636453515001991e-04
-3.720141868823831355e-02
1.865250854042946327e-04
3.594403114836875580e-05
2.974000722170053236e-05
1.101576764154119456e-04
5.591112169274399524e-02
-1.449833690655807808e-04
-4.744187344091722397e-05
-3.354015932625702682e-07
-5.081100259463972174e-06
-3.842553873564412067e-03
5.670034374888952921e-06
3.541892193326652619e-06
1.932444037868627091e-06
3.073818062703174005e-05
3.214395237281730822e-03
-4.637133333608153623e-05
-2.221107373510320922e-05
2.172252247689698732e-06
8.219323963227684169e-06
5.050354085543180133e-02
6.993809747703581729e-06
-3.468419173236750469e-06
2.376477813915174795e-05
9.592616334444901288e-05
4.792848761102752597e-02
-1.510348773616257921e-04
-3.012606257908351592e-05
-9.759730779926881761e-06
-3.128557783048146389e-05
9.571308084524254509e-03
5.982441586416703164e-05
4.406319120153965566e-06
-2.699660001001030822e-05
-9.132893401265777442e-05
-1.637486334518888434e-02
1.586077036266825616e-04
1.533838469928039083e-05
-4.413203147948830416e-05
-1.402951247892825291e-04
-2.151213828255851487e-02
2.520459591878283973e-04
1.617786177366516213e-05
-9.741159638253013745e-07
-8.846047379230195298e-07
5.115818550282261402e-07
-2.413746530668492256e-06
-2.998739106336048844e-07
1.152586581109343812e-06
-9.459904720933274475e-07
5.510577812712427341e-06
3.478733866439642781e-06
-7.623607592978012786e-07
3.662158987666124335e-06
-1.490336574635001810e-06
-2.061832934857189438e-06
7.777812350216752770e-06
-1.880735855122367241e-05
-1.167096997948973432e-05
-5.861307145058383526e-07
6.248512115368407222e-05
8.653589412444498920e-06
4.197913794204171289e-06
-2.520706027831073545e-05
-3.409479711689909518e-06
-4.319178967040852418e-07
1.331036308414054309e-06
-2.706389631076222858e-05
-1.126013130716288628e-06
5.835451752096842516e-07
-5.755397074828201036e-06
7.543005197734834683e-06
1.289643823083994738e-05
-2.835483076678529101e-06
-1.855544112183608147e-04
-4.464351566572041841e-06
-5.524832383620407028e-06
4.466073906553837048e-06
2.020601087748827914e-04
-2.126545653036597542e-06
1.094790808642574220e-05
1.022868551374741348e-03
-1.251293568548722419e-05
-1.744533396413125499e-06
3.263026687972456598e-04
-8.218806549286190258e-04
-2.617527613781566316e-05
-2.400752648198228032e-05
-2.584056501918043092e-03
4.590478881379114111e-05
1.784487635091552149e-05
-1.278613603815636005e-03
-6.465841259963973041e-04
-2.404366851124982611e-05
-2.098235500062905863e-05
-1.712287630988540334e-03
5.103163202703112051e-05
1.542567678639259959e-05
-9.783361197130725773e-04
1.022486474215945126e-03
-1.277851111933395028e-05
-2.928908459071946966e-05
2.707228486313138956e-03
8.087144492048392423e-05
-3.264563400981685619e-06
1.643306604031085760e-03
2.086894984969417822e-03
-1.087304309366085453e-05
-3.433071254199570108e-05
5.970729052463994227e-03
8.099494569553408014e-05
-8.907556550721930624e-06
3.286643543392871614e-03
-6.255771815576970356e-04
3.907231379002697854e-06
1.014206182244956661e-05
-1.929842523171606703e-03
-2.099989918308207791e-05
1.330274144830481934e-06
-9.815109113046217165e-04
-9.559282541442621533e-04
5.293855565200137689e-06
2.315296275629015121e-05
-1.675958514596531147e-03
-5.371224515133951247e-05
1.322455358420206284e-05
-1.510043182393270818e-03
-2.193091033066910632e-03
1.779167997123576710e-05
2.597435354501672743e-05
-9.217277836073491104e-03
-3.969249675305526747e-05
-1.775151172868612843e-05
-3.418509050925280617e-03
8.850534729251968453e-04
-4.349672645491613500e-06
4.672414248417172743e-05
1.111176940802908845e-02
-1.301032844721293220e-04
6.973751749484264565e-05
1.328570315095774180e-03
-1.389774215014129330e-06
1.895331702688624184e-03
1.897265865281801020e-05
-8.076864613538871325e-06
2.153297232348807492e-03
3.241277364813691445e-06
-6.282923225180906214e-06
2.960490383308843516e-03
8.640647670083546496e-06
-5.619579944570112930e-07
-8.301029192198949164e-03
-3.859993259968620482e-05
2.730054003379632323e-05
-9.995142985908757674e-03
-2.992040979929368955e-05
1.920220360375886971e-05
-1.295263873004615443e-02
4.115329757757772255e-07
1.195510294216578804e-06
-2.112274562242857229e-02
-7.420354556826670484e-05
5.434773785105271758e-05
-2.600921198292190789e-02
-6.668853761746361820e-05
4.075698378989775917e-05
-3.294803066234371081e-02
-1.782825714845433750e-06
-5.698427115058465328e-06
-3.584110617194833509e-02
-3.278063010053210223e-05
4.407526835025087531e-05
-4.040419713825436909e-02
-8.778771092412846356e-05
3.908794715258548835e-05
-5.586634402324454352e-02
8.442850726535222616e-06
-1.666770516922159409e-05
-2.905509251455512532e-02
-2.921439500332281098e-06
-5.506322750691221930e-06
-9.894799102241483638e-03
-1.445152748479335372e-05
2.297523074058243931e-05
-4.526599982473335920e-02
-1.224748923917917762e-05
-3.741565750182928995e-06
-2.381758532778363406e-03
2.276746632375178329e-07
-8.203175220744298839e-06
5.869688069269686850e-03
1.093058274657166581e-05
2.772269483562217760e-06
-3.707360661757292015e-03
-2.663526161835097749e-06
6.629707902408976622e-06
3.806878857280903469e-03
-1.883371790662096847e-06
1.040048337426774863e-05
-7.736233180968237269e-03
-1.363402689007013195e-05
-3.314427950451523554e-06
5.927168672102838681e-03
2.648760962031576123e-06
1.333815741591927876e-07
9.112523686180519500e-03
6.257827637300489832e-06
2.646557652581314464e-05
-2.525340975635427532e-02
-3.885547575132557564e-05
-1.955135862211398919e-05
1.421125906413161534e-02
1.014238220113368954e-05
-1.131415077050249209e-06
6.222628399171612661e-04
9.757129764649754432e-07
1.270045660428695392e-06
-1.835462076849643997e-03
-2.212961346753997386e-06
-2.027102478519828701e-06
9.726052922547634427e-04
6.623710935246224181e-07
6.192066756143055901e-06
-3.554973200409211696e-03
-4.785358296943438297e-06
-5.186858309438639942e-06
7.431099364389083181e-03
8.023095589879186619e-06
1.044575186289693429e-05
-5.555057640243743836e-03
-3.514985928742900414e-06
1.795451550178278551e-05
-1.062814757001812396e-02
-1.039175581707169912e-05
-6.364291686029840874e-06
1.359510560679254819e-02
5.630258503234690848e-07
3.460522676718497050e-05
-1.660890974365674885e-02
-1.334572243324475222e-05
-1.457259575291101515e-05
1.120398063071119388e-02
2.012898672055721808e-05
2.215155392713404219e-05
-2.711063077276900692e-03
-4.110400300177962269e-05
-3.081467242223619179e-05
1.749400813885003750e-02
2.438942438125945639e-05
-2.904609663972149146e-07
-7.602951678590519000e-03
-5.727583756308493086e-05
-9.699308691280804373e-05
2.501802744328856815e-03
2.485400493519338374e-04
-2.258953039268038812e-05
-1.181720048639486008e-02
-2.428284930175231418e-05
-4.003758370406565726e-06
2.623891975224790464e-06
8.409650009415757182e-06
-9.853239838975159221e-06
1.279785601630531092e-06
2.229957162538843301e-05
-3.444223388903874491e-06
1.507478956699793072e-06
1.760255053864359233e-05
5.151853725072436059e-06
2.981859437538411745e-06
9.414158921401349586e-06
6.804395421492043804e-07
5.082624456418096347e-05
-3.966802745785620663e-05
-8.740293719206726616e-06
6.280573526433231874e-04
-1.672719781609349320e-06
2.187605784704352622e-06
1.188240518098009014e-04
4.432537079573089123e-05
-2.556840240914993036e-06
3.212020703401064663e-05
-1.155342884395673210e-05
1.839900364564893897e-04
-2.873120661773521958e-05
-2.455545374248164825e-05
1.292471516668983970e-03
2.110268675978477129e-05
3.686906647713907622e-07
3.348356966690682070e-04
5.051992821638438569e-05
-2.049792118900082625e-05
-8.738544152613437701e-06
3.729100051446958832e-06
-7.021490532886698387e-05
6.492805193713374116e-06
7.332965447822823526e-06
-3.902023128708270944e-04
-7.860949829694662526e-06
-3.063572609419930815e-07
-1.212046013537481834e-04
-1.177468000971956202e-05
6.405124523992161885e-06
-2.592120671698166154e-05
1.076167348820417834e-05
-2.331239199392116511e-04
1.728031392870420295e-05
2.204537979395397991e-05
-1.220389533913609397e-03
-2.446843354305851942e-05
-3.117204437671310340e-06
-3.931307436143933131e-04
-3.181797066325908378e-05
2.064527956356744518e-05
-5.712655684080188406e-05
1.617780733951252860e-05
-5.564306651960059273e-04
2.978302497267692382e-05
5.150954387818634778e-05
-3.221768654793525678e-03
-6.843235245847229106e-05
-2.282754174249712828e-05
-8.919492529324850229e-04
-5.001112960306172792e-05
5.070999234587183525e-05
6.102285887421026356e-05
2.499006397287114882e-05
3.521041451078383991e-04
-4.512698899457978196e-05
-7.019353565016712222e-05
5.307849673478247897e-03
8.529557946441503893e-05
8.891222668479663066e-05
4.710126191915430731e-04
2.871740704404804058e-06
-5.267715637168792761e-05
1.539451807478423972e-05
4.301661552555118576e-05
-3.828700935931377415e-04
-5.216129732826233655e-05
-4.364642004148154542e-05
4.099606589986287686e-03
6.569628129963967151e-05
6.202500915770241816e-05
-6.626558932783369917e-04
-1.840142520471633160e-05
-6.565147448069244310e-06
7.628005976160101230e-06
-2.625482536253917126e-05
8.834907565883252066e-04
7.243833469363169619e-05
4.217960276168041596e-05
-4.558014238405870555e-03
-1.330713741277570546e-04
9.817365349949293328e-06
1.348496565721260011e-03
-2.285649420912427339e-05
-1.553287192674375760e-05
1.403792938298554799e-03
8.146362358422570848e-06
1.123797314154249125e-05
3.110558146224145777e-04
-1.008344658539624518e-07
-2.337134150358602023e-06
-2.449071573972793920e-04
3.587750308475443333e-06
4.848128862057978655e-06
4.691201154155342883e-04
-2.952509555614189665e-06
-2.131035617127369547e-06
6.461559608472968374e-04
1.429395080202387237e-02
4.501866192152140049e-05
3.778974893321917274e-05
-3.208903672888102588e-04
-5.834848292851638131e-06
-4.247037810814024809e-06
4.621655777760918724e-03
1.673537292269118961e-05
7.800776234459701615e-06
-5.520139760958665300e-04
-8.465788153217590928e-06
-2.118915462031511706e-05
6.578361743598883440e-03
2.986624085790108227e-02
1.738615796257371178e-05
3.557299244646674108e-07
-2.228058080463638999e-03
2.114301938768421794e-06
1.205031544920169388e-05
1.515031945678559262e-02
-2.973267357980345811e-06
-2.474767259922325041e-05
-3.464537845853305972e-03
-1.506180012274558949e-05
-2.563299984872155891e-05
1.373533431521034055e-02
7.203912564959411534e-03
-3.917500650624725891e-05
-2.765661942189255978e-05
-2.665043629659887350e-04
1.520469546243483891e-05
9.831560995653740970e-06
5.001281402929598323e-03
-4.557979324935955510e-06
-3.123448252816564391e-05
-3.638864671847912924e-04
-1.541526837268337397e-05
1.462756647774395897e-05
3.312876523839630282e-03
-6.063513889075175002e-03
3.587700434108593076e-05
5.253421750869617603e-05
1.805050416989884942e-04
-2.824441646138174043e-05
-2.469790149670679036e-05
-3.329670109843662663e-03
3.210612622653610072e-05
2.661237861232063529e-05
2.216150670648321880e-04
-7.537651549346474759e-06
7.818488762106591767e-06
-2.766219127413100786e-03
-5.133525955051836120e-03
-5.879633821179211349e-05
2.486669503145188842e-05
1.831108021631126272e-03
2.140276232926897480e-05
-1.703972112322189739e-05
-1.857831873887896400e-03
5.407063510371351881e-05
-3.248761498946369430e-05
2.864538640130073321e-03
-3.881151976089109714e-05
7.526099837422699397e-05
-2.327391689385681622e-03
-5.991079491143449509e+00
7.675686334791053334e+00
-9.011603453393842500e+00
7.471025965793472778e+00
4.127584600034881923e+00
5.057178864636703075e+00
4.465241964193602087e+00
6.758938243570902227e-01
-3.376734675964203625e+00
7.171855700333445327e+00
2.155153741269445776e-08
-4.575375476380785095e-03
-8.323022297375774381e-07
-1.130025440080569076e-08
8.010143400633705849e-03
1.551004203472383662e-06
-3.574177277657452007e-07
-5.130162094942694942e-03
6.258878694526324376e-07
2.561380727666740946e-07
1.692250336534781774e-03
-7.065738474612202780e-07
1.790218197139323443e-06
2.496591186382170549e-02
-6.137661149240749960e-07
2.127731820842067421e-06
4.557796257381944299e-02
2.425494576225941935e-06
1.230287626245243466e-06
3.546944930586629768e-02
1.378773487298859376e-06
1.267665366424601199e-06
1.776537156579018756e-02
-3.966648217263560817e-07
1.293850735184323820e-06
2.862195977117106341e-02
-1.134215856134758922e-07
-3.534038567792880645e-06
-4.991953215330608568e-02
6.950914798660618906e-07
1.730883179680620238e-07
7.806108183112257949e-07
3.131210326290622932e-05
-1.577369910006022656e-08
-2.434619448596612509e-07
-1.241767432041484216e-06
-1.176980721057819068e-06
-2.193991686255346990e-03
7.710831585864180758e-07
2.475457112217832858e-06
1.484620274958877722e-06
1.751844981831237806e-06
1.926809704595182794e-03
-9.748841181819371326e-07
-3.213051595805620293e-06
-1.052687995252115404e-07
1.822661984494072718e-06
-2.440830835304146768e-03
-1.036066666060914495e-07
-1.223631526564788264e-06
1.304596652001793699e-06
-1.389790981700739363e-06
6.576490431721267182e-03
-6.324547162535308676e-07
-5.017083967139600103e-07
-1.017114267157339917e-06
1.535315510225341341e-06
-6.985725149430067199e-03
9.885523175095206871e-07
7.072606222676208816e-07
-1.286123643520311651e-07
3.433158641883675525e-08
6.608225503373142771e-04
-6.667191235784346958e-09
1.722931149327008368e-07
3.034016071007464525e-09
7.164285127130553297e-07
-8.064293430948374364e-03
8.898093583604059534e-07
-1.709803064524600242e-07
-1.430078483771726908e-06
2.927068354080526022e-07
1.253028790575372829e-02
-1.261108068617154056e-06
1.157559987153307408e-06
-2.962229693376810212e-03
-5.717642305787615434e-07
1.109414488395242045e-06
-4.528620070867662994e-03
-7.858139348227439568e-07
7.682399147482610256e-07
-4.617641097474446503e-03
5.500869773254975920e-03
1.081565832252255819e-06
-3.635352551920432899e-06
9.073607543641032391e-03
2.402664471460404615e-06
-1.128098255505685836e-06
8.582494221974932766e-03
7.372845789889437545e-05
1.673261561123665792e-08
5.197829932456154316e-07
-1.375516556611520243e-04
-3.084076912082688138e-07
-1.430851105127576307e-07
1.119778880061220741e-04
7.848510325036593075e-04
1.560294425927086205e-07
1.084040837740373000e-06
6.308309007633815029e-04
-6.386031964246424589e-07
-4.592122250045203684e-07
1.216120567277496900e-03
-8.423765982752701859e-04
-5.317256178160856389e-09
-1.851214012432751806e-08
-7.340508953253651507e-04
-2.172775385574456308e-07
-1.965418743805361228e-07
-1.307916674306054466e-03
3.566357301580079086e-03
6.202231388618918958e-07
1.689956902574448492e-06
3.857397496051440198e-03
-7.773557855142840779e-07
-1.038217033007393670e-06
5.540724099556689625e-03
7.588279640271193126e-04
-4.213072437107834724e-07
3.016223520940052838e-08
6.755259107406730431e-04
5.257282614474064306e-07
6.605612873573197274e-07
1.175398419279489841e-03
-3.817201125309057069e-04
9.755458496203995421e-07
4.793996475658905439e-07
-8.985698164404591799e-04
-1.183305896185326535e-06
-1.052662986851772609e-06
-5.923887658311918726e-04
-3.493167288128695109e-07
-1.129438736792858899e-03
2.835345728844590252e-08
-2.415179838455627598e-07
-1.463456462113336010e-03
1.396243181339800805e-08
-3.781008632160288558e-07
-1.744248021534312203e-03
-6.494423781540602262e-08
1.134866872904552869e-06
8.317351081735122748e-03
3.892818523565409933e-07
1.510913986456859848e-06
9.980578252005198325e-03
-1.959564377723887593e-08
3.814565596092007475e-07
1.292356421213813195e-02
5.540122571636798036e-07
1.886809901550705145e-07
-4.811936606803890286e-03
-3.238731555447977323e-07
-1.139000011097202492e-06
-5.454637712664267037e-03
-3.413780799534604633e-08
4.707112787341385313e-07
-7.487902163520096174e-03
-4.233905950898483540e-07
-5.958637997805734253e-07
4.170665458158576665e-03
2.241686793669322912e-07
1.291457896745815041e-06
4.643365369917789101e-03
1.137643941525688966e-07
-4.416742089837683924e-07
6.480256991592504498e-03
4.266587822027532301e-07
2.442267052158891328e-09
8.347491361266951346e-07
2.635545199859811848e-03
8.653180816979295746e-08
2.619420889977969029e-07
1.051705208211278948e-03
-3.435570701299770995e-09
1.708764221013643764e-07
4.109577941674170606e-03
-3.528368087169321176e-07
9.084208894196922520e-07
1.020528703781397265e-07
-1.160744431667197989e-06
-2.943075056942139663e-03
-5.716668156338575948e-08
-2.540163552831500451e-07
-1.139791539578368772e-03
-8.171190204049804737e-08
-2.595394294800477172e-07
-4.585083435730715612e-03
4.106426448643831323e-07
-1.179846770264696264e-06
-6.565532129406287127e-04
2.533804803560407212e-07
2.598702734664027523e-07
6.589309381127789276e-05
-1.202632318176028542e-07
-1.252673369542753194e-07
-1.136362668172429848e-03
3.706202621090354711e-08
1.678231408216347818e-07
9.812652025560129692e-05
-3.852068145301784919e-07
6.452735163797863359e-07
-2.990762981092069239e-04
-5.991035781919062941e+00
7.675333424925794290e+00
-9.010985620920932249e+00
7.470989441607062354e+00
4.129127126008674153e+00
5.062412234722272864e+00
4.473631122554626138e+00
6.775493664102629765e-01
-3.384535706701135460e+00
7.188829287764249898e+00
-8.776957804131634664e-06
4.598146603396776125e-03
1.322111128028124859e-05
3.927542191462130179e-05
-8.288207685306529099e-03
-8.156930212010668740e-05
8.884311900358063375e-05
3.908925556388438520e-03
-2.093027737244197348e-04
-3.672204048506766215e-05
-1.134994106494748630e-03
8.274317380594748913e-05
-1.175660007150061849e-04
-2.054108561401965863e-02
1.854041383705026531e-04
-5.068311401796615930e-05
-3.509257514970678254e-02
-2.006296353132455538e-04
-6.140588993148910922e-05
-2.156768979434732850e-02
-3.145307112399310309e-04
1.860902707917588101e-05
-1.073977190131907185e-02
-2.025016340749933620e-04
-6.721978468718645204e-05
-1.559534365965869161e-02
-2.550961255258825605e-04
-1.028866978615293373e-04
3.059270437557383079e-02
6.262573275909271136e-04
-2.858898607085145856e-06
2.816910406583234119e-05
4.000674430345113565e-04
2.525418238080800548e-05
-1.336500486899370880e-05
4.129522721351252114e-05
-1.182418026991082812e-04
-4.662841960914450475e-03
-2.790634589068390374e-04
5.040184504399977585e-05
-5.965248086459310286e-05
1.781355887558523675e-04
6.530116425019543737e-03
3.898077183709759220e-04
-3.448949715660490703e-05
-8.187675992873156845e-05
2.294885948360735951e-04
4.237839681501674727e-03
1.250479953213990683e-04
7.155511202898054944e-06
9.571196330945133733e-05
-2.391140812863851628e-04
-9.574530165204885729e-04
1.624258728462928060e-04
-6.255201114129893634e-06
-7.751186125102790293e-05
1.999180074268454808e-04
-9.885874296587135283e-04
-2.498677057250942198e-04
-4.117128267212518452e-05
6.950893654590719798e-06
-6.657029909212814416e-06
1.554881697533561330e-04
1.755976024728607638e-06
2.010684912501248752e-05
-6.745227659587770268e-05
1.169289062070077382e-04
-1.250811119863569267e-03
-9.104011801710156664e-05
-1.204486732753400438e-04
5.767552567126544059e-05
1.298513485307136898e-05
1.848163822272960548e-03
-1.929182129342089870e-04
2.688705115514214406e-04
2.899948514715119767e-03
-1.531362030420271126e-05
-9.509722142602716291e-06
4.280838158366138263e-03
-1.651100883747058515e-04
-7.632369177232786457e-05
4.503915991753283492e-03
-5.018484658956815468e-03
-2.172317665186529066e-05
1.210062641441815438e-04
-7.042754188590805327e-03
3.970519928057146368e-04
2.861208977028543857e-04
-7.711831801445538995e-03
-2.029668101005793995e-04
1.895193150298028553e-05
-3.656525271254034684e-05
-4.133171632948454870e-04
-2.535048694678787074e-05
-4.823800982396338752e-05
-3.452673816009354342e-04
-1.097710825237748801e-03
4.578990664746806469e-05
-8.621939140745867231e-05
-1.943035448789470071e-03
-4.746522934675716904e-05
-1.118347201688454570e-04
-1.778371698235066065e-03
1.107477999156894531e-03
-3.145297720662040836e-05
6.239546479431421703e-05
1.835842711705131100e-03
-5.493290351642654730e-07
7.973057748945501619e-05
1.689932944441722420e-03
-4.373603630127642986e-03
1.150408315750474386e-04
-2.028980108603053523e-04
-7.185260269489155555e-03
-6.674758561563489973e-05
-2.685082459665202479e-04
-6.919835322061759254e-03
-1.226380993241948329e-03
7.131903002374339207e-05
-1.021206846790118555e-04
-2.980855624614760224e-03
4.374474736477745266e-06
-7.508112523622260514e-05
-1.757009467710760661e-03
7.963482462478368995e-04
-1.054250338411696409e-04
6.121108911583884762e-05
3.647799877392482633e-03
-2.522764492266658845e-05
-6.947718133105222345e-05
9.153733019495736674e-04
5.703297573806159876e-06
-1.260336159005883251e-03
-2.035384009297426747e-05
1.983289962998492368e-05
-1.421052322401524220e-03
-1.355770883811834547e-04
-4.734588554962579062e-05
-1.994710414616058299e-03
-1.073800979167616690e-05
-4.821096748001184947e-05
9.210010357577484361e-03
1.223917001988471601e-04
-1.062203781711302440e-04
9.355339486630601109e-03
4.648065782270363556e-04
2.711321028603634207e-05
1.441861197398189819e-02
8.886341410874691983e-05
4.091447724252386236e-05
-5.437387697207584324e-03
-9.043893973025181592e-05
5.343083427511391241e-05
-4.865889358669235783e-03
-1.774874984157486044e-04
1.014452703409227048e-04
-8.435420268780430969e-03
-4.710216952142169124e-05
-4.848300818886481839e-05
4.861779243783666965e-03
1.075620853950310914e-04
-5.869728371274041161e-05
3.948142616711539446e-03
1.846817950384401549e-04
-1.387376734839167712e-04
7.499796459626683481e-03
3.067729640792263865e-05
3.054545147513806327e-05
-4.125171071161628307e-05
-2.778510839394847994e-03
3.074572487169578033e-05
7.427063856009525494e-06
-7.183942381885252389e-04
3.686478653569931442e-05
4.166726209015720033e-05
-4.291771004977866857e-03
2.437799449807148656e-05
1.949355346754322413e-05
-1.899241968498446181e-05
4.160568778324355826e-05
3.099477877590304901e-03
-3.201658362618743051e-05
-5.938589570580875981e-06
8.200093168667572409e-04
-5.816847745017188990e-05
-5.154240606062947261e-05
4.775884854535015003e-03
-2.163271165569156940e-05
-2.234063651195404457e-05
-6.439933949617935617e-04
6.327343375178431592e-05
-8.766227254180652137e-05
1.665413706474921669e-04
2.091513560514261257e-05
6.481042134757140758e-06
-1.010233832229696102e-03
-3.619711006589538226e-05
-3.425534110954299937e-05
1.621789505037080407e-04
-3.617629918392368908e-05
-2.715198478419619072e-05
-3.773783531179366289e-04
-1.062961610951898983e+01
1.463434991775091731e+01
-1.831539663059376011e+01
2.081926541934211983e+01
-1.574615834937742243e+01
-1.855759598308761582e+01
1.912082305005151284e+01
-1.735542780866977708e+01
1.537287436775660510e+01
-5.910946562265643855e+00
-6.478311143003293360e+00
4.272011970265901404e+00
-4.899976812666503312e-01
4.361874036050206627e+00
1.540738708325539541e+01
4.389562122701174616e-07
-8.891489550346526170e-06
-3.717409143396646049e-07
5.833515359709799687e-06
4.503606588876090554e-06
2.829261576607122105e-07
-2.417870752195442987e-05
3.061950744404094216e-05
1.001682478646048595e-06
-1.087787360716882144e-05
9.285677224610622087e-06
2.709247919524754816e-07
-1.947505573800433962e-05
1.113998464064427723e-05
8.790687207471122938e-07
1.873349966480200121e-05
2.279954478455677744e-05
-1.436470733571569108e-06
-6.137238325119736030e-05
-1.418266733024623209e-04
5.202274985971946101e-06
-4.714928718996803350e-05
-1.003432789266668797e-03
1.107697137956996808e-05
-3.679885858474545067e-05
5.968985725473720597e-03
-6.503157055810282323e-06
7.810513861468345058e-06
-1.333427249281800460e-02
-7.985724027336251393e-06
-1.470789681583138035e-04
-2.482044762747205938e-02
-1.286429824351466685e-05
2.121955732683218480e-04
2.043032239100738348e-02
8.804724352629200626e-06
1.188408657418631479e-04
1.558918421726700025e-02
4.217499825708640006e-06
-1.184383105727667296e-04
2.290735454083809436e-02
-9.028242957313851213e-06
1.049248870143284046e-07
8.286929837478648937e-06
2.663659321820568821e-05
8.328351980722731752e-07
-4.329909731070827706e-06
-8.937095263909464170e-08
-1.692999391938983863e-05
5.304969710818172642e-05
-7.021697344381835190e-07
4.922229693279127104e-06
-1.237221853081878925e-07
1.203272827821832644e-05
-2.084660519962826383e-04
3.317328835826336732e-07
-2.097387394132460533e-06
3.670052595395242628e-07
2.324269131167725427e-05
-7.396828323696616643e-04
1.044435520869841773e-07
-2.867908494909833875e-06
-6.579994115892578159e-07
-1.078423629503489495e-04
5.220287031769595305e-03
-3.204896293303352156e-06
1.680629984394190645e-05
1.372000174360204519e-06
1.518871979802494815e-04
-1.102911297310246730e-02
9.398206423780375876e-06
-3.119647185018920130e-05
-3.271572415809767982e-07
2.313157508917853319e-04
-3.720408897804960979e-02
3.208647055473223445e-05
-6.282612895107742078e-05
1.585463826955185002e-05
-1.887416118307780994e-04
5.591573388833841196e-02
-4.368238357984316055e-05
6.782646091092781623e-05
-2.499622119237774479e-06
7.818781303577260623e-06
-3.842865126578557094e-03
2.622678261790107802e-06
-3.951109167095119329e-06
2.077646870571620566e-05
-5.750951514343172433e-05
3.215619422249548550e-03
-8.683354527794145540e-06
2.722831848725659136e-05
-7.585100627279461862e-06
3.235083231331015396e-06
5.050391581573863281e-02
-8.025571747491910972e-06
-5.099756748007166834e-06
9.943761957590983725e-06
-1.799694866136979424e-04
4.792856995824907457e-02
-1.014779345365054876e-05
3.805498836740655265e-05
-1.395495373652945584e-06
6.888882250069405376e-05
9.571384447781175475e-03
4.252775781682710981e-07
-1.361520483252276020e-05
-1.239440032842876447e-06
1.852881812915078529e-04
-1.637589660451540738e-02
6.305288107155218534e-06
-3.561985522478669232e-05
2.841595739745471933e-06
2.914280279640414444e-04
-2.151508772609965828e-02
6.522247275387752694e-06
-5.373802806041329960e-05
-3.930732912116964949e-07
-1.010496132310046723e-06
-6.206336454511628945e-07
-2.102030630964739073e-06
4.153458695436361948e-07
-2.776498369880631277e-06
-7.230947637973780409e-07
4.192101684486703257e-06
1.209720692333024481e-06
-6.521840972527377898e-07
2.911854694866001614e-06
-2.246241036011291612e-07
7.497044926114293635e-06
7.285689249778089378e-06
-1.584599126972954691e-05
-6.045471463838724933e-07
7.425233420923012831e-06
6.424544046290141448e-05
-6.600552053773575911e-07
-1.995190760263481792e-05
-2.448975475874158171e-05
-3.026068172449093352e-06
-6.028861858272905669e-07
-1.792367487017909974e-06
-2.685028050821216338e-05
6.187783796310212109e-08
-1.788898726999952645e-06
-5.491147459393901800e-06
4.117131600394921702e-06
1.398392853998933103e-06
-2.439528298941655052e-06
-1.876285838904454472e-04
1.736014722212462778e-06
2.235343919976481118e-05
4.084340041774669116e-06
2.000627300197164809e-04
3.556766201598060406e-06
-1.367389610596536537e-05
1.022857991872501513e-03
-9.228373524080967576e-06
6.312786206063692727e-06
3.228527235491485386e-04
-8.072185990247003487e-04
-8.338395399669093778e-06
4.839805535861885926e-05
-2.581431964769277405e-03
1.207781524148310389e-05
-6.584096413881180361e-05
-1.273492615694335993e-03
-6.302942403018941533e-04
-2.521879374707452379e-06
5.776341619761763877e-05
-1.711877482575443251e-03
-5.836999872830301229e-06
-5.385733356600243201e-05
-9.826870432605447694e-04
1.031228529845172647e-03
1.267644529234519627e-05
9.202939609077803805e-05
2.706372184840279659e-03
-2.160886590506393680e-05
-1.668030781020537367e-05
1.627860227699758858e-03
2.085390139542546255e-03
1.603215239421232607e-05
9.026926661260888823e-05
5.971071440512022363e-03
-1.038316542363273234e-05
-5.165551153921535724e-06
3.274206859733886938e-03
-6.242929892153897559e-04
-3.774081396176544389e-06
-2.329680374886893544e-05
-1.930083831935881919e-03
3.786861292488552607e-07
2.922501248795778400e-06
-9.790066484928741306e-04
-9.549145192857314522e-04
-1.342728411593811635e-05
-5.875544752129056262e-05
-1.677128653078018483e-03
4.252506733096690625e-06
4.845687376085632899e-07
-1.505217734441175077e-03
-2.185967263048755119e-03
6.081980967122018541e-07
-4.547243029320524274e-05
-9.216571596239798644e-03
-6.954339946441387509e-06
2.126043253393551733e-05
-3.412787528222923760e-03
8.787669639806590860e-04
-4.698565154844273965e-05
-1.381522179366976341e-04
1.110701532359602284e-02
2.257387563627439136e-05
-2.399847073851160982e-05
1.329285440191372214e-03
8.176100459371038999e-06
1.894509657344633103e-03
-4.297403274038376044e-06
6.952865155253641345e-06
2.153578914550947736e-03
5.609090136329300164e-06
1.914725042196026270e-05
2.961016291657762086e-03
-2.995358944879529668e-06
1.063175363701925969e-07
-8.297738171278434827e-03
3.518721729280506207e-06
-4.011793716683036799e-05
-9.996420571947477879e-03
-9.804907561803237673e-06
-4.066850243008405283e-05
-1.295563504295169088e-02
-5.595462842777277810e-07
-3.570307336477090325e-06
-2.111481014065680686e-02
3.899827870001428101e-06
-8.635936056903147811e-05
-2.601314251452855816e-02
-1.636560355447760930e-05
-7.863997111588939435e-05
-3.295648543908016870e-02
-2.866459060062067753e-06
2.511141999893631589e-06
-3.582806052876711528e-02
-1.614358611885445099e-05
-1.006839594316800838e-04
-4.041172409393124082e-02
2.041448364967360066e-06
-4.039626890385019341e-05
-5.588166433952564821e-02
-8.743218960794070255e-06
-2.388787573216286249e-05
-2.904349746526276380e-02
-2.278230118452318983e-05
-1.191420875132741665e-05
-9.901593236592780289e-03
1.017017647911488347e-05
-1.277253988300104952e-05
-4.527725803709968522e-02
8.397367278821038722e-06
-6.221863291873553148e-06
-2.380602912885527046e-03
-4.176225893162147245e-06
1.342044363516382916e-05
5.868812144820252305e-03
1.711509194969692363e-06
-1.751619386527921020e-06
-3.708142839801778674e-03
3.306872428998280828e-06
7.336919193461528414e-06
3.805049641827939772e-03
6.203575388752711030e-06
-1.676281693163072397e-05
-7.734974704555287739e-03
-2.261264964040629015e-06
8.800915782356886065e-07
5.928384775016107798e-03
-4.934136559352124369e-06
3.074296566448280984e-05
9.108626346196529652e-03
1.900154934943989668e-05
-4.627042893294140041e-05
-2.524855989274082599e-02
-2.588425917580206091e-06
1.376798783749211933e-05
1.421521885871523429e-02
-6.441691454009617430e-06
2.569576234033555113e-06
6.220418348755205398e-04
1.512499501030246184e-06
-2.505393409009088552e-06
-1.835018699318834070e-03
1.633315292226190340e-07
1.471044469477204632e-06
9.729550489383541941e-04
8.640855535577537445e-08
-1.279204861930548493e-05
-3.553639990868859549e-03
-7.670632010331399685e-06
9.238981277807821810e-06
7.428966110666040089e-03
-4.507125021362318169e-07
-7.438628048237833635e-06
-5.556808155006960279e-03
-1.019528976583180718e-06
-3.699533348859652721e-05
-1.062331050068547784e-02
-2.670525351862252357e-05
2.317488328105700664e-06
1.359028804594226807e-02
1.447178375955361580e-06
-2.199433561728788064e-05
-1.661215656205184896e-02
-3.265401633798179897e-06
4.165531657944974829e-05
1.119686231895129433e-02
1.650406192121622498e-05
-4.411844507979067038e-05
-2.708896215979446267e-03
8.168805595371888656e-06
3.113865010673781035e-05
1.749274402813164736e-02
-1.701665227472749748e-06
-2.935908560062530355e-05
-7.597416512194890732e-03
4.999778601825837046e-05
2.614172829749779304e-04
2.501281536479281302e-03
-4.671624177971086742e-05
-3.758701516875857416e-05
-1.181418912676365784e-02
1.274240092280331241e-05
2.455144195756706119e-07
1.652928134220186717e-06
7.277588316061087983e-06
4.100153634929813780e-06
-3.882558800291379699e-06
2.196610980476285655e-05
3.623970059846190011e-07
-8.644568733253621331e-06
1.747266737279165756e-05
-4.699918753530751947e-06
-6.152412745936699561e-06
9.410943907739509844e-06
3.017057716959674075e-05
4.612995195527082857e-05
2.025586632175130342e-05
3.651439483864200256e-06
6.263154542338951903e-04
4.823873138833401074e-06
-3.269429330526209937e-05
1.175874137335521357e-04
-2.360242045137138681e-05
3.192783848772042595e-06
1.901539405268391569e-05
4.349045076318105242e-05
1.814329115227854543e-04
1.585500813895390342e-05
3.322255607143256764e-05
1.291298302752509446e-03
5.220410953566582298e-06
-2.347311915560158134e-05
3.336606918116704506e-04
-1.831811930169629542e-05
3.468572267298543631e-05
-5.629152278863059799e-06
-1.092373540670384289e-05
-6.984304806823998281e-05
-3.361392039416548506e-06
-1.126357458224689438e-05
-3.900190065121278806e-04
-9.691771297549150587e-07
5.523407301886499218e-06
-1.209835371107315728e-04
3.650461119996849063e-06
-1.047975815950270851e-05
-1.724040983216364276e-05
-3.033832692706507720e-05
-2.322713867341176432e-04
-6.951557571882636285e-06
-3.449236936777375426e-05
-1.219932202167187032e-03
-2.918272945396433106e-06
1.596938912260782245e-05
-3.924832725824855032e-04
9.467490692941363722e-06
-3.288689834930055779e-05
-3.603399130292736394e-05
-4.900133995928335391e-05
-5.546861108900621963e-04
2.378134286764908243e-06
-8.916371683910677740e-05
-3.220444219027908915e-03
-5.638069834720636905e-06
3.576701342500410792e-05
-8.896062780934053255e-04
1.595847571649474959e-05
-8.006123280494345930e-05
3.126627149180414428e-05
-1.301051436572896387e-05
3.475622873426096032e-04
-4.937487032739679951e-05
1.121809841528496009e-04
5.303120351536454169e-03
1.622896692201869067e-05
-8.048419259166998533e-05
4.670963342291834072e-04
-2.760385947092446345e-05
9.116498816058475412e-05
3.821708820770807177e-06
-4.254653892499662504e-05
-3.869389878487309578e-04
-2.228626401639659130e-05
7.954670186839454013e-05
4.094589278745057459e-03
1.843512048163250234e-06
-7.357248669628336547e-05
-6.630637828403346343e-04
-3.471630769742008540e-05
2.467934763067343901e-05
5.720290997319403792e-06
-5.735257845438866654e-07
8.860961366644472910e-04
-5.211317348359861498e-05
-1.368287429939365292e-04
-4.553619364241676820e-03
3.617500642198759423e-05
5.469490117677571492e-05
1.345425524855513571e-03
4.896160359772308069e-05
6.133845453443929187e-06
1.403559700313594194e-03
-1.758573071552363552e-06
-9.025669085341074145e-06
3.111989870133826438e-04
-4.195625706746122502e-06
4.128661480077742366e-06
-2.451495193755474054e-04
-1.876035350121967691e-07
-2.427221600398325534e-06
4.697535890407961200e-04
-9.092317409557368124e-06
8.526428889421176424e-06
6.455802371209926364e-04
1.429206842910619307e-02
-2.850662118197947885e-06
-3.037581568367096361e-05
-3.204890950922083324e-04
-4.391960343400026849e-06
1.660749560578283872e-05
4.620665708433164924e-03
-5.397502106128229996e-06
-8.648955555467972508e-06
-5.512751244101830525e-04
-3.104663574891713409e-05
5.036859369390961588e-05
6.578311841875927359e-03
2.986306728083897022e-02
1.542914847785494740e-05
-1.969614934249400129e-05
-2.226685548827822547e-03
1.984901542886474831e-05
-7.998539174643680416e-06
1.514949054489750889e-02
-1.094941527483949930e-05
1.685398136081790862e-05
-3.465064353865569130e-03
6.417853129158436362e-06
2.927724716206275965e-05
1.373991724221952822e-02
7.203439249601214546e-03
7.540551791278681879e-06
-1.058874264898149653e-06
-2.656669302747023372e-04
1.943506413363104281e-05
-8.693750171609923301e-06
5.001621521525454264e-03
-7.593782895288030517e-06
3.030650480676241534e-05
-3.636049755252254972e-04
3.262653809977198447e-05
-4.055131523044011111e-05
3.315596162213740351e-03
-6.063983386951646293e-03
-2.526486823552275761e-05
-3.279664989467497715e-05
1.787911737851120093e-04
-8.772712206970592508e-06
3.967677248478412454e-05
-3.330754792305765273e-03
8.532854470500501903e-06
-3.929045505541510741e-05
2.209871537601980048e-04
-4.157574190959027543e-05
2.616740192525335906e-05
-2.767905690659701063e-03
-5.133944408411438877e-03
-3.612175503887860955e-05
-4.731538061977208606e-05
1.830146684713634259e-03
1.686775648606199393e-05
5.486234540102443661e-05
-1.857757817145710066e-03
-9.914348095250280203e-06
3.321627070745601933e-05
2.865939254777261427e-03
-1.120322136399935005e-06
-8.965687377458583123e-05
-2.325681318010977810e-03
-5.991079479764167104e+00
7.675687069341401880e+00
-9.011604476697220534e+00
7.471027284335286289e+00
4.127584899065571911e+00
5.057179102994002307e+00
4.465242449350203202e+00
6.758939795334433231e-01
-3.376734604427564790e+00
7.171852905441879145e+00
1.032120720699625734e-06
-4.575638176049586295e-03
1.082553121059203905e-06
-1.956153986975917226e-06
8.010546583919597036e-03
-2.068981295767571543e-06
-8.033871749713444177e-07
-5.130786920409073637e-03
-8.359445073331625134e-07
1.123770048550432210e-06
1.691641713543383689e-03
9.190856659419703101e-07
1.706687968185507288e-06
2.496493077542306233e-02
-4.517815643867155342e-07
-2.945612141673380719e-06
4.557669513884050894e-02
-6.095088126404579157e-06
-4.120932690201088593e-06
3.547120135067683561e-02
-4.037863493237930224e-06
-5.074409640187102688e-07
1.776923555742997499e-02
-5.651705956351663553e-07
-2.578577999815634805e-06
2.862678637221794525e-02
-1.380686699072553349e-06
1.680217022840014158e-06
-4.992988926557577478e-02
2.357970894581861869e-06
3.256185688207578994e-07
5.249346308400281227e-06
2.394261354961432168e-05
-6.743122704779843814e-07
2.344975664468686430e-08
7.744066562488203257e-07
-1.743930675206170633e-05
-2.164867163430917243e-03
3.063953313494077029e-06
-3.670487992486109994e-06
-1.387220211620955382e-06
1.401001773395716879e-05
1.901256262748503116e-03
-4.402156179252285729e-06
2.284817284522782106e-06
-1.854750617515840865e-06
-5.715170933701929691e-06
-2.437390055055060119e-03
-4.812567776074940697e-06
-4.824191308056795817e-06
1.563405583031096022e-06
1.500794493317049689e-05
6.558029562217480846e-03
4.038350612766412507e-06
7.907182505708112592e-06
-1.201119814612256072e-07
-2.616480389303773301e-06
-6.982002801618773270e-03
-3.243567434400818938e-06
-4.874527946422786359e-06
-1.326302353611008616e-07
-2.452989639178449789e-06
6.645461215311536472e-04
2.251061321898346219e-08
-8.877430357976116767e-07
1.158670826165033640e-06
7.922320250022182864e-06
-8.076237219198921166e-03
-1.806764979994819149e-06
1.157282326184612489e-06
-4.185796232631871865e-06
-2.205115750983659053e-05
1.256360938553613762e-02
-1.557401895074676438e-07
-9.825165502027121970e-06
-2.962550388642605937e-03
-2.238807626010713258e-06
-2.177083559267921660e-06
-4.531253327804086670e-03
-8.539023951905962789e-07
-3.072356320706383929e-06
-4.616183317810280094e-03
5.505395739326558041e-03
5.207055971634005151e-06
4.155644823343914156e-06
9.079085008608205054e-03
2.040605391484245099e-06
6.993751676629961590e-06
8.572708547248581584e-03
7.235452985405324360e-05
-1.711264000077836918e-07
1.249060965709162449e-07
-1.369233781661418779e-04
-1.111066992438823686e-07
-2.130063342700110374e-07
1.145645655676006422e-04
7.812841668919207842e-04
-2.591349317336358409e-07
1.045826299116664399e-07
6.320220705295831378e-04
-7.034008648550967766e-08
-3.157375177321359319e-07
1.222146073812687642e-03
-8.402373174150243578e-04
-1.275073241921282902e-06
4.307882582362910844e-06
-7.431259125916983609e-04
-3.491822561003545430e-07
7.926433680925629373e-07
-1.308007997592404220e-03
3.557204513151624933e-03
7.632733186141585467e-07
-2.699531907830758019e-06
3.865954046161503010e-03
6.979465903552739320e-07
2.028789680534818086e-07
5.551507196239499273e-03
7.560010267033161679e-04
1.862806070473023194e-06
-8.798907341188293727e-06
6.929225949152455427e-04
-2.329702406125343885e-07
-2.838687302267438289e-06
1.175574066027342858e-03
-3.808300532897345748e-04
-1.446429284728494669e-06
1.013701718233732617e-05
-9.176359259631170330e-04
1.213632830637901986e-06
3.391158092056180149e-06
-5.898621392807358414e-04
1.800820175973722607e-06
-1.123652117924392197e-03
7.869652087517145758e-07
-1.716142944088702454e-06
-1.453540840822866755e-03
7.465993844707374659e-07
2.199116515035804637e-06
-1.752564061127076349e-03
-6.215530608888798554e-07
-6.375523253320966782e-06
8.301735490948425333e-03
4.420752973163192406e-06
2.485036920952432665e-06
9.965635889624130037e-03
3.183273250381587317e-07
3.745404024913547003e-07
1.293904925220551450e-02
5.144288968945091229e-06
3.420431699848703514e-06
-4.808727471424889197e-03
-8.418079314912379902e-06
2.543587559241672013e-07
-5.461541583810998989e-03
-3.200454116156605907e-06
-5.049095278213389297e-06
-7.486751402480267686e-03
-5.310121292816958977e-06
-4.681678162215418882e-06
4.166903571420541540e-03
1.093327116665405746e-05
1.816478796851813651e-06
4.648948126144293765e-03
4.417387388764369982e-06
5.266711953274664369e-06
6.481097168509251591e-03
7.073723238367934537e-06
-3.368041337714698563e-06
1.546803038888487126e-06
2.640308005082176064e-03
3.865888205751332627e-06
-2.221160633007289561e-05
1.087856365661427896e-03
1.388237361664388084e-06
-3.527434933154928126e-06
4.111876463902284194e-03
1.439192292647183690e-06
-6.974201920604493796e-06
3.702275252090666107e-06
-9.070202958333444611e-07
-2.946593514680248896e-03
-2.066745631046562335e-06
2.160549014771867443e-05
-1.172524402997626464e-03
-2.961330505260665854e-07
4.492646446996143050e-06
-4.591057106878325585e-03
-1.339338763117612788e-06
6.636383149094735837e-06
-6.503969888988984493e-04
5.173489265201166956e-07
-3.857409731813877060e-07
6.116754121592035231e-05
-1.113501943672783413e-06
-1.227056213417793532e-05
-1.116095755224925240e-03
-1.730419311681593908e-06
-6.058760416838320259e-06
9.885216290554880015e-05
-1.998212167144093403e-06
-4.389209458755785952e-07
-2.999757701838265053e-04
-5.991039374895314573e+00
7.675348328283825516e+00
-9.010978839232695492e+00
7.470944189913722333e+00
4.129086669660983588e+00
5.062431093455648679e+00
4.473755929834934086e+00
6.775720720241518169e-01
-3.384579028986867577e+00
7.188750795198221688e+00
-1.073182444734058661e-06
4.607068834341557402e-03
-8.483679835527265721e-06
-1.693987751859530596e-05
-8.337982839189142514e-03
2.988531717545400809e-05
-6.066596506015893873e-05
3.772842278275971920e-03
6.595014646772749027e-05
2.132422809928262385e-05
-1.082617729831768065e-03
-2.834474420922732969e-05
-3.279635207315207465e-06
-2.036987735900079935e-02
-1.552906933617239781e-04
-2.505744459135353071e-04
-3.497465352127816091e-02
-2.642777496701671888e-04
-3.684984290854970406e-04
-2.137702381289745615e-02
-3.560826387978108416e-04
-1.625120327999720672e-04
-1.075636355966728790e-02
-1.027762354510549541e-04
-3.279797728343573806e-04
-1.542208081993669960e-02
-3.295565213578700164e-04
4.383582427484832814e-04
3.071110279669047108e-02
2.174552492822024081e-04
-7.575200491915923934e-06
5.312654911918959170e-05
3.495910298592072910e-04
5.974386423151389512e-05
9.269486442124003599e-06
9.223195600694506727e-05
-3.900374384069556829e-04
-4.395232276432509480e-03
-3.895861760595483760e-04
-6.414291143418072907e-05
-1.262969067337512590e-04
5.626828554354172760e-04
6.128731061757637308e-03
5.713839640837129960e-04
7.319339427424990160e-05
-1.874664802213938568e-04
3.956381063315752948e-04
3.751714442682161071e-03
5.154715758458482035e-04
7.415590701079124557e-05
2.383565552486544069e-04
-1.557785883182907566e-04
-4.718204138456001152e-04
-3.664735442171121568e-04
-8.915667260589696147e-05
-2.098705475003590632e-04
2.206812740505875855e-05
-1.360736251945794499e-03
2.212272921600920731e-04
9.594010750946199196e-05
2.146962563831280107e-05
-6.710186510463230587e-06
1.671087213700150052e-04
-1.139241491372534117e-05
-1.663939618945549782e-05
-1.991022963562680769e-04
6.184410737471830125e-05
-1.479286247376057802e-03
1.622224743739746511e-04
1.255231501221334446e-04
2.043463330461986905e-04
-1.553490311170907219e-04
1.869524736285034690e-03
-9.015963255949613168e-05
-1.899366622713959596e-04
2.880081049919661768e-03
-4.803813114666761206e-05
-1.744423623374437890e-04
4.344121934270714011e-03
-1.448379773931743526e-04
4.877026118177408659e-05
4.509160021740826058e-03
-4.951834872424841147e-03
3.927573544178244416e-05
5.410653603640956308e-04
-7.436927625362486916e-03
5.430895598095733350e-04
-1.350197376515054732e-04
-7.749586162426849896e-03
-2.128331269632528994e-04
1.894885539771199541e-05
-7.037964605562623118e-05
-3.168323919196728406e-04
-9.245465867015203684e-05
1.352246805596529015e-05
-3.341663616721398267e-04
-1.118159990461552915e-03
4.988725797269526717e-05
-1.533939473461885155e-04
-1.721584362687194041e-03
-2.056392550567173109e-04
2.830725983998853373e-05
-1.750641284602009323e-03
1.055967529263400788e-03
-7.863836616795892489e-05
7.792624199883066861e-05
1.713356534126796692e-03
1.060423656300960770e-04
1.901433102113056842e-05
1.723477181497638051e-03
-4.372416518039188432e-03
1.548280195896723616e-04
-3.124061695409090797e-04
-6.703316942348097086e-03
-4.301819046918263566e-04
3.301326837989669290e-05
-6.879075175554875445e-03
-1.073113536593062840e-03
1.940029343588507379e-04
-1.309022217893957289e-04
-2.778847685894882211e-03
-1.769701103788437415e-04
-7.273085115001081346e-05
-1.936232210190803752e-03
5.313564363413133141e-04
-2.778119639563556963e-04
5.296638087230966425e-05
3.550416136872655386e-03
8.420060281886733347e-05
1.478845384819708008e-04
1.303406757087710892e-03
-8.262413247884201772e-06
-1.290912123257504426e-03
-8.021320140807291740e-05
-1.126659372465865268e-04
-1.424682796061975919e-03
-6.341560246370314062e-05
4.094614809662391685e-05
-1.954503864110135672e-03
-8.236811058018503166e-06
5.723251992410270986e-05
9.331678607292516123e-03
3.065232416773627528e-04
3.480830191215208893e-04
9.435255602792598853e-03
1.484471166440288646e-04
-9.986904757396375930e-05
1.430658858325774101e-02
5.660013706006993841e-05
-2.767315101386356839e-05
-5.462249477559083174e-03
-1.198631480126527264e-04
-9.124832811658036501e-05
-4.958343336436159786e-03
-6.683931424250455077e-07
7.615365911521444151e-06
-8.441240311709490712e-03
-3.202953903743593797e-05
1.459924244769607500e-05
4.864941365761446534e-03
1.180143530405318116e-04
7.277054517451560798e-05
4.078373780572438004e-03
-2.088676284846806573e-05
3.390481103575238432e-06
7.537130311988459765e-03
3.218542072468524498e-05
4.807550023144776575e-05
3.121684641656664438e-05
-2.733957534760736528e-03
4.598282575595845161e-05
7.010383958418344276e-05
-7.590773945854630824e-04
5.120707356060869432e-05
-3.047249689048386629e-05
-4.368332684244875114e-03
4.007022761975232534e-05
2.413637855747103914e-05
-4.519910983640846756e-05
-3.215936191222825574e-05
3.047000818957851850e-03
-6.508572954509419433e-05
-7.146834794136564797e-05
8.445673199306640531e-04
-4.580863531195773796e-05
4.501060117699650785e-05
4.875801506372206238e-03
-4.412268433395789098e-05
-2.506784794504631376e-05
-6.934994873564939016e-04
5.327433509791022726e-05
3.111547912036088107e-05
8.604582302118666398e-05
-8.103957786370798297e-05
-9.196662913317309564e-06
-1.069789864826403009e-03
-2.939820888308520490e-06
2.483658918952727631e-05
2.501875000926008161e-04
-6.248346889573038062e-05
9.941373845124232571e-05
-2.892536248563057528e-04
-1.062961283574620275e+01
1.463434478921552362e+01
-1.831540325501408972e+01
2.081927532099369316e+01
-1.574615390130077230e+01
-1.855757851812840542e+01
1.912078216335958203e+01
-1.735540632054526000e+01
1.537284233680267498e+01
-5.910926878162401366e+00
-6.478321658740683553e+00
4.271980734962143700e+00
-4.899912722560486045e-01
4.361830583571107312e+00
1.540740340373046458e+01
1.547897125989671056e-08
-1.755112842425932693e-05
-2.157511236088250548e-08
-1.680648868575031214e-08
3.941946833194805147e-06
1.946850516382967642e-08
-2.211361995817565049e-08
7.887946761521284246e-05
4.567797932812637304e-08
-3.191662179730459796e-09
2.713695982556992085e-05
9.780377988114207319e-09
4.610738258637635854e-09
4.175298650375929954e-05
1.774229869071347015e-08
-2.357962367955165606e-08
3.291044740929188793e-06
-1.059374939899406231e-08
9.246991301778875952e-08
-4.259159638674402527e-05
9.397587034006914230e-08
2.405945305673931530e-07
-8.869153759366796286e-04
2.044092727977975904e-07
-2.025027448383992675e-07
6.075593620443351869e-03
5.336208860156714009e-08
-1.129548777295615726e-07
-1.348542368740991530e-02
-4.249971147251395796e-07
9.773333141574563656e-08
-2.459905943267191517e-02
-3.299796469826728665e-07
-3.348236144122917621e-07
2.006729568906224712e-02
1.219535150534383514e-07
-5.270132573058304718e-08
1.542586427712390983e-02
5.875799204403844058e-08
4.505980919983345600e-07
2.306134717646536256e-02
-3.528409929625553507e-07
6.955745987065039649e-07
1.850725048744147600e-06
2.585782701312692582e-05
2.912414240245501216e-07
-9.974709988530280527e-07
-4.899626396189530924e-07
-1.089756177705330782e-06
6.542502345162806818e-05
-1.953936875524304797e-07
8.797068364972423714e-07
1.829048507548916916e-07
2.597221110533909552e-07
-2.211922780293433283e-04
4.328130738550210893e-08
-1.819969461353795035e-07
2.183788289079826829e-08
-2.278115012663276381e-07
-7.695500585295671821e-04
-2.127917887073780153e-08
5.527679647536823647e-07
-9.749482523499386295e-07
-2.269566110454001121e-06
5.342062166955899478e-03
-4.366673205048300728e-07
-1.272688461487703650e-06
2.555107040497651362e-06
1.080803425937019276e-05
-1.117347048032621935e-02
1.704854929838943209e-06
4.228596608631897832e-07
6.318709250190317767e-06
3.968930281144383994e-05
-3.735838711110497923e-02
5.381620723093180572e-06
-3.448942460818678515e-06
-8.796425401753875728e-06
-5.250926790547387561e-05
5.601953553170893607e-02
-6.201937337640961784e-06
1.778278377995908688e-05
7.060022485850902293e-07
3.002839441088361734e-06
-3.849829386240176052e-03
2.885097793378407583e-07
-2.453518034872540793e-06
-7.413999650657848856e-06
-1.460804760906571700e-05
3.304445823365540717e-03
-1.235195123147288270e-06
2.166620836025388120e-05
8.335908938874674295e-06
6.157032362417282267e-06
5.043743298898735461e-02
2.054200225278650526e-07
-1.314204488877402539e-05
-1.721538201533082866e-06
-1.543074294078502827e-06
4.809395664760619804e-02
-1.148986234316997810e-06
8.602106190407781978e-06
4.123544742055266657e-06
5.499974408671717652e-06
9.489117313613390503e-03
8.397131467671482344e-07
-5.015342755775415733e-06
4.505474852401614890e-06
1.147724665131470230e-05
-1.656388423105210894e-02
1.977175961405849735e-06
-8.048054814579870138e-06
5.451916719145934917e-06
2.191670748523323443e-05
-2.181465950070381188e-02
3.263587547000454657e-06
-1.025236131816313934e-05
1.337219836892076723e-06
-8.316293185378369674e-08
-3.721360486005360165e-08
-7.037308018244855645e-06
2.294624970715146707e-08
-2.916015731893448507e-08
-3.579879690358415677e-06
2.127135153734028450e-06
1.978319393918775544e-07
9.884811672981303379e-08
1.374211542194450869e-05
-5.499878600902309751e-08
4.967887443515760201e-08
1.071287555839187304e-05
-2.273066136310390091e-05
-4.772247499698645329e-07
-2.544359285111830003e-07
4.400109181243437877e-05
1.150808458405101618e-07
-3.314145597076669455e-08
-1.766767945572150940e-05
-4.253692442309172359e-07
-4.891199739276743448e-08
-2.454759917280332432e-08
-3.049592531570055230e-05
2.066227550374501734e-08
-3.804482027398876449e-08
-8.121102262686077206e-06
1.190836015968298489e-05
5.745008768870518301e-07
2.969911968036040446e-07
-1.665352762717114716e-04
-1.095786988965819736e-07
-2.251765462708820889e-08
-6.670188085942954322e-06
1.890206454829672096e-04
-1.313843724619501501e-07
-4.411166745914550629e-08
1.040145408047274704e-03
-2.258939407791563509e-07
8.056746455385187745e-07
3.491004638616042126e-04
-8.268313659845346556e-04
-4.215115384735905611e-07
-6.950696281292903317e-07
-2.651105973383996190e-03
7.213149083393758812e-07
-2.417493282800822348e-06
-1.263791052446099983e-03
-6.587368594053656006e-04
-6.175594530003912035e-08
-1.265046701395206157e-06
-1.797155680639189257e-03
4.167377238599981201e-07
-2.481396632375069296e-06
-9.400499116079389685e-04
1.031608340652789011e-03
2.896523001010014080e-07
-1.791352643954086016e-06
2.550778311252216782e-03
1.128968703605937708e-08
-1.866252561465318606e-06
1.646331316361203520e-03
2.091719830292459049e-03
6.979243958968142383e-07
-9.743067989861924392e-07
5.820052782954349829e-03
2.954539084286612032e-08
-1.112522521548451291e-06
3.275720797738333051e-03
-6.236863699083435714e-04
-3.054285222299413224e-07
1.034825248662045402e-07
-1.892950609541297442e-03
-3.963186401793377541e-08
2.944840932625326193e-07
-9.811210105342496341e-04
-9.678812855907329999e-04
4.469999887951351346e-08
7.435637858319618898e-07
-1.585040975957088816e-03
-4.324450947603198045e-08
3.974616528872432133e-07
-1.488512531017566285e-03
-2.148212259409053304e-03
-2.489889403665458592e-06
-8.906785996941463381e-07
-9.134473193976580183e-03
-2.176645817819406616e-07
1.243308288273775254e-06
-3.466533531596165032e-03
8.066265639104109458e-04
2.765804393826801570e-06
3.456963161614457802e-06
1.134124588061699232e-02
8.848996881903597717e-08
-5.437039149278585136e-07
1.444724534862534349e-03
-4.839593480779950761e-07
1.894526463263339908e-03
-1.547611629598960084e-07
1.254279254255162348e-07
2.127824328799341868e-03
2.893407566533849746e-08
-3.564913880366851991e-07
2.965846903121289405e-03
2.732637025695016842e-07
1.491149000821018111e-06
-8.314051234380257643e-03
-4.328477668412768396e-07
-1.065549947655187213e-06
-9.895039902848968769e-03
-1.901412169362714659e-07
1.199545391688072313e-06
-1.298567277843013824e-02
-1.411883615544505335e-06
3.957316795026691109e-06
-2.116212257491018739e-02
-1.968463594858801358e-06
-3.026536866720043500e-06
-2.580912253624378927e-02
-5.145799289231222838e-07
2.906067001278062760e-06
-3.302602930818780702e-02
-4.362760337841114288e-06
3.650092880776899898e-07
-3.592472986599279383e-02
-4.122526863367805905e-06
-7.113140793565257046e-06
-4.023341975328513509e-02
-9.793116062763261305e-07
-7.400759825332074818e-08
-5.600304233155411343e-02
-8.485248714574932067e-06
-1.893042822322562718e-05
-2.912381517052525792e-02
-1.354237989910634685e-06
-7.856059392014368348e-06
-9.852437580233490075e-03
-7.097358809925164525e-07
-6.910110132193647862e-06
-4.537105640903633941e-02
-8.796967890607288742e-06
-6.461943098081323819e-06
-2.389104898420980807e-03
9.826323738996632969e-08
-1.001890769696442735e-06
5.866507836575173690e-03
-2.220819804391091557e-08
-1.416870302405387419e-06
-3.712893506795718335e-03
-1.506273612212585445e-06
9.273254505495182490e-06
3.814901034335552513e-03
-1.825915880292868118e-07
1.545727680109058364e-06
-7.731750717586861367e-03
4.393311421909631187e-08
2.279565544788332405e-06
5.941387149432905516e-03
2.082059151852005548e-06
2.486570923535653686e-05
9.144826807399948979e-03
1.997212907781694558e-06
4.285202495015619620e-06
-2.525728696475215695e-02
3.052042095905395933e-07
-1.104897280969223889e-06
1.422936757450144092e-02
8.811035959646905852e-06
1.627714019272553632e-06
6.248270229125091292e-04
3.263704630734823471e-07
3.215449424700187277e-07
-1.837112310860156746e-03
3.876040491111263818e-08
-5.963873673645201390e-07
9.736790791275814127e-04
8.260579744256033868e-07
-7.567634214841246861e-06
-3.570244427938694658e-03
-1.491231750883670922e-06
-1.769125634985717815e-06
7.440137588094749427e-03
-2.312163932592327065e-07
2.849366554103678312e-06
-5.561062250947356941e-03
-4.027906873960304817e-06
-1.936027628015589587e-05
-1.067438993643046036e-02
-2.442689474676002240e-06
-6.184764464347120357e-06
1.364220820838780990e-02
-9.049213884753566752e-07
6.365398960467156996e-06
-1.662246278250986697e-02
-9.292201508828275101e-06
1.720234154793957434e-05
1.124556122490918963e-02
-2.347409367771992982e-06
9.122140797133145059e-06
-2.669257088960213728e-03
1.322953807565141352e-06
-1.538924638356349522e-06
1.750637059384909169e-02
3.239533586884906897e-06
-1.117731062888278422e-05
-7.609045067454793532e-03
4.938450077993154053e-06
-7.331435123454052276e-06
2.101431509250338038e-03
-6.750934083928513595e-07
-3.103658018277916165e-06
-1.184943310498575569e-02
3.131718050054038645e-06
-5.291380104252274732e-08
7.798255441835953289e-09
-6.716438839266308580e-06
5.222403859891110015e-08
-4.829375620899340597e-08
1.827989645517974086e-05
-1.431884732002335264e-08
9.814727251278217832e-09
2.495304322193697151e-05
-8.945830119139536565e-12
-2.417657842743474201e-08
-2.385893961322974411e-07
2.032200087745879846e-07
-1.575422363931564234e-05
2.771569380939133867e-07
-5.367299259636227263e-08
5.992722147700742068e-04
-5.492197825244148734e-08
-2.640984287838055419e-07
1.349113689554723038e-04
4.455833386997934571e-08
-3.553278007055668046e-07
-1.635052784175532657e-07
3.326860339571289192e-07
1.381881950876575618e-04
3.052198649049449198e-07
1.416908833375666579e-07
1.242543079314610685e-03
-6.577649961910145318e-08
-6.853587482986287731e-07
3.382818637974675910e-04
1.521585476695962512e-07
-5.153919935314526527e-07
3.136729731957061291e-08
-8.828392667616846308e-08
-6.137286673022596898e-05
-8.065802949319939200e-08
-4.775179253802167920e-08
-3.741853786625510452e-04
2.074545546465272889e-08
2.143513262776161365e-07
-1.221127845490117337e-04
-5.383281451319415790e-08
1.311533174302392368e-07
8.337202556605917334e-08
-2.862278222876051436e-07
-2.118759286321645057e-04
-2.442100653999977686e-07
-1.621004587760079337e-07
-1.174225378588098249e-03
5.898969343679368089e-08
6.389017808442845720e-07
-3.967883161572076964e-04
-1.758489134448771132e-07
3.649102269861039276e-07
2.304347051683030647e-07
-9.465869290876533897e-07
-5.350949312979077794e-04
-5.934356937878654648e-07
-5.439549101352745701e-07
-3.111137330042204000e-03
7.472938266160694282e-08
1.271828728610624853e-06
-9.135585518428254205e-04
-2.905279100343979389e-07
5.640328397697512797e-07
-4.358520426254121476e-07
2.532581420506959013e-06
2.926444994966479266e-04
6.696566339199339408e-07
2.200223183715333350e-06
5.240531067407808163e-03
5.482954158149883645e-08
-7.756142235460880316e-07
5.907190163646481012e-04
-3.417914916173795520e-07
-2.096773211652845352e-07
-3.096411459836908438e-07
2.341352167165183241e-06
-4.823271176819312624e-04
-2.067005678488917711e-07
2.786199674066723310e-06
4.039958606270649746e-03
4.836376087673426682e-09
4.009791001856076817e-07
-5.165882660080672525e-04
-5.279848114160859055e-07
4.390707499977357695e-07
2.767448938809861470e-07
-2.014514712268211233e-06
9.978872426900920172e-04
1.178651399691534032e-06
-3.095626531691297737e-06
-4.276599684612704920e-03
2.159357458709233629e-07
-8.769458358365263044e-07
1.209437438942270173e-03
7.806795409459539536e-08
-1.140353584649981421e-06
1.417863105549345632e-03
2.885359886424280293e-07
-2.429842706437463428e-06
3.058579612794844887e-04
1.682511669902754919e-07
-8.841032215863577834e-07
-2.491455526933889809e-04
-1.395454994628206090e-07
-4.169923634969704554e-07
4.810923214079188557e-04
1.173543485806110828e-06
-3.535781927371750236e-07
6.420640006286462481e-04
1.439752459542614250e-02
5.122221848351770782e-07
-8.098742393475815679e-06
-3.453109485274621264e-04
-2.859705580016850380e-07
-1.171585080130609533e-06
4.597627471050053094e-03
-2.862769517231614171e-07
-1.132564498893281723e-06
-5.099847048681861728e-04
2.597647170057344264e-06
-1.002467494758581920e-06
6.552707297418594590e-03
2.997795862588788912e-02
1.905424541942360556e-07
-1.085685598498138823e-05
-2.237843130999221230e-03
-2.354167309201967537e-06
-1.955885670635480211e-06
1.516625490199139704e-02
-3.096601107621965725e-07
1.980128376433299197e-06
-3.453910027597113103e-03
1.673229071701559724e-06
-2.797567894223943772e-07
1.371740073934067140e-02
7.190044241549444978e-03
4.062376560845430308e-07
-4.002802062055275774e-06
-2.394626528580406780e-04
-8.791863239142166649e-07
-2.086612189516381058e-06
5.000364325588681214e-03
-1.733034855449747638e-07
2.131747625913938096e-06
-3.955839054234960763e-04
6.529588499067390809e-07
-2.055367961690802673e-07
3.316263389396720013e-03
-5.959179857721440959e-03
-1.615846092054023303e-06
1.776910824083529908e-06
1.153591149159334766e-04
-1.366173754668160575e-06
2.664941695277576343e-06
-3.382936077833704341e-03
-8.261398960649794489e-08
1.430747074441694010e-06
2.685674342109266462e-04
-9.030862242800722740e-09
3.203292030531989622e-06
-2.815608057358823680e-03
-5.081071430829435867e-03
1.480670943114910411e-07
-5.471018237417246512e-06
1.856473243692475465e-03
-7.376323440878858632e-07
-6.267440285342337510e-07
-2.009862860408582336e-03
-3.277453862407413732e-07
2.971253222509699292e-06
2.826722433365599745e-03
2.166498364422831567e-06
8.635293824455941083e-07
-2.366550400961224109e-03
-5.991079458462411189e+00
7.675687026374287569e+00
-9.011604922247567373e+00
7.471029125064824861e+00
4.127587077867945098e+00
5.057182234117252762e+00
4.465243896551021052e+00
6.758939526832291600e-01
-3.376734261936036763e+00
7.171851564439157833e+00
-8.135462004638800375e-07
-4.575635013302377201e-03
-6.271717763971768268e-07
2.775256082763157692e-06
8.010448904852664892e-03
2.202555637026268397e-06
8.222747639739838148e-06
-5.131175958298716394e-03
6.647551082386265552e-06
-4.625806872154995359e-06
1.691798978656650944e-03
-3.377832240677417708e-06
-1.316735062103783341e-05
2.496541370923913150e-02
-8.799427893439376578e-06
-4.174869728758257039e-07
4.557667691562653639e-02
7.308006252335714495e-07
-2.100631711910695411e-07
3.547139705432530987e-02
-2.712582242062423616e-06
-9.124256740008946810e-07
1.776995374779791539e-02
-1.517074955475815192e-06
-4.839252432549088909e-06
2.862764539779936307e-02
-6.798685300533304918e-06
-1.356810398226377495e-06
-4.993155619284196656e-02
1.009322285717165927e-06
2.394465029782266049e-07
1.524943721683804504e-06
2.316364289491523645e-05
9.088297711235335122e-06
-4.574860874413206573e-06
-6.881058634209302838e-07
-1.155494672843144745e-05
-2.163422442713289987e-03
-3.332349709973650881e-05
2.053800229721872581e-05
-1.443838145299790409e-06
2.167580245902033957e-05
1.899518043183881164e-03
3.755609957696146077e-05
-2.703648902669572156e-05
-4.652727962282606553e-06
2.545659827366569030e-05
-2.438815785035083374e-03
1.554735121011989099e-05
-1.723428195677738193e-05
5.206690034088401979e-06
-2.106721131835824861e-05
6.559270449917891863e-03
1.083452443035127567e-07
7.362122925377366982e-06
-2.103823216864693181e-06
1.114605847175281463e-05
-6.984119031129526478e-03
8.992216187663863364e-06
-7.679055203238480549e-06
-3.115913437010540723e-07
4.671125615798059416e-07
6.647543816132654411e-04
-2.872995833908599414e-06
1.316925983270583366e-06
-1.653850325833340730e-07
3.380839148275139188e-06
-8.078241832461828531e-03
1.582968838873136049e-05
-9.399422114185176352e-06
-2.021371339361229629e-06
7.832096697726844190e-06
1.256569256511741797e-02
-2.564631837477948328e-05
1.281606231407164997e-05
-2.959985111265061447e-03
-3.247543366118298960e-07
1.157700332977653776e-06
-4.531761838810655085e-03
-1.967714358804923143e-06
4.994883750162075679e-07
-4.616533461159835067e-03
5.497358107955778797e-03
1.162118303614904698e-06
-3.918636544372975347e-06
9.080384322459432792e-03
2.276184144401526216e-06
4.485682731726293724e-06
8.574050930957434133e-03
7.347201447965932396e-05
-5.989971391629214949e-08
4.986529839724762004e-07
-1.370224546567393035e-04
6.169231229372995450e-07
-2.109402058791748936e-06
1.143482356287117295e-04
7.834681779615352117e-04
-5.292673129553089214e-07
1.142015205860869047e-06
6.319236172648855275e-04
1.058666752051174144e-06
-4.099859467924770189e-06
1.221545295921520674e-03
-8.394126912663983902e-04
1.438477114475449401e-06
-1.490474641473716919e-06
-7.439070070010178528e-04
5.099244323561129871e-06
-3.552431537658751517e-06
-1.307021504906456279e-03
3.559531081749383631e-03
-2.553034549572906638e-06
1.989603997403694601e-06
3.866891741344899002e-03
-3.025610873537642559e-06
-5.184281380381361624e-07
5.549243906548761984e-03
7.547957306305116574e-04
-2.209228002736122131e-06
5.220233869661942218e-06
6.934578552540330383e-04
-7.481251943820849153e-06
7.722592965706232749e-07
1.174627272834837758e-03
-3.786884452381528415e-04
1.444826255471252890e-06
-7.737180366091615447e-06
-9.171921068442581010e-04
6.117733685482848593e-06
2.986107261925399654e-06
-5.900530000493316293e-04
5.382152381073167405e-07
-1.123859065542360874e-03
1.461419977809686248e-06
9.918530949946285222e-07
-1.453260744862169612e-03
-1.884405910671530431e-06
2.323766845366080439e-06
-1.752720942109123282e-03
2.012453374973012007e-06
-9.691779149944339422e-07
8.302338853108839900e-03
-3.307947118349069212e-06
-5.304951308524388787e-07
9.965195987666718852e-03
5.144372061711573333e-06
-1.767227922824932734e-05
1.293931337999850925e-02
-5.286322788251762517e-06
-9.580065157951906111e-08
-4.808906873645981024e-03
1.067842644136485881e-06
-7.196407958522649929e-07
-5.461706279921076101e-03
-1.327551265098666986e-06
1.261782957468098447e-05
-7.486338440524218166e-03
1.999590823750658539e-06
-4.332730351991963272e-07
4.167054781364847721e-03
-1.773571856529734221e-06
-9.913182983983653445e-07
4.649078903184001611e-03
2.495750452951975396e-06
-1.413594561826855660e-05
6.480425982595401473e-03
-3.490195297290000621e-06
-3.344083348221788840e-06
-5.977775202902705679e-07
2.640143018033291183e-03
-4.263063129947448148e-06
1.020071863729437377e-05
1.087612703830018743e-03
-1.862714711765297987e-05
-3.920169308196306041e-06
4.111868284760998929e-03
3.966617404796626320e-06
6.157097164841717153e-06
2.481356891958983681e-06
1.285504996958741486e-06
-2.946518108605104911e-03
4.135244916820805110e-06
-9.887652747781955419e-06
-1.172378174654921780e-03
1.846222566530552082e-05
2.093530502121366535e-06
-4.591105754032327735e-03
-3.314767631198233673e-06
-6.700883669687265197e-06
-6.507235338742761374e-04
-1.370894156746619154e-07
3.651191384099812203e-06
6.138454299989455371e-05
-3.654931736923004043e-06
7.374997200326153972e-06
-1.116196745066040837e-03
-9.309637735730833544e-06
2.453155540041465385e-06
9.889762807081150359e-05
2.449055272890625011e-06
-1.645977858704114280e-06
-2.999879663286450721e-04
-5.991036750025613422e+00
7.675336787892156565e+00
-9.010988015653405014e+00
7.470997405546292214e+00
4.129137871859517084e+00
5.062417150982037484e+00
4.473625994173072051e+00
6.775482152286909088e-01
-3.384533331853761595e+00
7.188831332832819498e+00
-7.301782356021750182e-06
4.598342840895170390e-03
-1.519650779879956588e-05
4.940430861845820535e-05
-8.286947129577771493e-03
7.836071616546177456e-05
1.270985623976439395e-04
3.918944114299506218e-03
1.905658484687539577e-04
-4.907475115596062490e-05
-1.139962752144062534e-03
-7.760443364258388867e-05
-8.474399786297388934e-05
-2.056283978221865039e-02
-2.085766402259956755e-04
2.106407744410445531e-04
-3.510876607661977261e-02
5.375796883647033977e-05
3.115168897503814080e-04
-2.157773054718071376e-02
1.024277878051766446e-04
1.667775284865590998e-04
-1.074509547468973855e-02
1.131027370128151325e-04
2.626588263349705337e-04
-1.560637074745835351e-02
6.246957372666409210e-05
-4.895280680230607419e-04
3.060480015064449485e-02
-3.931265655626395164e-04
-7.075137604540794817e-06
-3.272655155908301805e-05
4.004098855228939522e-04
9.401448347881224743e-06
9.801048532826232493e-06
9.763343770946477512e-06
2.881944077926265699e-04
-4.662066245679417215e-03
4.666851299600091119e-05
-6.233935440430767288e-05
1.749495061132615246e-05
-4.099989018893728226e-04
6.528654097445910770e-03
-5.335400004803506676e-05
7.067245092274730602e-05
5.927700489442410802e-05
-2.114556676285467805e-04
4.236889496543223832e-03
1.276654058470403058e-04
7.014997507236273196e-05
-5.925035518083976698e-05
-2.677285705739856914e-05
-9.570288847261733574e-04
-2.844882273223683445e-04
-8.366315090691778234e-05
9.123913471026400598e-06
1.222659454836374365e-04
-9.879724805691007285e-04
2.941797204846361888e-04
9.242568230241688721e-05
1.326209767782678249e-05
1.318271553335746265e-06
1.556513511335027851e-04
-6.212686986189837712e-06
-1.656777565246935640e-05
-6.532565634750781285e-05
2.458660056429928483e-05
-1.250841959675689976e-03
1.432358340747977472e-04
1.237351410197741258e-04
2.002299033349607988e-04
1.593474812305351344e-04
1.848676404168675576e-03
1.107751914111206732e-04
-1.912578571802883536e-04
2.899047936913392437e-03
-6.065487406247710596e-05
1.474639196014405635e-04
4.278497217336231506e-03
7.303892452494171181e-05
5.113387195343129259e-05
4.501810910020516594e-03
-5.015771123042227914e-03
2.696627549558286408e-04
-4.021520172327244921e-04
-7.033845267163866058e-03
-9.119953293586054101e-05
-1.226985591497401504e-04
-7.703572109004593223e-03
-2.033429136778088322e-04
-5.365747836842414188e-05
3.968268969680349744e-05
-4.149269418892347159e-04
-1.898597873864294263e-05
7.335262290185222490e-06
-3.467527972354359552e-04
-1.098135156491332563e-03
-1.245413587014544026e-04
8.299419603423078477e-05
-1.946038402518779787e-03
-5.092524759059936725e-05
1.563194109268439223e-05
-1.781276743945591802e-03
1.105925849799550180e-03
8.158462434478284736e-05
-3.086054892084910900e-05
1.833974954983310247e-03
5.523457504430417313e-05
-1.401674894607794850e-05
1.688268802477086014e-03
-4.371451915380309902e-03
-2.922576253910791778e-04
1.578800669871361067e-04
-7.186400424277606010e-03
-1.435526433642318137e-04
3.552658499468235964e-05
-6.921497775665471502e-03
-1.225475984863532049e-03
-1.001861318239198687e-04
4.618787577244479496e-05
-2.980783885160472567e-03
-9.094236274530698855e-05
-2.311507667471831683e-05
-1.756451981127789708e-03
7.967796760089567755e-04
-4.976347553482265117e-06
-6.643156284794815493e-06
3.649601262274457941e-03
6.440976264644390770e-05
1.260721515430070878e-04
9.156606156871039456e-04
6.590423203419183087e-06
-1.261812785223100910e-03
-3.385869235127522198e-05
1.080602768042611449e-04
-1.423918155427449268e-03
8.469855442128291210e-05
4.086491012564756945e-05
-1.997735007490476604e-03
9.338332213243808147e-06
-5.223376428051929683e-05
9.212232893203171902e-03
-2.745019795158115531e-05
-3.482963982582535788e-04
9.365576560550988028e-03
-3.250193082244363842e-04
-1.172019358948218508e-04
1.442644992712814253e-02
-8.573157709168078081e-05
1.935748605683045988e-05
-5.435240630218061801e-03
1.309771661403125295e-04
1.239386811427314427e-04
-4.868341238808315125e-03
1.364292961564508757e-04
2.617262041972959140e-05
-8.434623052689655190e-03
6.140046334278766909e-05
-1.368320290427321140e-06
4.858917360204611721e-03
-1.725345890094831536e-04
-1.270616594828200333e-04
3.949863404358008520e-03
-1.447014913434744340e-04
-2.220653127320403600e-05
7.497776422658810128e-03
-6.023121114226325298e-05
1.999097352841143293e-06
-1.684191034226848328e-06
-2.778357847564907109e-03
1.894605749859983946e-05
-3.638162985611446531e-05
-7.214987318722212431e-04
-1.159327484979364971e-05
-4.779701909894432609e-05
-4.293389169645006262e-03
-4.593546387805916070e-05
-3.649810458521163416e-05
-1.060898303616365128e-05
-9.888728813187369713e-07
3.099881869881646393e-03
-2.676070789201992614e-05
5.336666079108304218e-05
8.233831949893016290e-04
2.410967300668867704e-05
5.372579197702138996e-05
4.778658231688348926e-03
4.567563860884290249e-05
2.830854652705505799e-05
-6.429584254391176434e-04
-5.435044275996205531e-05
7.617587762308890211e-05
1.664914517597941806e-04
-3.901981740098045244e-05
2.794683422910863727e-05
-1.008279265179327228e-03
2.364716560252812239e-05
-7.763797380540109205e-07
1.625549554873307787e-04
-5.933314897449694608e-05
-4.140229783806194689e-05
-3.774465152225321501e-04
-1.062961361051613096e+01
1.463434609017289567e+01
-1.831540259851512076e+01
2.081927437988002083e+01
-1.574615515686128475e+01
-1.855758228524121733e+01
1.912079314092706994e+01
-1.735541523072495806e+01
1.537285256804211819e+01
-5.910927163007915652e+00
-6.478314387841031419e+00
4.271994342097428898e+00
-4.899938529447606106e-01
4.361848522793387417e+00
1.540739905313361113e+01
2.909752201241175912e-07
-1.699616515882646617e-05
5.250774489063076722e-07
1.484940261932248063e-06
4.857918146134841793e-06
1.640712817851539619e-06
-7.107572807480394387e-06
7.275006376703975074e-05
-9.013444686316195349e-06
-3.087877710026259230e-06
2.465838245158557174e-05
-3.861799207078518478e-06
-4.994215242457212709e-06
3.796573401571823564e-05
-7.139311578371472919e-06
3.794331277625687240e-06
2.466822058118808240e-06
7.155783921085935482e-06
-1.424351893471055005e-05
-4.425580899394566123e-05
-2.427404991118323050e-05
-9.205782346414720179e-06
-8.691458927007325499e-04
-2.452147260090504317e-05
-7.167201308155543885e-06
5.997944109158835461e-03
-5.206856395085638815e-06
-7.208561600840541648e-06
-1.344171040534852465e-02
6.758699424276666166e-06
-3.377982974716023845e-05
-2.471385060744308790e-02
-3.497922704991522397e-05
4.314062460996929342e-05
2.021706679941787446e-02
5.736023627357400193e-05
2.809932204427741809e-05
1.548089123168218569e-02
3.392301673714930515e-05
-2.676110598975788772e-05
2.297426075226717893e-02
-2.903910821776347652e-05
6.126793038472841625e-06
2.530790962419042460e-06
2.626421327978187455e-05
3.258158311614050673e-06
5.308622113029274670e-06
-6.814911071627943425e-06
-5.812715505007887650e-06
6.366901446732744498e-05
-5.989868211298780724e-06
-6.172317002491138311e-06
2.753965244322403122e-06
4.420205297741719322e-06
-2.194300822183040556e-04
4.200673020797839216e-06
2.726043789461486582e-06
5.208457781520261438e-06
7.804382019201752527e-06
-7.645548885421426123e-04
7.745855316328601283e-06
5.277999040385206045e-06
-2.623448765898893473e-05
-3.984080766490045918e-05
5.326730817052350263e-03
-3.708880375648182303e-05
-2.600909196443834781e-05
4.626872578085377663e-05
6.031117450395350908e-05
-1.116252179856574642e-02
5.466677549734574377e-05
4.366875911385139139e-05
8.133992160196940990e-05
1.128141681112406885e-04
-3.738370819633281966e-02
9.069136948538456542e-05
7.304109966414678895e-05
-5.272738137496908592e-05
-1.157470530608499049e-04
5.607159620540907302e-02
-8.017115694900925165e-05
-4.591455962895706809e-05
-2.425635364341592689e-07
6.024680058303816714e-06
-3.852217662732635925e-03
3.574288674680809951e-06
-2.319180937954379659e-07
6.619170713467402141e-06
-2.456568408672501043e-05
3.281494036708416939e-03
-2.522787462222470594e-05
4.302868311471095853e-06
-8.420965176006341970e-06
-2.768002135293581688e-05
5.050070234150614429e-02
6.973416647638085957e-06
-7.436695762112239455e-06
-3.319196945343543768e-05
-8.348568189443195619e-05
4.809042273000804085e-02
-5.903551958338378427e-05
-3.399147005950698444e-05
1.557926910091886663e-05
1.703029674914600919e-05
9.515473384356027894e-03
2.639101876830937427e-05
1.430734453756827387e-05
4.512080131519525703e-05
6.388077590758738512e-05
-1.653155178288898478e-02
6.774536431609619411e-05
4.092689427052584994e-05
7.737293953287965452e-05
8.761863567677850905e-05
-2.174986436199888643e-02
1.101064484440583013e-04
6.869658346546750392e-05
-1.446239355705284685e-06
4.723973076099667147e-06
-7.468677160826559004e-07
-5.125198393152942031e-06
-9.189805386662267041e-07
6.022781333699725561e-06
-2.420456912017830604e-07
6.565060157903039016e-06
-1.070692745763317312e-05
1.850977445662273215e-06
7.647891934692705915e-06
2.697607397722899482e-07
-1.275938696216419152e-05
7.032378158178660814e-06
-1.600198918980058496e-05
2.592395625860410626e-05
-5.213696935787258837e-06
6.185414338816564730e-05
1.582296254655963534e-06
3.055797535909921084e-05
-3.141596324181357891e-05
-4.852759399245490625e-06
2.562240743348503125e-06
-4.949954728160634222e-07
-2.953786805357668351e-05
-3.274156067615544704e-08
2.684693734303225334e-06
-4.165697396212999209e-06
1.530636458092340477e-06
-3.158238694017323841e-05
8.420101466031063334e-06
-1.866745412039279544e-04
-7.622363672297646533e-07
-3.643404198155305088e-05
1.328914391841332055e-05
2.190536062155336685e-04
3.745180347706564938e-06
-1.391272621044490808e-05
1.047082674500409479e-03
1.991998043868219297e-06
-3.830792476480286364e-06
3.126094413299605203e-04
-8.267657103096030498e-04
4.642151563543142883e-05
1.208203492078044869e-05
-2.614369038113348916e-03
5.596180851586243346e-06
7.716738243321705399e-05
-1.283258729416566438e-03
-6.194088210526502419e-04
3.548213409209255605e-05
-7.376055753823907566e-06
-1.726399187097261718e-03
2.022346194732055764e-05
6.046165396298608152e-05
-9.950767631785710238e-04
1.063340930636452958e-03
2.226524923779238626e-05
-1.687755181887437550e-05
2.652614592039205174e-03
4.010461972854468041e-05
2.552838887309156511e-05
1.626105101293387175e-03
2.110714976254081127e-03
2.689739721744955906e-05
4.114167516040545604e-06
5.883205574874505496e-03
3.316482969219935366e-05
2.051974426496435026e-05
3.264944048245481487e-03
-6.298941947063879318e-04
-9.261098741165829282e-06
-5.254737321279848699e-06
-1.903089278425690875e-03
-7.328477645092390458e-06
-7.901926800056851492e-06
-9.740587729881874327e-04
-9.654746142338725516e-04
-2.075699296287824118e-05
-2.287433129921579586e-06
-1.622654221942211854e-03
-1.846249479956268158e-05
-1.362000720529095817e-05
-1.496529374255942992e-03
-2.201560850912621155e-03
-2.314004665197491150e-05
-3.538723018284552034e-05
-9.128511843582843080e-03
-1.514337738049117263e-05
-2.827739318772642694e-05
-3.390969212002525532e-03
8.748324186704726146e-04
-3.411205313153199876e-05
3.342559758189478803e-05
1.120251542011886821e-02
-4.735771457742072763e-05
-2.239001629507697948e-06
1.343091357334511623e-03
4.835940207275950199e-06
1.903144070411393572e-03
-1.581995219889386262e-05
5.435704649370859538e-06
2.119655463725901232e-03
-1.219442789727302451e-05
-1.271533457659836282e-05
2.957844678841481997e-03
6.066443072877347010e-07
-3.204255049960637200e-05
-8.336644271947128704e-03
4.620606163965432949e-05
-1.399990718187829619e-05
-9.907469487312539624e-03
3.268968761750977751e-06
3.596749779759762019e-05
-1.298035371895599720e-02
-1.554420601756519913e-05
-6.160392015149463059e-05
-2.119615478509780451e-02
8.705444335248033552e-05
-2.588722118131455389e-05
-2.584516318754942130e-02
3.793124826705838700e-06
7.583273457398246741e-05
-3.302239880497431085e-02
-2.688780926259789453e-05
-5.481290790653717184e-05
-3.593046492217097376e-02
5.027091638316758199e-05
-5.035191946772870015e-06
-4.033300237605360467e-02
-3.508594152471778934e-05
6.016089946988807755e-05
-5.603683170817551351e-02
-2.347947437647510973e-05
-1.730498658258179320e-05
-2.910562324956096278e-02
5.399009064380411128e-06
3.111237888992391434e-05
-9.926065647538215297e-03
-1.601608900925170103e-05
2.327936138147676417e-05
-4.542432370671788122e-02
2.695471765621956632e-06
-2.035403873568191390e-06
-2.383012861117998846e-03
-2.490338022135176051e-07
9.265987937633436290e-06
5.860981383242641965e-03
1.361632031982572042e-06
2.505388139727021126e-06
-3.725068498625519562e-03
2.862250652385053376e-06
4.443574584386734310e-06
3.813024666593512520e-03
1.136190870940137476e-06
-1.315172878958663717e-05
-7.721611490870369278e-03
-9.485282538282269097e-08
-4.818659519247018875e-07
5.954836732204545069e-03
-1.536130200638094340e-06
1.593097239224139871e-05
9.138465655998302684e-03
1.588002039149792870e-06
-2.890476000843812397e-05
-2.524098540236607152e-02
-9.295974480156539508e-06
-1.184239400655889856e-05
1.425217553573003906e-02
-6.931778298904733794e-06
1.663320218778716449e-06
6.257863178289286774e-04
2.059147846000710271e-07
-1.385663147696148601e-06
-1.836306163110468497e-03
-8.453274017010685854e-07
-8.785772314082121075e-07
9.733244002536649763e-04
-1.267330735042378672e-07
-6.953425551534622880e-06
-3.573055250691139183e-03
-1.238901094077891516e-06
6.200167251658499770e-06
7.434943154157051121e-03
3.150402495293082073e-06
4.964518609951138085e-06
-5.559769634235387295e-03
1.002164302088686689e-06
-1.214347475298582074e-05
-1.067689289955262716e-02
-4.641311400375773240e-06
1.582603721074705749e-05
1.361425642292499009e-02
-6.080694893699851732e-07
1.696694266976084037e-05
-1.661424623887027691e-02
4.236059931098263025e-06
-5.631631767141680807e-06
1.123229108314277754e-02
-3.625624651721964190e-05
-2.808230538626664713e-06
-2.700430137961665721e-03
-1.387297474875044861e-05
-5.076606581030859982e-05
1.749655722909978020e-02
-1.021506460867758250e-05
1.603529839470928286e-05
-7.582751973311441414e-03
1.401261428420787886e-04
-3.133425809105730317e-05
2.358828761374470728e-03
9.835238655709584502e-05
1.063643562036819341e-04
-1.186599095490760078e-02
1.505816739158712011e-05
8.641323096652447130e-06
5.839167306276935433e-06
1.880572597967443443e-05
1.016862873060092940e-05
-1.115753025912132230e-07
1.864425791834503334e-05
2.193233131556429107e-06
1.356172650547893615e-05
1.149068773973567145e-05
7.574677699706753465e-06
3.225696631096693305e-07
3.492840648004721428e-05
1.499018985907873914e-05
9.062766573054576163e-05
3.890127532149303361e-05
2.296885304337396974e-05
5.698850457838768079e-04
1.328437290579130548e-05
3.815976670002125886e-05
4.285050643006548389e-05
1.443625773470895001e-05
8.151005479798200274e-06
2.439748644555598612e-05
-7.997980054409997171e-06
2.126063383645126548e-04
3.075191317079092082e-05
3.825291324839025339e-05
1.203657830252989093e-03
1.757325497072818817e-05
1.887725838096221068e-05
2.402991101778901922e-04
-6.484486446102832855e-06
1.289669118690613268e-05
-5.264917247008764009e-06
4.766123242057352832e-06
-7.689973075336155946e-05
-7.875065027023196501e-06
-9.532372492057980410e-06
-3.667390869204206088e-04
-5.031367528211007515e-06
-4.866356314070054956e-06
-9.918973384413643369e-05
2.746687168455041277e-06
-3.411368945826524127e-06
-1.437534897510166314e-05
1.754980254914864573e-05
-2.497532017282179167e-04
-2.196700579038842046e-05
-2.736370271012629615e-05
-1.155325676914395645e-03
-1.435160638645100611e-05
-1.457678057590528116e-05
-3.374556470865587208e-04
9.500666254814025055e-06
-9.878967016574745293e-06
-2.482060784410184393e-05
6.369053456208918253e-05
-5.668388912153845410e-04
-4.909062394049588756e-05
-4.976863788321832119e-05
-3.104164723327622159e-03
-2.686644222640963576e-05
-3.898494271890531751e-05
-8.335267629186655404e-04
3.908794642163988375e-05
-2.279040291713615868e-05
1.385889022175416382e-05
-6.603449817510861257e-05
3.155421932187870890e-04
5.985282624532164129e-05
7.620697741674643854e-05
5.224265926653374331e-03
2.898005182833449491e-05
8.351119670909795168e-05
5.225306912565090642e-04
-5.724634557131895668e-05
8.111826999221027521e-06
-1.360087155058536585e-05
-2.909622487890484890e-05
-3.929620970075651306e-04
6.008394835440328832e-05
3.363829470886271338e-05
4.063625317206129815e-03
3.657552918949233091e-05
8.562678766184660421e-05
-6.311934482313344809e-04
-2.186233278880240683e-05
-2.827774660038910403e-05
3.677171229534908435e-05
9.055830724898308762e-05
8.256492076363053075e-04
-1.203210630520296098e-04
4.574438465758001347e-05
-4.470334097958871336e-03
-7.505507994045511290e-05
-1.049598376559607174e-04
1.438381604035909910e-03
2.311179235126252626e-05
4.997700386666395321e-05
1.406540596931730785e-03
-4.424494427242120934e-07
-1.046381460888754498e-05
3.040285167847257136e-04
4.963450377647746301e-08
-2.562846729938822357e-06
-2.412017888932502826e-04
-4.938160772446366885e-08
4.948132940712739853e-06
4.883073332799996256e-04
-1.028671889997656902e-05
-8.695837833272331414e-06
6.469150042741351591e-04
1.434517394141341003e-02
-2.776330920712451623e-06
-4.384811359242205334e-05
-3.479771149829408313e-04
3.584934922469911454e-06
-2.291084143390765334e-05
4.648804082963445446e-03
5.985137146315074605e-06
1.357102393414199063e-05
-5.011365392344446475e-04
-4.238374130603577290e-05
-3.152778453969145656e-05
6.587751325193903253e-03
2.996535317944762702e-02
-1.452430443012150453e-05
-3.423760661284502935e-05
-2.207477698116112885e-03
-3.506787776395782659e-06
-5.344580426136096062e-05
1.524058971143098934e-02
2.992584677312154669e-06
5.966242068317908695e-06
-3.463754484295595258e-03
-3.733233525398711597e-06
-7.752289760825118933e-07
1.374557661981061323e-02
7.226423007723678515e-03
-1.939063158148564338e-05
1.890695126654065480e-05
-2.223545790784759184e-04
-6.300906676893060047e-06
-2.748183311013209317e-05
5.034961979812859444e-03
-1.821168388358508942e-06
-7.328199426967983135e-06
-3.907942046817901522e-04
3.765842851784758028e-05
1.905761172220218701e-05
3.306651518468867526e-03
-6.064142228352310815e-03
-1.261574463373278238e-06
1.073220227495287556e-05
1.359285028955749047e-04
-3.880548169911375349e-07
2.686253532778529253e-05
-3.402443992044973733e-03
2.006915703626198523e-05
4.896479680037681557e-06
2.415813408219963474e-04
-3.079099058362914291e-05
-6.385364178895595042e-05
-2.774929905627079602e-03
-5.126052100851635068e-03
-3.635511720368349216e-05
5.469098477827252520e-05
1.847741676154939731e-03
-2.474746952988441306e-05
-1.781015642927095185e-05
-1.937954738117812076e-03
2.203273158406867001e-05
-2.401001716774555988e-05
2.893679209087895998e-03
3.088530914406172230e-05
-5.124216434682486065e-05
-2.369900215454582432e-03
-5.991079549614174660e+00
7.675686804755165404e+00
-9.011604730039113775e+00
7.471030409032930919e+00
4.127589587948579997e+00
5.057184176668847897e+00
4.465243300311160013e+00
6.758937067743147065e-01
-3.376733999198438418e+00
7.171853748447952093e+00
7.049053031389899394e-07
-4.575358073103462375e-03
8.949579896334991961e-07
-1.034887555364080485e-06
8.010010754352384077e-03
-1.584225134461215074e-06
1.314115781863779013e-06
-5.131660816442681385e-03
1.751616242374982740e-07
-3.781198956639758296e-07
1.692973840784123924e-03
1.015469862313214734e-07
-3.241926560862407477e-06
2.496897297394176651e-02
-2.089458676846787823e-06
-4.599608998310054507e-06
4.557866586639768708e-02
-4.278647731601068585e-06
-3.490663655549790737e-06
3.546969883138272051e-02
-1.290583594808943114e-06
-6.151849389359977171e-07
1.776762406081947715e-02
3.785784808004368552e-07
-2.653011864575835123e-06
2.862445408081583376e-02
1.602888679317008064e-07
1.157384767390059982e-06
-4.992465443802777958e-02
-1.197525401879750968e-06
1.710303522177072899e-06
2.086993832424043493e-06
2.857240717328037288e-05
-2.273573799873362185e-06
-1.723036433061861126e-08
-4.418114340748905902e-06
-1.010545965500626967e-05
-2.179674849984422191e-03
2.566277917935340939e-06
-3.479246946545419248e-06
8.492392875490121942e-07
1.302595103506345360e-05
1.909052403425718671e-03
1.672152709510988859e-06
5.883195222307629328e-06
-6.598086855822571321e-06
8.130164630832009459e-06
-2.451928226800079505e-03
9.027596980098871008e-06
4.108157528564429716e-06
8.398015565476033708e-06
-3.472605350578398709e-06
6.581052228623161630e-03
-1.040848808820724222e-05
-1.559435381039497325e-06
-5.999783830657841923e-07
3.114926181016280421e-06
-6.990093786483027316e-03
1.518100840343396896e-06
-5.704250258711641869e-07
-1.187761857840200888e-06
-7.470901983117948712e-07
6.619573722433747063e-04
9.523117187700157558e-07
-2.289019133864611604e-07
4.332856253140029867e-06
4.284343758943503563e-06
-8.070521507708395062e-03
-3.855310067046338157e-06
4.287845899409933881e-07
-1.105325004583973879e-05
-5.507906936788663895e-06
1.253848271486091709e-02
1.280285565857166311e-05
-1.749209688271081577e-06
-2.959429286484301525e-03
-6.325178383495239049e-07
3.063063601623931609e-06
-4.535990152383343084e-03
4.673374198294691034e-06
-1.469484835578851956e-06
-4.617114040965123074e-03
5.497195885363979906e-03
2.168217206394467265e-06
-8.651312206062933797e-06
9.091052894350519498e-03
-1.170947544296644250e-05
1.793463560343770668e-06
8.574978355659399962e-03
7.295829562135294679e-05
-1.097775872842227552e-07
8.338807951495673558e-07
-1.383531619023641230e-04
8.253566280638389384e-07
3.110421535307364842e-07
1.145716046660330079e-04
7.822285207090177257e-04
-1.057206882517988170e-06
1.581216529396800130e-06
6.298593455816849877e-04
1.567695449158929795e-06
1.219376458588100766e-06
1.222129410003626720e-03
-8.369485323099411450e-04
3.998476246057858639e-06
1.799745015460815809e-06
-7.386944529763482970e-04
-1.024748561501516332e-06
-1.006926107356232826e-06
-1.309486985878464049e-03
3.554815738231245897e-03
-5.891169914697341417e-06
4.801819812456910536e-07
3.861450598032222480e-03
2.491230810145098995e-06
3.542908657809579219e-06
5.552471303492469666e-03
7.519400708696351255e-04
-6.261428179686750316e-06
-2.865423834097010237e-06
6.824592507153751705e-04
2.551034877557441280e-06
2.052521073722829899e-06
1.177976157574421243e-03
-3.782485467904185810e-04
4.152580119281004285e-06
3.678663560252921480e-06
-9.053337386917081984e-04
-2.320539448325910334e-06
-2.138227083554566244e-06
-5.916709664162151522e-04
1.276053195437263280e-06
-1.122306308772496718e-03
2.988653474707461684e-06
-1.826633029668678164e-06
-1.458309649878368648e-03
-3.059015968528568005e-07
-1.069927523910774837e-06
-1.756388980250802624e-03
3.190009816342353760e-06
-5.272792458652125694e-06
8.293406312802138053e-03
-6.003416052339381729e-06
-3.894848267801889723e-07
9.981761790885980423e-03
-4.960323575036533631e-06
6.565336860839930513e-06
1.295984495848671349e-02
-1.799846290017898930e-05
2.614624437382112177e-06
-4.798982349625940426e-03
2.703808959176470684e-06
6.000979131021838644e-06
-5.471147399063676191e-03
8.368488982923242680e-06
-5.477533887178663249e-06
-7.503017726444972599e-03
1.559644469166555518e-05
-2.833099078445188945e-06
4.152386788365714822e-03
-5.445500602455907924e-06
-7.776509418322071642e-06
4.664030417979368563e-03
-1.180847246255213499e-05
6.644514715073977094e-06
6.501502120338510139e-03
-2.079669085520653019e-05
4.506722385986065545e-06
-1.254000974040595449e-06
2.634798701934764915e-03
-1.040777652844317451e-05
-6.259030969723061759e-06
1.065314516466425547e-03
5.522024210575217715e-06
4.051422790843190548e-06
4.115564029338802596e-03
-1.678382065706244582e-06
-2.374726436701542835e-06
-4.334661158666127995e-06
1.315966171026255035e-06
-2.941210658975937711e-03
1.024368959388614947e-05
4.349767422981803550e-06
-1.148313669308993843e-03
-7.688336972800926836e-06
-2.999371670554253858e-06
-4.593414488574886802e-03
1.713894730061438644e-06
2.197815596400160157e-06
-6.540753763694592002e-04
-3.271923176587779633e-07
-8.633497198626691736e-07
6.413229159801397971e-05
-5.452217843360667163e-06
-2.132263142800224820e-07
-1.136013645801810202e-03
7.979985899602744863e-06
-6.168428296799272187e-07
9.827168289018681658e-05
3.514712185343930147e-07
-1.135152637830200901e-06
-3.000416345626410628e-04
-5.991039423628318872e+00
7.675348463758040474e+00
-9.010979312803351959e+00
7.470945909945462482e+00
4.129088601521127444e+00
5.062433855065816779e+00
4.473758053078524810e+00
6.775722778536457103e-01
-3.384579325697588459e+00
7.188749377453978795e+00
-5.856634313023288564e-06
4.606930034866176318e-03
4.857713401508377213e-06
2.947068063891278560e-05
-8.337562586708941598e-03
-2.833862595437981291e-06
7.223742326182884478e-05
3.773366860654806323e-03
3.749845666741087263e-06
-2.811481426538158762e-05
-1.082788941205213920e-03
2.890967231237467559e-06
-1.084803901054573146e-04
-2.037012955588625787e-02
1.076040869772560674e-04
-9.401618685801895565e-05
-3.497383908023316001e-02
3.626816661561363896e-04
-1.170484931637399018e-04
-2.137668413892399033e-02
5.047894563916091376e-04
-4.705070780857046096e-06
-1.075714290205742607e-02
1.934239725045346059e-04
-1.101337969107013933e-04
-1.542272464309006608e-02
4.590542114712441342e-04
-3.410255494913633353e-05
3.071318194405733490e-02
-4.859593987055601041e-04
-3.787539598997038688e-06
2.944626867149979094e-05
3.489043671557872511e-04
-7.025644377584624317e-05
-1.572848832985960436e-05
4.884051613475703111e-06
-1.597905845524766680e-04
-4.393529356413560308e-03
5.085442366019795333e-04
1.322336975591671595e-04
6.084894910247040049e-06
2.370717773114460521e-04
6.126575547532008004e-03
-7.411903060875290987e-04
-1.729981191990172468e-04
3.290314704227297700e-05
2.661526418708881148e-04
3.750629716624868069e-03
-5.790076711825989549e-04
-2.184246583185604123e-04
-4.203568344004260978e-05
-2.491811718117181848e-04
-4.717618898165574712e-04
3.082599100355261747e-04
2.604037306853981804e-04
2.068915524047004685e-05
1.893175679900104024e-04
-1.361347424822199285e-03
-1.200706799533942152e-04
-2.383951767376864944e-04
3.670376213459220231e-06
-7.062462902054603169e-06
1.672329647948720462e-04
1.035541277651174063e-05
2.776455036105457511e-05
-1.055473504379203520e-05
1.153960941955635850e-04
-1.480234127180018663e-03
-1.263474036489741241e-04
-2.422301290257329858e-04
6.530726983968164912e-05
-1.330470947877357543e-06
1.871162246426864156e-03
1.742867979420304348e-04
2.761242741590154101e-04
2.880821443474059548e-03
-1.815432484610900605e-05
-3.616915591022522650e-05
4.345408362036682140e-03
2.242393201753277844e-04
-6.155887390784479398e-05
4.508256205154861397e-03
-4.954564066889615218e-03
9.897393649026012502e-05
1.958771035718671015e-04
-7.441074737383818714e-03
-7.397005851990795522e-04
8.257599603527955166e-05
-7.747163680854686485e-03
-2.124315622778504323e-04
-2.179165638029481134e-05
-4.489656482689169766e-05
-3.162812119799456034e-04
1.065664721443209366e-04
1.335638537396009821e-05
-3.344337066795075833e-04
-1.117299138077631560e-03
-5.088605312612032457e-05
-1.015408708698187841e-04
-1.720440097076051788e-03
2.341856281690331829e-04
3.623682396402416349e-05
-1.751021807904758025e-03
1.057485005780823672e-03
2.244000794655298388e-05
5.297101811300376404e-05
1.714314692936650102e-03
-1.213540927138934242e-04
-7.287492219304665154e-05
1.721983024923595153e-03
-4.372533555570517171e-03
-1.078396577568930284e-04
-2.161972572865544784e-04
-6.702414926614398347e-03
4.845170009591680304e-04
1.201047083668409612e-04
-6.877976522352326379e-03
-1.075093309473675474e-03
-3.455362224077739670e-05
-8.996427791882786540e-05
-2.780597323174319006e-03
2.015013668012537390e-04
2.043240704131761619e-04
-1.933865155653987419e-03
5.330289843929016721e-04
1.257413564198500830e-05
5.115552231557703421e-05
3.553010829455789318e-03
-8.629168319805976184e-05
-3.192214703005086729e-04
1.300850698131117249e-03
-1.710740646438213176e-06
-1.290340344381912157e-03
4.031275140652432081e-06
2.706231679749633750e-06
-1.424323094548574607e-03
1.309370326589268563e-04
-8.444279262397044804e-05
-1.954629676787674342e-03
1.209062462058570027e-05
2.141025676938388550e-05
9.330273647425078865e-03
-6.469816050611242552e-05
-4.484091990328293979e-05
9.434849905448197682e-03
-3.773354024473576300e-04
2.980766801206034280e-04
1.430696787472454136e-02
-8.018551406167787456e-05
-1.846439440294975730e-05
-5.463005257482866570e-03
5.305345974518547260e-05
4.043809689423067072e-05
-4.958917955960269464e-03
7.659145177188099874e-05
-1.048818746574277849e-04
-8.441107814385576114e-03
4.022942146291264909e-05
2.548941371731460408e-05
4.866495377887314518e-03
-6.193055720550832153e-05
-4.896779514018138657e-05
4.079143605342269718e-03
-4.957122173542105712e-05
9.886643441018105687e-05
7.536744021600425177e-03
-2.888449849719578925e-05
-4.402450246691244878e-05
1.537516037840782755e-05
-2.734291379034016218e-03
3.694606587948025137e-06
8.245971743352844283e-06
-7.591012424059899021e-04
-8.605669675905181252e-05
5.836531289315759229e-05
-4.368125554556824552e-03
-4.688661922587605813e-05
2.891963191228037446e-05
4.380699047564718600e-05
-1.964593475529475327e-05
3.047336444111451055e-03
-6.765490045127456494e-06
-3.972233778505358684e-06
8.444902978613849035e-04
8.313066982529787379e-05
-8.252841408885696044e-05
4.875602051250520035e-03
4.926644137101175941e-05
-2.513418464550058371e-05
-6.939436953703093276e-04
-1.144292023978819677e-04
-6.724669149997002300e-05
8.651936149095437430e-05
1.867759715303476801e-05
2.070145568701968822e-06
-1.069729849798274667e-03
8.578665659471687837e-06
-8.518367912678422851e-05
2.499695891952001211e-04
4.786922175999914282e-06
-4.860443406430771515e-06
-2.892086392650591821e-04
-1.062961343661502056e+01
1.463434561579980553e+01
-1.831540185464936599e+01
2.081927316738899947e+01
-1.574615466149763954e+01
-1.855758240980826201e+01
1.912079173994682080e+01
-1.735541276226410545e+01
1.537284891881076732e+01
-5.910927643760865102e+00
-6.478319012210037364e+00
4.271992793694900037e+00
-4.899932770113926139e-01
4.361844372343999687e+00
1.540739902619739077e+01
-1.018765150337968997e-07
-1.659461674717040798e-05
3.716353419996552067e-07
-2.566463027988645569e-06
4.616260251703991187e-06
3.381483462976725530e-07
1.011919288349608702e-05
7.143883785366560049e-05
-3.322677928169445923e-06
4.568600099199501897e-06
2.424517298677558193e-05
-1.352673565503846872e-06
7.829501245623901096e-06
3.697943598441060138e-05
-2.385349999469012788e-06
-6.709618976250554366e-06
3.891227332298792302e-06
2.907563295075141840e-06
2.251661699584983709e-05
-4.936600415831408884e-05
-1.092904074753534726e-05
1.327447971891271446e-05
-8.778457108243582861e-04
-1.836991713313638954e-05
1.735256038134484221e-05
5.998216961050070913e-03
2.630946004813151560e-05
5.029378627349086997e-06
-1.343055434889276270e-02
-2.117347624036769701e-05
6.508267592821538800e-05
-2.470708165055619798e-02
3.352912102983357580e-06
-8.325212308104281637e-05
2.021722456304647642e-02
-1.043471720175521145e-05
-4.649989805304677966e-05
1.548107080609918348e-02
2.822734988786817759e-06
5.101264308818921926e-05
2.298040035574892836e-02
1.001347091591807231e-05
2.250560579266110581e-06
-3.089449964720273615e-06
2.641004536155384106e-05
7.568344926627775235e-07
-8.409123915641657232e-06
-2.494061980626769351e-06
7.427659125704723692e-06
6.368694873125408014e-05
-2.186939411715836545e-06
9.353207041597228638e-06
1.123053935795868737e-06
-5.663203274138411179e-06
-2.195090237592946367e-04
1.771097753394528967e-06
-3.722134633600013221e-06
1.703207347701478303e-06
-1.063510013405571433e-05
-7.647111961632684128e-04
2.851243266039660566e-06
-6.659768164392822846e-06
-9.470278675470123218e-06
5.039516398526595312e-05
5.327274289135394345e-03
-1.638111066281733733e-05
3.369973546912252422e-05
1.709528426421344057e-05
-7.156376938614090360e-05
-1.116259975071270255e-02
2.639530045468893392e-05
-5.929256059870901575e-05
3.413457961997822985e-05
-1.163148711180331881e-04
-3.738154976443125443e-02
5.687514834769227118e-05
-1.025616007260491552e-04
-3.508707049279284824e-05
1.052756567589388970e-04
5.606712166129571712e-02
-6.534529374398495192e-05
6.917340594914372226e-05
1.818895997344713451e-06
-5.016608410239654608e-06
-3.851861681659065825e-03
3.684938763223516087e-06
-3.216772484602391921e-07
-1.136400614414805989e-05
2.849342529900750491e-05
3.279476831034167181e-03
-1.006451559635821974e-05
1.599146073962461110e-06
8.495413948596036541e-07
1.063017663862547417e-05
5.050170661375484593e-02
-2.659250279547444010e-05
-6.996453239348552518e-07
-1.732647835958027940e-05
8.926474418710750422e-05
4.809130349199532140e-02
-4.344483917304334356e-05
4.424439371221833663e-05
6.093540280864010643e-06
-2.765928545233142005e-05
9.515621144774265641e-03
2.390732931358730694e-06
-2.407156517717420953e-05
1.673475587662193382e-05
-8.323159872042731108e-05
-1.653040203783845072e-02
2.263932721816792394e-05
-6.351653283996754897e-05
2.610000608454073951e-05
-1.271319225944935588e-04
-2.174599059301990378e-02
2.219477960849763293e-05
-1.104643010036561007e-04
-8.741654412833314930e-07
1.653453894473023395e-06
5.731510490543843466e-07
-4.769408513369739506e-06
-5.192277821983056851e-07
-6.164547672505046935e-06
-1.412441989223501848e-08
5.274731085468271659e-06
-2.831969202868524328e-06
2.151100070474121373e-07
6.820147030602854380e-06
2.230553714018433023e-06
1.331837337360143586e-05
6.515995602284265834e-06
-1.314046527995842769e-05
7.035335691146127779e-06
-1.559857625213253469e-06
6.378476649971048882e-05
-6.581782409302380024e-06
-3.222964491289106087e-05
-3.062278442897498824e-05
-4.469859537239917257e-06
1.298028975295011382e-07
-2.315360123214750299e-07
-2.931367882265804281e-05
-7.813516453568247822e-07
-2.890313989028182390e-06
-3.893984708248681585e-06
-1.769917124789603325e-06
-8.577050952904592611e-06
-7.063546024722389601e-07
-1.890195952208155211e-04
8.503749898338791954e-06
3.950610264863852193e-05
1.283852230326920920e-05
2.170489909773180403e-04
9.103688790426909785e-09
8.999729840935186449e-06
1.047685643970241954e-03
-8.370753448557084335e-06
-4.059467406085588001e-06
3.091115766574037828e-04
-8.126861544210049184e-04
1.652488530067201095e-05
-2.207828448990742213e-05
-2.613873716099635383e-03
1.870157256382463603e-07
-6.308782707361426786e-05
-1.278010495621249984e-03
-6.038999967544047892e-04
1.359847171294740910e-05
-1.778588222383517770e-05
-1.728914203049213959e-03
-1.298118167485880811e-05
-5.281648853647278143e-05
-9.996462941632309682e-04
1.072121522544620086e-03
3.203348340228143998e-06
-2.550011928219782060e-05
2.649024463844489984e-03
-2.472299224069663472e-05
-3.313657081875572989e-05
1.609691043024376062e-03
2.110214724938828598e-03
2.308259666576484275e-06
-3.252400260024595542e-05
5.881567409238533557e-03
-1.052440954810523865e-05
-3.545055114641833380e-05
3.251225561504702492e-03
-6.289776382987368559e-04
-1.584389717843804369e-06
9.912602574710941000e-06
-1.902749360725511547e-03
-3.316375301417517153e-07
1.229659219373921845e-05
-9.711694274660240831e-04
-9.648594865516417355e-04
7.431752334648848025e-07
1.998955040434450872e-05
-1.623315935301845479e-03
7.728129370195203177e-06
2.280375449141412402e-05
-1.491163062183546500e-03
-2.196148417316111118e-03
-1.294571867812960344e-05
3.119067134318630842e-05
-9.124565476177320944e-03
-1.936832515482042521e-05
4.029081849442210964e-05
-3.383638945141448622e-03
8.698919917068569574e-04
2.174488325513048700e-05
3.140056874058220153e-05
1.119553190030776225e-02
5.131061838639146565e-05
1.483369019159482683e-05
1.343348307331703557e-03
-2.823264900060588138e-06
1.903820758799078987e-03
-2.754260120638378457e-06
8.119500022890164937e-06
2.119242675483105562e-03
1.084122465566974369e-05
1.952079832848023996e-05
2.956956459687022122e-03
3.946090793378931370e-06
2.839259966096943503e-05
-8.339491661260673913e-03
5.998809925205447378e-06
2.811278378072069590e-06
-9.905795576568472011e-03
-1.402367127716351714e-05
-5.588409707030996974e-05
-1.297670744788242264e-02
-1.990044673708828339e-05
5.080810667096926367e-05
-2.120319658016266151e-02
1.720484555359722554e-05
6.424750434855517115e-06
-2.584067322959242644e-02
-2.506600199736472366e-05
-1.084851159041749454e-04
-3.301286438747106505e-02
-3.982488796658173740e-05
3.502929909126234259e-05
-3.594259804807901915e-02
2.017825939404425777e-05
2.773250317735604861e-05
-4.032603119570216804e-02
1.141558928459349831e-05
-7.011762766322588445e-05
-5.602153562056996078e-02
-3.307952176474093656e-05
-1.617595584551412150e-05
-2.911637249662426055e-02
1.248224262313410123e-05
-5.775052663361564384e-06
-9.921099985587737355e-03
3.308828985287902929e-05
-2.142416776877541099e-05
-4.541347543146700971e-02
-2.986794938904322860e-06
-5.622943439479806589e-06
-2.384022345721915469e-03
1.456238185873288907e-06
-6.147513560630737226e-06
5.861452834051399628e-03
7.143630940633854758e-06
-3.052993516763789956e-06
-3.724353972688596894e-03
1.197236217544628349e-06
5.417367253675278076e-06
3.814629108598608775e-03
1.806752268967922625e-07
7.203496122758729608e-06
-7.722288912511679829e-03
-1.103218142947967083e-05
2.184151858112945752e-06
5.953707519618980579e-03
-1.595191622796786834e-06
7.894989409541251324e-06
9.141981086245001137e-03
-5.407801892664702122e-06
2.440722623678023736e-05
-2.524387532683293467e-02
-2.003723712620609961e-05
1.035421752602823939e-05
1.424868373680769282e-02
-2.138464846145407289e-06
-5.560729815300535146e-07
6.259969208858642831e-04
-2.948520601648704416e-07
1.603061536562383683e-06
-1.836587292508373844e-03
-7.863415067514304521e-07
4.845716436618496627e-07
9.730228639011429329e-04
3.101238598404278335e-08
1.825691432588522295e-06
-3.574361602477231156e-03
2.251382170627313094e-06
-6.856969207589631869e-06
7.436268461103944308e-03
3.802684355248074063e-06
-2.380021784712425343e-06
-5.558284697893068997e-03
3.195335294811384771e-07
-5.650187741832769783e-08
-1.068179155137028748e-02
1.134039486832504921e-05
-1.125643268863447968e-05
1.361671173715673505e-02
1.382643313675369014e-05
-7.285319244180538589e-06
-1.661184818047233003e-02
3.918667916271890311e-06
1.543836288968043324e-05
1.123996275764878663e-02
-2.453485564573675462e-05
1.920766444519984346e-05
-2.699439565724562340e-03
5.090326456477328089e-06
6.115529716299275998e-05
1.749907866359907971e-02
-1.171275274245495558e-05
-2.451841685926975037e-05
-7.589364337729783729e-03
2.351691227016315880e-05
-7.332927465796458685e-05
2.355868691990454199e-03
-7.676449300576683834e-05
-1.795458636182414034e-04
-1.187046384701131649e-02
1.292052371402548685e-05
-5.633657587295495429e-06
-9.005956504087261780e-06
1.773832786901086345e-05
7.140984732028545854e-06
-1.556747137629420076e-06
1.818209203476787143e-05
-1.285347632181910270e-06
-1.624106809441218139e-05
1.137041046679874875e-05
-2.710124940733380552e-07
-7.859409064621897874e-06
-2.220778105048007274e-05
-1.663556955610031381e-05
8.639173054864190547e-05
1.610034606459592331e-05
-2.032928341067241379e-05
5.673974973522477941e-04
1.569099790446435724e-05
-5.605907276873385527e-05
4.187874883484638000e-05
-1.930658195276246318e-06
-4.229289200786294012e-05
-1.250025189821770715e-05
1.366724906416839469e-05
2.105452689762550035e-04
3.102672820823897977e-06
-3.074718432130609772e-05
1.201802737630822820e-03
2.928506039371706082e-05
-3.881264223182710694e-05
2.392861220033701199e-04
-9.103454151663139106e-06
-4.184304459378892664e-05
2.055429159759108647e-06
-5.793272386225841503e-06
-7.664086886971880621e-05
-7.397322528209862444e-07
8.199461795449340413e-06
-3.664039881345166564e-04
-7.098293606230901361e-06
9.852318345049431618e-06
-9.896135092200037829e-05
3.704332469199135951e-06
1.021262608960643191e-05
4.317434628290381729e-06
-1.976081285015570879e-05
-2.492102851940104238e-04
-2.876166629436767516e-06
2.363497485766799690e-05
-1.154498710348923025e-03
-2.031803960030795469e-05
2.792309457498144221e-05
-3.367129285526533579e-04
1.260344774516321751e-05
2.879501438049156676e-05
-2.477050399684785196e-06
-6.995581260943704589e-05
-5.656281845803746251e-04
-1.187244565643181957e-05
4.554922724592609044e-05
-3.102503773708623156e-03
-3.549224528763423719e-05
6.574697238555955432e-05
-8.306943503103719501e-04
3.825484970483237075e-05
5.481036290342802375e-05
3.346296528687856556e-06
8.861498857524402006e-05
3.129563389221157719e-04
4.557821667550669567e-05
-6.131803276155178384e-05
5.221406248705178464e-03
5.537142415779690730e-05
-9.982413450936683216e-05
5.195936148912150363e-04
-3.360614792006773826e-05
-3.801038707876108985e-05
-1.376706660926271762e-05
4.260200229894996714e-05
-3.941909891914302023e-04
4.473747295085164777e-05
-4.397419843763099469e-05
4.061695131470388978e-03
1.317730409794455859e-05
-9.997476994231651584e-05
-6.286283375405941074e-04
-1.857428856905141799e-05
1.561840766101052437e-05
2.080885509402384556e-05
-8.065286078633638787e-05
8.249667699188371287e-04
-2.944930313270842381e-05
3.456250844327073384e-05
-4.469291453058910069e-03
7.371837691547542166e-05
1.627346009166358591e-04
1.431199619985488699e-03
6.727132756712689288e-05
-4.865870368316193195e-05
1.406784245474131372e-03
-7.542655805269142489e-06
1.299967165618935412e-05
3.038840630590968774e-04
4.135328470139305759e-06
1.003446217516350270e-06
-2.409442260007771364e-04
-2.227719765085024625e-06
-2.464910434854644650e-06
4.877429013443877921e-04
-3.634550855299772612e-06
5.027740145789972140e-06
6.474899356576055464e-04
1.434714359877560172e-02
-2.617082769791254353e-05
5.443097310169443744e-05
-3.486263981477185627e-04
9.427743015688719351e-06
6.270246518031092134e-06
4.649884283281731367e-03
-2.250181428488297764e-05
-1.008223411375254322e-05
-5.016659107520232653e-04
-1.486455153981121660e-05
1.848077955809768652e-05
6.587797573526433213e-03
2.996867336863008602e-02
6.449361510692961849e-06
1.682212419850314875e-05
-2.209644421421186767e-03
5.009928142484166473e-06
2.401274281134022862e-05
1.524134109400731261e-02
-4.659812420497269240e-05
3.921533912755849685e-07
-3.463457013047170196e-03
-2.379922432057464160e-05
1.262014680536639082e-05
1.374098950397704619e-02
7.226936379141964996e-03
2.598839019445365800e-05
-4.194546325964668674e-05
-2.234533520058574357e-04
-4.067589575386240045e-06
1.457053521541422201e-05
5.034503608471395733e-03
-2.251462307595951504e-05
9.472563039856715401e-06
-3.913793413467600156e-04
-1.253159486423870448e-06
7.185145966414434711e-06
3.303925960096416956e-03
-6.063630816569341199e-03
-5.386085906583831155e-05
1.978429318311720054e-05
1.377487198759714247e-04
4.450694663843401108e-06
-2.982571810798986757e-05
-3.400297623608231502e-03
1.248896772474788309e-05
-5.167392058771791492e-07
2.424450381073036764e-04
2.520499758625964652e-05
3.692930257158647027e-05
-2.773274435409315859e-03
-5.125533482893018800e-03
-2.556451120472045591e-05
-5.612031051154350468e-05
1.848729840599418108e-03
-8.327795782943437438e-06
-1.013920341283287515e-05
-1.936963215627540659e-03
-2.715981239107648383e-05
3.440455655518315659e-05
2.892304206146021316e-03
3.305220107775277733e-05
6.109800723408537746e-05
-2.371676502637711913e-03
-5.991079438227276732e+00
7.675686948765894080e+00
-9.011604454570498746e+00
7.471027297425833602e+00
4.127585025441288025e+00
5.057179178781884055e+00
4.465241625586426011e+00
6.758937482103087868e-01
-3.376733979685709652e+00
7.171853053712448300e+00
9.099697131851764431e-07
-4.575705819102181271e-03
4.395559236462122689e-07
-1.345612844148104859e-06
8.010661548672795215e-03
-6.774488242751304265e-07
1.704523294510117285e-06
-5.130812814922272244e-03
9.017763771156818891e-07
-6.012326094734651386e-07
1.691696557728125314e-03
-5.870140571656161299e-07
-3.831503231779660839e-06
2.496531290677857229e-02
-2.368409768942169487e-06
-3.792800503569979640e-06
4.557752279911587989e-02
-1.907132026668905990e-07
-1.487392801929089240e-06
3.547185505972327846e-02
2.589591951219351754e-06
4.312052138918466620e-07
1.776949205138718402e-02
6.606767895277852330e-07
-8.469809959800834938e-07
2.862723237306092142e-02
1.807223579674604692e-06
-1.985330347521557512e-06
-4.993058373619409934e-02
-2.706858422787129533e-06
8.199683980504772495e-07
-1.852727149801746518e-06
2.413385543234650718e-05
-4.500348897388801414e-06
-2.023702283076307841e-07
-4.717382859902497202e-06
3.819167840452881430e-06
-2.165513117058156124e-03
1.085736730838978000e-05
-3.408463346875418163e-06
8.960819494692770059e-06
3.959082477998623672e-08
1.902221477912045822e-03
-6.025969258491744622e-06
6.265563169472529510e-06
1.087583020426565833e-05
7.147715185434085440e-06
-2.437671852784452191e-03
8.525387290543533412e-06
5.170103963306837615e-06
-8.841031977415507765e-06
-8.748233815358745453e-06
6.559499547703654884e-03
-1.378526734714557891e-05
-2.615424224046752169e-06
4.285489805039281215e-06
1.058445282129856546e-06
-6.983487476063998146e-03
9.155565027431716109e-07
-5.808730863430375543e-07
4.200514541397135182e-07
1.103290762438470033e-06
6.645734820324641912e-04
1.925891214627935758e-06
-3.615488295155643303e-08
-6.660172337168772283e-08
-4.265537731469218811e-06
-8.076863237456816461e-03
-7.639276230853594304e-06
-4.801780173070035536e-07
7.085612366283927711e-06
1.216876313555121777e-05
1.256278539323875398e-02
2.036392873101428871e-05
6.648186900542687716e-07
-2.959437344829588153e-03
3.475212849994549783e-06
1.181877906297359142e-07
-4.530836253206328192e-03
3.060481627305679068e-06
-1.649910955318866935e-06
-4.617860757378025420e-03
5.495480967627320787e-03
-1.060112967519952220e-05
-8.592775866303477121e-07
9.077930917340687467e-03
-7.472994181396559044e-06
2.277531990038212203e-06
8.577803198676459129e-03
7.372572324098174167e-05
1.156894770970081182e-06
1.883336844097642744e-07
-1.368136686095068773e-04
3.996742745934558706e-07
2.683948744699464077e-07
1.139143325832566507e-04
7.839825229439124736e-04
2.493866580639015484e-06
7.571805940500524924e-07
6.323162275936252156e-04
1.106278678766737452e-06
1.134144997194684314e-06
1.220810801417346672e-03
-8.383980082853801589e-04
6.777981209912539160e-07
-2.972420615970145419e-06
-7.434764014189781034e-04
-3.904328969014369478e-06
-1.080711743988111384e-06
-1.308662476129088346e-03
3.559270013445186166e-03
2.149324679952747064e-06
3.859846449375382258e-06
3.867032402626503600e-03
4.689892403472891141e-06
3.558601452574017164e-06
5.549905034328546892e-03
7.538455071183489987e-04
1.156925548757690686e-06
5.421522997341881962e-06
6.928235126341647900e-04
7.392922669108175367e-06
2.248330589445322949e-06
1.177271049480367636e-03
-3.786106671978808555e-04
-1.961593469056773139e-06
-5.328404297266747097e-06
-9.165048502566767574e-04
-7.261099150014172889e-06
-2.701948354102765620e-06
-5.931041276942369172e-04
-1.505057314669327290e-06
-1.124117473019322711e-03
-3.245907932143337134e-06
2.123414884452471092e-06
-1.453628528656140126e-03
1.566649100910838014e-06
-8.181179343775181306e-07
-1.752617806634575691e-03
-7.866267466938007152e-07
5.429688504467846462e-06
8.302039540373029949e-03
1.253340567211645599e-06
-1.074265028075306960e-06
9.965588130485562510e-03
-4.173613663713698376e-06
6.884929539042739203e-06
1.293908630541130804e-02
-1.572377188764411043e-06
-2.973294252931164796e-06
-4.807128423507666358e-03
7.598169025561732054e-06
-4.337579758523097302e-06
-5.461150069043405227e-03
2.014699664169412102e-06
-6.552139881815378113e-06
-7.486622936676543688e-03
2.632598666789618123e-06
4.100110324498847881e-06
4.164362653744388930e-03
-9.459364757129642170e-06
4.355366696599491110e-06
4.648392179733365666e-03
-4.445292307278541459e-06
8.113450456319157113e-06
6.481045212214995958e-03
-1.949264639232498122e-06
5.934972364724419897e-06
-2.097213899212121329e-06
2.639591411458859765e-03
1.328505591542647975e-06
1.185054722554891544e-05
1.087556682608919632e-03
1.669183927299412631e-05
3.978960281319126184e-06
4.112272232146343964e-03
-5.780643504593231831e-06
-5.473376621361409243e-07
-5.414626297267076900e-06
2.024089324027950867e-06
-2.945963044691518075e-03
-3.186442555685057372e-06
-1.015404040850931217e-05
-1.172367311275446721e-03
-1.661082701861117813e-05
-2.820760871472573443e-06
-4.591462887831399692e-03
5.295820581817664819e-06
7.672837466051457042e-07
-6.504424370054678276e-04
-1.402891306707445475e-06
-2.382043711160772864e-06
6.098815194365007810e-05
5.874005904376079484e-06
4.271833145715914547e-06
-1.116355232083579433e-03
1.049501483836050583e-05
7.130000502097985878e-07
9.893903793579104673e-05
3.647870721175023088e-08
-1.001581141974961983e-06
-3.001119217277044564e-04
-5.991039406281352342e+00
7.675348360197341790e+00
-9.010978893045574978e+00
7.470944277138138467e+00
4.129086579235479171e+00
5.062430941897448022e+00
4.473756618019593567e+00
6.775722915700006510e-01
-3.384579614413180337e+00
7.188750667267004957e+00
5.578654015607221192e-06
4.607012603468958571e-03
2.590202797635466221e-06
-1.312649581722403173e-05
-8.337699689006107875e-03
-2.767043830787654650e-05
-2.719305411693789560e-05
3.773570658552932201e-03
-8.282544397265152389e-05
1.353929029854589015e-05
-1.082893061842114465e-03
3.127105464260857275e-05
1.420988751927948165e-04
-2.037030652088345217e-02
7.340406033153537156e-05
3.685773923151666590e-04
-3.497333124414926664e-02
-7.877107384183879371e-05
5.010511809886939458e-04
-2.137611491556419205e-02
-1.362751668625773770e-04
1.690670071853767639e-04
-1.075645785924504889e-02
-8.795209289480957556e-05
4.520186080912180532e-04
-1.542242234414073314e-02
-1.176625434810234222e-04
-4.036422914890651532e-04
3.071051773598420381e-02
2.653236458258320836e-04
1.195873194201506405e-05
-7.759732560948793580e-05
3.496573173614000887e-04
1.520471057744504130e-05
2.470306795497411698e-06
-9.903434500446988559e-05
5.261414783014227090e-04
-4.395436162702444360e-03
-1.400476091040141029e-04
-5.543533002907381269e-05
1.225453342750561486e-04
-7.682390520398860601e-04
6.129061772081735235e-03
1.975604908228311080e-04
8.333050905729076315e-05
1.561385803249845747e-04
-6.410104234317811917e-04
3.752525539552118740e-03
8.107091408987842371e-05
1.306193966180780653e-04
-1.968733393371999109e-04
3.957930682821467249e-04
-4.729483345079221746e-04
5.127475539995306327e-05
-1.619745751891882757e-04
1.897081329037422315e-04
-2.035097621456534922e-04
-1.359754761286234483e-03
-9.431512554742114030e-05
1.321973519549212567e-04
-2.504818377314528612e-05
1.268419943305575213e-05
1.670874155300259775e-04
-9.409389913128129198e-08
-1.067898791493530791e-05
2.091910249169959398e-04
-1.706600347663712555e-04
-1.478754595379723480e-03
-2.893269741932912910e-05
1.099625558924018141e-04
-2.673877058374393928e-04
1.539611653892022371e-04
1.869660712898984188e-03
-9.017765755001262262e-05
-8.416891567115673454e-05
2.882767777287427620e-03
6.501410209693340384e-05
2.122116563377774399e-04
4.344698251974913293e-03
-7.949463039241695921e-05
1.826869207981574679e-05
4.507885580154026919e-03
-4.960451518299141722e-03
-1.344854010051296529e-04
-7.395371224003745216e-04
-7.439059932575018547e-03
1.989583867180480753e-04
3.387970407040013154e-05
-7.746328135200666008e-03
-2.116426382423117073e-04
2.269979755313230891e-06
1.151502022309210354e-04
-3.164685758872777315e-04
-1.482620921029997987e-05
-2.397534690203819940e-05
-3.344448834332701534e-04
-1.115745248032165137e-03
8.869437522144164691e-08
2.543631941251357428e-04
-1.720789346774670523e-03
-3.020901536145037427e-05
-5.953883675996081144e-05
-1.751151509470191348e-03
1.057121999745688420e-03
5.593839640810250213e-05
-1.299446676768571088e-04
1.713537029556422850e-03
1.470051359510826054e-05
5.846335871150820944e-05
1.722829040881924956e-03
-4.369954760972917171e-03
-4.671715396895623033e-05
5.268657965426736759e-04
-6.702072198196431380e-03
-5.606229416466870438e-05
-1.548684554437290716e-04
-6.879279449394087344e-03
-1.074244365125520771e-03
-1.608932195932964607e-04
2.178743871198246757e-04
-2.779813646482821171e-03
-2.496967135234799272e-05
-1.320478209739478861e-04
-1.934647282319363910e-03
5.324730867153738096e-04
2.679275397320381950e-04
-9.949205484552382241e-05
3.552778672962375855e-03
3.463199173101938304e-06
1.676904481920376438e-04
1.300747172573663794e-03
1.200279105593970083e-05
-1.290292589141623682e-03
7.514320809934639815e-05
1.124827569788241583e-04
-1.424800984410014596e-03
-6.631241687826924824e-05
4.827489151130147371e-05
-1.954346320207672478e-03
-3.295550996388294256e-06
-8.290484458641122947e-05
9.329919385817028385e-03
-2.395203027321834619e-04
-3.076182585829314968e-04
9.436082413108769565e-03
2.269808252461370226e-04
-2.122708624335013761e-04
1.430575115411393192e-02
2.239626156416833519e-05
4.493269654253981542e-05
-5.462361636123876443e-03
6.703072887294290419e-05
4.839690941692218189e-05
-4.959067945076977776e-03
-7.726693390595939029e-05
9.924048629485530092e-05
-8.440790932881090183e-03
-8.990224599319889508e-06
-3.836339736314791146e-05
4.865492210973674202e-03
-5.625205586935137764e-05
-2.078411063728565183e-05
4.079292298628789219e-03
7.187657008232981373e-05
-1.038441157161947004e-04
7.536586873234166900e-03
-1.919814516854306797e-06
-3.472675517858179724e-06
-4.640290598260699728e-05
-2.734329002183884770e-03
-5.069612056229588185e-05
-7.737405123765355970e-05
-7.592313855822141293e-04
3.548359354886667153e-05
-2.391185265658711572e-05
-4.368024958707064122e-03
6.493015656427116749e-06
-5.140997631710197459e-05
9.135654068683071380e-07
5.011785528901983237e-05
3.047327794362245969e-03
7.299592172946116342e-05
7.310828571690378207e-05
8.445660765642133477e-04
-3.908133873912438396e-05
3.318979543972413559e-05
4.875446595319286348e-03
-5.154703544659052731e-06
4.912451871473538919e-05
-6.937002573365803242e-04
6.009010395011518056e-05
3.694869586298195471e-05
8.624571975237368005e-05
6.359034092976622232e-05
6.088413776448637791e-06
-1.069709383989473749e-03
-6.461192209396800288e-06
5.688363386154627634e-05
2.501101315111654583e-04
5.847169976880923960e-05
-9.856225665719672564e-05
-2.892134026844799151e-04
-1.062961586123012125e+01
1.463434915658007363e+01
-1.831539521346417487e+01
2.081926264645687752e+01
-1.574615643712715318e+01
-1.855759362366785226e+01
1.912081619572543545e+01
-1.735542151093408592e+01
1.537287598605381156e+01
-5.910948810583157353e+00
-6.478309296426182584e+00
4.272002910454810731e+00
-4.899964768046012886e-01
4.361865646503058080e+00
1.540738983240494342e+01
1.911544557417260278e-07
-8.762112181499016298e-06
-4.145221891963904470e-07
-3.188191843415380277e-06
4.417844085700319232e-06
-5.060550455340040362e-06
1.081957425455687982e-05
3.021868669442401140e-05
2.112667485568430907e-05
5.042077394005982090e-06
9.169424066388766616e-06
9.487275312451170416e-06
8.763866808765001135e-06
1.084220063452685587e-05
1.667644568981590210e-05
-7.486109079318750990e-06
2.326673860338406157e-05
-1.515305828731157070e-05
2.347014452446588518e-05
-1.434256356938100677e-04
4.937161120952580711e-05
5.967517037086639514e-06
-1.006221951585740829e-03
2.768228000973041924e-05
4.630737036083106966e-05
5.970233744984336510e-03
6.365423280893490153e-05
-1.693439571535314226e-05
-1.333280226386875621e-02
-2.892341842159962197e-05
9.555069971471624030e-05
-2.481884210492067006e-02
1.503750107130502481e-04
-1.373305660667009339e-04
2.042856709356977163e-02
-2.231877187094088977e-04
-6.972210243885670780e-05
1.558790997262927969e-02
-1.182800266194472462e-04
8.342834224058968354e-05
2.290933884251489944e-02
1.231519852826102202e-04
3.664707877624703236e-06
-3.080848271383451058e-06
2.680063143115207278e-05
-6.716543746081174620e-06
1.381451180570360823e-06
-4.248490342910890732e-06
7.628522580720170343e-06
5.302335507374777887e-05
1.442656933434846513e-05
-1.863624576394018377e-06
1.757264694466675484e-06
-5.672327072667356762e-06
-2.083889496133545824e-04
-1.041833575690876424e-05
7.606109677688943101e-07
1.901138845719990798e-06
-1.157086637240257022e-05
-7.393057691468143781e-04
-2.020146368401333020e-05
1.908280219118658237e-06
-1.215561031823155729e-05
5.056054586826755630e-05
5.218027030788907963e-03
9.349551094126217128e-05
-8.020605722593044320e-06
2.272511251327386468e-05
-6.560978197777921615e-05
-1.102421142802152872e-02
-1.308167469287395781e-04
1.214803847938940298e-05
4.613458836097097558e-05
-8.110318169414381978e-05
-3.719100587189238388e-02
-1.989276023247210797e-04
1.340288722827367113e-05
-6.032552571751327353e-05
4.868675067193943892e-05
5.590558495223003910e-02
1.640637422325729204e-04
7.541560537352584482e-06
4.744086481781048669e-06
-1.249849601196061360e-06
-3.843004240640596116e-03
-6.976729893186494170e-06
-2.251304261540811526e-06
-3.769332263973858825e-05
1.910280509240902769e-05
3.222081467112928536e-03
4.875408595081380948e-05
1.487846886845821611e-05
1.183394842118399217e-05
-7.573364338680597122e-06
5.049638429338501600e-02
3.341685003941169687e-06
-2.443222050638562371e-06
-4.006916750588436526e-05
7.922920763420674025e-05
4.792962888943472222e-02
1.582190992002231744e-04
-1.665047909577835906e-06
1.338035550888122831e-05
-3.258440101037709077e-05
9.570126125710464587e-03
-5.697217093206523742e-05
4.298895159744806608e-06
3.370109406320336086e-05
-8.413460608472721040e-05
-1.637519957085857222e-02
-1.578742162623750732e-04
1.094125778956547395e-05
4.977678001527619802e-05
-1.353808193588358470e-04
-2.151191655447048587e-02
-2.464781242240119980e-04
2.224234001400949285e-05
-4.589334133494670932e-07
1.200857263665225046e-06
-2.571372273874546128e-07
-2.065915830130504087e-06
7.893252621751679551e-07
1.275347675349183117e-06
-5.541296503754573070e-07
4.260185759340841824e-06
-2.928204024006813918e-06
2.335039702681954174e-06
2.831408475049222826e-06
-5.040933154855113087e-07
-4.709818038221500592e-06
6.885788958542228318e-06
-1.522444521708306121e-05
7.988735721087993741e-06
-8.582419245244613394e-06
6.444110923997396138e-05
-2.859716444678967057e-06
1.441456799021233607e-05
-2.364033793554284110e-05
-3.267561902531999724e-06
5.815803727733033051e-07
4.506958598184408663e-08
-2.683465621284102822e-05
1.735279930735217156e-06
9.012397210040495943e-07
-5.350564807085642644e-06
2.571455870631349215e-06
-9.505727300322744784e-06
6.437444279180790483e-06
-1.878874408957469393e-04
-2.908379951884691802e-06
-1.523774666091455427e-05
3.214181884783529198e-06
2.067072997554185508e-04
-9.075221621836271316e-07
8.779633270693908408e-06
1.023223342362067486e-03
1.794581453599605747e-05
-3.393217217513590867e-06
3.221792769838219121e-04
-8.162477263880017027e-04
2.808198897908931429e-05
-3.661988563981704708e-05
-2.582851812700679046e-03
-3.649115958393601815e-05
4.332000519474397981e-05
-1.272255907176229450e-03
-6.272800495926272304e-04
2.668773041624796264e-05
-3.653216282136470311e-05
-1.714499777787578021e-03
-2.635938629420296438e-05
3.636697541208320687e-05
-9.836650896386011159e-04
1.046277398695011221e-03
4.761001226677414417e-06
-5.097519734181744678e-05
2.703224375686119965e-03
-4.906437318107611172e-05
2.128570921609173510e-05
1.629266167132344080e-03
2.094684393925671899e-03
-2.576316410849584029e-06
-4.900430790382814643e-05
5.968890891769735446e-03
-6.659505457989971765e-05
1.579477908710985679e-05
3.278833937864004868e-03
-6.253637871235629255e-04
-6.480655837613171012e-07
1.239922346976544432e-05
-1.929543123631151467e-03
1.972326738193606782e-05
-4.665676173317638131e-06
-9.804467279841996667e-04
-9.574694714528031924e-04
9.351723853975629270e-06
3.458379869604929764e-05
-1.676655420414323999e-03
4.742952768686194869e-05
-1.344289918383205208e-05
-1.508345898992994542e-03
-2.185463088639125022e-03
-2.466386604386935062e-05
1.797299647891458451e-05
-9.213869844560140104e-03
4.492140814827276686e-05
-6.601226753758522621e-06
-3.415650742682349757e-03
8.793267351131446629e-04
6.366223496213170227e-05
9.614351327688215577e-05
1.110422584038366425e-02
1.050630114765676551e-04
-3.920901757683560010e-05
1.326268041192074946e-03
-6.573475246958265344e-06
1.894308172218691277e-03
-1.396623581933312432e-05
1.553095562663139764e-06
2.153308406448693757e-03
-8.648146408709963580e-06
-1.389335343708376077e-05
2.961082184791958075e-03
-5.749588411823719605e-06
-5.872633310225822611e-07
-8.296412393201408469e-03
3.290738565089760468e-05
1.077130582683329181e-05
-9.995290042679469758e-03
3.862764952382643509e-05
2.577438574018498990e-05
-1.295516363271481328e-02
7.263889103380222071e-07
-1.141152379775757161e-06
-2.111058628769312343e-02
6.573629184153807325e-05
2.714307669208496836e-05
-2.600931737844688202e-02
8.028272068373804374e-05
4.867300590719633550e-05
-3.295410603031926483e-02
6.493080962026545914e-06
-1.479456728489787027e-05
-3.582018874260508440e-02
4.740793433004368779e-05
4.889522474607651127e-05
-4.040621038786747221e-02
8.090854083843090319e-05
1.465968787632677777e-05
-5.587665129317933438e-02
6.189929228181723672e-06
-2.452672663955850294e-06
-2.903870528244907948e-02
3.095799644743375649e-05
1.151523118688753270e-05
-9.900937291206392613e-03
6.703316254358984141e-07
-6.274890877812494007e-06
-4.527571240701285665e-02
1.606646368332195459e-05
-2.001473421608244470e-07
-2.380474612575445709e-03
5.268514050436445134e-06
-5.639435451002927890e-06
5.868310692423216700e-03
-1.282140832571661888e-05
-1.553562792514204016e-06
-3.708458891613719468e-03
2.342865786343104487e-06
8.562413034013987076e-07
3.804851825214630723e-03
-6.372167512520217617e-06
7.068502432284357953e-06
-7.734157854866679366e-03
1.623015455149237775e-05
3.285073979550358654e-06
5.928877096336103089e-03
-1.985188907319624239e-06
3.402225049096422769e-06
9.107027928168661898e-03
-2.649737277600152817e-05
2.214868319646347169e-05
-2.525112125871505075e-02
4.275056231264526117e-05
2.698450897840410577e-06
1.421505552201399181e-02
-1.557025568754141637e-05
4.409251605652577865e-07
6.218419240496879342e-04
-2.263416033841763804e-06
1.453452391903720336e-06
-1.835549191041768897e-03
2.188460887250437982e-06
-6.726768929254090788e-08
9.728290216628249958e-04
-1.562766022169914471e-06
-2.159448051970300753e-06
-3.552701321153485005e-03
1.136659775567762059e-05
-5.343935017449855026e-06
7.431545838088847791e-03
-8.418193216088863169e-06
4.813548171275268015e-08
-5.556339380020517207e-03
8.338545553991644601e-06
-3.138397315557295156e-06
-1.062236326777636804e-02
3.496803549633317580e-05
-1.081434455017600581e-06
1.359556918562985703e-02
-5.451505878420426245e-06
-6.124553831510516611e-06
-1.661333775482328606e-02
2.532558600791972616e-05
-7.353019168427467691e-06
1.120064394590978944e-02
-3.776215241443050478e-05
3.029093119467823393e-05
-2.708453872266934452e-03
3.844868265328990262e-05
-1.121625065345615023e-06
1.750092395888224600e-02
-2.704256153659786326e-05
1.543646899046181834e-05
-7.602858007299824472e-03
1.132536392323694446e-05
-1.705908324484042675e-04
2.496860861670500628e-03
-2.054927218063598712e-04
5.748456639356000367e-05
-1.182432221326400711e-02
1.198337154279812845e-05
4.353536038671877102e-06
-4.794932708095488664e-06
8.275950148766024459e-06
6.542073600103431576e-06
2.105783125162876714e-06
2.185659333948408755e-05
3.674037662895208295e-06
7.562158897724706642e-06
1.659781261341478743e-05
8.476351360452185593e-07
2.317798649315469519e-06
-1.263624172688205711e-05
-3.329624565534042416e-05
5.313816764439020318e-05
2.334226579450578403e-05
5.546551999068284849e-06
6.256950922193195343e-04
-7.060129464592560227e-07
3.189980344722719989e-05
1.125740311036062323e-04
-1.482014657742017797e-05
-9.314014580187229061e-06
-4.379971432631565338e-05
-3.371499733646889330e-05
1.887592146094772567e-04
1.584490313047367166e-05
-5.294497114860188423e-06
1.290924533524249671e-03
-2.576509385839744859e-05
2.337107608873024344e-05
3.298218147338216936e-04
-2.954038740531877413e-05
-2.307742152326120437e-05
1.268533050830743869e-05
7.541380348612183521e-06
-7.151283727466831435e-05
-3.711134574898932120e-06
2.900597671130392188e-06
-3.899776006832508714e-04
8.971851250000548454e-06
-5.168648257180072409e-06
-1.203013562836459090e-04
7.970780943111955728e-06
5.820105771874160289e-06
3.899200854573873761e-05
2.036347086079977412e-05
-2.366845091800880662e-04
-1.177280324403303479e-05
9.512955599831742092e-06
-1.219916013736706143e-03
2.808587022689679199e-05
-1.257276595648081560e-05
-3.910303461432884588e-04
2.244487511645550126e-05
1.601796306935912033e-05
8.916140360891687273e-05
3.334089308199830390e-05
-5.617869751051764995e-04
-3.480015596982260703e-05
3.311763287282451474e-05
-3.220796614040798839e-03
7.615633059831976412e-05
-1.225303319514620939e-05
-8.888066774175473099e-04
3.501540687249458819e-05
2.831513899656277014e-05
-9.460856585880238711e-05
-1.105257013716598569e-05
3.534913109872426249e-04
9.947388932065460824e-05
-3.845496782456703819e-05
5.304288437138605580e-03
-1.040000377010564630e-04
-8.019392979778125843e-06
4.696247452612875529e-04
2.321049597280519053e-05
-2.469926775583460954e-05
-2.170414485260573097e-05
-1.674964773232086247e-07
-3.860778731208714711e-04
7.988994365072982933e-05
-3.352823364074487519e-05
4.095694766232751277e-03
-6.966800783536249706e-05
1.394505822864596108e-05
-6.594602820816506316e-04
4.755222218330416601e-05
-7.865377492522314601e-06
-1.303135171269926427e-05
2.800032820784352852e-05
8.896238572268894921e-04
-2.705220967264260863e-05
9.210220576046595055e-05
-4.554667456616737567e-03
1.009750925606220509e-04
-6.914537193449168527e-05
1.340634616352879378e-03
-1.190509802711932523e-05
1.008939044703790312e-06
1.403715598289104931e-03
-6.267317662932147076e-06
-4.057332904395387384e-06
3.106345398586025995e-04
4.328890340625820416e-06
-2.268551731426990262e-06
-2.451529843075521322e-04
-3.843288650825135689e-06
-2.246467310149491794e-06
4.690728558033829777e-04
1.193001331671460585e-05
-5.509382497092658274e-06
6.451360979006607070e-04
1.429343728087207298e-02
-4.218509770412367155e-05
-1.508251343606919586e-05
-3.213303439971133889e-04
1.061015351987084910e-05
-1.244901191897341956e-05
4.620619618504600255e-03
-1.186587504866380054e-05
1.582270812855836664e-06
-5.520923168992379832e-04
4.009156808411141516e-05
-2.698036322900227129e-05
6.575188648061833403e-03
2.986694824815356447e-02
-3.384654592965039119e-05
1.042892154650787526e-05
-2.226994785303339219e-03
-2.316374688475899071e-05
-3.791071259718671073e-06
1.514971058302688918e-02
1.267917399393073217e-05
1.184143359545718416e-05
-3.465832357082429017e-03
1.055950924846901480e-05
7.421652732491784449e-07
1.373287434079012437e-02
7.204695102977703297e-03
3.098788931802210313e-05
2.779908318611674670e-05
-2.661621218673569352e-04
-3.592253085386741464e-05
-1.792239867743532569e-06
5.001712582809361707e-03
1.093246756199580359e-05
3.081534671801292469e-06
-3.648284509619917999e-04
-1.641904706736279057e-05
2.795354276114763245e-05
3.312251785102540268e-03
-6.062736020154095400e-03
-9.455459383160927874e-06
-2.035383385660967975e-05
1.796830145302718770e-04
3.623814955903547909e-05
-1.381955337684781652e-05
-3.327037828831719106e-03
-3.805820902566552408e-05
1.301313782288016396e-05
2.235790914801417213e-04
4.895462761163495028e-05
-3.520466920961621968e-05
-2.765180931974752475e-03
-5.134200275459121013e-03
9.531673498066775107e-05
2.122328948926952084e-05
1.829579274534517096e-03
-3.990725218597890962e-05
-3.756914315035310859e-05
-1.854699808663077707e-03
-4.301164181683364649e-05
1.602177537582199444e-08
2.865922884395428333e-03
4.118474077436310571e-05
1.380371311400785157e-05
-2.329580113352668763e-03
-5.991078609313981396e+00
7.675683432077007318e+00
-9.011602174127789411e+00
7.471021689233819707e+00
4.127578041827373312e+00
5.057178762213765388e+00
4.465248805806426802e+00
6.758949496387158806e-01
-3.376736667490650490e+00
7.171851560809994197e+00
-1.803444078395216551e-07
-4.574865782436295450e-03
-5.168009542830707233e-07
1.340070413692493081e-06
8.009922092853671849e-03
1.154975486256166871e-06
6.572833658555643346e-06
-5.125424077329745857e-03
7.272935049952554031e-07
-3.548546543962807477e-06
1.689795109991926603e-03
-3.442388383659640103e-07
-1.164181066726707702e-05
2.495688212798066047e-02
1.039007984367520691e-06
-3.274379669540699868e-06
4.557321823382022574e-02
3.742745636854837217e-06
-1.781129641611729560e-06
3.546645951715673983e-02
1.343931694834801734e-06
-1.195101989128956230e-06
1.776517837826370461e-02
9.378419473089947150e-07
-4.598232768032004019e-06
2.861811642957636306e-02
3.916607322952783949e-07
3.892692981716342188e-07
-4.992169302107082873e-02
-2.828432912479949890e-06
2.224244183247351511e-06
9.243832426409269388e-07
2.812076014185063656e-05
1.075469385932798131e-06
-9.936000434195180021e-07
-5.414751920612182362e-06
-9.258347892698254601e-06
-2.178801183546742650e-03
8.461221371624661919e-07
9.783050627390261247e-06
9.185544485031813590e-06
1.797485096459427583e-05
1.908650214257749146e-03
-2.540245251205795738e-06
-1.850551473902415685e-05
1.230384174403096717e-05
2.125901618742208037e-05
-2.452083867649365850e-03
-3.653497883902308083e-06
-1.906354702001908152e-05
-1.238418083754210341e-05
-1.731759316096508539e-05
6.581166550674828059e-03
3.236931731008615484e-06
1.307815403735368244e-05
1.079208032754398476e-05
8.253383601850962920e-06
-6.991016550428574318e-03
2.065007690709447663e-07
-3.995424494092132643e-06
-1.983331201489511327e-07
4.692802770522336926e-07
6.619798219184001332e-04
3.232062047370999172e-08
-5.260827306347876267e-07
7.464771475522493177e-06
1.718316442169661607e-06
-8.071315199123418188e-03
3.490635845343452369e-07
6.330107971097905125e-07
-4.683069776365377562e-06
8.066250108467818022e-06
1.253957784510987411e-02
-1.372990661712456912e-06
-7.597566205651197258e-06
-2.959823708500753173e-03
2.810144930431069181e-06
1.934215612046671868e-06
-4.537627730181845349e-03
-4.070327831007239239e-06
-1.064623083277250745e-06
-4.618338871173820193e-03
5.497789952102680004e-03
-8.369277357322966448e-06
-6.011927312233148318e-06
9.097452258141789858e-03
9.679446341806701782e-06
7.302290407751725631e-06
8.579459740834061848e-03
7.300214169497017298e-05
9.996078106558778197e-07
7.498063285589578719e-07
-1.395134147070757722e-04
-4.893243749530228432e-07
-1.625097283818359510e-06
1.138424252310289898e-04
7.826769756181233429e-04
1.730351974045634794e-06
1.560981130428557500e-06
6.277039263418958404e-04
-7.299897492522825992e-07
-4.243429807676063710e-06
1.220815570872742836e-03
-8.383151274598642363e-04
1.159981923730353817e-06
-8.679379308720940419e-07
-7.400994673805200586e-04
-1.349685295461139656e-06
1.685364504431266803e-06
-1.311112250366711649e-03
3.558154609344216582e-03
-5.636087006103230239e-07
2.049576545853485407e-06
3.860922996081892888e-03
7.536830177656032184e-07
-7.420331330536063290e-06
5.553146294354139277e-03
7.522946240875205172e-04
1.060696871168514922e-06
3.962208715728867092e-06
6.819246528834623389e-04
2.092615347599465509e-06
-5.766876275499164372e-06
1.178758728525127614e-03
-3.764161314057475798e-04
-2.700836323732706567e-06
-5.967872887435386449e-06
-9.025329248125338972e-04
-2.683687193800260476e-06
5.944366656623708856e-06
-5.911896060639379620e-04
2.952059167000802009e-06
-1.121170991903637894e-03
-2.614900681784374510e-06
7.101990837832486687e-07
-1.455875727403978335e-03
1.787467243860325550e-06
5.384802235787755303e-06
-1.753554368565336287e-03
-2.957192894240519758e-06
-1.274312451768264324e-05
8.292363290372580659e-03
5.336567814882840629e-06
-1.414727794537443260e-06
9.973092795923866119e-03
4.719222720014000504e-06
-1.580641301102158648e-05
1.295229562904291407e-02
1.351171451097504934e-05
9.701056612182375419e-06
-4.801366115564974744e-03
5.626249704621780956e-07
1.301609531905250699e-06
-5.468985100205746470e-03
-1.179926819001782312e-05
6.105844903084105281e-06
-7.503480397871277463e-03
-9.019773390130303157e-06
-1.382100045800831116e-05
4.155350511376938553e-03
-3.411731974223157850e-07
-3.391952045744275876e-06
4.662332139745821620e-03
1.536057012989518709e-05
-8.349470220391913070e-06
6.503024476370714187e-03
1.144418985407454005e-05
-9.987031874687997909e-08
1.298527970123863285e-06
2.635049726960470538e-03
3.065876544781945438e-06
8.926642918426737155e-06
1.062620974873326610e-03
3.212543957369642055e-06
-1.231613226005773233e-05
4.113879227268818321e-03
1.624195680321698929e-06
5.653083483467239933e-06
2.881759241368063706e-08
-5.865843567885072334e-07
-2.940911113196341669e-03
-3.802549417118409723e-06
-9.002915302559078641e-06
-1.145330468415205237e-03
-1.471015809000352409e-07
1.181752084967488501e-05
-4.590685980185872303e-03
-2.120803205194625901e-06
-5.909127909035053836e-06
-6.550280498811158298e-04
1.059604184403727583e-06
2.553528084958805305e-06
6.428661053007969932e-05
3.923978495768365248e-06
7.201107191240629257e-06
-1.138015899671976274e-03
-4.036866574167681530e-06
-5.306900858794755241e-06
9.812252172574324879e-05
2.847698148319504555e-07
-4.963961349076214024e-07
-3.000474039265212003e-04
-5.991063963997175890e+00
7.675357969543022740e+00
-9.011026269367333086e+00
7.471078123721323294e+00
4.129174046067578985e+00
5.062238891666893892e+00
4.473556771352318329e+00
6.775699385332615288e-01
-3.384588848638274694e+00
7.188833706534607515e+00
2.769194458839881138e-08
4.480564331905689812e-03
9.570286064258122636e-07
8.887945966682968747e-08
-8.076875579919791728e-03
-2.140488518409850599e-06
1.216839007866245011e-06
3.814233276420451839e-03
-1.920240680288812850e-06
-6.037038450747302337e-07
-1.109209543606038111e-03
1.162484945372392538e-06
-3.845480518784165018e-06
-2.021734669385539043e-02
1.084870029394016221e-06
-4.735686990406012389e-06
-3.481179973846121323e-02
-5.294001779270153792e-06
-3.664555067397193428e-06
-2.218643984050567078e-02
-3.687571169310789501e-06
-3.053789875667207535e-06
-1.168122021109062499e-02
1.130293964880866538e-06
-3.708148160278832993e-06
-1.689361213713048634e-02
1.386797255304900414e-07
8.850687762389210044e-06
3.291041808119678919e-02
-2.150626661270327434e-06
-2.121562972684601338e-08
2.399002436079004640e-07
7.412160953611673670e-04
3.264527845857214324e-07
-1.630813806631657634e-07
-5.020766978664657782e-07
7.582078379711897131e-07
-6.141991069508705506e-03
-2.882805529950903114e-07
2.529630070744979364e-06
4.494152100837150177e-07
-1.211139510685300583e-06
8.500121797187764824e-03
4.445696032102813346e-07
-3.392238959445249939e-06
-4.914444664824572740e-07
-3.193761517268766178e-07
5.225119093133288699e-03
8.080780127758612242e-07
-1.683505543807954179e-06
1.007227951353763025e-06
-5.472629942433297485e-07
-8.880035765368009953e-04
-9.228762797579606742e-07
1.086345426413557445e-07
-7.443526167843277119e-07
1.341071672185881705e-06
-1.141246252868708885e-03
1.194614639858990744e-06
3.720444968318846021e-07
-1.173620065675229646e-07
3.242350840733314323e-09
1.212695041532529656e-04
1.486962978740435993e-09
1.895532424367094959e-07
7.961726196730433134e-08
7.399027221351528175e-07
-1.088584435729577065e-03
7.866479034553880302e-07
-4.634561786950832319e-07
-1.227573819452555420e-06
-4.601942480285870949e-08
1.086030020335512769e-03
-4.818073870897458890e-07
1.505769958845167909e-06
2.855611926860962633e-03
6.226632752094403975e-07
-1.195292952039982568e-06
3.913829139443456527e-03
6.117784585499756416e-07
-1.035420628627737750e-06
4.502447122026504052e-03
-4.814673504617835581e-03
-1.279209444063132462e-06
3.590556530461480964e-06
-5.995072423234455022e-03
-1.344330416647101615e-06
1.938027803600857295e-06
-7.860925248604830676e-03
-2.422467425011351721e-04
8.309450281784054966e-09
-4.332895497063892037e-07
-5.306407575055879615e-04
3.524383624412895926e-08
2.637358238690602969e-08
-2.879989063217703758e-04
-1.187793112774314331e-03
-1.079217571307127451e-07
-8.576389953988696705e-07
-2.208687287054435320e-03
6.805828888728916631e-08
2.557529839834557744e-07
-1.641047820276553357e-03
1.103543333154544982e-03
4.352367342256551717e-07
-5.978718109411741419e-07
2.010331881026020118e-03
-7.055103702059026861e-08
-1.561280120181235378e-07
1.593614997504141928e-03
-4.528497001569221567e-03
-9.652142847287765874e-07
-7.115312733514891642e-07
-7.816154754069113211e-03
1.431994552586777146e-07
1.076726752261643664e-06
-6.588106307089805665e-03
-1.235962162077830929e-03
-3.135395935444279318e-07
1.258683001162113608e-06
-3.230864928969041407e-03
1.128973416404619414e-07
2.262365125575918029e-07
-1.606306325018954295e-03
8.150811726363201134e-04
-1.187253487173496266e-07
-2.184676732020194009e-06
3.766056948412727090e-03
-2.859946029072783772e-08
-4.805775212341283636e-07
8.442075641118884166e-04
-3.348836682672417102e-07
-1.236680303481298452e-03
2.262134201354944114e-07
-1.905377863490613775e-07
-1.886232821766383513e-03
-9.155004761074339979e-08
-1.786462041814240771e-07
-2.016627521551851623e-03
5.659212074084906903e-08
1.620958493197136665e-06
8.976998116837980185e-03
-4.178856781433500400e-07
8.562268403835808918e-07
1.066539572516509576e-02
7.870519857654177734e-07
-2.940673126716287050e-07
1.456851701540785166e-02
1.497116133428577181e-07
-6.156850801752958734e-07
-5.234239645028697895e-03
-5.065233901511668738e-08
-4.880604958559805664e-07
-5.189439481065573345e-03
-6.697264672562215351e-07
7.141951849451568202e-07
-8.528598052256610579e-03
-3.881331432504810773e-07
5.088745777790200229e-07
4.613533115834633942e-03
-1.143100058791674590e-09
5.128501949108781140e-07
4.282971556614455916e-03
8.123732477493883528e-07
-7.445853779812589077e-07
7.588762128891926410e-03
4.680037544674544226e-07
4.438562294245829256e-08
-1.052025449245000190e-06
-2.865845827949872835e-03
1.294811828796550100e-07
-3.079382150075108265e-07
-5.417499763317220728e-04
-5.401808030280651644e-08
-2.037729484804215542e-07
-4.271220208364216557e-03
2.786648981878997156e-07
-7.275195816024212748e-07
-1.007819098459485031e-07
1.309329794311139110e-06
3.186178991871794781e-03
-1.393238578900316432e-07
3.409837707304743753e-07
5.985510722095717731e-04
3.549211273800211230e-08
2.657648926016328148e-07
4.761710814215468213e-03
-3.597903471464489881e-07
9.393293858800653531e-07
-1.062551602763080021e-03
9.541684553116990793e-08
5.935668726630184502e-07
1.427540998710792163e-04
-1.185778198255293582e-07
-1.318309942280515400e-07
-1.296823512287329861e-03
1.854707473483479003e-07
3.408537033913917142e-07
1.601644065194440499e-04
-3.094042929855680539e-07
5.757675588595941373e-07
-3.886655177839103180e-04
