-2.807495832201183372e+00
1.891706603009908338e+00
-3.524520168587148006e-01
1.605086632671951508e+00
1.362184723596981728e+00
9.458328587397952791e-01
4.257376378452727428e-01
1.670575370985855512e+00
3.035931818270534732e-06
1.142559548417641780e-04
-5.542562564463489387e-05
7.781793995596847474e-06
1.545129122814186459e-03
-1.262245350873491070e-04
1.040552210491083451e-07
-3.417853679821706084e-03
-5.661149889155453330e-07
3.586672164825790562e-07
1.709863700831500523e-03
9.616300697382748814e-06
4.788746565908279812e-07
3.076584311504385050e-03
7.274220556629244877e-06
-5.700091658463767303e-08
-6.312352914029685513e-03
2.244776288636492708e-05
2.085026947526432298e-05
-8.172067753960213796e-06
-9.348897692392864334e-02
4.951863694628551923e-05
1.266252586695102648e-04
-9.716815478363963605e-07
6.115898071659669745e-07
-2.102776803137641065e-02
1.742257388954079867e-05
1.133505761294326445e-06
1.867624418180833040e-06
-1.054758175548904508e-06
-4.355706960997843789e-03
-5.477497622319464957e-06
9.436495418583926186e-06
2.075636708390808554e-06
-8.843476133264286816e-07
-2.621193526160840118e-03
-8.642437899635480524e-06
1.090462067783868046e-05
3.286272659828490776e-06
-1.497663264126051433e-06
-3.632694865428471296e-04
-7.099933224532159267e-06
1.807190586295860245e-05
-2.811352745801324392e-06
1.663310632862390554e-06
-5.833726632286024335e-04
1.375321548683630988e-06
-1.556693235881515978e-05
-1.226255473573399819e-02
2.781537867913042863e-06
-7.895369462848230875e-09
4.778876864221112903e-05
8.913458146486875769e-05
3.491603920240440027e-05
6.288473976353180228e-02
3.076358100242965795e-03
-5.984155386317860942e-07
1.889462796277341150e-07
-2.667780377938185434e-04
-7.087952303698100533e-05
-2.019541232228816170e-05
-1.575063242498723343e-02
-8.109241991557862399e-04
1.634698074201084558e-06
-1.040230903960193146e-06
4.384143139601071873e-04
7.460094809565581415e-05
2.609256724683937814e-05
4.126828738230124520e-03
1.276449294895442209e-06
-1.672820972481642150e-05
-6.933267320922704546e-07
-1.543673334698146977e-07
2.395970278064742109e-03
-5.411943318322685274e-06
-5.556287411488096626e-06
1.500184529090790007e-04
1.432422800474570785e-05
-3.325507575079129641e+00
4.609981501578062080e+00
1.492331303506433393e+00
3.790422513730781762e-02
-2.043298962378694572e+00
2.509248614718444514e+00
1.331902207403668381e+00
3.618103338776393230e+00
3.457645411529782414e-05
8.270592729450021007e-04
1.223634682582351997e-04
4.003564099692213181e-05
1.633006490353069995e-03
1.623590794007235942e-04
-8.201829407794665588e-06
3.225000226326163542e-03
2.392509226336376365e-05
3.282570992743918482e-06
-2.755990864491786579e-03
-1.531824739497730822e-05
-8.122950499578522753e-06
-4.467897757857838305e-03
-2.927413244381042319e-05
9.616500897657904396e-06
2.846675747518854008e-03
1.498317906986151738e-05
1.807437882603205021e-05
6.515334753136927184e-03
1.892773079963412918e-05
6.223396220327334194e-05
2.466376023177314068e-05
-2.762066678010467041e-02
2.282591025669737650e-04
-1.240591340667425565e-04
2.763369940449020271e-05
-3.867084020529343764e-06
-5.129330389763357527e-03
5.063792935169079474e-05
-4.812632032686805773e-05
-9.173168845667780517e-06
-3.004413778958240949e-06
-9.350241820544084523e-03
-1.397460764148855683e-05
1.399493321090905145e-05
-8.245898287708802610e-06
-5.038886968588087667e-06
-1.225889256589716460e-02
-2.565376308020076611e-05
1.289258874658542901e-05
1.117026086009596705e-06
5.283931595330024236e-06
3.909940996547862230e-03
1.313389498991891479e-05
2.308394116507307873e-07
-2.185947897672240185e-06
1.347676120276912619e-05
1.939318135077365514e-03
1.268361561055489687e-05
1.141841937162528468e-05
1.021431159819633297e-02
-1.008474740716956827e-05
-3.592085010780897810e-05
-1.461393631033205140e-04
-8.196675156293147153e-05
1.808903746141325318e-06
-5.235495039837395614e-02
-5.865142350780952300e-03
5.270405955141981437e-06
2.621085428470776107e-05
5.351117082073929103e-05
6.194629323272715508e-05
-4.229781620243693458e-06
3.003354394567094715e-02
5.213199714877559017e-03
-2.975048355797276184e-06
-3.227704711236692122e-05
-3.138993771065922344e-05
-7.545033648708372482e-05
4.650653763138986555e-06
-2.669119243526052454e-02
1.009352391180042922e-05
2.366155487149939543e-06
-1.917403255186155930e-06
-8.854407567887351196e-06
1.725416440595373352e-03
-1.695104753204336559e-05
4.515473310657984686e-07
-9.530770425926194162e-06
5.441903520400339537e-06
-2.807495723750794703e+00
1.891708284881344015e+00
-3.524520023146830439e-01
1.605087439759347534e+00
1.362184584388838271e+00
9.458327199542679864e-01
4.257376493581587207e-01
1.670575146486930951e+00
-7.451261065968847286e-05
1.208078849340702332e-04
-4.028612956204150871e-05
-1.767467426687249169e-04
1.560228037665981537e-03
-9.541758477127869342e-05
-1.338570130400178224e-06
-3.419049750881915199e-03
-7.186346895795160529e-07
4.957794275087146855e-06
1.710167103136359763e-03
3.364427662694587876e-06
1.573568176638926298e-06
3.077664782330137225e-03
1.742528741118644341e-06
2.078132862519041762e-05
-6.313525946901144686e-03
1.132809999206551798e-05
-7.293041884817175744e-05
1.171638773251007000e-04
-9.350567025063795390e-02
5.818610207267155146e-05
6.977101160601745049e-05
8.788371040073997202e-06
9.533007701700746037e-06
-2.102813480983385663e-02
6.206084077784673021e-06
-6.102179588808408946e-06
-8.368202168445333514e-06
4.832383203566586105e-06
-4.357760304409385305e-03
1.575638470450443441e-06
7.432224277561367320e-06
-8.572455076615878258e-06
5.406040543351481190e-07
-2.622931761921491398e-03
-7.050289725655991407e-07
7.637146752199847560e-06
-1.279483708592606243e-05
7.445432050652498184e-06
-3.664359345396064785e-04
2.572660150904735820e-06
1.158805872999011096e-05
1.137717628729738157e-05
-1.392152370426364837e-05
-5.796836354740852451e-04
-6.114842700945831487e-06
-1.044505820289975053e-05
-1.226414858465907538e-02
5.676491364126637568e-06
7.728525971613166041e-05
4.962489618864760919e-05
4.462208855696156245e-05
2.494250162790649606e-07
6.287595062825802883e-02
3.078037408289117406e-03
-1.151864109746520874e-05
-6.323960418554574624e-05
-2.658998900588180401e-04
-3.621608925589331237e-05
5.695489720547198443e-06
-1.574190193432435311e-02
-8.130111217335889064e-04
7.819757020389692351e-06
7.418061221962402062e-05
4.349507837647081107e-04
4.154613136907913995e-05
-2.355200453923765419e-06
4.116111962164275759e-03
2.746141772855518364e-05
-1.705421519860592712e-05
1.045807008095241461e-06
-2.957109802318014084e-06
2.394608701885016580e-03
-1.931741094728416845e-06
-1.528318184795480133e-06
1.484594844533264769e-04
7.935153210627132346e-06
-3.325507009763047250e+00
4.609981017832340378e+00
1.492330766360518757e+00
3.790482190135884694e-02
-2.043298033350550824e+00
2.509249037048238318e+00
1.331902689376025739e+00
3.618103534201956073e+00
9.538894217422405782e-05
8.128876345808676556e-04
1.118933508709207722e-05
1.165297232131383648e-04
1.618145292432009684e-03
7.483880679328330661e-06
-7.092996021723539321e-06
3.231416294191499696e-03
-1.636762213715126901e-05
1.176335559637845873e-06
-2.759040081552590132e-03
7.948749283101932755e-06
-2.255395254979279245e-05
-4.463713617616385347e-03
-2.543595268069322314e-06
2.096585055589495530e-05
2.840854266077379175e-03
7.937682928776828472e-06
3.671774729098983191e-05
6.503255935647274388e-03
1.722911976978854951e-05
1.624342454811303067e-04
1.083303731434647095e-04
-2.761807894678960582e-02
-2.326289159014743356e-05
-1.056191525878483146e-04
6.785274749864319719e-05
7.867113208155822806e-06
-5.122479414209880899e-03
-1.611308890287877182e-05
-4.618569202636823602e-05
-2.110498020240412061e-05
-9.232258117766241361e-06
-9.349229529839643213e-03
-3.340431312886743549e-07
1.533523975038319996e-05
-1.922709271330714880e-05
-1.611442163985854801e-05
-1.225713252863239178e-02
-4.862600118933936427e-08
1.374855534100227562e-05
1.454524669099688181e-06
1.293232568286353869e-05
3.906903115982195834e-03
3.196339096476166079e-06
-1.590205461612478561e-06
-9.951783890927014836e-06
2.700527254981163107e-05
1.930284588698006568e-03
1.291594486893272473e-05
4.537995938946335583e-06
1.020971433947806192e-02
-1.508822944372218875e-05
-8.583654149525268601e-05
-1.253441987025508846e-04
-2.376822859113594940e-05
1.520548009175357751e-05
-5.237982681841876764e-02
-5.860898426275126111e-03
9.889895784843271185e-06
6.326461173338890245e-05
3.730386629471741690e-05
1.681001875017270963e-05
-8.362547805717406057e-06
3.005617126702607098e-02
5.208452430053541089e-03
-6.960129042082630361e-06
-7.766161603981815728e-05
-1.017179861035732297e-05
-2.082793417771470595e-05
4.988528786864444338e-06
-2.671646199245628073e-02
1.886041351311780966e-05
2.017893790692002951e-06
-2.997005603697573513e-06
-2.015989160036830169e-05
1.731310389951009427e-03
-6.485646432999834387e-06
3.001970648841137229e-06
-1.180680126412578917e-05
5.232593347809739143e-06
-2.807492563869062874e+00
1.891710245550281666e+00
-3.524486311427217355e-01
1.605084047976322648e+00
1.362186877743356783e+00
9.458355613819794394e-01
4.257375116522020275e-01
1.670573150505514359e+00
-1.020314403376657979e-04
1.621763873798994122e-04
-4.220023129893707111e-05
-2.391914742619570522e-04
1.650709395940537939e-03
-1.081511380790015222e-04
-1.593184808394874478e-06
-3.425789610866771060e-03
-1.431162661614096481e-06
9.694524415996786935e-06
1.704181479818335163e-03
-4.911674038465825741e-06
5.042097347808135695e-06
3.075081837402443737e-03
-6.562764147421790796e-06
3.228455503956020905e-05
-6.330858034572693638e-03
7.900427695771339305e-07
-1.511297416766208446e-04
1.425601366146946178e-04
-9.355042381804638818e-02
1.132688163034040635e-04
-5.118489666974645861e-06
6.156722566867890896e-06
1.818855201216210496e-05
-2.104567896125084797e-02
-8.431072445976146542e-06
-1.767262071281277614e-05
-1.346098734227466694e-05
2.178007436160850309e-06
-4.355177325295236067e-03
1.458159825273370024e-05
5.442113776917344257e-06
-1.483834537004620557e-05
-3.704815606319376896e-06
-2.618601167672108317e-03
1.220911532715832987e-05
3.812003512342423362e-06
-2.352690168648320814e-05
4.018613136820396465e-06
-3.650624429963496005e-04
2.069401186990083664e-05
3.535465057469893700e-06
2.035817136982791877e-05
-1.336602901515530298e-05
-5.758090932509357706e-04
-2.301597914890553297e-05
-4.243463655162384778e-06
-1.225833444746122700e-02
-2.182857902982825735e-05
1.217092432998449753e-04
2.381215016031864966e-06
3.976194310147681090e-07
-5.103343637884196729e-05
6.290788584345728685e-02
3.075097876464469304e-03
6.024461140408024818e-06
-9.876401113469131861e-05
-2.233970063480897133e-04
-2.868449772479093753e-06
4.486058835263217169e-05
-1.575716350251655032e-02
-8.106864943926244110e-04
-1.339975056100024112e-05
1.116687846793044318e-04
3.838904973717965929e-04
1.461824582721785812e-05
-4.488822472490546747e-05
4.127785460732290128e-03
3.595244816420944890e-05
-1.947827223598668888e-05
4.959639935309080247e-06
-5.628849165000950950e-06
2.394293988298584492e-03
2.586642691618472859e-06
4.046767584801948020e-06
1.348306200690875555e-04
1.319792506445665045e-05
-3.325506921786946180e+00
4.609994699653056749e+00
1.492329612875810563e+00
3.789705916266915275e-02
-2.043288836928119689e+00
2.509238734673942428e+00
1.331904245540190601e+00
3.618108808137826760e+00
1.260554031151678452e-04
7.319554707915375442e-04
-1.019031619707501564e-04
1.603846447224140613e-04
1.514362488802446218e-03
-1.525130716248692384e-04
6.927082458752557251e-06
3.217436383862621978e-03
-6.360231595747064138e-05
-6.704578269938777614e-06
-2.753055891294973936e-03
3.478014833022054523e-05
-2.994823484997788973e-05
-4.443308476302714263e-03
2.470294043004060905e-05
2.188207861525555929e-05
2.827779057747773460e-03
3.000667977139642813e-06
3.476516867177339022e-05
6.484570253211389620e-03
2.076781194004852327e-05
1.656417768062517647e-04
1.851107353495353542e-04
-2.775778486521148988e-02
-2.953128806600879256e-04
-9.004306574723013436e-05
6.584363828141592064e-05
2.972046155308254427e-05
-5.154575252057716495e-03
-9.144097675633910537e-05
-4.612717969643385398e-05
-1.937338761474906347e-05
-1.317708970518921937e-05
-9.341519911944656460e-03
1.391519302080241196e-05
1.747162073809499494e-05
-1.786107102376462553e-05
-2.359017530328604025e-05
-1.223666717504833315e-02
2.688287168402942246e-05
1.528226759734313588e-05
3.468455097419199967e-07
1.536437001239086153e-05
3.893084556423221949e-03
-6.256537859347081440e-06
-3.638803655482262890e-06
-1.344348234477251482e-05
2.505370432499866239e-05
1.913175762669655326e-03
1.722566417960221826e-05
-2.759456730742185473e-06
1.020296696619948235e-02
-6.726963026884585787e-06
-9.950185092805705620e-05
-5.241634497155762094e-05
3.010746376811699644e-05
3.054630349577849163e-05
-5.241570259546810689e-02
-5.855811390151392792e-03
7.095319222017298233e-06
7.403492185698995747e-05
-1.576193016308814147e-05
-2.545548161508491290e-05
-1.327397893179878871e-05
3.008293156071531818e-02
5.204107909266670121e-03
-6.476766459591155265e-06
-9.057493320052289641e-05
5.675394756768402989e-05
3.013097112703837143e-05
5.584968029472810256e-06
-2.673942981832066676e-02
1.804037480297306125e-05
2.154988287194307329e-06
-1.448117675981972717e-06
-2.215198998845438526e-05
1.746837683713846172e-03
2.475735758923030626e-06
5.734393574762296069e-06
-1.199580132159968791e-05
9.653996486273305749e-06
-2.807488545489826404e+00
1.891708104684719505e+00
-3.524440541648291569e-01
1.605077083238970470e+00
1.362190421198584467e+00
9.458398544806603248e-01
4.257372896432873866e-01
1.670571058622579041e+00
8.686529327070526278e-05
1.999979696628901194e-04
-3.583186029535633194e-05
2.163406613523550744e-04
1.731166851254454641e-03
-7.404554293591993693e-05
2.414430087034548462e-06
-3.431623555713754058e-03
2.896062453837588065e-07
4.701535115777022511e-06
1.695105035645154282e-03
1.414089799479571771e-05
8.544339711675468364e-06
3.068451896905429951e-03
1.264093143247879813e-05
-1.030429047445844444e-05
-6.351301205309010413e-03
2.470862706173768339e-05
1.625711891307024450e-05
-2.015475066535885496e-04
-9.356388987662722645e-02
-1.753480651759309252e-05
1.690261994566419758e-04
-2.321366225292623397e-05
7.484701336427313162e-06
-2.106868209648777440e-02
2.527099531014278614e-05
1.627384722066520348e-05
8.625186785081884205e-06
-2.171724202511453121e-05
-4.345747330156152048e-03
-1.569922375883170797e-05
7.819768778928369395e-06
7.040110542314831203e-06
-1.673721505258055680e-05
-2.607687396191966413e-03
-1.772560920115068714e-05
1.099919601049039502e-05
8.113785244344491241e-06
-3.105974916317588030e-05
-3.541067966951297634e-04
-2.148565402084327597e-05
2.051186116532307670e-05
-8.135772109354764967e-06
3.687778636230038226e-05
-5.810796906304851713e-04
1.653173824700760125e-05
-1.680398765838427797e-05
-1.224568915916913331e-02
-5.994733888453639327e-05
-3.226070142505188385e-05
-6.752380796610059702e-05
1.008092324946800191e-04
8.783659629167658921e-05
6.297633795012526348e-02
3.066328750221248949e-03
5.518475404711145897e-05
3.001794620765598360e-05
-1.675079917273148333e-04
-7.871833840430453864e-05
-6.370606760193789873e-05
-1.580303347197474506e-02
-8.016120194034750783e-04
-5.392425636967557075e-05
-5.043365148531798688e-05
3.236474541656546690e-04
7.539103002555312639e-05
7.132930418100608821e-05
4.174573448885139995e-03
-3.580274924631049558e-05
-2.206290583926259104e-05
4.202111586984591377e-06
-2.220018688806689564e-06
2.397582399734876375e-03
-7.608977459447894068e-06
-1.044726139216605704e-05
1.207329535044990125e-04
1.044132117411147994e-05
-3.325508478320832406e+00
4.610017367064707550e+00
1.492329431062701550e+00
3.788323230897491789e-02
-2.043277354566893411e+00
2.509221491508793811e+00
1.331905216372534451e+00
3.618116403097699330e+00
3.793375121935929216e-05
6.487695755811115220e-04
2.179266183944306742e-04
5.909186669814154609e-05
1.397746340672611056e-03
2.981600161856594257e-04
2.964957928576728732e-05
3.176475562082137997e-03
6.539630496422590533e-05
-1.600007002201826649e-05
-2.734614412614942008e-03
-3.877233586420259360e-05
-9.261239110728629751e-06
-4.424167913485273218e-03
-5.230448238151206691e-05
-3.278958013983139621e-06
2.824927613324495004e-03
1.861208747417116349e-05
-1.284829289074744868e-05
6.491759597567953177e-03
1.465930175609191027e-05
-6.597556888274880109e-05
1.266089975393045277e-04
-2.798230325770455218e-02
4.621467751131105536e-04
-1.071956796857179655e-04
-2.971521347290112899e-05
4.155520743741582078e-05
-5.224866443039616164e-03
1.161962833667203439e-04
-3.417289572080573157e-05
9.908852456779621427e-06
-5.593622589482119928e-06
-9.332589943611094285e-03
-2.613268137175631909e-05
7.343643892114395885e-06
8.904531227803907879e-06
-1.095687746213791375e-05
-1.221018668593151432e-02
-4.865119033007695424e-05
7.270728345107697191e-06
-1.328735477539399398e-06
1.708182567420232508e-06
3.880739385865133919e-03
2.095025444014769701e-05
2.748893480639233866e-06
1.916262950280837839e-06
-1.043561813479915400e-05
1.913675687091180707e-03
8.012335738205403978e-06
1.724065936607885807e-05
1.020623025135870138e-02
1.174684263832571530e-05
-6.144603240314463845e-06
-1.542930316374331329e-06
-1.262991671384723516e-04
-1.776114574510225075e-05
-5.239692002118116060e-02
-5.860718245441405919e-03
-5.983226355972182643e-06
6.045602956522018260e-06
-4.959830024057023442e-05
9.679270061176806802e-05
3.073058960156185732e-06
3.005665494711223448e-02
5.211722659667289773e-03
3.235200813361792597e-06
-6.898557379150800646e-06
9.711538849188665811e-05
-1.173676475534226297e-04
2.570082256820308396e-06
-2.669931019372660114e-02
-6.889812593871360502e-06
3.402233132977734073e-06
2.241916885340230083e-06
6.816664953819772167e-07
1.753345156230800336e-03
-2.393486175108808890e-05
-3.248777613796673161e-06
-5.400049982173514076e-06
4.391251060753939498e-06
-2.807491639604145828e+00
1.891704651348274258e+00
-3.524472586867730128e-01
1.605079528192444815e+00
1.362188381252707803e+00
9.458372952984556159e-01
4.257374092800327858e-01
1.670573162395884825e+00
9.873899009537387062e-06
1.546091886212480929e-04
-5.435316970876283678e-05
2.532727010497940189e-05
1.631171332152987026e-03
-1.170317017353873529e-04
3.406515989648827021e-07
-3.424089087162841133e-03
2.764065552921995349e-08
1.260948935654384647e-06
1.700488847573828613e-03
1.635005773571448506e-05
1.681299910910026144e-06
3.069874719881641924e-03
1.400443898003694214e-05
-1.719143517977041996e-07
-6.333761577048234101e-03
3.114768134316787149e-05
2.784701052874786277e-05
-2.734976922958884835e-05
-9.350576780173872060e-02
5.602919700378237544e-06
1.987419032823866056e-04
-1.874486564284497590e-06
2.143213849864248705e-06
-2.105169722470393717e-02
2.935971215748673757e-05
1.101271963346924524e-05
2.687314230962917893e-06
-3.580098417247997176e-06
-4.346255306439939653e-03
-1.598679565892280693e-05
1.175882100235559600e-05
2.910868198525851176e-06
-3.017027952516288862e-06
-2.610138918645892557e-03
-1.908812434572479503e-05
1.489077145654642563e-05
4.526894485724802728e-06
-5.076289896249210416e-06
-3.524053729112134898e-04
-2.171446083195402010e-05
2.613310487525428240e-05
-3.916363956540601423e-06
5.614821748097727825e-06
-5.882331030195453317e-04
1.498205239216391208e-05
-2.187356964651425689e-05
-1.224972043245862140e-02
2.098505303101813119e-06
3.699677609600726680e-07
-2.442971063061963582e-05
1.253991347136074262e-04
8.088119672526535063e-05
6.295428579564779636e-02
3.067530736737050876e-03
6.583678813401936057e-07
3.394432561262018539e-07
-2.087258730836768800e-04
-9.844783780133850549e-05
-5.476283512341210340e-05
-1.579685196939824982e-02
-8.018491171401073876e-04
7.236440343567290992e-07
-3.181244421611003636e-06
3.754327671093537740e-04
9.711760664663232764e-05
6.391658595201614489e-05
4.173714915177662195e-03
-3.019037552174427034e-06
-1.949553222440532046e-05
-8.126864739549875320e-07
-5.801153259134507772e-07
2.399208243444510974e-03
-8.924038954960742125e-06
-1.072518056236142540e-05
1.351535145825094684e-04
9.738359177929654497e-06
-3.325508052916022805e+00
4.610004068741254457e+00
1.492330033614693852e+00
3.789106716802589925e-02
-2.043285166813525677e+00
2.509231556835911814e+00
1.331904186116186217e+00
3.618111620068142020e+00
4.446391094997573987e-06
7.121517773301443231e-04
2.141737987539239080e-04
-1.153467183726322616e-06
1.482010879943457260e-03
2.913979430409278340e-04
-1.713099417720338819e-05
3.195415413748649985e-03
6.012456146776564109e-05
8.575045318261494657e-06
-2.742991287203423549e-03
-3.600385680190562268e-05
-8.975817322741548170e-07
-4.439596592036473312e-03
-5.136855430113606473e-05
6.993636537683626872e-06
2.831991560568574481e-03
1.977076382453462320e-05
1.592664974211946503e-05
6.498477717297551116e-03
1.790134827545691913e-05
4.125991988233057854e-05
-3.844904211389020581e-05
-2.784863698498358381e-02
4.436615076694290440e-04
-1.410159609776490770e-04
2.129574892754963397e-05
-1.960736662557717761e-05
-5.188530281553600972e-03
1.092995632622621884e-04
-5.022500046161493926e-05
-7.988491871534544379e-06
5.760707120777409335e-07
-9.338931437631162180e-03
-2.543334032139692654e-05
1.297499202147232085e-05
-7.011453240150434231e-06
1.626740428713289976e-06
-1.222784923329788692e-02
-4.723525145713833941e-05
1.228145984622456314e-05
1.729888138706131673e-06
2.376237175904365720e-06
3.891002186486641843e-03
2.103433085213624105e-05
1.784625345695601206e-06
1.426279629969651887e-06
1.223864255355946834e-05
1.921646334637592320e-03
1.057821590540731294e-05
1.739956187993355538e-05
1.020850831816654154e-02
-1.430466052187114698e-05
-1.840336107613126438e-05
-5.145191276554917119e-05
-1.276576901268112628e-04
-9.602995374695434965e-06
-5.238552587200957789e-02
-5.861664431612478333e-03
6.160507322326674157e-06
1.278591946798498608e-05
-1.424650172757353523e-05
9.755967847984280280e-05
-7.284426229940061987e-07
3.005183162038439770e-02
5.211465317601911111e-03
-2.570671553385933038e-06
-1.597655546662338542e-05
5.323463777296777791e-05
-1.184082684198123868e-04
4.389315116584029049e-06
-2.670043513595642473e-02
9.064444544764787526e-06
2.849392969013239545e-06
-2.603957533861575632e-06
-5.488314003264772875e-06
1.744033576228694836e-03
-2.470991600119744959e-05
-1.695571533849938996e-06
-7.282198049815610927e-06
3.139103668027454782e-06
-2.807492662998213984e+00
1.891708723103392664e+00
-3.524486454756309284e-01
1.605083318464297859e+00
1.362187003354963233e+00
9.458356864065513570e-01
4.257375012945661674e-01
1.670573354000852495e+00
-7.950749914130230181e-05
1.562284478586306157e-04
-5.615173336660181255e-05
-1.924249881172961963e-04
1.636995239305957459e-03
-1.251730154704153023e-04
-1.746118477504660644e-06
-3.424706802504224115e-03
-3.417721547878332860e-07
1.355675468630125754e-06
1.703908756671332217e-03
1.249794061668395387e-05
-2.230220837375224518e-06
3.074107685787044741e-03
1.009919472021531506e-05
1.699602837153763393e-05
-6.329800781779464092e-03
2.640358720265620053e-05
-1.683379414462481599e-05
1.494666886761568001e-04
-9.353533828406594697e-02
3.314860005183831106e-05
1.658934158681833878e-04
1.650744808513178685e-05
3.199727076180750485e-06
-2.104534113688330196e-02
2.253913425357810546e-05
1.614174789044967777e-06
-6.574641692521970242e-06
1.119499377033823849e-05
-4.353322640236586584e-03
-9.769363304503350903e-06
1.226191771571090233e-05
-5.476206729222159304e-06
6.623467075588378183e-06
-2.617030700098419132e-03
-1.297854440891894315e-05
1.425801673391333544e-05
-6.527131366098388178e-06
1.634949674673441289e-05
-3.622004139552782265e-04
-1.306000305840036556e-05
2.367334728677940054e-05
6.481956667209732540e-06
-2.261201415303239697e-05
-5.791431745128713384e-04
6.810049854012422397e-06
-2.029644716767368159e-05
-1.225676400557267239e-02
4.143213236602219480e-05
6.080597354566537349e-05
7.650477037665116831e-07
1.054436972086576286e-04
4.643302146358949892e-05
6.291565368057104590e-02
3.073673413121204203e-03
-3.852561534382807162e-05
-5.115378623979302135e-05
-2.242006351538597929e-04
-8.337184237575085777e-05
-2.693050466433952457e-05
-1.576505189485333941e-02
-8.089502802511699389e-04
3.737131143526280388e-05
6.571941386968175637e-05
3.870313683849784751e-04
8.517368687707783177e-05
3.471211443172205537e-05
4.137519060400215304e-03
3.180794644999343946e-05
-1.951925068708840481e-05
-2.885526218732159792e-06
-9.256876886586110011e-07
2.395503955504825651e-03
-6.909807576494471425e-06
-7.306022635355121171e-06
1.363289753009314196e-04
6.628836602842250983e-06
-3.325506727344253566e+00
4.609988109654414856e+00
1.492329927369648868e+00
3.790093241696332327e-02
-2.043292743723513993e+00
2.509243721394533111e+00
1.331903719907574724e+00
3.618106427081990262e+00
2.176912752446359212e-05
7.638476846159992064e-04
1.300581971612600090e-04
1.224308602770390467e-05
1.556645703554645046e-03
1.732620564003366399e-04
-3.817660797330354582e-05
3.226648488320328113e-03
2.719008245639245475e-05
1.881742573689199156e-05
-2.757127580947298789e-03
-1.716658252817001670e-05
-4.810947594950386667e-06
-4.451094204285711668e-03
-3.112639553715422443e-05
1.788086656345694899e-05
2.831456108193570846e-03
1.530506081023992731e-05
3.932821964419982134e-05
6.488254757199084406e-03
1.865598494480131709e-05
1.462410553745144607e-04
-6.966502642949240194e-05
-2.769146903984457536e-02
2.469403233511833031e-04
-1.414921378443544542e-04
6.682677428741426841e-05
-4.156923586410025875e-05
-5.136733399206453582e-03
5.585855262988149869e-05
-5.567326679582531435e-05
-2.270031044924584565e-05
5.690934380670430282e-08
-9.344698178936926281e-03
-1.495581641059375151e-05
1.643710442865160392e-05
-2.031539077511094058e-05
1.460592228483157771e-06
-1.224548945264907276e-02
-2.750218126514948183e-05
1.510470273877958029e-05
3.259608760903652975e-06
6.814322653383095251e-06
3.898270139531177965e-03
1.376981503620925333e-05
-3.444899233088560273e-08
-3.306443489600074466e-06
3.003615114120809502e-05
1.917397107519956635e-03
1.234911344518627062e-05
1.217599941452491793e-05
1.020428381650166985e-02
-2.850939041711472851e-05
-5.108675172282179917e-05
-7.779172448166884460e-05
-8.564097482960912481e-05
4.176113316064812575e-06
-5.240933603914892103e-02
-5.856458184554439589e-03
1.409778717049154061e-05
3.596313437090975870e-05
2.260674576047116534e-06
6.480396591405168736e-05
-5.563149089651036114e-06
3.007989404681893353e-02
5.204149538677546941e-03
-7.387184325672813487e-06
-4.473680412344617442e-05
3.434484239119586996e-05
-7.885453958073813702e-05
5.484279701669455989e-06
-2.673926633889468427e-02
2.134742005000766612e-05
1.697501339391688297e-06
-5.381345031266602796e-06
-1.440121336100553107e-05
1.742033032872672719e-03
-1.749294707459745144e-05
9.928253891656715245e-07
-1.281947969171470518e-05
2.977600126159779122e-06
-2.807490905948630822e+00
1.891716046755984815e+00
-3.524471617540252399e-01
1.605084997346043929e+00
1.362187437809371460e+00
9.458363547428966234e-01
4.257374872681289890e-01
1.670571641302403876e+00
-1.283059966861086170e-04
1.991041846224244412e-04
-6.274788228140231589e-05
-3.085954977679625862e-04
1.733782226696897050e-03
-1.496544355361248391e-04
-2.637697100390837337e-06
-3.432185883550795819e-03
-1.192790235374518246e-06
4.193625342071402114e-06
1.702537787444732310e-03
3.882860081512338947e-06
-1.597835611681947159e-06
3.077166680431141655e-03
1.249821162905833747e-06
3.004542874083785366e-05
-6.341644128177314696e-03
1.630151863657584006e-05
-8.359060039651301473e-05
2.288532878422538561e-04
-9.361861216315907341e-02
9.964000502049255451e-05
8.686217729314073580e-05
2.081260827925051981e-05
8.701174253629656661e-06
-2.105421025111178443e-02
7.343864661077621812e-06
-1.283113471623118663e-05
-1.301439789309686600e-05
1.500381988577766969e-05
-4.360140712386481598e-03
4.539765007791054174e-06
1.087477829544153729e-05
-1.241810152902232153e-05
7.627345711850470336e-06
-2.621899502848973849e-03
9.699280630683272545e-07
1.077237023755082712e-05
-1.732293128487787613e-05
2.213043657754627011e-05
-3.738298205248864270e-04
6.919879092593586697e-06
1.574339068498927137e-05
1.588150482288096618e-05
-3.256093619919331659e-05
-5.632833811708817849e-04
-1.225017184757678379e-05
-1.434051863869099446e-05
-1.226038346090398481e-02
3.623923819707596509e-05
1.089891304294086840e-04
-1.229271601019287820e-05
6.245195839926667540e-05
-1.398419749691783400e-05
6.289604090372367950e-02
3.078859076319852110e-03
-3.974061994181317842e-05
-9.090208279749853069e-05
-2.027650588422767416e-04
-5.126665126539817799e-05
1.990490001547508167e-05
-1.573793174518235000e-02
-8.159771839094313688e-04
3.526932902231920018e-05
1.129920588060757638e-04
3.519853936690784811e-04
6.065060316029683129e-05
-1.559096091993433970e-05
4.101037489722760693e-03
5.015365260829750656e-05
-2.168518448565205260e-05
-1.146848371810118400e-06
-2.610082497396830001e-06
2.390167312298034554e-03
-2.216923261039838817e-06
-7.649924584829034813e-07
1.243892834861759446e-04
1.210224815864420618e-05
-3.325505520260623182e+00
4.609981967682077908e+00
1.492329176756438613e+00
3.790512460735483147e-02
-2.043294121081908887e+00
2.509248475661543409e+00
1.331904199290457669e+00
3.618104896659773750e+00
5.523212985884326515e-05
7.629454552547412479e-04
4.780562000176236034e-06
5.742147473551801169e-05
1.562779110188801043e-03
-4.157744003750477625e-06
-2.970309160415961138e-05
3.245961741344139187e-03
-2.559872421822912981e-05
1.367112862607405751e-05
-2.766071869912614754e-03
1.279535574690111315e-05
-1.282175819858480932e-05
-4.449527654064879510e-03
-9.384015312584834664e-07
2.131371603622225541e-05
2.823539692962272977e-03
1.000774171989451777e-05
4.294278757661398850e-05
6.468670818305588370e-03
2.298370649390537023e-05
1.731055861723759955e-04
-3.471173093599113203e-06
-2.763378085255303526e-02
-5.565954918879172992e-05
-1.305213614139928691e-04
7.523798914692946926e-05
-2.579884718895635005e-05
-5.109807090416860695e-03
-2.815006414341095000e-05
-5.846015115730305689e-05
-2.439144328763574900e-05
-3.842881928261189985e-06
-9.345338167127990175e-03
8.527808857935922865e-07
1.976987546751390957e-05
-2.203289118599486825e-05
-5.737552044201599796e-06
-1.224923324759764724e-02
2.395233211760048423e-06
1.766998566908946258e-05
2.553934525179073356e-06
1.018454806152242221e-05
3.896749722385648394e-03
3.347949891595558170e-06
-2.446461566520020969e-06
-7.697764889519881953e-06
3.234326730169718674e-05
1.903949902634942100e-03
1.743299841301030909e-05
4.228365480853481587e-06
1.019671750380607943e-02
-2.374500938600948384e-05
-7.183864728573968229e-05
-5.922078298433862582e-05
-2.639806725615583157e-05
2.235707467701414136e-05
-5.245058738222962980e-02
-5.848976584924077578e-03
1.320693553163048469e-05
5.171108479174150606e-05
-1.356865317433361999e-05
1.828264058691158505e-05
-1.156665836826705965e-05
3.011962155019126328e-02
5.195257258727334695e-03
-7.987605255290331218e-06
-6.385003743412041280e-05
5.597823208399526295e-05
-2.276816996566955262e-05
6.422292441098434028e-06
-2.678622055299591589e-02
2.352931200146639835e-05
9.023855086071003630e-07
-4.600882087862577903e-06
-1.839878179122170795e-05
1.749091688979853565e-03
-7.675981187405245458e-06
4.327495969905776119e-06
-1.778546892200918007e-05
7.537659367258708789e-06
-2.807487724715329591e+00
1.891720122476723054e+00
-3.524438998077322194e-01
1.605082784602263057e+00
1.362189463762505381e+00
9.458389085178258160e-01
4.257373695491255550e-01
1.670569427975286292e+00
-1.102652892126036564e-04
2.474514987530029137e-04
-8.266686340972872039e-05
-2.630589148285319263e-04
1.840537609732214967e-03
-2.072687384107644540e-04
-2.079081067931143066e-06
-3.440249995717612787e-03
-2.404950896675839985e-06
5.801417624823764563e-06
1.697166865549897333e-03
-5.422155233915654548e-06
8.081934734145099572e-07
3.076076965148035348e-03
-8.886329172415151486e-06
2.872945323271297276e-05
-6.359848393912756991e-03
7.848299581176084553e-06
-1.109497663274455900e-04
1.829480209239495007e-04
-9.368331911814663238e-02
1.968074279495525731e-04
-1.718244613547868392e-06
1.137521856079451049e-05
1.138752292017056189e-05
-2.107158901521541394e-02
-8.932205700528904877e-06
-2.862909412308953732e-05
-1.208048131605104749e-05
9.512643029325410903e-06
-4.360319969852768061e-03
2.212365522704286150e-05
9.200811393555429358e-06
-1.255628052100945662e-05
3.179859782628167942e-06
-2.619997217939617519e-03
1.743412800245889896e-05
6.756277039098148505e-06
-1.897187523447260642e-05
1.432575508937412699e-05
-3.766296013285374894e-04
3.159335379543294647e-05
6.736492126970954107e-06
1.676576445254901189e-05
-2.363703422492502909e-05
-5.547675586297003960e-04
-3.689570800512758004e-05
-7.566240829854988556e-06
-1.225687522466946747e-02
3.082212428670481300e-06
1.057257789028353049e-04
-5.538019964972519353e-05
2.463018330595424359e-05
-8.052960387209900060e-05
6.291541680370096867e-02
3.078191588440733293e-03
-1.253105101527300893e-05
-8.736546918713350928e-05
-1.605867793635151004e-04
-2.393291984954846687e-05
7.158930303874470056e-05
-1.574124560126952121e-02
-8.164216136536653259e-04
6.941083586060779575e-06
1.047782527670633484e-04
2.981775466007837339e-04
4.402049174645365147e-05
-7.122838921333207198e-05
4.098287893691078543e-03
4.493458313170627973e-05
-2.440814613510942596e-05
2.010320389352536171e-06
-3.412219313100138128e-06
2.388079663880423708e-03
2.835785902825946824e-06
6.189990210807262087e-06
1.091879021095348964e-04
2.778479161691176872e-05
-3.325505316976994141e+00
4.609989519829580829e+00
1.492328381490427569e+00
3.790092757190292178e-02
-2.043288702276496949e+00
2.509242805947517585e+00
1.331905204961154610e+00
3.618107911833341905e+00
4.875478336598261075e-05
7.136950463990850710e-04
-1.015509228159448363e-04
5.656487082555058818e-05
1.500548033321173497e-03
-1.565483252639644231e-04
-1.125069411874123659e-05
3.239908387806310179e-03
-7.500334745482986805e-05
4.475090436931185008e-06
-2.763567730443652372e-03
4.055347036395525996e-05
-1.145405755451059837e-05
-4.436942608110068520e-03
2.472409234925586604e-05
1.345547536404710706e-05
2.814601996811408498e-03
7.153110300149819644e-06
2.524406017114894470e-05
6.454856926977262446e-03
3.053295836278429839e-05
9.783848650296373599e-05
3.538349502023346627e-05
-2.771140531002096175e-02
-3.243422090842391046e-04
-1.187359267221369164e-04
4.004513180371754443e-05
-5.053749715978878309e-06
-5.125964078025505542e-03
-1.048855129646087200e-04
-6.018349647046506340e-05
-1.221712781866035980e-05
-4.269726148263905345e-06
-9.340728507037911188e-03
1.454610274089322392e-05
2.251214657190329335e-05
-1.117379562171043592e-05
-7.153879969191320066e-06
-1.223726315494005554e-02
2.841832248110182438e-05
1.974427058298976331e-05
6.017271144699397972e-07
7.404049689191564024e-06
3.888168086289183704e-03
-5.014286034638487033e-06
-4.583047187161365878e-06
-6.787306011109612101e-06
1.878760377444469806e-05
1.891881571160406068e-03
2.473992934732437881e-05
-2.996155485609651107e-06
1.019166481896316943e-02
-7.017589726733643770e-06
-5.051435829880790478e-05
-1.257322285836700399e-05
1.995536157149219647e-05
3.853249516818698105e-05
-5.247755411193311820e-02
-5.844977286158564191e-03
5.253536721943336658e-06
3.683454564032117440e-05
-4.779242359322880430e-05
-1.852408861167126482e-05
-1.685535882782384907e-05
3.014083526510418984e-02
5.191547221578210122e-03
-4.057700426558489250e-06
-4.531245268241064955e-05
9.933760158144645629e-05
2.146213242908213053e-05
7.169945790322770413e-06
-2.680601738277582288e-02
1.562649399657509391e-05
8.716050511947615164e-07
-1.448758353987948755e-06
-1.219064881118263803e-05
1.759363430089579084e-03
-5.765031288514402964e-07
7.113875494271997551e-06
-1.849696274018246026e-05
1.528849884723449936e-05
-2.807485543225172187e+00
1.891717473885631495e+00
-3.524413220933533264e-01
1.605078153110550909e+00
1.362191588622912342e+00
9.458414572965603284e-01
4.257372339628740510e-01
1.670568435424285791e+00
-4.353731434916194862e-05
2.632328897982540291e-04
-1.018110112238424848e-04
-1.034848487273992744e-04
1.873089130635686170e-03
-2.596454221774043892e-04
-7.894419103562491407e-07
-3.442532519026506553e-03
-3.339903155711884711e-06
2.649855731463542868e-06
1.691773009657483945e-03
-1.127741856110873500e-05
6.634584538326709077e-07
3.071410642060165997e-03
-1.555530523121128049e-05
1.186695512502496694e-05
-6.370441558712967509e-03
3.763422967145467561e-06
-6.146493302321652790e-05
7.001100877759993497e-05
-9.367668867827580459e-02
2.711703749229485297e-04
-6.758956609942314963e-05
-1.352779863155649398e-06
5.147571421311496415e-06
-2.108430006909796373e-02
-1.913133774290641336e-05
-3.875065474463187048e-05
-4.260491787722534430e-06
3.198605046087469759e-06
-4.353229607034167850e-03
3.430591854429494448e-05
7.438805402634368115e-06
-5.109356062281280810e-06
6.979935265952536189e-07
-2.612337841167455300e-03
2.851890535157258099e-05
3.370291164989139108e-06
-8.614518790370713326e-06
4.883851142208456457e-06
-3.677270675690943471e-04
4.871844886080552232e-05
-3.719870102193748539e-07
7.272972365603838028e-06
-8.619762296218071661e-06
-5.609007108465082023e-04
-5.452235340309421422e-05
-2.101819467743498769e-06
-1.224842534760638840e-02
-1.944572630220728498e-05
4.379356141473855627e-05
-9.657124717090998130e-05
5.282014954629909000e-06
-1.252978285664339050e-04
6.296141490598197721e-02
3.071840084851428128e-03
1.197629992634446368e-05
-3.606686538888775027e-05
-1.296232411287494431e-04
-1.046351018873119861e-05
1.060589903984473153e-04
-1.577464003873440060e-02
-8.095485275832912855e-04
-1.489566336750188582e-05
4.268896576370507986e-05
2.669615799709347428e-04
3.853524753445236367e-05
-1.087409895090319013e-04
4.133949951150432331e-03
2.382079766221964416e-05
-2.568284593430171563e-05
2.738180801900273646e-06
-1.559336398863663323e-06
2.391029986620290485e-03
5.862508869765333308e-06
1.084804123106970775e-05
1.026110360067346327e-04
4.354803891859458111e-05
-3.325506197308798484e+00
4.610003114246194578e+00
1.492328218881936452e+00
3.789266544431345307e-02
-2.043281699209761104e+00
2.509232470132539916e+00
1.331905837265938697e+00
3.618112502311450651e+00
-2.271414197451051008e-05
6.622007167569032285e-04
-1.480816857620920711e-04
-3.107158453644009267e-05
1.428863416938398138e-03
-2.234263076904480021e-04
-6.793176141360520287e-06
3.215911407959435447e-03
-9.712023895115362820e-05
4.028367766745511399e-06
-2.752774025919039417e-03
5.294928905507999246e-05
5.450588412168567030e-06
-4.424999107364246606e-03
3.595715143188051184e-05
-1.949940975797044708e-06
2.812304354723730269e-03
6.078925455961937258e-06
-1.552180959972420298e-06
6.457982195000619083e-03
3.424796026208818778e-05
-3.225746817652426138e-05
-4.795403751290805151e-05
-2.784628673672898819e-02
-4.432405345887044856e-04
-9.631103385746856620e-05
-1.507712361614091001e-05
-1.203304119120186389e-05
-5.167583098355895375e-03
-1.390804974349658073e-04
-5.400548704351191409e-05
5.160844016727399918e-06
2.716291386993140232e-06
-9.335256074434585341e-03
2.057774317387220015e-05
2.163511743001276784e-05
4.615318637318814139e-06
5.054094638002199591e-06
-1.222115253553438148e-02
3.988615103630536052e-05
1.874033961347124633e-05
-8.306387055517694837e-07
-2.183791736362260579e-06
3.880433793441271859e-03
-8.619610188255656278e-06
-5.439202645165366785e-06
4.143571308756140931e-07
-8.623323758797056608e-07
1.891278753619310112e-03
2.827028983283068071e-05
-7.441481688070420932e-06
1.019322104898506137e-02
7.062357676489428897e-06
1.314491930516702321e-05
2.009228090976862818e-05
3.988110294414513120e-05
4.466823149053891626e-05
-5.246870737261755818e-02
-5.847490883684838305e-03
-3.358140228762524370e-06
-1.009908186075824130e-05
-6.975702827035287225e-05
-3.437144051658094952e-05
-1.831589780375774977e-05
3.012730520177060375e-02
5.195598671719966165e-03
1.666228716574367760e-06
1.223730278117069191e-05
1.257348370150321130e-04
4.045889804093742188e-05
6.754578671344982875e-06
-2.678444064748578338e-02
3.698447883561209068e-06
1.506235514990224872e-06
1.302152947384450354e-06
2.541979661465613789e-06
1.763869479549389939e-03
2.346457238609782402e-06
8.039157313922348249e-06
-1.475057921547930667e-05
2.053683366396664360e-05
-2.807486004915659805e+00
1.891710309233589182e+00
-3.524413836217923923e-01
1.605074714460112961e+00
1.362192182007296637e+00
9.458420487990295555e-01
4.257371849313450474e-01
1.670569391603117015e+00
6.862175160301958753e-05
2.352409135220400545e-04
6.735663090669695896e-05
1.800193582223273291e-04
1.808521365570928130e-03
1.655164938411332891e-04
2.676586852977069528e-06
-3.437443655158399849e-03
1.672054865509483660e-06
1.304939076941546609e-05
1.690485344158514222e-03
1.906572883410414655e-06
1.601604058852744986e-05
3.066831208733059380e-03
5.117996447706208941e-06
4.190112868404602656e-06
-6.365500435031594580e-03
-1.111556788479204855e-05
-1.126175122317986128e-04
-2.172460363065368649e-04
-9.360572541223832754e-02
-1.464365094056764463e-04
1.673273728893020021e-05
-2.934283323857609946e-05
2.248072798224915033e-05
-2.108272489879465736e-02
2.553502966323166099e-06
2.377386012393886382e-05
8.056156579497813315e-07
-3.148744670255219143e-05
-4.344496776432974980e-03
-1.416284250246211361e-05
-6.134607800010675175e-06
-2.869696042442923339e-06
-2.755708512586401354e-05
-2.604941929066398407e-03
-1.026048382532566928e-05
-4.260626341005636228e-06
-9.150482393454661739e-06
-4.446318365450268863e-05
-3.542547942373639467e-04
-2.037518339849358334e-05
-3.521100949174830140e-06
6.184161389220998127e-06
4.754267730044677931e-05
-5.765900682619140051e-04
2.523895696286777894e-05
4.030365482007339885e-06
-1.224150364678534657e-02
-1.100332323120786402e-04
2.584647401179882963e-05
-1.042727393634964054e-04
-3.549701072373889565e-05
6.921364220450865027e-05
6.299810302440925214e-02
3.064776800119275047e-03
8.860035291485720806e-05
-1.527191939190120323e-05
-1.333570735072496754e-04
3.138379768882056337e-05
-6.089084962081201305e-05
-1.581172452074609130e-02
-8.008080077287363461e-04
-9.344506602676753320e-05
-7.623837339324340552e-06
2.817000815689167312e-04
-4.606923072377719667e-05
6.107714382486694479e-05
4.179676139428871451e-03
-4.050072723766269024e-05
-2.456845330477167532e-05
1.078632569182759406e-05
-6.696438984766325022e-06
2.396694286112927615e-03
-9.260519557050352936e-07
-5.551225730233924508e-06
1.094157858729595577e-04
-2.044844645927545494e-05
-3.325508716244935936e+00
4.610034328373716406e+00
1.492328350502086787e+00
3.787341211101945271e-02
-2.043266716136004302e+00
2.509208686629583962e+00
1.331906819347182580e+00
3.618122708727842696e+00
1.590714865045800253e-04
5.588363248706303436e-04
4.568018173831518919e-05
2.310938479617245507e-04
1.280419347929027691e-03
6.950974001702625571e-05
8.185049668578033824e-05
3.155568492742866996e-03
3.173424965228802369e-05
-4.555128468940574852e-05
-2.725485763626573580e-03
-1.732684231544751052e-05
-3.845934633723559567e-05
-4.401865533381784518e-03
-1.115809441070544694e-05
1.436698549128555538e-06
2.812530531207002582e-03
-2.616698981583218906e-06
-1.798897747108428927e-05
6.476312801277943863e-03
-1.234935378207417058e-05
-2.418521096001760565e-05
4.220836897421298569e-04
-2.815391799131022887e-02
1.464604527400267602e-04
4.770023174669139069e-05
-2.087725036436093338e-05
1.241958748048115296e-04
-5.268146478285087343e-03
4.678266146079252525e-05
2.672277077225355046e-05
1.003205324398822313e-05
-2.096290836353990094e-05
-9.323808460715425281e-03
-6.676359139007408411e-06
-1.024291417561807832e-05
8.463905893910737941e-06
-4.003859879782784215e-05
-1.218632683184199539e-02
-1.298924041319797790e-05
-8.999944514108778847e-06
-3.867424954604421656e-06
1.165382598827531362e-05
3.865761644852553410e-03
2.512529573859813933e-06
2.783320553705197716e-06
-9.094325021006529280e-06
-1.611903345239295803e-05
1.898332320956060745e-03
-1.038865344084596551e-05
3.836247662931082438e-06
1.020086726623108814e-02
3.023052345741533619e-05
-6.258878289331575950e-05
7.472030905635935116e-05
-1.120175104459202004e-05
-2.199066694441349919e-05
-5.242554550347593850e-02
-5.857148117289907342e-03
-1.119102547665762851e-05
5.043246406696819703e-05
-1.044009894890311199e-04
9.854732122713352635e-06
8.933899421784319942e-06
3.007549822093961295e-02
5.209328411143647822e-03
3.055296929312255704e-06
-6.032058023152056417e-05
1.657203605577945642e-04
-1.147259399955104152e-05
-3.236711836354288490e-06
-2.671189918568823984e-02
-1.392405680805059438e-05
3.597645005319103322e-06
5.418033745540385378e-06
-8.353511019994645372e-06
1.768592759440204554e-03
-1.040746866802063768e-07
-3.947249893707558511e-06
-4.197484786744055466e-06
-5.063455658973722578e-06
-2.807486094195491777e+00
1.891702155396097984e+00
-3.524409714661738136e-01
1.605070178524782731e+00
1.362193210505881158e+00
9.458431539510561148e-01
4.257371072520055311e-01
1.670570230178856974e+00
6.714076062735962450e-05
2.082107159389270262e-04
1.248759298177063940e-05
1.725116399868166094e-04
1.745449020981383560e-03
3.896976064838912309e-05
2.318733735984875708e-06
-3.432437716509496688e-03
1.009056599234924173e-06
9.057482310466503066e-06
1.688106578731207036e-03
9.261653215833411806e-06
1.198780445958870992e-05
3.061067976382816826e-03
9.959428126352578791e-06
-7.993442166420600831e-07
-6.362191205381434629e-03
9.067949740210594039e-06
-5.152397436087898235e-05
-1.894586353438457182e-04
-9.352857335682619733e-02
-8.328415527848756169e-05
1.084467844586511659e-04
-2.401325862471312886e-05
1.540855214658193366e-05
-2.108340178548137253e-02
1.615829069138519517e-05
2.058215642949252878e-05
3.738694707732072634e-06
-2.510873744536635957e-05
-4.333840106047244164e-03
-1.629607989731530712e-05
1.847009094838263207e-06
1.240943038354019011e-06
-2.125841029019581230e-05
-2.595614268266859242e-03
-1.553867483089437738e-05
4.613914031943016774e-06
-1.568199384937035243e-06
-3.557373013722057412e-05
-3.381976517261964894e-04
-2.278782166694183307e-05
1.062985722272873686e-05
3.781483674411242109e-08
3.919311252475123791e-05
-5.945116334524407162e-04
2.230459684868542952e-05
-8.164626151860170675e-06
-1.223287621513046396e-02
-7.954017986545772016e-05
4.813119899461174711e-06
-1.200344387477988170e-04
4.167648375837476761e-05
8.411255002000299634e-05
6.304600554211395314e-02
3.055937656048588608e-03
6.676454880133269286e-05
5.074089733538554738e-07
-1.315753994596436261e-04
-3.080003199072701948e-05
-6.588512260458904860e-05
-1.585755944791569436e-02
-7.899490693111139994e-04
-6.878827627811719776e-05
-2.019250200371761305e-05
2.916018655252827947e-04
2.156238747143344241e-05
7.052741081360918882e-05
4.235144214709470403e-03
-3.415141640265814172e-05
-2.318539405084755407e-05
7.103287820296827980e-06
-4.523474766141565592e-06
2.403256576208436315e-03
-4.822119347153086750e-06
-8.754968482734064002e-06
1.154153572720637456e-04
-5.366528570534324768e-06
-3.325509601545615812e+00
4.610044792979226536e+00
1.492328435564639122e+00
3.786693448319287947e-02
-2.043261782618752687e+00
2.509200709892785763e+00
1.331907110257442683e+00
3.618126102946813027e+00
6.790296855724063739e-05
5.254384770305988665e-04
1.428070965146837539e-04
9.999387818635554733e-05
1.232033093474990335e-03
1.991607642644044589e-04
3.836098015538623527e-05
3.134922942214617581e-03
5.255604405305181137e-05
-2.117799319093185864e-05
-2.716144130673169531e-03
-3.035416990090339910e-05
-1.644602357569161874e-05
-4.394471153776350648e-03
-3.437647001384004728e-05
-6.069967020872311289e-07
2.813053748283988846e-03
8.696140763537678101e-06
-1.056226414398118827e-05
6.483356705455224633e-03
1.325925255436766089e-06
-3.405000598596852384e-05
1.888651274031263264e-04
-2.825684063334109319e-02
3.292019758712671986e-04
-3.567983977420494281e-05
-1.808518560848514529e-05
5.702605445637436588e-05
-5.302275687912044559e-03
8.816553974490039258e-05
-6.090492187707359011e-06
6.872840610409234024e-06
-9.149580337698491917e-06
-9.320062795537936359e-03
-1.775849899107540683e-05
-7.538768108286103450e-07
6.029642585597684704e-06
-1.756367054870928884e-05
-1.217482983987485355e-02
-3.336210526558904812e-05
-2.225100790692891155e-07
-1.628725033271779026e-06
4.611550093399154262e-06
3.861097355708182494e-03
1.270868934160670107e-05
2.751913691765463329e-06
-1.737986955763292232e-06
-9.101820143800462811e-06
1.901387506983280703e-03
-1.228461832082906319e-06
1.101524072512563641e-05
1.020374814402720369e-02
1.327032727763004045e-05
-2.375497749332207409e-05
9.139266989053327142e-05
-7.455937300489219382e-05
-1.961889936869066022e-05
-5.240920297316178922e-02
-5.860685334498788070e-03
-5.595312126564140642e-06
1.951528635259346410e-05
-1.147357622964368350e-04
5.782912197009508693e-05
5.730359645638692758e-06
3.005649007241527337e-02
5.214277097960784250e-03
2.191187772434260650e-06
-2.322707452319063064e-05
1.774445181867980673e-04
-6.985243009333537119e-05
-7.674055681171687748e-08
-2.668578968693045145e-02
-7.324455099414040496e-06
4.403152099224740316e-06
2.426480104246189504e-06
-2.656260733912572177e-06
1.769690989939151030e-03
-1.296979666833837874e-05
-3.560976738178333450e-06
-4.928323458671945379e-07
-1.079935575285752504e-06
-2.807487623376546004e+00
1.891698926765997157e+00
-3.524424600681302922e-01
1.605070515668154618e+00
1.362192408243439568e+00
9.458421123195281943e-01
4.257371511400427355e-01
1.670571416584563762e+00
1.501526903694641020e-05
1.809535789143260640e-04
-1.851381979627597933e-05
3.886414221911883897e-05
1.684758049645201103e-03
-3.091334880104920798e-05
5.450294762388253425e-07
-3.427816137252622658e-03
7.710120839997672869e-07
2.290742279269788139e-06
1.690282812438425545e-03
1.507945015694015176e-05
2.933825014502914456e-06
3.060662364688121299e-03
1.434671192240382724e-05
2.083855883287495126e-07
-6.352977133725437944e-03
2.265594617611917669e-05
1.360226948711720664e-05
-4.394541224098987974e-05
-9.348557612473758216e-02
-5.781667920138976830e-05
1.726543068296176528e-04
-3.203828330110908581e-06
3.920627708342347344e-06
-2.107523049988601488e-02
2.678028897267127305e-05
1.763825410850699171e-05
2.031721488386619701e-06
-6.019315394466708223e-06
-4.332072456126980983e-03
-2.004077308417093699e-05
7.660127172691612177e-06
1.973022033637629658e-06
-5.160184263450428762e-06
-2.595045540918391926e-03
-2.106491050941527359e-05
1.098780785831992137e-05
2.780081224261308331e-06
-8.516190520209700166e-06
-3.343261698198710260e-04
-2.768375414506578478e-05
2.069913478331771213e-05
-2.507106685441535088e-06
9.278833949779245123e-06
-6.013973923513570670e-04
2.390282422315082646e-05
-1.689126121763543796e-05
-1.223315983765476019e-02
-5.261545566909578553e-06
2.556520716049324610e-06
-1.019813455406819083e-04
9.432669840248077684e-05
9.253369720754246221e-05
6.304425225778485797e-02
3.054844843385611918e-03
5.973653167701700860e-06
-1.030074870504186828e-06
-1.514132430063991103e-04
-7.283128389748762547e-05
-6.755964695700629962e-05
-1.586321279430294787e-02
-7.880092542955930432e-04
-5.255690600687728205e-06
-3.553348720701183668e-06
3.188220932679837949e-04
6.546980724223600728e-05
7.531428405464608779e-05
4.245216894008062465e-03
-8.096167611337552812e-06
-2.163718036293581877e-05
6.643544741846673372e-08
-1.084301047799747784e-06
2.405349862217982977e-03
-7.890422796721170608e-06
-1.102571476002774575e-05
1.236337187910077802e-04
-2.473731018077761221e-06
-3.325509180059100789e+00
4.610034543706991172e+00
1.492328806687406750e+00
3.787302608202331583e-02
-2.043267598994186862e+00
2.509208475706384167e+00
1.331906403717061815e+00
3.618122479005625891e+00
-2.193682302028613010e-05
5.714863511350972997e-04
1.970826590539713984e-04
-3.550636680610519250e-05
1.293910040446096454e-03
2.730550770315168740e-04
-2.057842984831192502e-05
3.150450429637750242e-03
6.786198564136245218e-05
1.099650292567582218e-05
-2.723047808644971438e-03
-3.949692145550259462e-05
5.391292874151723652e-06
-4.405558096519818570e-03
-4.738580269134452566e-05
3.133023262743828130e-06
2.817479723934615283e-03
1.370099060387820174e-05
1.035271324717050126e-05
6.486474497393100551e-03
5.855373176974902716e-06
2.187155274358332040e-05
-8.248199172031831872e-05
-2.815426806801957574e-02
4.407843174374304540e-04
-8.081452490130811733e-05
1.397897304956545154e-05
-2.823877891914038218e-05
-5.273333728195925274e-03
1.155924054650210830e-04
-2.429286244013869071e-05
-5.975929394184469736e-06
3.457917626785217066e-06
-9.324742260500378660e-03
-2.417115569941929935e-05
4.653889949277415458e-06
-5.128214343235375552e-06
6.855468207708488239e-06
-1.218803745404507463e-02
-4.525927385619305459e-05
4.747249729076865194e-06
1.821812359352835929e-06
-6.288386568929714151e-07
3.868428955007653398e-03
1.802082726112783252e-05
2.596670264452614784e-06
3.383884269837419035e-06
8.314803853636077588e-06
1.905958325051288101e-03
1.500392387612568808e-06
1.449776519958300684e-05
1.020470930490884748e-02
-1.456033930160140049e-05
6.965770798803583996e-07
5.670474371903609472e-05
-1.067607616469787909e-04
-1.727024520229817223e-05
-5.240466614665564848e-02
-5.860696117618115208e-03
5.680509795905159875e-06
-1.529285267918025255e-06
-9.042790537041914506e-05
8.245432241289559643e-05
3.638482617785595025e-06
3.005661387316257982e-02
5.213291705725905771e-03
-1.860516609998842236e-06
1.500630273632851027e-06
1.474743606376071573e-04
-9.973877592039157686e-05
1.695624700297227820e-06
-2.669091512203950606e-02
5.557267025837560002e-06
3.926605391200838702e-06
-2.592628545352552118e-06
-1.383170805631445300e-06
1.763610472209229275e-03
-1.925109493547769117e-05
-3.161984877224576020e-06
-2.305112929836754159e-06
-2.336663962912101528e-06
-2.807488732641386875e+00
1.891704497561365272e+00
-3.524440352264497922e-01
1.605075287158382213e+00
1.362190756917385448e+00
9.458401974061951822e-01
4.257372626770876689e-01
1.670571513822108889e+00
-6.524586014319197220e-05
1.864112187563855794e-04
-2.604869522455023999e-05
-1.611058105222698349e-04
1.699753351745989134e-03
-4.854485778696864060e-05
-1.697346440613771236e-06
-3.429149108588784925e-03
6.589852821350107371e-07
-2.168444889946930697e-06
1.694359852739300495e-03
1.583785358385950327e-05
-5.089575610753870951e-06
3.066086210954630919e-03
1.476390543112794360e-05
9.626341211811721994e-06
-6.349055451363149263e-03
2.508184922615774441e-05
3.077026200829555797e-05
1.430284427413006391e-04
-9.352854324507516026e-02
-4.751057797683002216e-05
1.807729420147209448e-04
2.031641658209422247e-05
-3.189507808618166412e-06
-2.106814728996843356e-02
2.818947987423739676e-05
1.240820839167595230e-05
-4.179118041167012077e-06
1.422191747182188168e-05
-4.341276003116283956e-03
-1.993805141354547693e-05
9.942845400083936155e-06
-2.188285889313956818e-06
1.047408790458770743e-05
-2.603869319406342930e-03
-2.140057017228013279e-05
1.296558715071439625e-05
-5.312537251743296065e-07
2.042035394464259814e-05
-3.472490656588225039e-04
-2.747190930321027498e-05
2.317332845167213387e-05
1.600105968509861091e-06
-2.502245167165568593e-05
-5.889852955128587440e-04
2.298903288010318077e-05
-1.927988460578520526e-05
-1.224211246020601510e-02
6.429697326887846333e-05
3.185681471316621495e-05
-7.210131935554361677e-05
1.035470271373051151e-04
8.015981938012695660e-05
6.299543952362306187e-02
3.062786916128656511e-03
-5.477034585597641189e-05
-2.832474051060654064e-05
-1.687531811278705166e-04
-8.021289369996870838e-05
-5.574706757469020116e-05
-1.582210205470660838e-02
-7.972616464017284309e-04
5.583812977335284706e-05
4.266844669758952045e-05
3.303350690456206351e-04
7.375963014137320033e-05
6.401027622788971541e-05
4.197986065176351200e-03
2.602578410391336532e-05
-2.185565768400042695e-05
-5.609393952648843444e-06
1.053007576044522883e-06
2.400430381674358189e-03
-8.365973063910716527e-06
-1.024521441656187545e-05
1.240627175519281190e-04
-6.648898526633286658e-06
-3.325507417918074804e+00
4.610010192062209633e+00
1.492328910522977115e+00
3.788793088593095382e-02
-2.043279735726034829e+00
2.509227008282336691e+00
1.331905445797362697e+00
3.618114380597148738e+00
-5.494583500768055671e-05
6.581204141976503474e-04
1.757989364902111027e-04
-9.217922226324780453e-05
1.416206509604340646e-03
2.435607289214085629e-04
-5.975606692741832111e-05
3.195386460460045239e-03
6.053484918096432274e-05
3.170845413435402548e-05
-2.743301865671583534e-03
-3.523709761573006919e-05
1.357471437257260260e-05
-4.425334032616069085e-03
-4.227210621701583244e-05
1.078356633886909820e-05
2.819548080335477266e-03
1.221334730893725350e-05
3.286995862080187910e-05
6.476740989926338746e-03
5.203082734122904950e-06
1.074825163438097078e-04
-2.272738883558516395e-04
-2.791353276731123323e-02
3.935875115927005871e-04
-8.894017547794170586e-05
5.485371947653000757e-05
-8.027947578903517258e-05
-5.196910956884106571e-03
1.032003035101661926e-04
-2.977159954132626654e-05
-2.037411369729149233e-05
9.109327347796220673e-06
-9.334129943481360783e-03
-2.157105964087226537e-05
7.057737516637348594e-06
-1.792329333423601869e-05
1.826781283380913087e-05
-1.221608802769294684e-02
-4.039742897686950194e-05
6.808308899319563388e-06
4.320636378478462031e-06
-7.048636057726406120e-07
3.881127608262955470e-03
1.608431576269802259e-05
1.796680884970563805e-06
3.156684785484490948e-06
2.613298832759804511e-05
1.903891001527973281e-03
1.316300948669858482e-06
1.289275441931190419e-05
1.020048902606618055e-02
-3.580713791318872018e-05
-5.487155834439346927e-06
5.719985880712086940e-06
-9.521984374330335818e-05
-1.106113611951592196e-05
-5.242901166970093119e-02
-5.854770399249360595e-03
1.551197296151284494e-05
1.109013491837945780e-06
-5.694227224317744882e-05
7.355360300201018689e-05
1.242993717444472676e-06
3.008855984309935505e-02
5.204352413169554756e-03
-6.492026154732301975e-06
-2.408629889498983308e-06
1.078722436167599708e-04
-8.897434031627337702e-05
2.468857577570081064e-06
-2.673810451748650022e-02
1.791919948189696260e-05
2.363435407210869178e-06
-6.523510258254303891e-06
-5.533642152897939061e-06
1.757688021505113317e-03
-1.724164485290490974e-05
-1.910244393357920904e-06
-9.724773841048051250e-06
-4.586035760224777055e-06
-2.807488007559585608e+00
1.891716457173401089e+00
-3.524439828945050701e-01
1.605081091945344651e+00
1.362189729625624457e+00
9.458391649924418054e-01
4.257373468195974064e-01
1.670569943812695302e+00
-1.243195261492989478e-04
2.326251378499467112e-04
-3.004394503937378636e-05
-3.050430308283667825e-04
1.806420835047907545e-03
-6.327611781525398075e-05
-3.052033350900586416e-06
-3.437556652444273986e-03
1.374989751679298880e-07
-2.123397854432093019e-06
1.696606479688147085e-03
1.072383176942798211e-05
-7.691002059702209463e-06
3.073792693954987762e-03
9.508897022665598620e-06
2.095518245318150509e-05
-6.357067369835292699e-03
1.908626765931816104e-05
-3.609566015001726457e-06
2.600069472108793023e-04
-9.364663692873592682e-02
-7.766484052264511714e-06
1.328472388050144022e-04
3.171113631899542736e-05
-2.519107612285680737e-06
-2.107051815116771018e-02
1.914915093823052434e-05
2.103221307070596741e-06
-1.042844866937401525e-05
2.401496386418812076e-05
-4.355929553275865798e-03
-1.141532191386684841e-05
9.595240428865448035e-06
-7.975429245133494095e-06
1.688602100692607801e-05
-2.616310496546444750e-03
-1.311214422226500093e-05
1.122538720934176572e-05
-8.352924985467971727e-06
3.463900186101728600e-05
-3.698147078101414920e-04
-1.559238928628660576e-05
1.874548064704799132e-05
8.872708569631800859e-06
-4.371768625057181223e-05
-5.627859279872912852e-04
1.162967078555423485e-05
-1.607430470273341099e-05
-1.225339832686544832e-02
8.696454056141954964e-05
7.157465572767515065e-05
-5.857777136464271082e-05
7.814788874860377314e-05
3.919228052938616568e-05
6.293349961733375741e-02
3.074738018742491103e-03
-7.810977985538956902e-05
-6.234401664210819467e-05
-1.631481131327986789e-04
-6.110936671023780567e-05
-2.355027026383237407e-05
-1.575984130686773621e-02
-8.121501236050439332e-04
7.728592104597034379e-05
8.827389231342003923e-05
3.064636248490079130e-04
5.912541093325412040e-05
2.977355364210164737e-05
4.121339652254270465e-03
4.966219597706895739e-05
-2.402679294355106396e-05
-6.615012719464835014e-06
9.279372243526981382e-07
2.390993526959102767e-03
-5.741861515723274104e-06
-5.894861452307430204e-06
1.129135017327108332e-04
-5.771256616456223252e-06
-3.325505226012783755e+00
4.609986691396301239e+00
1.492328509855195717e+00
3.790259459937854458e-02
-2.043290363692735756e+00
2.509244947111324286e+00
1.331904985928358709e+00
3.618106894390874739e+00
-3.065457047118572012e-05
7.271708049637787578e-04
9.113742857661372404e-05
-6.202034854075831312e-05
1.518460306933992884e-03
1.241113624779121790e-04
-6.031681441092089367e-05
3.243925808156264065e-03
2.599283260042688435e-05
3.137936454666492820e-05
-2.765346372508203227e-03
-1.557045741267973243e-05
7.822328625008396236e-06
-4.440223713869003927e-03
-2.188594371809732869e-05
1.568215045094893017e-05
2.816104581695742619e-03
8.218034776044606313e-06
4.118212763514733751e-05
6.456285388595607924e-03
7.142356333100474518e-06
1.511533012547264948e-04
-1.965856797472783106e-04
-2.768296186207288428e-02
1.920228518268461465e-04
-8.235407985554907143e-05
7.201512669871583036e-05
-7.677753432346409593e-05
-5.118230840293222679e-03
4.776155786470619749e-05
-3.196500988630529208e-05
-2.535751562664560304e-05
6.669287082993596093e-06
-9.342078035741536654e-03
-1.093965245236451507e-05
9.417032312803999552e-06
-2.253461093751285766e-05
1.398152812336439902e-05
-1.224102083445911815e-02
-2.033989042591592231e-05
8.640438137400905839e-06
4.361706984211250887e-06
2.446900792886598003e-06
3.890350741562820583e-03
8.922448547476690168e-06
1.524638737358970601e-07
-5.393794510669417253e-07
3.218389554824430614e-05
1.893574604796061404e-03
4.012188834738313981e-06
7.556789950409915219e-06
1.019221473407438440e-02
-3.710747274648042615e-05
-2.638104468910409541e-05
-2.318272084331473573e-05
-5.412146225407240077e-05
1.286794768498928434e-06
-5.247514894597517243e-02
-5.845191051628508341e-03
1.722615057106684602e-05
1.652459583059287865e-05
-4.027854383815260807e-05
4.139673647950020289e-05
-2.852508660654555589e-06
3.013981741189778601e-02
5.191461818168892524e-03
-8.176636306109074948e-06
-2.126663371824087027e-05
9.001055358759130903e-05
-5.019492535539367048e-05
3.134556573005791523e-06
-2.680625711377767825e-02
2.232705229666529762e-05
5.869148329485242871e-07
-6.907406804828221871e-06
-1.019607305405775448e-05
1.757388907991305109e-03
-1.036128000624418849e-05
4.190759114326747077e-07
-1.886622452713337172e-05
-2.567428579978935659e-06
-2.807485770957792504e+00
1.891727666563764565e+00
-3.524422127564021956e-01
1.605084308089263612e+00
1.362190029046447481e+00
9.458397408122917183e-01
4.257373476491609909e-01
1.670567580276026698e+00
-1.217798844029387286e-04
2.932176037060580938e-04
-4.902757223882500665e-05
-2.964462288054481808e-04
1.943681832956548191e-03
-1.176675343749215879e-04
-2.789660387455193952e-06
-3.448234173831568605e-03
-9.887136900650087817e-07
3.204525268049979235e-07
1.695447217326455759e-03
2.387424071858446687e-06
-5.158821451330359416e-06
3.079041444817759259e-03
3.778587330654550862e-07
2.373017378622276609e-05
-6.372830551083785711e-03
1.172357252188830085e-05
-4.406502690738251692e-05
2.397280735812904536e-04
-9.377023271218302980e-02
8.157578262440076905e-05
5.700842671795993121e-05
2.482503967803838547e-05
1.808522692173459082e-06
-2.108155912712294383e-02
4.572500699829866921e-06
-1.259572382187536394e-05
-1.129943273849260528e-05
1.982916216034712404e-05
-4.367098182853232369e-03
4.531464844500363216e-06
8.535174703221973735e-06
-9.895976070609788767e-06
1.285150175718740353e-05
-2.624708935990031911e-03
1.759436888777279385e-06
8.078547137300148690e-06
-1.255573255800146332e-05
2.880319990634986450e-05
-3.883642929688854088e-04
6.782557301064641409e-06
1.133593666039133744e-05
1.205196480866991265e-05
-3.807794121463865258e-05
-5.384644358922257429e-04
-1.081510013194564003e-05
-1.058297536654560520e-05
-1.226016528255638796e-02
5.754166831893267608e-05
8.332368898450380978e-05
-7.112341521170050147e-05
4.505343816711297527e-05
-2.106553451995267544e-05
6.289695982880592895e-02
3.083410070325315853e-03
-5.532170200517274352e-05
-7.120182034452143685e-05
-1.364106658151387577e-04
-3.726021598766029178e-05
2.356059236042257587e-05
-1.571450650210359790e-02
-8.235984365942241366e-04
5.266834509112764827e-05
9.489769344877467625e-05
2.596756056924997462e-04
4.506750886504903001e-05
-2.067083328336908791e-05
4.061890752400864127e-03
4.964283593658894882e-05
-2.708036271671813636e-05
-3.611602515860069828e-06
-3.137735262687493289e-07
2.382539808824825182e-03
-1.274590934882842939e-06
4.435658601785271338e-07
9.635611238671662926e-05
7.859544134052774488e-06
-3.325503838243143662e+00
4.609976084698879539e+00
1.492327920302211064e+00
3.790943885609707881e-02
-2.043294277916033685e+00
2.509253086987969450e+00
1.331905156484410435e+00
3.618103783948497743e+00
2.435440604280057385e-06
7.464205647837457306e-04
-7.446846717566607825e-06
-9.448225740691395096e-06
1.551678447683318713e-03
-1.790467483446764080e-05
-3.182244377050862273e-05
3.270031884831092577e-03
-2.166076489702560689e-05
1.608707131002290631e-05
-2.777314059562892290e-03
1.110654731745497856e-05
-2.828279702630132528e-07
-4.443511018978038574e-03
1.925450355821264978e-06
1.187470477425641101e-05
2.810121117579896400e-03
6.236018816963970668e-06
2.773657824967218152e-05
6.438057444224936851e-03
1.571374692510423574e-05
1.028000400213144333e-04
-7.910492916747740905e-05
-2.758035709139892294e-02
-6.174059097832355794e-05
-8.233166861160871387e-05
4.654990426434540041e-05
-3.731237541179234198e-05
-5.078708017988805244e-03
-2.554762612907776886e-05
-3.801103582088589554e-05
-1.569956363435009948e-05
1.636244627237156197e-06
-9.344757634223538681e-03
1.860650080375352275e-06
1.330510564155844577e-05
-1.406903770587507416e-05
4.040058269327690579e-06
-1.225053143088801651e-02
4.036924269133161303e-06
1.179892002380866926e-05
2.148959418615197118e-06
3.663347286448631787e-06
3.892043436458640475e-03
1.368700564902779628e-06
-1.898828208487865541e-06
-2.735356120670988754e-06
2.134591676795115827e-05
1.882143218521268755e-03
1.199157403912311798e-05
1.608245555558421387e-06
1.018506056237695155e-02
-1.897832658643946498e-05
-2.952598724468416861e-05
-1.972263825904480364e-05
-1.277543687272492514e-05
1.703930578249576719e-05
-5.251439539477108925e-02
-5.837732911734093595e-03
9.512504089018682042e-06
2.026088456770746890e-05
-4.550131877307199554e-05
8.380579861240059690e-06
-8.313830673516859200e-06
3.017961909870735954e-02
5.182170331128804763e-03
-5.054458889530361108e-06
-2.534695409840169509e-05
9.853734172831382730e-05
-1.056878743808799221e-05
4.252358682769504848e-06
-2.685548384032029542e-02
1.596419647182302802e-05
-4.208514141909060928e-07
-3.603032090974824174e-06
-8.855754314688625144e-06
1.761698380461062087e-03
-4.266962043642191191e-06
3.228591681298789698e-06
-2.462828861860742613e-05
5.300886250442769775e-06
-2.807483942990463888e+00
1.891731420726225466e+00
-3.524404270545143381e-01
1.605083844178512908e+00
1.362191003260666111e+00
9.458410022961797337e-01
4.257372939790921018e-01
1.670566171331128835e+00
-5.683226951646622009e-05
3.254887629576796440e-04
-8.145907613480613560e-05
-1.374939919661945220e-04
2.015508783187117646e-03
-2.037529472946687564e-04
-1.228407818036935453e-06
-3.453713873918578311e-03
-2.323971809548786527e-06
1.001586743484603168e-06
1.692806189758047208e-03
-4.846363784743881072e-06
-1.569569145344904577e-06
3.079440329511711448e-03
-8.263985682097241433e-06
1.223198211566702614e-05
-6.383811894179359549e-03
8.393773169118220787e-06
-3.776130907126504764e-05
1.066185151967918729e-04
-9.382061260009219583e-02
1.908006976893036584e-04
-1.014416205448454011e-05
6.373023047850986125e-06
2.358590045641815449e-06
-2.109135628655863307e-02
-7.916260109494093746e-06
-2.657472053927618688e-05
-4.925209432113894796e-06
7.947929507739241392e-06
-4.369066053020586628e-03
2.103468462663856574e-05
7.908143362522289090e-06
-4.875717611645490990e-06
4.687501974513707880e-06
-2.625264189110687596e-03
1.641843185165498922e-05
5.514254737529086748e-06
-7.067027820882146664e-06
1.162129969135159221e-05
-3.927801012038740743e-04
3.007146318998732889e-05
4.998614528613738115e-06
6.386887173059441967e-06
-1.609271263385410956e-05
-5.304729377472635612e-04
-3.536949846548438316e-05
-5.981150271736835797e-06
-1.225964392540108451e-02
8.065719785594728731e-06
4.363063557879308754e-05
-9.284130772286539220e-05
2.697916154914091000e-05
-7.690586738059011925e-05
6.289970321314815316e-02
3.084569115224555704e-03
-1.048955777533406402e-05
-3.684664647317145562e-05
-1.126011841838476862e-04
-2.572980857518192827e-05
6.772980109504666407e-05
-1.570834340732488524e-02
-8.257537141228480206e-04
8.537203327505819356e-06
4.728732209148207627e-05
2.271440226764911432e-04
4.519328307343913883e-05
-6.785539148497667225e-05
4.050562591376990519e-03
2.766736085659427820e-05
-2.881918876556206644e-05
9.611402066755201528e-08
-6.206248250622113812e-07
2.380082989355867141e-03
2.641748932947045190e-06
6.023176524457533485e-06
8.667004512601946637e-05
3.016998317559029349e-05
-3.325503938228162593e+00
4.609979206116248562e+00
1.492327778726725063e+00
3.790759953042525943e-02
-2.043292444122262186e+00
2.509250724088808671e+00
1.331905398369006344e+00
3.618104906814930466e+00
-6.621238121630787053e-06
7.315607411877944307e-04
-6.844608535124502128e-05
-9.025074426591091331e-06
1.531936644964484832e-03
-1.086154388849223175e-04
-1.907449227721064430e-06
3.265626356533351659e-03
-5.837376340127384803e-05
1.140501259848960731e-06
-2.775361779333281997e-03
3.127942833210093135e-05
1.589939638699517519e-06
-4.439890788238331533e-03
1.672525116545263278e-05
-5.900998146740486332e-07
2.808459719193182567e-03
7.599809545280635423e-06
-5.028808617553052219e-07
6.436473869308005635e-03
2.713803284734370424e-05
-2.210452530432411479e-05
-1.395494422059313387e-05
-2.761178137039711766e-02
-2.373624992502632502e-04
-8.989022971865719082e-05
-1.047444957284900216e-05
-3.478785508448804638e-06
-5.087245691587626364e-03
-7.945577473876552256e-05
-4.561804467635134587e-05
3.620370641082447019e-06
7.942764184354308049e-07
-9.343266592741606910e-03
1.020461249154901985e-05
1.714731439857879969e-05
3.233938432229670167e-06
1.476418917051748707e-06
-1.224638149310024703e-02
2.012946258038762634e-05
1.501105729058271803e-05
-6.247701340086414418e-07
-6.453190535084023735e-07
3.889633180921773636e-03
-2.541456571331465853e-06
-3.456512257448132688e-06
1.269937028056202456e-07
-2.817148347276872872e-07
1.880274292845147792e-03
2.164257631736294648e-05
-2.253062203057629876e-06
1.018454381532096081e-02
5.232492766990437001e-06
3.901557054484022907e-06
-8.001139259521605155e-06
6.561060530880868875e-06
2.926155294041809238e-05
-5.251708948358981000e-02
-5.837513976334963300e-03
-2.433615334547493951e-06
-3.000616504948684374e-06
-5.378795444353854510e-05
-7.795664374230618595e-06
-1.279457084689556432e-05
3.018073119723765907e-02
5.182220849675830097e-03
1.162010132866330862e-06
3.630819549460982549e-06
1.088149185399422871e-04
8.616509871484681911e-06
5.427828971155744899e-06
-2.685518441148503424e-02
2.870776220964780514e-06
-3.342334258903827492e-07
9.831343121494434135e-07
7.717711830558636606e-07
1.763864728973393121e-03
-2.406435537929046069e-06
5.320297065551851662e-06
-2.416949299452284146e-05
1.522418019470005983e-05
-2.807484544256663828e+00
1.891726212218970860e+00
-3.524407654398681311e-01
1.605081723676811123e+00
1.362191219180348023e+00
9.458411689343634299e-01
4.257372717618509439e-01
1.670567018747197041e+00
3.034459722992399264e-05
3.022095532978490585e-04
-1.048693084862251324e-04
7.161206756568819730e-05
1.962261996133432551e-03
-2.638378546331660501e-04
5.051272127508476664e-07
-3.449527915890749068e-03
-3.127744160935946661e-06
-2.427530895500447815e-06
1.692427804641288315e-03
-7.952817559057213018e-06
-1.059705122816539276e-06
3.076446102240971373e-03
-1.239824569460887787e-05
-8.953608867199943188e-06
-6.378797354359927972e-03
8.762005186749347279e-06
2.899112737177937747e-05
-4.510552376767952614e-05
-9.376684645592589518e-02
2.565222893689810555e-04
-4.738942984268822048e-05
-9.943422371828341790e-06
-4.602046241398264378e-06
-2.108870130263549095e-02
-1.318844774774732224e-05
-3.310706124438559376e-05
5.347343726391326721e-06
-1.343718471050534121e-06
-4.363158212733738404e-03
2.970435777676782592e-05
7.170227627786541168e-06
4.958678068648357256e-06
3.957589927380325003e-07
-2.620443509355796334e-03
2.374860994291806915e-05
3.794987746083443227e-06
6.688905096386931729e-06
-2.170487610829734378e-06
-3.834297683618012316e-04
4.236188006650087895e-05
1.179727687794107857e-06
-6.193600307423956754e-06
4.860153514358832170e-06
-5.418338397445557125e-04
-4.892758063799562511e-05
-3.107014183953364758e-06
-1.225538969607522372e-02
-1.999996519511520410e-05
-3.361511781075962450e-05
-9.418847887251145540e-05
2.561546805573079510e-05
-1.044972832577363033e-04
6.292273762424835382e-02
3.079868917037366111e-03
2.047988216012683966e-05
2.747830677144408676e-05
-1.190186630023731948e-04
-2.618352926746552050e-05
8.920526642940656951e-05
-1.573308348582517710e-02
-8.197875627647323738e-04
-1.883300915924579437e-05
-3.167619348460276954e-05
2.420874737194860166e-04
5.247656995026632118e-05
-9.102294085728228476e-05
4.081685867543827402e-03
-1.079905082477195533e-06
-2.780663755866622525e-05
8.819960229838850487e-07
1.244779511573579616e-06
2.384192890387274149e-03
4.218215831329666970e-06
8.867915657055096723e-06
9.268688479241957449e-05
4.713831769051801169e-05
-3.325505225888248262e+00
4.609986694811197161e+00
1.492328509871561737e+00
3.790259282198654711e-02
-2.043290361618926632e+00
2.509244944539628097e+00
1.331904986209530239e+00
3.618106895591008065e+00
-6.443833152473986609e-05
7.271541530189084548e-04
-7.384329112110515935e-05
-7.788600540573408046e-05
1.518438251867421226e-03
-1.186632893883465774e-04
6.880789352403677863e-06
3.243920661320040793e-03
-6.678458053163863304e-05
-1.850971201240940824e-06
-2.765344196066144965e-03
3.567854571638507820e-05
1.521814005512869921e-05
-4.440219625566468875e-03
1.808037918771158447e-05
-1.490919072158911822e-05
2.816102862511365729e-03
9.564944244862599382e-06
-2.656811972786927506e-05
6.456283789857346356e-03
3.250504776960776268e-05
-1.490915164515476646e-04
-6.801768795358808140e-05
-2.768299758717325185e-02
-2.663351185163857554e-04
-8.681083605779495280e-05
-6.452177166390631817e-05
-2.981525445226398815e-06
-5.118240246170337182e-03
-9.039471757296051267e-05
-4.527948885688922549e-05
2.075018407916231643e-05
6.140672971374839845e-06
-9.342076071211262087e-03
1.125158715635896195e-05
1.735761311651642941e-05
1.878333509856744798e-05
1.062632515148975581e-05
-1.224101611966014677e-02
2.228886484352248445e-05
1.514791142208698138e-05
-2.117698362162994396e-06
-8.949898518284239252e-06
3.890348086536020607e-03
-2.344923838214143967e-06
-3.763369060488750121e-06
6.885021952628109817e-06
-1.956113239184504674e-05
1.893572762775914964e-03
2.587029973764692193e-05
-3.407897142571300878e-06
1.019221339441338421e-02
1.966790233565492575e-05
5.988366712588437678e-05
-2.317003388794901643e-05
3.881730180992366261e-06
3.149274987506951918e-05
-5.247515488511578230e-02
-5.845190295700137227e-03
-1.108301850369465883e-05
-4.401868861932713975e-05
-4.028746137293683300e-05
-6.216640542634010739e-06
-1.349143115863352883e-05
3.013982101068352071e-02
5.191461419749442315e-03
6.804806209478674012e-06
5.400653405004555090e-05
9.002150035525025842e-05
6.508042362385984788e-06
5.510060025859977436e-06
-2.680625911420917926e-02
-8.967247527570091733e-06
5.869977449169424121e-07
3.837546636189075835e-06
1.406859312280800729e-05
1.757391083651754869e-03
-3.648794856291720355e-06
5.744876106796083259e-06
-1.886580678534820107e-05
2.050603234284675391e-05
-2.807488006461114516e+00
1.891716455241152506e+00
-3.524439815355936978e-01
1.605081089354854829e+00
1.362189730721921066e+00
9.458391663074139366e-01
4.257373467375002440e-01
1.670569943414734526e+00
8.761054193331409799e-05
2.326303289897334596e-04
-9.375209408036762110e-05
2.056088846397387964e-04
1.806431453519871016e-03
-2.359060533465518134e-04
1.361709325670908191e-06
-3.437557200432065415e-03
-2.802616804255833211e-06
-8.161104307480872617e-06
1.696603931591411521e-03
-7.074320012868688547e-06
-4.193101201978302032e-06
3.073789982261879421e-03
-1.102029338479648277e-05
-2.741550924857066475e-05
-6.357072181261060918e-03
7.768484716822951237e-06
1.135018748646153867e-04
-1.232416528612970954e-04
-9.364662770234333244e-02
2.290741371381443828e-04
-5.894177888372925905e-05
-1.402765387261333140e-05
-1.532374574942681330e-05
-2.107052416549623844e-02
-1.176122336692861619e-05
-2.852383404290585007e-05
1.306685338630565553e-05
-2.117559204941975694e-06
-4.355925197061034232e-03
2.651176165465990561e-05
4.830298502426098243e-06
1.341421927435629898e-05
2.914532267765933835e-06
-2.616306036404859262e-03
2.118467285963580551e-05
1.677860790346236494e-06
2.001283007548671021e-05
-3.812285269080218828e-06
-3.698091260805030488e-04
3.779976170458414035e-05
-1.622686623164147374e-06
-1.773211107998554748e-05
1.178321147910531069e-05
-5.627902809763658419e-04
-4.367795024741321540e-05
-4.617895199936341904e-07
-1.225339508841323012e-02
-9.538871974811897634e-06
-1.034053721995673806e-04
-5.859881256440246586e-05
2.299145423195877238e-05
-9.492447852260774317e-05
6.293351944153009747e-02
3.074735310949657831e-03
1.864835503865190514e-05
8.410859147690784537e-05
-1.631333435102322337e-04
-2.337410733210405406e-05
7.944304597845198057e-05
-1.575985621993163110e-02
-8.121471060206841364e-04
-1.284201315859511065e-05
-9.536021714114612327e-05
3.064496145802389471e-04
4.680711311397475104e-05
-8.184933819605879940e-05
4.121355890733381308e-03
-1.986540814590739823e-05
-2.402721651042762720e-05
-1.709005853394117674e-06
4.508707373668380237e-06
2.390995599572321838e-03
3.676432579084404912e-06
8.561804782980574156e-06
1.129114653543179770e-04
4.574895437905388403e-05
-3.325506727103920479e+00
4.609988114477292065e+00
1.492329927294989700e+00
3.790092993095489637e-02
-2.043292740575514355e+00
2.509243717688116604e+00
1.331903720361727661e+00
3.618106428842235989e+00
-1.243684304858324186e-04
7.638226589795245325e-04
-4.790776715594501198e-05
-1.575984187898063591e-04
1.556612526141459146e-03
-7.893052367706872774e-05
-5.226704001233417589e-06
3.226642092089342280e-03
-4.821056653818663783e-05
5.812914285983174762e-06
-2.757124412986217393e-03
2.559840478981063329e-05
2.954032249172187986e-05
-4.451088018778670205e-03
1.176098160427373088e-05
-2.214840694388327312e-05
2.831452905565964157e-03
7.925102501270569653e-06
-3.561613423643616809e-05
6.488251284882081901e-03
2.514216100401082425e-05
-1.978762263894977660e-04
-1.790554841360938033e-04
-2.769151867036653836e-02
-1.838866630905194172e-04
-5.298031751388079254e-05
-8.247041226439098902e-05
-2.760043243230140647e-05
-5.136747133918763766e-03
-6.395388841514508256e-05
-2.892901301637612426e-05
2.550450838544249653e-05
1.292625583504808373e-05
-9.344695853823203197e-03
7.533750127169391141e-06
1.154540779663292540e-05
2.327499115559859239e-05
2.309183329177593331e-05
-1.224548267912797285e-02
1.502764394034360194e-05
9.993017726440712943e-06
-1.728695561695032626e-06
-1.533311484786595223e-05
3.898266133985900557e-03
-9.868609080354524536e-07
-2.715449426904281166e-06
1.227062311616389271e-05
-2.570992716140759634e-05
1.917393559923992030e-03
1.984135828099993908e-05
-3.321723159758718479e-06
1.020428163940429248e-02
1.787305200247709574e-05
9.954336034868865163e-05
-7.777139079802704779e-05
-1.751049218514657505e-06
2.260133306599332645e-05
-5.240934753058964363e-02
-5.856456654686219634e-03
-1.186773885618382926e-05
-7.401672070454758600e-05
2.246315481236802174e-06
-1.088395510564642800e-06
-9.426452967160927409e-06
3.007990233230333973e-02
5.204148306882432247e-03
8.446054227365870366e-06
9.057073363458641180e-05
3.436285021850597147e-05
5.149204724793423764e-07
3.651223130837661930e-06
-2.673927290292768544e-02
-1.328204705680475126e-05
1.697515279980757318e-06
3.571806694257922993e-06
2.234958547313766191e-05
1.742036939991326722e-03
-3.724142107871639269e-06
4.136315609511910162e-06
-1.281930699133323703e-05
1.688540346284153761e-05
-2.807492661470856632e+00
1.891708724376923723e+00
-3.524486438944288147e-01
1.605083316886054101e+00
1.362187004439063376e+00
9.458356877492417603e-01
4.257375012178071239e-01
1.670573352945573520e+00
-8.173608821680945560e-06
1.562508219364978164e-04
9.591942185320432017e-05
-1.007177697530496054e-05
1.637044071559569944e-03
2.261516021677292376e-04
6.334870550999705352e-07
-3.424710630793603196e-03
1.599370329635107140e-06
1.006602270004720983e-05
1.703905563299136419e-03
-7.303143862599615134e-06
9.616277868557872332e-06
3.074106493375884912e-03
-2.748405690513560219e-06
1.488088320705411426e-05
-6.329809909558346652e-03
-2.869760899259703277e-05
-1.331308678385433454e-04
-4.605701889997533105e-05
-9.353536451954973241e-02
-1.460515054882441052e-04
-9.244303202182900460e-05
-9.656804690196587335e-06
1.792015644530358195e-05
-2.104535008898364770e-02
-1.404132735641020477e-05
1.349090980878106420e-05
-7.041901824836049601e-06
-1.406232657706092303e-05
-4.353321590860982811e-03
-4.811130850022296741e-06
-1.113444619797959132e-05
-9.422929002358651523e-06
-1.455393994272559124e-05
-2.617028746003161998e-03
7.520457043918657588e-07
-1.142712539575507158e-05
-1.698664094122620300e-05
-1.948884983479373404e-05
-3.622002385748537964e-04
-7.633731510052258991e-06
-1.688964009060818278e-05
1.394020571785162667e-05
1.720708178227236022e-05
-5.791405955778361958e-04
1.618585999423415278e-05
1.481609391296855957e-05
-1.225676232203086469e-02
-6.093428790154522450e-05
6.084715723079534786e-05
7.410092946687251228e-07
-1.053066750017285275e-04
1.269017747017297246e-05
6.291566465418120535e-02
3.073673120240657565e-03
4.259614590177494522e-05
-4.665002017018373570e-05
-2.241784255912281738e-04
8.604551455180472249e-05
-1.990825847215408012e-05
-1.576505445542890349e-02
-8.089504062947021042e-04
-4.876156375763846180e-05
4.093509578561534731e-05
3.870043542915126145e-04
-9.957989346864581915e-05
1.500936285038535292e-05
4.137518642000203618e-03
-1.006311478785615614e-05
-1.952068634036612166e-05
7.714233295013567720e-06
-5.521590365806523901e-06
2.395503677047107829e-03
4.257131320368353852e-06
1.017466517876616826e-06
1.363213970975041419e-04
-3.097771011633095668e-05
-3.325508052764636790e+00
4.610004071600856790e+00
1.492330033399563272e+00
3.789106574125165189e-02
-2.043285164804795606e+00
2.509231554787004104e+00
1.331904186458778838e+00
3.618111621122122035e+00
1.843098836531674163e-04
7.121340093883756113e-04
-1.125004199443207695e-04
2.547071059511872354e-04
1.481988800083951403e-03
-1.473289161785219738e-04
6.159436554109686966e-05
3.195412590292593356e-03
-1.664291758922289047e-05
-3.591119773916394631e-05
-2.742990719125571429e-03
1.122869387612088428e-05
-4.425896174547647947e-05
-4.439592059021744974e-03
2.678847364183798137e-05
1.356535528793388757e-05
2.831988459897977900e-03
-1.585653961177490591e-05
7.281510030200564526e-06
6.498472797988526749e-03
-2.236861724289248567e-05
1.028853304848316550e-04
4.034719000260866720e-04
-2.784866404735306805e-02
-1.884858538775974624e-04
1.096600706185593845e-04
3.337538294036415659e-05
1.044702159613413741e-04
-5.188536672092321569e-03
-3.765446432379652303e-05
4.485576868560147540e-05
-7.188775435588343618e-06
-2.231614935102600695e-05
-9.338929875248204796e-03
1.221776289337123094e-05
-1.328960045704127598e-05
-7.151087615918493401e-06
-4.172412895764924222e-05
-1.222784504852247704e-02
2.220787431357871568e-05
-1.227382922977368260e-05
-2.366898005541021134e-06
1.702813141111485617e-05
3.890999206245105216e-03
-1.257496742286767734e-05
7.119432292223914862e-07
-1.582698292256942460e-05
3.036252518473501128e-06
1.921642118787381072e-03
-1.589034750392685075e-05
-7.575815160537469825e-06
1.020850607026551823e-02
1.547012495164386606e-05
-1.011364633323525759e-04
-5.143517356258711128e-05
7.944477253183149495e-05
-7.598495554815973876e-06
-5.238553635419926358e-02
-5.861662704481121998e-03
-2.450100532086482355e-06
7.798213038574548089e-05
-1.425867767502098267e-05
-5.968295348819799902e-05
5.705204292220632527e-06
3.005183976130019335e-02
5.211463695339117394e-03
-2.516989974349003885e-06
-9.443970741682682654e-05
5.325024652157465867e-05
7.286745159481542193e-05
-4.427523236570261937e-06
-2.670044242089721770e-02
-1.734553454096467325e-06
2.849353553928390626e-06
2.757283224886613923e-06
-1.865311713749115289e-05
1.744037276800543788e-03
1.710724809959484791e-05
-1.441494875354190243e-06
-7.282341978111966905e-06
-9.506238065835489632e-06
-2.807488731473610777e+00
1.891704497724353562e+00
-3.524440339931560473e-01
1.605075285479734548e+00
1.362190757889550241e+00
9.458401986088207369e-01
4.257372626320022335e-01
1.670571513087338866e+00
1.077137525809631923e-05
1.864264328166852496e-04
6.850572258230166014e-05
4.064391262899157430e-05
1.699787136087590545e-03
1.606883547513392836e-04
1.475952262452697795e-06
-3.429151243626645841e-03
1.056748197276895289e-06
1.471989936861864038e-05
1.694357843730803174e-03
-5.918936206618507305e-06
1.508536717735949800e-05
3.066085141946596915e-03
-2.602551255590003520e-06
1.741900268135594134e-05
-6.349062095619767247e-03
-2.165041901480290761e-05
-1.698040403771083570e-04
-1.126984228204990559e-04
-9.352855837325445287e-02
-1.001381999269951615e-04
-5.863449607720257217e-05
-2.091001611394469333e-05
2.600686805732896773e-05
-2.106815419716764545e-02
-1.132951725912251711e-05
1.139318890378509166e-05
-6.229832837906519702e-06
-2.438208693336467629e-05
-4.341274964583344623e-03
-2.349606023152546247e-06
-7.898738295968822702e-06
-9.946042930079903818e-06
-2.377256157155372966e-05
-2.603867524177484131e-03
1.626313864519505950e-06
-7.931684959100195506e-06
-1.954903422894794889e-05
-3.400536548952053583e-05
-3.472481941084307514e-04
-3.955097056845099972e-06
-1.144401982811878914e-05
1.549842629649813522e-05
3.242426855933300224e-05
-5.889842083098747452e-04
1.018462248200835502e-05
1.007729669463019350e-05
-1.224211024020465353e-02
-1.015733380611793629e-04
7.367154037072771717e-05
-7.212002845611979220e-05
-7.926985769425714547e-05
1.563553494925181537e-05
6.299544960633517154e-02
3.062786273284552607e-03
7.567432736436182240e-05
-5.532265186712652442e-05
-1.687366137906782279e-04
6.468126295603850791e-05
-1.957303023558722437e-05
-1.582210556405162782e-02
-7.972614432459786127e-04
-8.336712038796900617e-05
4.256886500404855582e-05
3.303155536179773867e-04
-7.389531853063166348e-05
1.635866926561434830e-05
4.197987542889690914e-03
-1.867303063632461558e-05
-2.185678452960037081e-05
1.162109586653675762e-05
-7.771573270096517787e-06
2.400430308965421661e-03
3.270483883770604686e-06
1.270956414315562821e-07
1.240567931897380047e-04
-1.932861344691134622e-05
-3.325509180233752193e+00
4.610034545622628599e+00
1.492328806393709462e+00
3.787302477564523373e-02
-2.043267597782036482e+00
2.509208474226594543e+00
1.331906403934987049e+00
3.618122479781464840e+00
1.826989492049687399e-04
5.714747084399022115e-04
-8.108447026020927076e-05
2.559964647902644155e-04
1.293895419888184753e-03
-1.083775630165704134e-04
7.001769609175523149e-05
3.150448399946518315e-03
-1.752094709314339069e-05
-4.014632463403966641e-05
-2.723047248511432927e-03
1.087501795265355788e-05
-4.395338243305033337e-05
-4.405555089975563693e-03
1.934603885821206578e-05
1.023868969344522053e-05
2.817477767705034615e-03
-9.476474884073034333e-06
-3.643923556403854579e-07
6.486471552598574268e-03
-1.151713011777568663e-05
6.044186870698708177e-05
4.229915912458124031e-04
-2.815428735606698499e-02
-1.488672628781057678e-04
6.275303097949240928e-05
1.457566766614059082e-05
1.142346264105365374e-04
-5.273338054063824408e-03
-3.331413848908633494e-05
2.554726244460008038e-05
-9.885692223903543934e-07
-2.266366503800801036e-05
-9.324740984970490351e-03
9.088290410867708624e-06
-7.384546838300179217e-06
-1.567776289372673015e-06
-4.262667653115123791e-05
-1.218803459914649494e-02
1.668681392347765358e-05
-6.874393940611093854e-06
-3.115913503984252346e-06
1.592061693045280929e-05
3.868426962218829684e-03
-8.463665279933273506e-06
3.857319702831285974e-07
-1.429211684150963720e-05
-2.863724694354445811e-06
1.905955711066261620e-03
-7.952512719747364871e-06
-4.427727312984799415e-06
1.020470834534410558e-02
2.223712731783974335e-05
-9.258706870942990969e-05
5.671525781621085957e-05
5.244265823445982126e-05
-3.986837763962374664e-06
-5.240467172937578882e-02
-5.860695296943068192e-03
-5.991767516914580722e-06
7.205658315040426999e-05
-9.043580853753622334e-05
-3.972324119532244161e-05
3.105809539757418514e-06
3.005661785792088786e-02
5.213291031164737563e-03
-5.391977281677498736e-07
-8.700827310903629943e-05
1.474841783309608647e-04
4.838513882345239965e-05
-2.465123279356064458e-06
-2.669091809646013252e-02
-4.722557503699483201e-06
3.926609962480536351e-06
4.021379223461958073e-06
-1.597783248724310814e-05
1.763612699219429874e-03
1.082024853969661024e-05
-6.985355539815563596e-07
-2.305003595704990576e-06
-3.730102592363441676e-06
-2.807486142074588020e+00
1.891697301576841905e+00
-3.524407207317382662e-01
1.605067469724524631e+00
1.362193828150092934e+00
9.458438181330993677e-01
4.257370607105388505e-01
1.670570725415082114e+00
2.830693508251811309e-05
1.922041917513847543e-04
2.835612316336471770e-05
8.033020406312258561e-05
1.708092941467875912e-03
6.781776147286848889e-05
1.630804320486737443e-06
-3.429476210934867542e-03
5.447820393654368240e-07
1.158073724615215056e-05
1.686674407628459618e-03
-8.053620989812534641e-07
1.275100197055170446e-05
3.057624094628503923e-03
6.769923605407770286e-07
9.948860393687130438e-06
-6.360252374276846761e-03
-7.253328966858811696e-06
-1.158029585096273008e-04
-1.280226892271639093e-04
-9.348266855431056066e-02
-5.209626243996042633e-05
3.678012469240935558e-06
-2.087822088035584087e-05
2.027098344491374871e-05
-2.108384832369876102e-02
-1.873987678339478690e-06
9.443141516275634361e-06
-2.143190350341130676e-06
-2.249334417149314057e-05
-4.327482724233677053e-03
-3.482305493408464713e-06
-2.547091183508603927e-06
-5.190797222902137319e-06
-2.087193853660829421e-05
-2.590047573391295217e-03
-1.816204256707109726e-06
-1.950077344697535182e-06
-1.170017106877541027e-05
-3.154989453103110883e-05
-3.286265642960656524e-04
-5.132210926594989612e-06
-1.876060980681640910e-06
8.823791407945911309e-06
3.181563460334541093e-05
-6.051864137701684805e-04
7.479012308693029713e-06
1.850388279797299453e-06
-1.222753060579362741e-02
-8.747977190324217854e-05
4.467209748134509401e-05
-1.295334582862962087e-04
-2.436254399879327244e-05
2.624263579484989776e-05
6.307453865984717634e-02
3.050741134798795866e-03
6.801807233168488361e-05
-3.229955155029656116e-05
-1.303969624738405251e-04
2.039427217893026770e-05
-2.350033715113087157e-05
-1.588491555888010484e-02
-7.836105510446383189e-04
-7.315393846678828506e-05
1.841691928578176925e-05
2.973575982449826248e-04
-2.544613247893858922e-05
2.335010800476171479e-05
4.268244451265892740e-03
-2.086328407827645615e-05
-2.263320475776504247e-05
9.244956643172239021e-06
-5.942290231923731442e-06
2.407154213449228669e-03
4.605409416345261902e-07
-1.994099114034682675e-06
1.190230597119232064e-04
-6.788625606784959438e-06
-3.325510245705324053e+00
4.610056344748052481e+00
1.492328189139431993e+00
3.785997279098241713e-02
-2.043255600192123378e+00
2.509191939875207389e+00
1.331907746873746801e+00
3.618130073827667825e+00
8.670376322357716567e-05
4.785903617594627554e-04
-4.542401438480515272e-06
1.232538325426952729e-04
1.167779252721913574e-03
-5.482752013953921451e-06
3.772007239146638844e-05
3.115652191982087350e-03
7.165449564529291245e-07
-2.132373331713842310e-05
-2.707512394077851974e-03
-3.197157534556260696e-07
-2.089564504344115881e-05
-4.383431065396655238e-03
1.031564488694057244e-06
3.260790399861226449e-06
2.809935594490413011e-03
-1.216616229687069746e-06
-3.946359352267769098e-06
6.483637668218016938e-03
-2.289393403622777108e-06
8.846581648089906253e-06
2.121193617900934416e-04
-2.837179744700321984e-02
-1.872759231569227275e-07
1.224551879211325962e-05
-1.683384164031083774e-06
5.948995938375643112e-05
-5.336607742891359696e-03
1.422671948108985869e-06
6.296069368612066438e-06
2.280436485027039315e-06
-1.101124322521255881e-05
-9.315169826771109787e-03
2.485563497585588085e-07
-2.048651384387594874e-06
1.747153131810029360e-06
-2.084533906273460262e-05
-1.216067884241431481e-02
3.813131698636396359e-07
-1.891849515007889666e-06
-1.758281173255833979e-06
7.080019818237113824e-06
3.853881809546706554e-03
-6.207044901675057694e-07
5.833263373722604155e-07
-5.858841065794896286e-06
-4.266974827335064455e-06
1.899106391595099244e-03
-1.919152966369668937e-06
5.474979813677293293e-07
1.020415081107754925e-02
1.317880521645430295e-05
-4.009736719241418937e-05
1.235347499341041960e-04
4.117217547622570447e-06
-4.214115047079832086e-06
-5.240654904646401685e-02
-5.862006918672189003e-03
-4.320931844166808209e-06
3.157378449873937112e-05
-1.367697038037823075e-04
-3.019859369779881000e-06
1.754288376948914553e-06
3.004933891490372752e-02
5.216838462572881592e-03
6.354008360539779691e-07
-3.799820191345508317e-05
2.042350180488273375e-04
3.753178909741670897e-06
-6.804101775569748222e-07
-2.667224802910036011e-02
-4.011001446863350787e-06
4.913757314996882631e-06
2.374725468164113012e-06
-6.352448258681116011e-06
1.774640510506408485e-03
1.129351392902042660e-06
-7.590086954006487506e-07
2.262819389073477663e-06
-5.648299770549939106e-07
-2.807485628467438765e+00
1.891693068078175388e+00
-3.524398877900690730e-01
1.605064314429417438e+00
1.362194816261391050e+00
9.458449471252511342e-01
4.257369922996765976e-01
1.670570839918015471e+00
1.236056149403341476e-05
1.844049096659805542e-04
5.267073995098911154e-06
3.318949760303902484e-05
1.688814436119218500e-03
1.813085022600767157e-05
5.560094021270423045e-07
-3.427873388411520512e-03
5.780889538255566096e-07
3.100960552513529486e-06
1.684267123340761358e-03
5.934592119620725016e-06
3.617167332574051533e-06
3.053920930769048973e-03
6.329573775140415809e-06
1.794550027426525377e-06
-6.361492204389952720e-03
6.064566257539650854e-06
-1.670014375096347042e-05
-4.364809867787364494e-05
-9.344720963714668593e-02
-4.815449155269711253e-05
6.814525481759494102e-05
-5.114528256388433129e-06
5.380240092752470954e-06
-2.108737941519617243e-02
1.031596083808302916e-05
1.056666621023803491e-05
3.425480389510135307e-07
-6.812588177702056902e-06
-4.321022658913353451e-03
-9.967676212524927473e-06
1.986445803407492700e-06
-2.441376964622278591e-07
-6.107868090231354846e-06
-2.584031060174798826e-03
-9.627953451531259696e-06
3.465845575474675323e-06
-1.163501461517380074e-06
-9.593871962539925373e-06
-3.193527533974382005e-04
-1.392107625255594864e-05
7.227104197541901710e-06
7.360427870212619202e-07
1.002158648175978632e-05
-6.145826162026830821e-04
1.342591918382965976e-05
-5.830781489879065423e-06
-1.222159782087375510e-02
-1.830355435938530142e-05
8.770170263401013062e-06
-1.468504102146451487e-04
2.820054201535072424e-05
4.590448681933300719e-05
6.310709354573346141e-02
3.045255658301090039e-03
1.496349974535472151e-05
-5.955972585689922095e-06
-1.217100363151990018e-04
-2.104829920532913170e-05
-3.534303946498082715e-05
-1.591340240215201665e-02
-7.771249159352226548e-04
-1.566705545923408242e-05
1.319735530731474964e-06
2.936850296587495412e-04
1.565570212476089432e-05
3.826123111732627097e-05
4.301517348527184037e-03
-8.100029274298968377e-06
-2.235192860331399758e-05
1.727960356122325948e-06
-1.541100570823048050e-06
2.410676293758118142e-03
-3.033855858885599674e-06
-5.028737242388411211e-06
1.199232923193773869e-04
-5.137430129459412523e-06
-3.325510245732092418e+00
4.610056345008791467e+00
1.492328189091463253e+00
3.785997259791717973e-02
-2.043255600016941731e+00
2.509191939608831579e+00
1.331907746888132404e+00
3.618130073935557078e+00
-4.021609373305648890e-05
4.785889663499313961e-04
7.568472240325829574e-05
-5.823054551273644687e-05
1.167777078008203680e-03
1.066599869306174406e-04
-2.022091381950369922e-05
3.115650514312203693e-03
3.077636652358685620e-05
1.127847535333791061e-05
-2.707511817331963947e-03
-1.760074685868435459e-05
9.720268174184024565e-06
-4.383430784207041978e-03
-1.826139966787753200e-05
-5.296824075150010201e-07
2.809935850556481533e-03
3.527735764212908768e-06
4.154633205092233483e-06
6.483638506775560653e-03
-1.862200885970308713e-06
3.947067696218574734e-06
-1.057863335672980980e-04
-2.837180301948325281e-02
1.838430404533298896e-04
-1.087757589959321928e-05
5.444439655615988914e-06
-3.094508581495312126e-05
-5.336610135882605827e-03
5.081978412024817221e-05
-5.857370817312411101e-07
-2.991886056584970614e-06
5.285826895858119878e-06
-9.315169603437782261e-03
-9.660890501223237510e-06
-8.458459216091346853e-07
-2.472882427944920272e-06
1.008340094563843862e-05
-1.216067832268365873e-02
-1.824507750243650820e-05
-6.153940784638371243e-07
1.314204216001290980e-06
-2.999442019697228065e-06
3.853881764283030500e-03
6.443548802419228806e-06
1.322306090037971949e-06
3.474590095259071711e-06
3.792922163119386505e-06
1.899107033167392149e-03
-2.732751560958634571e-06
4.707262228683869422e-06
1.020415083259677141e-02
-1.022953778221414274e-05
1.629428050454939447e-05
1.235348104086331179e-04
-3.714236915202661911e-05
-9.313844441890692667e-06
-5.240654773895403462e-02
-5.862007012613410124e-03
3.675664063845212245e-06
-1.306762146125600032e-05
-1.367697144041470233e-04
2.904502205364820468e-05
2.867970962146396324e-06
3.004933783823025839e-02
5.216838579913026137e-03
-9.029769473746727350e-07
1.564041914879932022e-05
2.042348621375128796e-04
-3.498063133709977348e-05
-2.141441346150341151e-07
-2.667224695208519208e-02
2.461612487683365800e-06
4.913779784187182220e-06
-1.821974001966571223e-06
2.194978050031712859e-06
1.774640170208642391e-03
-6.069896871760268274e-06
-1.706015029541739873e-06
2.262905969117918759e-06
-3.304276005758904628e-06
-2.807486142169177246e+00
1.891697301159582345e+00
-3.524407207135080711e-01
1.605067469798579172e+00
1.362193827937595136e+00
9.458438179092392151e-01
4.257370607346440128e-01
1.670570725675003754e+00
-3.925190913388780848e-05
1.921987574265282409e-04
9.214727455703688940e-06
-1.005408131443064285e-04
1.708081162391118530e-03
3.226696212559882870e-05
-1.331669140317991378e-06
-3.429475137849581114e-03
1.049201843096314912e-06
-5.026219196763414715e-06
1.686675174573655121e-03
1.056378183079310991e-05
-6.761917710148860621e-06
3.057624331302262639e-03
1.110388238144799915e-05
8.967722390144185372e-07
-6.360250232935849013e-03
1.141534910805593683e-05
5.772492327121815040e-05
1.090950809983109077e-04
-9.348266144721451010e-02
-8.481536415827496645e-05
1.028652638087225869e-04
1.861263442501771246e-05
-8.508084557132123272e-06
-2.108384623647628284e-02
1.849660715636399058e-05
1.335765178910510446e-05
-1.588748337953865863e-06
1.425807390477915523e-05
-4.327482983082778928e-03
-1.773839338480069855e-05
3.728368668368723618e-06
6.133308150389594842e-07
1.200415965717676717e-05
-2.590048014501640950e-03
-1.716955916969902613e-05
5.857452295204851203e-06
3.828891489752971451e-06
2.021155756616925008e-05
-3.286265106039922414e-04
-2.476019335093900244e-05
1.159362301519949447e-05
-2.185850172187983495e-06
-2.237541123610263392e-05
-6.051871965169369240e-04
2.381803941737505921e-05
-9.387082483891546613e-06
-1.222753031670157330e-02
6.643606351400153855e-05
-1.181600794400511020e-06
-1.295278931969828969e-04
5.098484349417768777e-05
6.266017890348730697e-05
6.307453659105502486e-02
3.050740943718070405e-03
-5.434410963490980012e-05
-1.493014096635811129e-06
-1.304021194803962284e-04
-3.813508867963574426e-05
-4.715977767354299400e-05
-1.588491655065719585e-02
-7.836101697398449150e-04
5.678656974215837394e-05
1.279739119456115308e-05
2.973640258794448487e-04
2.862174530845645710e-05
5.167724601017127970e-05
4.268246801764459357e-03
1.626269000311029683e-05
-2.263269965002270764e-05
-6.258234624793877277e-06
2.571152233757730149e-06
2.407154206971174899e-03
-5.377408716444802652e-06
-7.127773316156381709e-06
1.190258329300441977e-04
-1.481712452739088338e-05
-3.325508716811813148e+00
4.610034333303164367e+00
1.492328350512548640e+00
3.787340894513347572e-02
-2.043266713950923741e+00
2.509208682919052968e+00
1.331906819455083602e+00
3.618122710295853306e+00
-1.199057624981436973e-04
5.588225590969226730e-04
1.132520380075817477e-04
-1.771136377097972780e-04
1.280399373494724288e-03
1.625635943293198438e-04
-6.915617135687294559e-05
3.155559606524515996e-03
5.348481375495960750e-05
3.812512014643747502e-05
-2.725481789026987928e-03
-3.007864137880086484e-05
2.906150354836892444e-05
-4.401862428027501772e-03
-2.737873548492125134e-05
1.595424928407081293e-06
2.812530945531741162e-03
2.649608028040760827e-06
1.989094275628658522e-05
6.476316190753962296e-03
-8.990772016695062200e-06
5.117194075680025518e-05
-3.378083826397475123e-04
-2.815396219934720654e-02
2.923579640348685687e-04
-1.790295650303644695e-08
3.273346077592981495e-05
-1.025932025122642128e-04
-5.268161118405363143e-03
8.417640870256373742e-05
5.815082676982525047e-06
-1.396490765867007204e-05
1.626066029583545452e-05
-9.323807001827647337e-03
-1.481730316068022847e-05
-3.459120667689788221e-06
-1.198781932538434833e-05
3.126284081140453684e-05
-1.218632189519379926e-02
-2.818248003597381986e-05
-2.875769184661375693e-06
4.274388770341326987e-06
-8.000617490707090211e-06
3.865759668935043070e-03
8.838800896895649935e-06
2.048582974872411781e-06
7.941047899349792501e-06
1.705611109660279065e-05
1.898333925591389653e-03
-8.760115480746233092e-06
5.865742129096799191e-06
1.020086872018694489e-02
-3.415256512990850785e-05
4.081084572069842574e-05
7.472691450829494018e-05
-4.896650923727638926e-05
-1.519005690779438149e-05
-5.242553895033943284e-02
-5.857149507391766485e-03
1.332932737397652024e-05
-3.365018504610372966e-05
-1.044050186587885314e-04
3.894382468297965724e-05
5.226366084383804025e-06
3.007549132883518064e-02
5.209330169969677952e-03
-4.327058131092138013e-06
3.999156858459535115e-05
1.657246709218789405e-04
-4.670445607141255441e-05
-1.030826016543307976e-06
-2.671189057457783178e-02
1.131556873236224317e-05
3.597811740685383816e-06
-6.105125824058506976e-06
4.263948474788867438e-06
1.768593042176383641e-03
-7.187501941189454541e-06
-2.746977336898073534e-06
-4.196456272000555820e-06
-9.638359840532391467e-06
-2.807486005375015026e+00
1.891710307529841373e+00
-3.524413839751879829e-01
1.605074714293959648e+00
1.362192181683278047e+00
9.458420484524177052e-01
4.257371849483077564e-01
1.670569392137417841e+00
-9.319440293822033559e-05
2.352280348218668306e-04
2.461912623317981925e-05
-2.350189961734187438e-04
1.808492351408817278e-03
6.972921235167993728e-05
-2.830801570973076579e-06
-3.437441570341963609e-03
1.391258100429394216e-06
-8.110185726221840442e-06
1.690486019493695879e-03
1.047970291940914901e-05
-1.224216509887141023e-05
3.066830683255290877e-03
1.171044223751979060e-05
7.122512893676690456e-06
-6.365496435818141993e-03
8.361604261141203584e-06
6.744389944679000872e-05
2.354341371659261556e-04
-9.360570323411727955e-02
-1.148969203564867067e-04
9.358026456504808701e-05
3.526001376923048426e-05
-1.344861667932184914e-05
-2.108272153368889040e-02
1.819690128353355357e-05
1.352013827590612576e-05
-6.170787772740449488e-06
2.800780521236652853e-05
-4.344495474654901622e-03
-2.018584978239912223e-05
2.969300934846125662e-06
-2.548717014018508453e-06
2.266214742787966196e-05
-2.604941173047383221e-03
-1.873606954343126705e-05
5.003342076066470673e-06
1.129123245077973890e-06
3.987337408063918218e-05
-3.542523149312737634e-04
-2.831992215201110079e-05
1.020889008425090537e-05
1.022168876145155506e-06
-4.562454890000450529e-05
-5.765938870829505260e-04
2.855535446175952861e-05
-8.191935009762309872e-06
-1.224150243297658820e-02
1.149396727658270076e-04
1.787633121507510440e-05
-1.042660174155271308e-04
4.025581599260927718e-05
6.069933478477201042e-05
6.299810908281505695e-02
3.064774808599423674e-03
-9.702755994928624324e-05
-1.952648852639334880e-05
-1.333652106981867975e-04
-2.888955266230784221e-05
-4.628272929784610774e-05
-1.581173447515964517e-02
-8.008052975626721217e-04
9.961596577364157485e-05
4.368304106263070762e-05
2.817119519142267784e-04
1.638914618944909779e-05
5.037991099820756849e-05
4.179690063827529861e-03
3.791823027011828612e-05
-2.456746949772256361e-05
-1.011058589128256170e-05
4.149441997247530360e-06
2.396695565720240954e-03
-5.337200974043193439e-06
-6.683545815773776782e-06
1.094212951234575543e-04
-2.499203201506710486e-05
-3.325506196909643997e+00
4.610003108614084688e+00
1.492328218762908332e+00
3.789266875689623754e-02
-2.043281701804906536e+00
2.509232474203222818e+00
1.331905837098981360e+00
3.618112500569897083e+00
-1.158124878799468186e-04
6.622165844040461824e-04
9.215186093380632105e-05
-1.761609096332384912e-04
1.428886287204706937e-03
1.359920756494918605e-04
-7.975544696463518252e-05
3.215920159977757320e-03
5.301477429964435769e-05
4.339884095048851265e-05
-2.752778326891971387e-03
-2.930439287955972897e-05
2.818882883428630432e-05
-4.425002789210938717e-03
-2.237216637374317714e-05
6.184306332382620786e-06
2.812304502037263603e-03
-1.260996579196994936e-06
3.018580922042908899e-05
6.457979646287035150e-03
-1.539509696930470794e-05
1.009725300513738676e-04
-3.598384415365950663e-04
-2.784623964455965051e-02
2.631721270447270541e-04
2.357014660553035469e-05
5.485404066637777692e-05
-1.144204703702070503e-04
-5.167567890878440109e-03
7.996352542858233654e-05
1.521594736653208784e-05
-2.126888887674360988e-05
1.645877760052241512e-05
-9.335257867024618350e-03
-1.264085526801935757e-05
-6.222415910652222393e-06
-1.856319943807584446e-05
3.200862198469085252e-05
-1.222115783856154644e-02
-2.431990251839211177e-05
-5.425559275438298849e-06
5.169858620532592793e-06
-6.370246485134543955e-06
3.880436150182691932e-03
6.202544595638406613e-06
2.105470858722976034e-06
6.189370576534805141e-06
2.491479199221931340e-05
1.891277965312020441e-03
-1.338299361150301500e-05
3.971738421374020902e-06
1.019321974729162604e-02
-4.221773252574559311e-05
2.816443654667325088e-05
2.008381138349099810e-05
-3.165758936105290630e-05
-1.622071488601855381e-05
-5.246871308168799680e-02
-5.847489470133359311e-03
1.754305364415239456e-05
-2.481798817712260464e-05
-6.975179903217414244e-05
2.610946907853688793e-05
6.250495892618151563e-06
3.012731246116041525e-02
5.195596677775922434e-03
-6.685640567314416383e-06
2.902018210085885019e-05
1.257285622105905006e-04
-3.100992569031518688e-05
-1.937770747381601237e-06
-2.678445094442832505e-02
1.602192701092955112e-05
1.505897090698001613e-06
-7.627073954496139768e-06
7.588814281708554610e-07
1.763868855584411078e-03
-3.378722270246130031e-06
-2.924283787077934499e-06
-1.475211204914925118e-05
-1.355247124828792528e-05
-2.807484544046066954e+00
1.891726214993918909e+00
-3.524407653456396172e-01
1.605081725099358092e+00
1.362191218794967851e+00
9.458411685073402353e-01
4.257372718346671969e-01
1.670567018535654480e+00
-1.053153923563975383e-04
3.022170992960468861e-04
2.509960003796544924e-05
-2.622363667444565279e-04
1.962279868546932225e-03
6.671445563357435268e-05
-2.905239367917070628e-06
-3.449529199413196683e-03
1.041777500440039584e-06
-5.750838763117906315e-06
1.692428857630857986e-03
6.199027989137246502e-06
-1.045103364564068677e-05
3.076448145930756918e-03
7.485159827378444997e-06
1.258546503764774404e-05
-6.378797907244222742e-03
2.604892522994269314e-06
2.864343048072047742e-05
2.447108280616677712e-04
-9.376687047500205374e-02
-8.914965033599590784e-05
5.389680269147143068e-05
3.363917584480669362e-05
-9.115566117310348036e-06
-2.108870025153343139e-02
1.058019890313210568e-05
7.931357075837032269e-06
-8.595395260620425446e-06
2.639274095849527825e-05
-4.363161652536863035e-03
-1.368246258413334721e-05
1.741219474655638727e-06
-5.581276499719814335e-06
2.036561582537814474e-05
-2.620446694540076726e-03
-1.221398735038725196e-05
2.845495275721794066e-06
-4.117980987603813326e-06
3.776882087456495159e-05
-3.834351956679547162e-04
-1.929615503262798381e-05
5.807687401494541704e-06
5.394519343633300435e-06
-4.480239021609718256e-05
-5.418280529110345526e-04
2.024997461535449093e-05
-4.761100761673290970e-06
-1.225539277104854136e-02
1.004889627593506942e-04
3.895394313070142314e-05
-9.418204093495415735e-05
1.640974638757519087e-05
3.492128085574997931e-05
6.292272322261091566e-02
3.079871683727261958e-03
-8.748280274946035654e-05
-3.646349979384540870e-05
-1.190206631989114330e-04
-1.067262448409736854e-05
-2.684586295058243973e-05
-1.573306989571765166e-02
-8.197907814383081958e-04
8.822901649798845284e-05
6.134349054885336768e-05
2.420858272222401538e-04
1.150618154119276258e-06
2.917335951183799706e-05
4.081669537501310396e-03
4.147461573604319660e-05
-2.780698507908983683e-05
-8.175980726719800883e-06
3.028984654046475589e-06
2.384190788099906089e-03
-3.186818708367464303e-06
-3.804587848094593178e-06
9.268528580252128192e-05
-2.273263401282667363e-05
-3.325503938113134161e+00
4.609979203754322796e+00
1.492327778561045815e+00
3.790760090359093781e-02
-2.043292445197403939e+00
2.509250725929847992e+00
1.331905398330191836e+00
3.618104906077561633e+00
-5.490123764699443110e-05
7.315670606654739710e-04
3.837972408543126210e-05
-8.776640580017997114e-05
1.531945650841465192e-03
5.946794028820658870e-05
-4.864342734830811639e-05
3.265631969299768664e-03
2.940028920116091981e-05
2.607660749369148582e-05
-2.775363551745776980e-03
-1.596286862357644518e-05
1.346540480885039857e-05
-4.439892142459885005e-03
-9.408579392441678347e-06
6.820572245832495724e-06
2.808459160671149257e-03
-3.198750141953964565e-06
2.350269806254802211e-05
6.436471650173957240e-03
-1.274563813671810167e-05
9.032511710250526427e-05
-1.985560960322481133e-04
-2.761175936332338834e-02
1.307393972334348897e-04
2.914571179603095346e-05
4.528404527619277024e-05
-6.706397847762243119e-05
-5.087237476643112662e-03
4.272749397673066056e-05
1.500451686342206461e-05
-1.661073434779256473e-05
8.437260543518050650e-06
-9.343267392958454556e-03
-5.787407648262055541e-06
-5.311101299333221503e-06
-1.464158423854948925e-05
1.668924169958946630e-05
-1.224638379042766040e-02
-1.133863744870570344e-05
-4.755882561993304757e-06
3.349643573908514477e-06
-1.876483943135728601e-06
3.889633958853911614e-03
1.829996570321532966e-06
1.291932632859988813e-06
1.840046534577639825e-06
1.888379969701841916e-05
1.880273130110130583e-03
-1.056924261590113936e-05
1.127864342606131765e-06
1.018454341643585184e-02
-2.795865021830928827e-05
3.935221093487809024e-06
-8.003289977414013243e-06
-6.987262290912047176e-06
-1.009852388131171626e-05
-5.251709421851759318e-02
-5.837513298786931731e-03
1.229832815666415824e-05
-5.355807950378542275e-06
-5.378687148827643078e-05
6.669667027187477821e-06
4.289101188317368648e-06
3.018073653935670828e-02
5.182219721437503548e-03
-5.284050823489922969e-06
5.751927454759772247e-06
1.088136557901225399e-04
-7.629955059879554283e-06
-1.710595175186471920e-06
-2.685519144275912151e-02
1.183420100799883573e-05
-3.344362140737311474e-07
-5.112642308578985693e-06
-2.471025519582111180e-06
1.763864856848597687e-03
5.312951175566910912e-07
-1.840446446701698946e-06
-2.417042917921383594e-05
-1.017756479075400855e-05
-2.807482816328839004e+00
1.891736709631823610e+00
-3.524395132874484360e-01
1.605085258996703734e+00
1.362191203320171518e+00
9.458413457057367468e-01
4.257372906955804170e-01
1.670565014453606612e+00
-5.634830102628562781e-05
3.548802028043288492e-04
-3.084652468526206337e-06
-1.388540901747317452e-04
2.081997842008043512e-03
-7.084028017240578268e-06
-1.419551823816144380e-06
-3.458878368387153113e-03
-4.080087026344956140e-08
-1.592257464826741695e-06
1.692109291711358862e-03
9.634712216415718376e-07
-4.120015877925698845e-06
3.081828528777754220e-03
1.023407116998294394e-06
8.707336749609410401e-06
-6.391638461549021058e-03
1.077875404747829102e-06
-4.177099205772276966e-06
1.217751877723339420e-04
-9.387955859528265834e-02
-7.547830482247232193e-07
1.458355039195001749e-05
1.466428901177100622e-05
-2.249995230872639930e-06
-2.109697764934960126e-02
1.584085142119523865e-06
-2.165203936216482904e-06
-5.025498770460163335e-06
1.185196277860818624e-05
-4.374219525383524383e-03
-9.513147477533296373e-07
1.983945987074951221e-06
-3.908925303386045382e-06
8.623879161092747389e-06
-2.629080177288475786e-03
-1.090375072904270952e-06
1.805737454931185933e-06
-4.221301939905333457e-06
1.704900454431579603e-05
-4.014187475210945688e-04
-1.304259018131723515e-06
2.570436708969384901e-06
4.426794721014306733e-06
-2.105617484872799466e-05
-5.190033614945233119e-04
9.817266964970824721e-07
-2.574049968325610305e-06
-1.226261680849690533e-02
3.956354990093464334e-05
2.897429188022879198e-05
-9.991381063429241594e-05
6.496359691227788087e-06
-3.048791204061681573e-06
6.288345367197499536e-02
3.088595622768774453e-03
-3.578870305329306326e-05
-2.573917128727045816e-05
-9.894265432352245004e-05
-4.998988034166006937e-06
3.731324326376305933e-06
-1.568756038006016360e-02
-8.311190248465732131e-04
3.532053664219192050e-05
3.799632968472433812e-05
2.038633085461169698e-04
4.813495167612036885e-06
-3.130481568828842896e-06
4.023092867748937623e-03
2.272434745647488525e-05
-3.046673917029972561e-05
-2.944702893105167780e-06
8.732976489182926738e-07
2.376087906514115326e-03
-4.518611734299636030e-07
-9.424810552704867054e-08
7.861485115460348022e-05
-4.179988575853510588e-06
-3.325503068112442673e+00
4.609971440530498121e+00
1.492327495664840686e+00
3.791252792661846394e-02
-2.043295632140452067e+00
2.509256668987565497e+00
1.331905385248163265e+00
3.618102531269113076e+00
6.457502792437813249e-08
7.499811932966067357e-04
-1.096851988162113785e-06
1.086068770498486084e-07
1.560940978204175024e-03
-1.844744970475143942e-06
5.749271283109856831e-08
3.283195384181147002e-03
-9.964225266486693480e-07
-2.612348567832319541e-08
-2.783378863606245958e-03
4.605135960470708985e-07
-1.319884790715370023e-08
-4.443545764848478956e-03
2.302470314534723400e-07
-2.936633451489729003e-09
2.805694576009792884e-03
6.172579155428361951e-08
-1.395308952095418363e-08
6.426411892028596751e-03
2.675764282186628564e-07
-2.591827586779567746e-07
-2.179756978389171261e-08
-2.753600096376767475e-02
-2.693975232032443032e-08
2.080772274498051621e-06
-9.789940691679701509e-08
-7.558785194665715129e-09
-5.059762002539264572e-03
-1.074336934368533969e-08
7.886068791682440630e-07
-1.130524405700125028e-08
7.972796063645661070e-10
-9.345558259068893411e-03
2.419380595941110925e-09
7.840383465985110523e-08
3.042076778570177812e-09
1.634182087330325693e-09
-1.225398534009260534e-02
4.187586453841816074e-09
-3.215989414204818369e-08
-8.246449530654503732e-09
-8.602198573997573566e-11
3.891780068231791810e-03
-2.318189437164134232e-10
6.493016659470260623e-08
8.333777373067343920e-09
2.291223054591261869e-09
1.874379720468310247e-03
4.965127147156467505e-09
-6.810297745642895164e-08
1.018056564625646060e-02
-1.301385703336441340e-09
1.401942508522558598e-08
-1.147702075468700310e-05
-2.236775872690538055e-07
8.878419686668818044e-10
-5.253912048685350361e-02
-5.833200437922737326e-03
6.922801692152625875e-10
-7.571528019926582428e-09
-5.297681333568031534e-05
1.174202055491516605e-07
-3.335706961776624264e-10
3.020381021309652414e-02
5.176678327732488379e-03
-1.161544639230339969e-10
7.603067785408066235e-09
1.090197169139633286e-04
-1.196902942208680128e-07
-2.066808424227899829e-09
-2.688451055099344567e-02
1.959267924946262706e-08
-1.027013702077866486e-06
2.320578048680160192e-09
-3.762775821811815363e-10
1.765352166691115535e-03
-1.742890360037424874e-09
-1.966859204010325923e-08
-2.774424788878156103e-05
-6.380844451557550233e-08
-2.807482816522178126e+00
1.891736709326941268e+00
-3.524395135042218685e-01
1.605085259019712218e+00
1.362191203336367451e+00
9.458413456880225834e-01
4.257372906721662575e-01
1.670565014464457931e+00
3.026905700278335396e-05
3.548797354521283985e-04
-4.838186479499283530e-05
7.382984463264540107e-05
2.081996042535916216e-03
-1.201139446027369112e-04
6.996695035135671550e-07
-3.458878524663467052e-03
-1.300089492847452494e-06
2.575344852873608383e-08
1.692108734885878606e-03
-1.733321914818240677e-06
1.369332020762352379e-06
3.081828123472327846e-03
-3.684762586608073815e-06
-5.694191975578444571e-06
-6.391638673943679343e-03
6.169558371961660279e-06
1.137009856877545579e-05
-6.017995188531421075e-05
-9.387955550433958740e-02
1.058796287554026764e-04
6.977938554180443875e-07
-9.197266235771300191e-06
-2.465579133162274742e-07
-2.109697814829038232e-02
-2.743911000520738266e-06
-1.162837181927615463e-05
3.773112464465706583e-06
-5.096475253987992093e-06
-4.374218917265061679e-03
1.074746567519220460e-05
3.958670482413436959e-06
3.222856519924679631e-06
-3.364373579186396703e-06
-2.629079554625420555e-03
8.018893200481730827e-06
2.867816034297648886e-06
3.938723118634366991e-06
-7.388747716673251391e-06
-4.014177520347476762e-04
1.542408256530167546e-05
2.889491450875522200e-06
-3.817262260264874577e-06
9.670779043035938034e-06
-5.190043311350540488e-04
-1.873158618867918810e-05
-3.364143889885436547e-06
-1.226261695104426640e-02
-2.241000914958630159e-05
-2.004799737956097306e-05
-9.991587461462010222e-05
2.193881723311552943e-05
-3.275427775973076863e-05
6.288345562140615352e-02
3.088595546751954010e-03
2.110540073201646387e-05
1.720865096855867847e-05
-9.894155285657975753e-05
-1.974059233722785862e-05
2.915323083127832694e-05
-1.568756172287957135e-02
-8.311188354262242324e-04
-2.034602427649469526e-05
-2.317965599063955814e-05
2.038627040457972146e-04
3.043565994143509636e-05
-2.905557709481439870e-05
4.023094248766652739e-03
-7.768361407296443217e-06
-3.046677145551342282e-05
1.478517313051592698e-06
-4.510935264678741369e-08
2.376088397136227708e-03
9.837061048577950444e-07
2.482532119810739802e-06
7.861468658620988622e-05
2.162680040722669278e-05
-3.325503837797409545e+00
4.609976082446135770e+00
1.492327920270640984e+00
3.790944034893051207e-02
-2.043294278640319206e+00
2.509253088447354063e+00
1.331905156573204962e+00
3.618103783393361805e+00
4.378204940196467164e-06
7.464231095199036362e-04
4.109631881307817207e-06
1.879610660970123831e-05
1.551683134598346673e-03
-2.121739470981627517e-06
3.389578901204223169e-05
3.270035968479237908e-03
-1.828146749841127669e-05
-1.730372201048210239e-05
-2.777316008592855753e-03
9.096590090599788813e-06
-1.346321062433817336e-06
-4.443511412396187327e-03
-8.456357283407768216e-07
-1.128990615606815819e-05
2.810119969224885925e-03
7.259553953982846275e-06
-2.726841458792943418e-05
6.438054154713005774e-03
1.657687590293043572e-05
-1.249014230189757126e-04
9.297201668456818652e-05
-2.758034022451611930e-02
-3.770589591423493593e-05
-4.495064485765975137e-05
-5.702685668261170312e-05
4.076359050036563482e-05
-5.078701586197826960e-03
-1.956160179281781262e-05
-2.020467136823356783e-05
1.928884232683302503e-05
-2.426331653664195707e-06
-9.344758055115498854e-03
4.922473209064209120e-07
7.050214546290672801e-06
1.728637607328429657e-05
-5.510350490058700631e-06
-1.225053280882165176e-02
1.490091994813238772e-06
6.237866619266457251e-06
-2.787686345651063748e-06
-3.017656303511467630e-06
3.892043572018123385e-03
2.485988138077128236e-06
-8.215377798070522774e-07
2.832314321717395123e-06
-2.105204222871965070e-05
1.882141184712958406e-03
1.249566777228558906e-05
1.468169934082790876e-06
1.018505854876174295e-02
2.424441815348782873e-05
2.565663209491685374e-05
-1.972150138446004215e-05
-1.951868097727330441e-05
7.917075049830661062e-06
-5.251440424146305852e-02
-5.837731135767514935e-03
-1.195565579186005521e-05
-1.729963819989896592e-05
-4.550265430651814508e-05
1.352999406218494870e-05
-4.081008683660861697e-06
3.017962725718638384e-02
5.182168286055654008e-03
6.211884536253462326e-06
2.173625542678058706e-05
9.853930293816546507e-05
-1.684218588051856702e-05
2.247539590800505337e-06
-2.685549310532922562e-02
-1.259975664601880383e-05
-4.210384088151689035e-07
4.618298556912769220e-06
8.121824001912889790e-06
1.761699346213571517e-03
-5.536048728221758906e-06
1.478618219384065318e-06
-2.462910268881911201e-05
1.106217036291645873e-05
-2.807485770548624693e+00
1.891727666830401722e+00
-3.524422123511938287e-01
1.605084307557508527e+00
1.362190029495805366e+00
9.458397413356212091e-01
4.257373475952214714e-01
1.670567579862402452e+00
1.027823644574199789e-04
2.932260462870476007e-04
-8.207004629046829006e-05
2.484172512637168270e-04
1.943700932611129193e-03
-2.012883503580859012e-04
2.205762766849451175e-06
-3.448235350305517682e-03
-2.012647925915146787e-06
-2.164554821338322649e-06
1.695446238506629786e-03
-7.900861503662162959e-07
2.447442466851910324e-06
3.079040843842180495e-03
-4.262478118219464422e-06
-2.242784292396580621e-05
-6.372834297209590236e-03
1.385344574205903768e-05
6.806042268496314369e-05
-1.904717682261885278e-04
-9.377024138555789534e-02
1.668612764137272211e-04
1.401279354912734982e-05
-2.331333520773753570e-05
-4.865388047157939017e-06
-2.108156280482358091e-02
-7.259964333099585719e-07
-1.521333656288416005e-05
1.258462261811615390e-05
-1.383378195073217990e-05
-4.367097626939294222e-03
1.491565842885413166e-05
6.115464225921134218e-06
1.164978961679664069e-05
-7.946101074215791292e-06
-2.624707895857154513e-03
1.025670658693786320e-05
4.915034062703832344e-06
1.569846154007062514e-05
-2.027000963002063827e-05
-3.883637073090715234e-04
2.156161808179333974e-05
5.722291792119213236e-06
-1.456694071436009013e-05
2.839969495136037797e-05
-5.384639358050276369e-04
-2.757521480814207812e-05
-5.961521892914677650e-06
-1.226016484778958034e-02
-4.700698305660572029e-05
-8.062495885341342265e-05
-7.113402338012198966e-05
4.971595781275512180e-05
-3.932214378732904234e-05
6.289696119167657862e-02
3.083410342417841447e-03
4.804961415669957041e-05
6.788794264445464942e-05
-1.364012793404319949e-04
-4.297215332594708700e-05
3.615909868206044516e-05
-1.571450475891122620e-02
-8.235990963064905059e-04
-4.421501277261493187e-05
-8.650165517831561672e-05
2.596645193296400552e-04
5.957696460305719955e-05
-3.531428601499479730e-05
4.061887290679695728e-03
-3.165866574254002866e-05
-2.708109040259358747e-05
2.277896304579430644e-06
1.261356533903610602e-06
2.382540031234348273e-03
3.678023087778231615e-07
2.792082185686990290e-06
9.635294337471135811e-05
3.891988940684810842e-05
-3.325505519964324197e+00
4.609981966891772309e+00
1.492329176696707727e+00
3.790512536080817285e-02
-2.043294121196793878e+00
2.509248476457440091e+00
1.331904199400149258e+00
3.618104896423888661e+00
-3.261022714325492370e-05
7.629449442364771936e-04
4.370708888317531544e-05
-2.654280286949173601e-05
1.562780217306898329e-03
4.889898175546596355e-05
3.625208241575177224e-05
3.245966102204472618e-03
-1.448100250001437171e-05
-1.756113095943331713e-05
-2.766073929799043284e-03
6.162183573496297433e-06
7.403252035979079122e-06
-4.449527153708939670e-03
-1.026983339875352955e-05
-1.927777669916644427e-05
2.823537895332478825e-03
1.354713495026707564e-05
-4.117206287838915264e-05
6.468666373620812760e-03
2.611013768730677259e-05
-2.018113857992569443e-04
4.989991305810209150e-05
-2.763376758635828490e-02
2.472754582812152022e-05
-8.173047257798637868e-05
-8.909065880909710874e-05
3.726642907402453911e-05
-5.109801608347630704e-03
-8.295802296302611111e-06
-3.482047731522299979e-05
2.923683816316383630e-05
1.185898824233833736e-06
-9.345338405579332181e-03
-3.747384090088131657e-06
1.134390956700525712e-05
2.635579854895125904e-05
7.997230212060551810e-07
-1.224923417238479514e-02
-6.153901508268097395e-06
1.019798458234362242e-05
-3.464727227022278901e-06
-7.993022103503273718e-06
3.896749398279875792e-03
7.142675444807720132e-06
-8.984116408738636979e-07
7.583756255425335426e-06
-3.126668414111522778e-05
1.903946769898958932e-03
1.929851358904213483e-05
4.454677193015468150e-06
1.019671577433747811e-02
3.123641412161628204e-05
5.861603880394558721e-05
-5.921643297574381024e-05
-4.934390995243454061e-05
9.385972511949072810e-06
-5.245060061028098547e-02
-5.848974725146394160e-03
-1.662175201670374657e-05
-4.160398731672790057e-05
-1.357242337328754380e-05
3.581007874364350031e-05
-5.653648194273702265e-06
3.011963340416004900e-02
5.195255087692565200e-03
9.558778148209475271e-06
5.155751746200452803e-05
5.598326403370070133e-05
-4.408047992123783959e-05
3.702320929672493454e-06
-2.678623356269689212e-02
-1.832228593388444428e-05
9.021105031463947102e-07
6.069543671869647663e-06
1.584718549848172054e-05
1.749093215901432324e-03
-1.209471683905041731e-05
1.793296386298204372e-06
-1.778656341602946695e-05
1.649558224606833211e-05
-2.807490905155372918e+00
1.891716047316161387e+00
-3.524471609038306585e-01
1.605084996493702842e+00
1.362187438458445587e+00
9.458363555332052197e-01
4.257374872065264326e-01
1.670571640710930117e+00
1.179448729231928844e-04
1.991162272074087532e-04
-8.085474033966460930e-05
2.822345701591703329e-04
1.733808663223128420e-03
-1.958000127955280536e-04
2.306959963124799536e-06
-3.432187645438803704e-03
-1.778745009193985279e-06
-5.397530927762618120e-06
1.702536045750128665e-03
1.816008300028569039e-06
-8.883899809789935169e-08
3.077165869493079294e-03
-1.614752195436920239e-06
-2.955460344913669760e-05
-6.341649335077681297e-03
1.703203645197180082e-05
1.136900441957480718e-04
-2.007041271359750957e-04
-9.361862473525815742e-02
1.484001973654962899e-04
3.330630939075499551e-05
-2.151407323804791082e-05
-1.071410920980307225e-05
-2.105421539261236388e-02
3.856843070852873905e-06
-1.161946134575759829e-05
1.547031704246083645e-05
-1.142923604356052677e-05
-4.360139424487785922e-03
1.073201492153108387e-05
6.429728546901981282e-06
1.524566645383156841e-05
-4.650260576855385860e-06
-2.621897928084582045e-03
6.126991904838652634e-06
5.751178722603334569e-06
2.190163475929355458e-05
-1.705400760539532728e-05
-3.738291383092714267e-04
1.571328673659665862e-05
7.645316856073511067e-06
-1.973832555573618771e-05
2.688690869987862169e-05
-5.632825435040783504e-04
-2.207835086694836401e-05
-7.397633753378698323e-06
-1.226038292972666567e-02
-3.022918609978648519e-05
-1.085431142839615335e-04
-1.230725346488983993e-05
6.323725177135733420e-05
-2.441356516532506676e-05
6.289604388352787456e-02
3.078859108715196764e-03
3.709953806279302240e-05
8.988266912667636688e-05
-2.027519952137064050e-04
-5.302457561988252813e-05
2.449166329180040759e-05
-1.573793068203134873e-02
-8.159775584358871158e-04
-3.112200687751448590e-05
-1.090612797540064643e-04
3.519700990994584092e-04
6.744920548365767460e-05
-2.278505759634505464e-05
4.101034579752247007e-03
-3.559542639356349044e-05
-2.168601500586196581e-05
-9.709195353152272508e-10
3.226292962776162142e-06
2.390167254179139875e-03
-1.149451212410139509e-06
1.262063598914535162e-06
1.243853886192776773e-04
3.724054314171741572e-05
-3.325507009382561385e+00
4.609981018052515367e+00
1.492330766395495889e+00
3.790482216322367537e-02
-2.043298032909216744e+00
2.509249036999819715e+00
1.331902689544403495e+00
3.618103534304521141e+00
-5.824596796488733691e-05
8.128847857280619782e-04
7.528125721406921653e-05
-6.618699607144114142e-05
1.618143110584762323e-03
9.427067932149759040e-05
1.695520824619877105e-05
3.231417583041060193e-03
4.871570908666225510e-07
-7.117663491180694436e-06
-2.759041523276902115e-03
-2.236747591559093902e-06
1.366098040390985008e-05
-4.463712716975798932e-03
-1.789602378250988623e-05
-1.731335638510031304e-05
2.840852928970471775e-03
1.428030787801175966e-05
-3.308024477306859630e-05
6.503252798800844212e-03
2.359470851974253841e-05
-1.749399822315419377e-04
-3.405627258051181246e-05
-2.761807631638044450e-02
1.053612994575773432e-04
-8.493045321383724277e-05
-7.478052991996251046e-05
1.001202092264851500e-05
-5.122477431702346026e-03
1.484478330814252998e-05
-3.455750023409670714e-05
2.375682384391968329e-05
4.908808251092812665e-06
-9.349229419963646023e-03
-7.821641602445875317e-06
1.071361411294298543e-05
2.156033492371698185e-05
8.105188759495685703e-06
-1.225713215375104706e-02
-1.391928207346093961e-05
9.727508042684263485e-06
-2.173900821861611196e-06
-9.236699559897014456e-06
3.906902314218271485e-03
9.598067758013416781e-06
-3.742131998167207328e-07
8.980406190952103395e-06
-2.468929263495987070e-05
1.930282169452129156e-03
1.693289023760432006e-05
6.251713899858474163e-06
1.020971274738733704e-02
2.071771639309047787e-05
6.334488053310348475e-05
-1.253392821600411819e-04
-6.278057294851918679e-05
5.462819121632230300e-06
-5.237983722894110766e-02
-5.860896902823212011e-03
-1.219026985907659298e-05
-4.611076274781972923e-05
3.730001565695472169e-05
4.655156291338867421e-05
-4.382028743090699769e-06
3.005618033974530312e-02
5.208450814760749205e-03
7.804595020559362698e-06
5.678962678794553516e-05
-1.016667197056012528e-05
-5.701115167173062889e-05
3.528830132240214762e-06
-2.671647165379438180e-02
-1.399460833270532599e-05
2.017718300520232038e-06
4.120305976313053890e-06
1.569886312907031996e-05
1.731311800505335114e-03
-1.421469979694468244e-05
1.066712500242123856e-06
-1.180754649123356702e-05
1.360461008046321636e-05
-2.807495723159281642e+00
1.891708285017391411e+00
-3.524520016749408957e-01
1.605087438981531056e+00
1.362184584892717210e+00
9.458327205583273445e-01
4.257376493290114805e-01
1.670575146082166063e+00
7.161092191394396241e-05
1.208159055446279449e-04
-4.549092824038642412e-05
1.693752498258229626e-04
1.560245336855915375e-03
-1.087132526491516005e-04
1.246877832225895563e-06
-3.419051128475667813e-03
-8.906454089171498747e-07
-5.331602315387926634e-06
1.710165670195895344e-03
2.737741956838643725e-06
-2.101265918456952607e-06
3.077664012485783161e-03
8.865324217440163558e-07
-2.062069766633614290e-05
-6.313529526613423024e-03
1.149501762120285457e-05
9.356900317322392943e-05
-1.089834383893178722e-04
-9.350567765021976230e-02
7.238036065766280055e-05
3.261907940859787547e-05
-9.676542058248176748e-06
-1.014689307100487823e-05
-2.102813850952302971e-02
5.147161826657810704e-06
-4.567177166189516470e-06
1.016729213348899571e-05
-3.777369242521976065e-06
-4.357759513526259822e-03
3.402940008345094278e-06
4.126193981416400192e-06
1.060907372929738785e-05
3.437146260696168944e-07
-2.622930623935858154e-03
8.252201966584530755e-07
3.987508905755084928e-06
1.604095938130957631e-05
-5.948037329221736121e-06
-3.664351803076405876e-04
5.165835213755779010e-06
5.800592740820971778e-06
-1.411428052335649106e-05
1.225656019610087455e-05
-5.796833231392841020e-04
-8.999822200433302944e-06
-5.443516977778761796e-06
-1.226414812870493809e-02
-2.623964486483183929e-06
-7.726711073076071926e-05
4.961436433965877397e-05
4.469394747290486857e-05
-5.052733819548771356e-06
6.287595388073638492e-02
3.078037534507947932e-03
1.068639283867725995e-05
6.303111211665855438e-05
-2.658906203670465961e-04
-3.659147543345757944e-05
7.146867872135701086e-06
-1.574190256235842231e-02
-8.130113299800471784e-04
-5.937706517380748669e-06
-7.312665825085962646e-05
4.349401701339258614e-04
4.338565057677637579e-05
-5.622452474257335523e-06
4.116111719958714596e-03
-2.064669295742400839e-05
-1.705467254918056181e-05
-1.758334910577958075e-06
3.153455255739548240e-06
2.394608693191029643e-03
-1.592956906516618091e-06
-2.557547271172098171e-07
1.484571784694532510e-04
1.966883512999243155e-05
-3.325507652880438592e+00
4.609975391094415897e+00
1.492331857474025858e+00
3.790767054911101802e-02
-2.043303154393285137e+00
2.509253212845376613e+00
1.331901476086611025e+00
3.618100957278102214e+00
-2.494720610921148530e-05
8.643554338070111743e-04
5.899608047470586739e-05
-3.074013907099780088e-05
1.680605082959506832e-03
7.663374962412869049e-05
1.163861501627360021e-06
3.230839177017179667e-03
7.446640612402603579e-06
4.551526871052137233e-08
-2.758468049369683719e-03
-5.347628461067383229e-06
5.907434562126502025e-06
-4.477343141242049254e-03
-1.409579146606742293e-05
-5.230361001527087662e-06
2.852939537455243153e-03
8.647183675601799281e-06
-9.005112403686904514e-06
6.524539582805091720e-03
1.247622361549625276e-05
-5.701623364432977214e-05
-3.039699919001509192e-05
-2.755799909754618263e-02
1.014827340731629210e-04
-5.575204032671596981e-05
-2.350089970424795401e-05
-2.956833521715477880e-06
-5.115386354923309904e-03
2.022694713778003226e-05
-2.193778604672233428e-05
7.164872864968524187e-06
2.466516047039126034e-06
-9.353774520061950565e-03
-6.578649617083333527e-06
6.648896217080962085e-06
6.563341478240104428e-06
4.334106817534864239e-06
-1.226820678918709266e-02
-1.195880429168538620e-05
6.048018588513634462e-06
-4.237004285441860377e-07
-3.313775041111134457e-06
3.916357230956556482e-03
6.783112444205154074e-06
4.135097975135335036e-08
3.760217335063041596e-06
-6.589966971924399400e-06
1.947614438946356115e-03
8.596407394936357558e-06
4.908406153521455576e-06
1.021760730876299268e-02
4.532737385086327281e-06
2.189045024545158431e-05
-1.802805381274634900e-04
-4.317532794189823210e-05
1.606285842376896069e-06
-5.233715508172766262e-02
-5.867709940068169608e-03
-3.178145353354822728e-06
-1.615949987923762167e-05
7.843205773792969598e-05
3.237222820558108109e-05
-2.194486059165513047e-06
3.001999812606613929e-02
5.215500018964332359e-03
2.341458904821700255e-06
1.981648570274252935e-05
-6.288267680887695346e-05
-3.951242856558071209e-05
2.168695340107641497e-06
-2.667917450901493431e-02
-3.186637064082397138e-06
2.427141696020284400e-06
9.366617310752289701e-07
5.092797055637659724e-06
1.717991407726199900e-03
-9.261226529079143730e-06
3.078273467488843068e-07
-9.339256768603930654e-06
5.867401705838906170e-06
-2.807497654084859739e+00
1.891706233191765119e+00
-3.524540081208348274e-01
1.605089023658940572e+00
1.362183298553626187e+00
9.458311090775748387e-01
4.257377248032179207e-01
1.670576448332679043e+00
5.267422015668382010e-08
9.283692175681131716e-05
-6.985599797810852447e-07
1.544875863031458461e-07
1.498654929775392834e-03
-2.129148463910615701e-06
3.725377716216156989e-09
-3.414418542620790108e-03
-5.801899875710918759e-08
-6.476630439320763633e-09
1.713555284157160978e-03
8.126949646696697149e-08
-1.720102957529743468e-08
3.078621951138327956e-03
2.544443024610950727e-07
3.141038949988378917e-08
-6.302624559191121953e-03
-5.407255705251084102e-07
-4.020603410972519898e-07
-6.704911967324232895e-09
-9.347023775649540567e-02
-1.783321418125106176e-08
3.131494234260308099e-06
1.800850265207136657e-10
-2.146296507167407555e-09
-2.101754888332129506e-02
-3.625070776152396610e-09
-1.698918146104674552e-09
-5.494294019581625464e-08
5.291250560729080627e-10
-4.358200517924562187e-03
1.854669196949177079e-09
4.276301624067078761e-07
-3.521652841188254100e-08
1.000442707877285996e-09
-2.624576687649277790e-03
1.662929790144358589e-09
2.745695131499780192e-07
-4.738372177983595385e-08
8.262808176537994867e-10
-3.655674054953701561e-04
-7.410715494306237537e-12
3.696855554090381853e-07
7.510534563907637032e-08
-2.039502656930637665e-10
-5.839441850824094457e-04
2.995033761570802278e-09
-5.848425576737943798e-07
-1.226680341750127114e-02
-3.283853330508650455e-11
-1.506298890247658079e-08
7.666594178762478661e-05
4.052263226257265664e-08
2.252781289030723312e-09
6.286168238374234551e-02
3.078864494282464951e-03
-6.653205374310011425e-10
6.758793425555538056e-09
-2.915317001541355537e-04
4.945595615941921287e-08
4.421992286204795276e-09
-1.573747107011336591e-02
-8.132400924981842555e-04
1.545696304189175776e-09
-6.594995758733216533e-09
4.670059113264410063e-04
-6.192427240289087709e-08
-1.063913944473964163e-08
4.114847093412356445e-03
1.990453706909040612e-08
-1.533042017714310328e-05
1.072749717391021431e-08
5.996213550758594737e-10
2.395428783775118385e-03
1.391296078508338020e-09
-8.322551392869395162e-08
1.574351177690974115e-04
-8.950251668266826390e-08
-3.325507652462967645e+00
4.609975390984786259e+00
1.492331857611727264e+00
3.790767096298044980e-02
-2.043303154114816778e+00
2.509253212818936873e+00
1.331901476151424957e+00
3.618100957276874752e+00
6.462233170413461073e-05
8.643546838979836123e-04
-9.503137226042471770e-06
8.351251096030071826e-05
1.680603780111682849e-03
-1.439013270822362278e-05
6.823530845342793338e-06
3.230838988514971033e-03
-6.166051975821823651e-06
-5.095814807469417627e-06
-2.758467640230482902e-03
3.297889370701361905e-06
-1.538286064587132500e-05
-4.477342949421433439e-03
2.270487474886946192e-06
1.004567016365742684e-05
2.852939478991070414e-03
2.886184313912323678e-07
1.505250897233530416e-05
6.524539741256427106e-03
1.934987106452808701e-06
7.820387958140824752e-05
1.031047400282092381e-04
-2.755800155288890690e-02
-2.447767541086638153e-05
-1.806537173958967633e-05
3.128436945111664585e-05
1.900206439445493287e-05
-5.115386924325226146e-03
-7.566797141910884646e-06
-8.078264562047702567e-06
-9.289334208551428340e-06
-6.932789662786160833e-06
-9.353774417885788936e-03
1.159062562515344778e-06
2.995738049379065270e-06
-8.542478023049739847e-06
-1.252748442635748767e-05
-1.226820650211582139e-02
2.235938902534399370e-06
2.597994666493147529e-06
2.198035246363423371e-07
7.531912715490716156e-06
3.916357168476079093e-03
-5.258360174402481337e-07
-2.819314269299769234e-07
-6.177612415658214671e-06
1.073712576362587819e-05
1.947614655294139119e-03
1.407008779569094771e-06
6.881824422577363264e-07
1.021760848499493959e-02
-3.657956971948759319e-06
-4.812454650991839698e-05
-1.802803369702335652e-04
2.332356824578678062e-06
3.114190518388622410e-06
-5.233715315771006460e-02
-5.867710840049010328e-03
3.490097286019252582e-06
3.600445655014363383e-05
7.843174129293015162e-05
-2.040579014061395379e-06
-1.650025143152951832e-06
3.001999645613357207e-02
5.215500974048946185e-03
-3.050811951266192302e-06
-4.401491579743188240e-05
-6.288237222186964480e-05
2.444636792356227238e-06
9.364956099389443945e-07
-2.667917267879090296e-02
6.755489974554915215e-06
2.427157498002834609e-06
-7.483111230663075449e-07
-1.056614562486970532e-05
1.717991486392466327e-03
2.237318840752014220e-07
6.237608174226778257e-07
-9.339094517479634515e-06
-2.611280399689994877e-07
-2.807495831362054162e+00
1.891706602715530039e+00
-3.524520158794149927e-01
1.605086631369560424e+00
1.362184724232113231e+00
9.458328594697986702e-01
4.257376378294264740e-01
1.670575370637287227e+00
-4.882128992059490882e-05
1.142627961534655942e-04
2.407959927624185855e-05
-1.110971065862144608e-04
1.545143759431312882e-03
5.330969438619071908e-05
-4.859236881976752922e-07
-3.417854763578232011e-03
1.091610688395254849e-07
8.069317138013326466e-06
1.709862268510144168e-03
-5.001660026894382463e-06
5.815309088895440853e-06
3.076583377459039207e-03
-3.684395951330262024e-06
1.998333478097960898e-05
-6.312356320940391320e-03
-1.195666487314363579e-05
-1.179768414812460624e-04
4.694603142488021591e-05
-9.348898094027037475e-02
-1.771655857762306378e-05
-4.019966150425368972e-05
-5.012586808278847146e-07
1.478404494782196662e-05
-2.102777143362878284e-02
-9.246627425493320854e-06
-1.408343526188734454e-06
-8.816737184411247206e-06
-4.220491554656201653e-06
-4.355705730067438441e-03
3.654387502571540444e-06
-2.411741801206060713e-06
-1.029555534933166493e-05
-7.045039292661546402e-06
-2.621191986955340083e-03
5.089295110622033859e-06
-3.212134056062784623e-06
-1.704381815635004778e-05
-5.403502849038345688e-06
-3.632680213821428339e-04
4.846237015467174658e-06
-5.593599918843754110e-06
1.449206530895081615e-05
3.621371973805461038e-07
-5.833730872819254884e-04
-2.122640377710854664e-06
4.405764909874644421e-06
-1.226255229273067425e-02
-3.163906595108407127e-05
7.713575061794438674e-05
4.777791613553395789e-05
-4.450654022648984156e-05
-1.503662784070267856e-05
6.288474988134704069e-02
3.076356597984859689e-03
1.780237092395155394e-05
-6.150736328803552437e-05
-2.667690295979049985e-04
3.535142530809520729e-05
9.579272127581723727e-06
-1.575063923608196331e-02
-8.109228192307320251e-04
-2.343164690113558121e-05
6.516385777567779776e-05
4.384043515999340489e-04
-3.649376224046825139e-05
-1.164009930931940986e-05
4.126835433815752990e-03
1.186787697428886960e-05
-1.672876648366998051e-05
5.103459928918003128e-06
-4.610392582857401824e-06
2.395970796573373106e-03
2.841778140598995815e-06
2.042696877376584014e-06
1.500159893211141593e-04
-8.384815819347920117e-06
-3.325507751344014107e+00
4.609989915484938194e+00
1.492330828879377291e+00
3.789932057698043588e-02
-2.043293815534885649e+00
2.509242254898169211e+00
1.331902946538660704e+00
3.618106427297129724e+00
1.531210969377930383e-04
7.841805565448684489e-04
-9.373142564843963212e-05
2.027596408710508633e-04
1.576674949973970712e-03
-1.311056310642955320e-04
2.862319193806770758e-05
3.213995588322548103e-03
-3.511723761385015488e-05
-1.840472342928399862e-05
-2.751155379901240160e-03
2.012254557646959611e-05
-3.656830497183421704e-05
-4.457334214232115850e-03
2.250588605075706615e-05
1.933135898739266043e-05
2.841184506710572443e-03
-5.618601725803000882e-06
2.509450441479382589e-05
6.509016628001450602e-03
-6.991763073212390869e-07
1.496650023180223722e-04
2.771467498812462153e-04
-2.770570156163964029e-02
-2.110601888563440852e-04
2.652598512431302743e-06
5.694983204948388399e-05
6.007929223053864185e-05
-5.151387259131265384e-03
-5.629880206991686001e-05
-3.037920125724657238e-06
-1.586070191219999441e-05
-1.719454303033465245e-05
-9.346021860780569582e-03
1.140597332838582050e-05
2.642440411471164246e-06
-1.479706582798110808e-05
-3.149358949392859058e-05
-1.224731073499137936e-02
2.142336765646198800e-05
2.043951732277545239e-06
-5.720158662014440708e-07
1.653148981297974176e-05
3.902868991717241623e-03
-8.224413230783526131e-06
-1.329283272786389001e-06
-1.470754178133820337e-05
1.722994883718669115e-05
1.932703718098755831e-03
5.547447548875719339e-07
-4.154241696926436806e-06
1.021208565658972105e-02
6.248263930283822301e-07
-1.033713347504177304e-04
-1.107804192987159667e-04
4.781671142595286144e-05
1.060474322933735489e-05
-5.236640144396203372e-02
-5.863840536781731415e-03
4.069563698709547847e-06
7.801035826666196326e-05
2.820611471039669287e-05
-3.718799517496643582e-05
-3.690315846902742032e-06
3.004043101435198426e-02
5.212585367491587122e-03
-5.328207079175822046e-06
-9.508570598459725450e-05
2.191150603031151271e-07
4.500943235252050025e-05
7.830422111227713667e-07
-2.669472849489706867e-02
1.026094698186184368e-05
2.650626392633740416e-06
-1.974719773454188768e-08
-2.158990073507140867e-05
1.732381645375853305e-03
8.567311165347118193e-06
2.028026797269018945e-06
-8.721373596711418297e-06
-5.522514084593199317e-07
-2.807491638915929233e+00
1.891704650274174782e+00
-3.524472578700426073e-01
1.605079526499400444e+00
1.362188382053091118e+00
9.458372962716594667e-01
4.257374092143724753e-01
1.670573162011339985e+00
-5.130256047651952266e-05
1.546148917055477465e-04
1.761579814624341251e-05
-1.118868525394407418e-04
1.631182894060238288e-03
3.350663355256198274e-05
-8.978032862878455796e-08
-3.424090092702796254e-03
-3.924891791593645662e-07
1.344975137800106724e-05
1.700486632039288062e-03
-9.148011749881510227e-06
1.104304842972952513e-05
3.069872774159241886e-03
-8.089264112188413204e-06
2.757319485135609411e-05
-6.333765700390528441e-03
-1.620308869973811013e-05
-1.839201889856577311e-04
1.848531053623420203e-05
-9.350576449010274127e-02
2.084915051512964979e-05
-7.017996611672503912e-05
-8.607284747934914725e-06
2.435588622158758328e-05
-2.105170225690496111e-02
-1.653802708729569369e-05
-7.127338456298630028e-06
-1.123665851836289857e-05
-1.206052210651548849e-05
-4.346252198445171855e-03
1.109395768358125679e-05
-2.862307944055916581e-06
-1.416407677616580339e-05
-1.502578258141072841e-05
-2.610135735209958858e-03
1.215666484210580559e-05
-4.480712716547390070e-06
-2.464357713570662411e-05
-1.627274729990602436e-05
-3.524016411622888593e-04
1.524984423752525820e-05
-8.547470493421486468e-06
2.050491453364819118e-05
1.017288650408893147e-05
-5.882358727456271728e-04
-1.234604247625620414e-05
6.600150370745736379e-06
-1.224971674695795633e-02
-7.110671365621476449e-05
1.083463375796532731e-04
-2.444612199003549403e-05
-6.295124984967083350e-05
-3.859949508252737718e-05
6.295430603426345473e-02
3.067527931101701830e-03
4.711318908987361574e-05
-8.545201554613243667e-05
-2.087136085817278375e-04
4.899367391970036221e-05
2.794298424024398823e-05
-1.579686696070904325e-02
-8.018460683514013008e-04
-5.573506874857884531e-05
8.572725436785864591e-05
3.754206910707257169e-04
-4.588664695963218915e-05
-3.133183579538789107e-05
4.173731060542694958e-03
1.003981295602430305e-05
-1.949607792553053470e-05
9.639480107409744287e-06
-7.438941818935698573e-06
2.399209463659777476e-03
4.965353375248216113e-06
4.522479684281663760e-06
1.351511596042876523e-04
-2.371328017301415773e-06
-3.325508478460921680e+00
4.610017373682395281e+00
1.492329431121352856e+00
3.788322854239169202e-02
-2.043277351047572576e+00
2.509221486478191210e+00
1.331905216775995049e+00
3.618116405351007536e+00
1.708243586935953638e-04
6.487439827300772385e-04
-1.433833499854189478e-04
2.304523863553871313e-04
1.397711003046924524e-03
-2.028920025262615976e-04
4.277369659604525617e-05
3.176465271799961288e-03
-5.979507543712212441e-05
-2.602352653570952834e-05
-2.734609406273428786e-03
3.389733378760179035e-05
-4.088974958235681146e-05
-4.424161828555345233e-03
3.450147057863966798e-05
1.769844884480053208e-05
2.824925948912101071e-03
-6.381449523359515274e-06
1.886073838564872508e-05
6.491760027829506126e-03
4.171667538855863261e-06
1.272202585372251215e-04
3.369707901924729994e-04
-2.798236668795794913e-02
-3.406863927933356014e-04
-1.156928435629486866e-07
4.498184315908581264e-05
7.986705739806447741e-05
-5.224885586877065467e-03
-9.407455965045135552e-05
-7.346638791859725625e-06
-1.126118644585354549e-05
-1.983792510154679253e-05
-9.332587368758580790e-03
1.791130485209375909e-05
5.025262185804779052e-06
-1.077027830396553264e-05
-3.666042060087895243e-05
-1.221017888749334826e-02
3.381502349796708189e-05
4.014774737065791830e-06
-1.672696910547868643e-06
1.728995282683848663e-05
3.880735394106342353e-03
-1.195501044850842188e-05
-2.419026345091454788e-06
-1.593504261115549195e-05
1.215076776605211026e-05
1.913674566115468930e-03
5.028842728648351225e-06
-7.072348733018617460e-06
1.020623074943378950e-02
9.509652062827483155e-06
-1.060925970750593026e-04
-1.525620971884640575e-06
6.815284272543040774e-05
1.904206963560155035e-05
-5.239691737126619953e-02
-5.860719162494659566e-03
3.296978788610739207e-07
8.069066896909459852e-05
-4.960994281286048961e-05
-5.346499445105821151e-05
-6.712292169299740350e-06
3.005665030734087223e-02
5.211724241822042469e-03
-3.844620740109825296e-06
-9.808064571377266266e-05
9.712958513759663119e-05
6.448866648611603538e-05
1.510021556450541693e-06
-2.669930231872189030e-02
7.327178162166541182e-06
3.402486810473698774e-06
1.679513775109707143e-06
-2.106741656876161227e-05
1.753347872415827015e-03
1.137699119883158743e-05
3.531855651369613172e-06
-5.398613004647457186e-06
3.684476206107363885e-06
-2.807487622908139357e+00
1.891698924431819639e+00
-3.524424594324947480e-01
1.605070513600415527e+00
1.362192409021503181e+00
9.458421132291381372e-01
4.257371510984938601e-01
1.670571416449980084e+00
-2.283702606150309229e-05
1.809538573124641299e-04
-4.761306846601584085e-06
-4.407889996204551996e-05
1.684757229987527338e-03
-2.128559239753617378e-05
4.517495785008979723e-07
-3.427816034562669329e-03
-9.410279280825456414e-07
1.183388374980225087e-05
1.690280776247372104e-03
-9.402126416951365649e-06
1.071249744606937939e-05
3.060660129508602830e-03
-9.342908471652500681e-06
2.002858761191373936e-05
-6.352979619604464008e-03
-1.228258924930481688e-05
-1.541906123669485845e-04
-2.813249662755415198e-05
-9.348556128465018711e-02
6.692609952835778023e-05
-6.945163784638307527e-05
-1.367897821819243678e-05
2.123218801082138490e-05
-2.107523395909469827e-02
-1.678323182253059511e-05
-1.158939821647563339e-05
-7.358606192681154843e-06
-1.435049844134291095e-05
-4.332068790743361097e-03
1.523046784653787752e-05
-1.379901369018034501e-06
-1.031417555126621166e-05
-1.566500229571655801e-05
-2.595041890521619307e-03
1.499790625533192631e-05
-3.340139263883569102e-06
-1.906244997901496786e-05
-1.972060776142449756e-05
-3.343210763590870761e-04
2.120958716168355526e-05
-7.340861225550944686e-06
1.548390173466649702e-05
1.606470516236963204e-05
-6.014020827151747833e-04
-1.997640945397764051e-05
5.327746207893051662e-06
-1.223315574833208109e-02
-7.750984567584303926e-05
8.034130722734192376e-05
-1.019956487602042107e-04
-4.929208837888914257e-05
-5.078835274180012023e-05
6.304427333943991851e-02
3.054841584917435213e-03
5.553184468527545446e-05
-6.258110034401169410e-05
-1.514042571508493365e-04
3.735855200234067773e-05
3.893639583710974123e-05
-1.586323030040055759e-02
-7.880055114284069363e-04
-6.260940611363977016e-05
5.850474951794553259e-05
3.188147897691288391e-04
-2.972841227208035663e-05
-4.219975003215263744e-05
4.245236913836699343e-03
2.003124511804547480e-06
-2.163735332156495076e-05
9.459187778738927324e-06
-6.291365012506329349e-06
2.405351808491948320e-03
4.883874162136639147e-06
5.432817246947576587e-06
1.236331223445721634e-04
8.131357286861667179e-06
-3.325509601921264213e+00
4.610044799566667351e+00
1.492328435536425246e+00
3.786693051728962089e-02
-2.043261779236696718e+00
2.509200704870291343e+00
1.331907110580678344e+00
3.618126105195013764e+00
9.077908957333424324e-05
5.254137071360229878e-04
-1.317545304492017202e-04
1.242573401119596594e-04
1.231998365515796006e-03
-1.887820316564919854e-04
2.729383225151382680e-05
3.134911535881274025e-03
-6.091020900559599056e-05
-1.614192916464978259e-05
-2.716138717454396126e-03
3.416739108985123867e-05
-2.176985096603091156e-05
-4.394465413428820869e-03
3.175410459653796834e-05
7.775404335507266298e-06
2.813052643127508627e-03
-3.736115847671680712e-06
6.172343066183049237e-06
6.483358338336111561e-03
8.858681691261452136e-06
4.933087759154069449e-05
1.906908745332645773e-04
-2.825690655669433130e-02
-3.280778469567348040e-04
-8.239618198530896542e-06
1.485044310356436907e-05
4.785051740102984802e-05
-5.302295298060342305e-03
-9.344351866337192829e-05
-1.132054766884486199e-05
-2.731919261455891701e-06
-1.080688940535092515e-05
-9.320060031846513077e-03
1.680095692223026926e-05
6.445836998470491157e-06
-2.844803312815998937e-06
-2.011471658705654285e-05
-1.217482185410823786e-02
3.188686597961319251e-05
5.272803321034572731e-06
-1.524909777267856170e-06
8.700609348120906116e-06
3.861093553946124118e-03
-1.034658856085263286e-05
-2.680198017726060640e-06
-8.716142045646584527e-06
3.482549030111351257e-06
1.901387286118416328e-03
8.494022847264787461e-06
-7.122585118532191450e-06
1.020374855227651652e-02
1.035405646806553722e-05
-5.247832101200740297e-05
9.140840185570633415e-05
5.752219383150954091e-05
2.128905194019619883e-05
-5.240919893230751303e-02
-5.860686286445560347e-03
-2.164423477004411680e-06
4.021135675354178623e-05
-1.147461403847162644e-04
-4.563917047686867981e-05
-7.704878348548228033e-06
3.005648415096077650e-02
5.214278771985569362e-03
-1.030839347968915534e-06
-4.876582774449832869e-05
1.774570374475424681e-04
5.486099511202456103e-05
1.929643720497638958e-06
-2.668578044537121829e-02
2.807799792562742984e-06
4.403448812424436020e-06
1.857096705907110226e-06
-9.902484551057946397e-06
1.769692962469428818e-03
8.783130278388487171e-06
3.847600642050454168e-06
-4.912812477319176886e-07
6.796312635054358165e-06
-2.807485628351412021e+00
1.891693066704481785e+00
-3.524398875968861589e-01
1.605064313350575977e+00
1.362194816615544868e+00
9.458449475016351693e-01
4.257369922864400191e-01
1.670570839921603712e+00
-9.275348813960565312e-07
1.844025509924667816e-04
-1.435546391232108180e-05
1.200559240976460158e-06
1.688808139469366587e-03
-4.089803387072224027e-05
2.787819031059146740e-07
-3.427873054138670227e-03
-8.540743279537818066e-07
3.508870671974944662e-06
1.684265978612173613e-03
-5.529442326017498391e-06
3.427049393169125686e-06
3.053919558774485440e-03
-5.924350901209488255e-06
4.868783852131304668e-06
-6.361492846334229102e-03
-5.357539648683332597e-06
-4.852758935684294868e-05
-1.988673114435188883e-05
-9.344719709611634673e-02
6.183134655878017927e-05
-4.342359594500804388e-05
-6.595492488247642430e-06
6.243418126454068227e-06
-2.108738106212541819e-02
-9.811808214367520142e-06
-9.707452953729076549e-06
-1.601278411245999500e-06
-5.227772045915417596e-06
-4.321020376703053369e-03
1.087849785872314482e-05
-4.986515195839368768e-09
-2.691844834131201176e-06
-5.284659344648119433e-06
-2.584028795659205555e-03
1.009756467951361281e-05
-1.498032407234888401e-06
-5.423725767673313510e-06
-7.259307973861768055e-06
-3.193492590352881412e-04
1.525819842373936720e-05
-4.017892143021522345e-06
4.283938578231226172e-06
6.615538889381830122e-06
-6.145860385748560650e-04
-1.537835589882169895e-05
2.604342860613050086e-06
-1.222159496476664733e-02
-3.059508899992035631e-05
1.997445969153002190e-05
-1.468576395779746949e-04
-2.159782608720452161e-05
-3.876159548014529975e-05
6.310710660578869313e-02
3.045253530629062327e-03
2.312641974267966858e-05
-1.527878299868669267e-05
-1.217063681944977754e-04
1.572342567348447950e-05
3.060883997488572400e-05
-1.591341375130108857e-02
-7.771224556756240690e-04
-2.530460314635390659e-05
1.293658850050988265e-05
2.936831394800648001e-04
-9.032767998260304555e-06
-3.268422871936425643e-05
4.301530751390308070e-03
-2.967848530044946378e-07
-2.235178280133155813e-05
3.433912647642930289e-06
-1.856938857982731635e-06
2.410677722042781860e-03
2.850260851725336359e-06
3.872467405518568827e-06
1.199239443046186816e-04
9.465091484061743875e-06
-3.325510245754157435e+00
4.610056348845508190e+00
1.492328189232114743e+00
3.785997048002129328e-02
-2.043255597989684702e+00
2.509191936664848743e+00
1.331907747110785190e+00
3.618130075233470855e+00
-4.623067990324328719e-05
4.785747156010128562e-04
-7.434993551500526817e-05
-6.460238731281764402e-05
1.167757351725016036e-03
-1.065876950393776019e-04
-1.728558108740783434e-05
3.115644192120224990e-03
-3.443128283855790921e-05
9.944460445696363379e-06
-2.707508964070922883e-03
1.927400086243370245e-05
1.111988923303486922e-05
-4.383427510945976137e-03
1.790067730040993834e-05
-2.741751724977071514e-06
2.809935006677424189e-03
-2.128481969177740289e-06
-2.630009098658488589e-07
6.483638947269023539e-03
4.937230820482198410e-06
-1.360453760298592408e-05
-1.062111062763650989e-04
-2.837183955673470287e-02
-1.834937440438464318e-04
4.935208256314754980e-06
-4.069814821784347278e-06
-2.850917694387792301e-05
-5.336620924137086552e-03
-5.219847818261747591e-05
-3.314042756658559686e-06
6.830924486502111806e-07
5.718994101270137753e-06
-9.315167909175175315e-03
9.408146739176872342e-06
3.117564916437315293e-06
7.398627063890601574e-07
1.074982124706041766e-05
-1.216067381922424258e-02
1.785428121507587936e-05
2.400034448331439671e-06
4.182961445257001678e-07
-4.076915716615602931e-06
3.853879495564378321e-03
-5.818500273908357180e-06
-1.707971525188474294e-06
2.409205918768183736e-06
4.698748771641752289e-07
1.899106453820484678e-03
4.652366958944179492e-06
-5.456086478831217595e-06
1.020415088566727600e-02
-2.944469428582261027e-06
2.382585381594787125e-05
1.235441543175363512e-04
3.232969164742223884e-05
1.350732850590706196e-05
-5.240654714880887272e-02
-5.862007377873104143e-03
6.433693633554840466e-07
-1.851271581748336348e-05
-1.367761006552901666e-04
-2.565219874062187792e-05
-4.613549242868703087e-06
3.004933592802002534e-02
5.216839345221335050e-03
2.690186797001765804e-07
2.236156416784020295e-05
2.042428102590381823e-04
3.084383316858955635e-05
8.845978147022206788e-07
-2.667224323883434986e-02
1.599497371207016958e-06
4.913940886447390897e-06
-5.442213635227903297e-07
4.154763973261446124e-06
1.774641599533673770e-03
4.933339456358500588e-06
2.401776007409270145e-06
2.263664529640703768e-06
3.669190549171233932e-06
-2.807485628436310332e+00
1.891693067166525744e+00
-3.524398877290721988e-01
1.605064313790078412e+00
1.362194816611269621e+00
9.458449474861585493e-01
4.257369922197674628e-01
1.670570839821333919e+00
-1.129291404359531352e-05
1.844048077560172844e-04
6.960135679763365583e-06
-3.396359124224508365e-05
1.688813335748021562e-03
1.631179670266767493e-05
-8.233429468571792957e-07
-3.427873427873575664e-03
1.020601974206176112e-07
-6.622647659729508084e-06
1.684265907982514156e-03
-1.500024464571544270e-07
-7.090147165149208226e-06
3.053919618379990434e-03
3.677687472763193772e-07
-6.556643039995567790e-06
-6.361493534258782362e-03
-2.307292465129709971e-06
6.399802153130156892e-05
6.351034599483844540e-05
-9.344720145628401808e-02
-1.373669339186898929e-05
-1.519591580944058389e-05
1.170607774018481641e-05
-1.161814908842723830e-05
-2.108738184047950770e-02
-4.942570062104967651e-07
-8.541022862537897445e-07
1.093516744109570020e-06
1.203481270520490509e-05
-4.321020570326216011e-03
-9.174982158149254093e-07
-6.918209663226805039e-07
2.829280258038514929e-06
1.138732925708769411e-05
-2.584028920669382678e-03
-4.787337193551153772e-07
-1.135029981904335100e-06
6.442705121898832825e-06
1.684592663568054618e-05
-3.193497382648394201e-04
-1.353796237989438529e-06
-2.083661141802078812e-06
-4.792946533587549927e-06
-1.663048751031068667e-05
-6.145853126838340778e-04
1.973715097588862251e-06
1.458310640618603970e-06
-1.222159577334959966e-02
4.887990255618703222e-05
-2.874062433247350954e-05
-1.468589195240812629e-04
-6.395843887649601731e-06
-7.074893296290168127e-06
6.310710600658166192e-02
3.045253827479893569e-03
-3.807751433931128937e-05
2.121651581990054421e-05
-1.217049496960154447e-04
5.406570287484727668e-06
4.704142569634631108e-06
-1.591341301033523392e-02
-7.771226595150536711e-04
4.096072921743121119e-05
-1.423872053774279961e-05
2.936809645058486629e-04
-6.744017528824559668e-06
-5.559494767552556923e-06
4.301529704104108467e-03
8.454120999678754313e-06
-2.235178692202716076e-05
-5.127980994669882945e-06
3.396399099638207575e-06
2.410677613502031687e-03
1.814249731691850172e-07
8.992067423571731510e-07
1.199237882784672508e-04
-4.593880506257896527e-06
-3.325509602023991373e+00
4.610044800242993013e+00
1.492328435358751815e+00
3.786692996488148777e-02
-2.043261778754592584e+00
2.509200704272759097e+00
1.331907110678876904e+00
3.618126105500731438e+00
-1.584348197528873646e-04
5.254078375193694823e-04
-1.427384126796455232e-05
-2.238441809242326338e-04
1.231990802037854615e-03
-1.580849491732252602e-05
-6.544558297099007955e-05
3.134910203961161195e-03
5.410199511910800888e-06
3.722159135025172687e-05
-2.716138201131506301e-03
-2.456565606619285140e-06
3.816271725942300968e-05
-4.394463942743615306e-03
3.296299977725398082e-06
-7.179304582445619716e-06
2.813051838751603334e-03
-4.777852004687872480e-06
4.335919904484672735e-06
6.483357219696206028e-03
-9.398240396195551606e-06
-1.609239299287517166e-05
-3.794599574512153841e-04
-2.825691706344364909e-02
-9.958904174495239154e-07
5.022518970247824831e-05
2.925729773646308695e-06
-1.048483696116924043e-04
-5.302297912881083312e-03
5.312530473939869731e-06
1.980755458092726802e-05
-4.169323780612823588e-06
1.995133617134362678e-05
-9.320059237354761175e-03
9.550844392379440044e-07
-5.468735803023212311e-06
-3.170780526720065326e-06
3.766874291688595422e-05
-1.217482037069111261e-02
1.469037023003055650e-06
-5.157419834320304352e-06
3.128020724509761957e-06
-1.330926714723761914e-05
3.861092593365942315e-03
-2.358854191635379675e-06
1.256820501637229680e-07
1.047956599283983136e-05
5.615883257885801249e-06
1.901386228393278166e-03
-7.264372227992549406e-06
-4.095024275272203183e-06
1.020374754887350480e-02
-2.362027814642660725e-05
7.626055399895080448e-05
9.141377809752601353e-05
1.634824714821753411e-05
-1.688854774834720998e-06
-5.240920363320328290e-02
-5.860685253859745751e-03
7.758090650445504665e-06
-5.973673884315003043e-05
-1.147497730752056124e-04
-1.182212037308785845e-05
1.982623988996904908e-06
3.005648839596633884e-02
5.214277634796381060e-03
-1.158933256434985691e-06
7.200092814379133090e-05
1.774616350086523917e-04
1.461398448063525501e-05
-1.862808183391050458e-06
-2.668578510715428204e-02
4.566975857626247506e-06
4.403385119469020746e-06
-4.275130411046633653e-06
1.255665267193054398e-05
1.769694051678465368e-03
4.180439025384969944e-06
-3.495077407391077333e-07
-4.916643248885499084e-07
-5.915942986278874003e-06
-2.807486093743518207e+00
1.891702153579814194e+00
-3.524409709246867362e-01
1.605070176717602770e+00
1.362193211216187416e+00
9.458431547257138972e-01
4.257371072347331253e-01
1.670570230022437874e+00
-4.494270104580473836e-05
2.082109406423507815e-04
5.077761154767232340e-05
-1.216891244958756649e-04
1.745448652998781705e-03
1.265166529573147022e-04
-2.078260823206542152e-06
-3.432437378161138676e-03
1.412879312927596979e-06
-1.248361938543577189e-05
1.688105073689044958e-03
3.345587839825389805e-06
-1.442061725293382667e-05
3.061066171763344307e-03
5.802200822583470095e-06
-7.861643343632473185e-06
-6.362193327696394687e-03
-6.052709012630658125e-06
1.163205630837414967e-04
1.668600377991533591e-04
-9.352856140216893321e-02
-1.224247562273526489e-04
-5.182966691983222031e-06
2.983270223028575301e-05
-2.169447343765457486e-05
-2.108340517730726560e-02
5.270319497451683775e-06
1.050156275896425571e-05
-7.259457369137672878e-07
2.666672923520919031e-05
-4.333837139568024778e-03
-1.359681467127648040e-05
-3.561798352026259175e-06
3.080844993863275920e-06
2.408436164207808855e-05
-2.595611256110601749e-03
-1.064346664366721892e-05
-2.993920219105093930e-06
9.592263695728185500e-06
3.751928660453407563e-05
-3.381934420389830329e-04
-1.941756162383642686e-05
-3.432932727171959985e-06
-6.464949460246485725e-06
-3.891022754264650036e-05
-5.945154321780399872e-04
2.279453112964575652e-05
3.228286722570857834e-06
-1.223287334730966368e-02
1.125998792640263446e-04
-3.843668312497457932e-05
-1.200460771136104823e-04
-1.654936576492032184e-05
2.684591084772637985e-05
6.304602379632906484e-02
3.055934506855113170e-03
-9.043855899347510150e-05
2.643279565833409322e-05
-1.315674957474874363e-04
1.587039640184975583e-05
-2.487850476332685088e-05
-1.585757615567403786e-02
-7.899451139087115782e-04
9.547544678506074715e-05
-8.598407051538791703e-06
2.915955083960742244e-04
-2.831579343067310755e-05
2.430472165785676334e-05
4.235164102448269949e-03
2.168397520704179408e-05
-2.318514978817511806e-05
-1.104366746720969960e-05
6.437006196095434757e-06
2.403258101151400320e-03
-1.507518280692208662e-06
-1.892420805667771827e-06
1.154166390810969423e-04
-2.703679590948455572e-05
-3.325507655326842560e+00
4.610017101509104265e+00
1.492328613507827306e+00
3.788385069811041339e-02
-2.043275712165197877e+00
2.509221777061845682e+00
1.331905965942824066e+00
3.618116854979166686e+00
-1.810390070647516962e-04
6.256833429547515452e-04
1.299576277714033316e-05
-2.595392449877053438e-04
1.372971626011356425e-03
3.056045570941425422e-05
-8.433956839717589077e-05
3.185392996505480995e-03
3.663341429415026214e-05
4.738058941706846741e-05
-2.738875737611673553e-03
-1.898730204656130872e-05
4.369519197339331222e-05
-4.417458998378880411e-03
-3.453928651640866335e-06
-4.779302588896955156e-06
2.816053473877494322e-03
-1.068871535067674188e-05
1.304725616270164017e-05
6.473604598024008776e-03
-2.703241829710127330e-05
2.642318952588301547e-05
-4.581997922081681063e-04
-2.798289613697325234e-02
1.156872072575526920e-04
1.097381524190356298e-04
2.414563815961778744e-05
-1.310553805523550206e-04
-5.215956643809900248e-03
4.696438974419979700e-05
4.842970396057026303e-05
-1.190215019161394261e-05
2.335265128671266699e-05
-9.330871781416413477e-03
-3.647138133816711216e-06
-1.560355531415517336e-05
-9.996094871303150999e-06
4.436980931408036021e-05
-1.220698185661574231e-02
-7.800877987410835556e-06
-1.415288508175093456e-05
4.667842503965416953e-06
-1.420392540265774491e-05
3.875896218443434984e-03
-2.175816006295319124e-06
1.926598190571296941e-06
1.123593862326132946e-05
1.263360581204109884e-05
1.900022700241244672e-03
-2.124168645426361915e-05
-4.065752050218382477e-06
1.019937982371652355e-02
-3.651195659173033740e-05
7.882845729168501273e-05
3.099538511820200144e-05
2.045837894216028375e-05
-1.695340217243992097e-05
-5.243418297081124668e-02
-5.854375049335983419e-03
1.343860767330385163e-05
-6.257155363685471200e-05
-7.479875281005745344e-05
-1.331828207402305795e-05
8.984811916849135666e-06
3.009040349483659699e-02
5.204639434426114493e-03
-3.604123890469831373e-06
7.516678991385275738e-05
1.300012243822515801e-04
1.699373822839539053e-05
-5.113096881706507879e-06
-2.673679905873314541e-02
7.620344147444040787e-06
2.810298826530831089e-06
-6.592714636145301455e-06
1.187374105392261208e-05
1.762325754956845219e-03
7.305896656746366840e-06
-3.184549869294182291e-06
-8.719455530327216826e-06
-1.654691181871145115e-05
-2.807485542876159368e+00
1.891717477287281568e+00
-3.524413220874653696e-01
1.605078154059492723e+00
1.362191588809804843e+00
9.458414575117253253e-01
4.257372340268040234e-01
1.670568434605453456e+00
-6.573193570769765614e-05
2.632543957054921200e-04
8.756685812853900672e-05
-1.710725494525474569e-04
1.873137401340430920e-03
2.162895161066857245e-04
-2.441805192647055511e-06
-3.442536322509660417e-03
2.269492210661494984e-06
-1.116930674240451333e-05
1.691772261270500051e-03
3.466287057392709161e-06
-1.404764618724565048e-05
3.071412335669027657e-03
7.574176428238521815e-06
-2.152855625112849386e-06
-6.370447339254147780e-03
-1.292704441061532371e-05
9.137077955358424274e-05
1.998536813956885158e-04
-9.367673075429175378e-02
-1.962070046476228089e-04
-1.432363338238886661e-05
3.423507805263312307e-05
-1.913782410972005770e-05
-2.108430420921134779e-02
5.111776073259339300e-06
1.819913556712698539e-05
-4.024624052721750822e-06
2.810841512002943175e-05
-4.353233170774554843e-03
-1.992243587825249455e-05
-6.714243672001448474e-06
-1.797842557643164897e-07
2.434708752505195336e-05
-2.612340418926320171e-03
-1.486552983658557636e-05
-5.661366766271005286e-06
4.877508723570607853e-06
3.974911980370687381e-05
-3.677331787837977953e-04
-2.859133443425326829e-05
-6.668861856085493071e-06
-2.209274521549866232e-06
-4.291058574589383986e-05
-5.608924868107769204e-04
3.472963520292689113e-05
6.398256799207271393e-06
-1.224842762465116509e-02
1.182368411177889148e-04
-1.735763269467651321e-05
-9.657724889815418306e-05
-4.045921261509092496e-05
4.582255013126517075e-05
6.296140120446473698e-02
3.071843200993076232e-03
-9.783649894380813390e-05
8.921125019525823902e-06
-1.296129882100573822e-04
3.649833544054964036e-05
-4.265448125812420810e-05
-1.577462355630187760e-02
-8.095526692328814094e-04
1.016145167732473292e-04
1.209075927113631777e-05
2.669445773911208880e-04
-5.628422288372066058e-05
4.146024626261902036e-05
4.133928547598021870e-03
2.591709999184855769e-05
-2.568399325387417617e-05
-1.081971079921095931e-05
5.855289928860579936e-06
2.391027450570122007e-03
-1.581660299631893900e-06
-3.188971274346179047e-06
1.026054336906300369e-04
-4.251068408556069771e-05
-3.325505316953994761e+00
4.609989519096061805e+00
1.492328381235644263e+00
3.790092813812358241e-02
-2.043288702567464643e+00
2.509242807057248559e+00
1.331905205086349131e+00
3.618107911521066367e+00
-1.112617680224933580e-04
7.136952363034907484e-04
6.996369145059573345e-06
-1.620777166399215861e-04
1.500550850082866747e-03
2.666359392859930035e-05
-5.837825767310219775e-05
3.239914870353856249e-03
4.581970662801016371e-05
3.244346357753579558e-05
-2.763570855822923295e-03
-2.349494496453380290e-05
2.691618119638793926e-05
-4.436942128567023490e-03
-2.116713530469504169e-06
-5.887992029884054414e-07
2.814599309065572708e-03
-1.513987746586701232e-05
1.357043967769999518e-05
6.454850242460257424e-03
-3.674503958296718831e-05
5.534193343742340929e-05
-2.985660668569867985e-04
-2.771138659449122466e-02
1.315634883936805466e-04
1.474552013136091783e-04
3.264193361018210502e-05
-8.830408746061222552e-05
-5.125954526459360755e-03
5.682580229494436620e-05
6.604497958522988763e-05
-1.333913244020259911e-05
1.472972056862143064e-05
-9.340728579152383568e-03
-3.575556748168720843e-06
-2.171161808534077835e-05
-1.153780641933892031e-05
2.818394882848271321e-05
-1.223726435831820614e-02
-8.014713252565451988e-06
-1.960213736885203800e-05
3.712326583523481174e-06
-8.042846663812844014e-06
3.888167501747972262e-03
-3.903227143439128195e-06
2.918031089228543324e-06
5.941003640521530074e-06
1.203280975775844002e-05
1.891876795622246272e-03
-2.863613814363071526e-05
-4.487790722669790091e-06
1.019166166671417115e-02
-2.986473886068651476e-05
4.274355214635234201e-05
-1.256751303156607201e-05
3.343502333573882587e-05
-2.534780285878838926e-05
-5.247757133776446981e-02
-5.844974365762414456e-03
1.197252125251978150e-05
-3.456504247476492830e-05
-4.779775284454405989e-05
-2.245915934764628366e-05
1.297883609698411063e-05
3.014085129355708464e-02
5.191543781995458691e-03
-4.183374993266643290e-06
4.134878397375173220e-05
9.934485582619635865e-05
2.832711943584667179e-05
-7.102841806037627983e-06
-2.680603583729059339e-02
5.512400115811303021e-06
8.712120279381297772e-07
-5.450361473637707229e-06
5.594837377808415601e-06
1.759365835777512450e-03
1.084158566941899511e-05
-4.844236213179670193e-06
-1.849880984804297757e-05
-2.125910968476938233e-05
-2.807483942684736888e+00
1.891731424072242040e+00
-3.524404271027681834e-01
1.605083845270353304e+00
1.362191003513467003e+00
9.458410025967916024e-01
4.257372940059520605e-01
1.670566170451815324e+00
-4.144788568528253174e-05
3.255098834352229556e-04
8.889162409846054649e-05
-1.056365551586120908e-04
2.015556120758555444e-03
2.177635419690201947e-04
-1.342220417424474774e-06
-3.453717479542407764e-03
2.141215797683721983e-06
-4.776135818154869825e-06
1.692805086414241565e-03
1.676937866270359491e-06
-6.616540617649319729e-06
3.079441458822723774e-03
5.860365727220928762e-06
1.671736173810189820e-06
-6.383818133627076723e-03
-1.555672120173320590e-05
2.977656193241586273e-05
1.119285863013434697e-04
-9.382065130009639708e-02
-1.876910670550005792e-04
-2.252638483009411917e-05
1.982522738500332044e-05
-8.031710203813776278e-06
-2.109136169267799427e-02
1.917805615121097144e-06
1.879679271481613976e-05
-4.097488233306128012e-06
1.423938652709909897e-05
-4.369068791091987314e-03
-1.739587110493720550e-05
-7.523602957524575006e-06
-2.152192263055088383e-06
1.187251371501582779e-05
-2.625265942456888896e-03
-1.226711789384167149e-05
-6.530374770323843502e-06
-5.458097164800881272e-07
2.022993462959624280e-05
-3.927849129914456547e-04
-2.509696604768832162e-05
-8.013634258355774371e-06
1.591989120857606130e-06
-2.258464647833222747e-05
-5.304660079813316867e-04
3.161842270411901632e-05
7.570041155007512173e-06
-1.225964584005262599e-02
6.256725347810857842e-05
1.504004291196400599e-06
-9.285019772785623078e-05
-5.116316184824476509e-05
4.543675238436189497e-05
6.289969455023400324e-02
3.084571629620281186e-03
-5.340431736735915089e-05
-3.901627671272254335e-06
-1.125889437564225122e-04
4.480326451515350550e-05
-4.293266575278378844e-05
-1.570833023110232429e-02
-8.257571552957645175e-04
5.448525836469170582e-05
1.554746636822542234e-05
2.271253664707306111e-04
-6.358852283657397716e-05
4.129750331722885880e-05
4.050544758642472300e-03
1.240628593335786191e-05
-2.882047845422455479e-05
-5.320043528403134556e-06
2.596925909773764528e-06
2.380080487964735154e-03
-7.836796710347743665e-07
-3.063372860774340989e-06
8.666397225943936033e-05
-3.914526438152842797e-05
-3.325503837344095714e+00
4.609976082052561708e+00
1.492327920295136723e+00
3.790944104956994742e-02
-2.043294278428188893e+00
2.509253088934688680e+00
1.331905156676591595e+00
3.618103783234387194e+00
-6.619155032787561511e-06
7.464217245907627581e-04
4.745957142430477182e-08
-9.020042486532094445e-06
1.551682242489663306e-03
1.449415914947897597e-05
-1.897921357092052725e-06
3.270038513076006011e-03
3.695556788635224251e-05
1.136719984026441323e-06
-2.777317003368610145e-03
-1.882317442724966818e-05
1.589131347550357810e-06
-4.443510795684942755e-03
-3.892995247217852483e-07
-5.942905152589306384e-07
2.810118669825819281e-03
-1.331141886348981170e-05
-5.117376315475637450e-07
6.438051187475103340e-03
-3.149034795629279871e-05
2.131375231027000274e-05
-1.392254628189684078e-05
-2.758033403685009044e-02
9.937815796161744242e-05
1.335419068979006225e-04
1.017929657649655651e-05
-3.470272868683835837e-06
-5.078699045270685525e-03
4.508221891918989105e-05
6.058831307982355096e-05
-3.621966874309331049e-06
7.921510499866409205e-07
-9.344758190358253350e-03
-2.346051326967664957e-06
-2.012251058467385314e-05
-3.206990617090583941e-06
1.474503177417301593e-06
-1.225053311572687521e-02
-5.515291694562837399e-06
-1.813551121373841639e-05
6.138345326868131317e-07
-6.460501613558024295e-07
3.892043221011238802e-03
-3.855618397974721165e-06
2.915477769423749843e-06
-7.137348812476708953e-08
-2.884992802173917517e-07
1.882139096503138934e-03
-2.447460095712345021e-05
-3.281356944253656855e-06
1.018505753198945332e-02
-5.268884737130504563e-06
3.912160929119541378e-06
-1.971789518819352547e-05
3.162523524914909591e-05
-2.495642564357168159e-05
-5.251441054423447441e-02
-5.837730183212438452e-03
2.444638977759800095e-06
-2.984482908907032329e-06
-4.550568998727395984e-05
-2.155968872923092204e-05
1.239514631411901935e-05
3.017963323292485039e-02
5.182167134596815140e-03
-1.157443258809212218e-06
3.634292011035509748e-06
9.854343163646678457e-05
2.705360986825832838e-05
-6.506765408191724203e-06
-2.685550006797238903e-02
-3.307163101012502790e-06
-4.211497785293063074e-07
-1.008149667567044295e-06
7.331885752760232438e-07
1.761700466974087812e-03
9.798482049628241662e-06
-4.766675313569069930e-06
-2.462980951119251232e-05
-1.655557585912842135e-05
-2.807482815916477747e+00
1.891736710724866377e+00
-3.524395129401571847e-01
1.605085258938220738e+00
1.362191203580856769e+00
9.458413460453642951e-01
4.257372907039750909e-01
1.670565014026683448e+00
2.619360471331843597e-05
3.548906985183279900e-04
4.927742835238669227e-05
6.538450499367365071e-05
2.082021114011302874e-03
1.205868466710586622e-04
7.304992540048582405e-07
-3.458880309628919406e-03
1.164805776361582102e-06
1.550793951303363808e-06
1.692108551310581716e-03
1.017777609679043663e-06
2.700933109935164589e-06
3.081828913945210309e-03
3.424644786522420530e-06
-2.906159229904140789e-06
-6.391641722769117115e-03
-8.846358590282048888e-06
-8.415099502737470301e-06
-6.155179826294529533e-05
-9.387957655405827773e-02
-1.050199814473414797e-04
-5.810665244391139311e-06
-5.460251923091201978e-06
2.497108586361012857e-06
-2.109698017533585129e-02
1.157565779691566187e-06
1.376935802589960694e-05
1.084367143788134591e-06
-6.752261153372035222e-06
-4.374220752451667658e-03
-9.781488993141595594e-06
-4.647943398316932716e-06
5.775629512283149277e-07
-5.257361619937210250e-06
-2.629080894910532182e-03
-6.919771603615419220e-06
-3.838694596364882809e-06
1.366487440476531135e-07
-9.655103291607092521e-06
-4.014208497723841212e-04
-1.410627030302455496e-05
-4.335274951976337716e-06
-3.805696628116664272e-07
1.137825344307005361e-05
-5.190002556012551522e-04
1.773749837742481873e-05
4.169210386968588124e-06
-1.226261772476528594e-02
-1.714085320245526574e-05
-8.922303391489774165e-06
-9.991901270844602036e-05
-2.822810025544527057e-05
3.577617519499299133e-05
6.288344861362381299e-02
3.088597113429925826e-03
1.466852846811759673e-05
8.510742457528079998e-06
-9.893602025229323985e-05
2.481727094015684891e-05
-3.283467052407729967e-05
-1.568755308409989363e-02
-8.311210414371005906e-04
-1.495795320684347335e-05
-1.479047211434224658e-05
2.038536067110628333e-04
-3.534913900544343023e-05
3.212144075402491110e-05
4.023082936420091515e-03
-1.487151492137017803e-05
-3.046745279297695589e-05
1.497600467502942717e-06
-8.283356718771810577e-07
2.376086868396419353e-03
-5.302179260737558569e-07
-2.637199899509165568e-06
7.861125497981702860e-05
-1.768458486415827593e-05
-3.325503937790787123e+00
4.609979200858268733e+00
1.492327778540284866e+00
3.790760275218374442e-02
-2.043292446449517019e+00
2.509250728100100858e+00
1.331905398286577613e+00
3.618104905160376195e+00
6.172095064893023410e-05
7.315751069162275411e-04
2.678248258936731421e-05
9.712562035108178568e-05
1.531958399929197545e-03
4.362349272849720314e-05
5.072988593517351106e-05
3.265637758760722275e-03
2.598861623006574700e-05
-2.729893266793657330e-05
-2.775366946931019305e-03
-1.393753804267997317e-05
-1.509706454402634947e-05
-4.439893719881048313e-03
-6.627204622997686104e-06
-6.239602684040292024e-06
2.808458485646163696e-03
-4.216669979270195306e-06
-2.304320010956001515e-05
6.436468357545882535e-03
-1.359232679059911260e-05
-6.900430337100876658e-05
2.124624854154707175e-04
-2.761172925040037904e-02
1.065638049160072217e-04
6.699941903925987503e-05
-3.510601699127175119e-05
7.052560842811423931e-05
-5.087227568664413890e-03
3.670357393312770523e-05
3.298431264922211905e-05
1.295726803080301506e-05
-9.229867669666991711e-06
-9.343268266453546786e-03
-4.410846369993463071e-06
-1.160317031399276785e-05
1.141747698595070745e-05
-1.816218228432403843e-05
-1.224638705244102989e-02
-8.780030738764881885e-06
-1.035357843962329819e-05
-2.749672799724708916e-06
2.521730264753688667e-06
3.889635029047175483e-03
7.109229191731896140e-07
2.359661668614335960e-06
-1.941744936052355881e-06
-1.859671216366158561e-05
1.880271356981635857e-03
-1.106057817675833765e-05
9.206290326691030771e-07
1.018454187188339195e-02
2.272341541263692599e-05
-7.795381487186264465e-06
-8.006090372467448372e-06
-2.449069152346676921e-07
-1.916326381351718042e-05
-5.251710193875378657e-02
-5.837511787710033574e-03
-9.863203172436526829e-06
8.334337116022167213e-06
-5.378555363802370532e-05
1.478652345214069954e-06
8.505766175603586955e-06
3.018074397796749811e-02
5.182217935579898523e-03
4.121974229149247303e-06
-9.360546410072136713e-06
1.088124207086736423e-04
-1.346105915004628274e-06
-3.724010175758724262e-06
-2.685520029632910630e-02
-1.464783224022899602e-05
-3.345864315102090823e-07
4.136650424725268020e-06
1.698241335446786815e-06
1.763865118045419888e-03
1.870179821888305548e-06
-3.539311253723515842e-06
-2.417135824527948994e-05
-5.239129345242039231e-06
-2.807483942553207878e+00
1.891731423990999472e+00
-3.524404267943568869e-01
1.605083845306850998e+00
1.362191003301540082e+00
9.458410023864285421e-01
4.257372939964749192e-01
1.670566170672027173e+00
9.840048653198002091e-05
3.255050427858538747e-04
-9.610985747334903316e-06
2.435059893516219019e-04
2.015545778085257346e-03
-2.059520279692668725e-05
2.581591633493133283e-06
-3.453716739051954521e-03
7.120128267565457165e-09
3.758515954756247270e-06
1.692805923960119703e-03
3.417614740801529706e-06
8.135933140767131314e-06
3.079441769498520928e-03
3.167526118018543922e-06
-1.379657123359310296e-05
-6.383816116059429918e-03
5.562820551595557368e-06
6.765731206826716216e-06
-2.185129085721989467e-04
-9.382064670682484231e-02
-3.027350858919920399e-06
4.214122057047172673e-05
-2.619269214935480449e-05
5.673659444559517187e-06
-2.109135925823255389e-02
5.996636986575717726e-06
7.757254939462942845e-06
8.855328968272299699e-06
-2.218487619511891763e-05
-4.369068946175362275e-03
-3.626409834685211126e-06
9.090983345809642278e-07
6.919874373640581919e-06
-1.655838862638883447e-05
-2.625266419543964037e-03
-4.144221356792113902e-06
1.850125251512711256e-06
7.467419121871078599e-06
-3.184719130479718717e-05
-3.927851676911927334e-04
-4.964174610157082957e-06
4.138756692538728309e-06
-7.750471193578408052e-06
3.867164372991141989e-05
-5.304664123862183264e-04
3.742699022002826359e-06
-3.357053831285253096e-06
-1.225964683431383234e-02
-7.062347732754057587e-05
-4.513351562586891624e-05
-9.284460242998027104e-05
2.438579760469603296e-05
3.145166997132206686e-05
6.289968828435352211e-02
3.084572616370035141e-03
6.388195664248195343e-05
4.073102927286545639e-05
-1.125940099023092647e-04
-1.899108086348090115e-05
-2.475576221520402827e-05
-1.570832573390193443e-02
-8.257582707551869381e-04
-6.300870841724525231e-05
-6.281208390115478968e-05
2.271314146256810020e-04
1.828830979899089562e-05
2.650172194331961895e-05
4.050539728356468590e-03
-3.999303441097471542e-05
-2.882036229930616509e-05
5.255571492135356344e-06
-1.976485816222458647e-06
2.380080190632328629e-03
-1.856636514071316192e-06
-3.209283724663025797e-06
8.666454209871645700e-05
8.733408274602848855e-06
-3.325505316263012379e+00
4.609989513765447633e+00
1.492328381511324853e+00
3.790093163400781728e-02
-2.043288705120232418e+00
2.509242810871956220e+00
1.331905204861808301e+00
3.618107909764479047e+00
6.271183968385881085e-05
7.137156409338043682e-04
9.127630717661712142e-05
1.058568798939581071e-04
1.500578724540774624e-03
1.243709394458824180e-04
6.981222517698442798e-05
3.239922910168629381e-03
2.620724207113206538e-05
-3.700262349068080599e-05
-2.763574406636637535e-03
-1.568404656525432877e-05
-1.550454182733315898e-05
-4.436946877423380252e-03
-2.191991545815498579e-05
-1.287698997946926629e-05
2.814600971091645466e-03
8.169736812826411951e-06
-3.886142287838700393e-05
6.454850743837732552e-03
7.007874616375468206e-06
-1.539761946826069810e-04
2.631563164433842043e-04
-2.771133698770287396e-02
1.927479556210207675e-04
-2.244023852924868908e-05
-7.298832283632280583e-05
9.334843577845454215e-05
-5.125940235213322614e-03
4.804569318360982151e-05
-3.480049550527414904e-06
2.552504703644530590e-05
-1.045922779724752388e-05
-9.340730669413497070e-03
-1.096527846510000917e-05
-5.709179053046762194e-07
2.272314867614957346e-05
-2.102839685182456437e-05
-1.223727051017841315e-02
-2.039501701231451419e-05
-2.437663297576913426e-07
-4.339061744297113559e-06
6.388275400871234600e-07
3.888170702120819638e-03
8.916930153059483445e-06
1.860796235489752373e-06
8.720984237522005985e-07
-3.081749963709420995e-05
1.891878262264269596e-03
3.905276170149331343e-06
7.279195986604869785e-06
1.019166183468114481e-02
3.688139234399939943e-05
7.812653702843841907e-06
-1.258213058857843942e-05
-5.405979864769626722e-05
-1.318972747108213459e-05
-5.247756986317771849e-02
-5.844974410113655018e-03
-1.722549199915949033e-05
-2.291608015482165210e-06
-4.778751380367536866e-05
4.133503874656732527e-05
3.879163936858861444e-06
3.014085117280976278e-02
5.191543615869959050e-03
8.241535403599196599e-06
3.985922760696444683e-06
9.933220515350073146e-05
-5.014767258872152662e-05
-7.508557916219850744e-08
-2.680603712631676391e-02
-2.108386523722061720e-05
8.711264490072252196e-07
6.906641731305891493e-06
6.595248862063499923e-06
1.759363392600225666e-03
-1.026918249668402728e-05
-2.330013433525719525e-06
-1.849931147514553495e-05
5.775718064432679588e-06
-2.807487724648105143e+00
1.891720125133890207e+00
-3.524439000748550432e-01
1.605082785567478076e+00
1.362189463847463866e+00
9.458389086060902118e-01
4.257373696039620792e-01
1.670569427369143156e+00
1.261792294841317834e-04
2.474670363475495573e-04
-5.527608363217220938e-05
3.093725113755000831e-04
1.840573143750849194e-03
-1.275673740859307505e-04
3.077451932366962505e-06
-3.440252639968763727e-03
-6.888820710534573678e-07
1.857087511223443148e-06
1.697166799300023256e-03
7.861286221448521213e-06
7.486636013533959947e-06
3.076078383151854313e-03
5.537026895121691884e-06
-2.157648767118541453e-05
-6.359852365084609285e-03
2.012089134067977301e-05
5.066072905737790375e-05
-2.619103623093599407e-04
-9.368335162634977564e-02
6.006927856608038313e-05
1.012973718825496461e-04
-3.047812669702687488e-05
2.038439576511566638e-06
-2.107159152328718504e-02
1.432214506735961012e-05
4.452643940035616132e-06
1.355438823729239470e-05
-2.391270018612245832e-05
-4.360323000332617764e-03
-2.815195091716164494e-06
6.458327744641747224e-06
1.183729603370541121e-05
-1.668565358016110898e-05
-2.619999511975009722e-03
-5.956831037730962448e-06
7.879553870163160219e-06
1.492664626441611643e-05
-3.452090059389863847e-05
-3.766345613135841947e-04
-3.382149105615318531e-06
1.357794796744453654e-05
-1.431457015818050069e-05
4.377029089146764786e-05
-5.547611398272734272e-04
-2.028101395436570297e-06
-1.155135422434991696e-05
-1.225687855185906595e-02
-7.128329859001512805e-05
-7.415898437998627362e-05
-5.538288133440213892e-05
7.932799205420112488e-05
3.757690473107379824e-05
6.291539927678094224e-02
3.078195405022485318e-03
6.825726180049002622e-05
6.444456974354057606e-05
-1.605802203775521554e-04
-6.363357186581363356e-05
-2.491650991885662728e-05
-1.574122623125685100e-02
-8.164264444970849516e-04
-6.514363800937687983e-05
-9.055516596578014365e-05
2.981657832055138735e-04
6.865656587419053812e-05
2.956888197900277645e-05
4.098263326160360431e-03
-4.656893925408774678e-05
-2.440919320398052706e-05
4.443890669297942842e-06
-7.486523602635264635e-07
2.388077190696010366e-03
-4.370744774157128351e-06
-4.949981777039228960e-06
1.091827658798658469e-04
2.488099021229366373e-05
-3.325506921362768153e+00
4.609994693206507677e+00
1.492329612741521538e+00
3.789706297572609239e-02
-2.043288839966670434e+00
2.509238739444884736e+00
1.331904245354091021e+00
3.618108806115650999e+00
2.437341161764125600e-05
7.319747017979905254e-04
1.583936659308981794e-04
5.046390359401302979e-05
1.514390549475010204e-03
2.122597145265186971e-04
5.085727442680553710e-05
3.217447616036281030e-03
3.624801886671301084e-05
-2.641693958692830035e-05
-2.753061435748944095e-03
-2.247860667025217873e-05
-6.240518691015489634e-06
-4.443312695210064472e-03
-3.792482131159705209e-05
-1.349592516459920725e-05
2.827778856725673886e-03
1.754319794733620377e-05
-3.517016279895058688e-05
6.484566276379308096e-03
2.013540538960254908e-05
-1.630547413162572012e-04
1.631842175737979826e-04
-2.775772455248058657e-02
3.078933126175895855e-04
-9.550072628115403655e-05
-7.372576573311316432e-05
6.432962543117707677e-05
-5.154556380157204569e-03
7.143721883059023215e-05
-3.284844250460266358e-05
2.474176356899361623e-05
-5.460408137745671514e-06
-9.341522258559661201e-03
-1.836340231488611414e-05
8.146030845337715842e-06
2.220602202638740464e-05
-1.148300964719700711e-05
-1.223667391207873718e-02
-3.386072928469699460e-05
7.777914722694875694e-06
-3.394372134496691212e-06
-2.265512455999640889e-06
3.893087322449747395e-03
1.643150164869163732e-05
1.609372026953039288e-06
4.406005404939265891e-06
-2.744697412564839527e-05
1.913174113925527773e-03
1.308870741565505890e-05
1.292478656101868149e-05
1.020296433389185700e-02
2.982423035970584987e-05
2.351589796502802975e-05
-5.242637465336237286e-05
-1.015576183892979561e-04
-9.449056536332433085e-06
-5.241571418125970383e-02
-5.855808858501244593e-03
-1.504701549367361849e-05
-1.488971761875246436e-05
-1.575601899021626283e-05
7.701521972422321178e-05
4.938579160344546142e-07
3.008294373604043087e-02
5.204104779060770951e-03
8.079623045461978715e-06
1.911069610812069511e-05
5.674708609881840005e-05
-9.367817280538188129e-05
2.812123824436201387e-06
-2.673944529036809820e-02
-1.741420133763866892e-05
2.154625237374989160e-06
5.712498435572043999e-06
8.933556893762912958e-06
1.746836930448478990e-03
-2.042160316900787679e-05
-1.640915066810126293e-06
-1.199768398967228981e-05
1.068407279446233695e-05
-2.807492563843872357e+00
1.891710247481312113e+00
-3.524486312566590396e-01
1.605084049005262026e+00
1.362186877543889230e+00
9.458355611544830843e-01
4.257375116636504253e-01
1.670573150259521578e+00
8.703220805854168453e-05
1.621836422217564494e-04
-6.837370155446907682e-05
2.116364307792225870e-04
1.650725315814965130e-03
-1.564440936773603516e-04
1.991412053421467182e-06
-3.425791157946537872e-03
-7.548702435196168254e-07
-5.317785047363620451e-07
1.704181423931654680e-03
1.097777553829935854e-05
3.358043397303372532e-06
3.075082965929611719e-03
8.042376414046542406e-06
-1.724531339629202284e-05
-6.330859315906514802e-03
2.672800009900782678e-05
6.780704346529562235e-05
-1.693994458252273845e-04
-9.355044186942544637e-02
6.685026448551488162e-05
1.377905340919769372e-04
-1.838441710129249551e-05
-1.796847393825391857e-06
-2.104567921275863826e-02
1.996166942190890422e-05
3.495958037992883760e-06
1.099080792310721481e-05
-1.371590896659925459e-05
-4.355179491359726165e-03
-5.397285767683695893e-06
9.532284955944931258e-06
1.042968299706190997e-05
-8.719542361789840376e-06
-2.618602953909694546e-03
-9.307469023705979309e-06
1.132718076229079831e-05
1.443330220808548332e-05
-1.993135874396776249e-05
-3.650657322631627871e-04
-6.860358533008907215e-06
1.912216133681869206e-05
-1.323418462650790487e-05
2.661900470237440542e-05
-5.758051167579544133e-04
-7.101402514431343809e-08
-1.632283203624784648e-05
-1.225833677310406329e-02
-3.329387413874606899e-05
-6.117720943712154965e-05
2.383259373772684230e-06
1.052837953267615089e-04
4.440713843257942229e-05
6.290787171573204717e-02
3.075100745182531015e-03
3.584141547698994798e-05
5.191195591049734204e-05
-2.233958864239851151e-04
-8.403493671879409962e-05
-2.762646554804895307e-05
-1.575714925487632298e-02
-8.106900117472869323e-04
-3.217137673204680437e-05
-6.855069680652851937e-05
3.838866631319120702e-04
8.932162994489619453e-05
3.401900891907925492e-05
4.127768131121183764e-03
-2.945261267286432099e-05
-1.947868158439205392e-05
1.113877966349640324e-06
5.757360437498213433e-07
2.394292763269720119e-03
-6.165943361027172577e-06
-6.432837944550508791e-06
1.348286336015380748e-04
2.439457913870397723e-05
-3.325507751312258620e+00
4.609989911451372713e+00
1.492330828907758589e+00
3.789932278316411607e-02
-2.043293817783759181e+00
2.509242257827766220e+00
1.331902946270262289e+00
3.618106425964344730e+00
3.766288158508453417e-06
7.841966155024736665e-04
1.777548064125956549e-04
1.074224155202222127e-05
1.576696919739956765e-03
2.382650801190430289e-04
1.534526520125657447e-05
3.214001114232920182e-03
4.080018652782918195e-05
-7.875564859702104906e-06
-2.751158226121899059e-03
-2.528524300217096311e-05
-1.028638823725399966e-06
-4.457338055932642124e-03
-4.256137349329826817e-05
-4.757101270010701734e-06
2.841185901947001005e-03
1.964361512499834995e-05
-1.174671520420791208e-05
6.509017143280777622e-03
2.249238742061141093e-05
-7.480603297894146528e-05
4.421468701091565241e-05
-2.770566347159833520e-02
3.454957742883605579e-04
-1.280083738271299077e-04
-3.196990491774835810e-05
1.872151748683441590e-05
-5.151376501636455510e-03
8.016464480669592562e-05
-4.668849042929197585e-05
1.014540111918974197e-05
-1.279081476257065496e-06
-9.346023677728042267e-03
-2.058912629341925032e-05
1.251776192308439738e-05
9.211407423335298784e-06
-2.804180757573595201e-06
-1.224731554150042083e-02
-3.797769837331713561e-05
1.174283654762322837e-05
-9.350382283855639097e-07
-1.145032051923155115e-06
3.902871533455136866e-03
1.842674434802531067e-05
1.250644793465282083e-06
3.830841859200445408e-06
-9.099925765143147802e-06
1.932704895333124413e-03
1.464738374653774125e-05
1.471727144037350283e-05
1.021208538743893432e-02
8.880995611761324684e-06
1.011597626098762440e-05
-1.107920192265456137e-04
-1.137662023954066220e-04
-5.846904065420136502e-06
-5.236640210529973360e-02
-5.863839945305935122e-03
-5.235762323834408487e-06
-6.718005849017949719e-06
2.821398441379128260e-05
8.632666975422145664e-05
-1.676857224501677958e-06
3.004043298513103810e-02
5.212584442521632326e-03
3.347523094266370528e-06
8.482534164234743686e-06
2.093956191595407190e-07
-1.050265873310683360e-04
4.218154852206652144e-06
-2.669473228359164549e-02
-4.687740449084774983e-06
2.650497146737306917e-06
1.789017322459857034e-06
3.377843528161342422e-06
1.732379799825342495e-03
-2.298086853614221076e-05
-1.025074616407440605e-06
-8.722139133007817552e-06
9.049923112266970745e-06
-2.807488545339703823e+00
1.891708101369296013e+00
-3.524440537716269639e-01
1.605077081196941480e+00
1.362190421768887383e+00
9.458398550677049599e-01
4.257372895808768098e-01
1.670571058881315629e+00
-7.376231413574939832e-05
1.999874358260101228e-04
-5.832712985703904094e-05
-1.701760229055419025e-04
1.731142534999385255e-03
-1.534240719850505296e-04
-8.999572841963050879e-07
-3.431621410256384570e-03
-2.319551682596410776e-06
9.816687662857115070e-06
1.695103900843136519e-03
-1.102363465200894268e-05
6.431025206648789210e-06
3.068449139226940309e-03
-1.335172147347386397e-05
2.706387197087361702e-05
-6.351300473120839209e-03
-4.208926004452875846e-06
-1.523908659921343082e-04
8.555157134127381973e-05
-9.356385690841953484e-02
1.832919672005162961e-04
-6.536349772289217494e-05
-2.493734268934267760e-06
1.814483163358830947e-05
-2.106868323792098971e-02
-1.912044633820017770e-05
-2.824102323600073894e-05
-1.079423163502402652e-05
-2.742778916981148318e-06
-4.345742464266069693e-03
2.665916528319795925e-05
4.250181423574359951e-06
-1.285848154109522139e-05
-6.985820666908885301e-06
-2.607682907083255786e-03
2.335891249552237559e-05
1.041399727373792526e-06
-2.156882491489938003e-05
-3.082675187175150350e-06
-3.540992997475441405e-04
3.764032628752867859e-05
-2.630497352944500373e-06
1.822400998141619305e-05
-4.117086627211234581e-06
-5.810876572661429753e-04
-4.019827922178306171e-05
4.110945673035321991e-07
-1.224568383657637961e-02
-4.610703351710938706e-05
1.033705174212368188e-04
-6.753310364252657332e-05
-2.239696269051509768e-05
-9.581913048996483365e-05
6.297636611059606593e-02
3.066323657251413589e-03
2.759467561476848345e-05
-8.320852878209335495e-05
-1.675053085680182265e-04
1.342608877813729031e-05
7.964317962789099477e-05
-1.580305990736878899e-02
-8.016058675152618225e-04
-3.483035466585506499e-05
9.054164903314150710e-05
3.236496631829801750e-04
5.900354999343339087e-06
-8.237218870759238892e-05
4.174605335317895481e-03
2.704226458497875304e-05
-2.206231178904639705e-05
6.891406821018389788e-06
-5.480319229200157323e-06
2.397585565129730593e-03
5.728270229043426709e-06
8.727265487510298516e-06
1.207361168585239467e-04
2.567206863475764785e-05
-3.325507655332552659e+00
4.610017103289929530e+00
1.492328613932663917e+00
3.788384987898492373e-02
-2.043275711703508080e+00
2.509221775887517492e+00
1.331905965877634213e+00
3.618116855360020256e+00
7.845904335116779115e-05
6.256838295760272636e-04
-1.649749888597697265e-04
1.019380340461924727e-04
1.372970973026257924e-03
-2.428935011032677335e-04
9.693600355841117637e-06
3.185388340889081654e-03
-9.288900316341423054e-05
-6.901677475612698798e-06
-2.738874054752989985e-03
5.123315836160473601e-05
-1.868852066926502157e-05
-4.417459384886837127e-03
3.992279316657257733e-05
1.169542584257268174e-05
2.816055415569336355e-03
1.297453666631689774e-06
1.709158666463332895e-05
6.473609074667051148e-03
2.522057249161316952e-05
7.962696319635448924e-05
1.289861209146365268e-04
-2.798290979904974329e-02
-4.546315917109374546e-04
-7.481745717959588306e-05
2.903435063633270298e-05
2.487380504633533745e-05
-5.215961987806499653e-03
-1.369714680715365272e-04
-4.401036278402884502e-05
-7.644663266806722007e-06
-8.520870500364303101e-06
-9.330871204061825727e-03
2.204884434504933199e-05
1.821100058623462221e-05
-7.224370213632232244e-06
-1.543523717973419325e-05
-1.220698098546774829e-02
4.232728405197714005e-05
1.568215960554349644e-05
-7.349034614235142545e-07
8.989265062111070749e-06
3.875896505603903999e-03
-1.121366366350024315e-05
-4.914419772490100942e-06
-9.069418649739643709e-06
1.208097447536685747e-05
1.900025613808047856e-03
2.156055401214865378e-05
-7.792828666020347179e-06
1.019938191942681809e-02
3.577971141526170633e-06
-5.732184056733823644e-05
3.099071639732926256e-05
5.769515937520036311e-05
4.008804920915927589e-05
-5.243417047919376323e-02
-5.854377306005035565e-03
1.060634009257391792e-06
4.292427147849866870e-05
-7.479471011685552497e-05
-4.734937899165201622e-05
-1.612624363136746180e-05
3.009039140335423648e-02
5.204642143845071914e-03
-2.623737903000596236e-06
-5.240965442104588334e-05
1.299959655920049448e-04
5.641674106960685377e-05
5.672613967111125708e-06
-2.673678488292010463e-02
1.048974877347605403e-05
2.810600162693454214e-06
5.601935132405050796e-07
-1.226826249677387665e-05
1.762324147943302799e-03
6.629634052491887579e-06
7.272634880975786979e-06
-8.718001286355579361e-06
1.475633285327629211e-05
-2.807486094383181197e+00
1.891702151251068331e+00
-3.524409715106919250e-01
1.605070176301349294e+00
1.362193211139858695e+00
9.458431545492043124e-01
4.257371072050792904e-01
1.670570230486963181e+00
-2.206167209384276933e-05
2.081980785288965621e-04
-6.540280107246302429e-05
-5.040640636125837511e-05
1.745419508523938460e-03
-1.719672573679372667e-04
-2.292663061937416951e-07
-3.432435166551776884e-03
-2.596373005875649581e-06
3.412297763819143925e-06
1.688105170938713128e-03
-1.235411762181393289e-05
2.385826295030424024e-06
3.061064821532386883e-03
-1.499074055558136799e-05
8.766547604614072779e-06
-6.362190218912507252e-03
-4.617878956697031645e-06
-6.602503266998622881e-05
2.258691901874257331e-05
-9.352853403653531295e-02
2.056797603275884129e-04
-9.375670037145268860e-05
-5.821218713518593242e-06
6.289539690264754829e-06
-2.108340342677535867e-02
-2.142271236463837343e-05
-3.108479135468490901e-05
-3.178794487624678298e-06
-1.561343722967515528e-06
-4.333834433447389910e-03
2.989113872111418444e-05
3.005148684992245130e-06
-4.428966176002094274e-06
-2.829134651993541020e-06
-2.595609111655450534e-03
2.617745110616319696e-05
-7.873602687990338635e-07
-8.168951867734198887e-06
-1.949731486603180017e-06
-3.381889998341176340e-04
4.219560443852635547e-05
-6.072599312527937994e-06
6.654844348477628057e-06
-2.793884609101677006e-07
-5.945211571608975589e-04
-4.508499374734567392e-05
3.168654688250681730e-06
-1.223287111232382145e-02
-3.307119485628218079e-05
3.362347576806859126e-05
-1.200450435447111787e-04
-2.492734262739363391e-05
-1.109128290640929695e-04
6.304603569011030251e-02
3.055932004556000028e-03
2.368029563310479897e-05
-2.695546659592229494e-05
-1.315723262640600057e-04
1.501624612106669137e-05
9.075173575449796176e-05
-1.585758835082030568e-02
-7.899420312121186848e-04
-2.669176280487936689e-05
2.880690402654433667e-05
2.916047170891740057e-04
6.630728368694803643e-06
-9.483373008551297873e-05
4.235179444123139680e-03
1.252986006692559850e-05
-2.318457602258890089e-05
3.973855467658175627e-06
-1.914709150842197247e-06
2.403259846463123156e-03
6.328620173908495431e-06
1.039235129199936021e-05
1.154195475953707006e-04
3.214209874727875761e-05
-3.325508717057442443e+00
4.610034338384202179e+00
1.492328350454096286e+00
3.787340590545967139e-02
-2.043266711259913215e+00
2.509208678998968267e+00
1.331906819719913315e+00
3.618122712051072387e+00
-3.892662605990519775e-05
5.588025499216407298e-04
-1.621639547612411766e-04
-5.358551307916414587e-05
1.280371419304327787e-03
-2.375187419611711167e-04
-1.249059766123327900e-05
3.155549914183785644e-03
-8.816940114932140464e-05
7.330705384818964830e-06
-2.725477434697353221e-03
4.876552175531959093e-05
9.346573247321889939e-06
-4.401857762100498499e-03
3.921299729771302332e-05
-3.042693633287401866e-06
2.812530174023534883e-03
1.497202618694483909e-07
-1.954168162729953285e-06
6.476317625702230144e-03
2.212890838149197010e-05
-2.779491964412210420e-05
-8.420223044534933096e-05
-2.815401538743352722e-02
-4.387201313710659633e-04
-4.138386651859585653e-05
-1.216338612531116671e-05
-2.158168092830082442e-05
-5.268177491051835235e-03
-1.309339221465287753e-04
-3.014505672296484670e-05
3.903742614341234205e-06
4.698198281806367935e-06
-9.323804769746963858e-03
2.149263671871762013e-05
1.392680805881000449e-05
3.537401204699801605e-06
8.768202948195783479e-06
-1.218631555008090409e-02
4.116824371095022733e-05
1.176993494684972745e-05
-4.325091072323697674e-07
-3.650802861127818916e-06
3.865756645891938598e-03
-1.134868960184208135e-05
-4.634838251100617374e-06
1.178688010663540368e-06
-9.391296475762874511e-07
1.898333794894743439e-03
1.915178449373302287e-05
-9.904674473986614081e-06
1.020086909679687910e-02
3.925106985305387719e-06
2.180758871487986452e-05
7.473930613128253186e-05
5.948230245958051766e-05
3.716490059497616307e-05
-5.242553580751871389e-02
-5.857150268638421607e-03
-2.139450220790897388e-06
-1.679438856343377044e-05
-1.044132156333096341e-04
-4.843325704774112655e-05
-1.415339874993401677e-05
3.007548634702638529e-02
5.209331427085812233e-03
1.272911253018571383e-06
2.033938100092828896e-05
1.657345785410942727e-04
5.780259723351780134e-05
4.258151367475100388e-06
-2.671188255126299288e-02
2.659912270114468855e-06
3.598139441836916980e-06
6.952895156838361832e-07
4.087654393797186646e-06
1.768594536793240569e-03
7.285584656193383124e-06
6.631853164322282397e-06
-4.195044385379712199e-06
1.450332358193617004e-05
-2.807486141482304021e+00
1.891697298616925815e+00
-3.524407197580370910e-01
1.605067467475978393e+00
1.362193828760678960e+00
9.458438188568198957e-01
4.257370606517806855e-01
1.670570725600997175e+00
1.108357110801268165e-05
1.921968877772450022e-04
-3.970288424411492101e-05
2.063242801375192459e-05
1.708075409102047465e-03
-1.065509783597786775e-04
-2.877330730113294626e-07
-3.429474735844714652e-03
-1.768260968440231343e-06
-6.567958303183238310e-06
1.686673046560373691e-03
-9.504246638903291581e-06
-6.035619164169197295e-06
3.057621685001103099e-03
-1.100868678459577891e-05
-1.073972864331615303e-05
-6.360252427370641747e-03
-5.764413115291961731e-06
5.684797902908457479e-05
1.890869877471540054e-05
-9.348264152630751667e-02
1.368650573193349457e-04
-9.702747689664464274e-05
2.262847307136277796e-06
-1.175849632031020331e-05
-2.108384982967594773e-02
-1.661499439167839529e-05
-2.279862320721324619e-05
3.566166886070834186e-06
8.230839599458223018e-06
-4.327478425061575401e-03
2.121645168670584138e-05
1.086397277133210816e-07
4.470412230731046299e-06
8.863648805480244013e-06
-2.590043595280976628e-03
1.897890282513543895e-05
-3.074836816015141046e-06
7.726401748459679945e-06
1.133263325433357794e-05
-3.286201567092682913e-04
2.987909971564836969e-05
-8.592906302359916708e-06
-6.410330404209806698e-06
-9.435077682682020580e-06
-6.051930648702488931e-04
-3.127912603658260205e-05
5.768970175592419999e-06
-1.222752653783247198e-02
2.102858918031621504e-05
-4.348945819422101193e-05
-1.295433115442364566e-04
-2.642079311781962367e-05
-8.884591648968726311e-05
6.307455920711999009e-02
3.050737175694747359e-03
-1.366456323162497620e-05
3.377663169763305505e-05
-1.303931301912183440e-04
1.782640370355049656e-05
7.063895629867526782e-05
-1.588493587196646711e-02
-7.836057312292784519e-04
1.635956009664658696e-05
-3.119844380674958523e-05
2.973575685101048161e-04
-3.299066940890913732e-06
-7.501935389175100831e-05
4.268269284456348116e-03
4.660222856201953599e-06
-2.263254885872817022e-05
-2.953024128089786552e-06
3.369798630475100587e-06
2.407156505022399039e-03
4.915361357264402912e-06
8.865818537647808788e-06
1.190261733145898070e-04
2.134167467052269044e-05
-3.325509180699928624e+00
4.610034552767184657e+00
1.492328806311971512e+00
3.787302038108844582e-02
-2.043267594086618733e+00
2.509208468679979376e+00
1.331906404274432631e+00
3.618122482210280655e+00
-1.605231285842057909e-04
5.714476849347002035e-04
-1.192342320721696450e-04
-2.200951293321507689e-04
1.293857308192539668e-03
-1.701279894210578128e-04
-4.923520240669861884e-05
3.150435590596879602e-03
-5.329032591696022188e-05
2.905433499160170870e-05
-2.723041049415681446e-03
2.998155230590977385e-05
3.851153152240480241e-05
-4.405548861310119163e-03
2.871699911609545749e-05
-1.338307623443172147e-05
2.817476663788911605e-03
-4.043124283868867321e-06
-1.004237560689614435e-05
6.486473664701766263e-03
6.448225228007646145e-06
-8.312707636768254190e-05
-3.404366685336369827e-04
-2.815435896230376878e-02
-2.918189366164899903e-04
2.437536101934090001e-05
-2.886409074645398469e-05
-8.597411991974083178e-05
-5.273361141955830618e-03
-8.225182380583817110e-05
1.145383368901156121e-06
6.936307253796102476e-06
1.920186966276510556e-05
-9.324738391567860551e-03
1.508206793330384980e-05
2.953580351197789351e-06
6.710234520128880727e-06
3.576390825559688791e-05
-1.218802598789333821e-02
2.856936290568343363e-05
2.019648284621715756e-06
1.268543062837337748e-06
-1.528972096894338226e-05
3.868422901002832939e-03
-9.555120978905937181e-06
-2.785148626618370282e-06
1.093398179991519495e-05
-5.454147938307204500e-06
1.905955832478317810e-03
6.453331520383797932e-06
-1.027352639761891418e-05
1.020470865194837533e-02
-7.673041499043872001e-06
9.192259632669538545e-05
5.673176522721424565e-05
5.363600605336989516e-05
2.123956884743017338e-05
-5.240467011708820066e-02
-5.860696064950162744e-03
3.096598448808204543e-07
-7.054113220045286990e-05
-9.044691033268363210e-05
-4.236855297397299261e-05
-6.736456235842389048e-06
3.005661425016079719e-02
5.213292408973159604e-03
2.401215347195939751e-06
8.552005571190739890e-05
1.474974881847078965e-04
5.098258531151778717e-05
7.594642626752667899e-07
-2.669091161029902085e-02
-7.843789024443173535e-07
3.926897023886856564e-06
-1.420425095369357256e-06
1.735967667837723575e-05
1.763615031914259274e-03
8.425838777573425449e-06
3.797751260232680898e-06
-2.303718197948097857e-06
5.867089205508513508e-06
-2.807487622253170390e+00
1.891698924093133893e+00
-3.524424586940088089e-01
1.605070512468349753e+00
1.362192409638511625e+00
9.458421139306609771e-01
4.257371510537764081e-01
1.670571416116388042e+00
7.963628696084030104e-06
1.809601588746861684e-04
2.114843416035102323e-05
5.644153950602016943e-06
1.684770522276441860e-03
4.574480242461028621e-05
-9.852500602228984313e-07
-3.427817172933370418e-03
-4.023979357987913804e-09
-1.413906020196322958e-05
1.690279209832255347e-03
-5.424950398618094768e-06
-1.369393257439659108e-05
3.060659059193868419e-03
-4.233548904918031827e-06
-2.013200204104074716e-05
-6.352982916593727207e-03
-1.197730729809763884e-05
1.393645038559014485e-04
7.205959791434408956e-05
-9.348556403165300677e-02
-9.155044923100215881e-06
-9.370554325695714499e-05
1.688034988578594026e-05
-2.514986205364785554e-05
-2.107523792829706435e-02
-9.991977764046316209e-06
-6.047711619419889940e-06
5.161581926091508919e-06
2.036625127168129580e-05
-4.332067377991440441e-03
4.807551702766563824e-06
-4.991543950418507924e-06
8.234516797080064461e-06
2.082206327157119788e-05
-2.595040194255271437e-03
6.061880713366569768e-06
-6.816542732735169841e-06
1.613817579961694313e-05
2.823230985070687338e-05
-3.343194705791979185e-04
6.462948591729935053e-06
-1.223600048686259432e-05
-1.274992066534708318e-05
-2.533932812455356543e-05
-6.014027202883044914e-04
-3.910064480849468967e-06
9.797893931500631983e-06
-1.223315438496975008e-02
8.275860127887655173e-05
-8.290294053810888931e-05
-1.020069941533030544e-04
-4.484358688062217474e-05
-4.169608677359609586e-05
6.304428114864704669e-02
3.054840384095958237e-03
-6.149785093332766381e-05
6.360002677350204967e-05
-1.513952536548513784e-04
3.556657494916269278e-05
2.860744971305545284e-05
-1.586323639220680801e-02
-7.880040997118178221e-04
6.785917913060890763e-05
-5.494017414097017736e-05
3.188050105755551558e-04
-3.587296231040827763e-05
-3.311261534209228714e-05
4.245243559338391683e-03
6.153028274490022185e-06
-2.163734579382050802e-05
-9.492228169119770829e-06
7.374713316157647559e-06
2.405352282076409030e-03
3.005714651834769362e-06
5.337808310053024079e-06
1.236324392710441656e-04
-5.922140378395196937e-06
-3.325508478877413410e+00
4.610017377209229217e+00
1.492329430735513940e+00
3.788322608512137424e-02
-2.043277348977677210e+00
2.509221483637696259e+00
1.331905217044265122e+00
3.618116406719746880e+00
-2.085367388269578352e-04
6.487249253174932461e-04
-7.779890764304973829e-05
-2.891739042366262675e-04
1.397686227638442798e-03
-1.007457696150585434e-04
-7.222525207205231202e-05
3.176459453535220630e-03
-8.558507841232138963e-06
4.193153434737051182e-05
-2.734607491558244206e-03
6.239281323862611402e-06
5.010410894263717872e-05
-4.424157167906947637e-03
1.848552304847312131e-05
-1.443151643839951785e-05
2.824923739776055535e-03
-1.205068548424104689e-05
-6.065688576121503770e-06
6.491757519351302325e-03
-1.804528488509565793e-05
-6.206473226608310461e-05
-4.635456376602367277e-04
-2.798240572530713566e-02
-1.214128916593857130e-04
1.136337073655148237e-04
-1.557808572468240730e-05
-1.214113140087869834e-04
-5.224895828792020490e-03
-2.210866128436746357e-05
4.392126011730510465e-05
1.324521972102799582e-06
2.542969190682308890e-05
-9.332585217514505552e-03
8.223327406790617374e-06
-1.214677911387831074e-05
1.880439380066476360e-06
4.761383169497834225e-05
-1.221017366749676571e-02
1.483823644369593903e-05
-1.139365117559253881e-05
2.975918350756323374e-06
-1.899743259495918082e-05
3.880732324192904311e-03
-8.995214514035499787e-06
-1.330267899219078734e-07
1.404528150669404911e-05
-1.717639317205803679e-06
1.913671924797234920e-03
-1.303994122788983609e-05
-1.037358684746265905e-05
1.020622892040355147e-02
-2.125342835144416006e-05
1.122769414347457871e-04
-1.510506866826103085e-06
5.747646545566595670e-05
-1.296590230126921884e-06
-5.239692712574282180e-02
-5.860717714240602089e-03
5.652074546037870261e-06
-8.675613501303844940e-05
-4.962108920331088045e-05
-4.297455261589313517e-05
3.646758936339024597e-06
3.005665804704722027e-02
5.211722968646778469e-03
6.110041959737302585e-07
1.049989697573062633e-04
9.714343687575741418e-05
5.251911426285014100e-05
-4.090430534646877214e-06
-2.669930956428020682e-02
-3.873031101746973021e-07
3.402481584011627790e-06
-3.913165570008273299e-06
2.038570672223558521e-05
1.753350671964383966e-03
1.255491829849600296e-05
-3.454327309601533969e-07
-5.398892709931221047e-06
-8.275291839803055772e-06
-2.807488544440353895e+00
1.891708103280937081e+00
-3.524440529916027520e-01
1.605077080711660997e+00
1.362190422496945885e+00
9.458398560144116729e-01
4.257372895361946630e-01
1.670571057921221847e+00
-1.296360799634993775e-05
2.000097635600776489e-04
9.202505551889974026e-05
-4.574284742300000080e-05
1.731192300908516741e-03
2.209950087112541649e-04
-1.503156893745141951e-06
-3.431624982547622563e-03
1.855681976539717878e-06
-1.453389591213456927e-05
1.695102030757226607e-03
-2.867535011928761166e-06
-1.502415597912856664e-05
3.068449285333938771e-03
1.478171426224460547e-06
-1.665639332319947109e-05
-6.351308294673529455e-03
-2.210592201843892613e-05
1.349137660498107849e-04
1.159899952770624836e-04
-9.356389079786885110e-02
-1.657731682278034595e-04
-9.418910803187928883e-05
2.570746281196495669e-05
-2.562883391234595487e-05
-2.106869022090339730e-02
-6.149960581578091130e-06
1.196199686115615512e-05
2.003193898875960219e-06
2.445884655888425416e-05
-4.345743435687996099e-03
-1.095757550519205572e-05
-1.078079847893163710e-05
5.711521282218349197e-06
2.372216914599415818e-05
-2.607683042629736075e-03
-5.633682030973898350e-06
-1.120987611024839916e-05
1.331081798496448816e-05
3.414125870542365115e-05
-3.541019680061255641e-04
-1.615869745866228984e-05
-1.676080384137768644e-05
-9.861000874907940232e-06
-3.275977144396092670e-05
-5.810825869129325515e-04
2.367563100238168614e-05
1.462817966936825501e-05
-1.224568420978389312e-02
1.060493031466284194e-04
-7.112073738388903954e-05
-6.754974353371135266e-05
-7.823117768815989804e-05
8.007946465996816654e-06
6.297636434180042819e-02
3.066325038546758620e-03
-8.277832578726787625e-05
5.318372245770150084e-05
-1.674879892289011228e-04
6.539329657998098095e-05
-1.593391988973001330e-05
-1.580305353602156834e-02
-8.016079361039699178e-04
8.875546414333955274e-05
-4.009967936518960956e-05
3.236266041600160503e-04
-8.142697555694662929e-05
1.102471774261163303e-05
4.174595446768566281e-03
8.825405175680554610e-06
-2.206340364644576829e-05
-1.106068019955402275e-05
7.700030361339504665e-06
2.397584131442265405e-03
1.881195972958893902e-06
1.467216821757798067e-06
1.207304621439607862e-04
-3.637317103595047029e-05
-3.325506921454287834e+00
4.609994700223060349e+00
1.492329612523952020e+00
3.789705898478837320e-02
-2.043288835845556761e+00
2.509238734201885812e+00
1.331904245915609630e+00
3.618108808602277016e+00
-1.502270041236256049e-04
7.319418269121931832e-04
-5.977127832820715542e-05
-2.105067915505709725e-04
1.514346865456206014e-03
-6.526098348148548164e-05
-5.759658770276252930e-05
3.217437225582517150e-03
2.438403059287876432e-05
3.303519351597878593e-05
-2.753057083283476630e-03
-1.093011236434464599e-05
3.614665444435767681e-05
-4.443304741991397494e-03
1.391035554394619852e-05
-8.398306870754140811e-06
2.827775369627554512e-03
-2.036409735436334062e-05
3.541759093636853438e-07
6.484563113693961843e-03
-4.011460914737079191e-05
-3.404884028085004713e-06
-3.483113013325244908e-04
-2.775779539939564333e-02
-1.259860551056368840e-05
1.918616489888537446e-04
7.571931260058945637e-06
-9.405431627906663471e-05
-5.154575470247381615e-03
1.999751762599629736e-05
8.137356871908410971e-05
-5.396872742715233309e-06
1.863810844631342574e-05
-9.341518668945020948e-03
4.453424297519909611e-06
-2.539385150570087893e-05
-4.330823628858998826e-06
3.507443152649931766e-05
-1.223666467401143820e-02
6.986158838744046550e-06
-2.316698738340860778e-05
3.022213265557559219e-06
-1.309944759373021827e-05
3.893082012908339294e-03
-1.017675922783987057e-05
2.225735242661126867e-06
9.064431218841768998e-06
2.392982054365366515e-06
1.913170098206993380e-03
-3.031066627967868296e-05
-1.037191843150839956e-05
1.020296271045967838e-02
-2.309595091142948800e-05
7.603243915213747216e-05
-5.240009772304143713e-05
7.079010019886948371e-05
-2.110805031874856617e-05
-5.241572235797880425e-02
-5.855807778290687306e-03
7.950920468863934324e-06
-5.917056267679764956e-05
-1.577411044275268265e-05
-5.121449001812882423e-05
1.278586785756537377e-05
3.008294896675401189e-02
5.204104119211483762e-03
-1.601507241325887611e-06
7.149065336923192220e-05
5.676954689647816183e-05
6.319681548249433977e-05
-8.406906664965517993e-06
-2.673944854545688352e-02
-5.747657812381423068e-07
2.154719792170534097e-06
-4.256422405105461831e-06
1.321929324939791594e-05
1.746841737968680150e-03
1.794423229721054002e-05
-4.154903951766964889e-06
-1.199726555896664935e-05
-2.053614522606985241e-05
-2.807487723261476109e+00
1.891720126071948505e+00
-3.524438985217934750e-01
1.605082784304215693e+00
1.362189464736059064e+00
9.458389097320981653e-01
4.257373695265783131e-01
1.670569426581664851e+00
-1.578171796500521081e-05
2.474831812131699600e-04
1.357926027268760080e-04
-4.590982201371529196e-05
1.840608388014223920e-03
3.283195818996260712e-04
-9.874445831310778274e-07
-3.440255233886590353e-03
2.918945923522907269e-06
-7.674942546521495269e-06
1.697164436526439049e-03
-2.191201481846798378e-06
-8.344743989048640154e-06
3.076077395452491477e-03
4.114207050769639003e-06
-7.049316140867994573e-06
-6.359859144715767840e-03
-2.957517674642279936e-05
5.907148616685063724e-05
7.897515641804795641e-05
-9.368336882232426721e-02
-2.568471309930380744e-04
-9.012250062643447474e-05
1.910573309697472113e-05
-1.342668103120729525e-05
-2.107159845968640394e-02
-5.392712693036522619e-06
2.416300318695250470e-05
-1.640410303832547198e-06
1.440131520890326469e-05
-4.360321922538744517e-03
-1.930022371484685394e-05
-1.436891496619323114e-05
6.117026153460225556e-07
1.350694285368469287e-05
-2.619997832024696747e-03
-1.147278679827449654e-05
-1.380469802229607017e-05
3.900771062422049673e-06
2.019737707575788941e-05
-3.766340545251292975e-04
-2.820694683660869751e-05
-1.919436546825084973e-05
-2.223750919260057050e-06
-2.013610382790998254e-05
-5.547595916960074494e-04
3.892367102827526290e-05
1.735321520622446165e-05
-1.225687576200527179e-02
6.820451393580505913e-05
-3.157733183808721360e-05
-5.540172834353962114e-05
-1.037769445691677050e-04
4.295212403785400807e-05
6.291541205231690470e-02
3.078193855231512680e-03
-5.573252453647139468e-05
2.291335861199326955e-05
-1.605636444943905417e-04
8.766623818103711917e-05
-4.664761429503113890e-05
-1.574123345705591426e-02
-8.164250997594600960e-04
5.821088252592349495e-05
-1.421213589171806680e-05
2.981458767814146012e-04
-1.128065550637181910e-04
4.161879205635270234e-05
4.098269957326219036e-03
1.706824939361496142e-06
-2.440998208024607437e-05
-6.422149338905330763e-06
4.160959426384487359e-06
2.388077202946947610e-03
1.536500946132076436e-06
-1.490562417853785607e-06
1.091786866420974597e-04
-5.291737438254141552e-05
-3.325505520167397311e+00
4.609981967565341066e+00
1.492329176280678960e+00
3.790512470975915954e-02
-2.043294120604461472e+00
2.509248476016447960e+00
1.331904199591185334e+00
3.618104896803219450e+00
-2.242684193816688458e-05
7.629364871273188169e-04
-5.177964693158229262e-05
-3.054767048105209141e-05
1.562770468081573286e-03
-5.027311497838731657e-05
-6.367427610108699957e-06
3.245967423659075046e-03
3.710108525053264233e-05
3.807038425364348343e-06
-2.766074704778223939e-03
-1.758158042879547076e-05
5.378135580872294132e-06
-4.449524922137515492e-03
1.189905381404391664e-05
-2.047246871935967539e-06
2.823535373584045056e-03
-2.337385220392068023e-05
-1.818723146995153546e-06
6.468661541148782584e-03
-4.830076058209748803e-05
2.789988043033040876e-05
-4.647281785743714763e-05
-2.763377353910089970e-02
3.087796039133471927e-05
2.185515520711722400e-04
1.354698435259264190e-05
-1.148104746488732215e-05
-5.109800920869114749e-03
3.642732503689327666e-05
9.567062640252683753e-05
-4.875412803412637086e-06
2.658818239141210609e-06
-9.345337788336537110e-03
2.901342679238060293e-06
-3.088677281961888231e-05
-4.310293311630394985e-06
4.941447187685158169e-06
-1.224923234364828917e-02
3.769973463602070480e-06
-2.797192438246612768e-05
8.857772794726240666e-07
-2.192437726412963098e-06
3.896747580524370213e-03
-1.049274805865465311e-05
3.540639877281762707e-06
1.406062664425693091e-07
-1.074449661319759891e-06
1.903943003476592450e-03
-3.672437912836597917e-05
-8.889600629548551281e-06
1.019671359811902267e-02
-7.491807639392655113e-06
1.327031464782921826e-05
-5.920597269101600260e-05
7.508236667842544017e-05
-3.174909420544224509e-05
-5.245061082602786584e-02
-5.848972935908960599e-03
3.414895021716491357e-06
-1.013367523435139480e-05
-1.358037563855109611e-05
-5.374826829771887487e-05
1.722384456313598704e-05
3.011964237684408921e-02
5.195253215842008700e-03
-1.570314687269701689e-06
1.232032494012410627e-05
5.599354320870317476e-05
6.649919506973247683e-05
-1.013336118390113268e-05
-2.678624336938387196e-02
-5.153503760059829283e-06
9.020167098635890000e-07
-1.461062416309322573e-06
2.552280605525832077e-06
1.749096062505582638e-03
1.976863703149257687e-05
-6.181394641752618584e-06
-1.778738961802403242e-05
-2.422936460008832179e-05
-2.807485769537773734e+00
1.891727670009190732e+00
-3.524422114246741344e-01
1.605084307847979286e+00
1.362190029808991287e+00
9.458397418122210798e-01
4.257373476097352505e-01
1.670567579036543959e+00
1.912243387821672136e-05
2.932463602336204305e-04
1.289305785449369475e-04
4.841473174436096048e-05
1.943746141495814516e-03
3.123985066128771100e-04
5.947856518057653376e-07
-3.448239017593005690e-03
2.825928088177353611e-06
1.827788388131370270e-06
1.695445034783575394e-03
-1.349601521975193558e-06
2.661338554854451820e-06
3.079041861377130457e-03
4.648652583378484502e-06
-1.197386940274091412e-06
-6.372840351796255597e-03
-2.718023839689212240e-05
-2.521445483024111682e-05
-4.922995921432888266e-05
-9.377027801346328462e-02
-2.483741860214804366e-04
-6.155948385530247491e-05
-1.507092800117484817e-06
3.056520288485630447e-06
-2.108156777157183664e-02
-3.849379240710527677e-06
2.779069856986152986e-05
-1.452348491829763941e-06
-5.993112790355937933e-06
-4.367100025681761900e-03
-1.943586401842532091e-05
-1.335840807000257977e-05
-1.861606813185790892e-06
-4.903645849444544626e-06
-2.624709441667465431e-03
-1.200953502017936382e-05
-1.216091292092921989e-05
-3.287745724189443302e-06
-8.529458458693220345e-06
-3.883682255949326466e-04
-2.833554901471725917e-05
-1.593634414078945146e-05
2.742971937290039317e-06
9.673311117785194225e-06
-5.384572092498543126e-04
3.838460433741605160e-05
1.477804329113221785e-05
-1.226016607155913304e-02
-1.052681196049946730e-05
-2.703590124048263095e-06
-7.114243063474677900e-05
-9.457814278923781901e-05
6.037434248504650259e-05
6.289695532813757706e-02
3.083412532005611658e-03
7.261832743004839478e-06
3.301564463624263092e-06
-1.363894629796774617e-04
8.032349801969600851e-05
-5.968281662608880176e-05
-1.571449428197225356e-02
-8.236020642555559471e-04
-8.441166992698951552e-06
-8.378985592926774310e-06
2.596465617412548987e-04
-1.047619795789643939e-04
5.593297854385913476e-05
4.061872646277554268e-03
-1.790618855248459406e-05
-2.708221367267135590e-05
1.365284227093331954e-06
-9.474532839787326752e-07
2.382537787001385611e-03
9.084705731737422818e-07
-3.485253457199440205e-06
9.634685393392923959e-05
-4.702515539914353616e-05
-3.325505225542040755e+00
4.609986688163122182e+00
1.492328509464795117e+00
3.790259659404843218e-02
-2.043290364528598246e+00
2.509244949411959968e+00
1.331904986115284517e+00
3.618106893607754060e+00
9.529461335785788419e-05
7.271705108888794518e-04
-2.057608104655014820e-05
1.402459721751851045e-04
1.518463038505843323e-03
-1.096691288660416269e-05
5.361826843045510365e-05
3.243934042133634222e-03
3.781426317770080408e-05
-2.961195432068028846e-05
-2.765350135512845923e-03
-1.873291297395430986e-05
-2.308239685128784803e-05
-4.440222991921062394e-03
4.493929270464504351e-06
-7.833330900166750607e-07
2.816101291664022468e-03
-1.760030522920433239e-05
-1.466068174847963701e-05
6.456277216092137089e-03
-3.885182982355025875e-05
-2.858975154082181193e-06
2.645706647200446828e-04
-2.768293705215965628e-02
7.427314233204226890e-05
1.754456097959067610e-04
-7.795415723109158309e-06
7.974789898461300940e-05
-5.118219200540220087e-03
4.261695273887404722e-05
7.962728845027726963e-05
4.576255347747219895e-06
-1.280882213159337030e-05
-9.342078007182990501e-03
-3.062116033485323312e-07
-2.654524329273525286e-05
3.762954068523301239e-06
-2.460550862057321226e-05
-1.224102239465019171e-02
-1.939537497233090115e-06
-2.389006050134466019e-05
-2.269009421339075737e-06
6.502782651252575571e-06
3.890350187727400783e-03
-6.578444878739785808e-06
3.806546323282602278e-06
-6.319681062277937710e-06
-1.261979793652221275e-05
1.893569213913281080e-03
-2.987346678659498638e-05
-4.354070724031222961e-06
1.019221112561028049e-02
1.743862401492839159e-05
-3.345945094515214303e-05
-2.317529829160545375e-05
4.957234364482423171e-05
-3.278426607946034797e-05
-5.247516828248140891e-02
-5.845187762695614950e-03
-6.142641164662090178e-06
2.747093403572299235e-05
-4.028486487000221684e-05
-3.482990751106403301e-05
1.634648943325599051e-05
3.013983501370501306e-02
5.191458154249247413e-03
1.372381898158409522e-06
-3.271633556270446428e-05
9.001926718771915406e-05
4.333047655149507697e-05
-8.652610097578134353e-06
-2.680627684883685191e-02
-1.330484434311049597e-05
5.866164338730459899e-07
3.077279005814908086e-06
-3.872828102590622609e-06
1.757391787241564113e-03
1.400637844057764004e-05
-6.224349943166483762e-06
-1.886795865954506876e-05
-1.813368546687683678e-05
-2.807484543548260714e+00
1.891726216961437945e+00
-3.524407649869326642e-01
1.605081725316457320e+00
1.362191219093705774e+00
9.458411689122515620e-01
4.257372718025039249e-01
1.670567017896996909e+00
7.509397671795927222e-05
3.022323576722323155e-04
7.759922651469784087e-05
1.910069375687501424e-04
1.962313782921261060e-03
1.905586505350159254e-04
2.411040643159768650e-06
-3.449532110412281694e-03
1.910618601599467662e-06
8.162770580328938908e-06
1.692427825874134959e-03
2.002808238855176467e-06
1.146124200340936135e-05
3.076448663691811435e-03
5.678273741517076188e-06
-3.525381115892306807e-06
-6.378802660987062216e-03
-1.296802546862113924e-05
-5.885613429780209348e-05
-1.995795133528483162e-04
-9.376689723709986934e-02
-1.673108768514981715e-04
2.968089604826382698e-06
-2.369176048153046117e-05
1.371850612632411929e-05
-2.108870414442923918e-02
2.607463085458391200e-06
2.515835685873463206e-05
3.080824129798398828e-06
-2.504752384646858943e-05
-4.363163220192691101e-03
-1.601188462435725317e-05
-7.618584089859053597e-06
5.146686699789914472e-07
-2.076049457339937626e-05
-2.620447583135011339e-03
-1.152946530839895278e-05
-5.806879002465390501e-06
-2.716334892657508990e-06
-3.559563908082932028e-05
-3.834381314611235055e-04
-2.305885807937245444e-05
-5.863778787019547723e-06
1.027596589076062213e-06
3.993808087448812600e-05
-5.418234590299581205e-04
2.867322296942002836e-05
6.100247043593736348e-06
-1.225539442621100851e-02
-8.048306470122434009e-05
-5.338817388834327029e-06
-9.418940945312315616e-05
-4.182533459356991895e-05
6.956919753858925690e-05
6.292271568164581330e-02
3.079873923450738953e-03
6.699422223788137993e-05
8.968990504615008898e-06
-1.190108591624307484e-04
3.694052725672082967e-05
-6.232712193561060362e-05
-1.573305820661597548e-02
-8.197937611796279845e-04
-6.938550536110941916e-05
-2.964645753302278417e-05
2.420716052111637436e-04
-5.373821300197543886e-05
6.180266541239495945e-05
4.081653420689390632e-03
-4.031744608123936409e-05
-2.780806321404079518e-05
7.325808002988717243e-06
-4.274099263495712325e-06
2.384189015808409803e-03
-1.030304204291428155e-06
-5.313836234367675607e-06
9.267934788850917664e-05
-2.465111532854106759e-05
-3.325506196230450406e+00
4.610003103946464620e+00
1.492328218822344787e+00
3.789267198478900311e-02
-2.043281703851033360e+00
2.509232477957255458e+00
1.331905837022092198e+00
3.618112498984067393e+00
1.387415153109244437e-04
6.622317126682630492e-04
5.266619312540228072e-05
2.075911375629054553e-04
1.428908932277478958e-03
8.194121879160596060e-05
8.673754142651070092e-05
3.215930785019650070e-03
4.113546295048464761e-05
-4.751451847315418635e-05
-2.752783358706165431e-03
-2.227413450650631937e-05
-3.368459386650933844e-05
-4.425005976959352043e-03
-1.290092689694296595e-05
-4.244511187352147813e-06
2.812303761439265744e-03
-4.634681772874409280e-06
-2.868151433254620037e-05
6.457975103960592218e-03
-1.805833009559498471e-05
-6.951411332837432587e-05
4.077965456222492420e-04
-2.784618913540147858e-02
1.800770268548957526e-04
7.902202766962570862e-05
-4.007947935052772988e-05
1.264531023612081636e-04
-5.167550536742348405e-03
5.911442241324152815e-05
4.117285898121386087e-05
1.607714509656617280e-05
-1.917581322127094451e-05
-9.335259495224715667e-03
-7.933604165157412091e-06
-1.518402168453082973e-05
1.395978057733907312e-05
-3.706391954503963459e-05
-1.222116335010111840e-02
-1.556145816110680679e-05
-1.341720236682172398e-05
-4.364372128236471052e-06
8.554900713333345131e-06
3.880438130256349920e-03
2.417673626106198444e-06
3.529849242230950067e-06
-6.578019788366786179e-06
-2.405072143796666673e-05
1.891275616207062794e-03
-1.487944623999723891e-05
3.265748315353781475e-06
1.019321816537337860e-02
3.515546319122967291e-05
-4.127205721826254504e-05
2.007752668202521327e-05
-8.899398397183912754e-06
-2.845523267068288223e-05
-5.246872289682711493e-02
-5.847487671985043302e-03
-1.418474080483937249e-05
3.489860670725015740e-05
-6.974808155331611273e-05
8.618891248537164778e-06
1.206897709467675487e-05
3.012732228142193588e-02
5.195594348780492762e-03
5.020016589789030821e-06
-4.123959304534054020e-05
1.257246270710592401e-04
-9.813507682391090208e-06
-4.824994339210090719e-06
-2.678446298531407532e-02
-1.966609547444717659e-05
1.505682032689657911e-06
6.332573638165810538e-06
-3.302036262480194346e-06
1.763868627402932375e-03
1.027263257525812336e-06
-5.175764783460786246e-06
-1.475347667385633067e-05
-7.179922604280113699e-06
-2.807485542762582664e+00
1.891717478935398100e+00
-3.524413218729053887e-01
1.605078155362716252e+00
1.362191588273041321e+00
9.458414569833677454e-01
4.257372340170150204e-01
1.670568434733813001e+00
1.093977788146005347e-04
2.632533260407295930e-04
1.208636992690927926e-05
2.749529444117216432e-04
1.873136014947937925e-03
3.682277509756614817e-05
3.242257179923850426e-06
-3.442536181275091672e-03
8.954163147317009709e-07
8.504251492108497138e-06
1.691773679378224832e-03
8.061549592747782844e-06
1.333544387563242557e-05
3.071413783383913128e-03
8.748605936928943483e-06
-9.608491211065219823e-06
-6.370445422587027624e-03
7.560472039297694574e-06
-3.113034132489072322e-05
-2.698530123759315170e-04
-9.367673872251243428e-02
-7.493596233804638185e-05
9.139866389876234883e-05
-3.288033252209081900e-05
1.399181273892284225e-05
-2.108430151087535218e-02
1.402066282657183185e-05
2.054001753969389961e-05
8.118258118718564055e-06
-3.130711867038267406e-05
-4.353235564012306914e-03
-1.437756433974393010e-05
5.674720544052117986e-07
5.181489621851821019e-06
-2.504546277665471986e-05
-2.612342843805498700e-03
-1.365151084744917960e-05
3.124159513238249693e-06
3.591849147367214771e-06
-4.463254931611328956e-05
-3.677363900584075204e-04
-2.012604556443366540e-05
8.164360957064419248e-06
-4.835500283238914943e-06
5.152883413883458188e-05
-5.608897352201732247e-04
1.979498599786581688e-05
-6.064158313707515796e-06
-1.224843061106209788e-02
-9.879127798625969960e-05
-2.643756739593272593e-05
-9.656707339139732841e-05
3.537386619026316700e-05
7.948644365124462501e-05
6.296138508986191817e-02
3.071846051013480371e-03
8.585672703041938715e-05
2.713121881413655718e-05
-1.296195598318121813e-04
-2.594718215011388124e-05
-6.338768804206630918e-05
-1.577460886027322318e-02
-8.095560623931085959e-04
-8.671355153348269740e-05
-5.476210332666571365e-05
2.669501275390982710e-04
1.763121974207550589e-05
6.724950436759093836e-05
4.133911016640573997e-03
-4.966599378541908900e-05
-2.568417274681436088e-05
8.114012102110719710e-06
-4.296487685807750498e-06
2.391026188478241783e-03
-4.280368102618048009e-06
-7.911017218669455595e-06
1.026042498507082740e-04
-1.288722545745867550e-06
-3.325507655020348174e+00
4.610017093778311370e+00
1.492328613599461340e+00
3.788385527858387225e-02
-2.043275716449872270e+00
2.509221783118926741e+00
1.331905965503228373e+00
3.618116852260210958e+00
1.028045142898287686e-04
6.257163538647417733e-04
1.487262699612612029e-04
1.579748112406494608e-04
1.373017350032706627e-03
2.068569267326853011e-04
7.484216892407173790e-05
3.185406391639415778e-03
5.329486352893993140e-05
-4.057011663798785540e-05
-2.738882319454611844e-03
-3.088012142154828766e-05
-2.505420569803435809e-05
-4.417466804308992773e-03
-3.578766016928077473e-05
-6.926989976916636162e-06
2.816055605186101787e-03
9.573450610159457442e-06
-3.018976978076893508e-05
6.473604012227622551e-03
2.602379032598305980e-06
-1.068583468178775842e-04
3.292483837183127963e-04
-2.798281664963631066e-02
3.389926336076790015e-04
-2.861983097125325840e-05
-5.348672126402231924e-05
1.061911692814134991e-04
-5.215930983235844004e-03
9.001781830949755821e-05
-2.027008289097729528e-06
1.951735974868144965e-05
-1.483386529753197754e-05
-9.330874750348629870e-03
-1.840015353805065114e-05
-2.381774205237999032e-06
1.723368616074853619e-05
-2.893841287062740247e-05
-1.220699172876022788e-02
-3.452497556653790942e-05
-1.634407675985730746e-06
-3.958346639050396934e-06
5.215948394089987412e-06
3.875901180953485441e-03
1.339053147849945213e-05
3.184499625768937757e-06
-2.140714541975551792e-06
-2.471529664892970087e-05
1.900024014640997556e-03
-3.145077863380345348e-07
1.165455091282979244e-05
1.019937998860067502e-02
3.293586999948607002e-05
-2.147099767843791367e-05
3.097286921790608129e-05
-7.883096411071419877e-05
-2.314731504503501265e-05
-5.243418285427959430e-02
-5.854374892931946128e-03
-1.449997360876686473e-05
1.963041423659778894e-05
-7.478338014648829523e-05
6.102619225084380649e-05
7.147259580025725736e-06
3.009040551095160804e-02
5.204638705676979671e-03
6.228969758703835867e-06
-2.274110748648959615e-05
1.299825986673114743e-04
-7.377688779000983487e-05
-5.687473863518652167e-07
-2.673680391731888054e-02
-1.805794739461363314e-05
2.810089959730026035e-06
6.040597656416084812e-06
3.934421800246067584e-07
1.762322334647150029e-03
-1.394027589643291598e-05
-4.149869707911343267e-06
-8.720629184921649749e-06
1.592844752516152173e-06
-2.807486005012971297e+00
1.891710303971588347e+00
-3.524413833757081838e-01
1.605074711636619300e+00
1.362192182495302717e+00
9.458420493794637007e-01
4.257371849207148284e-01
1.670569392255472962e+00
2.470612066530043452e-05
2.352213689144121514e-04
-9.412139885143750264e-05
5.540808669240467445e-05
1.808476129985337215e-03
-2.417471216106369808e-04
1.656500210818923376e-07
-3.437440063664206659e-03
-3.237751635113684255e-06
-4.954006522313990102e-06
1.690484231632353833e-03
-1.213519054801258638e-05
-3.822164527206400097e-06
3.066827819579791021e-03
-1.606038741373156666e-05
-1.120674243876144767e-05
-6.365497245843124846e-03
1.152197145258601145e-06
4.395051694192087384e-05
-1.818760828817522204e-05
-9.360567426072620434e-02
2.613336647716244529e-04
-1.008228725843082264e-04
-5.916918379873668655e-06
-9.029750094256836429e-06
-2.108272415341545108e-02
-2.074738129260666965e-05
-3.730055782226384276e-05
5.199040988522415760e-06
3.478072746013900470e-06
-4.344490431693712358e-03
3.435113611636300338e-05
4.455897362694613117e-06
5.311234073660860510e-06
4.893322860422132141e-06
-2.604936418790358265e-03
2.899550624464878386e-05
8.965011164668439418e-08
7.876599984523183502e-06
4.588157295847415971e-06
-3.542448562725763138e-04
4.869122744219592127e-05
-5.564621004025163242e-06
-6.978610083453355568e-06
-1.917324926065827424e-06
-5.766014837190458747e-04
-5.378651645462134072e-05
2.394763785015571592e-06
-1.224149814071891738e-02
-4.911583437105168106e-06
-4.372461382634044091e-05
-1.042793005362826911e-04
-4.561697833376430718e-06
-1.298862863096188181e-04
6.299813236957314821e-02
3.064770599729682229e-03
8.428233660578849360e-06
3.478428420705119466e-05
-1.333587032787724640e-04
-2.406152667063271954e-06
1.071773384855565804e-04
-1.581175545137492380e-02
-8.008003154499009589e-04
-6.170193541860192442e-06
-3.604306715178119273e-05
2.817095962909359490e-04
2.955896357430542613e-05
-1.114748688888476686e-04
4.179714938035859230e-03
2.649671878581300995e-06
-2.456711914140241232e-05
-6.430532802447253590e-07
2.546151286561429503e-06
2.396698490010124982e-03
6.263127765529971614e-06
1.198159719139093562e-05
1.094226412951694306e-04
4.518425300786640020e-05
-3.325507418202914067e+00
4.610010199856935387e+00
1.492328910392306973e+00
3.788792626695960952e-02
-2.043279731438050195e+00
2.509227002246597227e+00
1.331905446309124219e+00
3.618114383317361238e+00
-1.255980391494679414e-04
6.580871948170525891e-04
-1.371991701286225465e-04
-1.662331185984109371e-04
1.416161379960722156e-03
-2.044892584832540337e-04
-2.330742106649495333e-05
3.195374125727986139e-03
-8.356392738101463226e-05
1.501263280364298497e-05
-2.743296330298357344e-03
4.579345855366530826e-05
2.999363551125212870e-05
-4.425326208898816040e-03
3.325232342259831330e-05
-1.591968878705638391e-05
2.819545363450090460e-03
3.325027826330901750e-06
-2.073380029724192122e-05
6.476739971523811507e-03
2.627462567875511648e-05
-1.329623338227102567e-04
-2.271970580273585259e-04
-2.791360967131590806e-02
-3.936631661312876970e-04
-4.569714896109707165e-05
-5.404279170982920780e-05
-4.923111221337837687e-05
-5.196934196718230523e-03
-1.211375650330775934e-04
-3.151277975324030134e-05
1.621586763848825326e-05
1.412585376096035718e-05
-9.334126468867944351e-03
1.867892962059321135e-05
1.422069780838866758e-05
1.489154153488779615e-05
2.584999882765362899e-05
-1.221607840519463133e-02
3.602678355716698231e-05
1.206983102433858441e-05
-6.734271895119642194e-07
-1.357530881649580912e-05
3.881122478321551508e-03
-8.654576327378331820e-06
-4.549589184674866905e-06
9.657728415462163343e-06
-1.420220320731501625e-05
1.903888620371246843e-03
2.197663096160785263e-05
-9.275824699678314261e-06
1.020048810771002727e-02
8.325650522824009378e-06
8.502316004577860711e-05
5.743717328329279743e-06
4.252146444264514496e-05
3.653781006092762378e-05
-5.242901656103677449e-02
-5.854770201878588959e-03
-6.679667274617638904e-06
-6.415492312240266535e-05
-5.695879310613671982e-05
-3.564199902245758701e-05
-1.405366366030984604e-05
3.008856112281059481e-02
5.204352897646075289e-03
5.386120861791721012e-06
7.815589138208107567e-05
1.078924049119805214e-04
4.222522158929327039e-05
4.383750549390358882e-06
-2.673810226814945373e-02
-5.016063039407707025e-06
2.363699184331991097e-06
1.628633693098413471e-06
1.769505105817287976e-05
1.757691903226086183e-03
3.828637256025962098e-06
6.576571504568486828e-06
-9.723540059197420402e-06
1.769744052605142846e-05
-2.807488731356702960e+00
1.891704494243734880e+00
-3.524440336468254720e-01
1.605075283195437130e+00
1.362190758441702787e+00
9.458401992397744706e-01
4.257372626165764617e-01
1.670571513361481797e+00
5.461596436700182728e-05
1.864175939120527579e-04
-4.458685887711016232e-05
1.208892278799982787e-04
1.699765646527151260e-03
-1.186077760430415530e-04
2.329494241217470430e-07
-3.429149831679073526e-03
-1.890054273876309108e-06
-1.256680138630704378e-05
1.694356229487697886e-03
-9.668220828725661371e-06
-1.004421809013481428e-05
3.066082553364846055e-03
-1.139255571230301275e-05
-2.694205478404860892e-05
-6.349061748513994304e-03
-5.038580210776519491e-06
1.378128044289406834e-04
-3.034152195298915741e-05
-9.352852840416493729e-02
1.476192472023717562e-04
-1.126580220656279616e-04
5.925707853348196903e-07
-2.281622617894996530e-05
-2.106815539436782819e-02
-1.685835473696395859e-05
-2.380439612685095050e-05
1.024339911510185181e-05
1.015825446261313749e-05
-4.341270201045093272e-03
2.228827902868947748e-05
-7.552257026116385142e-07
1.202766227720815868e-05
1.329697474733292450e-05
-2.603863313777207006e-03
1.977239077059798151e-05
-4.203207912150058403e-06
1.993625971170462309e-05
1.358277411109607937e-05
-3.472413787455912908e-04
3.142046428535262326e-05
-1.060841694232967855e-05
-1.687163906707216457e-05
-7.399692314863260754e-06
-5.889915344742932459e-04
-3.316179157232137213e-05
7.437716737910806059e-06
-1.224210660758230478e-02
3.726857020539069934e-05
-1.055391472203256320e-04
-7.212941607873373656e-05
-2.409593363228557632e-05
-9.576209298596945153e-05
6.299546971803449136e-02
3.062782236739153459e-03
-2.090039214823119143e-05
8.364050705024004390e-05
-1.687335366249623333e-04
1.563281826920056189e-05
7.531673941643267280e-05
-1.582212617498499410e-02
-7.972564536635763080e-04
2.752728416393865238e-05
-8.522950331964336231e-05
3.303167989529729939e-04
-1.350412666379885611e-09
-8.038034575967857825e-05
4.198013074041525086e-03
-7.289852080716285041e-06
-2.185600201951417977e-05
-5.978837972172138624e-06
6.718214969493932747e-06
2.400432859542211798e-03
5.095690267773029088e-06
9.864436424852480155e-06
1.240607656863975067e-04
2.571533783053793146e-05
-3.325508052618572297e+00
4.610004077938707034e+00
1.492330033570938852e+00
3.789106232841427807e-02
-2.043285161148253870e+00
2.509231549747717782e+00
1.331904186831184722e+00
3.618111623306254465e+00
-1.885492402954932882e-04
7.121095406261185746e-04
-1.049485572027963258e-04
-2.532033350111691640e-04
1.481954421672470549e-03
-1.495736440789351097e-04
-4.427019262170983681e-05
3.195400892594640711e-03
-4.644454905124855581e-05
2.724680784198768417e-05
-2.742985243175440156e-03
2.614275391121128646e-05
4.511265769629481653e-05
-4.439586393470716652e-03
2.526687496043004125e-05
-2.057168078788204822e-05
2.831987498853012937e-03
-3.735619993135188433e-06
-2.326104953229533862e-05
6.498474688645487600e-03
5.252407651821432868e-06
-1.449723653231133882e-04
-3.650190630473687135e-04
-2.784873022534137266e-02
-2.551676720167786417e-04
3.769085694443141075e-05
-5.498583183886400169e-05
-8.486011453483385781e-05
-5.188556535553443157e-03
-7.164222599947900805e-05
7.775914408676040839e-06
1.515002712920934107e-05
2.173985256610831444e-05
-9.338927081155501062e-03
1.321972444871480813e-05
5.357328493668456864e-07
1.417778998578570565e-05
4.009696835503437986e-05
-1.222783721332000410e-02
2.503353372479269668e-05
-1.167550649601420836e-07
6.115700237424201369e-07
-1.940479310460696484e-05
3.890995533919637192e-03
-8.461014529636714292e-06
-2.299886861014768315e-06
1.442807347942340722e-05
-1.527715243487849775e-05
1.921642151123543031e-03
5.313000288988362917e-06
-1.003063981922280256e-05
1.020850615443140950e-02
-1.162632208036925175e-06
1.195860368068675479e-04
-5.142012985487630144e-05
4.755291884769105722e-05
1.718698295837304703e-05
-5.238553606072796770e-02
-5.861663222330707260e-03
-3.711960399915721620e-06
-9.079296660815459582e-05
-1.426870886381541737e-05
-3.753120233149823918e-05
-4.969328795502416281e-06
3.005183754335006424e-02
5.211464723032211213e-03
5.089450928826998091e-06
1.104422054975114472e-04
5.326218352908395834e-05
4.519029678558459214e-05
2.757201536461208705e-08
-2.670043756575010696e-02
-7.280337333990689942e-06
2.849597784415120479e-06
-1.451624689777171245e-07
2.414257607351461213e-05
1.744039272301822112e-03
7.601618207762077096e-06
3.074838210262458759e-06
-7.281265011893022904e-06
6.167087985058714351e-06
-2.807491638241544685e+00
1.891704649664923910e+00
-3.524472571402549326e-01
1.605079525041913868e+00
1.362188382805552767e+00
9.458372971964802423e-01
4.257374091726616738e-01
1.670573161550790164e+00
4.157537982969030440e-05
1.546237592816767845e-04
3.461918088220273181e-05
8.699830507030264755e-05
1.631201872287211304e-03
7.708732571918055219e-05
-2.394976505092162423e-07
-3.424091357459481920e-03
1.906438305635637514e-07
-1.472736359108052528e-05
1.700484614103000159e-03
-6.953650549160352753e-06
-1.277378215144433458e-05
3.069871367092061668e-03
-5.148317534502484277e-06
-2.730088657472542400e-05
-6.333770327329525315e-03
-1.655613317643775493e-05
1.548554796693764508e-04
8.849539841919847006e-06
-9.350576812158853390e-02
-2.649078203695556430e-05
-1.191091178654510156e-04
1.048131576076747148e-05
-2.650035138362043631e-05
-2.105170749972443828e-02
-1.282401419368137075e-05
-3.888442188311209274e-06
8.383718770070756041e-06
1.563974269598041007e-05
-4.346250339678491351e-03
4.894831188539543231e-06
-7.609725691577137209e-06
1.114666272917240439e-05
1.804268850497749198e-05
-2.610133428101429030e-03
6.931613507822132533e-06
-9.581750246093327400e-06
1.997294275899652845e-05
2.134819104277992286e-05
-3.523993378823872557e-04
6.459878881646172342e-06
-1.646873379582679083e-05
-1.636160882222549139e-05
-1.578630559966680258e-05
-5.882367939541045115e-04
-2.624743680906579038e-06
1.351210308073012115e-05
-1.224971491488322829e-02
6.900268350670564889e-05
-1.087380875193786950e-04
-2.446163151332907907e-05
-6.228590736116430338e-05
-4.225610900817402529e-05
6.295431557343451889e-02
3.067526480875253786e-03
-4.776959096055814752e-05
8.511446827580181399e-05
-2.087011383528095891e-04
4.957067621235478918e-05
2.682103416621550043e-05
-1.579687385669437116e-02
-8.018444687951217700e-04
5.501159659883797141e-05
-8.254721751241786139e-05
3.754070421490371553e-04
-5.138405968685727141e-05
-3.260196294848244922e-05
4.173738386885068007e-03
-6.959317377008929684e-06
-1.949623563569286743e-05
-8.794030513149967223e-06
8.019345936344761264e-06
2.399210387731539728e-03
3.960002840223921970e-06
5.950281427080414856e-06
1.351496248318346995e-04
-7.631562257606242346e-06
-3.325507751799248179e+00
4.609989919604949193e+00
1.492330828517523411e+00
3.789931788042836397e-02
-2.043293813324082553e+00
2.509242251924156175e+00
1.331902946841146074e+00
3.618106428780607065e+00
-1.566931796948783202e-04
7.841609532162033443e-04
-8.731905899729872729e-05
-2.131697557913209173e-04
1.576649261447292481e-03
-1.126918869542862167e-04
-4.378159341806674691e-05
3.213991130108978089e-03
-8.651359463610040643e-06
2.619459402076998493e-05
-2.751153282534833308e-03
6.533676321440708476e-06
3.755708208434640658e-05
-4.457329354275721932e-03
2.074720500012606274e-05
-1.458812481104965353e-05
2.841181819792957825e-03
-1.384832606731238050e-05
-1.340171433941296369e-05
6.509013331277222793e-03
-2.100984349717242004e-05
-7.569260744869981360e-05
-3.213901069948112425e-04
-2.770573819580863378e-02
-1.344700513742809738e-04
1.317090780489731095e-04
-2.529707094926457919e-05
-7.880665184580555398e-05
-5.151397251777248623e-03
-2.387337953479899143e-05
5.213962682605983800e-05
5.688952372284145354e-06
1.847518095913659996e-05
-9.346020066613194149e-03
9.189704194682886480e-06
-1.494077979567929145e-05
5.601632047765150028e-06
3.430069085275936540e-05
-1.224730566487836243e-02
1.656497715557083672e-05
-1.389759202131074452e-05
1.481701613333711461e-06
-1.538822054096277987e-05
3.902865718199336528e-03
-1.020598756057931799e-05
2.752605374735343319e-07
1.090474564228185714e-05
-8.132412061675399375e-06
1.932700146848802085e-03
-1.520226516598261059e-05
-1.077173068840491232e-05
1.021208333834721163e-02
-9.503127767297017339e-06
9.330962945636074319e-05
-1.107638666168736909e-04
6.530164282388834787e-05
-4.771960375345382925e-06
-5.236641291164074313e-02
-5.863838612635136754e-03
1.164481582773382510e-06
-7.132339963390887266e-05
2.819405744004457740e-05
-4.880242397246294312e-05
5.375068575252703426e-06
3.004044010901540593e-02
5.212583539817438813e-03
1.982705776160081049e-06
8.663641580915737146e-05
2.340659710416159202e-07
5.967789491871333088e-05
-5.012508174062273945e-06
-2.669473701037938101e-02
-5.524405778661897371e-06
2.650611846931952727e-06
-1.761033313730346523e-06
1.821465970081979511e-05
1.732385025450445919e-03
1.441488298212657821e-05
-1.065087210475793608e-06
-8.721711739180928129e-06
-8.698483290767772657e-06
-2.807492562812367698e+00
1.891710247849357485e+00
-3.524486302142687544e-01
1.605084047433354311e+00
1.362186878703711468e+00
9.458355625229935004e-01
4.257375115583460490e-01
1.670573149317442274e+00
1.514513863291233962e-05
1.622019850907128601e-04
1.084530573718855761e-04
2.799051693645901939e-05
1.650765642570565985e-03
2.581489243384064709e-04
-3.870492011455617402e-07
-3.425793868139040584e-03
2.011690211452932559e-06
-9.180343022903479652e-06
1.704178498576027455e-03
-5.819522410789806252e-06
-8.450425557648822873e-06
3.075081212172549403e-03
-7.145801510829605265e-07
-1.494034670386141856e-05
-6.330867709932948804e-03
-2.913188020364215685e-05
8.210893292758846061e-05
2.683143691515525400e-05
-9.355045791706285974e-02
-1.801410418146727184e-04
-1.232376316433400078e-04
1.222872685139429766e-05
-1.639464096075862986e-05
-2.104568846101103133e-02
-1.153610808618176170e-05
1.416953501508980677e-05
2.304555341489188233e-06
1.153861629815175737e-05
-4.355177365300770542e-03
-9.179054808258573211e-06
-1.368769502165537553e-05
4.302253637482418019e-06
1.242578621470127030e-05
-2.618600050424406411e-03
-2.898364464687642431e-06
-1.431152499077251641e-05
8.950240709937517722e-06
1.591410216288718975e-05
-3.650637114057807449e-04
-1.383380904145085243e-05
-2.154234104779709095e-05
-6.897364168721696484e-06
-1.325368188265431429e-05
-5.758047817474662043e-04
2.309379957043976913e-05
1.880597994653615906e-05
-1.225833400809504814e-02
5.512184007044273012e-05
-6.055862445581616300e-05
2.357909166184643350e-06
-1.055279158630058583e-04
6.636505236638057898e-06
6.290789060901622043e-02
3.075098594569883412e-03
-4.186806920368314142e-05
4.685758596796546987e-05
-2.233743857844925468e-04
8.702613891540373313e-05
-1.722076098438074244e-05
-1.575716076885285560e-02
-8.106877929308955706e-04
4.557559642572188338e-05
-4.312214279811815650e-05
3.838618238340908337e-04
-1.040972991982079738e-04
1.083902924715535072e-05
4.127779071402669191e-03
-6.435037318267977787e-06
-1.947962593144590351e-05
-6.041247947789109697e-06
5.053958686173653267e-06
2.394293212542856607e-03
3.581690081100300416e-06
2.135229200493781614e-06
1.348235385235630975e-04
-3.785433674872986049e-05
-3.325507009633936750e+00
4.609981019513091915e+00
1.492330765956976668e+00
3.790482093808975744e-02
-2.043298031819979155e+00
2.509249035743420730e+00
1.331902689801490292e+00
3.618103535078194710e+00
-3.695711029706573669e-05
8.128702382113560648e-04
-8.977708467051248142e-05
-5.002285176111062072e-05
1.618124262840629117e-03
-1.073034224467423272e-04
-9.679452997826141616e-06
3.231417324601788908e-03
1.290516267751125696e-05
5.857885036425686353e-06
-2.759040406244942564e-03
-4.337469442261628449e-06
8.854804267674908051e-06
-4.463708994737259836e-03
2.113370217748541632e-05
-3.666168558682212428e-06
2.840850049483319584e-03
-2.204094592200043929e-05
-3.689809696656175500e-06
6.503248419680886065e-03
-4.003820813036699762e-05
1.167284491449318191e-05
-7.432226764511338569e-05
-2.761809684767277742e-02
-8.215819197672669268e-05
1.968994629304046489e-04
6.611525038069531787e-06
-1.789110275880637256e-05
-5.122481529479358704e-03
1.252863427834415651e-06
8.315375685696064394e-05
-2.678685958505997963e-06
4.325940471457786061e-06
-9.349228174315193582e-03
8.163469557269990333e-06
-2.582817097776169730e-05
-2.317558638244134103e-06
8.013940090372481887e-06
-1.225712883499851212e-02
1.398091232222986427e-05
-2.358588327261235747e-05
6.940107865967563085e-07
-3.697808448369016817e-06
3.906899806400119558e-03
-1.279862602081436172e-05
2.160822845147851182e-06
9.995053866867380761e-07
-2.317246839798369418e-06
1.930278299688995740e-03
-2.984752815117445093e-05
-1.099881731927996586e-05
1.020971042073446841e-02
-5.627648844255682678e-06
2.254767248313386546e-05
-1.253253399598230661e-04
8.590341733793777513e-05
-2.067996668516338456e-05
-5.237984670415546384e-02
-5.860895014629476964e-03
2.299005503111914741e-06
-1.718648678195684983e-05
3.728968276743040416e-05
-6.302748286053327345e-05
1.275146199333815789e-05
3.005618822685047001e-02
5.208448848476517415e-03
-8.425702306639052652e-07
2.090725199319952237e-05
-1.015370515098658853e-05
7.750239635342522321e-05
-8.528285470927984060e-06
-2.671647963644232376e-02
-4.816064264650659691e-06
2.017696612566378070e-06
-1.115276484683016421e-06
4.463808857290909849e-06
1.731314910189021665e-03
2.070188803303853328e-05
-4.130388763912025238e-06
-1.180800808656769013e-05
-1.903696069403516282e-05
-2.807490903722758890e+00
1.891716049654912357e+00
-3.524471594188658963e-01
1.605084995944146886e+00
1.362187439097347408e+00
9.458363563767075988e-01
4.257374871715346454e-01
1.670571639831764266e+00
1.050152893913589225e-05
1.991365418860280322e-04
1.414686562865765513e-04
2.678355129279955211e-05
1.733854285931752184e-03
3.389762633456985482e-04
3.418069619400748071e-07
-3.432191022709692434e-03
2.796809523684642734e-06
1.186498248719211428e-06
1.702534664034037731e-03
-5.452259229797533714e-06
1.636227925730799564e-06
3.077166286471379707e-03
1.129437419897532881e-06
-3.903591476312419193e-07
-6.341656058059346596e-03
-3.494511315204246903e-05
-3.131397332736640768e-05
-2.814640865611012238e-05
-9.361865726726203984e-02
-2.480359356460509453e-04
-1.107293617675789502e-04
7.038083462255440514e-07
2.010322713818080262e-06
-2.105422129187577152e-02
-1.120612511904521156e-05
2.443963474260009891e-05
-2.622098834407753680e-06
-3.573117989071879712e-06
-4.360141252582327986e-03
-1.526425248837799198e-05
-1.601625399244682623e-05
-2.934449814545134188e-06
-2.975254737341235423e-06
-2.621898731449978821e-03
-7.092118127141050087e-06
-1.569463555635391606e-05
-4.722566217546282951e-06
-5.073998633462422024e-06
-3.738324736080384696e-04
-2.263004073146453215e-05
-2.227195245341624360e-05
4.083855085233122526e-06
5.671771614535436846e-06
-5.632771097091349459e-04
3.433105236745986980e-05
1.997635666283446593e-05
-1.226038312216045159e-02
-6.007426642091349270e-06
-4.675675905236755157e-07
-1.231979415487543476e-05
-1.255270055630084477e-04
3.839857404446723495e-05
6.289604360056433308e-02
3.078860313331876607e-03
2.635942138210898714e-06
1.020768235999021685e-06
-2.027378139135402237e-04
1.044065766593394910e-04
-4.437443383507999454e-05
-1.573792512782767536e-02
-8.159793894721963439e-04
-4.139984869017050162e-06
-3.929574074238982097e-06
3.519501641814947509e-04
-1.282472052865426821e-04
3.833733484877840708e-05
4.101025476095309340e-03
-1.448947527619862883e-05
-2.168715532607083695e-05
1.179712447850749572e-06
-6.154379702869386101e-07
2.390165650401941590e-03
3.368825220178390482e-06
-7.472432398228129498e-07
1.243790861877295975e-04
-4.959983523336406331e-05
-3.325506726715524497e+00
4.609988109774963760e+00
1.492329927058704486e+00
3.790093276565652952e-02
-2.043292742576247267e+00
2.509243721222059076e+00
1.331903720312300532e+00
3.618106427408208869e+00
1.027951078555572703e-04
7.638344675322770181e-04
-8.544125803426705986e-05
1.456888402486324638e-04
1.556630585343218159e-03
-9.985953646883352923e-05
4.358920533009698594e-05
3.226652430193981125e-03
1.804787088599221924e-05
-2.471562870668731038e-05
-2.757128929894378695e-03
-7.058899014449599479e-06
-2.477035017757561823e-05
-4.451090398097583972e-03
2.005601110326798265e-05
4.255145867138509129e-06
2.831451621741420521e-03
-2.305112568144421513e-05
-3.762804070739840443e-06
6.488246010307048214e-03
-4.300990898814627630e-05
5.081473261861383061e-05
2.486890843902039351e-04
-2.769147404482324645e-02
-6.309138111192197861e-05
2.007970879023716969e-04
1.533198384169075627e-05
6.916136990797424385e-05
-5.136730933548335799e-03
8.083984393882990817e-06
8.700394324318419580e-05
-2.832422081417425598e-06
-1.298171017441943420e-05
-9.344697264855992072e-03
7.428412432589890782e-06
-2.775925702263103243e-05
-2.945244826017131623e-06
-2.454963187398938559e-05
-1.224548734575410525e-02
1.248491537647593550e-05
-2.520496653886587481e-05
-1.556209331173785848e-06
8.517626845715862546e-06
3.898267621784183134e-03
-1.278561794204303192e-05
2.946048640174438901e-06
-8.936994211772456367e-06
-4.326423897677405666e-06
1.917390575156372769e-03
-3.218702262020078556e-05
-9.061784959022799977e-06
1.020428032590079206e-02
1.063761608249729909e-05
-4.840671893317033089e-05
-7.777423439663672111e-05
8.673678985539512345e-05
-2.678768718526860831e-05
-5.240935695559789664e-02
-5.856454968545483919e-03
-2.230930258056531365e-06
3.802556822153248516e-05
2.247607250146035386e-06
-6.337409222067908452e-05
1.499526952005821636e-05
3.007991215338689031e-02
5.204146055906419023e-03
-1.057416919756012794e-06
-4.580428908290278841e-05
3.436180480448461664e-05
7.799392789991748927e-05
-9.145431510754857009e-06
-2.673928547163473973e-02
-8.014178304630810353e-06
1.697249395033761843e-06
1.817416845659231311e-06
-7.946896008354264768e-06
1.742037559176322532e-03
2.121644504900580821e-05
-5.190592121158619219e-06
-1.282085309078165664e-05
-2.006152392107721379e-05
-2.807488005638649753e+00
1.891716459588544952e+00
-3.524439808717232392e-01
1.605081090683515566e+00
1.362189730628147855e+00
9.458391663505963942e-01
4.257373467793679200e-01
1.670569942638255423e+00
3.684307020067561464e-05
2.326517544646331350e-04
1.216502571737078554e-04
9.984240706370812340e-05
1.806479776806488866e-03
2.926772109191549476e-04
1.701399135910599660e-06
-3.437561139628903060e-03
2.490375383352781252e-06
1.026847322317013333e-05
1.696603791672567215e-03
-3.400887866512877758e-06
1.183482251790426613e-05
3.073792396576098453e-03
2.277316971757779428e-06
6.563356253985331554e-06
-6.357077099593193975e-03
-2.846121966751651117e-05
-1.111122147297190210e-04
-1.367582386995481992e-04
-9.364667431423520649e-02
-2.212921283066663389e-04
-6.444210434293689627e-05
-1.768129561842378202e-05
1.784253329364112286e-05
-2.107052723553255041e-02
-7.389731731003839352e-06
2.640966226479683955e-05
-2.804925686146288763e-06
-2.189686040999256359e-05
-4.355930329496490901e-03
-1.508994402578839886e-05
-1.313555018550238043e-05
-5.546107175796629847e-06
-1.979998910648185696e-05
-2.616310044176519377e-03
-8.069466281725883906e-06
-1.207220255858907878e-05
-1.180447768446878716e-05
-3.082549286757077522e-05
-3.698170154679839223e-04
-2.220561579562963206e-05
-1.600251701866658803e-05
9.086948173345320431e-06
3.193275362719121587e-05
-5.627804886266147850e-04
3.205093811774881369e-05
1.477150904791824496e-05
-1.225339813946203088e-02
-7.742473848257355024e-05
3.181986360024054904e-05
-5.859946455648442579e-05
-1.009582732055900190e-04
5.573945618143545021e-05
6.293350056032821771e-02
3.074739633873949367e-03
5.945748959106934275e-05
-2.177178202276664769e-05
-1.631262252370195565e-04
8.458373813748255995e-05
-5.587419064231304646e-05
-1.575983412027668479e-02
-8.121526621735563429e-04
-6.443801342562931016e-05
7.096391267652762681e-06
3.064349760521606586e-04
-1.060639571108547139e-04
5.204181967250460605e-05
4.121327327493761426e-03
-2.972647112505463456e-05
-2.402854399289110568e-05
8.356192355384495403e-06
-5.436607075289432117e-06
2.390991985966376982e-03
2.066735156249898536e-06
-2.918166171445393288e-06
1.129042262112169964e-04
-4.023197531198299218e-05
-3.325507417029311963e+00
4.610010190778118577e+00
1.492328910556734112e+00
3.788793235403566106e-02
-2.043279735511105866e+00
2.509227009264386687e+00
1.331905446056470987e+00
3.618114380298439237e+00
1.807620626273650740e-04
6.581173949273453304e-04
-4.186008891418289675e-05
2.587770347209586040e-04
1.416204981863736917e-03
-4.455764698064864157e-05
8.325720385543704000e-05
3.195392139936417079e-03
2.006564370285657660e-05
-4.681093866918375676e-05
-2.743304581681650558e-03
-9.188948234583708692e-06
-4.361449098942947873e-05
-4.425332902864322938e-03
9.703138796736662038e-06
5.124999983520957977e-06
2.819545129078772101e-03
-1.535693067166761725e-05
-1.218689228827869007e-05
6.476734057956932272e-03
-3.068793570590644718e-05
2.466968994863465284e-05
4.544898879135078336e-04
-2.791351836587719487e-02
1.034718607994011712e-07
1.409411563884340813e-04
-1.118366184673181026e-06
1.295159549461695806e-04
-5.196904088183096695e-03
1.794268717457295640e-05
6.367838822777045673e-05
4.129080619519519282e-06
-2.323644350291008230e-05
-9.334130053591557785e-03
2.894805020771378724e-06
-2.105331485108125869e-05
3.045203376485339339e-06
-4.412010017861890416e-05
-1.221608870797832001e-02
4.374153386090331488e-06
-1.898361558061499336e-05
-3.672559812927353811e-06
1.428090184644859803e-05
3.881126793476431195e-03
-7.429514426869333844e-06
2.949360682526158206e-06
-1.278830047248712022e-05
-1.193132285241707045e-05
1.903886224028670865e-03
-2.328866952222483609e-05
-3.821739869205786518e-06
1.020048631059455001e-02
2.748327044340549116e-05
-7.949701011745673271e-05
5.728193798690349014e-06
5.202619161502334064e-05
-2.548856688012927452e-05
-5.242902710837563096e-02
-5.854767995651577114e-03
-8.833073119026075673e-06
6.302638712238064968e-05
-5.694899908837320083e-05
-3.755710594860318903e-05
1.281631754918391249e-05
3.008857340771580943e-02
5.204349924099111076e-03
1.107059398759768068e-06
-7.572798627219057396e-05
1.078812557275438968e-04
4.638762064189676411e-05
-6.861941403545894789e-06
-2.673811909786413463e-02
-1.285116157377557315e-05
2.363227471864820961e-06
4.902780818243055649e-06
-1.216191192932886387e-05
1.757690879631935120e-03
1.340920775793057280e-05
-4.728066958782278431e-06
-9.725919454621544279e-06
-1.330928486774049827e-05
-2.807492661518626864e+00
1.891708721724058462e+00
-3.524486437703500674e-01
1.605083315619999729e+00
1.362187004706022275e+00
9.458356880211924445e-01
4.257375011737169479e-01
1.670573353285901952e+00
8.782857290516322404e-05
1.562411425978679725e-04
-4.188550840059858025e-05
2.029365951607254952e-04
1.637021447279989311e-03
-1.074166263856049411e-04
1.123945715335838475e-06
-3.424708956474683142e-03
-1.431894241713481869e-06
-1.143914530710460223e-05
1.703904951053670505e-03
-4.948076864706937973e-06
-7.436245985679460502e-06
3.074104866060600218e-03
-6.585735913582611754e-06
-3.177783444552383183e-05
-6.329808174711837147e-03
6.807377745069584484e-07
1.487520033694581022e-04
-1.034198882372259251e-04
-9.353533897425259092e-02
1.128751642312654475e-04
-6.401552330912552808e-05
-6.850139081649304603e-06
-2.112264950730767044e-05
-2.104534970934624633e-02
-8.502946785501694365e-06
-1.511113884670060777e-05
1.345114806877566210e-05
2.867732730998283830e-06
-4.353318636900608760e-03
1.458505335250882593e-05
1.587762429985468883e-07
1.479284118644228944e-05
7.931641211263097853e-06
-2.617026175254719752e-03
1.222919590728025041e-05
-2.003483595951338552e-06
2.337057341770216060e-05
3.140275953465675570e-06
-3.621954896797935646e-04
2.069257885710957531e-05
-5.668673022449164850e-06
-2.019588572457996890e-05
5.404707688730287288e-06
-5.791460725809747601e-04
-2.298801613351770986e-05
3.720576156520606685e-06
-1.225676062667991652e-02
1.950041141065320490e-05
-1.216798857694376270e-04
7.383424419592481830e-07
1.661301230398165726e-08
-5.910977335319499935e-05
6.291567523960636676e-02
3.073670769728571381e-03
-4.071662980408582736e-06
9.780942868972297320e-05
-2.241797655011141806e-04
-2.550894473273917929e-06
4.684941449456144749e-05
-1.576506676472536408e-02
-8.089474002924965969e-04
1.139363467931026962e-05
-1.066588055743523499e-04
3.870094962394813177e-04
1.424815272383284593e-05
-4.974886658666826788e-05
4.137534472492484378e-03
-2.168122625680099543e-05
-1.952003443306141937e-05
-4.796513211869604161e-06
6.448045691267138705e-06
2.395505819560669360e-03
2.654958056756815773e-06
6.037450584589140745e-06
1.363252139643750466e-04
2.408581572683040351e-05
-3.325507574969662095e+00
4.609981505734983998e+00
1.492331303304329060e+00
3.790422281655459608e-02
-2.043298959551798966e+00
2.509248611311988064e+00
1.331902207822948103e+00
3.618103340421591874e+00
-1.241263662791114084e-04
8.270350528817443925e-04
-3.296151067954891265e-05
-1.620763985109085830e-04
1.632974505704635863e-03
-4.939865890497674016e-05
-1.738960741746871207e-05
3.224993667790933879e-03
-2.061363701380376374e-05
1.198166705505705404e-05
-2.755987877457987019e-03
1.121758373928842103e-05
2.959655542913276700e-05
-4.467891706301587405e-03
7.964383143585167501e-06
-1.773984610738237654e-05
2.846672676392108733e-03
9.286808700224353164e-07
-2.522764874560652195e-05
6.515331351496112672e-03
6.598420796931369321e-06
-1.408030549985297378e-04
-2.100710121529243799e-04
-2.762071456078942985e-02
-9.283106459682603621e-05
1.106434028668358091e-05
-5.634867108650075157e-05
-4.193638395187430869e-05
-5.129343603021210840e-03
-2.868501685822049513e-05
1.243295254704686478e-06
1.662903753491859319e-05
1.360899927285027323e-05
-9.350239581677376177e-03
4.390820772797249354e-06
1.050201823012902286e-06
1.532743648341124073e-05
2.474416604527760716e-05
-1.225888602216802098e-02
8.472512917711056991e-06
6.452408552308895916e-07
-4.278226007042840037e-07
-1.401904927295549801e-05
3.909937076943514542e-03
-1.993748506503568766e-06
-9.922285266102251255e-07
1.105632810611347321e-05
-1.772209516921290412e-05
1.939314597553229913e-03
5.331803552436653636e-06
-3.913189745754384945e-06
1.021430932287319300e-02
6.612035223063883168e-06
8.879010412602761967e-05
-1.461195573108188604e-04
9.543701445519944235e-06
7.826431459726235906e-06
-5.235496092206279317e-02
-5.865140822253971098e-03
-6.300557059362726247e-06
-6.667454526256293059e-05
5.349700417512840258e-05
-8.103379842643148445e-06
-2.447281865288249994e-06
3.003355174088629190e-02
5.213198494596362614e-03
5.519120159255859205e-06
8.140349168318355413e-05
-3.137226046705563582e-05
9.601053978681606558e-06
2.464800488317556853e-07
-2.669119875680575280e-02
-9.791738894008895165e-06
2.366178100166829987e-06
1.371360460123146779e-06
1.910942302086571809e-05
1.725420368493813450e-03
8.084529966751903227e-07
1.406714781819349323e-06
-9.530660226002365344e-06
5.906856203514968700e-06
-2.807495830574758600e+00
1.891706602674661397e+00
-3.524520149575183225e-01
1.605086630295629924e+00
1.362184724770252986e+00
9.458328601585652695e-01
4.257376377862260863e-01
1.670575370270229065e+00
4.593963569581752078e-05
1.142696515196005985e-04
2.924230793911527658e-05
1.037703563357362315e-04
1.545158396073978771e-03
6.650921483108653736e-05
3.932464892014231378e-07
-3.417855898602975909e-03
2.826883785525498113e-07
-8.446767896044194549e-06
1.709860842408097601e-03
-4.369626032719495241e-06
-6.345421676121196561e-06
3.076582442825664173e-03
-2.825688402616085569e-06
-1.982995317280566793e-05
-6.312359741372876309e-03
-1.210992114570637193e-05
9.591749048887658895e-05
-3.879127603091621140e-05
-9.348898477146180830e-02
-3.184804858934812526e-05
-7.701317402530899079e-05
1.473330877656251511e-06
-1.540060107068666023e-05
-2.102777517384219266e-02
-8.184546497416183447e-06
2.697820073254791852e-07
6.784078530972985713e-06
5.276267050945581316e-06
-4.355704433775404658e-03
1.828012573188709502e-06
-5.740388535133227846e-06
8.114064673394048220e-06
7.931598928390927656e-06
-2.621190417853851585e-03
3.557033354361261742e-06
-6.867294975260946678e-06
1.361505874532317361e-05
6.902888948265889302e-06
-3.632666860956121281e-04
2.252842364081060836e-06
-1.136685013921596972e-05
-1.145504527188922198e-05
-2.025721162822430283e-06
-5.833734910406727361e-04
7.563703005907372075e-07
9.404349651988010264e-06
-1.226255100588152964e-02
2.885640643791892733e-05
-7.716606432062133832e-05
4.776681990035586351e-05
-4.449450187698366130e-05
-1.986903519903948968e-05
6.288475561419766546e-02
3.076355937734585964e-03
-1.720524227519043098e-05
6.133323697682231093e-05
-2.667600149035992971e-04
3.566694915524262278e-05
1.062739268279969018e-05
-1.575064268502678749e-02
-8.109221819271928734e-04
2.180072809314502778e-05
-6.413779315473466618e-05
4.383943473833702155e-04
-3.828287143127014514e-05
-1.448163298690037526e-05
4.126838757051494271e-03
-1.308346525930438007e-05
-1.672900838982244537e-05
-4.377971763332622648e-06
4.766176147288122677e-06
2.395970972616158490e-03
2.573533987428246888e-06
3.263269487241461687e-06
1.500144700452450133e-04
-6.206490588196010147e-06
-3.325507652733136421e+00
4.609975393668492849e+00
1.492331857461091538e+00
3.790766928197353280e-02
-2.043303152805127088e+00
2.509253211016562624e+00
1.331901476336825096e+00
3.618100958165630487e+00
-3.949691118189151086e-05
8.643440483320619485e-04
-5.281086771038135487e-05
-5.246169389355968815e-05
1.680590487499614930e-03
-6.780607467626771363e-05
-7.804019644389556225e-06
3.230836996751932678e-03
-4.254751213253728149e-06
4.966837537709867539e-06
-2.758467159784060239e-03
3.424188874990578195e-06
9.439083751516147999e-06
-4.477340261602911868e-03
1.252252608319776507e-05
-4.830543479768670987e-06
2.852937796203716507e-03
-8.761582874579868193e-06
-6.102372402577599238e-06
6.524537293680229832e-03
-1.363066301614288121e-05
-2.203295583952464141e-05
-7.276989507348770672e-05
-2.755801996875673412e-02
-7.708317856688456622e-05
8.019489641586093152e-05
-8.105474738090157546e-06
-1.605952143606054886e-05
-5.115391156494310081e-03
-1.267793897730308070e-05
3.243799641406957531e-05
2.099557882992770135e-06
4.469709230496974962e-06
-9.353773513336683179e-03
5.428775155165894994e-06
-9.427992056915243842e-06
1.996456697646346497e-06
8.199808384062874154e-06
-1.226820385085273038e-02
9.738320405689858162e-06
-8.759425728290154195e-06
1.785034464138668859e-07
-4.221420376344126774e-06
3.916355230666298398e-03
-6.263239332984568624e-06
4.371935067157703411e-07
2.446447212549540303e-06
-4.150145385241775467e-06
1.947612126853484138e-03
-1.000534309660838501e-05
-5.807494932579382946e-06
1.021760706734319707e-02
-8.718293915307816092e-07
2.629745131729962574e-05
-1.802707270304377044e-04
4.020938363553185790e-05
-4.734820862716049089e-06
-5.233716050002693715e-02
-5.867709680037041901e-03
-3.141294167596361608e-07
-1.988299448595375174e-05
7.842474668384746307e-05
-3.000626039992637388e-05
3.853229958901044269e-06
3.002000224219647170e-02
5.215499836210126493e-03
7.118473763340816750e-07
2.424025191022349056e-05
-6.287365770046013987e-05
3.674182407545201456e-05
-3.117398962995856896e-06
-2.667917814775040697e-02
-3.521602285584474769e-06
2.427138480740041522e-06
-1.801046200746772387e-07
5.477733255615399206e-06
1.717993442128179678e-03
9.041778842552226193e-06
-9.937679623358436432e-07
-9.339323312864700741e-06
-5.808183060243791007e-06
-2.807495722582077136e+00
1.891708286288969365e+00
-3.524520011315350199e-01
1.605087438775930186e+00
1.362184585300930673e+00
9.458327210762902393e-01
4.257376492876688290e-01
1.670575145534639372e+00
3.055905491887634149e-06
1.208274697379823172e-04
8.367118573427616366e-05
7.826393436729575366e-06
1.560271407073239710e-03
1.977195580021387262e-04
1.031917366540836564e-07
-3.419052799736645078e-03
1.434998563748855476e-06
3.548403733597587117e-07
1.710164744878905647e-03
-5.857464181788615429e-06
4.762201999035886945e-07
3.077663937423342523e-03
-1.865299160724567736e-06
-6.424034826203656733e-08
-6.313533808560792618e-03
-2.444202656360889794e-05
-2.184494131520701136e-05
-8.195228308506427123e-06
-9.350569437937029937e-02
-1.306062192565691073e-04
-9.297944120001446215e-05
8.890000371027716804e-07
6.088175167403178177e-07
-2.102814237390221094e-02
-1.136224497278640435e-05
1.066323391508921049e-05
-1.964022263719656275e-06
-1.053673143940899289e-06
-4.357759650474719339e-03
-4.972882200247891052e-06
-1.027380351381662800e-05
-2.142430947849612740e-06
-8.818199206842160808e-07
-2.622930266369959823e-03
-1.156250523314889195e-07
-1.079936400913028350e-05
-3.388542948414875659e-06
-1.495190827758709612e-06
-3.664360450733478722e-04
-7.738191376713849653e-06
-1.627718909330270238e-05
2.962695375314423161e-06
1.664164862812831135e-06
-5.796809713638512856e-04
1.512241230968760093e-05
1.413156671432020185e-05
-1.226414709838241114e-02
-3.052399373176768938e-06
-5.638971716100896897e-08
4.960461254689305880e-05
-8.918235683448208885e-05
4.810012257322960531e-06
6.287595795171620205e-02
3.078037572215867185e-03
8.298835341607715902e-07
2.232361966458872368e-07
-2.658810470608159488e-04
7.294623506871043047e-05
-1.282800413641692869e-05
-1.574190270999105759e-02
-8.130117824914208195e-04
-1.877199682140886685e-06
-1.067742784553510770e-06
4.349275732109053822e-04
-8.510662443342587307e-05
7.945334210342029556e-06
4.116110148741956333e-03
-6.752792113675721845e-06
-1.705537372947634009e-05
7.444360867971002002e-07
-1.948201727688245245e-07
2.394608038989982576e-03
3.528247874018481593e-06
1.534162288728722835e-06
1.484534482901828307e-04
-2.786979239274713801e-05
-3.325507574659558596e+00
4.609981503691774840e+00
1.492331303363288342e+00
3.790422426920300736e-02
-2.043298960547603293e+00
2.509248613075360179e+00
1.331902207793572934e+00
3.618103339674194174e+00
8.973506930938884266e-05
8.270435242509633494e-04
-9.271016547856250525e-05
1.223606259562677633e-04
1.632986602347454149e-03
-1.185099607764619290e-04
2.577605931656379849e-05
3.224999006934271394e-03
-6.283374703305617199e-06
-1.534852625564038628e-05
-2.755990094277230382e-03
5.473661572467332367e-06
-2.151146533636197724e-05
-4.467893635301588805e-03
2.200428797808294716e-05
8.108838093757358615e-06
2.846672533951237569e-03
-1.573622602136871137e-05
7.099098826295342718e-06
6.515329689684890187e-03
-2.474359923617399742e-05
7.772939971201874704e-05
1.853593507132506621e-04
-2.762068887026460431e-02
-1.354876432696205122e-04
1.193587516720997989e-04
2.839555362176586080e-05
4.579256712761348478e-05
-5.129335175832271110e-03
-2.196667711165955383e-05
4.930005857682934656e-05
-7.481602475473655163e-06
-1.060198115253877279e-05
-9.350240677721978477e-03
9.591787211964829493e-06
-1.482682596379533632e-05
-7.064967286022377163e-06
-1.970038311972738420e-05
-1.225888879312561457e-02
1.719456608210339824e-05
-1.364968724879949434e-05
-7.145387927943124552e-07
8.732560985218641516e-06
3.909938149359390262e-03
-1.114498007314724233e-05
9.579516366920149897e-07
-8.841702524863258531e-06
4.242861535599804762e-06
1.939313808761295799e-03
-1.801612928286405185e-05
-7.715054985910544026e-06
1.021430924701061289e-02
3.475385940595908044e-06
-5.281040446623786377e-05
-1.461241842286980239e-04
7.178233781345071335e-05
-9.649104097203569557e-06
-5.235496224001354865e-02
-5.865140634927806101e-03
1.028259159614027462e-06
4.042905008115744417e-05
5.349968686612244792e-05
-5.351216216599346181e-05
6.685144389215096961e-06
3.003355353025465371e-02
5.213198089152403826e-03
-2.541812352349007091e-06
-4.908875628211138698e-05
-3.137534427378221554e-05
6.551677089387823369e-05
-4.908792927568451204e-06
-2.669120173460470466e-02
-2.536209737261759038e-07
2.366071813562220471e-06
5.542057858452643894e-07
-1.025155528408008720e-05
1.725419994974656005e-03
1.614535580742607952e-05
-1.920384288167920085e-06
-9.531190723325906752e-06
-1.154991632062084049e-05
-2.807495832167819838e+00
1.891706602740523380e+00
-3.524520168458282754e-01
1.605086632468734287e+00
1.362184723684753740e+00
9.458328587652335973e-01
4.257376378739304856e-01
1.670575370984167973e+00
4.951781444652307476e-05
-1.142559381166491242e-04
2.508385893753032066e-05
1.132043414532710624e-04
-1.545129032600457393e-03
5.637358218724766056e-05
5.422081322390970022e-07
3.417853727215606086e-03
1.929854866817459489e-07
-8.148679546783812666e-06
-1.709863699826052194e-03
-5.118845175981281834e-06
-6.060344855628859282e-06
-3.076584286728345323e-03
-4.051941409821860697e-06
-1.946855353185355291e-05
6.312352910539651731e-03
-1.117440734666519644e-05
1.200848888439864340e-04
4.697046568127575985e-05
-9.348897644651607552e-02
1.768210087777485407e-05
-4.525630576462145538e-05
4.958704942486894007e-07
1.478264577100912408e-05
-2.102776806736820700e-02
9.240985149804519872e-06
-1.408184909840688373e-06
9.105942794209260702e-06
-4.216297641594559525e-06
-4.355707142145439845e-03
-3.652205489893891081e-06
-3.100950143358547061e-06
1.048142054732748181e-05
-7.042412057696040555e-06
-2.621193628426568990e-03
-5.087091024979732956e-06
-3.654819846227421918e-06
1.729375159426600633e-05
-5.399899514904785662e-06
-3.632694664889259324e-04
-4.846989829306930629e-06
-6.190050445646084496e-06
-1.488686256653577511e-05
3.594114360835613700e-07
-5.833726887041324307e-04
2.128138920997201456e-06
5.348949138936435468e-06
1.226255472383378127e-02
-3.162893473911119639e-05
-7.719656428248342149e-05
-4.778890909890948441e-05
-4.456035405850208755e-05
1.504914816974884761e-05
6.288473955081129441e-02
-3.076358074559013868e-03
1.778892561214386368e-05
6.147784775899865621e-05
2.667780504353191285e-04
3.527613124005831645e-05
-9.579468798536317582e-06
-1.575063248343992750e-02
8.109241067024223733e-04
-2.341415080215027746e-05
-6.512637282237823439e-05
-4.384143270100333985e-04
-3.639963809029157110e-05
1.163058458625199555e-05
4.126828782672181326e-03
-1.176709229141607915e-05
-1.672821748444511548e-05
-5.158534379201643941e-06
-4.609701264583846705e-06
2.395970156780401900e-03
-2.839642805322809384e-06
2.177720756655183622e-06
-1.500184245011601341e-04
-8.267614492157484492e-06
-3.325507574769431152e+00
4.609981501038681984e+00
1.492331303586001523e+00
3.790422568357493249e-02
-2.043298962343926384e+00
2.509248614940731592e+00
1.331902207418556028e+00
3.618103338672316927e+00
-8.868160355209396388e-05
-8.270595687980621417e-04
-9.112545120812090744e-05
-1.205892609996574947e-04
-1.633006893711755423e-03
-1.158510680293016058e-04
-2.482083595230893789e-05
-3.224999977888153794e-03
-4.860061667982090898e-06
1.490737602113362277e-05
2.755990899390895355e-03
4.816631427310013576e-06
2.129072554211833287e-05
4.467897820342139892e-03
2.167200707768815872e-05
-8.167559207500458713e-06
-2.846675731727431151e-03
-1.581980138273494409e-05
-7.354709343118266741e-06
-6.515334702888724884e-03
-2.511691393437513476e-05
-7.632088696069460243e-05
1.853463574776397448e-04
-2.762066599806771786e-02
1.354889744819466754e-04
1.159253257242659312e-04
-2.786216111110843450e-05
4.578728678617687199e-05
-5.129330670183832562e-03
2.196997915800446273e-05
4.799472840848834700e-05
7.533419023363153331e-06
-1.060016669642203169e-05
-9.350241933227114097e-03
-9.589202594957458420e-06
-1.494176720333944206e-05
7.042352524183679786e-06
-1.969737645704278968e-05
-1.225889267457917417e-02
-1.719068833554777381e-05
-1.358748980182690881e-05
7.584400956143526603e-07
8.732322564190400646e-06
3.909941075628718676e-03
1.114297028818244971e-05
8.519084459213180349e-07
8.795631159188633565e-06
4.245945732735178603e-06
1.939318222998477528e-03
1.801303379343981956e-05
-7.602363346269351465e-06
-1.021431201115742537e-02
3.475778250038807996e-06
5.302481683543402844e-05
1.461393646807170933e-04
7.209175653744801524e-05
9.638012804765241914e-06
-5.235495034267123593e-02
5.865142787220625764e-03
1.027933219526976728e-06
-4.054161127132085675e-05
-5.351107998480345842e-05
-5.367242244274308288e-05
-6.679109792232839276e-06
3.003354398493464014e-02
-5.213200131369063496e-03
-2.540114506401808223e-06
4.920336102660689446e-05
3.138991375159114975e-05
6.567792587104865406e-05
4.901729644885556401e-06
-2.669119252987875793e-02
3.339687317035767685e-07
2.366168463268071900e-06
-5.676233239305252830e-07
-1.025283637539753102e-05
1.725416611911391798e-03
-1.614366374171690729e-05
-1.886292908175718413e-06
9.530767487649354714e-06
-1.146211488942135911e-05
-2.807495724145085525e+00
1.891708284393109896e+00
-3.524520028602298738e-01
1.605087439653738013e+00
1.362184584457155845e+00
9.458327199725212742e-01
4.257376493903571868e-01
1.670575146489101215e+00
-2.367737058000899728e-06
-1.208078079120310960e-04
8.467304597627426808e-05
-5.740011223636739914e-06
-1.560228112863550195e-03
2.007764500572589066e-04
-4.693257641505653151e-08
3.419049697599959095e-03
1.518453209811183272e-06
-4.346791952603925030e-07
-1.710167206675392362e-03
-5.975782219560321196e-06
-7.221147433821731648e-07
-3.077664766197470841e-03
-2.233995299132349017e-06
5.800039403330502356e-07
6.313525940007939929e-03
-2.366127660596348864e-05
2.395790741878324226e-05
-8.191276084658735717e-06
-9.350566959040226833e-02
1.305599621308680671e-04
-9.804561065069445323e-05
-8.903992064083984814e-07
6.081050104149240801e-07
-2.102813487538445283e-02
1.135883525279243571e-05
1.066203383145693886e-05
2.252401886782003778e-06
-1.051647766708085311e-06
-4.357760433715784226e-03
4.972779610958627419e-06
-1.096327651540384261e-05
2.327763952451768063e-06
-8.808741270177423370e-07
-2.622931807689624171e-03
1.156526213405627106e-07
-1.124259043420615212e-05
3.638190550326648918e-06
-1.494722696835930270e-06
-3.664358925414427969e-04
7.734250151522557409e-06
-1.687471405784403365e-05
-3.357176502798178958e-06
1.665155803854386925e-06
-5.796835936112361204e-04
-1.511379292733707369e-05
1.507546208066664839e-05
1.226414853730585508e-02
-3.054239271231169863e-06
-1.396706619488783838e-09
-4.962489964070693985e-05
-8.924192852717293702e-05
-4.791209174194589304e-06
6.287595038357603194e-02
-3.078037466513455951e-03
8.268612619625140862e-07
-2.556967784773592399e-07
2.658998172790483618e-04
7.287505631903272603e-05
1.282311961929677854e-05
-1.574190186549961207e-02
8.130111977175442537e-04
-1.870189120787459033e-06
1.110287634696135105e-06
-4.349507536551115998e-04
-8.501525729225928730e-05
-7.949656313344467668e-06
4.116111962250427331e-03
6.858660157548022979e-06
-1.705426065712622002e-05
-8.006552073408550063e-07
-1.944126403968089421e-07
2.394608415807616963e-03
-3.526826189491325566e-06
1.669851742079298755e-06
-1.484595108554749294e-04
-2.775003118498771485e-05
-3.325507009601283759e+00
4.609981017850079077e+00
1.492330766457881985e+00
3.790482206572122481e-02
-2.043298033306639727e+00
2.509249037051403786e+00
1.331902689403695383e+00
3.618103534190386661e+00
3.800386105869696119e-05
-8.128876380951008309e-04
-8.820468416719407390e-05
5.178315690575010681e-05
-1.618145508431386055e-03
-1.046605755959260291e-04
1.062833867544530402e-05
-3.231416171471287232e-03
1.432695410819882423e-05
-6.295714213426534791e-06
2.759040326074353646e-03
-4.993257861382391796e-06
-9.074215245116777479e-06
4.463713711703366609e-03
2.080408452854627123e-05
3.608714590319464882e-06
-2.840854323730948594e-03
-2.212582782124181859e-05
3.438090500356135014e-06
-6.503255948164194181e-03
-4.041298227658975735e-05
-1.025225401092427802e-05
-7.431136903608073373e-05
-2.761807854731530495e-02
8.218528909018209077e-05
1.934822053647343345e-04
-6.071637822172059290e-06
-1.788796382883959870e-05
-5.122479508920960156e-03
-1.243344257205440376e-06
8.185541609319693396e-05
2.728199302345568472e-06
4.326838611651882699e-06
-9.349229762025214330e-03
-8.162388750148033448e-06
-2.594501130941207902e-05
2.293069794897229416e-06
8.015091507771055290e-06
-1.225713252086445791e-02
-1.397979649200602489e-05
-2.352538362777808627e-05
-6.499237519684599777e-07
-3.698044448665581848e-06
3.906903172139728452e-03
1.279788214451612886e-05
2.054756113199511562e-06
-1.045871133841177847e-06
-2.317090850867544979e-06
1.930284641398428286e-03
2.984521841449793025e-05
-1.088752850608300098e-05
-1.020971460446737367e-02
-5.624236156574468492e-06
-2.233432972883916235e-05
1.253443342515242432e-04
8.622053081678306391e-05
2.066946803508565815e-05
-5.237982673805779282e-02
5.860898624572339830e-03
2.297251763214614481e-06
1.707436006397946573e-05
-3.730374374476827862e-05
-6.319364503325452772e-05
-1.274611018986865287e-05
3.005617119065428014e-02
-5.208452573145573236e-03
-8.401504260346169387e-07
-2.079325636583988869e-05
1.017168969913689446e-05
7.767083330488766492e-05
8.521875431117898532e-06
-2.671646191543814927e-02
4.898636732196080332e-06
2.017903838881197104e-06
1.101284270588951170e-06
4.463216010622508386e-06
1.731310469125647627e-03
-2.070180989072437392e-05
-4.096482014845585215e-06
1.180678785917332780e-05
-1.894991181060649496e-05
-2.807492563980221956e+00
1.891710245762535658e+00
-3.524486312964603130e-01
1.605084048171104838e+00
1.362186877680152453e+00
9.458355612502084009e-01
4.257375116661069603e-01
1.670573150504392146e+00
-1.446898717218018289e-05
-1.621764049320502258e-04
1.094618151639352010e-04
-2.593343886674590645e-05
-1.650709356531740099e-03
2.612210249546106553e-04
4.429698817085665065e-07
3.425789630429967609e-03
2.095213119540017508e-06
9.100847938135951548e-06
-1.704181449246410613e-03
-5.939828633394366968e-06
8.204484578745063449e-06
-3.075081823774431823e-03
-1.085109313601455017e-06
1.545820784401408419e-05
6.330858044167587961e-03
-2.835446643061497699e-05
-7.999682389586568665e-05
2.681359509495184778e-05
-9.355042389868434283e-02
1.800951392047040410e-04
-1.283233355294601300e-04
-1.222657083409732476e-05
-1.639581214510691092e-05
-2.104567896254462209e-02
1.153622647072489701e-05
1.416815482231311754e-05
-2.017438325260417266e-06
1.153904339087663509e-05
-4.355177320664113325e-03
9.176982416765757733e-06
-1.437869443082440657e-05
-4.117881621727290575e-06
1.242582101555455353e-05
-2.618601157656951645e-03
2.896080388409173355e-06
-1.475643811827984049e-05
-8.701678020804140410e-06
1.591224818797077120e-05
-3.650624559326545141e-04
1.382722588963540149e-05
-2.214269075486466977e-05
6.504149782176835566e-06
-1.324943889684212291e-05
-5.758090790464111697e-04
-2.308331415343420573e-05
1.975253547866994666e-05
1.225833406235369433e-02
5.511057170296612890e-05
6.051013998231693158e-05
-2.381317507912732688e-06
-1.056020610148640287e-04
-6.612589597729210951e-06
6.290788620554978172e-02
-3.075097917865440931e-03
-4.186266341760599323e-05
-4.689777972832581237e-05
2.233969356250803959e-04
8.696634622955436546e-05
1.721295760771524166e-05
-1.575716346031204307e-02
8.106866061467029498e-04
4.557422372324121423e-05
4.317454799036795065e-05
-3.838904468916028373e-04
-1.040171192276669818e-04
-1.083958338794309615e-05
4.127785435742096186e-03
6.546524088014686756e-06
-1.947828791276718369e-05
5.984478282137028582e-06
5.054540801543137580e-06
2.394294152762630173e-03
-3.581417260647005757e-06
2.271744464916660041e-06
-1.348306441245750024e-04
-3.773451053317523939e-05
-3.325506921796475446e+00
4.609994700088203778e+00
1.492329612911850845e+00
3.789705896797271323e-02
-2.043288836778831552e+00
2.509238734498883350e+00
1.331904245548893639e+00
3.618108808209241190e+00
1.512791285720177373e-04
-7.319555138887462887e-04
-5.821593023947242452e-05
2.122735264662726682e-04
-1.514362925300478599e-03
-6.264127496424207490e-05
5.854483847946990435e-05
-3.217435756045683350e-03
2.580156887329734463e-05
-3.347284335336704137e-05
2.753056244359624802e-03
-1.158341849154210043e-05
-3.636756962273032437e-05
4.443308474738137670e-03
1.358474468262874220e-05
8.342403124878140081e-06
-2.827779169281683172e-03
-2.045084720707594981e-05
-6.029557170501555425e-07
-6.484570254515216459e-03
-4.049151845242434549e-05
4.841612984821758364e-06
-3.483038677583194672e-04
-2.775778470782801211e-02
1.265399587409042453e-05
1.884720619909736005e-04
-7.025160659582119797e-06
-9.405047211552365941e-05
-5.154575453083300694e-03
-1.998170203260535519e-05
8.008586813764414570e-05
5.444191835487153669e-06
1.863946613259287433e-05
-9.341519901073567708e-03
-4.454092701875463549e-06
-2.551368082607414153e-05
4.304296358611170846e-06
3.507633835680629207e-05
-1.223666713153185454e-02
-6.988228642942659360e-06
-2.310935149651242317e-05
-2.977850369114787114e-06
-1.310049542286868045e-05
3.893084527631930983e-03
1.017764763238715395e-05
2.119820713979349742e-06
-9.111476111695802183e-06
2.391035854573697424e-06
1.913175687440544842e-03
3.030996185696807399e-05
-1.026265044639225083e-05
-1.020296707611022258e-02
-2.309043523878374197e-05
-7.582455810443527707e-05
5.241610854802013523e-05
7.111730137066909227e-05
2.109891206622382259e-05
-5.241570258269090399e-02
5.855811511520540164e-03
7.947989801252291014e-06
5.906242827560701333e-05
1.576198984399522192e-05
-5.138831166178405057e-05
-1.278174328144462426e-05
3.008293148235705386e-02
-5.204108073832954331e-03
-1.598391485461678850e-06
-7.138155358323467229e-05
-5.675398454702159073e-05
6.337464109180559839e-05
8.401554147875603325e-06
-2.673942967663345965e-02
6.595346823054644534e-07
2.154984325637584473e-06
4.242062429979589778e-06
1.322006242567216408e-05
1.746837665026421300e-03
-1.794633184134426321e-05
-4.121302523508052670e-06
1.199579410417389352e-05
-2.045034822989457525e-05
-2.807488545430954385e+00
1.891708104500002596e+00
-3.524440540813679745e-01
1.605077083014033734e+00
1.362190421238688165e+00
9.458398545418130743e-01
4.257372896595053025e-01
1.670571058626941996e+00
7.446365024642848779e-05
-1.999979088152265688e-04
-5.731147294039187361e-05
1.722949887402163837e-04
-1.731167029271839545e-03
-1.503334203829881843e-04
9.562661985324909134e-07
3.431623442837877444e-03
-2.235705973204028217e-06
-9.895614761807335305e-06
-1.695105180719866291e-03
-1.114214181072140553e-05
-6.675216433096779289e-06
-3.068451901262420414e-03
-1.372012382966003442e-05
-2.655035358737294123e-05
6.351301216886768262e-03
-3.430547300060857276e-06
1.545086231399253260e-04
8.558816302908604789e-05
-9.356388980560130519e-02
-1.833127007715492512e-04
-7.043457323916424971e-05
2.486791450653349296e-06
1.814301805377450483e-05
-2.106868189974806654e-02
1.911743457879174201e-05
-2.824051493659439948e-05
1.108452524030911578e-05
-2.737316188969014048e-06
-4.345747395942948198e-03
-2.665728061394790992e-05
3.559725981299332231e-06
1.304552983466685748e-05
-6.982225567133400841e-06
-2.607687443276114191e-03
-2.335765397842809270e-05
5.972777052820908749e-07
2.182058786925318648e-05
-3.077253613850479028e-06
-3.541067120525496006e-04
-3.764137326612303528e-05
-3.229207653936494931e-06
-1.862042126168342895e-05
-4.121977897945830298e-06
-5.810797484812911312e-04
4.020299242492406545e-05
1.356126644864895294e-06
1.224568900446569922e-02
-4.609501368857400169e-05
-1.034335144393567655e-04
6.752405292651301148e-05
-2.246611366642136263e-05
9.583423028669820301e-05
6.297633763131739448e-02
-3.066328687693925786e-03
2.757866292595859988e-05
8.318095975602113053e-05
1.675079483420151131e-04
1.336291955409953059e-05
-7.964443839474866986e-05
-1.580303339082273981e-02
8.016120166741198165e-04
-3.481084139141414955e-05
-9.050729909396565138e-05
-3.236474217333487505e-04
5.981239408779203633e-06
8.236444253555115860e-05
4.174573427116129790e-03
-2.694388860817216181e-05
-2.206293110734659953e-05
-6.946544641836550012e-06
-5.479559617688485704e-06
2.397582411067775403e-03
-5.727051085560269194e-06
8.862771238321793046e-06
-1.207329215745027001e-04
2.578553609268216298e-05
-3.325508478529710654e+00
4.610017367025647239e+00
1.492329430962703096e+00
3.788323211823123315e-02
-2.043277354719299943e+00
2.509221491535500448e+00
1.331905216354880128e+00
3.618116403099881584e+00
-1.697633874630201584e-04
-6.487695387831726940e-04
-1.418155497263691315e-04
-2.286685670766886802e-04
-1.397746092128192502e-03
-2.002561229777710618e-04
-4.181002635012957868e-05
-3.176475981232221562e-03
-5.837597117139346325e-05
2.557782162894615637e-05
2.734614140973302271e-03
3.324283427625935455e-05
4.066652821645484235e-05
4.424167820763462954e-03
3.417284958311891409e-05
-1.775809816238338169e-05
-2.824927580833229684e-03
-6.466379276920671701e-06
-1.911953883202257418e-05
-6.491759658882140412e-03
3.797438256958510234e-06
-1.258217081446554367e-04
3.369263902157593150e-04
-2.798230347262132406e-02
3.407200492580277009e-04
-3.537277375138390977e-06
-4.445218465177221254e-05
7.985132463597208077e-05
-5.224866302416595124e-03
9.408596015597557832e-05
-8.647637509712541499e-06
1.131423661008189332e-05
-1.983473772211680018e-05
-9.332589970175801317e-03
-1.791055983657329528e-05
4.909447015064440503e-06
1.074890942021363906e-05
-3.665470959504716204e-05
-1.221018672167289987e-02
-3.381453976343616174e-05
4.076048565441113910e-06
1.716256422775379341e-06
1.728935011336412230e-05
3.880739426059260592e-03
1.195446748208818381e-05
-2.525105601142624746e-06
1.588898294600704351e-05
1.215667845204313026e-05
1.913675689813341746e-03
-5.031327889639679554e-06
-6.960838146179960207e-06
-1.020623070985672912e-02
9.508155841578287270e-06
1.063058772512941554e-04
1.542571436233231789e-06
6.847098691027637485e-05
-1.905363918638893937e-05
-5.239691986264603113e-02
5.860718437737800872e-03
3.302888964689339505e-07
-8.080206372606404757e-05
4.959842518183920799e-05
-5.363200239454687240e-05
6.718176043067540636e-06
3.005665493006630384e-02
-5.211722848890183203e-03
-3.843357804499252390e-06
9.819405545930770768e-05
-9.711535756931854958e-05
6.465812735807000271e-05
-1.516743262476193283e-06
-2.669931014145354373e-02
-7.247781128703728977e-06
3.402232758286414706e-06
-1.692563039228469319e-06
-2.106903208182756221e-05
1.753345170921807427e-03
-1.137708273010282103e-05
3.565962126628024399e-06
5.400065147191776801e-06
3.771218479114167976e-06
-2.807491639693667995e+00
1.891704651399978898e+00
-3.524472588050402977e-01
1.605079528356188501e+00
1.362188381219189504e+00
9.458372952393123700e-01
4.257374092853618563e-01
1.670573162389628941e+00
5.200867002054771848e-05
-1.546091318028981277e-04
1.862504546430502518e-05
1.140174150477594561e-04
-1.631171315511783203e-03
3.658051758388559390e-05
1.463372131184378117e-07
3.424089191242049492e-03
-3.088396449338540200e-07
-1.352917971182518604e-05
-1.700488874887461088e-03
-9.266935604723489100e-06
-1.128770941886667946e-05
-3.069874675115980694e-03
-8.458089905429476703e-06
-2.706042792287608744e-05
6.333761554312106884e-03
-1.542517428653677349e-05
1.860409010509019695e-04
1.852716231451914620e-05
-9.350576783014141746e-02
-2.088415625766332158e-05
-7.525361739674705488e-05
8.600080834384107181e-06
2.435472104866929669e-05
-2.105169749690441808e-02
1.653594395695500438e-05
-7.129733043641574319e-06
1.152738466049164397e-05
-1.205494251825696677e-05
-4.346255280116574291e-03
-1.109384769885708342e-05
-3.551908356967254092e-06
1.435140198397187166e-05
-1.502230012792527876e-05
-2.610138950776888338e-03
-1.215688167922414668e-05
-4.924321547949212158e-06
2.489559802781833448e-05
-1.626715156484575555e-05
-3.524054648930212397e-04
-1.525342483183003333e-05
-9.145886735889607175e-06
-2.090157994604468079e-05
1.016745772170643639e-05
-5.882331001299230880e-04
1.235359556170512451e-05
7.544752130150875999e-06
1.224972037559706253e-02
-7.109442305208143803e-05
-1.084137696848493099e-04
2.442957730509724701e-05
-6.302010271619053671e-05
3.862328241412270622e-05
6.295428599514919787e-02
-3.067530691229353006e-03
4.709682728164038616e-05
8.542803097380023496e-05
2.087259374182974373e-04
4.893000847076173796e-05
-2.795160200443594270e-05
-1.579685215633019196e-02
8.018490733685892935e-04
-5.571521396909978721e-05
-8.569693869030217876e-05
-3.754327788922886991e-04
-4.580379849925714805e-05
3.133162268496641009e-05
4.173715007038010516e-03
-9.943203171606440551e-06
-1.949553493739097595e-05
-9.694696149293175060e-06
-7.438362860527397615e-06
2.399208196715477137e-03
-4.964398024321301504e-06
4.658706152744571867e-06
-1.351534901988889117e-04
-2.254656880069892135e-06
-3.325508052929553315e+00
4.610004069368202728e+00
1.492330033659326372e+00
3.789106691194352172e-02
-2.043285166607908820e+00
2.509231556600242552e+00
1.331904186126548151e+00
3.618111620164671471e+00
-1.832566204984850536e-04
-7.121517492300583714e-04
-1.109370176539207364e-04
-2.529347530337767340e-04
-1.482010871363921740e-03
-1.446990472389314130e-04
-6.063552444389071081e-05
-3.195415367081379677e-03
-1.522575628481630959e-05
3.546812738730789610e-05
2.742991330873148937e-03
1.057535329142638842e-05
4.403800579010419612e-05
4.439596601758749247e-03
2.646125427839297816e-05
-1.362526603956622370e-05
-2.831991600539205019e-03
-1.594195747031280089e-05
-7.539887255176268875e-06
-6.498477711748136890e-03
-2.274351674596519668e-05
-1.014931274470075361e-04
4.034467759116526497e-04
-2.784863749450687889e-02
1.885329678555259386e-04
1.062391897643619496e-04
-3.284853693190096022e-05
1.044598158829485062e-04
-5.188530241473978191e-03
3.766925096871472420e-05
4.355525795694147788e-05
7.242548950862152077e-06
-2.231394753446292107e-05
-9.338931312218615513e-03
-1.221777957025014698e-05
-1.340567758460810807e-05
7.130398190168245257e-06
-4.172029355663231103e-05
-1.222784910534834707e-02
-2.220882568048316099e-05
-1.221270026196447573e-05
2.410506415469456280e-06
1.702814108730715801e-05
3.891002124358305947e-03
1.257504504244849929e-05
6.057474480609968956e-07
1.578168244699905512e-05
3.041667809737417188e-06
1.921646254102966694e-03
1.588807894132563517e-05
-7.464604365557706951e-06
-1.020850821422360916e-02
1.546880064256707461e-05
1.013531411249912268e-04
5.145167873897820831e-05
7.976674829800971917e-05
7.586658909183361087e-06
-5.238552602117165641e-02
5.861664371187720254e-03
-2.449428622567346547e-06
-7.809622325425089387e-05
1.424645259850667233e-05
-5.985286730648363949e-05
-5.699320706707841026e-06
3.005183169729315137e-02
-5.211465290199181720e-03
-2.515896013656734038e-06
9.455632380626582500e-05
-5.323457967843176018e-05
7.304032044650015092e-05
4.420892568430294042e-06
-2.670043515418534311e-02
1.813765529484590834e-06
2.849393684076370763e-06
-2.770393574090053964e-06
-1.865525398615471277e-05
1.744033627659499330e-03
-1.710797743596340927e-05
-1.407317784230766278e-06
7.282204623367991626e-06
-9.419711886768844097e-06
-2.807492663206889283e+00
1.891708722910917961e+00
-3.524486457414698348e-01
1.605083318516027591e+00
1.362187003338522384e+00
9.458356863872182663e-01
4.257375012672515169e-01
1.670573354003478395e+00
8.875444768943546795e-06
-1.562285326554431724e-04
9.693151128647580113e-05
1.219138090707019209e-05
-1.636995036245925779e-03
2.292318240350853264e-04
-5.769875075366688950e-07
3.424706999236685166e-03
1.683170903571682279e-06
-1.014576871447312903e-05
-1.703908577230668284e-03
-7.423019700340119102e-06
-9.861365031111665234e-06
-3.074107689281362424e-03
-3.118217301039343869e-06
-1.436810472997181469e-05
6.329800764658748656e-03
-2.792064187745141535e-05
1.352520224618396921e-04
-4.602582433166474397e-05
-9.353533855937722075e-02
1.460162510435608369e-04
-9.752551780528862229e-05
9.651641215217292069e-06
1.791964291365437747e-05
-2.104534090710506386e-02
1.404059285155903104e-05
1.348879427295465346e-05
7.332031367816381603e-06
-1.405801321737083176e-05
-4.353322556162909744e-03
4.810473743628232565e-06
-1.182493286917309094e-05
9.609854702223240931e-06
-1.455148489918812083e-05
-2.617030697600655851e-03
-7.531754216240222331e-07
-1.187166460408563769e-05
1.723838003013323719e-05
-1.948504655484317206e-05
-3.622004083915210892e-04
7.629086410040314512e-06
-1.748953223649325571e-05
-1.433663371557604730e-05
1.720367725806750981e-05
-5.791431648426469733e-04
-1.617755834183072787e-05
1.576211293905682476e-05
1.225676398663028653e-02
-6.092821349836973003e-05
-6.091395241386599204e-05
-7.651063254950768444e-07
-1.053814295320400083e-04
-1.266472904395481668e-05
6.291565363036290270e-02
-3.073673492530429926e-03
4.258527169137631244e-05
4.662527102869192951e-05
2.242005670573382614e-04
8.598641606813453510e-05
1.989888217914841459e-05
-1.576505188436681110e-02
8.089503132216366819e-04
-4.874719461799086425e-05
-4.090291090474550156e-05
-3.870313068311559976e-04
-9.950153503177547039e-05
-1.500842873784331417e-05
4.137519043628819400e-03
1.016331133330438816e-05
-1.951923808451366609e-05
-7.770022543705168769e-06
-5.521243835182591982e-06
2.395504100542466402e-03
-4.256593157730663847e-06
1.154093575935407896e-06
-1.363289974117434615e-04
-3.086091341895903334e-05
-3.325506727310323818e+00
4.609988109849959770e+00
1.492329927391400801e+00
3.790093234526543953e-02
-2.043292743585242377e+00
2.509243721222821133e+00
1.331903719913401396e+00
3.618106427146767334e+00
-1.017487974493921536e-04
-7.638475071796057203e-04
-8.388149838622483269e-05
-1.439272071957479375e-04
-1.556645214808908021e-03
-9.723348772868734816e-05
-4.263518401298348794e-05
-3.226648943682147545e-03
1.946712109331603699e-05
2.427517757998194601e-05
2.757127281189897597e-03
-7.713202903545684198e-06
2.455055982764763896e-05
4.451094082977309109e-03
1.972944847111996158e-05
-4.314085386038915286e-06
-2.831456036937893706e-03
-2.313775648937845244e-05
3.507587777336371302e-06
-6.488254784556511494e-03
-4.338716841498030873e-05
-4.941463575751703011e-05
2.486892931797527904e-04
-2.769146960889518061e-02
6.313841474854891785e-05
1.973937560707682206e-04
-1.480115212039080556e-05
6.915940842004811339e-05
-5.136733343865865567e-03
-8.070692335829671645e-06
8.571064899696285121e-05
2.884782793667700450e-06
-1.298057493918406503e-05
-9.344698326172922245e-03
-7.428643705700573274e-06
-2.787754430229065204e-05
2.923307196097263399e-06
-2.454790503639359006e-05
-1.224548938895610173e-02
-1.248620582966461070e-05
-2.514589874476441905e-05
1.600001680308814117e-06
8.517860770583293148e-06
3.898270135868773384e-03
1.278629811658940896e-05
2.840119438794530586e-06
8.891506309242842897e-06
-4.323423278339901541e-06
1.917397096139277250e-03
3.218664510575155953e-05
-8.951369729121294436e-06
-1.020428384718137342e-02
1.063807274324530473e-05
4.862400376468564641e-05
7.779183450022197736e-05
8.706291529323320155e-05
2.677785577326733150e-05
-5.240933596646740744e-02
5.856458076499876896e-03
-2.231067397671818160e-06
-3.814038984834856036e-05
-2.260758993341939818e-06
-6.354696590799433962e-05
-1.499056278376336842e-05
3.007989393564705974e-02
-5.204149358918374983e-03
-1.055936778518475355e-06
4.592169860958268224e-05
-3.434474058075937799e-05
7.817045531190115661e-05
9.139603264927380485e-06
-2.673926627718062679e-02
8.094966506887519265e-06
1.697508246769163410e-06
-1.830856567379942358e-06
-7.948720286981642491e-06
1.742032891108745950e-03
-2.121829037336400427e-05
-5.156825183106392305e-06
1.281947205417499562e-05
-1.997624243527814459e-05
-2.807490905786178104e+00
1.891716046801782625e+00
-3.524471615200933106e-01
1.605084997278992454e+00
1.362187437805688406e+00
9.458363547706314378e-01
4.257374872370696672e-01
1.670571641291232368e+00
-9.811532960839690993e-06
-1.991041905980521487e-04
1.424902587597924825e-04
-2.469258389524719242e-05
-1.733782285827399627e-03
3.420790337823639122e-04
-2.857739635316465027e-07
3.432185884158258250e-03
2.880650647832478401e-06
-1.265899374048918567e-06
-1.702537823102335699e-03
-5.573243769607264299e-06
-1.881421110171311380e-06
-3.077166717631461736e-03
7.588064139990888225e-07
9.054070127080375599e-07
6.341644137960544478e-03
-3.417078122240722605e-05
3.342976337372120419e-05
-2.813591651555952554e-05
-9.361861280863792434e-02
2.480127880326412943e-04
-1.158227045656528398e-04
-7.058640758581414743e-07
2.009378564800750580e-06
-2.105421002984700363e-02
1.120731700062486307e-05
2.443975355622200719e-05
2.910663054372372577e-06
-3.570328314559137825e-06
-4.360140491480403446e-03
1.526357031921202873e-05
-1.670820737752304829e-05
3.120095846126502636e-06
-2.973671599366146934e-06
-2.621899429715256451e-03
7.090437856570792647e-06
-1.614059738731255181e-05
4.972686002004961592e-06
-5.072399342442968870e-06
-3.738298221329453821e-04
2.262545480851245325e-05
-2.287382114400483900e-05
-4.478472581541264157e-06
5.671449770768989388e-06
-5.632833337197188858e-04
-3.432366227415871435e-05
2.092407899706422549e-05
1.226038372506379516e-02
-6.008939796386585116e-06
4.095789126809365786e-07
1.229252256927692352e-05
-1.256132378528832005e-04
-3.837617840419302979e-05
6.289604086533634453e-02
-3.078859102081123265e-03
2.632130744759394999e-06
-1.052835080274033042e-06
2.027649705677016462e-04
1.043567679161416876e-04
4.436883047945941840e-05
-1.573793155524162712e-02
8.159771500056006710e-04
-4.132482131691601036e-06
3.971078335258984403e-06
-3.519853666173739090e-04
-1.281792162143393407e-04
-3.833962374509121499e-05
4.101037372598968257e-03
1.459592835186900108e-05
-2.168516748907743029e-05
-1.235881274238739137e-06
-6.148759717495673082e-07
2.390167315541770997e-03
-3.368854330519860732e-06
-6.106889877212687799e-07
-1.243892749685034289e-04
-4.948562098733175842e-05
-3.325505520008902760e+00
4.609981967558577587e+00
1.492329176845222927e+00
3.790512486854904356e-02
-2.043294120970928329e+00
2.509248475646622012e+00
1.331904199335092853e+00
3.618104896656940905e+00
2.347665900308661471e-05
-7.629453626803700105e-04
-5.022268739168229940e-05
3.231240025353961331e-05
-1.562779188007627079e-03
-4.764955065015174829e-05
7.317675030279987265e-06
-3.245961715536118970e-03
3.852297823038498272e-05
-4.245609309300233633e-06
2.766071986856009392e-03
-1.823718166644194860e-05
-5.598298211221102504e-06
4.449527541765663577e-03
1.157324644305568100e-05
1.989922088573458535e-06
-2.823539662241083929e-03
-2.346212751411592140e-05
1.566879476804318840e-06
-6.468670778978429653e-03
-4.868145247392444114e-05
-2.648167483073666332e-05
-4.646692985969249154e-05
-2.763377974320684397e-02
-3.083613618088598609e-05
2.151740073002350118e-04
-1.300859136988177970e-05
-1.147932123441135826e-05
-5.109807858960066333e-03
-3.641735372962045825e-05
9.438811978631959454e-05
4.925517628443346039e-06
2.659968909919629310e-06
-9.345338257862836895e-03
-2.901626884944952916e-06
-3.100859930188913958e-05
4.286192918442611639e-06
4.943088964858004924e-06
-1.224923333217161313e-02
-3.771218205226698909e-06
-2.791603702658846544e-05
-8.416776422884899188e-07
-2.192845933164305402e-06
3.896749795330507748e-03
1.049404203852544000e-05
3.434961088428991295e-06
-1.869395330890357145e-07
-1.074189788068109321e-06
1.903949931147829247e-03
3.672659762549738217e-05
-8.780679549747006708e-06
-1.019671749358081955e-02
-7.489319111963918407e-06
-1.305770767219521761e-05
5.922084593096635374e-05
7.541306470352554167e-05
3.174231611212101237e-05
-5.245058737231047402e-02
5.848976565130318064e-03
3.413569065397168385e-06
1.002219672619938534e-05
1.356868397357449034e-05
-5.392439510405938797e-05
-1.722087925867932094e-05
3.011962145013562936e-02
-5.195257293972343864e-03
-1.568082587087927854e-06
-1.220712994182638616e-05
-5.597821123421909306e-05
6.667983054921454368e-05
1.012863694891569141e-05
-2.678622048602963615e-02
5.236902845084032279e-06
9.023767029187072990e-07
1.447269164346469563e-06
2.551807778613612178e-06
1.749091697962836759e-03
-1.977180529315703206e-05
-6.148234250497392360e-06
1.778545418600037338e-05
-2.414578275376701261e-05
-2.807487725101060594e+00
1.891720122325806219e+00
-3.524439003071644372e-01
1.605082784799111151e+00
1.362189463761094288e+00
9.458389084789318169e-01
4.257373695525466517e-01
1.670569427980119981e+00
1.645929278458579378e-05
-2.474513697958562490e-04
1.368260183476420304e-04
4.797142688258097928e-05
-1.840537713024074625e-03
3.314501871210038110e-04
1.043339797070858199e-06
3.440249820460413409e-03
3.002918225249190336e-06
7.596344659622636045e-06
-1.697167062851373705e-03
-2.313143806212696552e-06
8.099713713825662956e-06
-3.076076958357182745e-03
3.743189191747915984e-06
7.568166208305784871e-06
6.359848389925808199e-03
-2.880451002848846828e-05
-5.696187386006963172e-05
7.896620718769205424e-05
-9.368331914254099391e-02
2.568414152224567353e-04
-9.522665179333536826e-05
-1.910612198569544660e-05
-1.342931333253430752e-05
-2.107158894267202945e-02
5.395743895220621962e-06
2.416581636260639406e-05
1.928053684081816957e-06
1.440334642560223023e-05
-4.360319908482979470e-03
1.929999323794298887e-05
-1.506244445537049305e-05
-4.269372559002971635e-07
1.350848536178548676e-05
-2.619997198084667370e-03
1.147088851845333522e-05
-1.425221372053706325e-05
-3.651833525179951176e-06
2.019779014224100714e-05
-3.766296032414009117e-04
2.820313206888335719e-05
-1.979840513548763997e-05
1.830109905693213770e-06
-2.013412572482516064e-05
-5.547675484517471892e-04
-3.891810089330811489e-05
1.830276497704603860e-05
1.225687545484672493e-02
6.819958083916557176e-05
3.153246710094896631e-05
5.538030767418382089e-05
-1.038761913930787194e-04
-4.293410705005034196e-05
6.291541674909346959e-02
-3.078191667184679986e-03
-5.573265825345947907e-05
-2.295619905191709841e-05
1.605867953329626258e-04
8.762713424439024174e-05
4.664688579617201489e-05
-1.574124552489916326e-02
8.164216411470484385e-04
5.821507338372486188e-05
1.426623421867160493e-05
-2.981775905680954589e-04
-1.127508618864155255e-04
-4.162536010810723538e-05
4.098287895306698507e-03
-1.595046866455312760e-06
-2.440811937152166070e-05
6.365843794155916257e-06
4.161982239738583691e-06
2.388079580461304873e-03
-1.537147844288348211e-06
-1.354019842452280713e-06
-1.091878875285991673e-04
-5.280686901946076431e-05
-3.325505316922341859e+00
4.609989519773288968e+00
1.492328381487288746e+00
3.790092764355203897e-02
-2.043288702278325264e+00
2.509242805983050495e+00
1.331905204978153456e+00
3.618107911807017185e+00
1.123232710951934825e-04
-7.136950461738644043e-04
8.553043568660239910e-06
1.638576665219533795e-04
-1.500548145996566819e-03
2.928829982949895803e-05
5.932985756681417877e-05
-3.239908299078450918e-03
4.724537481453089941e-05
-3.288298091822881294e-05
2.763567815089875562e-03
-2.415239427149770498e-05
-2.713886180963592624e-05
4.436942566919003204e-03
-2.442550903829899599e-06
5.329749180858144828e-07
-2.814602024634456183e-03
-1.522940410062383583e-05
-1.382031971367718028e-05
-6.454856906358932486e-03
-3.712865510690589786e-05
-5.390917676170024926e-05
-2.985803828045659907e-04
-2.771140521866665915e-02
-1.315284004160826204e-04
1.440977898923500547e-04
-3.209771263620810907e-05
-8.830661273390829410e-05
-5.125963962988595857e-03
-5.681923566796716216e-05
6.477132277718545292e-05
1.338751110918870338e-05
1.473215368075978417e-05
-9.340728442158798689e-03
3.575366226645376625e-06
-2.183639516461621105e-05
1.151215051906653470e-05
2.818793535330144437e-05
-1.223726321048348997e-02
8.013751653292372159e-06
-1.954889825593555155e-05
-3.668200849637823744e-06
-8.044529574159892438e-06
3.888168085488535961e-03
3.904933550555865822e-06
2.812635651861914276e-06
-5.988452817195034180e-06
1.203160215540785951e-05
1.891881527600900890e-03
2.864050058655790996e-05
-4.379849705315111685e-06
-1.019166461573358870e-02
-2.986132929694218635e-05
-4.253900715465612015e-05
1.257333222990725729e-05
3.376903950536960558e-05
2.534369100234277252e-05
-5.247755416943410134e-02
5.844977316174936391e-03
1.197040573602296416e-05
3.445958620208993127e-05
4.779246012533310451e-05
-2.263758423228698946e-05
-1.297741688643733930e-05
3.014083529448686669e-02
-5.191547265375974149e-03
-4.180510020749599135e-06
-4.124296075028485275e-05
-9.933752650016363121e-05
2.851065508230453285e-05
7.099054031891822503e-06
-2.680601739447516924e-02
-5.426987388503619824e-06
8.716057266568938119e-07
5.436415788800739466e-06
5.596050866234566237e-06
1.759363562361443119e-03
-1.084567636452225977e-05
-4.811574345592086430e-06
1.849696506206806058e-05
-2.117720096278638726e-05
-2.807485543171170050e+00
1.891717473470325706e+00
-3.524413220332028307e-01
1.605078152833659066e+00
1.362191588748516757e+00
9.458414574310100020e-01
4.257372339351757073e-01
1.670568435437549182e+00
6.640131526874236314e-05
-2.632330405137151366e-04
8.861013639140220778e-05
1.731143999893669419e-04
-1.873088898964662226e-03
2.194438776388596911e-04
2.497557066407513404e-06
3.442532776257621000e-03
2.353660581998814115e-06
1.109163785893506988e-05
-1.691772712271252853e-03
3.343848557601591097e-06
1.380339839469092451e-05
-3.071410649687253327e-03
7.203000909056735240e-06
2.673616769491273459e-06
6.370441570554091076e-03
-1.215860994050597428e-05
-8.926927183828530931e-05
1.998349414763796834e-04
-9.367668843910291476e-02
1.962165427049801373e-04
-1.943544843010583254e-05
-3.423536778527234352e-05
-1.914199598569569019e-05
-2.108429994264808885e-02
-5.107798215380271651e-06
1.820375199440987948e-05
4.311579048238116797e-06
2.811047113049338286e-05
-4.353229684164912350e-03
1.992301654370782230e-05
-7.409045494721237319e-06
3.638411936186978991e-07
2.434908352168116207e-05
-2.612337920824935999e-03
1.486391649520532959e-05
-6.109948066020594144e-06
-4.629702209739716180e-06
3.974947427172013795e-05
-3.677271827407878725e-04
2.858873926297649250e-05
-7.274377093366856736e-06
1.816680524105414925e-06
-4.290784718911657650e-05
-5.609006689159596508e-04
-3.472606246187759512e-05
7.349445520938810924e-06
1.224842528946123998e-02
1.182339838581783628e-04
1.732236721171333569e-05
9.657133050086153577e-05
-4.056735246135744280e-05
-4.580847483879459890e-05
6.296141461889601110e-02
-3.071840112654514350e-03
-9.783793262280919903e-05
-8.971735868546738691e-06
1.296232015002180297e-04
3.646657001201145446e-05
4.265776233487104637e-05
-1.577464000405485664e-02
8.095485615104134648e-04
1.016203011875511426e-04
-1.202804378661336206e-05
-2.669615957483085079e-04
-5.623735342532640963e-05
-4.147049446908479200e-05
4.133949934272935535e-03
-2.580331327165185485e-05
-2.568286522228278241e-05
1.076385111464736599e-05
5.856739707743767258e-06
2.391030082177895717e-03
1.580830878983215262e-06
-3.052654935931399245e-06
-1.026110101647937950e-04
-4.240344697817514225e-05
-3.325506197463652835e+00
4.610003113511352169e+00
1.492328218638801163e+00
3.789266557138980251e-02
-2.043281699481206193e+00
2.509232470493673706e+00
1.331905837241801560e+00
3.618112502166788147e+00
1.168844345720909331e-04
-6.622006726369817535e-04
9.371114121252788838e-05
1.779556841569841709e-04
-1.428863493480912218e-03
1.386208312149507353e-04
8.071196796363282492e-05
-3.215911336622661286e-03
5.444283272192814008e-05
-4.384121765742581749e-05
2.752774212835177800e-03
-2.996318909882792955e-05
-2.841442747055855314e-05
4.424999189249462228e-03
-2.269883791295130920e-05
-6.239483017851221369e-06
-2.812304423622988096e-03
-1.350760770113632058e-06
-3.043553386597836768e-05
-6.457982237929263229e-03
-1.577963326623928157e-05
-9.953761387290034016e-05
-3.598805207038716526e-04
-2.784628726327512474e-02
-2.631497867649101765e-04
2.022101998895435129e-05
-5.430905202247443379e-05
-1.144306981746506211e-04
-5.167582574933007010e-03
-7.996107013230167469e-05
1.394609279937222948e-05
2.131699481033311669e-05
1.646270794884497252e-05
-9.335256104928359513e-03
1.264123704588317648e-05
-6.348160118160882063e-06
1.853734394550590145e-05
3.201539084321067155e-05
-1.222115249375506016e-02
2.432004309571069985e-05
-5.373245713727201273e-06
-5.125854705847837455e-06
-6.372923468046253512e-06
3.880433852022076562e-03
-6.201025090004843934e-06
2.000255023810564940e-06
-6.237314966311591929e-06
2.491392402994779625e-05
1.891278882422185162e-03
1.338833985306247698e-05
4.079471522774835567e-06
-1.019322137678227783e-02
-4.221499731262448547e-05
-2.796579640673706082e-05
-2.009219465238127342e-05
-3.132449367411395836e-05
1.621798434074517208e-05
-5.246870737020925546e-02
5.847491124397928390e-03
1.754110382435677617e-05
2.471711376298349060e-05
6.975714988524426099e-05
2.593185577308223952e-05
-6.249752774140699657e-06
3.012730541196389708e-02
-5.195598788071274093e-03
-6.682749549376120369e-06
-2.891985315669775672e-05
-1.257349321616488540e-04
-3.082733465422180929e-05
1.934328164249765817e-06
-2.678444087258639861e-02
-1.593622512408411298e-05
1.506239858902877652e-06
7.613196630624695339e-06
7.610935119779610256e-07
1.763869475054401573e-03
3.374642272269500345e-06
-2.891898148924536733e-06
1.475059407959920220e-05
-1.347132936129969485e-05
-2.807486004795012313e+00
1.891710309302841564e+00
-3.524413834739602569e-01
1.605074714405122283e+00
1.362192181993383322e+00
9.458420487764014339e-01
4.257371849476730419e-01
1.670569391602249487e+00
-2.402135737961074693e-05
-2.352409318601582421e-04
-9.310636453668395991e-05
-5.333101863830960651e-05
-1.808521324329519404e-03
-2.386591319997812834e-04
-1.096767795927371549e-07
3.437443709166678168e-03
-3.154041281782399601e-06
4.873481984432716825e-06
-1.690485304152963917e-03
-1.225436449501878422e-05
3.575600294253572147e-06
-3.066831210888451564e-03
-1.642928711998203046e-05
1.172152443224472479e-05
6.365500454258688455e-03
1.929084601699325463e-06
-4.181729209363938563e-05
-1.819468737516449390e-05
-9.360572572421968496e-02
-2.613588171682063119e-04
-1.058964272291684013e-04
5.917289660563458439e-06
-9.028981288285687447e-06
-2.108272480564401738e-02
2.074562365112971333e-05
-3.729858290439804326e-05
-4.909852553730395172e-06
3.478341194625652781e-06
-4.344496808688543855e-03
-3.435035131627515168e-05
3.764927912779762200e-06
-5.124605825259283016e-06
4.892701175459923960e-06
-2.604941942224654576e-03
-2.899537583556327261e-05
-3.549664498736854125e-07
-7.624559175179399515e-06
4.586175034015433881e-06
-3.542548786686950139e-04
-4.869382801341503794e-05
-6.164051887135989921e-06
6.582479054096668179e-06
-1.913783687787123163e-06
-5.765899772470623168e-04
5.379263250461553285e-05
3.340504738371756477e-06
1.224150352193201403e-02
-4.924216922601194746e-06
4.366459655815958178e-05
1.042729371849129881e-04
-4.635175001614103495e-06
1.298984001355216493e-04
6.299810308772905987e-02
-3.064776545120219756e-03
8.432875651677322330e-06
-3.481514252584754686e-05
1.333571193935759896e-04
-2.466052290473950859e-06
-1.071755952253005290e-04
-1.581172446953383118e-02
8.008077943006847469e-04
-6.171854836257482141e-06
3.608521166653001761e-05
-2.817000633124980562e-04
2.963710864013387734e-05
1.114643973266441764e-04
4.179676104723691749e-03
-2.541504020794679440e-06
-2.456850226031921755e-05
5.856539973697197702e-07
2.546193650095625695e-06
2.396694085461950879e-03
-6.262319294456785448e-06
1.211683448988637576e-05
-1.094157724243897446e-04
4.529874034897804513e-05
-3.325508716433317247e+00
4.610034328898787059e+00
1.492328350482764909e+00
3.787341168401218983e-02
-2.043266716058432575e+00
2.509208686319076342e+00
1.331906819349197635e+00
3.618122708870342930e+00
3.997563493097628089e-05
-5.588363174219066311e-04
-1.605997451382339776e-04
5.534969497238051477e-05
-1.280419726439094730e-03
-2.348874644454927827e-04
1.344206796833401587e-05
-3.155568124131011981e-03
-8.675136064349828376e-05
-7.769901577691351715e-06
2.725486133421134872e-03
4.811190276164142274e-05
-9.566276213118051196e-06
4.401865499741360738e-03
3.888588077778749402e-05
2.984417968745863040e-06
-2.812530619547965165e-03
6.405178841543569527e-08
1.700239559937852745e-06
-6.476312822879978261e-03
2.175340237269505204e-05
2.921659784476441266e-05
-8.420336851931046541e-05
-2.815391835594308403e-02
4.387654334374602714e-04
-4.479557858109525255e-05
1.270413890297939871e-05
-2.158300222223499625e-05
-5.268146433379312932e-03
1.309481029778899758e-04
-3.144148087756481130e-05
-3.854541570760200981e-06
4.699569756937758490e-06
-9.323808469235170954e-03
-2.149257856537830177e-05
1.380939324654270305e-05
-3.562154824913779978e-06
8.770301162523160051e-06
-1.218632675936889842e-02
-4.116905529356505375e-05
1.182990987274332926e-05
4.767122302698084500e-07
-3.651003649937290096e-06
3.865761561318084138e-03
1.134877319719249390e-05
-4.740990366037155102e-06
-1.224806466418494269e-06
-9.373233104992767627e-07
1.898332264089745702e-03
-1.915381730777178222e-05
-9.794087446644839779e-06
-1.020086755359015697e-02
3.929265661091170883e-06
-2.159335161791176992e-05
-7.472053465748019780e-05
5.980426024378915015e-05
-3.717572915876381342e-05
-5.242554542949826729e-02
5.857148364961101659e-03
-2.141528847238409162e-06
1.668175778513853114e-05
1.044010955969321770e-04
-4.860311898483609858e-05
1.415866109369438053e-05
3.007549800531595166e-02
-5.209328604284552133e-03
1.275468788271276459e-06
-2.022471859702003837e-05
-1.657202859376176647e-04
5.797545480079999332e-05
-4.264320361505092143e-06
-2.671189901404019337e-02
-2.576895144491196537e-06
3.597650848936328733e-06
-7.094143086559546570e-07
4.086625326726687081e-06
1.768592754940331207e-03
-7.286383780735104586e-06
6.665769526721914726e-06
4.197474425174179537e-06
1.459026458450451077e-05
-2.807486094416995925e+00
1.891702155317156908e+00
-3.524409717622447591e-01
1.605070178602357123e+00
1.362193210460547865e+00
9.458431539009186650e-01
4.257371072637048393e-01
1.670570230182053750e+00
2.275618304745454746e-05
-2.082107125978244851e-04
-6.438942896670980592e-05
5.250793642011320129e-05
-1.745449175463002246e-03
-1.688843351553751101e-04
2.854851796206427780e-07
3.432437480243832103e-03
-2.512674614228460160e-06
-3.492160453300516920e-06
-1.688106694191474685e-03
-1.247483368548234766e-05
-2.631327131166722726e-06
-3.061068041798457179e-03
-1.536148307575690771e-05
-8.252649266157899828e-06
6.362191228760753943e-03
-3.841622972175772564e-06
6.815678498603385991e-05
2.260310988044722313e-05
-9.352857350265686431e-02
-2.057180967925871268e-04
-9.884504701169962056e-05
5.818035279640722612e-06
6.289245799845491003e-06
-2.108340186868278704e-02
2.142335810926916179e-05
-3.108715601294444804e-05
3.469008658015104306e-06
-1.558452952694626306e-06
-4.333840215019897982e-03
-2.989283886785667639e-05
2.314264146208898842e-06
4.616293744316269743e-06
-2.827683337577424115e-06
-2.595614319939940854e-03
-2.617964988156305502e-05
-1.232270542653788432e-06
8.421708792957365662e-06
-1.947978516070713083e-06
-3.381976381390142204e-04
-4.220165128566339167e-05
-6.673078111627729777e-06
-7.052015054974241379e-06
-2.801896182362541255e-07
-5.945116403159107950e-04
4.509451832547075917e-05
4.115228053786050826e-06
1.223287623097579074e-02
-3.307351149766593211e-05
-3.368632454037558051e-05
1.200341478031929530e-04
-2.500647752379343364e-05
1.109400806150449045e-04
6.304600547153033085e-02
-3.055937663329263802e-03
2.367590937440033582e-05
2.692733596324443910e-05
1.315753818330012929e-04
1.496055675184363707e-05
-9.076234261643809185e-05
-1.585755933162401668e-02
7.899490634560498445e-04
-2.668438786680727966e-05
-2.876987999869292558e-05
-2.916017935911778547e-04
6.706048778405869766e-06
9.483607835777920685e-05
4.235144165084257610e-03
-1.242804222098734534e-05
-2.318540610756486276e-05
-4.030403686378796114e-06
-1.914314219637684147e-06
2.403256545908069933e-03
-6.328486187528324549e-06
1.052910063478397398e-05
-1.154153137877967771e-04
3.225919656727692489e-05
-3.325509601968751117e+00
4.610044793731953305e+00
1.492328435458328384e+00
3.786693376070818934e-02
-2.043261782594901099e+00
2.509200709548031760e+00
1.331907110208678802e+00
3.618126103110866687e+00
-8.972333839296044373e-05
-5.254384428933629681e-04
-1.302091727545257992e-04
-1.224816245059203877e-04
-1.232032957320606343e-03
-1.861773213831770051e-04
-2.633423946598694555e-05
-3.134922940744636326e-03
-5.949898175422041192e-05
1.569843171655470809e-05
2.716144063247816036e-03
3.351753242022111539e-05
2.154794569985945198e-05
4.394471142222955255e-03
3.143082314705657507e-05
-7.834648041601370114e-06
-2.813053765927333531e-03
-3.822436168954902531e-06
-6.429493963142247575e-06
-6.483356789953575658e-03
8.484132065800675221e-06
-4.792494991369002197e-05
1.906646758154696426e-04
-2.825684199214659881e-02
3.281630340529399065e-04
-1.164870600562380126e-05
-1.431715497954088577e-05
4.784055665631774338e-05
-5.302275353207418565e-03
9.346877248045959712e-05
-1.261729917391368317e-05
2.783570138768001181e-06
-1.080451643156788271e-05
-9.320062680418687157e-03
-1.680301172555568153e-05
6.329049396915223253e-06
2.822184425883360491e-06
-2.011059814416508019e-05
-1.217482959684484944e-02
-3.189163439468874851e-05
5.333160050845376741e-06
1.568831929647733516e-06
8.700281533050878072e-06
3.861097226309092960e-03
1.034806387669965674e-05
-2.786500675648490473e-06
8.670485091897071054e-06
3.487052172138882670e-06
1.901387431062970951e-03
-8.496638731452560482e-06
-7.012733411749442862e-06
-1.020374833178512575e-02
1.035529342836672129e-05
5.269282811471164051e-05
-9.139311104143683917e-05
5.785203723337457415e-05
-2.130187933244756640e-05
-5.240920306241668436e-02
5.860685414546693874e-03
-2.164966326199986652e-06
-4.032383601270073071e-05
1.147356673993554311e-04
-4.581524635802064087e-05
7.710844646115957432e-06
3.005649000794851158e-02
-5.214277189502167231e-03
-1.029139136136316511e-06
4.888043395780916704e-05
-1.774444999178018340e-04
5.504142751845094898e-05
-1.935973150636690085e-06
-2.668578954844235893e-02
-2.726998901044381599e-06
4.403150572489516746e-06
-1.870670565964128257e-06
-9.904036310365344116e-06
1.769690883463324611e-03
-8.785290185804648958e-06
3.881879601550491859e-06
4.928305376615273210e-07
6.883119039553086611e-06
-2.807487623240084496e+00
1.891698926923566670e+00
-3.524424598462042590e-01
1.605070515820310462e+00
1.362192408179578873e+00
9.458421122921781832e-01
4.257371510929886527e-01
1.670571416604579973e+00
2.354138727377672787e-05
-1.809535816354126850e-04
-3.746732896012356050e-06
4.620476880442224432e-05
-1.684757881271664419e-03
-1.820077180131326070e-05
-3.952635917194968477e-07
3.427816238902739367e-03
-8.575988910603955174e-07
-1.191387698406964805e-05
-1.690282736486748523e-03
-9.523586593802733691e-06
-1.095783190073855304e-05
-3.060662338916492978e-03
-9.714141279924625623e-06
-1.951623843228751187e-05
6.352977129963506206e-03
-1.150845081218767697e-05
1.563251322955417819e-04
-2.809802683912971527e-05
-9.348557586408827447e-02
-6.696620223832474227e-05
-7.454758909337073978e-05
1.367332270899374649e-05
2.123210701021822807e-05
-2.107523052186272700e-02
1.678553415538081497e-05
-1.159355412324606643e-05
7.649857800253037155e-06
-1.434615921480546103e-05
-4.332072422850040752e-03
-1.523326665008089107e-05
-2.070634439379428636e-06
1.050231961057313722e-05
-1.566265813686889630e-05
-2.595045503249160477e-03
-1.500130999639886538e-05
-3.785332581524938843e-06
1.931609934933950149e-05
-1.971675920699694114e-05
-3.343261510691566117e-04
-2.121713277155609924e-05
-7.942118978253775909e-06
-1.588190909550160190e-05
1.606107675962860891e-05
-6.013973883665122777e-04
1.998714564483428045e-05
6.274561313722767903e-06
1.223315969124103009e-02
-7.750575257471657221e-05
-8.041099203697194919e-05
1.019814663517936738e-04
-4.937731424021441439e-05
5.082348588596125114e-05
6.304425228645223200e-02
-3.054844718004724388e-03
5.552155523250359569e-05
6.255866642939421980e-05
1.514133024914336842e-04
3.730769659267705522e-05
-3.895314450947738713e-05
-1.586321278051159786e-02
7.880091533853123692e-04
-6.259623735540585979e-05
-5.847517050306626750e-05
-3.188220398892146709e-04
-2.965762038684969482e-05
4.220867894906943742e-05
4.245216891626821427e-03
-1.905761308477965730e-06
-2.163715177627955613e-05
-9.515387105839248405e-06
-6.291126832123848634e-06
2.405349711311707221e-03
-4.884219769595502913e-06
5.570491619820125732e-06
-1.236337080804458669e-04
8.248487274491640042e-06
-3.325509180345791016e+00
4.610034543437940613e+00
1.492328806555494936e+00
3.787302592986165062e-02
-2.043267599324807282e+00
2.509208475896175017e+00
1.331906403664405047e+00
3.618122478950536625e+00
-1.816467872140588476e-04
-5.714864316452459778e-04
-7.954306286891988916e-05
-2.542253872140745651e-04
-1.293910145058673519e-03
-1.057775705151100084e-04
-6.905905671990090198e-05
-3.150450659769358456e-03
-1.610966666803273348e-05
3.970343700340885827e-05
2.723047784652473779e-03
1.022528343079596320e-05
4.373288476252986968e-05
4.405558081369021287e-03
1.902396733870433774e-05
-1.029892299701707541e-05
-2.817479699630960274e-03
-9.563794428700898091e-06
1.053292057398346070e-07
-6.486474494298470096e-03
-1.189349778718516082e-05
-5.905055666652237899e-05
4.229715479957451489e-04
-2.815426770927676250e-02
1.489607934956496498e-04
5.934817673979312437e-05
-1.404873378332830754e-05
1.142253038134364700e-04
-5.273333376381248057e-03
3.334064689726626643e-05
2.425233263585449000e-05
1.042317468920793429e-06
-2.266179966846138105e-05
-9.324742194329679532e-03
-9.090931846049831130e-06
-7.502282208828466817e-06
1.546989215449987016e-06
-4.262343386568329085e-05
-1.218803745691400542e-02
-1.669262845187227372e-05
-6.814813994746070965e-06
3.159706094751013591e-06
1.592092489837408851e-05
3.868428945448402871e-03
8.465818501066389167e-06
2.794077157556988749e-07
1.424726382036545532e-05
-2.858016569687007526e-06
1.905958375191819151e-03
7.951007279887693514e-06
-4.318298857314481521e-06
-1.020470878214748030e-02
2.223662537741840790e-05
9.280586479581218065e-05
-5.670467489938429452e-05
5.277721318416245467e-05
3.974500135174339690e-06
-5.240466623707834559e-02
5.860695817432748193e-03
-5.991261295781021573e-06
-7.217220158913484308e-05
9.042789961713677306e-05
-3.990281668894851572e-05
-3.100212808234388694e-06
3.005661401044909184e-02
-5.213291476451457386e-03
-5.382012595448329820e-07
8.712663114009089273e-05
-1.474744025080555634e-04
4.856984090032886997e-05
2.459039800006262159e-06
-2.669091517991446436e-02
4.802187186320598846e-06
3.926602211632505226e-06
-4.034663036411295323e-06
-1.598035145413421724e-05
1.763610347806501355e-03
-1.082340602871985333e-05
-6.642848534800152041e-07
2.305125889400681271e-06
-3.644372958436843424e-06
-2.807488732537096077e+00
1.891704497567861853e+00
-3.524440350955159729e-01
1.605075287110987459e+00
1.362190756955277582e+00
9.458401974587368199e-01
4.257372626789456826e-01
1.670571513816616394e+00
-1.006460122471991400e-05
-1.864111457546588997e-04
6.952924402123684261e-05
-3.851317113044420195e-05
-1.699753404177100236e-03
1.637949980245038983e-04
-1.419447629300668953e-06
3.429149002526951998e-03
1.140684584913935977e-06
-1.480015497585597595e-05
-1.694359984850954794e-03
-6.041062796048605923e-06
-1.533060795417212987e-05
-3.066086200503012615e-03
-2.974367207409695441e-06
-1.690847525275686162e-05
6.349055434938132535e-03
-2.087740733447808819e-05
1.719375496923674339e-04
-1.126596308005534542e-04
-9.352854302816311638e-02
1.001109594624362742e-04
-6.373902653432133789e-05
2.090420454393860544e-05
2.600759676042243304e-05
-2.106814731709861360e-02
1.133257808737382736e-05
1.139039336286030647e-05
6.521015392619701847e-06
-2.437780989417278739e-05
-4.341276061296323735e-03
2.347522340747277994e-06
-8.590686344435047330e-06
1.013424244946811660e-05
-2.377047481129856629e-05
-2.603869321071489683e-03
-1.629455654458623122e-06
-8.377936481502497594e-06
1.980286114379006652e-05
-3.400154151299298379e-05
-3.472489752097919144e-04
3.948595887612267380e-06
-1.204679195151414956e-05
-1.589656716694134677e-05
3.242030247649710790e-05
-5.889853187892313269e-04
-1.017558879675140975e-05
1.102574794097746331e-05
1.224211229485413360e-02
-1.015689182407356322e-04
-7.374589059031894578e-05
7.210139435668704196e-05
-7.936246839726589632e-05
-1.560287919854067582e-05
6.299543949135490151e-02
-3.062787085198909968e-03
7.566355157955420422e-05
5.530400353148538420e-05
1.687531807770032051e-04
6.463647846896321671e-05
1.955896595414132174e-05
-1.582210211218013085e-02
7.972618784343226328e-04
-8.335357810679274251e-05
-4.254346488337357282e-05
-3.303350813562129051e-04
-7.383185224860621884e-05
-1.635209588931857874e-05
4.197986067607282525e-03
1.877102543793942750e-05
-2.185562950195044443e-05
-1.167727823221494034e-05
-7.771664609677923991e-06
2.400430095582703482e-03
-3.271059237021730791e-06
2.647522520833408438e-07
-1.240627568535755318e-04
-1.921451796042869051e-05
-3.325507418056897091e+00
4.610010192181971611e+00
1.492328910484935323e+00
3.788793072385031324e-02
-2.043279735797251195e+00
2.509227008274392823e+00
1.331905445770213081e+00
3.618114380600167657e+00
-1.797190026286476572e-04
-6.581203599613999825e-04
-4.031602461046201585e-05
-2.570189571251193118e-04
-1.416206409632665177e-03
-4.195257314537194311e-05
-8.230244237886075588e-05
-3.195386484649119160e-03
2.148192218595798792e-05
4.637021434475358049e-05
2.743301879566470945e-03
-9.841448211085804430e-06
4.339578081997832266e-05
4.425334078780936153e-03
9.380097989697748045e-06
-5.185170699960902594e-06
-2.819548088317371491e-03
-1.544541010996012677e-05
1.192915689984064600e-05
-6.476740959580444545e-03
-3.106741201614096452e-05
-2.328224925195620753e-05
4.544939523630897441e-04
-2.791353235067932370e-02
-3.109665675947359639e-08
1.375540384769987051e-04
1.643957806797569076e-06
1.295136928060254577e-04
-5.196911259333727474e-03
-1.792401774761369479e-05
6.239110721121816742e-05
-4.074958403078526663e-06
-2.323576036995090891e-05
-9.334130093308091666e-03
-2.896620053734306984e-06
-2.117338471862192489e-05
-3.065599037574613310e-06
-4.411914171575597414e-05
-1.221608815843641845e-02
-4.378329730788343018e-06
-1.892625546882877112e-05
3.716314165341582054e-06
1.428187782677668118e-05
3.881127696668081137e-03
7.431732140252436620e-06
2.843475155542174933e-06
1.274371026855484897e-05
-1.192653512288674969e-05
1.903890990891209242e-03
2.328998390011335359e-05
-3.712704562707425689e-06
-1.020048909917242383e-02
2.748277205660545064e-05
7.971935645327953165e-05
-5.720339351082898496e-06
5.236195615115563567e-05
2.547928376926582777e-05
-5.242901168667191830e-02
5.854770485641764242e-03
-8.832428217063306074e-06
-6.314485259771316435e-05
5.694236961844922158e-05
-3.773726252217012798e-05
-1.281222961393729497e-05
3.008855986579350023e-02
-5.204352526617535800e-03
1.107881318349094261e-06
7.584976717946826665e-05
-1.078722901156492367e-04
4.657309559659206694e-05
6.856666453195639304e-06
-2.673810451763137391e-02
1.293122797174386253e-05
2.363436582346937954e-06
-4.916060657494268438e-06
-1.216487150489320065e-05
1.757687998918103147e-03
-1.341309072924118257e-05
-4.694398054519133189e-06
9.724773205760781005e-06
-1.322543127387701948e-05
-2.807488007569848953e+00
1.891716457084534175e+00
-3.524439829222440479e-01
1.605081091938306947e+00
1.362189729630602697e+00
9.458391650007665907e-01
4.257373468269207151e-01
1.670569943807228119e+00
-3.614151762448704043e-05
-2.326249706439009626e-04
1.226850439323034147e-04
-9.772436739556762415e-05
-1.806420764255721846e-03
2.958107079988210033e-04
-1.645133342328709943e-06
3.437556719428871109e-03
2.574385554342262910e-06
-1.034863113227024181e-05
-1.696606577187270443e-03
-3.522793878483674018e-06
-1.208013787251409810e-05
-3.073792611021094502e-03
1.906563109392439254e-06
-6.052047069999954788e-06
6.357067366717465522e-03
-2.769152329783360327e-05
1.132431519892178285e-04
-1.367295188954271534e-04
-9.364663687302332562e-02
2.212893713696893424e-04
-6.954718941269886720e-05
1.767707920597497343e-05
1.784320292027158090e-05
-2.107051807715274241e-02
7.392935332225340230e-06
2.641092319155449974e-05
3.095358222077425065e-06
-2.189340196193854227e-05
-4.355929471079707065e-03
1.508991949007582587e-05
-1.382868602186845298e-05
5.733675013093405436e-06
-1.979843098083872374e-05
-2.616310467667834743e-03
8.067659457811155658e-06
-1.251945993925434938e-05
1.205748130050920963e-05
-3.082287277390100623e-05
-3.698147024128514010e-04
2.220208085755340211e-05
-1.660635986886359715e-05
-9.484204655119246380e-06
3.193039140098346987e-05
-5.627859365837297335e-04
-3.204583175476245213e-05
1.572082523269973937e-05
1.225339876570042882e-02
-7.742377401185701570e-05
-3.189091045319552951e-05
5.857804736229452712e-05
-1.010596114031720778e-04
-5.571733711342149672e-05
6.293349952815074921e-02
-3.074738132648757900e-03
5.945000768478194390e-05
2.175032349041101958e-05
1.631481507656790521e-04
8.454628888768840210e-05
5.586988441986605444e-05
-1.575984131049176784e-02
8.121501265538220906e-04
-6.442760340493068811e-05
-7.067159675808349178e-06
-3.064636206274573950e-04
-1.060102031706652110e-04
-5.204476613690652530e-05
4.121339641432339440e-03
2.982920494676436141e-05
-2.402677549894924688e-05
-8.412547475023466074e-06
-5.436565524071643369e-06
2.390993521145329259e-03
-2.067330413647836831e-06
-2.781431801983084875e-06
-1.129135324489202757e-04
-4.012297794916853814e-05
-3.325505225986095326e+00
4.609986690582596580e+00
1.492328509801323255e+00
3.790259498666426197e-02
-2.043290364006579374e+00
2.509244947552776051e+00
1.331904985919550422e+00
3.618106894212950841e+00
-9.425586521830354926e-05
-7.271707639682359683e-04
-1.902075897588424057e-05
-1.384956222780301652e-04
-1.518460340092889303e-03
-8.344082889645092194e-06
-5.266925381851909974e-05
-3.243925618891706480e-03
3.923945154528550518e-05
2.917427133516325313e-05
2.765346449589028456e-03
-1.939012445433991607e-05
2.286507567562256647e-05
4.440223694184106985e-03
4.168528230265684699e-06
7.240763622712164501e-07
-2.816104571745769048e-03
-1.769010042310385872e-05
1.440583518639320259e-05
-6.456285297861985920e-03
-3.923587282939916288e-05
4.254215771398758970e-06
2.645896144065768550e-04
-2.768296170810359558e-02
-7.423691010472296048e-05
1.720792397142820922e-04
8.324589267130603183e-06
7.975140737986863813e-05
-5.118230518185122070e-03
-4.261047094182015497e-05
7.834958535934162386e-05
-4.523386584959312463e-06
-1.280866922109038849e-05
-9.342077911853961109e-03
3.059399634912143346e-07
-2.666876743649333441e-05
-3.784387696135399039e-06
-2.460565463785996485e-05
-1.224102080581323734e-02
1.938409535082998970e-06
-2.383572532408245048e-05
2.312826986639925732e-06
6.503637425461473289e-06
3.890350810317606736e-03
6.580310114436347722e-06
3.701094212324471842e-06
6.274722039489748778e-06
-1.261726805218374435e-05
1.893574789608988953e-03
2.987818868891214534e-05
-4.245516575642887775e-06
-1.019221465566339663e-02
1.743928854805841267e-05
3.367991695889295816e-05
2.318269613969190781e-05
4.990746751705582552e-05
3.277936706394247280e-05
-5.247514889530920101e-02
5.845191042558794611e-03
-6.142678786125411262e-06
-2.758826475390116950e-05
4.027837906773405318e-05
-3.500912289175397968e-05
-1.634450337001260820e-05
3.013981740109543395e-02
-5.191461864058691429e-03
1.373669819043483253e-06
3.283670095868079732e-05
-9.001049727183895463e-05
4.351491924652457305e-05
8.648418742283244936e-06
-2.680625722490172225e-02
1.338698026874471042e-05
5.869124775208457388e-07
-3.090756015968466046e-06
-3.875084080374347295e-06
1.757388951259898028e-03
-1.401069877159485880e-05
-6.191531795229264040e-06
1.886622192645083076e-05
-1.805206808988301840e-05
-2.807485771072078862e+00
1.891727666422946319e+00
-3.524422128985171265e-01
1.605084308142985750e+00
1.362190029070057040e+00
9.458397408050374100e-01
4.257373476475221352e-01
1.670567580277296349e+00
-1.843052728276213192e-05
-2.932175820798976502e-04
1.299785071697724009e-04
-4.631915108626566521e-05
-1.943682034718876824e-03
3.155643176498735842e-04
-5.385302826061591798e-07
3.448234077410070649e-03
2.910264547396660598e-06
-1.907399464527550656e-06
-1.695447341820256444e-03
-1.471330340177998411e-06
-2.906758281750581333e-06
-3.079041507071014327e-03
4.278607425852271990e-06
1.712361842443430404e-06
6.372830547720979150e-03
-2.641259390785337827e-05
2.733888356423711351e-05
-4.921735832991514442e-05
-9.377023251747480803e-02
2.483985477912341289e-04
-6.666647227221198066e-05
1.504218432963430397e-06
3.055633236506517111e-06
-2.108155889814316772e-02
3.852400105187279425e-06
2.779683094057496637e-05
1.742009848312541338e-06
-5.990202300431464319e-06
-4.367098031548514482e-03
1.943827731985405091e-05
-1.405327481619314204e-05
2.048300484991153909e-06
-4.902023537109893178e-06
-2.624708889916803779e-03
1.200943417335419692e-05
-1.260949782698958318e-05
3.539422611431290026e-06
-8.527728784725328626e-06
-3.883642829428322332e-04
2.833557123533130017e-05
-1.654163930996678511e-05
-3.139165835137775200e-06
9.672821581858433368e-06
-5.384644896667589633e-04
-3.838399701980351738e-05
1.572893895787069317e-05
1.226016482917456803e-02
-1.052752533998211365e-05
2.644447423588329830e-06
7.112299064192825846e-05
-9.468702322699195447e-05
-6.036533764062004814e-05
6.289695986473144151e-02
-3.083410124502600474e-03
7.256756619030752374e-06
-3.332655447383565040e-06
1.364106391403238942e-04
8.029263117063716818e-05
5.969029677587339337e-05
-1.571450651012491068e-02
8.235985794065083790e-04
-8.432702190132925160e-06
8.419302549205225753e-06
-2.596755477321575998e-04
-1.047175509360669977e-04
-5.594753112934938905e-05
4.061890747898093575e-03
1.801480201679543126e-05
-2.708039413268456636e-05
-1.421720547114024585e-06
-9.469397643591826523e-07
2.382539786160460006e-03
-9.090299459174101555e-07
-3.349476763775971499e-06
-9.635607879109517305e-05
-4.692172904798100905e-05
-3.325503838206685270e+00
4.609976084956928233e+00
1.492327920374292516e+00
3.790943879214328516e-02
-2.043294277863983766e+00
2.509253086906819252e+00
1.331905156501451248e+00
3.618103783976438947e+00
7.667152696993021169e-06
-7.464203242096459183e-04
1.614228647557085084e-06
1.078233085927585016e-05
-1.551678071576780655e-03
1.713456667289626890e-05
2.848055989189739836e-06
-3.270032137570481456e-03
3.838900683920095974e-05
-1.575189896178263118e-06
2.777313967992901984e-03
-1.948481266585273505e-05
-1.808946335570065669e-06
4.443510958901426486e-03
-7.175109521523950277e-07
5.367607123264153550e-07
-2.810121117721717850e-03
-1.340190835754190213e-05
2.596806141131016199e-07
-6.438057452286863845e-03
-3.187765344061301324e-05
-1.990097081498403876e-05
-1.391647911008807650e-05
-2.758035666758366228e-02
-9.937752006601727683e-05
1.301929790111009506e-04
-9.643355943256735503e-06
-3.468662096957765636e-06
-5.078708147758218341e-03
-4.508709193665401979e-05
5.931893343855868352e-05
3.672827786360775905e-06
7.932580362309142244e-07
-9.344757706089893562e-03
2.347365971937037905e-06
-2.024878697464889963e-05
3.183669991700951309e-06
1.476073378947444183e-06
-1.225053142763779176e-02
5.517300931156378145e-06
-1.808363868757154925e-05
-5.699379266628833001e-07
-6.463611726849073887e-07
3.892043422359668051e-03
3.856877834012998708e-06
2.810512442437966488e-06
2.510960048120742384e-08
-2.879712713451207771e-07
1.882143192207386476e-03
2.448188818027108196e-05
-3.172901449642146058e-06
-1.018506049869555979e-02
-5.267334732073326528e-06
-3.699216201305466647e-06
1.972260616068307465e-05
3.195789564185634016e-05
2.495540368941094069e-05
-5.251439529925718691e-02
5.837732804705206106e-03
2.443762033657511896e-06
2.872679780212393050e-06
4.550121359200089447e-05
-2.173667967777368122e-05
-1.239503809922291974e-05
3.017961897850914357e-02
-5.182170195759236778e-03
-1.155430418511269085e-06
-3.520614223540696114e-06
-9.853734710623873933e-05
2.723545571661326904e-05
6.503517992774238631e-06
-2.685548376506143031e-02
3.391417693926854751e-06
-4.208511136477897552e-07
9.945215972652397487e-07
7.325736864359034090e-07
1.761698454195831679e-03
-9.802804736031730496e-06
-4.734619565322805194e-06
2.462828708303949884e-05
-1.647581864773634550e-05
-2.807483943345507438e+00
1.891731420649286344e+00
-3.524404275287344457e-01
1.605083844375269742e+00
1.362191003241455700e+00
9.458410022554615271e-01
4.257372939785604160e-01
1.670566171331669070e+00
4.212963070367482934e-05
-3.254887812503163636e-04
8.994772053379152443e-05
1.077086485449097716e-04
-2.015508675361703250e-03
2.209497915491922279e-04
1.398360842758273708e-06
3.453713969388124642e-03
2.225773328461943983e-06
4.697837041369242147e-06
-1.692806090148510009e-03
1.555724260813901788e-06
6.371975765221441739e-06
-3.079440305026995110e-03
5.491178727417834214e-06
-1.153134812294562366e-06
6.383811883163075310e-03
-1.478990784122476571e-05
-2.766533318777676675e-05
1.119290295020905273e-04
-9.382061256135802718e-02
1.877347821107729574e-04
-2.763043907143545767e-05
-1.982796835240370026e-05
-8.034946538278656028e-06
-2.109135648227667553e-02
-1.915561878124036029e-06
1.880646030765216239e-05
4.386121589394153749e-06
1.424257892992283385e-05
-4.369065964037066423e-03
1.740041052211515173e-05
-8.219412900211177408e-06
2.337663768770311608e-06
1.187500606798771316e-05
-2.625264107451444427e-03
1.226868726437479294e-05
-6.979569246644448594e-06
7.954859090548240696e-07
2.023197415067785171e-05
-3.927800932119128148e-04
2.510005498720451432e-05
-8.619416113613435145e-06
-1.986545860054918521e-06
-2.258449410331504187e-05
-5.304729333307019352e-04
-3.162141972900641464e-05
8.521658334693368387e-06
1.225964386505918463e-02
6.256955496823230205e-05
-1.549249298447125215e-06
9.284136566754200987e-05
-5.127477456671035590e-05
-4.543807987105501553e-05
6.289970333591585194e-02
-3.084569068620799694e-03
-5.341092680616258938e-05
3.859316933075550213e-06
1.126011107859303307e-04
4.477502598437887798e-05
4.294914083135527668e-05
-1.570834336863260322e-02
8.257536720149181390e-04
5.449586938470769030e-05
-1.549486335605897142e-05
-2.271439759258899772e-04
-6.354869958909590481e-05
-4.132114207703282326e-05
4.050562552742296984e-03
-1.229432425928482603e-05
-2.881921207449069942e-05
5.264282568661837682e-06
2.598133156091302263e-06
2.380082853307526145e-03
7.834207740003076435e-07
-2.928420685079629736e-06
-8.667000516728915849e-05
-3.904569807619139195e-05
-3.325503938685042904e+00
4.609979206584971401e+00
1.492327778531094662e+00
3.790759887842980180e-02
-2.043292444179153566e+00
2.509250723841924824e+00
1.331905398318171008e+00
3.618104906922412045e+00
5.596553423128445816e-05
-7.315606203444259157e-04
3.995760101831315165e-05
8.955124205249813201e-05
-1.531936294843035205e-03
6.212442073401310298e-05
4.959912804330061643e-05
-3.265626654060321300e-03
3.083936008130718604e-05
-2.651832794629519713e-05
2.775361583116044660e-03
-1.662771202580211389e-05
-1.368931097200388528e-05
4.439890728542795692e-03
-9.739722042316945562e-06
-6.876748183866172218e-06
-2.808459652507234137e-03
-3.288876014436610326e-06
-2.375376869712542415e-05
-6.436473868343306828e-03
-1.313358521108673761e-05
-8.889962988306530640e-05
-1.985845329717192973e-04
-2.761178227547641043e-02
-1.307668508334610465e-04
2.580143465267475229e-05
-4.474367368615592811e-05
-6.707123389540206517e-05
-5.087245341975665455e-03
-4.274042616274109684e-05
1.373753224645383057e-05
1.666026263111920722e-05
8.440310848926313396e-06
-9.343266483940931844e-03
5.790173075114927029e-06
-5.438275801387981620e-06
1.461695925665095794e-05
1.669441720565972541e-05
-1.224638130022730545e-02
1.134337549071178076e-05
-4.704789210404011711e-06
-3.305775305868364481e-06
-1.878311658172292029e-06
3.889633056010151791e-03
-1.829607504838296155e-06
1.187170629139007120e-06
-1.887605178014003444e-06
1.888386693865572958e-05
1.880274250043443120e-03
1.057730925996038391e-05
1.236543896877971810e-06
-1.018454392922223117e-02
-2.795742641507487092e-05
-3.731347396776837363e-06
8.001028401444655169e-06
-6.659354935633738867e-06
1.009933183131876812e-05
-5.251708957142471601e-02
5.837514023755385056e-03
1.229717166614180613e-05
5.251000718425591341e-06
5.378814557423651065e-05
6.496445332507541165e-06
-4.289737673563210371e-06
3.018073124746232377e-02
-5.182220850992938846e-03
-5.281596517834367618e-06
-5.646760231724440312e-06
-1.088149568700498755e-04
-7.452637907138146826e-06
1.707611209577413752e-06
-2.685518437911903894e-02
-1.174907410118537300e-05
-3.342253191320285698e-07
5.099069349481006829e-06
-2.469925938945964408e-06
1.763864746920901835e-03
-5.348551886011897086e-07
-1.808721825767923473e-06
2.416949819807663957e-05
-1.009825717306854013e-05
-2.807484544311798835e+00
1.891726212172104571e+00
-3.524407655127076433e-01
1.605081723716425657e+00
1.362191219145209908e+00
9.458411688928403116e-01
4.257372717535066742e-01
1.670567018765123146e+00
1.059919644557291018e-04
-3.022095801034284076e-04
2.615559205461792335e-05
2.642968418977952039e-04
-1.962261922354204598e-03
6.990161364602855663e-05
2.961287888483704125e-06
3.449527844589943097e-03
1.126424038000549388e-06
5.673541447381146272e-06
-1.692427785306182750e-03
6.078701574049432759e-06
1.020726868183519215e-05
-3.076446116992617458e-03
7.116777529389110314e-06
-1.206478304103538891e-05
6.378797339865349691e-03
3.373269801915011149e-06
-2.654429586564064389e-05
2.447076008809201484e-04
-9.376684664945228453e-02
8.919864848490942984e-05
4.880144445681304440e-05
-3.364336156832503362e-05
-9.120510581609944526e-06
-2.108870129876969784e-02
-1.057975625815894346e-05
7.942430865916947911e-06
8.883422513622914142e-06
2.639658593467662838e-05
-4.363158178544663222e-03
1.368847402646387580e-05
1.045721654382614934e-06
5.766010690464840632e-06
2.036901987468571300e-05
-2.620443499957466563e-03
1.221703521039833643e-05
2.396740238322604273e-06
4.366277017577871266e-06
3.777170978912542548e-05
-3.834298162602772699e-04
1.930123670864069882e-05
5.202781834160910360e-06
-5.787752444120117484e-06
-4.480260188449807477e-05
-5.418338168983090081e-04
-2.025475468685949680e-05
-3.810251522126693131e-06
1.225539015716150225e-02
1.004972346353742778e-04
-3.899119440659583574e-05
9.418841825544952123e-05
1.630382575941495766e-05
-3.492817829449841604e-05
6.292273772552481326e-02
-3.079868929508054222e-03
-8.749391399259956556e-05
3.641474670446606855e-05
1.190185578111925047e-04
-1.070518978021906495e-05
2.686659055109397800e-05
-1.573308357400798538e-02
8.197874374040996920e-04
8.824463548475801398e-05
-6.128412725344777425e-05
-2.420874261383697506e-04
1.194162189095302953e-06
-2.920165125677935721e-05
4.081685959584429105e-03
-4.136296138881106403e-05
-2.780662937014621346e-05
8.120805136131522433e-06
3.030686724309473827e-06
2.384192902278203362e-03
3.187115160542853556e-06
-3.670088214295958860e-06
-9.268691754370828896e-05
-2.263396635979421292e-05
-3.325505225895938999e+00
4.609986693534175117e+00
1.492328509670428405e+00
3.790259326865700468e-02
-2.043290362003674421e+00
2.509244945031889440e+00
1.331904986218887199e+00
3.618106895389378685e+00
3.173178378142077922e-05
-7.271544281676089365e-04
9.272746137115432945e-05
6.382354297842597667e-05
-1.518438690793256140e-03
1.267838910213408795e-04
6.127767005069681492e-05
-3.243920359588051573e-03
2.743392003541419654e-05
-3.182403162972660774e-05
2.765344310056739707e-03
-1.623660417087376636e-05
-8.049032397143026626e-06
4.440219729111032423e-03
-2.221975154897380271e-05
-1.573808452528460287e-05
-2.816102885889911357e-03
8.129297270047275322e-06
-4.143441429698207313e-05
-6.456283799603045395e-03
6.756095336149348442e-06
-1.497250965921095758e-04
-1.966440571918855553e-04
-2.768299621541781691e-02
-1.920725919415138721e-04
-8.571267361014550917e-05
-7.147382352945251560e-05
-7.679340116408477470e-05
-5.118240295304047303e-03
-4.777943822708971875e-05
-3.323774845907901629e-05
2.540718426334649302e-05
6.673816465647193591e-06
-9.342076149069148891e-03
1.094377590667777352e-05
9.291384560346167536e-06
2.251005669634382369e-05
1.398954184110622143e-05
-1.224101621144136308e-02
2.034711140020045229e-05
8.692962812839471296e-06
-4.317995504926309079e-06
2.444196610422954488e-06
3.890348194329191264e-03
-8.923312996476253484e-06
4.765345728450531742e-08
4.911220598274890626e-07
3.218491131044410160e-05
1.893572976151807006e-03
-4.005307552980760687e-06
7.666557053950658494e-06
-1.019221324614527635e-02
-3.710739210952364498e-05
2.658023934465066917e-05
2.317002838278552556e-05
-5.380155983914456790e-05
-1.286522943180472430e-06
-5.247515482088341982e-02
5.845190192745200117e-03
1.722534021197140653e-05
-1.662562274420862171e-05
4.028741535339985629e-05
4.122956463021031125e-05
2.852467285112348779e-06
3.013982118407700084e-02
-5.191461279847049692e-03
-8.174176195476333807e-06
2.136716007633745345e-05
-9.002159785875747970e-05
-5.002497663750411875e-05
-3.138086290344987731e-06
-2.680625933901192859e-02
-2.224243073619963927e-05
5.870075575998378618e-07
6.893981421711947949e-06
-1.019424137742689721e-05
1.757391346922186149e-03
1.035935673234622687e-05
4.509604473825141395e-07
1.886581234946240002e-05
-2.487170681370148248e-06
-2.807488006130893776e+00
1.891716455412843834e+00
-3.524439810938219120e-01
1.605081089186267462e+00
1.362189730705122281e+00
9.458391663435925523e-01
4.257373467405517475e-01
1.670569943417341330e+00
1.249969363371339608e-04
-2.326303398663837887e-04
-2.899606719694453332e-05
3.071049624609970149e-04
-1.806431278765991463e-03
-6.010711190656497333e-05
3.108030432876910761e-06
3.437557296209955374e-03
2.221535679815972429e-07
2.045957602122630593e-06
-1.696603828434206304e-03
1.060475756335702354e-05
7.447234407959699779e-06
-3.073789929467571000e-03
9.141192762495884043e-06
-2.043532269053176281e-05
6.357072174395061830e-03
1.985875571291660378e-05
5.705245677368382695e-06
2.600048148688947317e-04
-9.364662757779838864e-02
7.806649004143137796e-06
1.277648383195444169e-04
-3.171619479108653961e-05
-2.523614040175222286e-06
-2.107052424315498940e-02
-1.915133174667350436e-05
2.113619918703310108e-06
1.071649603136188330e-05
2.401865197158194599e-05
-4.355925142125012355e-03
1.142202492833789741e-05
8.900869005600924022e-06
8.160076141102320496e-06
1.688920984989335597e-05
-2.616306022835416818e-03
1.311639598582256349e-05
1.077801041696283555e-05
8.601020057575257895e-06
3.464171659371110981e-05
-3.698091405196558845e-04
1.559834364064489629e-05
1.814278916684420136e-05
-9.265941780126105444e-06
-4.371786128053051923e-05
-5.627902334526254735e-04
-1.163441633096921543e-05
-1.512521032506628088e-05
1.225339494678632547e-02
8.697643673232386416e-05
-7.161384060796503813e-05
5.859870799831414737e-05
7.805610814904923153e-05
-3.920134065042551048e-05
6.293351951842089675e-02
-3.074735347748199475e-03
-7.812388672506675644e-05
6.229686452398762344e-05
1.631331648356667478e-04
-6.115319395577443063e-05
2.357161260710121140e-05
-1.575985626010532534e-02
8.121471772410275613e-04
7.730461621453365434e-05
-8.821629170457504280e-05
-3.064495248858835970e-04
5.918088544254889751e-05
-2.980317375923262802e-05
4.121355881680008673e-03
-4.955241744321983889e-05
-2.402720776300813448e-05
6.560279258734428003e-06
9.295109860587612099e-07
2.390995615445000444e-03
5.742844549978074896e-06
-5.760951321503679150e-06
-1.129115124834731020e-04
-5.670615003618772679e-06
-3.325506727067979451e+00
4.609988114702063378e+00
1.492329927293952530e+00
3.790092988603177560e-02
-2.043292740397357310e+00
2.509243717571067567e+00
1.331903720349938869e+00
3.618106428877375880e+00
-2.069391817232158330e-05
-7.638225906345619222e-04
1.316594625976703014e-04
-1.044191553500275376e-05
-1.556612296900168699e-03
1.759485791438243315e-04
3.913869408296748918e-05
-3.226642349159949269e-03
2.863162133496934971e-05
-1.926264680365876513e-05
2.757124217573244697e-03
-1.783327592214637122e-05
4.584629292426314295e-06
4.451087902571884691e-03
-3.146308676455887593e-05
-1.793749674185641016e-05
-2.831452843469518116e-03
1.521851954256351748e-05
-3.958187597396433727e-05
-6.488251306264575767e-03
1.827346444684101184e-05
-1.448190493593650081e-04
-6.972264109460818058e-05
-2.769151950638934837e-02
-2.470097661510965237e-04
-1.448749929524409418e-04
-6.628839694667337953e-05
-4.158559692491475308e-05
-5.136746751695502045e-03
-5.587971264932853116e-05
-5.695657738359282237e-05
2.275085964520221830e-05
6.128473805441541987e-08
-9.344695732985896022e-03
1.496133231924143853e-05
1.631480888815172489e-05
2.029158547168929356e-05
1.468372555687264179e-06
-1.224548264251830096e-02
2.751191081734857664e-05
1.516019449524118180e-05
-3.215900815078331578e-06
6.811936465874748273e-06
3.898266100901355904e-03
-1.377228403188819328e-05
-1.393907623577575911e-07
3.258647133069544584e-06
3.003811509971047964e-05
1.917393535553985149e-03
-1.234476676067323499e-05
1.228742785931135134e-05
-1.020428155098903646e-02
-2.850986295963347432e-05
5.128833662350085085e-05
7.777130259611431465e-05
-8.533169091363430176e-05
-4.177863569169357183e-06
-5.240934759126463643e-02
5.856456499479989822e-03
1.409740993954604113e-05
-3.606589759095186310e-05
-2.246273028446712453e-06
6.464460972278187972e-05
5.564557320085273585e-06
3.007990234149796049e-02
-5.204148120322902270e-03
-7.385091256082973091e-06
4.483950478031583557e-05
-3.436287373100260865e-05
-7.869401931083781624e-05
-5.488892847874148241e-06
-2.673927295090044662e-02
-2.126427672523760546e-05
1.697514034754992792e-06
5.368072087169506088e-06
-1.439997996803564267e-05
1.742037011493559025e-03
1.749324388953662156e-05
1.025098013851106361e-06
1.281930551071371600e-05
3.059928681664120296e-06
-2.807492661272962042e+00
1.891708724540645870e+00
-3.524486436161573533e-01
1.605083316920413283e+00
1.362187004452963812e+00
9.458356877869152912e-01
4.257375011820397903e-01
1.670573352938888867e+00
-8.715516124051188350e-05
-1.562509153932020516e-04
-4.088098468905902575e-05
-2.008881004363299665e-04
-1.637043912711914212e-03
-1.043529702586171496e-04
-1.068406071410684041e-06
3.424710749986174807e-03
-1.348146223207948622e-06
1.135768731216883002e-05
-1.703905390109475672e-03
-5.065925896736143612e-06
7.188267438327225030e-06
-3.074106469159425779e-03
-6.953839951843688859e-06
3.229337718803108409e-05
6.329809897238906913e-03
1.461721773205732036e-06
-1.466228559175495163e-04
-1.034557241342943482e-04
-9.353536441927065570e-02
-1.129122805451231762e-04
-6.907350195353386714e-05
6.855066244976058690e-06
-2.112024477253348763e-05
-2.104535035675773880e-02
8.498659057741851435e-06
-1.510834694596291063e-05
-1.316361055481069821e-05
2.864572943283940124e-06
-4.353321738997243881e-03
-1.458390524595943306e-05
-5.312783666304889531e-07
-1.460763232355356330e-05
7.928241392836955770e-06
-2.617028771524443700e-03
-1.222806268128147955e-05
-2.446962482647985809e-06
-2.312018831620812247e-05
3.133410175750652983e-06
-3.622002029177282152e-04
-2.069470255774439129e-05
-6.266091499163037537e-06
1.980122922457315624e-05
5.413838545815233749e-06
-5.791405557410415255e-04
2.299468605116889133e-05
4.664586694529253714e-06
1.225676235021411035e-02
1.947709403994736180e-05
1.216220045127580689e-04
-7.408177275965155406e-07
-4.192453233333205144e-08
5.911576648282385141e-05
6.291566482738357446e-02
-3.073673064518412604e-03
-4.056974363627894236e-06
-9.784269735604747640e-05
2.241784761942079880e-04
-2.622582669069833436e-06
-4.684347452078057770e-05
-1.576505451795587667e-02
8.089503323162315108e-04
1.138227766505993101e-05
1.067063596739229603e-04
-3.870044678078582434e-04
1.433903852631220242e-05
4.973343311109420964e-05
4.137518689604396775e-03
2.179590729612969279e-05
-1.952072921472447535e-05
4.738233636735057996e-06
6.447547852382249072e-06
2.395503573892401265e-03
-2.653261680358128901e-06
6.172008586911910551e-06
-1.363214486676256332e-04
2.420380272906696927e-05
-3.325508052888614507e+00
4.610004072357698490e+00
1.492330033421570334e+00
3.789106527311113248e-02
-2.043285164615488814e+00
2.509231554397880259e+00
1.331904186469904383e+00
3.618111621288342405e+00
1.895831009104925041e-04
-7.121339161942636786e-04
-1.033664572184237113e-04
2.549439996427184710e-04
-1.481988480945769376e-03
-1.469178790738130268e-04
4.521027291856775265e-05
-3.195412965330953967e-03
-4.502092802978894035e-05
-2.767985526849638570e-05
2.742990545855956194e-03
2.548565902859574773e-05
-4.532894009316852343e-05
4.439592016584812534e-03
2.493507379854320854e-05
2.051484072080360640e-05
-2.831988339239363290e-03
-3.819623602274252847e-06
2.301254689345158552e-05
-6.498472734569020991e-03
4.878362165123859545e-06
1.464110548478740094e-04
-3.649696142814042076e-04
-2.784866503404574700e-02
2.551739738034370622e-04
3.427112797952196324e-05
5.553399653205834136e-05
-8.484469751080143951e-05
-5.188536457336244932e-03
7.164664571071780309e-05
6.476248446209987634e-06
-1.510355683426606705e-05
2.173894756915263662e-05
-9.338929935739830393e-03
-1.321747831027169383e-05
4.191109484046594522e-07
-1.420502786086130143e-05
4.009464821749810333e-05
-1.222784484736230172e-02
-2.503022148960064292e-05
-5.609240532973746936e-08
-5.668862024018740965e-07
-1.940432307084300267e-05
3.890999005515071926e-03
8.459307992686038909e-06
-2.405820208845678905e-06
-1.447435195410000818e-05
-1.527960431986648791e-05
1.921641921074204945e-03
-5.315709921813407939e-06
-9.918758894630644806e-06
-1.020850595391261349e-02
-1.154526342372047120e-06
-1.193695736645630659e-04
5.143548701439003626e-05
4.786446963559265011e-05
-1.719678136948568097e-05
-5.238553653413504513e-02
5.861662617413302898e-03
-3.715840021761769211e-06
9.067812163049255810e-05
1.425894873589812284e-05
-3.769310459321220381e-05
4.974498159201134082e-06
3.005183978324688782e-02
-5.211463626372317241e-03
5.092865832621905689e-06
-1.103250015052055586e-04
-5.325024113332719328e-05
4.535352022797422867e-05
-3.401568845491213177e-08
-2.670044235390815757e-02
7.365363213742259306e-06
2.849350088801360490e-06
1.302767004209758177e-07
2.414185182577107791e-05
1.744037282523352734e-03
-7.600448264432341561e-06
3.108617792799051002e-06
7.282335116255489322e-06
6.255272110578348067e-06
-2.807488731653096536e+00
1.891704497649074668e+00
-3.524440342139628091e-01
1.605075285568682064e+00
1.362190757886134751e+00
9.458401985746548446e-01
4.257372626348450706e-01
1.670571513094685434e+00
-5.394215402542957655e-05
-1.864263928510284890e-04
-4.358136852358164765e-05
-1.188385823519986579e-04
-1.699786994848383149e-03
-1.155433983338197200e-04
-1.772729488892671203e-07
3.429151285392088074e-03
-1.806550877315973986e-06
1.248597167054083002e-05
-1.694357785093770228e-03
-9.788268883319215210e-06
9.796661033159570148e-06
-3.066085089243727937e-03
-1.176293688949803838e-05
2.745920758325654564e-05
6.349062097150493314e-03
-4.260190390970688288e-06
-1.356815184531069067e-04
-3.037296313070401510e-05
-9.352855820069007342e-02
-1.476687753247687388e-04
-1.177361885697248702e-04
-5.882955883870953574e-07
-2.281511951548041597e-05
-2.106815425818302570e-02
1.685784223054024510e-05
-2.380510295980259631e-05
-9.955476791566848847e-06
1.015621690276050511e-05
-4.341274955880429498e-03
-2.229032118898337396e-05
-1.445717642367261443e-06
-1.184209906809639922e-05
1.329470729950330048e-05
-2.603867533532358211e-03
-1.977449444947099842e-05
-4.647629344504483417e-06
-1.968538485564984985e-05
1.357748694313710730e-05
-3.472481528260514352e-04
-3.142706126414602792e-05
-1.120789201323074577e-05
1.647648966946354241e-05
-7.392022463095043424e-06
-5.889842078562257995e-04
3.317255580238725522e-05
8.383280934214724900e-06
1.224211051871952789e-02
3.724583539006986403e-05
1.054855423576971481e-04
7.212009207576645237e-05
-2.416655019478190411e-05
9.578286121553997536e-05
6.299544950875632376e-02
-3.062786469385297191e-03
-2.088637871266349648e-05
-8.367699924616162099e-05
1.687367355415947325e-04
1.557019372980739184e-05
-7.532236685852716676e-05
-1.582210559094030661e-02
7.972615666376318445e-04
2.751649688548707309e-05
8.527972920722554876e-05
-3.303154960128760337e-04
8.195974044530902716e-08
8.037735644696357234e-05
4.197987531743154095e-03
7.402552065713776178e-06
-2.185678182981065176e-05
5.920673923999641470e-06
6.718065826277153855e-06
2.400430303639259407e-03
-5.095190842677691119e-06
1.000059827002007837e-05
-1.240568283676935510e-04
2.583562527440364382e-05
-3.325509180064297521e+00
4.610034545126470817e+00
1.492328806466251212e+00
3.787302515535158343e-02
-2.043267597911073707e+00
2.509208474453387794e+00
1.331906403947689554e+00
3.618122479679863002e+00
1.615703541910771970e-04
-5.714748256988621319e-04
-1.176794090812780847e-04
2.218555489346532626e-04
-1.293895627032526797e-03
-1.675102158569191180e-04
5.018261515704436446e-05
-3.150448154149355744e-03
-5.187646750698630559e-05
-2.949133849309595507e-05
2.723047267387196293e-03
2.933008120395161217e-05
-3.873097260625452386e-05
4.405555106311342776e-03
2.839155021560399773e-05
1.332623949190079221e-05
-2.817477772572558534e-03
-4.128673332254698778e-06
9.792021890749628404e-06
-6.486471562485766895e-03
6.074186830666324490e-06
8.456599040162417094e-05
-3.404187512027121148e-04
-2.815428666281024825e-02
2.918878540634729985e-04
2.096709725723997552e-05
2.941239399075092884e-05
-8.596817044301111911e-05
-5.273338173606170048e-03
8.227299933402651487e-05
-1.505565676595589932e-07
-6.889527459583169094e-06
1.920252668421369474e-05
-9.324741062862419369e-03
-1.508316900216881606e-05
2.836152480924738524e-06
-6.737298526134512019e-06
3.576454734977534524e-05
-1.218803458725153249e-02
-2.857238374862702899e-05
2.079528149697199697e-06
-1.223904539497290392e-06
-1.529005200031035615e-05
3.868426953315031412e-03
9.555827560455710582e-06
-2.891377331640775343e-06
-1.098052730519082762e-05
-5.455191747600720542e-06
1.905955725894655341e-03
-6.456315542853429919e-06
-1.016351411817926006e-05
-1.020470781948518667e-02
-7.665794224534831590e-06
-9.171022802778418313e-05
-5.671526607183279434e-05
5.396154245289206736e-05
-2.125134571594671523e-05
-5.240467179417908350e-02
5.860695003864375800e-03
3.061023873180928451e-07
7.042965260466843829e-05
9.043581224058000858e-05
-4.254128120815742534e-05
6.741943309261486764e-06
3.005661791984404196e-02
-5.213290796402175742e-03
2.404513610301442557e-06
-8.540692006862320618e-05
-1.474842031496000874e-04
5.115885860657412473e-05
-7.655876015570454421e-07
-2.669091825788500946e-02
8.690671180894447871e-07
3.926616858142696017e-06
1.405740644511492274e-06
1.735952402917630166e-05
1.763612740864036041e-03
-8.427083640889681176e-06
3.831870874124717675e-06
2.305005896480253024e-06
5.954903185926263091e-06
-2.807486141829888204e+00
1.891697301802101494e+00
-3.524407203443690739e-01
1.605067469732391894e+00
1.362193828112154614e+00
9.458438181197337258e-01
4.257370606854358197e-01
1.670570725428586201e+00
-1.040392926472565640e-05
-1.922041945718202898e-04
-3.869224119264674843e-05
-1.856745645150168766e-05
-1.708093036420595644e-03
-1.034759731513697982e-04
3.435590165405470633e-07
3.429476006615365252e-03
-1.684713092256713659e-06
6.487848689786785049e-06
-1.686674478625592487e-03
-9.626617304060589497e-06
5.789224654742793105e-06
-3.057624124276677163e-03
-1.138133739607931988e-05
1.125602256404691758e-05
6.360252399257583858e-03
-4.989095852307749941e-06
-5.471737743470454833e-05
1.889462852554016936e-05
-9.348266826940979102e-02
-1.369190477337626837e-04
-1.021281134172634776e-04
-2.261222442974505833e-06
-1.175844816392620877e-05
-2.108384847449610786e-02
1.661820059776294452e-05
-2.280256526596707669e-05
-3.277613726958084680e-06
8.230925239921432947e-06
-4.327482917516579757e-03
-2.122095584287912734e-05
-5.826945899463595335e-07
-4.284317563669277233e-06
8.863105724341753137e-06
-2.590047623526692353e-03
-1.898373112847056182e-05
-3.520444735368835799e-06
-7.474935379695816294e-06
1.133033877819777078e-05
-3.286265064108186010e-04
-2.988912254136642918e-05
-9.194798107952065512e-06
6.014616631427763347e-06
-9.430824024677109129e-06
-6.051864035639641093e-04
3.129266006817750236e-05
6.716756860188835413e-06
1.222753078765888984e-02
2.101305294125781301e-05
4.343467218576797556e-05
1.295335174924055165e-04
-2.650582526687632879e-05
8.888103450160563836e-05
6.307453865232624801e-02
-3.050741340322747890e-03
-1.365712029951606426e-05
-3.381173897772318956e-05
1.303969426679328246e-04
1.777507766498109343e-05
-7.065554658846863933e-05
-1.588491559547039120e-02
7.836106713756861792e-04
1.635515312867336825e-05
3.124545490149036080e-05
-2.973576030128725380e-04
-3.226461581769942591e-06
7.502821931662445934e-05
4.268244442563912631e-03
-4.552557683722970741e-06
-2.263319961362293488e-05
2.895581771988110848e-06
3.370038550810238896e-06
2.407154331248170277e-03
-4.915883058793747771e-06
9.003417346678763166e-06
-1.190230328914487084e-04
2.146240182921616056e-05
-3.325510245219099215e+00
4.610056344451598065e+00
1.492328189321950660e+00
3.785997340900673636e-02
-2.043255600014987738e+00
2.509191940036632928e+00
1.331907746935825809e+00
3.618130073736096186e+00
4.728578848022450376e-05
-4.785904045621684711e-04
-7.281640104794912471e-05
6.637533072821606803e-05
-1.167779421150874023e-03
-1.039995599284699413e-04
1.823979238074539168e-05
-3.115651859646581014e-03
-3.302507578691420945e-05
-1.038516913547747889e-05
2.707512481688011119e-03
1.862692731627688819e-05
-1.134134738767295942e-05
4.383431053218769802e-03
1.758059624829619706e-05
2.684055179297660079e-06
-2.809935603916019140e-03
-2.215717476384097354e-06
9.535879758108197120e-09
-6.483637612556900597e-03
4.562172751898045574e-06
1.502830780102242477e-05
-1.062219462991096947e-04
-2.837179654177523352e-02
1.836071741122833126e-04
1.538174317441446525e-06
4.610912914290339412e-06
-2.851287824957297499e-05
-5.336608111569459897e-03
5.223110937660717916e-05
-4.605965589633034345e-06
-6.340654155904146844e-07
5.720881893699605172e-06
-9.315169906331691868e-03
-9.411730846387139277e-06
2.999167505992473782e-06
-7.649044614658515603e-07
1.075288564751268376e-05
-1.216067896663534063e-02
-1.786193765685502666e-05
2.458981622201228897e-06
-3.739703540327886123e-07
-4.077536720524978880e-06
3.853881923399311415e-03
5.821130503171480396e-06
-1.814408357615823103e-06
-2.455352407598006607e-06
4.714909552964314275e-07
1.899106513684553025e-03
-4.654874821833555948e-06
-5.347676734933836192e-06
-1.020415059367281614e-02
-2.939872787529006035e-06
-2.361427147067243009e-05
-1.235345990196279136e-04
3.266671811457202718e-05
-1.352025686730425115e-05
-5.240654905252657703e-02
5.862006739401856049e-03
6.411962494406446938e-07
1.840217241914165501e-05
1.367696361508238226e-04
-2.583375272773727276e-05
4.619187744411399854e-06
3.004933894272729042e-02
-5.216838337654372028e-03
2.715658453007157064e-07
-2.224948818848050580e-05
-2.042349499270599959e-04
3.103080418641073390e-05
-8.904876966822393342e-07
-2.667224814495451971e-02
-1.516377278098678864e-06
4.913758445191033246e-06
5.300585695320806535e-07
4.154282076835118549e-06
1.774640393929461171e-03
-4.936702916933318166e-06
2.436075352941345209e-06
-2.262812856816273589e-06
3.756186736270175438e-06
-2.807485628740991057e+00
1.891693067988020394e+00
-3.524398881401116235e-01
1.605064314565720185e+00
1.362194816245942075e+00
9.458449470572929396e-01
4.257369922925490213e-01
1.670570839917656869e+00
1.618262060410306195e-06
-1.844049613657737095e-04
-1.333784167590705380e-05
8.914377567255036310e-07
-1.688814575833924884e-03
-3.780757287140213639e-05
-2.227308594280066771e-07
3.427873362521931862e-03
-7.706985830452370990e-07
-3.588926314009063265e-06
-1.684267094458602974e-03
-5.652891153803743744e-06
-3.672826945761621138e-06
-3.053920964251533119e-03
-6.297496922381381569e-06
-4.354952626505135417e-06
6.361492202616344550e-03
-4.586190636748452439e-06
5.066374779028075996e-05
-1.987900597450442382e-05
-9.344720962040735379e-02
-6.187762855840240662e-05
-4.853598928134184509e-05
6.593841080328672734e-06
6.243722337732005094e-06
-2.108737950846762549e-02
9.817453792606584552e-06
-9.712658144643104667e-06
1.891328073442520168e-06
-5.225946112942204509e-06
-4.321022668582416744e-03
-1.088372285934893405e-05
-6.966402908621343432e-07
2.879291941822102223e-06
-5.284103736702605301e-06
-2.584031037558895318e-03
-1.010355425037996795e-05
-1.944390979614278418e-06
5.676898553154003253e-06
-7.259063436158011895e-06
-3.193527029088303313e-04
-1.526909792868907925e-05
-4.621209564261266756e-06
-4.681192571551996562e-06
6.616398860112333060e-06
-6.145826170501273757e-04
1.539194947637156485e-05
3.552869936327644735e-06
1.222159781359044052e-02
-3.060269332465977854e-05
-2.003733383945969243e-05
1.468503770538706751e-04
-2.169526176423827062e-05
3.880359922827443693e-05
6.310709356350945043e-02
-3.045255667580335380e-03
2.312624946286878712e-05
1.525038045596983882e-05
1.217100169786911566e-04
1.568206424071285704e-05
-3.063032354827865343e-05
-1.591340238359557901e-02
7.771249385410439496e-04
-2.530170405496663742e-05
-1.289835974880655423e-05
-2.936850692787326168e-04
-8.970699460054528261e-06
3.269869561739054370e-05
4.301517350828375393e-03
3.989878517088996492e-07
-2.235190913093878113e-05
-3.491055104862449902e-06
-1.856804917723023617e-06
2.410676438138309972e-03
-2.851559879914111799e-06
4.010844361353250092e-06
-1.199232792506700835e-04
9.583439891175883407e-06
-3.325510245571902779e+00
4.610056344738745260e+00
1.492328189170093911e+00
3.785997288583617393e-02
-2.043255600037503061e+00
2.509191939754524814e+00
1.331907746884807286e+00
3.618130073863497387e+00
-8.565306835346324463e-05
-4.785890202666417395e-04
-3.014485513327644168e-06
-1.214858811380555926e-04
-1.167776798431809961e-03
-2.901272577321067008e-06
-3.676416007997897867e-05
-3.115650972695775678e-03
2.123532875176896912e-06
2.088219838095350773e-05
2.707511474921367543e-03
-9.669020811462171972e-07
2.067519107297473467e-05
4.383430805481906660e-03
7.130195999454190429e-07
-3.320002477055442927e-06
-2.809935786448289254e-03
-1.305307587773468468e-06
3.689978636957577775e-06
-6.483638550212101476e-03
-2.667132674668920970e-06
-7.446777572675136043e-06
2.121059993817911926e-04
-2.837180323478166732e-02
3.080414992386563857e-07
8.857049048906583715e-06
2.214758030884620420e-06
5.948370985852770510e-05
-5.336609644875253862e-03
-1.389409784938653440e-06
5.007702343665950919e-06
-2.228405774803036895e-06
-1.100948367901601399e-05
-9.315169598452525263e-03
-2.527765014548843046e-07
-2.168239446290207458e-06
-1.769336188594480891e-06
-2.084240131854172716e-05
-1.216067825471215703e-02
-3.900502316460471360e-07
-1.833999365679953644e-06
1.802251079126528701e-06
7.079998364591166711e-06
3.853881767653427343e-03
6.241727588273873505e-07
4.769956278425998568e-07
5.813933342798915092e-06
-4.263098474778569889e-06
1.899107138960986953e-03
1.918368856214582057e-06
6.554198051016310986e-07
-1.020415080999575140e-02
1.318084954871247819e-05
4.031340330615806064e-05
-1.235348479542992383e-04
4.459828616796398689e-06
4.202097422204130850e-06
-5.240654767092093463e-02
5.862006927391446957e-03
-4.321630105653636363e-06
-3.168754999338668646e-05
1.367696464719345422e-04
-3.205566825907307071e-06
-1.749235334915926981e-06
3.004933787506839510e-02
-5.216838513294872436e-03
6.370085442306107255e-07
3.811432344636679832e-05
-2.042349118556446722e-04
3.945309663133818663e-06
6.749106574526477374e-07
-2.667224698672115632e-02
4.092528013473547393e-06
4.913777590343164908e-06
-2.388443862277083057e-06
-6.354167953106119868e-06
1.774640313948918583e-03
-1.134044677657342282e-06
-7.248371159536088439e-07
-2.262907184490194677e-06
-4.796270077292562548e-07
-2.807486142144846486e+00
1.891697301198747017e+00
-3.524407206896479350e-01
1.605067469810589564e+00
1.362193827937017154e+00
9.458438179037589322e-01
4.257370607306066868e-01
1.670570725677035906e+00
-2.760577681702099128e-05
-1.921988232939196974e-04
2.938584497412486348e-05
-7.821347549879427452e-05
-1.708081040534693189e-03
7.093761895370065927e-05
-1.574405696271945042e-06
3.429475265762974533e-03
6.285779174744342137e-07
-1.166165809830843850e-05
-1.686675100885826062e-03
-9.290645960350704778e-07
-1.299729159693319532e-05
-3.057624396892451735e-03
3.040220967099049025e-07
-9.437485032794625089e-06
6.360250221683438551e-03
-6.484252381624510470e-06
1.179473573992043892e-04
-1.279998296662710746e-04
-9.348266112502130742e-02
5.207141024683072518e-05
-1.442031785669556165e-06
2.087445575153668251e-05
2.027264647686038485e-05
-2.108384642850397173e-02
1.880175814610505721e-06
9.440051625242906823e-06
2.434688935824456078e-06
-2.249093522892030086e-05
-4.327483157351080106e-03
3.478643572992461000e-06
-3.240092442648807771e-06
5.379508002258647366e-06
-2.087135464608378489e-05
-2.590048052586807481e-03
1.811119514549439533e-06
-2.397547106201553087e-06
1.195500076960484551e-05
-3.154874120716441512e-05
-3.286263911831795929e-04
5.123611765450082565e-06
-2.480858443930070934e-06
-9.222663872019017627e-06
3.181472979179510120e-05
-6.051871404721163384e-04
-7.468634411904053030e-06
2.800514747686718770e-06
1.222753051716814546e-02
-8.748333889826238798e-05
-4.474506741662175686e-05
1.295280564702520421e-04
-2.446909070856169362e-05
-2.620522172894833670e-05
6.307453664792436743e-02
-3.050741049649532358e-03
6.801361739314776950e-05
3.227952312400491649e-05
1.304020903709817510e-04
2.036050690975915804e-05
2.348345373446152434e-05
-1.588491653567724801e-02
7.836102883424562624e-04
-7.314709019388889333e-05
-1.838854548523058771e-05
-2.973639891441969213e-04
-2.539372644548404436e-05
-2.333995082487724880e-05
4.268246793867059609e-03
2.096337687819060114e-05
-2.263267748837171091e-05
-9.302007075803850767e-06
-5.942530242280481064e-06
2.407154218238431991e-03
-4.620307288635048355e-07
-1.855883970785735258e-06
-1.190258726677520865e-04
-6.675275938037310979e-06
-3.325508716859362668e+00
4.610034333639345228e+00
1.492328350518715707e+00
3.787340877118076932e-02
-2.043266713854775318e+00
2.509208682772757548e+00
1.331906819441459611e+00
3.618122710360704097e+00
-1.580317250382479372e-04
-5.588225644246548520e-04
4.721552302616126149e-05
-2.293404503660494088e-04
-1.280399309107663284e-03
7.210333248207989674e-05
-8.089684799560546333e-05
-3.155559410762176931e-03
3.314889440478116934e-05
4.511122059166739845e-05
2.725481764252129548e-03
-1.797818076979202842e-05
3.824132509412872939e-05
4.401862485444387255e-03
-1.147885529025146178e-05
-1.496917460142455944e-06
-2.812530963779246666e-03
-2.706396157504713023e-06
1.773165350190943364e-05
-6.476316188161426735e-03
-1.273055996632258527e-05
2.557110379212927591e-05
4.220938351931426851e-04
-2.815396226187669507e-02
-1.463714601657433584e-04
4.432478845853691536e-05
2.140228751024921981e-05
1.241953541058610200e-04
-5.268161320311407110e-03
-4.676020465401411254e-05
2.544015740816499741e-05
-9.978090966972864633e-06
-2.096248562449115120e-05
-9.323806983285717193e-03
6.673481818230610268e-06
-1.036428604745111611e-05
-8.484428889106516622e-06
-4.003816497174675853e-05
-1.218632198098218954e-02
1.298315040912883249e-05
-8.943758584766455056e-06
3.911387621639649880e-06
1.165492885584466735e-05
3.865759668076661128e-03
-2.509328009624978299e-06
2.677430384260283567e-06
9.050494972934550056e-06
-1.611456437514108847e-05
1.898333802592699644e-03
1.039096377346231979e-05
3.944345754621166777e-06
-1.020086908064015210e-02
3.023128331167338934e-05
6.281172828120153194e-05
-7.472688730543626794e-05
-1.085989447746932589e-05
2.198198241697641166e-05
-5.242553890643117387e-02
5.857149743754991485e-03
-1.119086010071494025e-05
-5.055150455679959106e-05
1.044048384597546413e-04
9.669956388487876937e-06
-8.930361584432162627e-06
3.007549132784440721e-02
-5.209330295042340249e-03
3.056256374576860990e-06
6.044312398119736920e-05
-1.657246176521423912e-04
-1.128146828989303950e-05
3.231922397376956089e-06
-2.671189050911137314e-02
1.400478836419732043e-05
3.597814027593012687e-06
-5.431501680265951998e-06
-8.356522314119832931e-06
1.768593024736985625e-03
9.893600852424169686e-08
-3.913707674577659526e-06
4.196449320609539667e-06
-4.980445325932983691e-06
-2.807486005396429007e+00
1.891710307411751169e+00
-3.524413840324999714e-01
1.605074714231490507e+00
1.362192181713668626e+00
9.458420484731633326e-01
4.257371849650620210e-01
1.670569392141269427e+00
-6.791749304042282698e-05
-2.352279619400328534e-04
6.839916186061398957e-05
-1.778953194610676696e-04
-1.808492314245289381e-03
1.686677782701404482e-04
-2.620080676338749132e-06
3.437441588404966091e-03
1.756097034703869182e-06
-1.313087956310664358e-05
-1.690486088827479819e-03
1.783812205107179408e-06
-1.626283048397001970e-05
-3.066830684250503470e-03
4.746860693834962578e-06
-3.679743884380400010e-06
6.365496422477649220e-03
-1.034915538985523457e-05
1.147660450701094880e-04
-2.172207595777342717e-04
-9.360570318992335326e-02
1.464434483352883352e-04
1.161803369480601540e-05
2.933883323240492374e-05
2.248331502886601860e-05
-2.108272144065567733e-02
-2.548425063753546763e-06
2.377596719109730458e-05
-5.137694558579976919e-07
-3.148533396847397030e-05
-4.344495496806028909e-03
1.416257951013884833e-05
-6.828674587341844476e-06
3.058755983994419580e-06
-2.755697115963762084e-05
-2.604941229176938652e-03
1.025798339751995085e-05
-4.708911106899535629e-06
9.405851010997455806e-06
-4.446244082187544443e-05
-3.542523407234319404e-04
2.037142137409311447e-05
-4.126559881587328476e-06
-6.583525212225918219e-06
4.754189007174429264e-05
-5.765939642269636003e-04
-2.523438300661249857e-05
4.981083739506772225e-06
1.224150220367706439e-02
-1.100369974385939469e-04
-2.592447921531579021e-05
1.042659133654880383e-04
-3.560943922872933300e-05
-6.919101360209480120e-05
6.299810888884972704e-02
-3.064774525448162555e-03
8.859577457789643965e-05
1.525586868726521315e-05
1.333651264738223085e-04
3.135528178454910465e-05
6.088699546139535467e-05
-1.581173446407536237e-02
8.008050436238527137e-04
-9.343824391316202943e-05
7.648088963272922883e-06
-2.817119404499515570e-04
-4.602522375815325560e-05
-6.108002492320207025e-05
4.179690094626718581e-03
4.060284322111732872e-05
-2.456749809700462482e-05
-1.084345709359797532e-05
-6.696887675886956646e-06
2.396695389093031134e-03
9.249038286996137908e-07
-5.414212869834023121e-06
-1.094213208652786097e-04
-2.034203253435419771e-05
-3.325506196846181872e+00
4.610003109235152330e+00
1.492328218821948882e+00
3.789266854322986822e-02
-2.043281701504470860e+00
2.509232473905330885e+00
1.331905837120736624e+00
3.618112500683188237e+00
-1.377119406804189997e-04
-6.622162856520215444e-04
5.422135426761066419e-05
-2.058529840735432955e-04
-1.428886129988031495e-03
8.456488527089437704e-05
-8.579033071220083285e-05
-3.215920275022079479e-03
4.256321092845317619e-05
4.707799651997094910e-05
2.752778501593231356e-03
-2.293252852975198047e-05
3.346941872575191469e-05
4.425002631446892966e-03
-1.322644337018250902e-05
4.184197958023129191e-06
-2.812304501581761648e-03
-4.725155500083590322e-06
2.842540849497214849e-05
-6.457979589010086341e-03
-1.844403164953476733e-05
7.089850579278476883e-05
4.078331364064128814e-04
-2.784624081046485275e-02
-1.800431137713156215e-04
7.565925221009826688e-05
4.060465403058710702e-05
1.264605717288280230e-04
-5.167567606303714346e-03
-5.910933398476475689e-05
3.989688679902311558e-05
-1.602318800126676133e-05
-1.917669488829213808e-05
-9.335257698710183044e-03
7.933282159871637667e-06
-1.530819771047502940e-05
-1.398020097303293903e-05
-3.706598239491302950e-05
-1.222115775037928634e-02
1.556030524978182475e-05
-1.336343624041312930e-05
4.408272234002578869e-06
8.556695020182318652e-06
3.880436057225862198e-03
-2.415505353016325117e-06
3.424516845284958830e-06
6.534254367810552524e-06
-2.404740512181345125e-05
1.891277857102549760e-03
1.488536966309747273e-05
3.374372399922050182e-06
-1.019322004186736311e-02
3.515640392834599862e-05
4.149857964826257015e-05
-2.008369368992950427e-05
-8.562173262870979992e-06
2.845128467001363162e-05
-5.246871313088308925e-02
5.847489729303432734e-03
-1.418460296902319999e-05
-3.502051153165290566e-05
6.975171844346021765e-05
8.438168019367188870e-06
-1.206747789015737631e-05
3.012731243071971321e-02
-5.195596852092108052e-03
5.020977064239421164e-06
4.136549556372202431e-05
-1.257285261199670638e-04
-9.627167393248462404e-06
4.821059487843924751e-06
-2.678445092078284018e-02
1.974778887907725877e-05
1.505899119441141256e-06
-6.346058817823300043e-06
-3.305493189225213900e-06
1.763868747098706934e-03
-1.032138168660670030e-06
-5.143098058022093464e-06
1.475210076837473754e-05
-7.099212118746855056e-06
-2.807484543765556229e+00
1.891726215308104031e+00
-3.524407649521403840e-01
1.605081725077533328e+00
1.362191218800643089e+00
9.458411685437957406e-01
4.257372717961660502e-01
1.670567018511120994e+00
-7.439451187479203035e-05
-3.022171460473210705e-04
7.865632176340724634e-05
-1.888945759789230285e-04
-1.962279568636600413e-03
1.937471925525260615e-04
-2.354807243102032324e-06
3.449529486573885140e-03
1.995234197834910884e-06
-8.243946689051449866e-06
-1.692428673674822468e-03
1.880807598414676295e-06
-1.170783143885032437e-05
-3.076448164100882045e-03
5.308131790533480369e-06
4.036684450902079880e-06
6.378797878814747822e-03
-1.220146131044445474e-05
6.099826720795452166e-05
-1.995612863011835621e-04
-9.376687061192225114e-02
1.673509685587110194e-04
-2.142919848153586825e-06
2.368845188358973856e-05
1.372054579593982664e-05
-2.108870058327241490e-02
-2.604275439624549734e-06
2.516667062854304694e-05
-2.789726378894109686e-06
-2.504573689342032197e-05
-4.363161698875850369e-03
1.601556870585110369e-05
-8.314518177092704315e-06
-3.263623936589351107e-07
-2.076043922962597535e-05
-2.620446648008693379e-03
1.153015924531531524e-05
-6.256358976728776333e-06
2.970619607973547970e-06
-3.559538310375628603e-05
-3.834351097007950558e-04
2.306069538406224200e-05
-6.470220528201391653e-06
-1.426015462041179310e-06
3.993819090446429766e-05
-5.418280488445497735e-04
-2.867503238594764178e-05
7.052407653005488920e-06
1.225539265262988974e-02
-8.048713619471001388e-05
5.265696532043717020e-06
9.418165986474816807e-05
-4.193995293672969464e-05
-6.956534020638762675e-05
6.292272350736956288e-02
-3.079871631384717163e-03
6.699055726891380187e-05
-8.988957718302660938e-06
1.190206136556964706e-04
3.691457680249041353e-05
6.233938064907183373e-05
-1.573307004193612649e-02
8.197907604256092365e-04
-6.937935217109519762e-05
2.967523001634903910e-05
-2.420858570086924298e-04
-5.370024992574367223e-05
-6.182185660613944496e-05
4.081669609392830911e-03
4.042451761366112537e-05
-2.780702670147639768e-05
-7.382834732506821378e-06
-4.274371220418474401e-06
2.384190931026069181e-03
1.029769750884811075e-06
-5.178281188995289110e-06
-9.268527017974920363e-05
-2.455187941747848099e-05
-3.325503937972718482e+00
4.609979204170159051e+00
1.492327778704645613e+00
3.790760085169789934e-02
-2.043292444985707057e+00
2.509250725691658523e+00
1.331905398353901981e+00
3.618104906161874634e+00
-6.068771164122119526e-05
-7.315668768306435830e-04
2.835516407144104308e-05
-9.538295012299872620e-05
-1.531945656535686328e-03
4.627284456919270549e-05
-4.978304805991236038e-05
-3.265631743588739803e-03
2.742649925096969892e-05
2.686258798922938631e-05
2.775363746882261208e-03
-1.460168981364975187e-05
1.488082296414553696e-05
4.439892040237133908e-03
-6.957222162165262685e-06
6.180432682425102876e-06
-2.808459143004172435e-03
-4.307338690927696518e-06
2.278920618017621867e-05
-6.436471587397403320e-03
-1.398084474432245585e-05
7.040445758821108210e-05
2.125016219896473451e-04
-2.761175902757618747e-02
-1.065851579434699993e-04
6.365141023164131795e-05
3.563713539948876500e-05
7.053512945092273384e-05
-5.087237751002416167e-03
-3.671522108742414874e-05
3.171539774327207165e-05
-1.290487724897050615e-05
-9.230659581999418629e-06
-9.343267294999756112e-03
4.413178512991450719e-06
-1.172971765381520493e-05
-1.143948292347309194e-05
-1.816413835439775341e-05
-1.224638378094725089e-02
8.783999828903023413e-06
-1.030199762632856267e-05
2.793660256690478248e-06
2.523045482341067822e-06
3.889633897347469747e-03
-7.100860798036016425e-07
2.254910597696758299e-06
1.896688704737245707e-06
-1.859515160897523569e-05
1.880273035013432705e-03
1.106924426403811594e-05
1.029579223163728688e-06
-1.018454305141564507e-02
2.272484205384836582e-05
8.018813652904824486e-06
8.003465268393769854e-06
8.546451910662790233e-08
1.916362995635403481e-05
-5.251709425894390132e-02
5.837512995617290430e-03
-9.863555698111651555e-06
-8.454025838730287027e-06
5.378667993945061192e-05
1.303533471776364424e-06
-8.506109628030528291e-06
3.018073646504255969e-02
-5.182219367347268117e-03
4.123397130203828052e-06
9.483726265621456451e-06
-1.088135247018891727e-04
-1.166402688363433011e-06
3.720832422658096423e-06
-2.685519140345459313e-02
1.473115941960369304e-05
-3.344377673300756323e-07
-4.150225968333780803e-06
1.695617504421662832e-06
1.763864844551684416e-03
-1.874329949385399676e-06
-3.507486662135921668e-06
2.417043572395106125e-05
-5.159999778441704366e-06
-2.807482816478631182e+00
1.891736709865836197e+00
-3.524395134560157072e-01
1.605085259334602110e+00
1.362191203242549387e+00
9.458413456144795228e-01
4.257372906730964024e-01
1.670565014457572994e+00
-2.550249780986293957e-05
-3.548802083198838216e-04
5.034099192188043091e-05
-6.329130736063505913e-05
-2.081997842289066980e-03
1.237919862848920220e-04
-6.745371241256267917e-07
3.458878395215568471e-03
1.249664973113400740e-06
-1.630584410879960390e-06
-1.692109304893033147e-03
8.972599537658643910e-07
-2.946443447859594468e-06
-3.081828540254629659e-03
3.056496370405885530e-06
3.420426841558346078e-06
6.391638467187699818e-03
-8.080014495352794618e-06
1.054222161994722192e-05
-6.154120877557362401e-05
-9.387955900565050915e-02
1.050830914317446997e-04
-1.090864956329393859e-05
5.456934430702075081e-06
2.496888685808662468e-06
-2.109697758073628832e-02
-1.156581726253824499e-06
1.378212737532618945e-05
-7.944601158039655853e-07
-6.749881094441868905e-06
-4.374219395843649029e-03
9.788418992575113799e-06
-5.344167621142201349e-06
-3.905836409703563549e-07
-5.256255844838999148e-06
-2.629080120782298878e-03
6.923297410753486613e-06
-4.288083861048539518e-06
1.155206682107464619e-07
-9.654052409800115028e-06
-4.014187923198547022e-04
1.411273283468662427e-05
-4.940949051317058562e-06
-1.605357816584026030e-08
1.137833723253779512e-05
-5.190033953022521723e-04
-1.774429150899979512e-05
5.120754637274561326e-06
1.226261710447866873e-02
-1.714142895809945281e-05
8.861308463373679669e-06
9.991387791319404979e-05
-2.834061371235888272e-05
-3.578748442048275267e-05
6.288345387807857401e-02
-3.088595702436356012e-03
1.466293684096902989e-05
-8.540417330180849557e-06
9.894269855652786496e-05
2.479026144026532242e-05
3.285962431722223311e-05
-1.568756041727460346e-02
8.311190269850287499e-04
-1.494917820055162901e-05
1.482959687825368740e-05
-2.038633334686085034e-04
-3.531253189908077313e-05
-3.215376819692791251e-05
4.023092867048422457e-03
1.498221404981908841e-05
-3.046671985236197323e-05
-1.553986639896229671e-06
-8.279665912693191983e-07
2.376087861623011038e-03
5.303722659660085859e-07
-2.503121526831945769e-06
-7.861480794515053746e-05
-1.758988835377848885e-05
-3.325503068134923357e+00
4.609971440350391525e+00
1.492327495669937942e+00
3.791252797513720157e-02
-2.043295632268334661e+00
2.509256669060377476e+00
1.331905385243230100e+00
3.618102531249887122e+00
9.824736576112155469e-07
-7.499812021296135443e-04
4.928691560119192370e-07
1.652368488684096935e-06
-1.560940969350945460e-03
8.287745214837728268e-07
8.919053098764831984e-07
-3.283195560251087747e-03
4.482205712258259514e-07
-4.119261798654041055e-07
2.783378877781320267e-03
-2.074769506828627183e-07
-2.059978118220299296e-07
4.443545820816587576e-03
-1.035131939423344842e-07
-5.495538058088581843e-08
-2.805694533244119070e-03
-2.840460981449035800e-08
-2.388216859756563709e-07
-6.426411858434845706e-03
-1.219086783746016244e-07
1.672959110157496903e-06
-1.259024238864411888e-08
-2.753600003779161504e-02
-3.264426336296519725e-08
-1.265868034711382428e-06
6.340868377752374782e-07
-5.393222391075614188e-09
-5.059762296412992875e-03
-1.171036226980257562e-08
-4.792496105477905749e-07
6.222310602334381916e-08
1.699482088007446201e-09
-9.345558442280603104e-03
1.900367431905503652e-09
-4.898844366563877093e-08
-2.636899164200135958e-08
2.834536351073014648e-09
-1.225398526408282181e-02
3.535692193768609491e-09
1.876309361903613315e-08
5.210419279862032542e-08
-1.769967887154444253e-10
3.891780054401629101e-03
-2.077557674405111910e-10
-3.961985571496361331e-08
-5.488774649770544248e-08
3.137346410475147495e-09
1.874379713319193662e-03
4.459002971012891970e-09
4.134369215598726212e-08
-1.018056521830057806e-02
-1.062880943763136192e-10
2.006339912406492756e-07
1.147726137995291797e-05
9.963134259781785182e-08
1.565015481920002592e-09
-5.253912054285880123e-02
5.833200198790347221e-03
-5.807941787789478531e-11
-1.054212501165568241e-07
5.297698453217297991e-05
-5.209260176620208586e-08
-7.870819947806164301e-10
3.020381021871033911e-02
-5.176678212854902636e-03
1.861781389967587698e-09
1.074260108566505780e-07
-1.090197484867189961e-04
5.320027076935409672e-08
-9.125654347813616014e-10
-2.688451055420703825e-02
6.499633480072060268e-08
-1.027024339219661436e-06
-1.587203578889493446e-08
-1.334640374123656704e-09
1.765352324299876863e-03
-1.212272224406040147e-09
1.184648020219265219e-08
2.774424889687084365e-05
1.498142867866396098e-08
-2.807482816349009980e+00
1.891736709041380138e+00
-3.524395132850190460e-01
1.605085258629670664e+00
1.362191203428180453e+00
9.458413458190754186e-01
4.257372906889413944e-01
1.670565014477288557e+00
5.703368081537280157e-05
-3.548796731356449905e-04
-2.022813966365802169e-06
1.409344861230503454e-04
-2.081996152897511946e-03
-3.881559754055869173e-06
1.475547251669120541e-06
3.458878358328748050e-03
4.414602322048969837e-08
1.514117260514561896e-06
-1.692108858439203729e-03
8.443106981946001671e-07
3.876051928831139369e-06
-3.081828135357498211e-03
6.564582457611752820e-07
-8.190553462364359629e-06
6.391638679382121574e-03
1.846574355473555441e-06
6.287185980549512719e-06
1.217844499961787726e-04
-9.387955505600037442e-02
8.225192564772434926e-07
9.497868925302964182e-06
-1.466906220825012544e-05
-2.253023567067046797e-06
-2.109697781527805627e-02
-1.585555051778247319e-06
-2.150974955954310224e-06
5.314608298938051020e-06
1.185579339630324651e-05
-4.374218840529481983e-03
9.600425379836544422e-07
1.288252685752160397e-06
4.094844401248303237e-06
8.626736892599293091e-06
-2.629079549282962742e-03
1.095803893053407749e-06
1.357139027844716000e-06
4.471489205978494156e-06
1.705200681475692803e-05
-4.014177512374802591e-04
1.313194168200200472e-06
1.966250591227617388e-06
-4.821744158372768425e-06
-2.105739233177827632e-05
-5.190043283170030263e-04
-9.906463354397870631e-07
-1.623738734471309375e-06
1.226261669361872197e-02
3.957101986755248615e-05
-2.902348211904156144e-05
9.991601101354860397e-05
6.392585743689949899e-06
3.030487705814538447e-06
6.288345524356396543e-02
-3.088595578601573306e-03
-3.580011909279135651e-05
2.570013879376692673e-05
9.894156537702510426e-05
-5.032781203418946746e-06
-3.701203324309388118e-06
-1.568756157840903165e-02
8.311189260459129601e-04
3.533589316060542496e-05
-3.794783526952820658e-05
-2.038627004654187350e-04
4.856264922346264538e-06
3.092399918038529991e-06
4.023094200121341002e-03
-2.261355478388654342e-05
-3.046674400705434574e-05
2.889237989057916579e-06
8.744551156402042018e-07
2.376088290658469673e-03
4.528020462698267279e-07
3.917965749127379953e-08
-7.861470976620071774e-05
-4.085803215446797420e-06
-3.325503837864590029e+00
4.609976082537142084e+00
1.492327920204096214e+00
3.790944026194650873e-02
-2.043294278630656713e+00
2.509253088454473257e+00
1.331905156562752213e+00
3.618103783389722494e+00
-1.370849357410363395e-06
-7.464232032120904576e-04
-5.847594595490425842e-06
1.123423929098210586e-05
-1.551683360070729191e-03
-1.521887185257430788e-05
3.278006026459801421e-05
-3.270035827336387462e-03
-2.021476759273112682e-05
-1.652981269329262690e-05
2.777316111432713910e-03
1.043752186700715344e-05
5.902637661342332772e-08
4.443511428339056747e-03
1.589013076806286163e-06
-1.193180711830983579e-05
-2.810120075822178549e-03
6.147563464927086711e-06
-2.798987693901764092e-05
-6.438054209736151536e-03
1.532687213175643978e-05
-1.013797497498972774e-04
-7.914030419798645294e-05
-2.758033988940956222e-02
6.166299677748400510e-05
-8.569067875421155578e-05
-4.601148075618712220e-05
-3.732264145811165011e-05
-5.078701701174245971e-03
2.552159436311638374e-05
-3.928370374460980410e-05
1.575000750893320637e-05
1.639463762644804022e-06
-9.344758048689149818e-03
-1.855148722224341925e-06
1.317948665499927850e-05
1.404530404406330795e-05
4.045638604934753929e-06
-1.225053293728797787e-02
-4.027068281662375085e-06
1.185139682592444452e-05
-2.105346604239717158e-06
3.661752253474695630e-06
3.892043618882843822e-03
-1.370358245210819390e-06
-2.003389710717861166e-06
2.687604482924490574e-06
2.134758255690617470e-05
1.882141166084936321e-03
-1.198373778871114726e-05
1.718667310782660514e-06
-1.018505898709828536e-02
-1.897852715919742518e-05
2.973193039484958657e-05
1.972140885056781817e-05
-1.246000455910053968e-05
-1.703773839201461204e-05
-5.251440415127308498e-02
5.837731270973240023e-03
9.512018992200654496e-06
-2.036710814014790856e-05
4.550270005762910687e-05
8.216980777057180120e-06
8.313390697988911308e-06
3.017962726432768528e-02
-5.182168443055084825e-03
-5.052336754137201570e-06
2.545387247419809415e-05
-9.853937139527187659e-05
-1.040315281730194271e-05
-4.255881508927473583e-06
-2.685549305612652815e-02
-1.587994896469975716e-05
-4.210375300994947171e-07
3.589680673758874816e-06
-8.855276287528629668e-06
1.761699219370693520e-03
4.265684483677370787e-06
3.260253847717253437e-06
2.462909853695350668e-05
5.380712662389999783e-06
-2.807485770433030492e+00
1.891727666713846956e+00
-3.524422122046800832e-01
1.605084307340841399e+00
1.362190029524610324e+00
9.458397414002442938e-01
4.257373476065215989e-01
1.670567579872569208e+00
1.224661148083872736e-04
-2.932260657715904319e-04
-4.797801024435392921e-05
2.985298964151556064e-04
-1.943700957811388824e-03
-1.144940913483357748e-04
2.845986596659186897e-06
3.448235405401929056e-03
-9.040327492163953671e-07
-3.980548417217572827e-07
-1.695446213022188189e-03
2.269784649973327217e-06
4.915132916983000513e-06
-3.079040810737491366e-03
1.206078118413083377e-08
-2.321141851906832100e-05
6.372834305723313816e-03
1.249577601260067308e-05
4.616620031980335254e-05
2.397419568071334627e-04
-9.377024148116132329e-02
-8.152275993613151560e-05
5.193782344976495292e-05
-2.483163654707699116e-05
1.803957845872560277e-06
-2.108156286902933621e-02
-4.576542077420553759e-06
-1.258320468399254496e-05
1.158850402962843343e-05
1.983424906075887404e-05
-4.367097523875099023e-03
-4.522577476355093727e-06
7.841108156058404326e-06
1.008147787677899985e-05
1.285563208701096509e-05
-2.624707898445145099e-03
-1.753170274333419230e-06
7.631692808518687702e-06
1.280486855430158869e-05
2.880792818209755774e-05
-3.883638403662031339e-04
-6.773522668889857336e-06
1.073439523853137084e-05
-1.244618625456993443e-05
-3.808070635383515836e-05
-5.384638741592830298e-04
1.080722131230988856e-05
-9.634890901879490183e-06
1.226016491959973191e-02
5.755738951447345541e-05
-8.336779813992854131e-05
7.113406904321790698e-05
4.496513025603620267e-05
2.104817123317302561e-05
6.289696121131971296e-02
-3.083410409403629891e-03
-5.533945628527624526e-05
7.115897969911466560e-05
1.364013048880961853e-04
-3.730650097394634608e-05
-2.353261126443882659e-05
-1.571450472725412911e-02
8.235991115089802720e-04
5.269053335623126970e-05
-9.484600434473383472e-05
-2.596645036621572276e-04
4.512404842323235329e-05
2.063415945241303743e-05
4.061887278271693151e-03
-4.953503179205116184e-05
-2.708104676773573146e-05
3.556957320519180555e-06
-3.121580956005009198e-07
2.382539812987150615e-03
1.276281675611979272e-06
5.765210724855706378e-07
-9.635299925854155496e-05
7.957444829852886075e-06
-3.325505519730027171e+00
4.609981967143232495e+00
1.492329176840911265e+00
3.790512546972985009e-02
-2.043294120977335648e+00
2.509248476286646490e+00
1.331904199438508796e+00
3.618104896460104580e+00
-5.415754439258391271e-05
-7.629449039752262633e-04
6.388782183494418202e-06
-5.562073776395904794e-05
-1.562780247397460315e-03
-1.461345512318846936e-06
3.066627617781237075e-05
-3.245966115449812339e-03
-2.415483999203921569e-05
-1.411692611779257728e-05
2.766074004584808104e-03
1.212735307141897537e-05
1.259565371843959188e-05
4.449527145731191867e-03
-1.276479937633050550e-06
-2.137098046609435450e-05
-2.823537897751289202e-03
9.921457292935532095e-06
-4.319780450040873471e-05
-6.468666371499500085e-03
2.260078090344339418e-05
-1.716880659238831873e-04
-3.535151644283361296e-06
-2.763376708210350113e-02
5.557846784438537260e-05
-1.339090966614407143e-04
-7.470153213156082242e-05
-2.581771751936180067e-05
-5.109801934375703299e-03
2.812569495759369232e-05
-5.974491744874076008e-05
2.444257362491179244e-05
-3.838273569941454569e-06
-9.345338416848250271e-03
-8.466709260920951077e-07
1.964790043672769602e-05
2.200969921399783356e-05
-5.729307833761920823e-06
-1.224923409230871570e-02
-2.384372841902215918e-06
1.772585972054762160e-05
-2.510420746650544818e-06
1.018226117353918092e-05
3.896749298631856789e-03
-3.350824464900234217e-06
-2.551399189560158729e-06
7.649896990211602069e-06
3.234635820149164620e-05
1.903946714021490481e-03
-1.742849713028006683e-05
4.340309448931992200e-06
-1.019671539862756701e-02
-2.374665142879273008e-05
7.204110024671707933e-05
5.921646024944582452e-05
-2.609083882860750893e-05
-2.235854816505900391e-05
-5.245060077081027672e-02
5.848974527516972652e-03
1.320702169363921908e-05
-5.181446141682436108e-05
1.357245909189931437e-05
1.812496609636478400e-05
1.156804950358307518e-05
3.011963348547763014e-02
-5.195255056976971070e-03
-7.985675083257567447e-06
6.395359690739523179e-05
-5.598328930530140427e-05
-2.260981936569623967e-05
-6.426988221950074491e-06
-2.678623357779419054e-02
-2.344670370515915210e-05
9.021082603358416919e-07
4.587835129407594999e-06
-1.839790867638454384e-05
1.749093257956091559e-03
7.676711524848482644e-06
4.359742469272017594e-06
1.778655465899218617e-05
7.619765822930443017e-06
-2.807490904649331043e+00
1.891716046917438554e+00
-3.524471602278886340e-01
1.605084995815556859e+00
1.362187438608827961e+00
9.458363557557594170e-01
4.257374872040497471e-01
1.670571640735326380e+00
1.289948634210595353e-04
-1.991161238652671599e-04
-6.171601705499222819e-05
3.106855545783794191e-04
-1.733808605283439349e-03
-1.465225811474779908e-04
2.694047200047060377e-06
3.432187654872495379e-03
-1.108492068791737451e-06
-4.271496810167995184e-06
-1.702536142730722794e-03
3.766435580408891130e-06
1.353962248773375317e-06
-3.077165867524345524e-03
8.843457764707746433e-07
-2.952743115301452938e-05
6.341649334890070953e-03
1.707903388320006883e-05
8.568935562254543505e-05
2.288703397777723200e-04
-9.361862392154743362e-02
-9.961480950229818646e-05
8.180557069685845720e-05
-2.081991392402711991e-05
8.697151899078359475e-06
-2.105421532240225879e-02
-7.350237254155065670e-06
-1.282186404440542938e-05
1.330352792943431420e-05
1.500885836147214001e-05
-4.360139616910071493e-03
-4.531993944393141057e-06
1.018284802333923540e-05
1.260359016311961113e-05
7.631286906245359012e-06
-2.621898007225550130e-03
-9.637417384388149251e-07
1.032755337458334701e-05
1.757197927535946041e-05
2.213512187866861986e-05
-3.738291541519980256e-04
-6.912553377143944213e-06
1.514471911169129027e-05
-1.627578250813005911e-05
-3.256387695113619271e-05
-5.632825789224466754e-04
1.224555926396041450e-05
-1.339509952464973806e-05
1.226038267866143804e-02
3.625735502154711523e-05
-1.090367528910744538e-04
1.230744218918406168e-05
6.238250251928172043e-05
1.397247562425681122e-05
6.289604325634942650e-02
-3.078859112799329969e-03
-3.976021619420288573e-05
9.086202808478254487e-05
2.027521695481232619e-04
-5.132840976617668576e-05
-1.988331107679111926e-05
-1.573793060202420546e-02
8.159776508585227413e-04
3.529346876025006054e-05
-1.129433910376075875e-04
-3.519701354909879560e-04
6.072526940099189026e-05
1.555993814930948984e-05
4.101034541745605770e-03
-5.004911680642632198e-05
-2.168597665349014016e-05
1.092472623238365686e-06
-2.608563673502228429e-06
2.390167300592059389e-03
2.219298537068011836e-06
-6.318888684057606502e-07
-1.243854080082660305e-04
1.220636320283392920e-05
-3.325507009229725863e+00
4.609981017473620213e+00
1.492330766383355822e+00
3.790482255293665254e-02
-2.043298033028688288e+00
2.509249037323519449e+00
1.331902689557632469e+00
3.618103534162010249e+00
-9.431879545918414533e-05
-8.128844483197615687e-04
1.280186711288008450e-05
-1.147346049885672892e-04
-1.618142277152211268e-03
1.018445031730741594e-05
8.056153362683838562e-06
-3.231418453439550888e-03
-1.492672396487236417e-05
-1.621981453728387612e-06
2.759041144807281454e-03
7.282242146284147070e-06
2.232875748412875655e-05
4.463712647341070393e-03
-2.882857585529266150e-06
-2.102375120254980232e-05
-2.840852864596402766e-03
7.853649991897252941e-06
-3.697362422639768360e-05
-6.503252821990429880e-03
1.685095975965153725e-05
-1.610225481124744930e-04
1.082737279123822781e-04
-2.761807641415827547e-02
2.318715912962366271e-05
-1.090371073984610484e-04
-6.731841550702590265e-05
7.849898654130269004e-06
-5.122477029681875293e-03
1.609300346149355982e-05
-4.748305724864085179e-05
2.115668737747463033e-05
-9.228148839490784894e-06
-9.349229349296850691e-03
3.403240561046838113e-07
1.521723153091755140e-05
1.920448041146439162e-05
-1.610706732018290274e-05
-1.225713221540127018e-02
5.963617758335836600e-08
1.380804704536887274e-05
-1.411051170709089855e-06
1.293054022509222307e-05
3.906902395763160382e-03
-3.200167175256898652e-06
-1.695523012113912325e-06
9.904379930904030883e-06
2.700899031390900187e-05
1.930282361037123553e-03
-1.291509335956570320e-05
4.651463080319754268e-06
-1.020971276939668278e-02
-1.508982165097409668e-05
8.604201184693134120e-05
1.253395171616095713e-04
-2.346805777757721004e-05
-1.521059809620777165e-05
-5.237983717079938706e-02
5.860896892417236451e-03
9.890089954525706082e-06
-6.337023357236317681e-05
-3.730016708824995938e-05
1.665735094798831805e-05
8.366028300279712923e-06
3.005618040014553655e-02
-5.208450804963084789e-03
-6.958373406018789347e-06
7.776793917252650785e-05
1.016675648965578629e-05
-2.067571377929792287e-05
-4.994538133501928370e-06
-2.671647180843748567e-02
-1.877930118045532549e-05
2.017724156216132877e-06
2.983976957186522467e-06
-2.015970971181759225e-05
1.731311972636804999e-03
6.488265277127510994e-06
3.034924754074521278e-06
1.180755331749988178e-05
5.317319665698346875e-06
-2.807495723383564457e+00
1.891708284980135435e+00
-3.524520020032291812e-01
1.605087439079890821e+00
1.362184584886158456e+00
9.458327205206594757e-01
4.257376493267776008e-01
1.670575146069457340e+00
7.520176765372399463e-05
-1.208158754988313650e-04
-3.927090816269155509e-05
1.788360413144836336e-04
-1.560245581451073955e-03
-9.232522180331887015e-05
1.394772250284324712e-06
3.419051055813642111e-03
-6.344992478322804312e-07
-5.036790045176392908e-06
-1.710165832619254395e-03
3.248371526955730932e-06
-1.818426984711478324e-06
-3.077664037083966461e-03
1.376354744008042806e-06
-2.026532771078989434e-05
6.313529550036061852e-03
1.211072576077770097e-05
7.503295049810006375e-05
1.171749239418363694e-04
-9.350567805341995775e-02
-5.819226689818894865e-05
6.472219931371799050e-05
-8.793612853564829421e-06
9.531011720659925113e-06
-2.102813848433568097e-02
-6.213845543058343045e-06
-6.096519348665803767e-06
8.656977648875256612e-06
4.835724623767629737e-06
-4.357759453944583423e-03
-1.569827376101653251e-06
6.741913299369899976e-06
8.757796185788608277e-06
5.428060312624587473e-07
-2.622930586885873980e-03
7.102758565453514501e-07
7.193893950991074428e-06
1.304386757443854121e-05
7.447750755841044698e-06
-3.664351872567137404e-04
-2.568235096165393002e-06
1.099143700369098576e-05
-1.177116801104196811e-05
-1.392233505738276497e-05
-5.796832913614619748e-04
6.114575724701418988e-06
-9.501323713915078416e-06
1.226414739989820611e-02
5.687783607354163456e-06
-7.733965935084964789e-05
-4.961431664573644901e-05
4.456840659190345374e-05
-2.539854729844922589e-07
6.287595417807066711e-02
-3.078037217388934158e-03
-1.153258254452070643e-05
6.320472032647527958e-05
2.658907188891489106e-04
-3.629086456375155666e-05
-5.681239858470277223e-06
-1.574190271187079007e-02
8.130112178645433401e-04
7.838032220613162652e-06
-7.413643940454747966e-05
-4.349401849766128909e-04
4.163678027552963250e-05
2.330961782147448810e-06
4.116111739126915477e-03
-2.735705376230048491e-05
-1.705471895705263082e-05
-1.100631213210602602e-06
-2.956235307281177699e-06
2.394608784746006785e-03
1.934490099374378870e-06
-1.394800281358878790e-06
-1.484571280572834239e-04
8.046093046759437357e-06
-3.325507652953972215e+00
4.609975391484569585e+00
1.492331857477903645e+00
3.790767029653149128e-02
-2.043303154263798493e+00
2.509253212639636743e+00
1.331901476087451686e+00
3.618100957376738869e+00
-6.356534807329530324e-05
-8.643554375207254063e-04
-7.893562432949184483e-06
-8.173641587687137009e-05
-1.680604947936524454e-03
-1.169579370921476081e-05
-5.867235788277049371e-06
-3.230839446178317489e-03
-4.731514505985165312e-06
4.654021610950732727e-06
2.758467916238890871e-03
2.634622959066580711e-06
1.516106739434425672e-05
4.477343112000198994e-03
1.932178359627312029e-06
-1.010387616189276613e-05
-2.852939481828156883e-03
2.059420766443692402e-07
-1.530735312132548581e-05
-6.524539613564197919e-03
1.560402670647983878e-06
-7.679003569705300839e-05
1.030851201201656790e-04
-2.755799990102491062e-02
2.441690937913708825e-05
-2.150103281096775871e-05
-3.074873568281316232e-05
1.899550086453576976e-05
-5.115386223637440576e-03
7.552728121224480209e-06
-9.383385942511550997e-06
9.340520157407814956e-06
-6.930525473600172333e-06
-9.353774340079537911e-03
-1.153236442757836017e-06
2.880440649608068385e-06
8.519333740679111103e-06
-1.252365433944863578e-05
-1.226820677153957553e-02
-2.225923553714033039e-06
2.659920172530374391e-06
-1.759981166755345133e-07
7.531211605676006463e-06
3.916357219543769100e-03
5.217232738476418087e-07
-3.875885936930345985e-07
6.130907406351900691e-06
1.073965471796795433e-05
1.947614406704493073e-03
-1.408901329761882869e-06
8.022311421607103315e-07
-1.021760797066301879e-02
-3.657467182012943393e-06
4.833622269673824677e-05
1.802807157827333796e-04
2.629804108829418344e-06
-3.122287027044466057e-06
-5.233715497460060539e-02
5.867710523114982694e-03
3.489569730990161722e-06
-3.611494848593272561e-05
-7.843204883437428568e-05
-2.191519119512329261e-06
1.655070366108765715e-06
3.001999796462174325e-02
-5.215500507614848243e-03
-3.048887901189774121e-06
4.412702134382200689e-05
6.288266394025097527e-05
2.594633830994361421e-06
-9.433968567566165948e-07
-2.667917435505521087e-02
-6.674564256584144784e-06
2.427149185526158689e-06
7.349094242354539134e-07
-1.056686626695976268e-05
1.717991273506794779e-03
-2.201248697065550694e-07
6.572602715794368436e-07
9.339266125867609424e-06
-1.740536968609801525e-07
-2.807497654365054274e+00
1.891706233424150341e+00
-3.524540084886643165e-01
1.605089024009410670e+00
1.362183298489294536e+00
9.458311090148616707e-01
4.257377248088078936e-01
1.670576448304409434e+00
6.314098089334794414e-07
-9.283677616332971041e-05
3.036571109912334832e-07
1.921374204595755497e-06
-1.498655166633644812e-03
9.307313119251076942e-07
5.210430025821865993e-08
3.414418344751212614e-03
2.569213915392988204e-08
-7.359970602370946089e-08
-1.713555545091948644e-03
-3.502176785521040454e-08
-2.289287531826442077e-07
-3.078621908173654904e-03
-1.122967180738265702e-07
4.839394517160924513e-07
6.302624567376242069e-03
2.430574866350193763e-07
2.511918524200643790e-06
-1.205502544078991638e-08
-9.347023836785536832e-02
-1.472061517749872165e-08
-1.914353738719238062e-06
-1.323926333102319366e-09
-2.045694125969362482e-09
-2.101754895870105652e-02
-3.630536425134118501e-09
9.881376527624427963e-10
3.429936264310642789e-07
1.313256736252234924e-09
-4.358200464407280435e-03
1.371142892039356449e-09
-2.614406972646053414e-07
2.202389530096505434e-07
9.208396919176937192e-10
-2.624576597580165899e-03
1.688649181403889718e-09
-1.678167305925462391e-07
2.965604503448055080e-07
-4.408531752358556226e-10
-3.655672972365130906e-04
6.981578008926173385e-10
-2.259330010792599889e-07
-4.691431605248375016e-07
2.727355433850807500e-09
-5.839441963653750015e-04
1.343991531837285621e-09
3.575438740267447293e-07
1.226680388887790678e-02
-1.871237045714642082e-09
-4.267823655187308287e-08
-7.666598305219272111e-05
-7.138569001650093161e-09
1.160945505198967069e-09
6.286168256158308765e-02
-3.078864671176493022e-03
-3.535506574896028845e-09
-3.942041421352609837e-08
2.915317269506676151e-04
-3.061208091196428486e-08
2.739097776504158353e-09
-1.573747102789418637e-02
8.132401900582500757e-04
8.477002428040600061e-09
5.029721521918549423e-08
-4.670059163238358653e-04
3.669137984820543194e-08
-6.634151362993824043e-09
4.114847047195338385e-03
8.760613993203519009e-08
-1.533044950733866994e-05
-6.672329790926721077e-08
9.073298261972322205e-10
2.395429022019865233e-03
1.204113537752526642e-09
5.094061255268819877e-08
-1.574351113768191032e-04
2.748482881674180072e-08
-3.325507653002226061e+00
4.609975391790618993e+00
1.492331857520625027e+00
3.790767014007269398e-02
-2.043303154238791830e+00
2.509253212516991738e+00
1.331901476080514346e+00
3.618100957429875031e+00
4.054129382467038819e-05
-8.643546445773884384e-04
-5.121337229317800158e-05
5.421883681060378322e-05
-1.680603738461947105e-03
-6.512931730521041949e-05
8.752137552133259756e-06
-3.230839016352952953e-03
-2.826025944819062025e-06
-5.404125063738582690e-06
2.758467618804665185e-03
2.764025944466484562e-06
-9.657790655955114959e-06
4.477342927927478386e-03
1.218662982833556282e-05
4.772862476709945230e-06
-2.852939505016924195e-03
-8.844105813547028667e-06
5.850467893861010298e-06
-6.524539795312153147e-03
-1.400324076929257789e-05
2.345736642485113369e-05
-7.275079616038792186e-05
-2.755800237763720087e-02
7.705243688642010081e-05
7.675948337731879122e-05
8.646446571943590024e-06
-1.605395582297141041e-05
-5.115386407246060203e-03
1.267292035816168142e-05
3.113197483719731075e-05
-2.050303932811875527e-06
4.470152286941901401e-06
-9.353774141399517558e-03
-5.424448654281728021e-06
-9.542653305050861410e-06
-2.021360155294106167e-06
8.200112304992268828e-06
-1.226820645240101273e-02
-9.731156797953787032e-06
-8.697018322193649612e-06
-1.342290414869839048e-07
-4.221348547865413305e-06
3.916357032199268944e-03
6.259912003160907046e-06
3.313522542151245406e-07
-2.492813003863879936e-06
-4.150071148411536284e-06
1.947614432291301136e-03
1.000212992290559621e-05
-5.694026861957679123e-06
-1.021760824412256720e-02
-8.680106013853311809e-07
-2.608221826810959559e-05
1.802800812827094062e-04
4.051081180028663062e-05
4.724938675077859342e-06
-5.233715324492655557e-02
5.867710790796241797e-03
-3.160479871548148898e-07
1.976948873738517754e-05
-7.843179900327885848e-05
-3.016041600153306242e-05
-3.847497714252132037e-06
3.001999640697082181e-02
-5.215500776057273649e-03
7.143591170520744461e-07
-2.412463170939459702e-05
6.288240428821618468e-05
3.689568165720419812e-05
3.110307649515472704e-06
-2.667917254982852052e-02
3.603833889437128422e-06
2.427175158166831310e-06
1.660257072132464238e-07
5.476821782432438531e-06
1.717991414070592360e-03
-9.038690623223284592e-06
-9.599232665320529703e-07
9.339087934223330124e-06
-5.719810646150913039e-06
-2.807495831618152859e+00
1.891706602911246149e+00
-3.524520162439337967e-01
1.605086631725848534e+00
1.362184724176487061e+00
9.458328593745277679e-01
4.257376378217899160e-01
1.670575370616507627e+00
-4.526409554800961421e-05
-1.142627993120486627e-04
3.024042444537639331e-05
-1.017156266493376564e-04
-1.545143692018373935e-03
6.955747179257645374e-05
-3.375822842270298268e-07
3.417854886068220650e-03
3.661469827322190512e-07
8.366205626592741287e-06
-1.709862240615948751e-03
-4.487399369889228901e-06
6.098341005429777005e-06
-3.076583347796530213e-03
-3.194004377099225181e-06
2.034670264533123955e-05
6.312356307420650438e-03
-1.132769949393320812e-05
-9.380197378425996597e-05
-3.881594515467934813e-05
-9.348898069600265759e-02
3.179819285885261579e-05
-8.207052672523301533e-05
-1.470342243850075655e-06
-1.539985282319795181e-05
-2.102777175516473696e-02
8.180023798169262344e-06
2.700967107982128203e-07
-6.496989321704030410e-06
5.275015680290358257e-06
-4.355705840209726093e-03
-1.827858016381300418e-06
-6.429527327898966807e-06
-7.929559106837602884e-06
7.929962882577932403e-06
-2.621191983883761935e-03
-3.556532192251123724e-06
-7.310080363982051404e-06
-1.336607976796253669e-05
6.898707648180428516e-06
-3.632679880572673684e-04
-2.256441020237822547e-06
-1.196352108160422039e-05
1.106150211243699100e-05
-2.019314805092399973e-06
-5.833730717031738750e-04
-7.477139061892134996e-07
1.034750088838851313e-05
1.226255267518724587e-02
2.884164379744991814e-05
7.711180837426332151e-05
-4.777800461159501660e-05
-4.454818311266928177e-05
1.988192353190228076e-05
6.288475024385650758e-02
-3.076356690821239765e-03
-1.719705199903458277e-05
-6.136902444660484392e-05
2.667690186279968027e-04
3.559116154255204556e-05
-1.062765368724599885e-05
-1.575063922009313153e-02
8.109228280449409364e-04
2.179641861794849849e-05
6.418656827812735312e-05
-4.384043278504666497e-04
-3.818660983919798318e-05
1.447233382923558624e-05
4.126835446662964133e-03
1.319532512955630551e-05
-1.672880969834961460e-05
4.320731450166431317e-06
4.766219155159556785e-06
2.395970423090476153e-03
-2.571835466725220501e-06
3.398414826643697327e-06
-1.500160375872564358e-04
-6.085501763634404967e-06
-3.325507751245587063e+00
4.609989915014646833e+00
1.492330828901810680e+00
3.789932085193835343e-02
-2.043293815659577461e+00
2.509242255083965034e+00
1.331902946544041288e+00
3.618106427236139844e+00
1.577349224053461736e-04
-7.841805434058979601e-04
-8.574017006443954332e-05
2.149214576163365864e-04
-1.576674740541188398e-03
-1.100409626662350132e-04
4.472413224252006294e-05
-3.213996025808074208e-03
-7.229746425400947868e-06
-2.662904739268925897e-05
2.751155172876267041e-03
5.877678607365629047e-06
-3.777484564274450360e-05
4.457334177075172529e-03
2.041612230622872546e-05
1.453150449257237013e-05
-2.841184499202106806e-03
-1.393216814529392907e-05
1.315264009423990603e-05
-6.509016682343327954e-03
-2.138305624693858639e-05
7.712996506894892175e-05
-3.213569176300079674e-04
-2.770570082358617472e-02
1.344859807377933288e-04
1.282862012803408897e-04
2.584436986230336357e-05
-7.879578635411897995e-05
-5.151387280318942864e-03
2.388082209960269267e-05
5.083851002967425286e-05
-5.641918555644465658e-06
1.847513054225488786e-05
-9.346021671709718592e-03
-9.187919583280257941e-06
-1.505702660363505284e-05
-5.628395059314041010e-06
3.429998217603348826e-05
-1.224731093971623275e-02
-1.656254975783154516e-05
-1.383658683213012490e-05
-1.437220233789782625e-06
-1.538830296147854879e-05
3.902869103701751829e-03
1.020447357092023516e-05
1.692181268427652850e-07
-1.095151288111128459e-05
-8.134559413830712375e-06
1.932703675023933042e-03
1.519893517816432926e-05
-1.065995881012605617e-05
-1.021208514892949816e-02
-9.496419212967150753e-06
-9.309610285198753783e-05
1.107808249424848128e-04
6.561395404471926686e-05
4.761223491782342525e-06
-5.236640144717111950e-02
5.863840305272550665e-03
1.161153401622411503e-06
7.121090947351001578e-05
-2.820597153497102173e-05
-4.896500792764870704e-05
-5.369455471436207511e-06
3.004043108348980126e-02
-5.212585157945688261e-03
1.985960591131187619e-06
-8.652214598042719165e-05
-2.191079421450556168e-07
5.984196102061104986e-05
5.005850350487571964e-06
-2.669472854065269712e-02
5.608767515241189656e-06
2.650620247486146034e-06
1.746435526665556598e-06
1.821445006262210098e-05
1.732381597066822050e-03
-1.441375256264926138e-05
-1.031106439315760674e-06
8.721364193790588439e-06
-8.610066918751507544e-06
-2.807491638885318608e+00
1.891704650177957081e+00
-3.524472578301140469e-01
1.605079526279250324e+00
1.362188382103650008e+00
9.458372963020369451e-01
4.257374092430196710e-01
1.670573162011081747e+00
-4.090737890059418852e-05
-1.546147220544825235e-04
3.562196503786957901e-05
-8.496206242742594433e-05
-1.631183100434950963e-03
8.014504117505225859e-05
2.949450842915435908e-07
3.424089828517321108e-03
2.742095216940969411e-07
1.464734976509126476e-05
-1.700486879942124559e-03
-7.073937268971004930e-06
1.252715394558430472e-05
-3.069872721790128933e-03
-5.519161638724325398e-06
2.781869767050641258e-05
6.333765700791314616e-03
-1.577714572583941712e-05
-1.527387333441434950e-04
8.813274117434478764e-06
-9.350576411058447723e-02
2.643335648087169996e-05
-1.241906337363802020e-04
-1.047619059862318729e-05
-2.650029615110949542e-05
-2.105170194554311508e-02
1.282375244188325430e-05
-3.890380114924055899e-06
-8.097258588932399132e-06
1.563788798490699976e-05
-4.346252138639580820e-03
-4.897726375582957075e-06
-8.300201734418549790e-06
-1.096249441216025792e-05
1.804085961504006558e-05
-2.610135668597508493e-03
-6.934369383398731072e-06
-1.002616180867656014e-05
-1.972415338740061649e-05
2.134312422428985006e-05
-3.524015181201087363e-04
-6.467668374989130959e-06
-1.706829109455871882e-05
1.596843144323970958e-05
-1.577842788216711337e-05
-5.882359151769333628e-04
2.636913393190705966e-06
1.445778756019922603e-05
1.224971688305124401e-02
6.898151925433914766e-05
1.086906028473744824e-04
2.444636685973564007e-05
-6.235512891699908702e-05
4.228051016262530823e-05
6.295430574076628372e-02
-3.067528011291042675e-03
-4.775595308571200891e-05
-8.515580776995390578e-05
2.087136847975179456e-04
4.950681334815120279e-05
-2.682971503339850843e-05
-1.579686692822509023e-02
8.018460860346098224e-04
5.500172819397871932e-05
8.260265288922996347e-05
-3.754206740504579805e-04
-5.129869373840812563e-05
3.260207219958875948e-05
4.173731072238627375e-03
7.073651861450646412e-06
-1.949607144913531232e-05
8.736327782876317298e-06
8.019546540616019842e-06
2.399209594173964174e-03
-3.959644705649537078e-06
6.086762420309305464e-06
-1.351511874128446232e-04
-7.509059384483895388e-06
-3.325508478864882544e+00
4.610017373444873279e+00
1.492329430870546592e+00
3.788322823972262166e-02
-2.043277351307219547e+00
2.509221486583226746e+00
1.331905216719540208e+00
3.618116405339257824e+00
2.095856184913301521e-04
-6.487440017481492949e-04
-7.624647462558144641e-05
2.909355045939131809e-04
-1.397711254082854631e-03
-9.813146156422284977e-05
7.317067403621168459e-05
-3.176464886428586286e-03
-7.145427217136185285e-06
-4.236764519184678987e-05
2.734609607956438922e-03
5.588184051237945934e-06
-5.032401625649323676e-05
4.424161825746266742e-03
1.816057734538776460e-05
1.437574668149330997e-05
-2.824926068377473995e-03
-1.213648049676747469e-05
5.817655177959837980e-06
-6.491760106719679166e-03
-1.841955324127914130e-05
6.350902882771478325e-05
-4.635285657566534374e-04
-2.798236700716290673e-02
1.214819846019614565e-04
1.102340743839443185e-04
1.612869419006773949e-05
-1.214044402520371289e-04
-5.224885353467083153e-03
2.212965387640084060e-05
4.262861709780781626e-05
-1.278588339007150519e-06
2.543061040963152071e-05
-9.332587205007658246e-03
-8.224509511860966717e-06
-1.226503116934388709e-05
-1.908173585969680354e-06
4.761488058113053730e-05
-1.221017887359096207e-02
-1.484136338104769213e-05
-1.133466265750264506e-05
-2.931339837251143767e-06
-1.899830994863201697e-05
3.880735455450553314e-03
8.996046975677613410e-06
-2.390980178517715905e-07
-1.409237167720216519e-05
-1.720249461689820686e-06
1.913674667518423323e-03
1.303731658109396687e-05
-1.026401914981526012e-05
-1.020623111850004795e-02
-2.124574055212219919e-05
-1.120683623252401352e-04
1.525547514648415825e-06
5.780260819325462899e-05
1.285433760202278321e-06
-5.239691721980720834e-02
5.860719261341483521e-03
5.648173284256553204e-06
8.664735776923533823e-05
4.961004782800014024e-05
-4.314775453228902402e-05
-3.641656041647534981e-06
3.005665028494407254e-02
-5.211724279562123495e-03
6.145772164733541460e-07
-1.048891426935869589e-04
-9.712964988412497395e-05
5.269605273588358362e-05
4.084551099801374900e-06
-2.669930232338897300e-02
4.727436709219835661e-07
3.402482322823173370e-06
3.898427573750689500e-06
2.038647583578641004e-05
1.753347849052477782e-03
-1.255641802298280398e-05
-3.114187890079656763e-07
5.398616451569893012e-06
-8.187753034192488528e-06
-2.807487622911590375e+00
1.891698924481105992e+00
-3.524424594420279000e-01
1.605070513571285273e+00
1.362192409008043725e+00
9.458421131973160367e-01
4.257371511110500939e-01
1.670571416454666558e+00
-7.294880720468526715e-06
-1.809538445236273001e-04
2.215825906369306813e-05
-3.605055350865408092e-06
-1.684757297626988211e-03
4.881673415323974866e-05
1.040931272738239823e-06
3.427815990096124300e-03
7.938339031410665928e-08
1.405937802170342975e-05
-1.690280847836940579e-03
-5.547344345596549688e-06
1.344737889455366656e-05
-3.060660176104251610e-03
-4.605820576337921369e-06
2.065140577653018074e-05
6.352979647283039585e-03
-1.120394637772656918e-05
-1.372417223661119914e-04
7.202594276123504800e-05
-9.348556148459306880e-02
9.099572805320986111e-06
-9.880768284523840637e-05
-1.687621699572297080e-05
-2.515085029074321543e-05
-2.107523410242197193e-02
9.995978479897114677e-06
-6.051631988898656427e-06
-4.874310894814674585e-06
2.036522999618446708e-05
-4.332068909778909009e-03
-4.812646867983241095e-06
-5.682861077645744451e-06
-8.049713182687473907e-06
2.082107353328714166e-05
-2.595041997980484030e-03
-6.067327599918473586e-06
-7.262282380934962533e-06
-1.588854074160582410e-05
2.822833494512469725e-05
-3.343211616172629208e-04
-6.473745206305552985e-06
-1.283810387280967755e-05
1.235582817950712305e-05
-2.533239886490576878e-05
-6.014020440852522803e-04
3.924226739648537722e-06
1.074555847969533689e-05
1.223315556545277218e-02
8.273888476188117009e-05
8.285876368634167532e-05
1.019958205706791290e-04
-4.493174852226730843e-05
4.173132837638429563e-05
6.304427344783197773e-02
-3.054841490363759560e-03
-6.148579195971156720e-05
-6.364394060375951306e-05
1.514042177089508316e-04
3.551762364733849570e-05
-2.862377842177909565e-05
-1.586323041750395749e-02
7.880054072888437525e-04
6.785073352570288854e-05
5.499786611652042489e-05
-3.188147485312882229e-04
-3.580242989587344361e-05
3.312145690647306850e-05
4.245236966845876252e-03
-6.040390614510991952e-06
-2.163732358707794951e-05
9.434567906949722666e-06
7.375283302176263451e-06
2.405351673419297339e-03
-3.006526826063335661e-06
5.475437044672212372e-06
-1.236330806239897980e-04
-5.800417207727978054e-06
-3.325509602055514158e+00
4.610044800178153324e+00
1.492328435534223452e+00
3.786693014387491896e-02
-2.043261779096559039e+00
2.509200704594218401e+00
1.331907110576698638e+00
3.618126105304598550e+00
1.594924952160595762e-04
-5.254138016060080994e-04
-1.273917359331171169e-05
2.256187899969624804e-04
-1.231998108548225954e-03
-1.321796653275826352e-05
6.639607879620430862e-05
-3.134911861486012509e-03
6.818715224923891653e-06
-3.766048403580143916e-05
2.716138363932006812e-03
-3.104764959662315343e-06
-3.838452417829384599e-05
4.394465474542785452e-03
2.975956131645483756e-06
7.123203911339500273e-06
-2.813052610130965629e-03
-4.865642403796806673e-06
-4.585822400224500301e-06
-6.483358406948435716e-03
-9.774826775141616525e-06
1.752922915220332401e-05
-3.794693055118062374e-04
-2.825690607609207192e-02
1.104270048312509355e-06
4.684075344990758618e-05
-2.378638084243156115e-06
-1.048496893314492201e-04
-5.302295941219294616e-03
-5.282050809105387386e-06
1.852118690151525145e-05
4.216411235354159908e-06
1.995350926017736676e-05
-9.320060094161806627e-03
-9.585563671836291513e-07
-5.588857023031476200e-06
3.144114600650654835e-06
3.767220529106028899e-05
-1.217482192231583715e-02
-1.476423711376313971e-06
-5.100046812158050697e-06
-3.083596146006222516e-06
-1.331071211520871432e-05
3.861093498784286347e-03
2.361655249476546199e-06
1.945631612412289168e-08
-1.052636892275305829e-05
5.614783340073697089e-06
1.901387169574472995e-03
7.262983997471646617e-06
-3.987098418252610100e-06
-1.020374879224475971e-02
-2.361388975908678106e-05
-7.605480099365614173e-05
-9.140838028894016608e-05
1.668657448596210335e-05
1.677686943333248819e-06
-5.240919898308495084e-02
5.860686331820359751e-03
7.754845374707106825e-06
5.963032660873679051e-05
1.147462724238309867e-04
-1.200454043872561199e-05
-1.978028489423257979e-06
3.005648411640004028e-02
-5.214278896484250692e-03
-1.155706752126686205e-06
-7.189391505390181636e-05
-1.774570770734462634e-04
1.480202567515445135e-05
1.857573139803073507e-06
-2.668578042670047973e-02
-4.481832658913329057e-06
4.403433481254817857e-06
4.260650225074290607e-06
1.255766647372561744e-05
1.769693067114724936e-03
-4.184228291873680526e-06
-3.155065669892844890e-07
4.912849633317919571e-07
-5.829834141289451207e-06
-2.807485627956046059e+00
1.891693066790038902e+00
-3.524398870564875441e-01
1.605064313205661897e+00
1.362194816668777397e+00
9.458449475950362340e-01
4.257369922526694772e-01
1.670570839903166238e+00
1.196874297412884949e-05
-1.844026041484928848e-04
7.980985590706827755e-06
3.601982495932322680e-05
-1.688808148896829521e-03
1.940942836964515189e-05
8.791139938973805004e-07
3.427873081578715689e-03
1.855572427503182782e-07
6.543036394786417112e-06
-1.684265920727986802e-03
-2.739972646488756440e-07
6.844090380698097111e-06
-3.053919553508278699e-03
-5.725067703853940406e-09
7.074255300834375128e-06
6.361492840848094986e-03
-1.537598432281376861e-06
-6.186860635382103295e-05
6.349087317878719986e-05
-9.344719726249853253e-02
1.369321556520723768e-05
-2.031485955245111610e-05
-1.170468530908713417e-05
-1.161900866841568624e-05
-2.108738098299229105e-02
5.010789764010973400e-07
-8.582517773689114223e-07
-8.047881741703874427e-07
1.203494483904885801e-05
-4.321020309884630178e-03
9.118781386910677174e-07
-1.384357083646586091e-06
-2.643138600663794726e-06
1.138707873088822959e-05
-2.584028774520303728e-03
4.721477690428167308e-07
-1.582256734853179911e-06
-6.191272048838360762e-06
1.684362900765447934e-05
-3.193492515065579520e-04
1.342373420022588874e-06
-2.688271884878530955e-06
4.397086067008143556e-06
-1.662578417443247861e-05
-6.145860497573801557e-04
-1.959975556285789477e-06
2.408097315899476540e-06
1.222159477969040307e-02
4.886608184496639450e-05
2.869143604046161150e-05
1.468575128169748861e-04
-6.499524913422804373e-06
7.115303546949392041e-06
6.310710659413096280e-02
-3.045253444194921666e-03
-3.807125269645057872e-05
-2.125623611574734703e-05
1.217063748321102186e-04
5.370099544072965626e-06
-4.723670033037284920e-06
-1.591341383195572431e-02
7.771223765464221802e-04
4.095770409239549246e-05
1.429085734983386330e-05
-2.936831565591376024e-04
-6.687005343164944522e-06
5.572336909490694602e-06
4.301530793147954022e-03
-8.345349526248399018e-06
-2.235177310179272433e-05
5.070533790922047832e-06
3.396900008577161963e-06
2.410677736711376758e-03
-1.830091718397655165e-07
1.037679121709921394e-06
-1.199239062158223774e-04
-4.475542760913858625e-06
-3.325510245944597099e+00
4.610056348660430459e+00
1.492328189103798719e+00
3.785997040781351186e-02
-2.043255598142009077e+00
2.509191936842993798e+00
1.331907747063202807e+00
3.618130075168845217e+00
4.127370312768898262e-05
-4.785745198752982491e-04
7.721236742691582958e-05
6.000679985077316024e-05
-1.167756867139582841e-03
1.092420560202035673e-04
2.117615781530553386e-05
-3.115644657001191177e-03
3.218619486065552455e-05
-1.171977845736719227e-05
2.707508758090289725e-03
-1.824946423194881570e-05
-9.942582003440760731e-06
4.383427480821258312e-03
-1.858058599547513439e-05
4.723917667741357142e-07
-2.809934971348185522e-03
3.438629643944565035e-06
-4.407396550687815229e-06
-6.483638979023306770e-03
-2.241017902997433969e-06
-2.527923810626846465e-06
-1.058046688301008054e-04
-2.837184017688710452e-02
-1.837282299300346475e-04
-1.425099620090635934e-05
-4.904912745769105285e-06
-3.095062603605337384e-05
-5.336620694841953325e-03
-5.078897885480433656e-05
-1.867733502263745633e-06
3.041423466296799080e-06
5.288200796020391009e-06
-9.315167824898511542e-03
9.656864799926665613e-06
-9.671128350188101627e-07
2.448403733078553011e-06
1.008736555820232904e-05
-1.216067381019131192e-02
1.823673705351189152e-05
-5.591367838676707921e-07
-1.269998333615607351e-06
-3.000523746781681669e-06
3.853879507724492816e-03
-6.439949664919896955e-06
1.216239467476960033e-06
-3.520517681843181151e-06
3.794115328705804956e-06
1.899106542062647387e-03
2.733111354875927394e-06
4.814674209559093177e-06
-1.020415100531708516e-02
-1.022541897247141806e-05
-1.608548692976239646e-05
-1.235443073065416045e-04
-3.679866696233743246e-05
9.303680834168208145e-06
-5.240654709790271149e-02
5.862007283893988854e-03
3.673742277963664746e-06
1.295912654564024953e-05
1.367761570618464045e-04
2.885860547950308357e-05
-2.863998142646187307e-06
3.004933595279180719e-02
-5.216839275203347982e-03
-9.005767215845133479e-07
-1.553073015919906888e-05
-2.042428666129167229e-04
-3.478761385934632045e-05
2.093433486691712375e-07
-2.667224331451824304e-02
-2.377933518515741807e-06
4.913938539232828832e-06
1.807875109205230477e-06
2.195004866270087702e-06
1.774641722539553991e-03
6.064805351013880725e-06
-1.672212982258948064e-06
-2.263660099185888392e-06
-3.219913287780110460e-06
-2.807485628262002653e+00
1.891693067220706181e+00
-3.524398875226288919e-01
1.605064313615916838e+00
1.362194816627897431e+00
9.458449475223535963e-01
4.257369922488408731e-01
1.670570839803315444e+00
-1.167375071450724280e-05
-1.844048447253120160e-04
6.300498395286964034e-06
-3.110717075916375900e-05
-1.688813518793522627e-03
2.125907491611741523e-05
-5.000472998963453296e-07
3.427873316011547343e-03
6.619514582433368590e-07
-3.181493806510431932e-06
-1.684265973558715743e-03
5.810235455776977655e-06
-3.863732133324344530e-06
-3.053919639343354291e-03
5.956123996865095756e-06
-1.279880027692589713e-06
6.361493568953829544e-03
6.832147974986911068e-06
1.883924852085133229e-05
-4.365149675953670992e-05
-9.344720140295220689e-02
4.813320020749451203e-05
6.301939640924650700e-05
5.113416910054985745e-06
5.381090571052414212e-06
-2.108738187555550883e-02
-1.030865627148833859e-05
1.056483412503608367e-05
-5.231530975969523266e-08
-6.811994473953598930e-06
-4.321020478452011586e-03
9.963701558765958273e-06
1.292522633911219574e-06
4.316758335544808268e-07
-6.108268994114293967e-06
-2.584028833105678560e-03
9.622342097309920779e-06
3.017464280385575681e-06
1.416808751791431813e-06
-9.595391348918048212e-06
-3.193497193752221192e-04
1.391207982493984218e-05
6.621013049092464673e-06
-1.133549321129398584e-06
1.002452863748749787e-05
-6.145853113164300580e-04
-1.341554207925351229e-05
-4.879436062389415753e-06
1.222159564690662725e-02
-1.831297049978769794e-05
-8.831223029925000463e-06
1.468587814959486110e-04
2.808813686186655901e-05
-4.586870599775644676e-05
6.310710598057706067e-02
-3.045253695582175561e-03
1.496489956822298967e-05
5.925974333895172006e-06
1.217049287690193061e-04
-2.107736098568967225e-05
3.532816534721730690e-05
-1.591341290374183662e-02
7.771225330305917695e-04
-1.566573126839542645e-05
-1.278830056162083687e-06
-2.936809660433840072e-04
1.570308934417231778e-05
-3.825281447140576393e-05
4.301529659681787611e-03
8.205379549001328641e-06
-2.235176824468575578e-05
-1.785205978871658476e-06
-1.541101100895771775e-06
2.410677572593776172e-03
3.032091254611025835e-06
-4.890442581365282953e-06
-1.199237969653769764e-04
-5.024498505140797949e-06
-3.325509602076431204e+00
4.610044800697411738e+00
1.492328435369601802e+00
3.786692973868764633e-02
-2.043261778582684318e+00
2.509200704044872055e+00
1.331907110667068572e+00
3.618126105604695830e+00
-6.685539866846408185e-05
-5.254079605372119228e-04
1.443454447346063615e-04
-9.823069504379352873e-05
-1.231990790103736208e-03
2.017587634978804394e-04
-3.740769680331823419e-05
-3.134910291970651082e-03
5.397189517773866660e-05
2.073806562815106659e-05
2.716138069026950274e-03
-3.100624712970331251e-05
1.622656020258876503e-05
4.394463982060191343e-03
-3.469770768353703909e-05
5.480876488208582240e-07
-2.813051746091580450e-03
8.606290628944658969e-06
1.030697230076554801e-05
-6.483357205887802822e-03
9.439816583377907494e-07
3.545135756205821227e-05
1.888677251848462071e-04
-2.825691753371229950e-02
-3.291196096103045149e-04
-3.904876984114901572e-05
1.861653465961611315e-05
5.702491569878209444e-05
-5.302298135117464520e-03
-8.814525983240341334e-05
-7.370207991354839092e-06
-6.820767015144117019e-06
-9.148551814861707656e-06
-9.320059264238301708e-03
1.775592508345179906e-05
-8.764818393790858614e-07
-6.051997205603850378e-06
-1.756216469143031571e-05
-1.217482038496358297e-02
3.335661353675560428e-05
-1.673836375250641487e-07
1.672943397084335773e-06
4.611804106578776669e-06
3.861092605731564729e-03
-1.270559899101788616e-05
2.646113524857661828e-06
1.693406732899241542e-06
-9.099101118902812478e-06
1.901386223248349413e-03
1.231278150643472835e-06
1.112304740562135115e-05
-1.020374767202439012e-02
1.327277390911231605e-05
2.397226059421060543e-05
-9.141348566169417000e-05
-7.421766037422178851e-05
1.961133675976029487e-05
-5.240920367447363809e-02
5.860685332361214098e-03
-5.596102478621736132e-06
-1.963011357111767288e-05
1.147498091231292103e-04
5.764456183003944731e-05
-5.727406944825774317e-06
3.005648830905488164e-02
-5.214277774385950998e-03
2.192729431935423292e-06
2.334440968790947764e-05
-1.774617216841776015e-04
-6.966159052228510613e-05
7.227378218591251454e-08
-2.668578492701184288e-02
7.406815933411403112e-06
4.403377020797006464e-06
-2.440219294925835231e-06
-2.657968052014324966e-06
1.769694088762955361e-03
1.296461100815748084e-05
-3.527603636309092451e-06
4.916492466579682085e-07
-9.970356660238585238e-07
-2.807486093914221215e+00
1.891702153591735103e+00
-3.524409711338863382e-01
1.605070176816893790e+00
1.362193211149489880e+00
9.458431546764032305e-01
4.257371072325490946e-01
1.670570230040762549e+00
-6.644631433564847345e-05
-2.082109708753865016e-04
1.353238814883756991e-05
-1.704118537069299695e-04
-1.745448279014150030e-03
4.212674355963782802e-05
-2.262698203197376780e-06
3.432437643622075762e-03
1.093349835331642638e-06
-9.139094502708881078e-06
-1.688104821485246747e-03
9.138327560761012782e-06
-1.223505560910805449e-05
-3.061066108941473338e-03
9.587527328419848959e-06
1.310899521829284088e-06
6.362193284487090497e-03
9.834719965152667042e-06
5.367124138038605150e-05
-1.894529920770110379e-04
-9.352856131023261355e-02
8.329259943942401664e-05
1.033291982468734660e-04
2.401093014981637707e-05
1.541150791970075649e-05
-2.108340526421469130e-02
-1.615273276884901058e-05
2.058512517860810033e-05
-3.447568336453490586e-06
-2.510853981525230691e-05
-4.333837181990428909e-03
1.629566384020729756e-05
1.152446779948098948e-06
-1.052403930234518795e-06
-2.125968047070530360e-05
-2.595611257122055690e-03
1.553593664734175518e-05
4.165196488627677162e-06
1.823102514652859935e-06
-3.557571843741779013e-05
-3.381933150201349024e-04
2.278387194271355978e-05
1.002381694364482142e-05
-4.367423980378685620e-07
3.919571465939893361e-05
-5.945154659443641423e-04
-2.229999471324861998e-05
-7.213328369647127169e-06
1.223287315675375062e-02
-7.954919915785838404e-05
-4.886270752005807165e-06
1.200460985564459453e-04
4.156186871872327672e-05
-8.409139978642181390e-05
6.304602393457929554e-02
-3.055934443704438810e-03
6.676467384601326267e-05
-5.277485727890548711e-07
1.315676322960568985e-04
-3.082669546440275447e-05
6.588284038700825066e-05
-1.585757614291129908e-02
7.899451058258605664e-04
-6.878620825087001438e-05
2.022301127680984820e-05
-2.915956083554711040e-04
2.160434640410030158e-05
-7.053179191543663441e-05
4.235164114348779173e-03
3.425646021308433498e-05
-2.318518290024857852e-05
-7.160656624209668706e-06
-4.524096744187899502e-06
2.403258188609778967e-03
4.820847034245191276e-06
-8.617894070405196830e-06
-1.154166994657242537e-04
-5.260574205607118067e-06
-3.325507655231902504e+00
4.610017101017837682e+00
1.492328613476006982e+00
3.788385101894786028e-02
-2.043275712319315929e+00
2.509221777393945363e+00
1.331905965943374071e+00
3.618116854832956530e+00
-1.017737720707636748e-04
-6.256833762104465095e-04
1.502859788046719729e-04
-1.562352248991268392e-04
-1.372971949491365914e-03
2.094865750114367059e-04
-7.389522385318025139e-05
-3.185392446130320618e-03
5.472333961852276200e-05
4.013373264028122320e-05
2.738876009689659996e-03
-3.153910097175831594e-05
2.483867204529629976e-05
4.417459011395695467e-03
-3.611420599521651052e-05
6.867101046679623295e-06
-2.816053555910549584e-03
9.483416425717216137e-06
2.993443499783161088e-05
-6.473604508556330718e-03
2.217131361300120782e-06
1.082481938233675504e-04
3.292880959236361765e-04
-2.798289677039272894e-02
-3.389688835611518532e-04
-3.198506195326222205e-05
5.401438336809914916e-05
1.061999893482551801e-04
-5.215956165538368494e-03
-9.001522190209270021e-05
-3.303873022502693733e-06
-1.946417696495034874e-05
-1.483486044328934796e-05
-9.330871587098745618e-03
1.840041292938713878e-05
-2.505748988770112015e-06
-1.725485749146317860e-05
-2.894069975035539459e-05
-1.220698179428555789e-02
3.452491560058243620e-05
-1.580438013203384761e-06
4.002417689977888635e-06
5.217668937154380553e-06
3.875896251086701546e-03
-1.338884824306180229e-05
3.079186681266622212e-06
2.096885129129689152e-06
-2.471263524945532659e-05
1.900022851307273282e-03
3.202007169578464281e-07
1.176341634253872152e-05
-1.019937957406731772e-02
3.293805648421274917e-05
2.169688480867989355e-05
-3.099539464960170522e-05
-7.849657315956912445e-05
2.314355127250048981e-05
-5.243418300814071259e-02
5.854375110236707119e-03
-1.450038819190817025e-05
-1.975186844029261390e-05
7.479858536019938324e-05
6.084765211203010791e-05
-7.145726473421906092e-06
3.009040360833498129e-02
-5.204639498411481845e-03
6.230118348076587800e-06
2.286640237333761565e-05
-1.300011859316383355e-04
-7.359321634490729211e-05
5.646800867160658170e-07
-2.673679915920091493e-02
1.814025650598859827e-05
2.810314864431763331e-06
-6.054258993262499326e-06
3.902226900332867273e-07
1.762325776833076080e-03
1.393592058697459418e-05
-4.117187221031329487e-06
8.719456441831904066e-06
1.673993591512028161e-06
-2.807485542483652896e+00
1.891717477217862209e+00
-3.524413215469689442e-01
1.605078153831510646e+00
1.362191588834769540e+00
9.458414576283077357e-01
4.257372339868407130e-01
1.670568434613297626e+00
-1.087018896480542016e-04
-2.632543194958465380e-04
1.314196916902409554e-05
-2.728508390524580921e-04
-1.873137365618762025e-03
4.000782385008598904e-05
-3.186393327502533357e-06
3.442536375925019793e-03
9.800184804086206072e-07
-8.586403074133932425e-06
-1.691772289063880712e-03
7.939793749054136279e-06
-1.358293916358199282e-05
-3.071412325191359444e-03
8.378643691542996306e-06
1.011818555112585105e-05
6.370447360362864984e-03
8.327660576407911629e-06
3.327899573839747252e-05
-2.698471165688570315e-04
-9.367673080425857612e-02
7.497483013897224290e-05
8.629214645593870532e-05
3.287851279995230804e-05
1.399583557785686922e-05
-2.108430418848882687e-02
-1.401794681369734143e-05
2.054890933766240029e-05
-7.827229799106309824e-06
-3.130752755780629533e-05
-4.353233203720198452e-03
1.438139650499901362e-05
-1.282219698890392848e-07
-4.992899423338957392e-06
-2.504745676609310796e-05
-2.612340511512497611e-03
1.365243839882852834e-05
2.675045744642907041e-06
-3.336835308513852260e-06
-4.463536155173175216e-05
-3.677332653622049450e-04
2.012808106760646253e-05
7.558569394408109452e-06
4.436749091271000256e-06
5.153200748670873620e-05
-5.608925455981904427e-04
-1.979684612652100209e-05
-5.112534521982531051e-06
1.224842779278304851e-02
-9.880188528265860018e-05
2.635976770154376388e-05
9.657693391096897669e-05
3.526164584366957365e-05
-7.948482510487941293e-05
6.296140102869571264e-02
-3.071843313532249091e-03
8.585808800174588159e-05
-2.714785340500970107e-05
1.296130220737098785e-04
-2.597500918994906198e-05
6.340169171708687353e-05
-1.577462356586449566e-02
8.095527262136329068e-04
-8.671288545698958275e-05
5.478889129457838273e-05
-2.669444861270066751e-04
1.767113033498696133e-05
-6.727065109218183551e-05
4.133928535877026168e-03
4.977403871283780077e-05
-2.568402282408533758e-05
-8.171481854532932016e-06
-4.297404311349439844e-06
2.391027500615927615e-03
4.279996302345844428e-06
-7.775733968166198367e-06
-1.026054500966246553e-04
-1.189400015685072358e-06
-3.325505317042907638e+00
4.609989518568228029e+00
1.492328381086617695e+00
3.790092827060215219e-02
-2.043288702779786359e+00
2.509242807341468762e+00
1.331905205067643427e+00
3.618107911397071330e+00
-6.169090368893126344e-05
-7.136950494089331926e-04
9.285676784481195043e-05
-1.041316341835985221e-04
-1.500550504259911839e-03
1.270305880026634953e-04
-6.887034043460450727e-05
-3.239915163691025474e-03
2.764648659442502736e-05
3.656900056319472236e-05
2.763570681998617218e-03
-1.634904227045906719e-05
1.529121043453728800e-05
4.436941954798265426e-03
-2.225153907768049916e-05
1.281717798699216215e-05
-2.814599241347023190e-03
8.079865145952966712e-06
3.860759619974344904e-05
-6.454850167717390147e-03
6.620273552657275275e-06
1.553697184292609156e-04
2.632202561125926584e-04
-2.771138615129593169e-02
-1.927840947539581141e-04
-2.579887047162125944e-05
7.351739764500076998e-05
9.336464946141813978e-05
-5.125954570784906593e-03
-4.806069849536415958e-05
-4.753129586264200408e-06
-2.547245855302300579e-05
-1.046136776300153691e-05
-9.340728519278416672e-03
1.096854223390426388e-05
-6.962402575210593307e-07
-2.274484761116088663e-05
-2.103290106226582824e-05
-1.223726447927430371e-02
2.040067674835770891e-05
-1.910002282263609090e-07
4.383197433843354416e-06
6.411273874521296918e-07
3.888167549818102604e-03
-8.916931440678525732e-06
1.755936752592308444e-06
-9.160691169084435699e-07
-3.081601284502019086e-05
1.891876853009129278e-03
-3.897349279879408744e-06
7.388794727843431706e-06
-1.019166193243097041e-02
3.688410922908450521e-05
-7.583835748492551989e-06
1.256728278539525571e-05
-5.373455080308275428e-05
1.318967299867604812e-05
-5.247757125183946658e-02
5.844974603742931693e-03
-1.722616596011689277e-05
2.167702948270377696e-06
4.779761989474824767e-05
4.116379233633471842e-05
-3.879027284880087476e-06
3.014085135332707222e-02
-5.191543956628066545e-03
8.242857816972934832e-06
-3.857652889841483215e-06
-9.934472502623408027e-05
-4.997267098286455479e-05
7.145826920316131570e-08
-2.680603595028110617e-02
2.116707772281552463e-05
8.712170803796007114e-07
-6.920392458941466335e-06
6.591673742643616044e-06
1.759365848039084849e-03
1.026606210600389913e-05
-2.298051787711189388e-06
1.849882592816497984e-05
5.855760758134116725e-06
-2.807483942761560325e+00
1.891731423807955448e+00
-3.524404271973232139e-01
1.605083845109078977e+00
1.362191003590174310e+00
9.458410026439924012e-01
4.257372940126923355e-01
1.670566170467252975e+00
-9.770631871058217959e-05
-3.255098671604086686e-04
-8.551268366243522392e-06
-2.414068939619860605e-04
-2.015556058427902218e-03
-1.739904075333147926e-05
-2.525471002855124074e-06
3.453717521301768924e-03
9.168755817429208184e-08
-3.840383749762437149e-06
-1.692805082726359100e-03
3.297931492922324545e-06
-8.383558904983540438e-06
-3.079441480756367911e-03
2.800228219896340297e-06
1.430846926294003037e-05
6.383818110523137822e-03
6.329990049730497484e-06
-4.619767041032785669e-06
-2.185095098437475202e-04
-9.382065117153749745e-02
3.087502172363272443e-06
3.705155835317790349e-05
2.619112393643712941e-05
5.676691758221035964e-06
-2.109136141424096389e-02
-5.996792459415051841e-06
7.770674395012860039e-06
-8.564422613889329834e-06
-2.218496391708043474e-05
-4.369068744926890395e-03
3.633713263233118690e-06
2.133901476095616332e-07
-6.731577850347648546e-06
-1.655989187975739349e-05
-2.625265954047253849e-03
4.148322609985936940e-06
1.401413907175275242e-06
-7.212934107195018495e-06
-3.184958602888797989e-05
-3.927849539460724431e-04
4.971131042942854701e-06
3.534256786585178567e-06
7.351970844844051166e-06
3.867471410548992627e-05
-5.304661010674774661e-04
-3.749625151653265193e-06
-2.406506559504143348e-06
1.225964558675841573e-02
-7.063297705971320368e-05
4.506063966484178480e-05
9.285044552068068453e-05
2.427909870106424451e-05
-3.146642405986267775e-05
6.289969426467732772e-02
-3.084571590541611199e-03
6.388293643605631158e-05
-4.075159369277379256e-05
1.125890071297693928e-04
-1.902271937617153516e-05
2.478314064560349053e-05
-1.570833029524924471e-02
8.257571855173994994e-04
-6.300731027008745616e-05
6.284302111526102338e-05
-2.271254468084516517e-04
1.832978975883437970e-05
-2.653683695451633412e-05
4.050544760678061879e-03
4.010385291720431711e-05
-2.882049188285027921e-05
-5.313060146309016318e-06
-1.977102078670716484e-06
2.380080438253736816e-03
1.857159408531377555e-06
-3.075681055294066584e-06
-8.666392180352392718e-05
8.828517338004589486e-06
-3.325503837637204363e+00
4.609976082232128292e+00
1.492327920140660735e+00
3.790944065859019885e-02
-2.043294278557954868e+00
2.509253088884698002e+00
1.331905156674511481e+00
3.618103783284776664e+00
-3.351318282608493259e-06
-7.464216311936057793e-04
5.708291836069665575e-06
-1.706330325676759367e-05
-1.551682191019909500e-03
5.640083861579397231e-07
-3.295376809342076329e-05
-3.270038593346494618e-03
-1.683422073596090726e-05
1.686987249869747744e-05
2.777317065937684633e-03
8.427268680194413198e-06
1.131879090609758137e-06
4.443510780613985252e-03
-1.181444148962352759e-06
1.123085505642968873e-05
-2.810118695616804080e-03
7.170342267075689906e-06
2.701563911585822634e-05
-6.438051177973602192e-03
1.618834803951672648e-05
1.263065299252775619e-04
9.302503520207312012e-05
-2.758033422201609103e-02
3.763154601310385680e-05
-4.831243519828783546e-05
5.756051528554892140e-05
4.077762760491113517e-05
-5.078698834675337073e-03
1.953594983006780005e-05
-2.147819235594153212e-05
-1.923754819534074067e-05
-2.427811959799434082e-06
-9.344758029520590717e-03
-4.870078013046089117e-07
6.924480249907219906e-06
-1.730923837427196776e-05
-5.513624041142497513e-06
-1.225053299017075416e-02
-1.480668199995954695e-06
6.290366729646568900e-06
2.831791609947309884e-06
-3.016033647472174053e-06
3.892043095125903227e-03
-2.487321349674961312e-06
-9.261398035205441839e-07
-2.877312205045913930e-06
-2.105134511257763719e-05
1.882138992456208141e-03
-1.248715780291138594e-05
1.578816091211967090e-06
-1.018505764436253118e-02
2.424733236441811918e-05
-2.543225354557659645e-05
1.971761587161931532e-05
-1.920089683173542734e-05
-7.915252973747304802e-06
-5.251441053838153128e-02
5.837730283249623585e-03
-1.195681413905283046e-05
1.717904869384214017e-05
4.550568280325679831e-05
1.336461723839618015e-05
4.080469225908543425e-06
3.017963319440112452e-02
-5.182167290164786840e-03
6.213759770140562665e-06
-2.161201831397785948e-05
-9.854339510304027270e-05
-1.667425594838519717e-05
-2.251011276029515665e-06
-2.685550001527899425e-02
1.268401044600130698e-05
-4.211535042047907964e-07
-4.632152228349992551e-06
8.119142908862479562e-06
1.761700605179490012e-03
5.534186709687962972e-06
1.510250481598947597e-06
2.462981860796667499e-05
1.114186812263989801e-05
-2.807482816140266735e+00
1.891736710930671750e+00
-3.524395132340642500e-01
1.605085259217843285e+00
1.362191203543108964e+00
9.458413459635643949e-01
4.257372907143628926e-01
1.670565014025797268e+00
-2.957837723263763115e-05
-3.548907294874842659e-04
-4.732322145451388010e-05
-7.173817670050046023e-05
-2.082021154704850798e-03
-1.169185286666182350e-04
-6.434376349852772906e-07
3.458880310870055506e-03
-1.215162655623897343e-06
-1.061092248767376575e-07
-1.692108540200057756e-03
-1.851850264683333249e-06
-1.615488541852888139e-06
-3.081828908057777840e-03
-4.051307717459991839e-06
6.208230812045678455e-06
6.391641720549403986e-03
6.939892813747560271e-06
-9.238773601188959302e-06
-6.017402808315255370e-05
-9.387957656788256666e-02
-1.058153244533934488e-04
-4.382205564925019706e-06
9.194530878706577316e-06
-2.461066998664959791e-07
-2.109698020159431198e-02
2.741311624441244174e-06
-1.161356725308845880e-05
-3.482958746237712602e-06
-5.094905991528593818e-06
-4.374220799809441611e-03
-1.073841636700928533e-05
3.263069300101246865e-06
-3.035557909922551325e-06
-3.364033805015854782e-06
-2.629080852173473499e-03
-8.012922212951732650e-06
2.419575179195143632e-06
-3.686012633589263807e-06
-7.388862498041104615e-06
-4.014207467572496668e-04
-1.541471365299982579e-05
2.286020009547288592e-06
3.420161280053734532e-06
9.672038726836602559e-06
-5.190002375499741961e-04
1.872262403505460244e-05
-2.414126507419492234e-06
1.226261747346832007e-02
-2.241266557530479200e-05
1.998512593404641374e-05
9.991915028873595440e-05
2.184109025106282135e-05
3.273248233067318163e-05
6.288344882303457950e-02
-3.088597074653734367e-03
2.110146139668098023e-05
-1.723700895217612924e-05
9.893608342751559039e-05
-1.977921950616255632e-05
-2.912067619307060450e-05
-1.568755309245783991e-02
8.311210762377426679e-04
-2.033907283087222256e-05
2.321799554264170328e-05
-2.038536647464592546e-04
3.048354597557819998e-05
2.901469819890531117e-05
4.023082923179582999e-03
7.879502267798976930e-06
-3.046741505846129930e-05
-1.535166183068192901e-06
-4.499381596789661089e-08
2.376086807083116394e-03
-9.825030417077254980e-07
2.615526985000326681e-06
-7.861126471134035503e-05
2.172146543457570127e-05
-3.325503937845244451e+00
4.609979201680030059e+00
1.492327778607878574e+00
3.790760233606320362e-02
-2.043292446202359169e+00
2.509250727695671923e+00
1.331905398300519350e+00
3.618104905337708566e+00
7.666158731833420156e-06
-7.315751790025991352e-04
-6.684281876950868943e-05
1.078376423874418797e-05
-1.531958509518138115e-03
-1.059243821219707819e-04
2.858183753033753254e-06
-3.265637689507379197e-03
-5.692711393788888065e-05
-1.579270771710805721e-06
2.775366971728180157e-03
3.061009239999132445e-05
-1.809273136207973635e-06
4.439893771713786935e-03
1.638786113890464442e-05
5.319718644634561453e-07
-2.808458483571100485e-03
7.511999285086233969e-06
2.497801354109569510e-07
-6.436468407029887102e-03
2.675212028168107997e-05
2.352092253481640358e-05
-1.394433788812058515e-05
-2.761172996665455653e-02
2.372796655752110369e-04
-9.326010525273961400e-05
1.101197219019800994e-05
-3.476522773320733689e-06
-5.087227552378705865e-03
7.942888600489653769e-05
-4.689510955356061085e-05
-3.569975209013754843e-06
7.950297125371196923e-07
-9.343268280450116314e-03
-1.019872297295631902e-05
1.702297721253597220e-05
-3.257691503514694855e-06
1.477372686245239387e-06
-1.224638689461639805e-02
-2.011889535585071242e-05
1.506468646203444985e-05
6.686861202041187358e-07
-6.451982513799094064e-07
3.889634900599470320e-03
2.539312372648772148e-06
-3.561084127368993602e-06
-1.735633663862348028e-07
-2.804000266058124540e-07
1.880271144079794085e-03
-2.163555999917776538e-05
-2.141725447407731858e-06
-1.018454193897374259e-02
5.234227589582436611e-06
-3.685600416549952812e-06
8.006233018573150582e-06
6.873373676972929921e-06
-2.926066209246379563e-05
-5.251710197547413556e-02
5.837511724485878496e-03
-2.434656107577254520e-06
2.886623239877660964e-06
5.378546102343347338e-05
-7.957011830482059301e-06
1.279462354368305989e-05
3.018074385447669719e-02
-5.182217853284171866e-03
1.164142680743324167e-06
-3.514514461552970873e-06
-1.088123786532088730e-04
8.779486726932014801e-06
-5.431723191953410939e-06
-2.685520011949320621e-02
-2.786729587296896275e-06
-3.345924361523491750e-07
-9.968046981267938716e-07
7.704980277026889117e-07
1.763865076384809379e-03
2.405786250276654725e-06
5.352095338129033397e-06
2.417134461445540004e-05
1.530491262213233962e-05
-2.807483942849518854e+00
1.891731423932927925e+00
-3.524404272178087716e-01
1.605083845530899112e+00
1.362191003278529156e+00
9.458410023297751934e-01
4.257372939890133878e-01
1.670566170657213245e+00
5.752384224416523756e-05
-3.255051449446452836e-04
-8.041181782304973244e-05
1.395897257586477811e-04
-2.015545825481169194e-03
-2.005846599173929370e-04
1.284684366799105277e-06
3.453716667327162183e-03
-2.239211295696318771e-06
-1.080486206980384319e-06
-1.692805832404409207e-03
-4.963820144731612037e-06
1.324755267015252782e-06
-3.079441806608320537e-03
-8.629766099297837007e-06
-1.171568289134207192e-05
6.383816105024486993e-03
9.166943894377594203e-06
3.987867050994059996e-05
1.066346996298892424e-04
-9.382064630877089140e-02
-1.907513785760392953e-04
-1.521149816676878265e-05
-6.378358161405294201e-06
2.356415604432036211e-06
-2.109135951142298085e-02
7.911753764714110388e-06
-2.656220829644542753e-05
5.215049079009099559e-06
7.951875763298318553e-06
-4.369069138439987503e-03
-2.102585192575031167e-05
7.214350814308347521e-06
5.062263352430924463e-06
4.690197731776370844e-06
-2.625266456224822909e-03
-1.641208025747544787e-05
5.067628425020873930e-06
7.318055788184064917e-06
1.162451118314869987e-05
-3.927851151868314147e-04
-3.006253385714281997e-05
4.397448700544677419e-06
-6.782591240457732859e-06
-1.609457943315860127e-05
-5.304663795656848176e-04
3.536193794485482966e-05
-5.033489572556631975e-06
1.225964695016727377e-02
8.073756485249749474e-06
-4.368551964015739364e-05
9.284482226577838240e-05
2.689384486068248028e-05
7.688753879327559057e-05
6.289968837264667267e-02
-3.084572438015657000e-03
-1.050182096701729166e-05
3.681226800800426385e-05
1.125940368142055873e-04
-2.577858572540400652e-05
-6.770128716331390132e-05
-1.570832560342338632e-02
8.257580744081754803e-04
8.553160587925092941e-06
-4.724414794883200191e-05
-2.271314304441617233e-04
4.525273541746108625e-05
6.781799820194662869e-05
4.050539657196164378e-03
-2.755984150465713638e-05
-2.882033102533124261e-05
-1.515655502361580045e-07
-6.196627188850001842e-07
2.380080422044213943e-03
-2.640019190540187293e-06
6.156204283843422047e-06
-8.666455924713545365e-05
3.026819176223647013e-05
-3.325505316692271673e+00
4.609989513434666009e+00
1.492328381236099455e+00
3.790093136981775856e-02
-2.043288705517094961e+00
2.509242811162208042e+00
1.331905204816545840e+00
3.618107909682737322e+00
-4.769104790928477635e-05
-7.137158264919308496e-04
-9.994740791431911385e-05
-5.477905252517044338e-05
-1.500579035584518554e-03
-1.538590451857648031e-04
1.221007027522421137e-05
-3.239922687646102934e-03
-7.356260424152686109e-05
-4.918591385144439653e-06
2.763574457789287359e-03
3.988709821086352695e-05
1.123084507360942372e-05
4.436946921708298866e-03
2.438713565116594443e-05
-1.351367452552153567e-05
-2.814600976655719840e-03
7.066960272347979075e-06
-2.549976887327301677e-05
-6.454850738542860372e-03
3.015095584636407928e-05
-9.642137304837814882e-05
3.534653561747553300e-05
-2.771133536324146482e-02
3.242739423975991159e-04
-1.221278314136500082e-04
-3.950761761224625714e-05
-5.065471099322105790e-06
-5.125940819505480674e-03
1.048649390808018673e-04
-6.147016774227207782e-05
1.226805850958826063e-05
-4.266601724551873149e-06
-9.340730910169408804e-03
-1.454059848982419364e-05
2.239076213033859596e-05
1.115044100305724988e-05
-7.148420584688417720e-06
-1.223727069650848431e-02
-2.840865358799721008e-05
1.980068531243954496e-05
-5.580537335295663615e-07
7.402881926122076682e-06
3.888170775363149374e-03
5.011733102298282468e-06
-4.688135695816213281e-06
6.739927723086957594e-06
1.879081845894152496e-05
1.891878201355551205e-03
-2.473604640265424949e-05
-2.884263483249438764e-06
-1.019166158347594060e-02
-7.017982635646138103e-06
5.072357797199176783e-05
1.258213887771669542e-05
2.026414589319982864e-05
-3.853499736516318938e-05
-5.247756972556701788e-02
5.844974226632063986e-03
5.253214846028881935e-06
-3.694304260000458046e-05
4.778750935909557331e-05
-1.868305599947350502e-05
1.685721334825285360e-05
3.014085112850982406e-02
-5.191543498485909520e-03
-4.055678129511702503e-06
4.542214247425010993e-05
-9.933219670981671993e-05
2.162202278421567354e-05
-7.174867307550921878e-06
-2.680603707867226446e-02
-1.554388694792868325e-05
8.711214724578636337e-07
1.435463050583249593e-06
-1.219099297411054624e-05
1.759363388094050719e-03
5.770781726560824614e-07
7.146348352572613478e-06
1.849930230483074869e-05
1.537129932752760020e-05
-2.807487724746153379e+00
1.891720125416854525e+00
-3.524439001675718774e-01
1.605082785875113105e+00
1.362189463785754340e+00
9.458389085453897671e-01
4.257373695840119820e-01
1.670569427367912585e+00
1.109599050310015091e-04
-2.474671318312165373e-04
-8.163545925531845362e-05
2.651621593056764994e-04
-1.840572908132742137e-03
-2.041381785286271329e-04
2.135290600271987266e-06
3.440252841688514873e-03
-2.320466652609008011e-06
-5.879454604618212358e-06
-1.697166581201439792e-03
-5.539162694710228480e-06
-1.051745229753497517e-06
-3.076078344079209888e-03
-9.252581198874298008e-06
-2.821369179791474599e-05
6.359852378772154306e-03
8.626062905200014013e-06
1.130554260157405145e-04
1.829766757293445811e-04
-9.368335195467741849e-02
-1.967864153073024466e-04
-6.777258334918540472e-06
-1.138297051821222336e-05
1.138414058275908215e-05
-2.107159159751057637e-02
8.926380500652648822e-06
-2.862101532609044954e-05
1.237014023343238839e-05
9.518330251681483465e-06
-4.360322871106346587e-03
-2.211656846732908013e-05
8.509102096367411090e-06
1.274243997026147410e-05
3.184066344850656159e-06
-2.619999447587922914e-03
-1.742859680855469366e-05
6.311532961217384307e-06
1.922205098336760289e-05
1.433143363440493633e-05
-3.766345355074366655e-04
-3.158704650464261960e-05
6.137759241970256525e-06
-1.716091878425324659e-05
-2.364155725371039276e-05
-5.547611085800134394e-04
3.689212975923669957e-05
-6.620900261997319033e-06
1.225687841115476705e-02
3.099080063777139916e-06
-1.057795907912677594e-04
5.538294622078486409e-05
2.455951692775988106e-05
8.052158075493135196e-05
6.291539962527700758e-02
-3.078195379650947115e-03
-1.255031023616780168e-05
8.733061002135419633e-05
1.605801686754297815e-04
-2.399380174328286645e-05
-7.157073215694464421e-05
-1.574122624962446745e-02
8.164264538293444177e-04
6.964411857232175011e-06
-1.047359422573415074e-04
-2.981657839515910644e-04
4.409470475150600204e-05
7.120044374261433166e-05
4.098263335192866945e-03
-4.483187637279350597e-05
-2.440917986653781132e-05
-2.064800542923461333e-06
-3.410860086010451624e-06
2.388077260586575924e-03
-2.833678818302480231e-06
6.323590014787596955e-06
-1.091827721276970246e-04
2.788935820424492864e-05
-3.325506921330452226e+00
4.609994694069983190e+00
1.492329612889544022e+00
3.789706264756861898e-02
-2.043288839672348534e+00
2.509238739019565845e+00
1.331904245370885143e+00
3.618108806274820122e+00
-1.249858475882351767e-04
-7.319747438462573036e-04
-1.003052074080460697e-04
-1.585898565365974767e-04
-1.514390568576600956e-03
-1.498333884878357187e-04
-5.963127223346709954e-06
-3.217447560197812632e-03
-6.216771621476158680e-05
6.258622098056019374e-06
2.753061381388082363e-03
3.411699006003869627e-05
2.972363381118045300e-05
4.443312698627171348e-03
2.436682018124993956e-05
-2.194084761707446637e-05
-2.827778829644096020e-03
2.916234281285308940e-06
-3.502295291627861097e-05
-6.484566280311981727e-03
2.039064143315250988e-05
-1.642326648932898624e-04
1.850513964829534166e-04
-2.775772546395200574e-02
2.952683874196146787e-04
-9.345834975507292478e-05
-6.531023725286982603e-05
2.970161090047419497e-05
-5.154556440191080009e-03
9.142963000366651253e-05
-4.742437459703616870e-05
1.942557515466120013e-05
-1.317297828127214598e-05
-9.341522131447305838e-03
-1.391055637181364850e-05
1.735399222303067154e-05
1.783887808492888610e-05
-2.358275752516508222e-05
-1.223667381628268380e-02
-2.687496369494863030e-05
1.534198416516758195e-05
-3.034205018709322109e-07
1.536285457730929047e-05
3.893087237767999236e-03
6.253778952493363700e-06
-3.744288725532500345e-06
1.339615029859242636e-05
2.505863099405341779e-05
1.913174034249133168e-03
-1.722539425513485133e-05
-2.646757079247891031e-06
-1.020296447500980766e-02
-6.729003215595842559e-06
9.970943587526634455e-05
5.242629238959859231e-05
3.041353878867442706e-05
-3.055304814107606990e-05
-5.241571418888101019e-02
5.855808764248664026e-03
7.095824318704877328e-06
-7.414198659147673500e-05
1.575577327579219490e-05
-2.561279765197363797e-05
1.327802032026649667e-05
3.008294366598767908e-02
-5.204104669445808878e-03
-6.475202910889897931e-06
9.068301032969984944e-05
-5.674701062838597918e-05
3.028877093291437505e-05
-5.591103225341317726e-06
-2.673944515625022514e-02
-1.795972025081984038e-05
2.154615772781473995e-06
1.435167352825618455e-06
-2.215241287837532559e-05
1.746836988244895731e-03
-2.474099576276641705e-06
5.767644910639664160e-06
1.199768640099284811e-05
9.739093868100288543e-06
-2.807492563619063741e+00
1.891710247742796724e+00
-3.524486309189346356e-01
1.605084049123800316e+00
1.362186877522975514e+00
9.458355611636548588e-01
4.257375116085194700e-01
1.670573150252445904e+00
1.027294517213040510e-04
-1.621835344073583880e-04
-4.118561978120569993e-05
2.413027723992571991e-04
-1.650725335463059480e-03
-1.050613562456615807e-04
1.649359900129579155e-06
3.425791228465026924e-03
-1.347256084008735177e-06
-9.772858023592706161e-06
-1.704181523908600455e-03
-5.028258360883793682e-06
-5.285801650315126028e-06
-3.075082952452191151e-03
-6.929213381651573129e-06
-3.176988067912346565e-05
6.330859298185545145e-03
1.570772912912770808e-06
1.532338694484987264e-04
1.425937430425902337e-04
-9.355044206730153689e-02
-1.132791400484425533e-04
-1.017148365033211286e-05
-6.164591564623550632e-06
1.818576940318596829e-05
-2.104567941148569390e-02
8.424734990831549261e-06
-1.766920838522372214e-05
1.375066407761229930e-05
2.183754807857170473e-06
-4.355179400160856529e-03
-1.457695866409428951e-05
4.752341413091961937e-06
1.502448788829303274e-05
-3.700741622704635265e-06
-2.618602921327982478e-03
-1.220507199397721406e-05
3.368874478996273384e-06
2.377695315294425777e-05
4.024424090764392066e-06
-3.650658071599615652e-04
-2.069124521682653888e-05
2.938644796244916177e-06
-2.075318539716428464e-05
-1.337098445211774129e-05
-5.758051205437156143e-04
2.301724300244736084e-05
-3.299943428019898434e-06
1.225833742892463996e-02
-2.181075982201340237e-05
-1.217670518281672884e-04
-2.383251889727833368e-06
3.390587352665127598e-07
5.103691206154134687e-05
6.290787191037236492e-02
-3.075100912423199811e-03
6.004483454734403162e-06
9.873233999272648003e-05
2.233959883660293581e-04
-2.939595666522567593e-06
-4.485279922970564779e-05
-1.575714944817853402e-02
8.106900577498688844e-04
-1.337562703282087330e-05
-1.116301128159134581e-04
-3.838867260125572054e-04
1.470583610836199985e-05
4.487073337727136898e-05
4.127768234359035192e-03
-3.585265775039516041e-05
-1.947864645103688171e-05
-5.013998842673408570e-06
-5.627756532020140759e-06
2.394292687001134921e-03
-2.584351659719592883e-06
4.181054786187013623e-06
-1.348286132896182312e-04
1.330942622360919450e-05
-3.325507751062676931e+00
4.609989910803145463e+00
1.492330828980152013e+00
3.789932332642708540e-02
-2.043293817893368391e+00
2.509242258167536654e+00
1.331902946276635413e+00
3.618106425801852044e+00
-1.520569344337704010e-04
-7.841964979886526183e-04
-9.213898125980601265e-05
-2.009721073591623584e-04
-1.576696803868048342e-03
-1.284353789763777989e-04
-2.766064119281064129e-05
-3.214001258042371075e-03
-3.368929629666366600e-05
1.795962908302909950e-05
2.751158281289153504e-03
1.946292905598715896e-05
3.634487122701039887e-05
4.457338079924287599e-03
2.217135570430253165e-05
-1.939050042902766988e-05
-2.841185897615697026e-03
-5.701981006980837602e-06
-2.535251432010601232e-05
-6.509017143689763835e-03
-1.073153390890344137e-06
-1.482606735965148498e-04
2.771008308481354761e-04
-2.770566323051414440e-02
2.110389816862265659e-04
-7.800136712768214680e-07
-5.641846116255846559e-05
6.006388498712823490e-05
-5.151376411715513290e-03
5.629560257404694977e-05
-4.342629982627954079e-06
1.591333866287649490e-05
-1.719115558754795724e-05
-9.346023535758713613e-03
-1.140227675201967957e-05
2.527361629346469272e-06
1.477516890566806905e-05
-3.148753503802915901e-05
-1.224731560556720916e-02
-2.141733761834933904e-05
2.105987419970167432e-06
6.156303166974557655e-07
1.653052016737438639e-05
3.902871653159060723e-03
8.221740880273041544e-06
-1.435127040853566400e-06
1.466095904889571405e-05
1.723492726996067985e-05
1.932705026094767029e-03
-5.570858504077906202e-07
-4.041061771462674458e-06
-1.021208484936167449e-02
6.230548215214990501e-07
1.035822874977531148e-04
1.107919532719594201e-04
4.812246075736369762e-05
-1.061464529435612416e-05
-5.236640221038488946e-02
5.863839668497789273e-03
4.070090245840006260e-06
-7.812002728299542004e-05
-2.821396478758334296e-05
-3.734539056244493645e-05
3.695904100831578511e-06
3.004043321638871777e-02
-5.212584161667215346e-03
-5.326799855705262055e-06
9.519694762490018159e-05
-2.093980005229306197e-07
4.516720004236957412e-05
-7.899822772411714940e-07
-2.669473258326850867e-02
-1.018138536733899996e-05
2.650507723029589012e-06
6.782630400068454055e-09
-2.159095107025058813e-05
1.732379805774410773e-03
-8.565136481582120897e-06
2.061871385087851261e-06
8.722158968491533563e-06
-4.652979122919841289e-07
-2.807488545496592991e+00
1.891708101272712828e+00
-3.524440539754630786e-01
1.605077081209095757e+00
1.362190421722317302e+00
9.458398550443551933e-01
4.257372896000879425e-01
1.670571058896676009e+00
1.363140820473656731e-05
-1.999874594938892214e-04
9.304323326861432808e-05
4.778039853577904442e-05
-1.731142559037833571e-03
2.240877451030989418e-04
1.558916168770195632e-06
3.431621300828599595e-03
1.939232276726474515e-06
1.445507967808902493e-05
-1.695103937999015370e-03
-2.989641026333789100e-06
1.477849688537231129e-05
-3.068449198969517080e-03
1.106528266558487739e-06
1.717680199874709266e-05
6.351300464877260646e-03
-2.133368111626935995e-05
-1.328021283365359310e-04
1.159597109694703683e-04
-9.356385729050784028e-02
1.657358532362560608e-04
-9.929144062321038511e-05
-2.570441854346343369e-05
-2.563128324475450679e-05
-2.106868304923084634e-02
6.153614613759809102e-06
1.196086201755575767e-05
-1.716442006836786714e-06
2.445892955313979907e-05
-4.345742274182359637e-03
1.095426317639344228e-05
-1.147295158156201452e-05
-5.527434937058248556e-06
2.372233645507580317e-05
-2.607682918157330602e-03
5.629557290155764418e-06
-1.165633678678585931e-05
-1.306257831582406003e-05
3.413882320148410197e-05
-3.540993826666818424e-04
1.615049416742282224e-05
-1.736372827977310652e-05
9.468135548511540794e-06
-3.275419046020438255e-05
-5.810876495182847393e-04
-2.366464220230626929e-05
1.557661892803630565e-05
1.224568385475226749e-02
1.060353220226320541e-04
7.108147707343118096e-05
6.753318742479686582e-05
-7.832306472958737420e-05
-7.979729877760348314e-06
6.297636613941119677e-02
-3.066323523926751948e-03
-8.277034646928026294e-05
-5.323148658271765967e-05
1.675052543159886542e-04
6.534769067965025540e-05
1.592395048612334376e-05
-1.580305999123288521e-02
8.016057586387846526e-04
8.875156187317512072e-05
4.016085233848414287e-05
-3.236496851120071829e-04
-8.136156857474037215e-05
-1.102215599180948506e-05
4.174605401865770331e-03
-8.711508695681872782e-06
-2.206231300616438330e-05
1.100379718609037011e-05
7.701049435725925351e-06
2.397585633554670352e-03
-1.881980693196034864e-06
1.604488791085996024e-06
-1.207360953161188934e-04
-3.625523203626706983e-05
-3.325507655534281959e+00
4.610017103322109122e+00
1.492328613798651560e+00
3.788384969637385857e-02
-2.043275711786873394e+00
2.509221775945642108e+00
1.331905965838428685e+00
3.618116855343097793e+00
1.821014210762972264e-04
-6.256838931006968377e-04
1.454064046156309171e-05
2.613198389660030974e-04
-1.372971191074338166e-03
3.316684231111010972e-05
8.529026175012003740e-05
-3.185388143451556124e-03
3.804985385756380411e-05
-4.781973505927787421e-05
2.738874189078306480e-03
-1.963973723309550724e-05
-4.391825817087099531e-05
4.417459422348980758e-03
-3.776890213819249173e-06
4.724112959255376524e-06
-2.816055462075192379e-03
-1.077719209285859286e-05
-1.329572911425329586e-05
-6.473609067084572233e-03
-2.741203247734369828e-05
-2.498179667485256984e-05
-4.582157173575678684e-04
-2.798291072865491044e-02
-1.156106503378612129e-04
1.063671804838130008e-04
-2.359697837217953571e-05
-1.310576198411426757e-04
-5.215961324603318912e-03
-4.694431781205060542e-05
4.714955837476913640e-05
1.194881096347551235e-05
2.335529156578940806e-05
-9.330871006672715462e-03
3.645118395995010841e-06
-1.572595118854437817e-05
9.969012357928789847e-06
4.437411899619299132e-05
-1.220698077898024064e-02
7.796323375469125798e-06
-1.409753727652637023e-05
-4.623525622387974816e-06
-1.420594351577050288e-05
3.875896408343291241e-03
2.178106788601330721e-06
1.820764272622513092e-06
-1.128348265716392600e-05
1.263152092470022963e-05
1.900025729321658469e-03
2.124272288382798320e-05
-3.957859666852899343e-06
-1.019938169350393699e-02
-3.650626045172587970e-05
-7.862641339496710495e-05
-3.099079944056458251e-05
2.079468466715385814e-05
1.694551328405122952e-05
-5.243417058178408141e-02
5.854377195073205004e-03
1.343542877214233278e-05
6.246793347196614391e-05
7.479490115762537131e-05
-1.349888445099005337e-05
-8.981743563920756648e-06
3.009039152623941421e-02
-5.204642023876468286e-03
-3.600746909549425284e-06
-7.506324241410270337e-05
-1.299960209749913363e-04
1.717976938748647670e-05
5.108590161629281829e-06
-2.673678497121988878e-02
-7.534493969377415080e-06
2.810600547766129237e-06
6.578372196367596975e-06
1.187556412148378968e-05
1.762324161039369782e-03
-7.309808373779048039e-06
-3.151178803148286117e-06
8.718020358516757599e-06
-1.646262224989429343e-05
-2.807486094391423492e+00
1.891702151119300179e+00
-3.524409714856520659e-01
1.605070176194178355e+00
1.362193211162800122e+00
9.458431546075336538e-01
4.257371071905954873e-01
1.670570230506082554e+00
4.560922920341049975e-05
-2.081981876725997791e-04
5.180772806098962339e-05
1.237236396499550542e-04
-1.745419320740821279e-03
1.296378687298932713e-04
2.133793286124245552e-06
3.432435382338168244e-03
1.496817333629220429e-06
1.240517107411650783e-05
-1.688104947846066342e-03
3.221888864511937676e-06
1.417537391347490551e-05
-3.061064819045967826e-03
5.429092934775436879e-06
8.382301288196048950e-06
6.362190215187709871e-03
-5.282955070269758748e-06
-1.142094134969490464e-04
1.668304460238723228e-04
-9.352853403659952547e-02
1.224007117875610144e-04
-1.030147289104766380e-05
-2.983084589729325536e-05
-2.169738581627840638e-05
-2.108340326215802848e-02
-5.264456357211645720e-06
1.050107150096712071e-05
1.012932505508699758e-06
2.666714321099524832e-05
-4.333834327777016417e-03
1.359341310231471894e-05
-4.255552559542948045e-06
-2.896487758602686797e-06
2.408489249192016617e-05
-2.595609069554463341e-03
1.063862513014483542e-05
-3.441973062732402013e-06
-9.343646090365326055e-06
3.751731014368625252e-05
-3.381889529516746650e-04
1.940928403686614025e-05
-4.038312654753863876e-06
6.071784178858529758e-06
-3.890502462861353494e-05
-5.945210648105595701e-04
-2.278445757276306992e-05
4.179059521301230701e-06
1.223287102707337239e-02
1.125889289895466391e-04
3.839951208641702199e-05
1.200451743541285131e-04
-1.665513164036654800e-05
-2.681597245283323140e-05
6.304603552766863128e-02
-3.055932169139802344e-03
-9.043341417534509559e-05
-2.648218810376796247e-05
1.315723423158535535e-04
1.583600680221227194e-05
2.486816688040661172e-05
-1.585758840826890712e-02
7.899422512475108267e-04
9.547425873394391161e-05
8.661054672966182394e-06
-2.916047166597799094e-04
-2.826287126168416873e-05
-2.430114878995862868e-05
4.235179439562783248e-03
-2.157090460992299878e-05
-2.318458304005025723e-05
1.098697122213161453e-05
6.438129234874986927e-06
2.403260018932321801e-03
1.506131641003384503e-06
-1.754642972899512278e-06
-1.154195318522832842e-04
-2.692218262329625707e-05
-3.325508717230957423e+00
4.610034338557273514e+00
1.492328350408837379e+00
3.787340568545173591e-02
-2.043266711306327643e+00
2.509208678962178141e+00
1.331906819685203525e+00
3.618122712067477487e+00
1.209746840824133261e-04
-5.588025627213884282e-04
1.147921703104214542e-04
1.789045156359295641e-04
-1.280371520608134276e-03
1.651638310314936106e-04
7.011218486909681950e-05
-3.155549715516018511e-03
5.490122387303777865e-05
-3.856710400841994427e-05
2.725477558189963890e-03
-3.073110308498390941e-05
-2.928636725105321101e-05
4.401857789290822276e-03
-2.770075266554811809e-05
-1.650981633202480816e-06
-2.812530223164633626e-03
2.560224665082428237e-06
-2.014120492664743116e-05
-6.476317655785869716e-03
-9.371835111716589651e-06
-4.973647433276407901e-05
-3.378416321403122295e-04
-2.815401441911045272e-02
-2.922812027980882478e-04
-3.377688847146353912e-06
-3.218752734425945532e-05
-1.026012042539039675e-04
-5.268178064411902124e-03
-8.415733506884639462e-05
4.539174270747865439e-06
1.401272213681051941e-05
1.626407132656229373e-05
-9.323804960763418248e-03
1.481508684739481823e-05
-3.582665664868293031e-06
1.196167123305146266e-05
3.126865584591215788e-05
-1.218631573878854735e-02
2.817761625212708828e-05
-2.821574365428268207e-06
-4.230174341973985138e-06
-8.002869514400031868e-06
3.865756722338229302e-03
-8.836039515550743426e-06
1.942922973657112353e-06
-7.988509787109702491e-06
1.705545953881808897e-05
1.898333751252142404e-03
8.762567117596858178e-06
5.973070081161789042e-06
-1.020086901944570849e-02
-3.414828434604300750e-05
-4.060946853423470196e-05
-7.473950405002523310e-05
-4.862720646763493411e-05
1.518320520026741251e-05
-5.242553580697051352e-02
5.857150189331775288e-03
1.332692054064796815e-05
3.354729813871312174e-05
1.044132675176782346e-04
3.876106182041985366e-05
-5.223899331798117940e-06
3.007548640588637509e-02
-5.209331334459366657e-03
-4.324093257332589418e-06
-3.988885792729507130e-05
-1.657346563987645619e-04
-4.651576330423303667e-05
1.026712646702146456e-06
-2.671188262389725954e-02
-1.123031140576032350e-05
3.598132914291524258e-06
6.090992614793702372e-06
4.265659446282951506e-06
1.768594647769257139e-03
7.182802197307795149e-06
-2.713787606463426020e-06
4.195058633097110683e-06
-9.555163958811692539e-06
-2.807486141769539145e+00
1.891697298650867110e+00
-3.524407201866635586e-01
1.605067467698015671e+00
1.362193828748377911e+00
9.458438187635356265e-01
4.257370606767384436e-01
1.670570725573537807e+00
3.992524938386310314e-05
-1.921968178877698813e-04
1.025205012212806267e-05
1.025914725828510607e-04
-1.708075514260428817e-03
3.540526471002149829e-05
1.387327791124374457e-06
3.429474696075047058e-03
1.133161524093344500e-06
4.947017298479889999e-06
-1.686673130197590201e-03
1.044031350085719487e-05
6.516117369273240094e-06
-3.057621659514092160e-03
1.073165192383074649e-05
-3.779130360731178184e-07
6.360252418804449720e-03
1.218264505368444571e-05
-5.560462822968442482e-05
1.090742910709124961e-04
-9.348264198807110237e-02
8.480789014637436524e-05
9.774753554569284603e-05
-1.861265727402999971e-05
-8.509694874695323272e-06
-2.108384994525000847e-02
-1.849061308172187193e-05
1.335879307071486993e-05
1.877088466481708143e-06
1.425853835112698785e-05
-4.327478497995823452e-03
1.773635819459488299e-05
3.034323570888200928e-06
-4.277453284349474430e-07
1.200437135531119584e-05
-2.590043639811676068e-03
1.716561285020377437e-05
5.409107587692622344e-06
-3.578595335653782852e-06
2.020973451797820826e-05
-3.286201790583073061e-04
2.475392500412651616e-05
1.098799887929598332e-05
1.791121450666466043e-06
-2.237096996652790851e-05
-6.051931107718077057e-04
-2.381062210405347665e-05
-8.436338981762915660e-06
1.222752689446535146e-02
6.642851356690105042e-05
1.136499425455724026e-06
1.295432962849887067e-04
5.087338612322659189e-05
-6.263428441428250048e-05
6.307455942458944920e-02
-3.050737284343146231e-03
-5.434281256506903887e-05
1.450114377053543337e-06
1.303929564668038785e-04
-3.816463499101392187e-05
4.715332015576518756e-05
-1.588493589672058254e-02
7.836057531944353588e-04
5.678886028308696086e-05
-1.274205299345011542e-05
-2.973575519868600211e-04
2.866822454120264522e-05
-5.167746832093132433e-05
4.268269269387860859e-03
-1.615234049651194403e-05
-2.263255355535307819e-05
6.201480939500915207e-06
2.571885347092473332e-06
2.407156849628158332e-03
5.375986666987080933e-06
-6.990402893849524316e-06
-1.190261885441742462e-04
-1.470671045329086758e-05
-3.325509180567698841e+00
4.610034552705792876e+00
1.492328806407842823e+00
3.787302058525793269e-02
-2.043267594102711637e+00
2.509208468810697035e+00
1.331906404274675326e+00
3.618122482175034182e+00
2.299767411651745981e-05
-5.714475259621822198e-04
1.986345816347416407e-04
3.728638342762225524e-05
-1.293857395743393387e-03
2.756724712480578552e-04
2.153212861868203972e-05
-3.150435507291753784e-03
6.928410901721419727e-05
-1.143705708820117491e-05
2.723041311928007559e-03
-4.015251568718053698e-05
-5.613440711354072785e-06
4.405548790792847454e-03
-4.771036519519183163e-05
-3.190157456869914917e-06
-2.817476723585089597e-03
1.361158428888460988e-05
-1.060551600903078656e-05
-6.486473684855887691e-03
5.472681585413804115e-06
-2.045458755190213165e-05
-8.250412856950860416e-05
-2.815435919725710334e-02
-4.407360052147549006e-04
-8.417854425309425866e-05
-1.344067152000981366e-05
-2.824512894450538047e-05
-5.273360983736343627e-03
-1.155818196622814247e-04
-2.556983955189610111e-05
6.026138898282529600e-06
3.460506420202347005e-06
-9.324738377913624823e-03
2.417033037445205971e-05
4.530172310462002244e-06
5.104296954973864433e-06
6.859824936918102172e-06
-1.218802604296823772e-02
4.525709999042111184e-05
4.801401635047967048e-06
-1.777741602040232871e-06
-6.301230482400320635e-07
3.868422938213731364e-03
-1.801883039919778475e-05
2.491143186689552497e-06
-3.430060484985920734e-06
8.315785279602338397e-06
1.905955780377216816e-03
-1.496765537616001149e-06
1.460587729415127183e-05
-1.020470836015863018e-02
-1.455746155775452356e-05
-4.890081740108921055e-07
-5.673214161644609364e-05
-1.064253162499450938e-04
1.726479474922598984e-05
-5.240467012567395777e-02
5.860695890854462214e-03
5.679077552053668288e-06
1.421765726994254115e-06
9.044690289790270534e-05
8.227469636082634810e-05
-3.636392240244614902e-06
3.005661420980094631e-02
-5.213292337046200424e-03
-1.858284468207913180e-06
-1.392252945693043289e-06
-1.474976097222750705e-04
-9.955383371526631232e-05
-1.699784401068557015e-06
-2.669091158253343241e-02
-5.473143845226443112e-06
3.926889637597779990e-06
2.578744576192505493e-06
-1.382851060172859154e-06
1.763614889041924868e-03
1.924684854532831031e-05
-3.128994626056413044e-06
2.303709101579370478e-06
-2.254241959671048942e-06
-2.807487622008781436e+00
1.891698924184257002e+00
-3.524424583962414426e-01
1.605070512318058862e+00
1.362192409651338254e+00
9.458421139832241531e-01
4.257371510728830688e-01
1.670571416096900519e+00
-1.433290413086963853e-05
-1.809601841451511425e-04
-1.747070457058057643e-05
-3.679310826395726597e-05
-1.684770575551978620e-03
-2.775977440465305697e-05
-4.891448042126106769e-07
3.427817091859645861e-03
8.552260028665879388e-07
-2.371431060602157291e-06
-1.690279264162173299e-03
1.495716309760175845e-05
-3.180687648892969212e-06
-3.060659111738750493e-03
1.397589602522328273e-05
3.067344240558561601e-07
6.352982958273831887e-03
2.342374514439316829e-05
-1.146826455336880282e-05
-4.395828886838986938e-05
-9.348556355684974062e-02
5.782786225535542084e-05
1.675451331565366961e-04
3.202607739904655606e-06
3.921686635430032681e-06
-2.107523814935661696e-02
-2.677631665382601968e-05
1.764265093397918816e-05
-1.741800083804658406e-06
-6.019675163764345536e-06
-4.332067552419586846e-03
2.004148256908079177e-05
6.965723071635720684e-06
-1.785851314645882232e-06
-5.161298765386805749e-06
-2.595040281210866072e-03
2.106338612122908064e-05
1.053950364048900242e-05
-2.527305234928932205e-06
-8.519082193370813643e-06
-3.343193385891955489e-04
2.768137240765263651e-05
2.009395159693914141e-05
2.109870191347504462e-06
9.283445967790686951e-06
-6.014027486765438418e-04
-2.389954114939714974e-05
-1.594050010034503976e-05
1.223315429392976550e-02
-5.269430657080959870e-06
-2.615686983238006206e-06
1.020067965187185753e-04
9.421785641100965025e-05
-9.251909358072693459e-05
6.304428103536090233e-02
-3.054840458167644088e-03
5.974117752459814509e-06
9.983916541935962090e-07
1.513952327317019892e-04
-7.286252207361637470e-05
6.756241268634455787e-05
-1.586323620302245579e-02
7.880042210903934153e-04
-5.253204997377298304e-06
3.596876343053416942e-06
-3.188049288104625751e-04
6.551602731968094221e-05
-7.532407780543789999e-05
4.245243476995379933e-03
8.205267466479716646e-06
-2.163735453297354532e-05
-1.235476931512977268e-07
-1.084397083205810215e-06
2.405352254040593607e-03
7.889558550468618028e-06
-1.088938050060078467e-05
-1.236324596498459747e-04
-2.367656157843645129e-06
-3.325508478802184698e+00
4.610017377803050209e+00
1.492329430832286086e+00
3.788322594342276306e-02
-2.043277348744951372e+00
2.509221483440731593e+00
1.331905217057262281e+00
3.618116406812872832e+00
-3.689236845881201652e-05
-6.487248157994645941e-04
2.194977342677696902e-04
-5.733810195335011233e-05
-1.397686008775039486e-03
3.008051129397365194e-04
-2.870002857328252685e-05
-3.176459792552122855e-03
6.682827687868064554e-05
1.556206128081092540e-05
2.734607366892764010e-03
-3.943344112113418153e-05
9.042919913029522468e-06
4.424157089226828793e-03
-5.263418005792330144e-05
3.220454485079055999e-06
-2.824923678625179506e-03
1.852338570426105322e-05
1.259483177948307757e-05
-6.491757541701508212e-03
1.427561205613884211e-05
6.737771299975992977e-05
1.266263104145428015e-04
-2.798240601198252742e-02
-4.621484544515637905e-04
-1.105666783646168513e-04
3.024764376307872019e-05
4.155889256806863385e-05
-5.224895648066884245e-03
-1.161997942226142467e-04
-3.545185024921517392e-05
-9.857136966707560164e-06
-5.593233153031813247e-06
-9.332585367036063881e-03
2.613442757319407896e-05
7.220511789374325921e-06
-8.927003791205309906e-06
-1.095662188834287305e-05
-1.221017359508507621e-02
4.865388893283657741e-05
7.325382372461047864e-06
1.372802985658777055e-06
1.708624182641218433e-06
3.880732225341690204e-03
-2.094985598641364277e-05
2.643739405433937831e-06
-1.961095144872896164e-06
-1.043412029358245501e-05
1.913671771896346789e-03
-8.007491892524926447e-06
1.735040800167259969e-05
-1.020622903373799920e-02
1.174959359228828741e-05
6.362428853021377217e-06
1.510205463752488375e-06
-1.259727977614576622e-04
1.775769307356506416e-05
-5.239692697250211695e-02
5.860717600426479899e-03
-5.984237290275435400e-06
-6.161059329253099726e-06
4.962102434273693748e-05
9.662022792063679763e-05
-3.071448969780163094e-06
3.005665787640682957e-02
-5.211722733068170632e-03
3.236909199461092865e-06
7.016674743965236875e-06
-9.714338417478194038e-05
-1.171913162869627086e-04
-2.574371865462619940e-06
-2.669930939669555581e-02
6.972952944689435234e-06
3.402478748535285458e-06
-2.255719159454791469e-06
6.800242860586797495e-07
1.753350735814645633e-03
2.393201079178294773e-05
-3.216182658062758998e-06
5.398875455579049191e-06
4.473030602671510819e-06
-2.807488544315937418e+00
1.891708103242089711e+00
-3.524440528415153095e-01
1.605077080539662804e+00
1.362190422497406184e+00
9.458398560167619040e-01
4.257372895557361980e-01
1.670571057934188808e+00
-8.617731025337416466e-05
-2.000097734567562861e-04
-3.478582430532520335e-05
-2.142571852840870423e-04
-1.731192234878700578e-03
-7.088338386758613380e-05
-2.358549985013896322e-06
3.431624961139391906e-03
3.740241146742616828e-07
-4.783710053420498051e-06
-1.695102020176326519e-03
1.402048971667239532e-05
-8.792451231459789713e-06
-3.068449324124683259e-03
1.227223431301788707e-05
1.081646887526897994e-05
6.351308317147837459e-03
2.547777530706597088e-05
-1.411220723386470845e-05
-2.015587875818143377e-04
-9.356389074380894177e-02
1.756362955847184958e-05
1.639333553226453885e-04
2.321310899863210381e-05
7.488404366000272019e-06
-2.106868992965739082e-02
-2.527019462885731879e-05
1.628240654922300185e-05
-8.334712887960496250e-06
-2.171895347435875691e-05
-4.345743353612567181e-03
1.570323408071313463e-05
7.125239403161795027e-06
-6.852196451275135099e-06
-1.673999709186969230e-05
-2.607683017765813523e-03
1.772718690834076540e-05
1.055129734765544416e-05
-7.859795131444685445e-06
-3.106447732875246466e-05
-3.541019935561305469e-04
2.148786758074746703e-05
1.990798933130930018e-05
7.737775282423204519e-06
3.688357524436953924e-05
-5.810825926457637534e-04
-1.653300563351831591e-05
-1.585406976131310770e-05
1.224568412103381812e-02
-5.995975398955393122e-05
3.218982289413983237e-05
6.754976075396489608e-05
1.007077081489390072e-04
-8.783737115376742135e-05
6.297636414252497095e-02
-3.066324927010813210e-03
5.518832072951538220e-05
-3.004041984553522008e-05
1.674879727992657471e-04
-7.875497889792414411e-05
6.372114144704082929e-05
-1.580305341751112383e-02
8.016077843097026579e-04
-5.392539837026114557e-05
5.046799027306234591e-05
-3.236265585593652992e-04
7.544070989732154628e-05
-7.135207889756300665e-05
4.174595410311981135e-03
3.591270505726543058e-05
-2.206340010459079099e-05
-4.259673293219443850e-06
-2.220860076839367941e-06
2.397583911423066365e-03
7.609065679787618917e-06
-1.031255284548143923e-05
-1.207304312197937234e-04
1.054354471539049705e-05
-3.325506921638255342e+00
4.609994700691776970e+00
1.492329612481036571e+00
3.789705858853921472e-02
-2.043288835744828003e+00
2.509238733930388321e+00
1.331904245889569349e+00
3.618108808707092283e+00
-2.334985436743842595e-05
-7.319414518195326924e-04
1.599867330579393925e-04
-4.873550754260064629e-05
-1.514346086135354673e-03
2.149357962005637871e-04
-4.991570843777602500e-05
-3.217437976909014695e-03
3.768844066296930573e-05
2.598342885688886597e-05
2.753056749860856387e-03
-2.314447492376533054e-05
6.026649949540100246e-06
4.443304571333768840e-03
-3.825930187189922996e-05
1.343667881660045557e-05
-2.827775215956312548e-03
1.745525536494298553e-05
3.491736539711680435e-05
-6.484563057560606934e-03
1.975059279944925365e-05
1.644543613584947979e-04
1.632448634741090791e-04
-2.775779565642385455e-02
-3.079456787406512010e-04
-9.887964454326012692e-05
7.425754082524341215e-05
6.434549495212778030e-05
-5.154575579053962547e-03
-7.145476243669911340e-05
-3.412958694614449029e-05
-2.469007551617467922e-05
-5.462264279658400306e-06
-9.341518777414924146e-03
1.836779512292816051e-05
8.023072288290788691e-06
-2.222852965713660882e-05
-1.148702116207089389e-05
-1.223666455278455897e-02
3.386841047754500197e-05
7.832881324117466122e-06
3.438657358210791249e-06
-2.263594877356943249e-06
3.893081959309698144e-03
-1.643280690886172695e-05
1.504416642920159594e-06
-4.450045796528516647e-06
-2.744625777418914123e-05
1.913170119133991796e-03
-1.308290191519469220e-05
1.303592513581005255e-05
-1.020296296441756782e-02
2.982805429047712933e-05
-2.328967492740797868e-05
5.240042706457025785e-05
-1.012408114471833177e-04
9.447648989730401292e-06
-5.241572239430146440e-02
5.855807955547993361e-03
-1.504831745777155945e-05
1.476768123099871619e-05
1.577402018306596791e-05
7.685029957909735325e-05
-4.927544934338652654e-07
3.008294894381264087e-02
-5.204104337692212062e-03
8.081329859121736450e-06
-1.898465995454623874e-05
-5.676946622482092770e-05
-9.351102444019496434e-05
-2.816491682921827813e-06
-2.673944845958764124e-02
1.749748755748295134e-05
2.154725611078816560e-06
-5.726472955991439760e-06
8.930529620773223093e-06
1.746841805960340629e-03
2.042038365211116605e-05
-1.608705941551846204e-06
1.199726873565088815e-05
1.076583954216076768e-05
-2.807487723319561201e+00
1.891720126113802802e+00
-3.524438985731614959e-01
1.605082784352097391e+00
1.362189464728773558e+00
9.458389096926781425e-01
4.257373695238043654e-01
1.670569426605318597e+00
-1.254904662728144327e-04
-2.474832143076087163e-04
-5.422880038702779682e-05
-3.072874618744940011e-04
-1.840608176835476688e-03
-1.244002276939304300e-04
-3.021520142416544339e-06
3.440255477938095920e-03
-6.042409055914357958e-07
-1.939898601871766899e-06
-1.697164258434237256e-03
7.742236434192356937e-06
-7.735447570932311442e-06
-3.076077320110942506e-03
5.169518515807709175e-06
2.208820849757272506e-05
6.359859128083901816e-03
2.089273649530122082e-05
-4.851183243739747285e-05
-2.619237305579911698e-04
-9.368336889280917679e-02
-6.002909896955667521e-05
9.621852997244774192e-05
3.047861412918480457e-05
2.043074790002404940e-06
-2.107159861091708122e-02
-1.432421885890119013e-05
4.464761950959730943e-06
-1.326394162671094375e-05
-2.391513658260846769e-05
-4.360321909003948837e-03
2.821800574587416072e-06
5.763772588370498848e-06
-1.164928325248310378e-05
-1.668919524954946121e-05
-2.619997764304576437e-03
5.960971191450899751e-06
7.432055918498031586e-06
-1.467231357006055015e-05
-3.452663926717818878e-05
-3.766339966557567006e-04
3.387975632052289161e-06
1.297528568614472410e-05
1.391630184999547917e-05
4.377697682079236002e-05
-5.547596263703438767e-04
2.023453815453844540e-06
-1.060236638446040004e-05
1.225687617616686570e-02
-7.129982715355403426e-05
7.408470245331036743e-05
5.540134470588314788e-05
7.923528962507886647e-05
-3.759074725551451654e-05
6.291541206835134237e-02
-3.078193831431864230e-03
6.826423534570102568e-05
-6.446443690387172179e-05
1.605636466213158865e-04
-6.367670315742522159e-05
2.494199144666684099e-05
-1.574123358617623980e-02
8.164249899230332499e-04
-6.514833399709524687e-05
9.058718946019627544e-05
-2.981458417507835902e-04
6.871137672648278637e-05
-2.960272429357213884e-05
4.098270056961954462e-03
4.668113178880618211e-05
-2.440997737030911868e-05
-4.501963584279699052e-06
-7.497658631112742397e-07
2.388077055346860943e-03
4.371774909710186884e-06
-4.816441079214178843e-06
-1.091786491958491819e-04
2.498049692199883745e-05
-3.325505519972418611e+00
4.609981967146588921e+00
1.492329176300359439e+00
3.790512505468219412e-02
-2.043294120618917020e+00
2.509248476197908140e+00
1.331904199625111307e+00
3.618104896692012407e+00
3.362943932035654810e-05
-7.629364177102721618e-04
4.531284251896220523e-05
2.826454128395007801e-05
-1.562770488334443413e-03
5.159296063299230505e-05
-3.531396790960555882e-05
-3.245967248320700584e-03
-1.303535767593180363e-05
1.712953234655819416e-05
2.766074749385822804e-03
5.493396508361842557e-06
-7.615866305126880731e-06
4.449524792421270802e-03
-1.060750003054238991e-05
1.921872030614560589e-05
-2.823535395357219899e-03
1.345998030454004238e-05
4.092025323846875670e-05
-6.468661505966647601e-03
2.572546798554207126e-05
2.032211971627933460e-04
4.997728063187877105e-05
-2.763377392152656375e-02
-2.480777784376828608e-05
-8.511508960107928314e-05
8.962686045093078775e-05
3.728762880151966657e-05
-5.109800855599221092e-03
8.270875168318173108e-06
-3.610331228421918468e-05
-2.918642141339129899e-05
1.183229971649421579e-06
-9.345337561131214846e-03
3.753279059878801848e-06
1.122122116028250065e-05
-2.637950836032208879e-05
7.941852563843951349e-07
-1.224923243793751837e-02
6.164422646463259255e-06
1.025328814331682550e-05
3.509141128704773450e-06
-7.990769996605133688e-06
3.896747717217736041e-03
-7.145091029868027465e-06
-1.003280048048222681e-06
-7.628360582322359608e-06
-3.126699915610900692e-05
1.903943143275563460e-03
-1.929269357951549034e-05
4.566618713325547844e-06
-1.019671367105255515e-02
3.124138756839909420e-05
-5.838807115571099325e-05
5.920586013172723580e-05
-4.903357076463485154e-05
-9.386453510550955929e-06
-5.245061082861462998e-02
5.848972873704668535e-03
-1.662368718689142898e-05
4.148053537782753620e-05
1.358026719832077650e-05
3.565013404363593134e-05
5.654566577534268811e-06
3.011964253397577188e-02
-5.195253125966528378e-03
9.560886635087408004e-06
-5.142984884092458416e-05
-5.599346759638972656e-05
-4.391927613972216986e-05
-3.706784919158300141e-06
-2.678624355836510540e-02
1.840643240155576010e-05
9.020098462053234721e-07
-6.083795431480579533e-06
1.584399462121681600e-05
1.749095951756900712e-03
1.209464931435062183e-05
1.825358214365120290e-06
1.778740270199754276e-05
1.657764720589083337e-05
-2.807485769394179265e+00
1.891727670057138377e+00
-3.524422112387615713e-01
1.605084307745882066e+00
1.362190029874048802e+00
9.458397418802556578e-01
4.257373476081779406e-01
1.670567579042750772e+00
-1.020959136407581053e-04
-2.932463715416961628e-04
-8.102502487723330722e-05
-2.463375971803940666e-04
-1.943746224022560804e-03
-1.981254189230877388e-04
-2.149924527791902201e-06
3.448238982526617962e-03
-1.927976170488388781e-06
2.082670296893430675e-06
-1.695445056201264847e-03
-9.082638868708264430e-07
-2.695220686326368905e-06
-3.079041870340440152e-03
-4.629417288597414158e-06
2.294017563978812817e-05
6.372840333550691683e-03
1.462756432399344492e-05
-6.591967596544575790e-05
-1.904833294284170799e-04
-9.377027808315392676e-02
-1.668214075661799366e-04
8.941884155574642511e-06
2.331383373157036313e-05
-4.861975640058739125e-06
-2.108156779436244285e-02
7.222934259748942923e-07
-1.520050028324910970e-05
-1.229492217797875937e-05
-1.383541041274375316e-05
-4.367100015366907027e-03
-1.490814779231980510e-05
5.421206900763815257e-06
-1.146251689276137062e-05
-7.948749369696787577e-06
-2.624709497661437043e-03
-1.025147029034469967e-05
4.468098712068663912e-06
-1.544521425195050318e-05
-2.027458555515122422e-05
-3.883683163969449317e-04
-2.155453031505785914e-05
5.120671801208584869e-06
1.416963926076620011e-05
2.840540998397580172e-05
-5.384571712314954522e-04
2.756969636624706196e-05
-5.013182305197203880e-06
1.226016608501291107e-02
-4.702231753609537724e-05
8.055526854959485126e-05
7.114234324036891165e-05
4.963069558644340199e-05
3.930366490861350560e-05
6.289695533752233392e-02
-3.083412524094263432e-03
4.805594951020146884e-05
-6.791140847786148772e-05
1.363894557255598535e-04
-4.302111574231188705e-05
-3.613034983422856977e-05
-1.571449441678833547e-02
8.236020886743942093e-04
-4.421880240068742088e-05
8.653702644990995875e-05
-2.596466003513198052e-04
5.963753080755628038e-05
3.527675827166151736e-05
4.061872711857714494e-03
3.177184300535058236e-05
-2.708219475274690783e-05
-2.335656581075326935e-06
1.260491472595732273e-06
2.382537737409752294e-03
-3.663094243636165048e-07
2.925090522011039682e-06
-9.634684185043619284e-05
3.901964022329393550e-05
-3.325505225503171403e+00
4.609986688240610420e+00
1.492328509506041456e+00
3.790259660973047812e-02
-2.043290364495871092e+00
2.509244949385820433e+00
1.331904986103927158e+00
3.618106893592634599e+00
6.546754138167088617e-05
-7.271706147040779685e-04
-7.224009739038411400e-05
7.962196743428795519e-05
-1.518463161701107209e-03
-1.159740101129663026e-04
-5.938271875938783670e-06
-3.243933989219892691e-03
-6.534220011999139130e-05
1.416851912740996690e-06
2.765350159047648068e-03
3.501133257751542084e-05
-1.543335439392596833e-05
4.440223076986958561e-03
1.774313961504491035e-05
1.485068866829473013e-05
-2.816101282168385119e-03
9.478516025719519730e-06
2.631626361098621640e-05
-6.456277214100812449e-03
3.212249382841161606e-05
1.505120513363655496e-04
-6.796301420456981170e-05
-2.768293710938903723e-02
2.662612847816600093e-04
-9.019834095187515108e-05
6.506180374015272663e-05
-2.966469399936587150e-06
-5.118219358222397299e-03
9.037233094779768491e-05
-4.656436314375208554e-05
-2.070080720598178303e-05
6.139212712904333851e-06
-9.342078166627857533e-03
-1.124588264827248111e-05
1.723578025051868522e-05
-1.880804637112053950e-05
1.062307636588336188e-05
-1.224102239200300195e-02
-2.227875445419446034e-05
1.520383769301451503e-05
2.162077673654925264e-06
-8.948510916642060461e-06
3.890350176789115350e-03
2.342339248425577379e-06
-3.868287415134263687e-06
-6.930690657863311093e-06
-1.956131392612750231e-05
1.893569266570494739e-03
-2.586581234420641564e-05
-3.295997526708782770e-06
-1.019221088524773465e-02
1.967272719247784187e-05
-5.966059498442814187e-05
2.317543220013614782e-05
4.190300128430675565e-06
-3.149442548039944174e-05
-5.247516843684373739e-02
5.845187641313116279e-03
-1.108518234557245873e-05
4.389903312703086392e-05
4.028506586495616019e-05
-6.375438011626422273e-06
1.349291977151312902e-05
3.013983511707910012e-02
-5.191458024047965365e-03
6.807209326555354581e-06
-5.388344037004514975e-05
-9.001930915261775116e-05
6.667873886159364662e-06
-5.514808066283515003e-06
-2.680627695698292387e-02
9.051711736643522580e-06
5.866150888931422616e-07
-3.851799215944280296e-06
1.406627682112559804e-05
1.757391695156919516e-03
3.649210527827340600e-06
5.777171514058093902e-06
1.886796327494580207e-05
2.058917685766618926e-05
-2.807484543364160867e+00
1.891726217228840268e+00
-3.524407647304676483e-01
1.605081725304199569e+00
1.362191219075962190e+00
9.458411689040238102e-01
4.257372718109955767e-01
1.670567017890390860e+00
-2.965681396300653942e-05
-3.022323102226642778e-04
-1.038331265732017692e-04
-6.952760729855835215e-05
-1.962314185080753400e-03
-2.606968029501435889e-04
-4.492299658093383254e-07
3.449531757819341606e-03
-3.043487557657244869e-06
2.347128205676298714e-06
-1.692428065552472900e-03
-8.070455842586234650e-06
8.134707271602477623e-07
-3.076448685597669205e-03
-1.276466583124390502e-05
9.467468001694034929e-06
6.378802666526381220e-03
9.536773191678578164e-06
-2.686012329267700201e-05
-4.510568680379269373e-05
-9.376689707178652300e-02
-2.564963019040030368e-04
-5.245402945663324152e-05
9.941925520318418196e-06
-4.601148736079217543e-06
-2.108870436824317879e-02
1.318433084638582478e-05
-3.309693588064272055e-05
-5.057768136557978422e-06
-1.342945701585348856e-06
-4.363163318231729794e-03
-2.969777383389827667e-05
6.477483638715114732e-06
-4.771777704189492500e-06
3.954344387435672836e-07
-2.620447643775351311e-03
-2.374387274844336546e-05
3.349248938130327364e-06
-6.436627050484153020e-06
-2.171718562891363362e-06
-3.834382084434862100e-04
-4.235616467241764150e-05
5.796181349866987861e-07
5.797138645690462556e-06
4.862664720659000921e-06
-5.418234448463345523e-04
4.892400359200682689e-05
-2.160408640370707037e-06
1.225539436641256627e-02
-2.000719375824493913e-05
3.355225772923298155e-05
9.418958924771719116e-05
2.553629219904024673e-05
1.044849540603293939e-04
6.292271574971428083e-02
-3.079873818938021462e-03
2.047979006534701569e-05
-2.750689019772296033e-05
1.190109192686230970e-04
-2.623767786630511008e-05
-8.918227379899598196e-05
-1.573305820005741623e-02
8.197936875979157552e-04
-1.882992516082862832e-05
3.171541919007335642e-05
-2.420717292608406870e-04
5.254375034384576064e-05
9.099094065730003967e-05
4.081653454017803578e-03
1.189835269134312277e-06
-2.780803782148182226e-05
-9.389139854837970931e-07
1.244747513899585416e-06
2.384189181791941409e-03
-4.216666091889439367e-06
9.001266631432933239e-06
-9.267938295965363795e-05
4.724154824799354352e-05
-3.325506196151037042e+00
4.610003103263446533e+00
1.492328218801427298e+00
3.789267233644463828e-02
-2.043281704059662029e+00
2.509232478245352560e+00
1.331905837025950667e+00
3.618112498864404891e+00
2.375978501349750531e-05
-6.622317602279868950e-04
-1.464874992069614625e-04
3.283124380699074807e-05
-1.428908826861276064e-03
-2.207508755025505015e-04
7.743927942669812074e-06
-3.215931043286246113e-03
-9.568482246598022337e-05
-4.467140923914894981e-06
2.752783236833725340e-03
5.228595032141302530e-05
-5.669749322805303961e-06
4.425006016453817033e-03
3.562231829441617263e-05
1.891560066502852339e-06
-2.812303700551437979e-03
5.993147174794260757e-06
1.298430644260592142e-06
-6.457975091901791212e-03
3.386813272196404271e-05
3.367714998648564347e-05
-4.794703051143167893e-05
-2.784618938837612329e-02
4.432006482215129100e-04
-9.971096036968810430e-05
1.561682567018065802e-05
-1.203193532588206885e-05
-5.167550098580617549e-03
1.390688562789770357e-04
-5.529624579086732822e-05
-5.111229482928057879e-06
2.717183035348456206e-06
-9.335259397569590362e-03
-2.057353585863785212e-05
2.151521223969156036e-05
-4.639760892456742231e-06
5.055316393365092560e-06
-1.222116337982651936e-02
-3.987900668833628840e-05
1.879802851860358441e-05
8.747407449976552662e-07
-2.183673486625375977e-06
3.880438243450626355e-03
8.617582085330105260e-06
-5.544509139261708864e-06
-4.607388953190270155e-07
-8.606139087464122259e-07
1.891275636770336100e-03
-2.826828688939713417e-05
-7.329598527687175322e-06
-1.019321835975725912e-02
7.065271158272040428e-06
-1.292896026184734038e-05
-2.007764750587868541e-05
4.019219747297798982e-05
-4.467314944990414350e-05
-5.246872282800586068e-02
5.847487869767109200e-03
-3.359720262328593106e-06
9.985155180397798188e-06
6.974800259094930265e-05
-3.453242438817770400e-05
1.831882218428437252e-05
3.012732225590910792e-02
-5.195594512280594240e-03
1.668581697162784054e-06
-1.212109820421749490e-05
-1.257245228424814587e-04
4.062122325556266720e-05
-6.759963881436611841e-06
-2.678446305146310602e-02
-3.615010409611565911e-06
1.505683904021240933e-06
-1.316060341387081788e-06
2.540652560135894523e-06
1.763868504854709720e-03
-2.346025475412606949e-06
8.072072235665033889e-06
1.475345744711665738e-05
2.062132953386748680e-05
-2.807485542650309363e+00
1.891717478986108647e+00
-3.524413217370942486e-01
1.605078155293993891e+00
1.362191588287386956e+00
9.458414569652086046e-01
4.257372340171851066e-01
1.670568434714344574e+00
4.423201469983790388e-05
-2.632533055115940726e-04
-1.007846032547133567e-04
1.055876575460931672e-04
-1.873135957702091407e-03
-2.565282050862027481e-04
8.458245278785843389e-07
3.442536164826765898e-03
-3.255632458918428096e-06
-2.729413676899133653e-06
-1.691773675035454982e-03
-1.139565235834797319e-05
-9.088741934837138097e-07
-3.071413764231128735e-03
-1.592306530483167496e-05
-1.135164034511457815e-05
6.370445428384727618e-03
4.540801926939393633e-06
6.358894823167979607e-05
7.003005941570802256e-05
-9.367673888188912668e-02
-2.711675588209120713e-04
-7.265901335397909272e-05
1.348081856383326555e-06
5.146302012296249202e-06
-2.108430141136861252e-02
1.912756551715863635e-05
-3.874524962458116717e-05
4.550591309982497044e-06
3.202246596656218935e-06
-4.353235722431542110e-03
-3.430152929535348655e-05
6.746919742032649286e-06
5.296366431473837545e-06
7.001913174895810579e-07
-2.612342894280651837e-03
-2.851575085611595821e-05
2.925251647388474096e-06
8.866491924007019863e-06
4.886631519622391790e-06
-3.677363036813186079e-04
-4.871592294890264444e-05
-9.715278239037805109e-07
-7.669463860533058786e-06
-8.621490027224910848e-06
-5.608897442297858336e-04
5.452273688701094817e-05
-1.155596324822819032e-06
1.224843061012998932e-02
-1.944166945721359819e-05
-4.385350915077950904e-05
9.656716597749139333e-05
5.208680749933239026e-06
1.252989369725674915e-04
6.296138533995061792e-02
-3.071846173404326960e-03
1.196700910430778799e-05
3.603656094603619484e-05
1.296196294975996430e-04
-1.052273850296839347e-05
-1.060479350875001846e-04
-1.577460880062289683e-02
8.095561911381166315e-04
-1.488303611273561442e-05
-4.265015393155198025e-05
-2.669500885817703475e-04
3.860975298532081973e-05
1.087208744158052009e-04
4.133910977033318154e-03
-2.371690345865058180e-05
-2.568417768730543472e-05
-2.794134542376181949e-06
-1.558686636070620753e-06
2.391026020955354728e-03
-5.861056554303813183e-06
1.098246127580798019e-05
-1.026042566390297659e-04
4.365646471692314972e-05
-3.325507654586208339e+00
4.610017093545298650e+00
1.492328613828724171e+00
3.788385580201795999e-02
-2.043275716328948111e+00
2.509221783181407428e+00
1.331905965541949399e+00
3.618116852200311762e+00
-7.739834437031303414e-05
-6.257164499033696699e-04
-1.633941318161303863e-04
-1.001557414911498719e-04
-1.373017379659161995e-03
-2.402383342723409942e-04
-8.733592345387045973e-06
-3.185406363012305547e-03
-9.146303323199514673e-05
6.457940610362267699e-06
2.738882176969751562e-03
5.057502116575257763e-05
1.846596950680493628e-05
4.417466779887201794e-03
3.959156776077873377e-05
-1.175437393878114370e-05
-2.816055599568976098e-03
1.212163166254238653e-06
-1.734871862674861368e-05
-6.473604008626425085e-03
2.484373374107852180e-05
-7.821437419475896658e-05
1.289520971495601196e-04
-2.798281596425180109e-02
4.546337944021600704e-04
-7.823225942604156787e-05
-2.849885141563829316e-05
2.486210526828951459e-05
-5.215931122464843861e-03
1.369731061116647884e-04
-4.530790096981062402e-05
7.695988278089830096e-06
-8.518065522222805131e-06
-9.330874893425168334e-03
-2.204657255527617894e-05
1.809340847022550630e-05
7.201369769013822009e-06
-1.543030189648718581e-05
-1.220699171284903885e-02
-4.232388536267882897e-05
1.574197845777210134e-05
7.787063564223188014e-07
8.988568443353239622e-06
3.875901173271848865e-03
1.121241505691592890e-05
-5.020251641263525762e-06
9.022765062866445178e-06
1.208527743482452583e-05
1.900024061968294369e-03
-2.156131236847927041e-05
-7.681124630758400917e-06
-1.019937950170177882e-02
3.578183644031942737e-06
5.753407007020543802e-05
-3.097312383098274309e-05
5.801002370268274247e-05
-4.009691612508821563e-05
-5.243418295190930417e-02
5.854374664482402991e-03
1.060307738748509195e-06
-4.303501513538950048e-05
7.478338980027414971e-05
-4.751359179081725498e-05
1.613093622234029073e-05
3.009040557416759257e-02
-5.204638481567344307e-03
-2.621948672730442035e-06
5.252210811214648293e-05
-1.299826660349900757e-04
5.658283961265149356e-05
-5.678803934186876464e-06
-2.673680398028702512e-02
-1.040848776348185432e-05
2.810096738773470064e-06
-5.735796666313599734e-07
-1.226935074758442813e-05
1.762322406394274113e-03
-6.629405539776517752e-06
7.306261015532435985e-06
8.720628574525284609e-06
1.484229146069728865e-05
-2.807486005021893938e+00
1.891710304026982259e+00
-3.524413833860308154e-01
1.605074711746001581e+00
1.362192182496335002e+00
9.458420493354834369e-01
4.257371849053570023e-01
1.670569392256930463e+00
9.386511323999702011e-05
-2.352213267839366921e-04
2.566434478971920955e-05
2.370647976859643663e-04
-1.808476180835567274e-03
7.288805110450887349e-05
2.886806147708995375e-06
3.437439992241637411e-03
1.475388654924569939e-06
8.032307143443439030e-06
-1.690484318723337563e-03
1.035799997726097339e-05
1.199744327784399535e-05
-3.066827786350984596e-03
1.134048478134411121e-05
-6.600878770862820420e-06
6.365497244256111339e-03
9.128896920072992015e-06
-6.533855632243147139e-05
2.354154164841843475e-04
-9.360567423369310636e-02
1.149158904927992842e-04
8.847419886830166190e-05
-3.526165520761076212e-05
-1.345285446542652077e-05
-2.108272418395570544e-02
-1.819363735809505992e-05
1.352606136977941507e-05
6.458596397699771865e-06
2.800990903361270229e-05
-4.344490387435873645e-03
2.018766199055325083e-05
2.274592214882424656e-06
2.733383457935535584e-06
2.266417817677340315e-05
-2.604936442767682298e-03
1.873549371267353993e-05
4.554862474151695381e-06
-8.806696163403308442e-07
3.987376211812760821e-05
-3.542449611871037918e-04
2.831907750134271976e-05
9.603720560693180522e-06
-1.415471150125138951e-06
-4.562183144891023912e-05
-5.766014512007889073e-04
-2.855371875992829375e-05
-7.241197255402815106e-06
1.224149800249224769e-02
1.149406033888153466e-04
-1.791168966395983005e-05
1.042794827322434835e-04
4.014748479767468162e-05
-6.068957628401488058e-05
6.299813243539495455e-02
-3.064770424500610525e-03
-9.703239253303443980e-05
1.947586814639334137e-05
1.333587525444362781e-04
-2.892096514182989432e-05
4.628960291965139617e-05
-1.581175556278349020e-02
8.008001784064725957e-04
9.962516575781751524e-05
-4.362027393317023411e-05
-2.817096165524606661e-04
1.643473620553096801e-05
-5.039388628316743122e-05
4.179714980863496500e-03
-3.780591210691434462e-05
-2.456719041519500528e-05
1.005475433115770006e-05
4.150931838525850776e-06
2.396698452422084229e-03
5.336591414716256412e-06
-6.547714270885009137e-06
-1.094226351066047417e-04
-2.488677220712128408e-05
-3.325507418308417229e+00
4.610010199993928914e+00
1.492328910361007788e+00
3.788792613583601143e-02
-2.043279731470597493e+00
2.509227002277405472e+00
1.331905446291659079e+00
3.618114383326021866e+00
5.601889958987210178e-05
-6.580873244095316980e-04
1.773716079134513555e-04
9.397614953664432081e-05
-1.416161767903367612e-03
2.462081349302650793e-04
6.071438694168296784e-05
-3.195373777685472060e-03
6.196714377801100656e-05
-3.215175238035509130e-05
2.743296538420235148e-03
-3.589819732605070284e-05
-1.380033464197995572e-05
4.425326208563905989e-03
-4.260153770527433636e-05
-1.083945854585471979e-05
-2.819545475529075442e-03
1.212434249365719507e-05
-3.312149691376816628e-05
-6.476739991162582151e-03
4.818518848840252747e-06
-1.060563464064815861e-04
-2.273236662413021230e-04
-2.791360964100014427e-02
-3.935898469312514372e-04
-9.230156602733432007e-05
-5.431223436144178387e-05
-8.029273365372132092e-05
-5.196934163603702042e-03
-1.032042701920079240e-04
-3.104619193728292852e-05
2.042344421638135485e-05
9.113502776670247832e-06
-9.334126659112202198e-03
2.157280809990263663e-05
6.932965784179246487e-06
1.789860229951880261e-05
1.827510989241002540e-05
-1.221607837223012694e-02
4.040013198460018262e-05
6.861606091244722058e-06
-4.276793197864911338e-06
-7.074300402003817525e-07
3.881122488335938831e-03
-1.608384696169092102e-05
1.691511767135257015e-06
-3.204219333114775397e-06
2.613341403383010408e-05
1.903888604261323985e-03
-1.311163917546922733e-06
1.300174279277209909e-05
-1.020048824574310530e-02
-3.580548008079254354e-05
5.686887751872711451e-06
-5.743904841448081548e-06
-9.489292473912115959e-05
1.105865377011806063e-05
-5.242901655498315161e-02
5.854770395014668137e-03
1.551065366410986530e-05
-1.210586018698003215e-06
5.695872521087482453e-05
7.338075098845598429e-05
-1.242041045631031766e-06
3.008856109418167266e-02
-5.204353175190899218e-03
-6.489505506877966316e-06
2.509842722269148803e-06
-1.078924854966291217e-04
-8.879751897658391322e-05
-2.472653078938450141e-06
-2.673810221669310067e-02
-1.783445596000615666e-05
2.363698131040591109e-06
6.509778882747625336e-06
-5.531828100499913757e-06
1.757691899265568505e-03
1.723868688087657540e-05
-1.877860041122651057e-06
9.723538136384356033e-06
-4.504744816378784858e-06
-2.807488731094113454e+00
1.891704494589790064e+00
-3.524440332824011479e-01
1.605075283290752886e+00
1.362190758447204830e+00
9.458401992879477138e-01
4.257372625930414545e-01
1.670571513329544011e+00
6.592139340528421440e-05
-1.864175249484893010e-04
-2.500461827776997791e-05
1.631619469882599090e-04
-1.699765643760714874e-03
-4.538704587815549314e-05
1.753320386753010864e-06
3.429149733778173899e-03
7.433534293617523071e-07
2.089513224061452422e-06
-1.694356287717765572e-03
1.571718345580588733e-05
4.844167492662463998e-06
-3.066082507286993150e-03
1.439458256661387259e-05
-9.107631937409028789e-06
6.349061742941923721e-03
2.585221772985606554e-05
-2.865831783465847644e-05
1.430127732504617405e-04
-9.352852814217443855e-02
4.753306306052008337e-05
1.756764489264361353e-04
-2.031878219258903090e-05
-3.191623539548211596e-06
-2.106815537882404318e-02
-2.818855134301739550e-05
1.241540706273929899e-05
4.467640382954566702e-06
1.422309697383222614e-05
-4.341270314181851046e-03
1.994146191017953339e-05
9.248334555529537176e-06
2.373730068973101145e-06
1.047490902209759363e-05
-2.603863288432471581e-03
2.140172613720974553e-05
1.251765115047578228e-05
7.809495617747633657e-07
2.041953841590971511e-05
-3.472412424355050256e-04
2.747327777756378110e-05
2.256922349773949433e-05
-1.994565685942422691e-06
-2.501912373013869930e-05
-5.889915765500087705e-04
-2.298924401807165842e-05
-1.832965954706654538e-05
1.224210624728892804e-02
6.429811841723685880e-05
-3.190188927222587607e-05
7.212958760698909462e-05
1.034476539365641878e-04
-8.015656501934115220e-05
6.299546986742887711e-02
-3.062782146677685193e-03
-5.477601329739949611e-05
2.828185523674184420e-05
1.687334421947050457e-04
-8.025128577720321314e-05
5.575862380558443488e-05
-1.582212623306493426e-02
7.972564237078741097e-04
5.584777536714518665e-05
-4.261360102703089231e-05
-3.303167098832206607e-04
7.381166949533361755e-05
-6.402948566634044313e-05
4.198013101604784053e-03
-2.591500650336138538e-05
-2.185599986601702174e-05
5.553470196092299646e-06
1.053864710380805129e-06
2.400433044492236278e-03
8.365942120214936439e-06
-1.011002316246466929e-05
-1.240607886043203830e-04
-6.544518001943358543e-06
-3.325508053359986338e+00
4.610004079101065244e+00
1.492330033391140010e+00
3.789106115041337292e-02
-2.043285161233380887e+00
2.509231549272242567e+00
1.331904186763956277e+00
3.618111623570802404e+00
-3.386392814388941298e-06
-7.121093114834238470e-04
2.157617293181206220e-04
2.933201974256436149e-06
-1.481954460400014724e-03
2.940659553002209652e-04
1.808753879059874677e-05
-3.195400814599173855e-03
6.156131593201103706e-05
-9.017110776909553876e-06
2.742985535023361419e-03
-3.666774033464480513e-05
6.743881775429645804e-07
4.439586327627885465e-03
-5.170204582507314080e-05
-7.050649310477249947e-06
-2.831987579077317567e-03
1.968339167497235693e-05
-1.617917757484977162e-05
-6.498474717825811556e-03
1.751857815959708913e-05
-3.984420996053067139e-05
-3.847202227777418948e-05
-2.784873020710379801e-02
-4.436993109435277433e-04
-1.443943092984076597e-04
-2.075866214504384262e-05
-1.961403575726810685e-05
-5.188556959285000811e-03
-1.093122755228772858e-04
-5.150673769937845584e-05
8.038922884109343293e-06
5.786925399243262930e-07
-9.338927370389318514e-03
2.543712271538786006e-05
1.285247267328155423e-05
6.987713711036288906e-06
1.631178416076661349e-06
-1.222783709545931935e-02
4.724173975852968523e-05
1.233668051245184169e-05
-1.685971467570540194e-06
2.374955953589977840e-06
3.890995346134889371e-03
-2.103554768241962985e-05
1.679625187395365728e-06
-1.472830094194047424e-06
1.223978450041103311e-05
1.921641852950679028e-03
-1.057392493174332097e-05
1.751041519335009528e-05
-1.020850619532451958e-02
-1.430306626128096233e-05
1.861101145558034879e-05
5.141998781700416908e-05
-1.273411674831216361e-04
9.600354334253063124e-06
-5.238553607901037107e-02
5.861663098517885286e-03
6.159557480711540066e-06
-1.289352325302136964e-05
1.426885380852014771e-05
9.739471015986611699e-05
7.299671160830849704e-07
3.005183728376394081e-02
-5.211464586464555591e-03
-2.568618489105236967e-06
1.608515613439198152e-05
-5.326221805336235973e-05
-1.182409725084423128e-04
-4.393767346883808680e-06
-2.670043726279997323e-02
-8.981086385025910238e-06
2.849595852279448016e-06
2.590320869920192664e-06
-5.488086526312509055e-06
1.744039138703776292e-03
2.470889266211696565e-05
-1.663158858663292084e-06
7.281249178134785114e-06
3.221405019418637434e-06
-2.807491638143029711e+00
1.891704650080809458e+00
-3.524472570378632263e-01
1.605079525148258357e+00
1.362188382758970917e+00
9.458372971351349801e-01
4.257374091943377237e-01
1.670573161517407756e+00
-9.193728644933201499e-06
-1.546237839434025168e-04
-5.331574239582765440e-05
-2.326122429286821362e-05
-1.631201645711576314e-03
-1.138887045566245947e-04
-2.849029593511281417e-07
3.424091547792343804e-03
1.119879786110922999e-07
-1.341562084365019630e-06
-1.700484474463204122e-03
1.623119942401840364e-05
-1.928201351925978904e-06
-3.069871330221684257e-03
1.363681811562970991e-05
6.874774373667895979e-07
6.333770323463080824e-03
3.192091226081164351e-05
-2.572423801025954502e-05
-2.736651570923415863e-05
-9.350576825845539897e-02
-5.581531147694538493e-06
1.936652725412881860e-04
1.873143487873760013e-06
2.144287718698125058e-06
-2.105170761217497674e-02
-2.936187839681346929e-05
1.102126137304807780e-05
-2.398433496883250534e-06
-3.580810590689891570e-06
-4.346250274184466217e-03
1.599183422608118916e-05
1.106561520114708130e-05
-2.724779880718969201e-06
-3.018379664725968757e-06
-2.610133333247236388e-03
1.909123525487148556e-05
1.444429926668489519e-05
-4.275969214224787867e-06
-5.079669625121024994e-06
-3.523993065715176685e-04
2.171801495613108162e-05
2.553158967442599074e-05
3.521118393403259854e-06
5.620046283627454742e-06
-5.882368324511711571e-04
-1.498373556383405698e-05
-2.092585589883885712e-05
1.224971525944993332e-02
2.093523845549108954e-06
-4.279925418774116935e-07
2.446179950154519014e-05
1.253128178030565930e-04
-8.088615728078209167e-05
6.295431581054586334e-02
-3.067526562996434301e-03
6.570856220724655384e-07
-3.721853591758058696e-07
2.087011388153458755e-04
-9.849656066221184768e-05
5.478020085440285329e-05
-1.579687378960546382e-02
8.018445306607864878e-04
7.283244571640462151e-07
3.226261927555947945e-06
-3.754070438844034547e-04
9.717993107595526638e-05
-6.394243698163945035e-05
4.173738322634893382e-03
3.129594964210215381e-06
-1.949622889443316650e-05
7.561583239882936584e-07
-5.801726288647291500e-07
2.399210451977221419e-03
8.924960822289946649e-06
-1.059105135770860210e-05
-1.351496115689605022e-04
9.842762835484299545e-06
-3.325507751418698366e+00
4.609989918615718274e+00
1.492330828595135772e+00
3.789931865009921186e-02
-2.043293813442919493e+00
2.509242252344014990e+00
1.331902946879542027e+00
3.618106428619361381e+00
-2.726024657570935153e-06
-7.841609534839694053e-04
1.793600382635981993e-04
-8.990829485231275231e-06
-1.576649684328102277e-03
2.409565353256682492e-04
-1.439863516755325129e-05
-3.213990499775920204e-03
4.224111085816384636e-05
7.439026078379000018e-06
2.751153644353359837e-03
-2.595177154527501199e-05
8.109513707326982552e-07
4.457329274514447957e-03
-4.289883291591900370e-05
4.698958756356442606e-06
-2.841181913981818095e-03
1.955783646600967661e-05
1.149423351304057956e-05
-6.509013266990976328e-03
2.211108188787314272e-05
7.621683938396405856e-05
4.424050318015719860e-05
-2.770573756406452537e-02
-3.455668319222041443e-04
-1.314060693518452930e-04
3.250591343631772879e-05
1.872836738658959272e-05
-5.151397102782982913e-03
-8.018538000258313033e-05
-4.797810665697212044e-05
-1.009470961568426110e-05
-1.279067994163433638e-06
-9.346020088316534663e-03
2.059482790338330681e-05
1.239716805105142074e-05
-9.234917393819866243e-06
-2.804664963017785230e-06
-1.224730565376525200e-02
3.798773938118277883e-05
1.179991092254208828e-05
9.792324925835536095e-07
-1.144515077481520194e-06
3.902865756903049071e-03
-1.842956946865838210e-05
1.145602015414070248e-06
-3.876222174937809907e-06
-9.099302222495233138e-06
1.932700237494117774e-03
-1.464399661572848476e-05
1.482972880623635032e-05
-1.021208280492961508e-02
8.884137987734314925e-06
-9.897952610716914047e-06
1.107636228620133734e-04
-1.134591684325042440e-04
5.844000197618932956e-06
-5.236641294474183445e-02
5.863838332771775970e-03
-5.237121624658643392e-06
6.602395001854696543e-06
-2.819411584089004342e-05
8.616899175061990641e-05
1.679026210528117774e-06
3.004044015812865412e-02
-5.212583344331046982e-03
3.349543779282434201e-06
-8.364382899408262073e-06
-2.340149990677411335e-07
-1.048682537344176993e-04
-4.223323137776893794e-06
-2.669473712700237700e-02
4.770884939789168770e-06
2.650610763391005924e-06
-1.802918140607159016e-06
3.376339544826785528e-06
1.732385095466963459e-03
2.298181382536377396e-05
-9.925387461002098968e-07
8.721710370976743334e-06
9.133568286149616131e-06
-2.807492562541419989e+00
1.891710247853416682e+00
-3.524486298898005798e-01
1.605084047177334883e+00
1.362186878741477480e+00
9.458355626018084550e-01
4.257375115796070419e-01
1.670573149311616490e+00
-8.635098456029032259e-05
-1.622020095569449061e-04
-6.734234349079207726e-05
-2.095695622564801698e-04
-1.650765350040531284e-03
-1.533144255826393229e-04
-1.935708629275359204e-06
3.425794129681540481e-03
-6.704636391700330778e-07
4.497021535992234909e-07
-1.704178312796855678e-03
1.086000922929040156e-05
-3.606295105597625814e-06
-3.075081137327376809e-03
7.675374031754702707e-06
1.775864596748001875e-05
6.330867719951298669e-03
2.750483584353905194e-05
-6.567374662964448268e-05
-1.694224583612484166e-04
-9.355045819753489422e-02
-6.683385751746857492e-05
1.327267648489561451e-04
1.838547117266084877e-05
-1.793332147819734013e-06
-2.104568804047533132e-02
-1.996627018471588006e-05
3.505682411447829701e-06
-1.070180037230654021e-05
-1.371857613903202397e-05
-4.355177168928858755e-03
5.403245609055604278e-06
8.839641494671159256e-06
-1.024315065419368294e-05
-8.722931627149701648e-06
-2.618599919742379146e-03
9.311883941364087613e-06
1.088160635022836822e-05
-1.418126166183127963e-05
-1.993747662488050941e-05
-3.650636394614702640e-04
6.865112068524756260e-06
1.852229098486491297e-05
1.283800501838289186e-05
2.662667692932620426e-05
-5.758048320029052290e-04
6.887859594070447214e-08
-1.537632843100772152e-05
1.225833383676330594e-02
-3.330825467766939562e-05
6.111053697682554279e-05
-2.358014631631240657e-06
1.052091358817875810e-04
-4.441865657768440004e-05
6.290789056586029715e-02
-3.075098738051259932e-03
3.584762230950235489e-05
-5.193803558792863039e-05
2.233745149026958451e-04
-8.409283869895283771e-05
2.764842713711085790e-05
-1.575716076314050140e-02
8.106879582694641448e-04
-3.217465634252293427e-05
6.858980663257922957e-05
-3.838618774051290100e-04
8.939339567066297107e-05
-3.405011653490200237e-05
4.127779090232122812e-03
2.956533257855956679e-05
-1.947958446082530547e-05
-1.171434503832964396e-06
5.749087245743129894e-07
2.394293254741840498e-03
6.167749898430499199e-06
-6.299417568459117668e-06
-1.348235109293353321e-04
2.450012903029123186e-05
-3.325507009538189784e+00
4.609981019372378697e+00
1.492330765952626592e+00
3.790482107492444686e-02
-2.043298031755061750e+00
2.509249035768717828e+00
1.331902689801603756e+00
3.618103535046928609e+00
5.927081006946906407e-05
-8.128702818010977984e-04
7.689322343506233286e-05
6.791621879724942055e-05
-1.618124488858455317e-03
9.697090690327792712e-05
-1.601590218067535558e-05
-3.231417101969443623e-03
1.929075133023867046e-06
6.685276756875540831e-06
2.759040613382531329e-03
-2.903951276335801901e-06
-1.387501870741424943e-05
4.463709049657698692e-03
-1.823514230484823430e-05
1.725498131707524517e-05
-2.840850091955623470e-03
1.419552441368941305e-05
3.282925853672674285e-05
-6.503248356006748922e-03
2.321485616886643307e-05
1.763568245136252252e-04
-3.399019288878032475e-05
-2.761809631803404871e-02
-1.054440653101783559e-04
-8.833877933062242232e-05
7.531935194208727786e-05
1.003068369085610157e-05
-5.122481639457615241e-03
-1.486776096363298448e-05
-3.585100429199338911e-05
-2.370723245212849424e-05
4.906800185137605909e-06
-9.349228311183553977e-03
7.828120042628158073e-06
1.059427138011544581e-05
-2.158478733033143975e-05
8.100865417057027376e-06
-1.225712895959328759e-02
1.393073746461372772e-05
9.785745719189774876e-06
2.218309832239089120e-06
-9.235031653232449595e-06
3.906899923683298387e-03
-9.601701288593246972e-06
-4.792908677932903156e-07
-9.025623491332584325e-06
-2.469007425274511575e-05
1.930278474255515834e-03
-1.693053427874284872e-05
6.364962680502689683e-06
-1.020971052244240389e-02
2.072313715834952916e-05
-6.312070280001546880e-05
1.253255212966215078e-04
-6.247851375842765342e-05
-5.466304913500276300e-06
-5.237984671673035636e-02
5.860895040919964979e-03
-1.219252195895057338e-05
4.599017597224450561e-05
-3.728977405343476739e-05
4.639765041495686132e-05
4.384736059455479439e-06
3.005618831375728162e-02
-5.208448912305392760e-03
7.806967495328616066e-06
-5.666545030734521852e-05
1.015365125187691221e-05
-5.685744001844795565e-05
-3.534468962381552407e-06
-2.671647967834016660e-02
1.407848059520500483e-05
2.017694575648990804e-06
-4.134664020244711119e-06
1.569644905537334411e-05
1.731315008078999039e-03
1.421672414932184712e-05
1.099360987036435809e-06
1.180801860176467963e-05
1.368941346997867733e-05
-2.807490903915310643e+00
1.891716049408289191e+00
-3.524471596649597083e-01
1.605084995971196360e+00
1.362187439094636909e+00
9.458363563645091343e-01
4.257374871716719245e-01
1.670571639861064606e+00
-1.172652880618750765e-04
-1.991366095541988765e-04
-7.982971355605568431e-05
-2.801719890821152128e-04
-1.733854147833813284e-03
-1.926856491819378637e-04
-2.251306383489250375e-06
3.432191272874619403e-03
-1.694555293755833095e-06
5.315176780536561066e-06
-1.702534518380881094e-03
1.698740198243099786e-06
-1.597482916133411155e-07
-3.077166308030298853e-03
-1.981411976601922391e-06
3.006776837851083434e-05
6.341656035924544792e-03
1.781005601835704077e-05
-1.115523202845688101e-04
-2.007321613400201625e-04
-9.361865770871058423e-02
-1.483934730667337627e-04
2.824866340105733901e-05
2.151726701345091491e-05
-1.070999720799972385e-05
-2.105422104100359085e-02
-3.862058242862787525e-06
-1.161028880395997693e-05
-1.518163983611763565e-05
-1.143269184856523515e-05
-4.360141145064303121e-03
-1.072655360589003774e-05
5.737696768011403878e-06
-1.505925090759028696e-05
-4.654337618866532004e-06
-2.621898706203901891e-03
-6.122714028801837292e-06
5.306277628763639242e-06
-2.164945068196186194e-05
-1.706118955589122491e-05
-3.738324423455195830e-04
-1.570923433846538883e-05
7.046472630701180892e-06
1.934208837189007251e-05
2.689567930077472823e-05
-5.632770592704700909e-04
2.207741600577475572e-05
-6.451955415804241653e-06
1.226038324322453917e-02
-3.025042487009506917e-05
1.084758314823043487e-04
1.231973170177881258e-05
6.316840645269181835e-05
2.440188342387774784e-05
6.289604362373467372e-02
-3.078860421005605048e-03
3.711144813901671741e-05
-8.990838158444995805e-05
2.027377741586442882e-04
-5.308727025981749070e-05
-2.447002998890282814e-05
-1.573792519356425126e-02
8.159794717808750968e-04
-3.113113139438716874e-05
1.091005748002224837e-04
-3.519502209278407086e-04
6.752668634445577374e-05
2.275402784811817589e-05
4.101025494944320234e-03
3.570997710087895320e-05
-2.168714465537935403e-05
-5.729023490258158694e-08
3.225191139185043022e-06
2.390165935396201553e-03
1.151445678250648480e-06
1.395192256936380172e-06
-1.243791062856112084e-04
3.734821041634361904e-05
-3.325506726453481221e+00
4.609988109112393317e+00
1.492329927100987330e+00
3.790093328624401237e-02
-2.043292742618955771e+00
2.509243721474763156e+00
1.331903720335086305e+00
3.618106427266622127e+00
1.253910055156237712e-04
-7.638345490940058515e-04
-4.630293021826938809e-05
1.593239457487783154e-04
-1.556631064965390866e-03
-7.624115579382486642e-05
6.164067130495728545e-06
-3.226651751761518139e-03
-4.677373381088594434e-05
-6.244308316171519693e-06
2.757129242427273658e-03
2.493399841103592765e-05
-2.975393223767026289e-05
4.451090393401221749e-03
1.142381735257996690e-05
2.209040423327571841e-05
-2.831451692048997121e-03
7.840537002961779560e-06
3.536635985657457206e-05
-6.488245961013187554e-03
2.476376733032119388e-05
1.993015997969719720e-04
-1.789834645280144064e-04
-2.769147325275472804e-02
1.838253280654770019e-04
-5.639072121889858848e-05
8.301327827500805726e-05
-2.757962072750345996e-05
-5.136730918023670912e-03
6.393756022814777525e-05
-3.022376725105709267e-05
-2.545636477634533791e-05
1.292405220922780636e-05
-9.344697344027314348e-03
-7.528282747008749615e-06
1.142669926582513163e-05
-2.330068108103188808e-05
2.308709707844954176e-05
-1.224548733222861202e-02
-1.501812713785179996e-05
1.005180445579320634e-05
1.773252394228964363e-06
-1.533150561385554183e-05
3.898267652048447753e-03
9.836526214227037210e-07
-2.820728972225606812e-06
-1.231609862012563128e-05
-2.571159409167364391e-05
1.917390730391771957e-03
-1.984033191076615098e-05
-3.208865070377163466e-06
-1.020427997005581358e-02
1.788003976146736445e-05
-9.931987318817926246e-05
7.777454511770170130e-05
-1.447008702834512412e-06
-2.260632213177543050e-05
-5.240935697370064511e-02
5.856454748838142189e-03
-1.187084792914828882e-05
7.389649138429158577e-05
-2.247720209800306828e-06
-1.244025775630768789e-06
9.429722321396854078e-06
3.007991233464015965e-02
-5.204145890373516534e-03
8.448917519421388973e-06
-9.044694411279473247e-05
-3.436182608929961874e-05
6.706755959302927684e-07
-3.657011491836391841e-06
-2.673928567507155574e-02
1.336675992303774724e-05
1.697242827524025675e-06
-3.586483699004455118e-06
2.234741664966736143e-05
1.742037546145224630e-03
3.725997764162404513e-06
4.169233342019079276e-06
1.282086670288640818e-05
1.697121328439708200e-05
-2.807488005600005110e+00
1.891716459198623745e+00
-3.524439808259847151e-01
1.605081090387580733e+00
1.362189730713745162e+00
9.458391664192086212e-01
4.257373467869124961e-01
1.670569942658889584e+00
-8.693033109859863469e-05
-2.326516305749191634e-04
-9.273240748310524742e-05
-2.035437027647515971e-04
-1.806480020515471114e-03
-2.328053992747427083e-04
-1.305945244878024265e-06
3.437560896007213398e-03
-2.718655044870477008e-06
8.079436082783207651e-06
-1.696604029105276343e-03
-7.192226065226624871e-06
3.945077500007002259e-06
-3.073792403765251806e-03
-1.138774860116824345e-05
2.793003133684178769e-05
6.357077088388543920e-03
8.546304052530561644e-06
-1.113638193852417563e-04
-1.232654132980795774e-04
-9.364667444935600993e-02
-2.290821137438098080e-04
-6.400404138310507849e-05
1.403068395190697588e-05
-1.532098839828377381e-05
-2.107052679961006134e-02
1.175718689320916341e-05
-2.851736812022954878e-05
-1.277801682029017138e-05
-2.119866537442032482e-06
-4.355930132001284080e-03
-2.650823139443985479e-05
4.138780186739032005e-06
-1.322775617018948026e-05
2.911614775228140827e-06
-2.616310028025754190e-03
-2.118204427433565047e-05
1.233149841582883982e-06
-1.976064079156460634e-05
-3.817884838246595603e-06
-3.698171100859380732e-04
-3.779848241965205670e-05
-2.221529383333818437e-06
1.733572411955844271e-05
1.179054691316974821e-05
-5.627804662844295000e-04
4.368007495877502204e-05
4.835111766465389756e-07
1.225339809935036169e-02
-9.559433398914204071e-06
1.033424394603778111e-04
5.859963460211998435e-05
2.292234716894122715e-05
9.492153608002833112e-05
6.293350030151657892e-02
-3.074739673237583248e-03
1.865973270245573388e-05
-8.413760225449395372e-05
1.631261779855295907e-04
-2.343695919441623392e-05
-7.942879909654589087e-05
-1.575983404213101777e-02
8.121527340842829568e-04
-1.285053555875049370e-05
9.540232939183514323e-05
-3.064350685678432734e-04
4.688635697323892366e-05
8.182586869063815046e-05
4.121327258701714714e-03
1.997854016635571364e-05
-2.402853680770979222e-05
1.650804628627140433e-06
4.508097641750457110e-06
2.390992049521595362e-03
-3.674916430159535957e-06
8.695710213676969180e-06
-1.129042447599724641e-04
4.585982505258933410e-05
-3.325507417124049070e+00
4.610010190721997247e+00
1.492328910465738234e+00
3.788793225552124916e-02
-2.043279735564455191e+00
2.509227009255076357e+00
1.331905446064781229e+00
3.618114380301236110e+00
1.266329347750145857e-04
-6.581175230106841873e-04
-1.356144370890411690e-04
1.679765507105422651e-04
-1.416205101499164783e-03
-2.018284861757515462e-04
2.425115017865005576e-05
-3.195392262438424748e-03
-8.213530727706074193e-05
-1.544755561761195373e-05
2.743304544243831220e-03
4.513371857051707697e-05
-3.021037592322310642e-05
4.425332942378553368e-03
3.291944963512073610e-05
1.586199183983254748e-05
-2.819545084544682143e-03
3.240167283663889522e-06
2.048308289797924264e-05
-6.476734089905212231e-03
2.589825573029023076e-05
1.343932377990656889e-04
-2.271554178066130807e-04
-2.791351770819037320e-02
3.936514314862457837e-04
-4.910616018776438682e-05
5.458759860629722557e-05
-4.921909257668070746e-05
-5.196904350746661336e-03
1.211355423052936736e-04
-3.280754752148037657e-05
-1.616809994563195895e-05
1.412518404162320355e-05
-9.334129939906623055e-03
-1.867597484927592874e-05
1.410263349744774685e-05
-1.491765329242694685e-05
2.584817368096815394e-05
-1.221608883823305410e-02
-3.602207128397143704e-05
1.212912019251934049e-05
7.179744204511032868e-07
-1.357460349222677865e-05
3.881126815379096207e-03
8.652869005005454781e-06
-4.655215628435941031e-06
-9.703775549917186211e-06
-1.420293150492092973e-05
1.903886180075173773e-03
-2.197716676055752467e-05
-9.164081536728265376e-06
-1.020048669707421252e-02
8.332181621354072226e-06
-8.480460077203373409e-05
-5.728630163805397812e-06
4.283328800780501815e-05
-3.654549017640331570e-05
-5.242902702272291687e-02
5.854768258054334623e-03
-6.682806932220835828e-06
6.403863895192594079e-05
5.694894553806909010e-05
-3.580386857021643774e-05
1.405783900060443881e-05
3.008857333231351044e-02
-5.204350127609385680e-03
5.389150141980657776e-06
-7.803685414953858367e-05
-1.078812863344457838e-04
4.238852892338074890e-05
-4.389711581318535272e-06
-2.673811908268173762e-02
5.100572637385349674e-06
2.363229238622400294e-06
-1.643221443825026568e-06
1.769366510575486607e-05
1.757690689887344204e-03
-3.827930520028810112e-06
6.609944343651359488e-06
9.725911923218730665e-06
1.778400205925155381e-05
-2.807492661338564233e+00
1.891708722016855582e+00
-3.524486435060860678e-01
1.605083315593097470e+00
1.362187004645728505e+00
9.458356880239044973e-01
4.257375011676747811e-01
1.670573353273815398e+00
8.018796435003324179e-05
-1.562410876225871345e-04
-5.511924141261537429e-05
1.944932870612130259e-04
-1.637021377943724066e-03
-1.220405283813748038e-04
1.802033885195588015e-06
3.424708996335435428e-03
-2.576025879145535347e-07
-1.434375575470406523e-06
-1.703904997618912402e-03
1.238077658175647472e-05
1.985324846843232306e-06
-3.074104876112823161e-03
9.733100443278812808e-06
-1.647843112616563825e-05
6.329808193975671599e-03
2.717964600201091274e-05
1.893624975831795619e-05
1.494626383610934777e-04
-9.353533967090703338e-02
-3.312671901123524266e-05
1.608314120344044582e-04
-1.651173772590645419e-05
3.197538688048191975e-06
-2.104534928849843486e-02
-2.254417125108454075e-05
1.623212709078352474e-06
6.862981054616394631e-06
1.119719648992879407e-05
-4.353318374088352427e-03
9.776067641555553792e-06
1.156973464876181112e-05
5.661298961358283344e-06
6.624998951396648798e-06
-2.617026118480136020e-03
1.298360812491792613e-05
1.381278752195334581e-05
6.776026021324596002e-06
1.635018233777817123e-05
-3.621954788443211256e-04
1.306585280784330953e-05
2.307395025375684716e-05
-6.875762066398399960e-06
-2.261058806821578874e-05
-5.791461228613170413e-04
-6.813401282497581090e-06
-1.935058555099641246e-05
1.225676082075049904e-02
4.144037723007960107e-05
-6.085443017550366818e-05
-7.384374323731119141e-07
1.053695673100636318e-04
-4.644273164262509280e-05
6.291567507323332642e-02
-3.073670569865232828e-03
-3.853698859736920780e-05
5.111387516525573186e-05
2.241797335472908855e-04
-8.343003260352504244e-05
2.695085430241274835e-05
-1.576506669767348615e-02
8.089471728797738292e-04
3.738697736263125418e-05
-6.566868408394707711e-05
-3.870094750264438063e-04
8.524524619299891763e-05
-3.474160446519100674e-05
4.137534434966920124e-03
-3.169957035300235819e-05
-1.951998700670697686e-05
2.830377915272241972e-06
-9.247394325881844548e-07
2.395505731456722912e-03
6.911637885834894250e-06
-7.172692949081673985e-06
-1.363251964772712406e-04
6.733628501777390898e-06
-3.325507574918965759e+00
4.609981505833681048e+00
1.492331303349043292e+00
3.790422283213212146e-02
-2.043298959525512437e+00
2.509248611309865318e+00
1.331902207837549756e+00
3.618103340429805304e+00
-3.351809367616459003e-05
-8.270349846966969405e-04
1.239774810653660863e-04
-3.825848133191795910e-05
-1.632974346123278403e-03
1.650618993532044143e-04
9.156522642839796844e-06
-3.224993915136410878e-03
2.536701574990511636e-05
-3.723686661308272795e-06
2.755987829087066035e-03
-1.598538198818925910e-05
7.900963266809667550e-06
4.467891704677186271e-03
-2.961363895850579447e-05
-9.674124408390625201e-06
-2.846672597953349773e-03
1.489880581138078915e-05
-1.832803472851388926e-05
-6.515331341211722145e-03
1.854857812944826458e-05
-6.082030648577894586e-05
2.464143431480720869e-05
-2.762071417240943155e-02
-2.283421742002180561e-04
-1.274710897813510953e-04
-2.709757726684572585e-05
-3.873827411528534674e-06
-5.129343943642472939e-03
-5.066058249623436551e-05
-4.942164735790456615e-05
9.224027632301655939e-06
-3.001929384354540334e-06
-9.350239709520910547e-03
1.398116202053965480e-05
1.387603126498393435e-05
8.222559546088123884e-06
-5.034677904961785314e-06
-1.225888604519939987e-02
2.566534046839068250e-05
1.295126237210641050e-05
-1.073223844979782325e-06
5.282906357660368845e-06
3.909937090358032302e-03
-1.313773692945377422e-05
1.256382936267669334e-07
2.139292002537296289e-06
1.347856737627398661e-05
1.939314530261071739e-03
-1.268191263846611288e-05
1.153166864858486338e-05
-1.021430971790643696e-02
-1.008394366030889567e-05
3.613012235541178060e-05
1.461197543813068270e-04
-8.166633621107867197e-05
-1.812967772536264849e-06
-5.235496084560267022e-02
5.865141128082141178e-03
5.269715183906784601e-06
-2.631962198987539288e-05
-5.349698702755305074e-05
6.179354417139834089e-05
4.232759102010789112e-06
3.003355158524641938e-02
-5.213198824157582942e-03
-2.973040783411634699e-06
3.238700524245957663e-05
3.137227401070122454e-05
-7.529799095015191296e-05
-4.656430687190210609e-06
-2.669119867197736196e-02
-1.001121004692154324e-05
2.366168327209973417e-06
1.903916046744616362e-06
-8.854557024637361651e-06
1.725420329581010782e-03
1.695347363583445254e-05
4.843140576610692194e-07
9.530653633101140727e-06
5.526454221834048994e-06
-2.807495830835394113e+00
1.891706602527743808e+00
-3.524520153132065792e-01
1.605086630386839408e+00
1.362184724765838517e+00
9.458328601007222058e-01
4.257376377989320337e-01
1.670575370268462256e+00
-2.354467546649117218e-06
-1.142696429231072083e-04
-5.440604699449340062e-05
-5.712837258825886784e-06
-1.545158424756828703e-03
-1.231223303416549954e-04
-4.801335403309752940e-08
3.417855902837630203e-03
-4.819347713717204324e-07
-4.392500197027780303e-07
-1.709860861000381347e-03
9.499887729428939333e-06
-7.256822564546861230e-07
-3.076582477400171926e-03
6.908050973156273248e-06
5.725808813999744921e-07
6.312359719982231845e-03
2.322836913759583472e-05
-1.873539233366868195e-05
-8.185605741743433615e-06
-9.348898509883089847e-02
-4.951829544322936590e-05
1.215728455690795115e-04
9.704104081359844857e-07
6.122162183825200833e-07
-2.102777488473864254e-02
-1.742951687323120554e-05
1.140997765170234993e-06
-1.579157870268232375e-06
-1.055005765864761888e-06
-4.355704400374658947e-03
5.483388062278520513e-06
8.745323702785328871e-06
-1.890122976374389234e-06
-8.853048674653423180e-07
-2.621190473474965636e-03
8.647483599131260579e-06
1.046059361127542469e-05
-3.036339523257437830e-06
-1.500426636463047841e-06
-3.632666746283811548e-04
7.104489805613006730e-06
1.747433369286541564e-05
2.416774118311210721e-06
1.667907271918541756e-06
-5.833735315479210079e-04
-1.376129162641382618e-06
-1.462241317483045958e-05
1.226255122646873440e-02
2.778939120390110565e-06
-4.979269684670272050e-08
-4.776680929769675909e-05
8.907502476029947967e-05
-3.492492796010274062e-05
6.288475560207201775e-02
-3.076356088638700689e-03
-6.010220307368978289e-07
-2.217810626866623522e-07
2.667600873736913447e-04
-7.094960350177559999e-05
2.021382926328045120e-05
-1.575064267721906774e-02
8.109223334030087049e-04
1.641148252095627439e-06
1.084950545331059918e-06
-4.383943533109091115e-04
7.468635145756321670e-05
-2.612076094996480056e-05
4.126838796454967810e-03
-1.166693619151779859e-06
-1.672900354655558860e-05
6.370318083975038549e-07
-1.542958834749732948e-07
2.395970853638372099e-03
5.414418819153131663e-06
-5.423048797039655841e-06
-1.500144471309716970e-04
1.443385858579204441e-05
-3.325507652862438768e+00
4.609975393995898507e+00
1.492331857462884992e+00
3.790766903212762495e-02
-2.043303152783066512e+00
2.509253210862684824e+00
1.331901476316429633e+00
3.618100958241105225e+00
2.598720941560029557e-05
-8.643439721300574981e-04
6.061098620911388934e-05
3.249108473562111219e-05
-1.680590316183123122e-03
7.933641879647315503e-05
-2.173474067939266658e-07
-3.230837113179436601e-03
8.885592532548121491e-06
-4.819644714438374045e-07
2.758467095457274587e-03
-6.013328744591492177e-06
-6.125216151124190342e-06
4.477340245856658608e-03
-1.443560388050515097e-05
5.172449011510709870e-06
-2.852937801918553531e-03
8.564118908527970316e-06
8.753219960781364058e-06
-6.524537289875747929e-03
1.210002320244880832e-05
5.843429415976684034e-05
-3.037116386142639548e-05
-2.755802039016239796e-02
-1.015621489447300857e-04
-5.917864309717125429e-05
2.403935623596705024e-05
-2.949606236060657152e-06
-5.115391130116614046e-03
-2.024693506566231253e-05
-2.323906841139864235e-05
-7.114998553965503002e-06
2.466615902669653347e-06
-9.353773335550511978e-03
6.585256728843512702e-06
6.532256821152779417e-06
-6.587509097930742141e-06
4.333756398786939698e-06
-1.226820386542893521e-02
1.197038037270006017e-05
6.108643735097281087e-06
4.677978701068792486e-07
-3.313421699022369666e-06
3.916355237487213758e-03
-6.787464431151459719e-06
-6.395413819762968998e-08
-3.806322254278486993e-06
-6.589794769475075340e-06
1.947612128276861396e-03
-8.596790163986337260e-06
5.022553334812078766e-06
-1.021760679122022016e-02
4.536296539837219568e-06
-2.167360102016182500e-05
1.802707967999025952e-04
-4.287889770769809302e-05
-1.612358955225417795e-06
-5.233716053287203185e-02
5.867709545272812612e-03
-3.179820122697043285e-06
1.604464449558514627e-05
-7.842480504437947340e-05
3.222230197432167132e-05
2.198620261976032806e-06
3.002000219308424700e-02
-5.215499606791739427e-03
2.343744138797784676e-06
-1.969916547172635024e-05
6.287363954175014414e-05
-3.936362067707462601e-05
-2.175196833703836729e-06
-2.667917806615967627e-02
3.269251978505171989e-06
2.427143947440080506e-06
-9.506802348519052283e-07
5.091539012520253498e-06
1.717993318450397469e-03
9.264748282037327064e-06
3.409253112885156283e-07
9.339326933887148285e-06
5.953889562669801373e-06
-2.807495722314060416e+00
1.891708286206195799e+00
-3.524520007328203475e-01
1.605087438525619969e+00
1.362184585358605649e+00
9.458327211633176246e-01
4.257376492626944731e-01
1.670575145559431762e+00
-7.093305529780468571e-05
-1.208275226480253904e-04
-4.448229964382187927e-05
-1.673159351358949277e-04
-1.560271427604146329e-03
-1.056382749373237017e-04
-1.191181486012012721e-06
3.419052931164706221e-03
-8.068221180323259813e-07
5.250106351892508232e-06
-1.710164694514598087e-03
2.621434206954804549e-06
1.853448178029029697e-06
-3.077663937855633445e-03
5.202714044145823376e-07
2.113535861377267681e-05
6.313533824208952469e-03
1.227655772303436706e-05
-9.144405417046619551e-05
-1.090106469772085030e-04
-9.350569404521483219e-02
-7.240039098333671480e-05
2.757175627887297929e-05
9.679152179731898164e-06
-1.014441986227224493e-05
-2.102814239886962450e-02
-5.153902187541907433e-06
-4.561735464671898496e-06
-9.879278800040628545e-06
-3.779835140512875693e-06
-4.357759735104080150e-03
-3.398934458335570771e-06
3.436120915556924769e-06
-1.042365939857224205e-05
3.407558245734574329e-07
-2.622930323363091391e-03
-8.214825013747625686e-07
3.544332697054182597e-06
-1.579058453075028617e-05
-5.953893256830735151e-06
-3.664360512005946399e-04
-5.163963189422169910e-06
5.204072923703864051e-06
1.371939469851094587e-05
1.226433829648117024e-05
-5.796810496090155397e-04
9.002411066190292409e-06
-4.500141818597284633e-06
1.226414680193765004e-02
-2.639332593202530918e-06
7.720610181294343074e-05
-4.960450887188128663e-05
4.463988385501021491e-05
5.048456762431049658e-06
6.287595765443632079e-02
-3.078037317255481048e-03
1.069441859666778358e-05
-6.306175046455409145e-05
2.658811037607339842e-04
-3.666638289900101650e-05
-7.132720494972132440e-06
-1.574190260678735853e-02
8.130115891799978524e-04
-5.942228820013057417e-06
7.317069980801380318e-05
-4.349276603148747103e-04
4.347793800160332142e-05
5.598367941963439955e-06
4.116110086579787691e-03
2.075956109926802988e-05
-1.705541690951471867e-05
1.700764479056282255e-06
3.152947263038285834e-06
2.394608179925360094e-03
1.595417519961591323e-06
-1.223010236065828277e-07
-1.484534266470161068e-04
1.978297261864916153e-05
-3.325507574863832527e+00
4.609981503634386968e+00
1.492331303324564651e+00
3.790422411616117815e-02
-2.043298960736888770e+00
2.509248613104309023e+00
1.331902207749213751e+00
3.618103339672240626e+00
1.251565043248689137e-04
-8.270435952625514522e-04
-3.135778141535397072e-05
1.638125633568779892e-04
-1.632986866951245068e-03
-4.671237082095001247e-05
1.833007877830356130e-05
-3.224998860775849657e-03
-1.918081681213107477e-05
-1.241479463305667204e-05
2.755990258655670062e-03
1.055527863012279030e-05
-2.981208496616122793e-05
4.467893642917901767e-03
7.627247602921503335e-06
1.768237816575469342e-05
-2.846672593761184929e-03
8.456871544934018769e-07
2.497818199081131027e-05
-6.515329706856832007e-03
6.223850138778286059e-06
1.422320206507273605e-04
-2.100155478695453319e-04
-2.762068921947417183e-02
9.278205948098629209e-05
7.636619324267230507e-06
5.689306207590328159e-05
-4.191984610719681423e-05
-5.129334808588287622e-03
2.867419964545371672e-05
-5.877432058862724632e-08
-1.658119627316576613e-05
1.360772871910893930e-05
-9.350240489012912742e-03
-4.385686262004682959e-06
9.342026233021594956e-07
-1.535341530445774494e-05
2.474115643041230694e-05
-1.225888883108746698e-02
-8.463744636128040557e-06
7.064253692087092784e-07
4.723164858425298998e-07
-1.401814446547451583e-05
3.909938146044521050e-03
1.990128835645793910e-06
-1.097782231338335790e-06
-1.110228510345052862e-05
-1.772389329454737160e-05
1.939313729992126660e-03
-5.333638711305617518e-06
-3.799612108759033733e-06
-1.021430961207714545e-02
6.618650451999347033e-06
-8.857073819149033030e-05
1.461239817178921563e-04
9.843991542226682243e-06
-7.834296256379959152e-06
-5.235496211894727359e-02
5.865140854305278886e-03
-6.303591678593913853e-06
6.655753056993835958e-05
-5.349964132800918287e-05
-8.256507731670184163e-06
2.452060847400121162e-06
3.003355351977920681e-02
-5.213198299157024290e-03
5.522025484858779956e-06
-8.128360083856722782e-05
3.137536484404125333e-05
9.753715942382316700e-06
-2.531079415285702280e-07
-2.669120164504189610e-02
9.875645625665987871e-06
2.366062426587314816e-06
-1.386013557204407996e-06
1.910804692386772926e-05
1.725420068937227316e-03
-8.054228826434177086e-07
1.440148800027410598e-06
9.531190403669396086e-06
5.994504852016862919e-06
