-2.807496404420390501e+00
1.891706586268156576e+00
-3.524526485792266461e-01
1.605087440453231817e+00
1.362184262569360094e+00
9.458322946019812605e-01
4.257376662116589827e-01
1.670575699751393417e+00
1.717470696393734024e-06
1.078444624534400775e-04
-4.945775042447596130e-05
4.406461482806219414e-06
1.531271469939881344e-03
-1.133548705491175743e-04
5.914107169266294569e-08
-3.416834446111119937e-03
-5.645399391505920705e-07
1.987441531428382581e-07
1.711054949176310513e-03
7.901978006659767464e-06
2.634500151971660774e-07
3.077296455328280052e-03
5.840588161599419141e-06
-2.534861670378448310e-08
-6.309332894016955913e-03
1.904524901904174712e-05
1.451168203537510903e-05
-4.580079340100224759e-06
-9.348403027040948221e-02
4.828273812977013839e-05
1.064233002642321597e-04
-6.638125345613056989e-07
3.405497767807770741e-07
-2.102454325164939894e-02
1.432688384633239018e-05
-5.945082319841412007e-10
1.292836827818117789e-06
-5.901166381373534597e-07
-4.356622705950488270e-03
-3.846772921017611174e-06
8.265399429378146037e-06
1.441679418094387617e-06
-4.944704686877008720e-07
-2.622372905732910531e-03
-6.664798382553688044e-06
9.394699084755520020e-06
2.285573527044391707e-06
-8.381266189230180118e-07
-3.641902646536165347e-04
-4.887463279955562109e-06
1.541089604673104573e-05
-1.950291774285888660e-06
9.311802375212566282e-07
-5.833318457755243529e-04
-1.007330599624423593e-07
-1.336792649310693772e-05
-1.005917269557029918e-02
1.978501151351363065e-06
-1.362629914871110466e-08
5.706467276723060488e-05
7.569416679066049032e-05
2.655844324603208738e-05
6.326525652752844342e-02
2.524024531056059950e-03
-4.539016780400430130e-07
1.111414486365890802e-07
-2.745917301494115543e-04
-6.032034491171189470e-05
-1.454586728725676741e-05
-1.584318338474520471e-02
-6.658420488998956742e-04
1.178279476974679004e-06
-5.888081190993710423e-07
4.472931349545732614e-04
6.412165387325266693e-05
1.950083513358676258e-05
4.147838482609565204e-03
1.247332431136972762e-06
-1.337519616838001703e-05
-4.844898126122134698e-07
-8.241584867513891929e-08
2.395729970264995172e-03
-4.458125797721107118e-06
-4.444947648704264319e-06
1.532097686867545648e-04
1.319197596949132446e-05
-3.325507605528182697e+00
4.609978871743845907e+00
1.492331539303486387e+00
3.790570964427578821e-02
-2.043300760212641620e+00
2.509250593467891921e+00
1.331901895257353141e+00
3.618102315799881730e+00
3.360094399284064626e-05
8.430309273414878174e-04
1.009788766416076886e-04
4.019179580872641412e-05
1.653405460165807304e-03
1.332434584992969176e-04
-4.691488939929507381e-06
3.227540529801878246e-03
1.789110879906633957e-05
1.527891136571239916e-06
-2.757070462671491751e-03
-1.171295452066070402e-05
-7.923546198248348056e-06
-4.471939891392938057e-03
-2.414756137840676399e-05
8.172081456353988342e-06
2.849342198492276802e-03
1.301428318779230208e-05
1.479315114564039016e-05
6.519236905729533342e-03
1.715096090817372292e-05
5.485035092709698401e-05
3.241303492020656759e-05
-2.759372874984671389e-02
1.842290710606790975e-04
-1.064855227950458147e-04
2.380906120106553896e-05
1.236332028304305962e-07
-5.123304605912380565e-03
3.980425566553335442e-05
-4.157762297253721597e-05
-7.733146177371411057e-06
-3.114590032857679360e-06
-9.351754932316786589e-03
-1.144967072129646728e-05
1.222701426466048078e-05
-6.982591586136445614e-06
-5.357356335178939360e-06
-1.226288762370883294e-02
-2.096353324092644016e-05
1.123038168460262427e-05
8.013473510560748368e-07
4.788591256341979206e-06
3.912685046812299644e-03
1.104048612639075014e-05
1.186770122447862634e-07
-2.458629462002579633e-06
1.095857882399047495e-05
1.942844052647052294e-03
1.161551801044216635e-05
9.559382483432663153e-06
8.379130052445366017e-03
-7.483251873341115635e-06
-3.209696402828895838e-05
-1.607249649888394341e-04
-6.928359257236696932e-05
2.243083418940780387e-06
-5.267072602315749780e-02
-4.811590983572596771e-03
4.152110580646212732e-06
2.354789846166643422e-05
6.414952548029084376e-05
5.224587453904981898e-05
-3.875598496686295157e-06
3.021328581202771535e-02
4.276753608078593880e-03
-2.507474707842026950e-06
-2.895194182684393243e-05
-4.483324300229844144e-05
-6.367577318766394815e-05
4.042591230522262521e-06
-2.685096198042782878e-02
8.130016458516241455e-06
1.952623961170636633e-06
-1.437313772946053609e-06
-7.722276916430385345e-06
1.722255845877124214e-03
-1.448661080295316823e-05
5.032498385852814010e-07
-9.511168218096140994e-06
5.567450208144122935e-06
-2.807496343563378627e+00
1.891707532166986283e+00
-3.524526404712809424e-01
1.605087894665666592e+00
1.362184184266410414e+00
9.458322164927361886e-01
4.257376726102224951e-01
1.670575573530961533e+00
-6.086685144173230772e-05
1.115258192318048308e-04
-3.393231193828261111e-05
-1.439421702965330992e-04
1.539753322884983549e-03
-8.036968479614370266e-05
-1.056379957999673780e-06
-3.417507165650728561e-03
-6.056164771115683455e-07
4.502126038729772527e-06
1.711225423210809308e-03
2.917420523261906636e-06
1.736231505092023390e-06
3.077904444553629815e-03
1.584097662411132845e-06
1.756533645214759451e-05
-6.309993563299397430e-03
9.524751803485238523e-06
-6.592226975236096164e-05
9.286806606302502442e-05
-9.349342278348514446e-02
4.832650159681797970e-05
5.823117871212867848e-05
6.732203227955403671e-06
8.590032157941786706e-06
-2.102474842177627992e-02
5.351823304203820681e-06
-4.619641920404394086e-06
-7.175407496141830615e-06
3.250930959039110733e-06
-4.357777586523124518e-03
1.198524326197552631e-06
6.084349407613501408e-06
-7.455757849571640228e-06
-2.545490115151754693e-07
-2.623350470832017892e-03
-7.154952900053446012e-07
6.259660200338888579e-06
-1.126587978580608466e-05
5.113540830088771940e-06
-3.659711203445453471e-04
1.986959637181446957e-06
9.540017487952843185e-06
9.960634691052189650e-06
-1.047620450288299054e-05
-5.812567278295566534e-04
-4.972147394889439632e-06
-8.625264789634621957e-06
-1.005991155799768055e-02
1.780221667132416926e-06
6.561628523411799864e-05
5.810495856998392546e-05
3.790683466055184801e-05
1.374507616246848084e-06
6.326025200344299881e-02
2.524800257248485755e-03
-7.415437738941060878e-06
-5.352462072823055959e-05
-2.740985594114795591e-04
-3.071970242069212913e-05
3.661706325636131902e-06
-1.583823905559348516e-02
-6.668046438069890648e-04
4.095257505554315196e-06
6.212645927967106515e-05
4.453456367901863222e-04
3.512983160002474499e-05
-9.084152598425739922e-07
4.141778361632578523e-03
2.191401446684557893e-05
-1.352558952772820562e-05
1.212798904887205922e-06
-2.670928900447073660e-06
2.394960934332623654e-03
-1.670707049371724219e-06
-1.363810589280000876e-06
1.523309339348571305e-04
7.520111827998758598e-06
-3.325507274406273694e+00
4.609979412655661690e+00
1.492331160047350780e+00
3.790558837868142350e-02
-2.043299673234865832e+00
2.509250219810248872e+00
1.331902266701550541e+00
3.618102744713457941e+00
9.239989735711608490e-05
8.299945862094035244e-04
1.503478736983979405e-05
1.147902040665497271e-04
1.638599064138627701e-03
1.419822744782043527e-05
-2.001794764860959972e-06
3.230403588576387028e-03
-1.152018752815810538e-05
-1.330869098467951996e-06
-2.758470941262664879e-03
5.390956291955936482e-06
-2.189217595570049321e-05
-4.468300453103687085e-03
-3.499762129138319726e-06
1.856416401079742282e-05
2.845198405035886946e-03
6.944108481041623930e-06
3.144403843163112017e-05
6.511145582927081905e-03
1.436338528630725249e-05
1.451832800601441926e-04
1.174972186487266098e-04
-2.760061245162954979e-02
-5.652692097937212018e-06
-8.544433467582816528e-05
6.016606705519997458e-05
1.338297543806212359e-05
-5.121267465039081555e-03
-9.712012660809908458e-06
-3.698765130537499908e-05
-1.855286411104460455e-05
-9.228852395865920998e-06
-9.350708585770844267e-03
-1.008748821175817717e-06
1.222650881270973309e-05
-1.693331522171734901e-05
-1.629128964407329663e-05
-1.226064532788188888e-02
-1.418128523820050550e-06
1.096365288505263276e-05
1.137890938008834866e-06
1.201370939579565801e-05
3.910102295154663232e-03
3.175319143120928772e-06
-1.148536673546811901e-06
-9.365781322826522023e-06
2.298336297924137358e-05
1.936601855034037097e-03
1.065390355120718980e-05
4.057278801028054330e-06
8.376615516511252621e-03
-1.224172724000521578e-05
-7.894494118656830619e-05
-1.443562708046402664e-04
-2.279704817542583603e-05
1.134869524100030267e-05
-5.268734294913053617e-02
-4.809339218091706301e-03
8.398452755133548265e-06
5.840707542120596104e-05
5.161191999566153892e-05
1.632328574294443518e-05
-6.438151420478174661e-06
3.022803821708986913e-02
4.274307294942080934e-03
-6.110630357401687055e-06
-7.162671982552711459e-05
-2.856556830143556873e-05
-2.015404196990044575e-05
3.966499715875957402e-06
-2.686701523886458887e-02
1.571077032124397409e-05
1.803560678732601187e-06
-2.444217029153745031e-06
-1.824456849072760684e-05
1.726607459501129432e-03
-5.925097032626049315e-06
2.250375349312641477e-06
-1.083311890121188227e-05
4.723275960689631557e-06
-2.807494060972272276e+00
1.891708897635810738e+00
-3.524502020119647527e-01
1.605085415514229119e+00
1.362185847510117398e+00
9.458342762012883487e-01
4.257375727070737415e-01
1.670574136895776496e+00
-9.193759853940876151e-05
1.412369310028600247e-04
-3.020265076150515531e-05
-2.150530445770187417e-04
1.604709137219384896e-03
-7.751590492989492642e-05
-1.402774552046827742e-06
-3.422344612948984878e-03
-1.036128736481782992e-06
9.224495333452748698e-06
1.706886390017135248e-03
-3.483469882391225029e-06
5.029511521541208791e-06
3.076003509265927503e-03
-4.607251696524720000e-06
2.972962076941596283e-05
-6.322495185657667216e-03
3.859193072769735582e-07
-1.399338558953638499e-04
1.253928406692986274e-04
-9.352529379059010273e-02
8.056866147537869493e-05
-1.474417048657381240e-06
5.905040236838392421e-06
1.725686622145396654e-05
-2.103742359859682443e-02
-6.016506742091374540e-06
-1.259320984827683675e-05
-1.252666356853875514e-05
1.209288497277995894e-06
-4.355846630933113070e-03
1.038522985791328479e-05
4.099006672445898168e-06
-1.378935756998375697e-05
-4.094441068410464997e-06
-2.620163953818571440e-03
8.700255688755690326e-06
2.910830335651056811e-06
-2.183697750124659491e-05
2.569366450333004622e-06
-3.648801475475143977e-04
1.473880133938551192e-05
2.813898414236019625e-06
1.890140231405233279e-05
-1.107467698961179273e-05
-5.785658929330948297e-04
-1.638362233751182491e-05
-3.348862090313496790e-06
-1.005645234738473948e-02
-1.964273184671906289e-05
1.123907268647106322e-04
2.387262022260881744e-05
2.357516174715530548e-07
-3.602981063112601002e-05
6.328376241932021085e-02
2.523010743748907523e-03
5.067145159252621822e-06
-9.099425086073102220e-05
-2.433992412853441811e-04
-1.962279304440124813e-06
3.178034124943999853e-05
-1.584962338342442434e-02
-6.653641219244005832e-04
-1.190716810805135226e-05
1.022461914573567061e-04
4.085454849688881945e-04
1.032045230816574224e-05
-3.173237399577486092e-05
4.150618652007548662e-03
3.103267149526581486e-05
-1.494043341752724468e-05
4.557822499697250621e-06
-5.360653909564777608e-06
2.394803169670425749e-03
1.848502277766872783e-06
2.843912644015746040e-06
1.424414616889662060e-04
9.359284776603489113e-06
-3.325507184295864338e+00
4.609989914528776822e+00
1.492330253001661777e+00
3.789964282658246641e-02
-2.043292565720685516e+00
2.509242313617704667e+00
1.331903481816624879e+00
3.618106807615222742e+00
1.371376597409006213e-04
7.672088369851386581e-04
-7.661922057597676079e-05
1.757937506454240631e-04
1.558213874546101468e-03
-1.146400606353027821e-04
1.086426784150073626e-05
3.219900589239566360e-03
-4.768867722564232661e-05
-8.989841039372019617e-06
-2.753986040358650383e-03
2.606595231982705347e-05
-3.261589865219822722e-05
-4.452446189663060959e-03
1.856273135575994915e-05
2.260457049279531361e-05
2.834921374754571788e-03
2.188749801689937586e-06
3.497882131486607554e-05
6.496317170888173120e-03
1.544964894935252142e-05
1.750524841224204600e-04
2.101421222837723227e-04
-2.770799035155463788e-02
-2.206781941571356852e-04
-6.951714658599465009e-05
6.985271209512499400e-05
3.631900172719811922e-05
-5.145683867726051457e-03
-6.825561114848400926e-05
-3.532603230680551258e-05
-2.062921840431477697e-05
-1.452981744535304149e-05
-9.344742743454823378e-03
1.041408010440547699e-05
1.337774168160965000e-05
-1.900356240187861534e-05
-2.613712833214173814e-05
-1.224483930574957712e-02
2.011085949318409195e-05
1.169265647282144191e-05
4.536794960371107847e-07
1.636612110341825036e-05
3.899356620584779401e-03
-4.707990282882405649e-06
-2.700508847338981983e-06
-1.395558481184526086e-05
2.506874512339817801e-05
1.923096767118672844e-03
1.277024846379695750e-05
-1.831275766441905471e-06
8.372207687069846763e-03
-7.753262191317090719e-06
-1.053310536272636930e-04
-8.748551199264824937e-05
2.267191070472723751e-05
2.285039442165818927e-05
-5.271605039844477758e-02
-4.805995702211534118e-03
7.723210400237211204e-06
7.856681028961126645e-05
1.018649786734069761e-05
-1.916721100403375908e-05
-1.000722860337844604e-05
3.024962556040501280e-02
4.271420459741699302e-03
-6.888429662118305310e-06
-9.607564109236810701e-05
2.371599481925366643e-05
2.270119469474315456e-05
4.280741310582783737e-06
-2.688578045574223363e-02
1.704369015795918662e-05
1.901735284992955998e-06
-1.641401162583634765e-06
-2.327256435923025040e-05
1.738790014320021338e-03
1.901094232206237843e-06
4.332081064052867898e-06
-1.107028433955484360e-05
7.022292116364090624e-06
-2.807490663502829165e+00
1.891708014320597986e+00
-3.524463902117088709e-01
1.605080057131176519e+00
1.362188717993279674e+00
9.458377700211340056e-01
4.257373944061596527e-01
1.670572279006895311e+00
7.576632396327641795e-05
1.761845071892480035e-04
-5.450359642497109360e-05
1.867560835153972334e-04
1.679692140660980033e-03
-1.191184386869612353e-04
1.947196913967807872e-06
-3.427817364560663011e-03
-1.175576367899347633e-07
2.115144182380813998e-06
1.699505930003584152e-03
1.458993365653815218e-05
5.482935730295070984e-06
3.071066270635753725e-03
1.225119956500795673e-05
-1.161244693458320101e-05
-6.340091749324711611e-03
2.885153082321352549e-05
3.563920745648735481e-05
-1.634643617853229376e-04
-9.354538697738302988e-02
1.684025471527985512e-05
1.781773119998261874e-04
-1.835198344446314098e-05
3.004589445665685455e-06
-2.105672938771854796e-02
2.623726644228219110e-05
1.099928013033453186e-05
8.545239578295882310e-06
-1.589390751998051544e-05
-4.349104302266679906e-03
-1.325883359467829096e-05
1.020077222803586112e-05
7.577740852857588518e-06
-1.154775375743021700e-05
-2.612016404127739510e-03
-1.636712356620493761e-05
1.307876471082270630e-05
9.733807012294917716e-06
-2.285098847774472817e-05
-3.574577033159698517e-04
-1.791932212014266183e-05
2.314429604635517607e-05
-9.250780258778243468e-06
2.825076150298667406e-05
-5.809800988544391040e-04
1.146284452838191564e-05
-1.933373365948300475e-05
-1.004849425414870885e-02
-4.150449135588936737e-05
-3.907265062798324690e-05
-3.323525435016978086e-05
1.158006668026269987e-04
7.558175747350817284e-05
6.333634170264888785e-02
2.517744614724306326e-03
4.036543863437828744e-05
3.446390499064306504e-05
-1.965525762148666311e-04
-9.120788544604190907e-05
-5.188481715163340707e-05
-1.588331436751557954e-02
-6.600673068844759147e-04
-3.826269587586460209e-05
-5.082521768204791284e-05
3.567136510049836833e-04
9.118436135068765309e-05
6.005646582721274319e-05
4.183998818230780410e-03
-2.905034495392227345e-05
-1.677833067517571226e-05
2.385831483161211602e-06
-8.805954569159849411e-07
2.396853415300177065e-03
-7.995126657518071968e-06
-9.766106691471183464e-06
1.298183598881377874e-04
1.506284271564616254e-05
-3.325508119730052670e+00
4.610004473450869611e+00
1.492330069474004262e+00
3.789079809927350245e-02
-2.043285047378711194e+00
2.509231245243523478e+00
1.331904166912407206e+00
3.618111729662757181e+00
1.872983832062308072e-05
7.118259563827350738e-04
2.163461300204477149e-04
3.108689419863674681e-05
1.481191370176965878e-03
2.936381269016433105e-04
1.949949432889616001e-05
3.194283845441644662e-03
5.890840347746861822e-05
-1.036342788759771282e-05
-2.742470363517573138e-03
-3.544319583803566781e-05
-4.615450098492031418e-06
-4.439588572450189202e-03
-5.187287307704088778e-05
-3.354933389272430093e-06
2.832367341638358359e-03
2.062553466348596672e-05
-1.044546617869698117e-05
6.499470597688295805e-03
1.962817819355737854e-05
-6.047528610147762541e-05
7.492121439667398107e-05
-2.785248187909269285e-02
4.434355981029717165e-04
-1.304606111219568803e-04
-2.647146818067335554e-05
2.623693997078345067e-05
-5.190170535449721047e-03
1.082391557709326568e-04
-4.504784087572146053e-05
8.597642301097267004e-06
-3.045259515100650047e-06
-9.338859372640400877e-03
-2.558127325817684307e-05
1.111583069947346688e-05
7.767279867583137365e-06
-6.082860930091088408e-06
-1.222754557056976270e-02
-4.745603501484867398e-05
1.063475366025037304e-05
-9.608627257874924349e-07
3.291301095289190911e-07
3.891021265881055603e-03
2.144056901114465088e-05
2.140713155085365747e-06
2.501447440969057811e-06
-8.310901884389783358e-06
1.922309218834472328e-03
1.187915767905356977e-05
1.750967806084831861e-05
8.373480020426779177e-03
8.778282394843396386e-06
1.171268637869125007e-06
-5.213450620063187976e-05
-1.305206847513335877e-04
-1.256261654567574932e-05
-5.270694679711403208e-02
-4.808167552816164717e-03
-4.797399356674477729e-06
1.201342981753820145e-07
-1.362534708449012876e-05
9.961150871957439245e-05
5.996227952689345947e-07
3.023535752131262938e-02
4.274969095406496930e-03
2.830352837597645223e-06
1.821462221442663140e-07
5.235558140665716237e-05
-1.209527630249163929e-04
3.782297867484482701e-06
-2.686284696621178344e-02
-4.976959004352197040e-06
2.495260372931566297e-06
1.716817082428705761e-06
1.629984681504870893e-06
1.743710555884985490e-03
-2.543540570706361310e-05
-2.280743431725560090e-06
-7.074513764535567226e-06
6.531968523845236126e-06
-2.807493278088104116e+00
1.891705809422020712e+00
-3.524491429626498418e-01
1.605082530695558063e+00
1.362186898286924963e+00
9.458355034616329204e-01
4.257375026560298870e-01
1.670573987463781940e+00
5.946759364445624824e-06
1.401034449257035222e-04
-6.058485225566971768e-05
1.523722103168986698e-05
1.600506335366064584e-03
-1.338580078905015572e-04
2.038392545858984051e-07
-3.421883891281357875e-03
-2.663213663251527581e-07
7.353475577221886643e-07
1.704277674641982172e-03
1.467128054626962666e-05
9.858715600004433363e-07
3.072782328240666883e-03
1.205854150221268894e-05
-1.251560673983177636e-07
-6.325529049197368275e-03
3.011555395016007753e-05
2.267027288352627980e-05
-1.630057718834777912e-05
-9.350292075412716675e-02
2.842440905653941170e-05
1.836488028346096248e-04
-1.255664566362565784e-06
1.248567836937927207e-06
-2.104228494200645685e-02
2.643793141672828167e-05
7.029779810779294286e-06
2.101284991820586017e-06
-2.118145758509600712e-06
-4.350473981951025366e-03
-1.236701412164041303e-05
1.188548690459150078e-05
2.304560712990232046e-06
-1.780150551413671200e-06
-2.614920343537463412e-03
-1.583230524296766841e-05
1.451836107245719029e-05
3.618713327830866828e-06
-3.005074366591114446e-06
-3.574372318028343600e-04
-1.662954067614645914e-05
2.491804290290551305e-05
-3.116606022770761841e-06
3.331502903069554365e-06
-5.854621044214387534e-04
9.688696335324439905e-06
-2.106147979902529913e-05
-1.005193436349037343e-02
2.460174772372108494e-06
1.025941535438412604e-07
4.625538814342065354e-06
1.203961578987472361e-04
6.596682876866029202e-05
6.331339365626831306e-02
2.519232854240947665e-03
-1.386351159132173925e-07
2.940575316297691728e-07
-2.315804600711224770e-04
-9.496046801043598706e-05
-4.278404274185426128e-05
-1.587397778864837322e-02
-6.610341403238991073e-04
1.260206283237410467e-06
-1.988614901757510943e-06
3.996608881113413369e-04
9.603789451105000468e-05
5.129597613918145116e-05
4.178314592544727507e-03
-8.915908509369324894e-07
-1.515073927755564823e-05
-7.182038990635063161e-07
-3.327440069933017996e-07
2.397648950961599017e-03
-8.129900650708909299e-06
-9.249556723662205441e-06
1.415428981809200551e-04
1.294492760377751166e-05
-3.325507837439656722e+00
4.609994224556746900e+00
1.492330580975718801e+00
3.789681086411290228e-02
-2.043291169647804217e+00
2.509238997919817749e+00
1.331903329300354377e+00
3.618108012276513463e+00
1.283318162286585640e-05
7.620777929896986472e-04
1.930862259142450757e-04
1.136889852090275865e-05
1.547665120575691510e-03
2.605915223137289017e-04
-1.194890566448198913e-05
3.208398200373033596e-03
4.883190366774246995e-05
5.732928651731086473e-06
-2.748697868636300074e-03
-2.974513830466245522e-05
-2.933801829261980875e-06
-4.451883940430194884e-03
-4.626854883587396976e-05
6.756357577379373321e-06
2.838323089989902917e-03
1.973278139584494050e-05
1.423812310964807081e-05
6.505682032282975383e-03
2.064390540539978500e-05
4.063594064445211364e-05
-1.385329793912158166e-05
-2.774925765809163267e-02
3.865825740146116196e-04
-1.444649546537823677e-04
1.971604250385099993e-05
-1.200380438032415396e-05
-5.162640231647436934e-03
9.231253219455282425e-05
-5.300823683893927327e-05
-7.060951111718936189e-06
-5.832452364487160892e-07
-9.343850168251127339e-03
-2.262139001225748757e-05
1.429558072619071174e-05
-6.251923839409454871e-06
-6.134044587956609269e-07
-1.224135977354151410e-02
-4.186100657386379272e-05
1.339852303016287048e-05
1.285532159073344048e-06
2.901011155967886089e-06
3.899220096708253501e-03
1.953624866815258470e-05
1.291756285210346860e-06
1.891771155677963278e-07
1.081538703777657264e-05
1.929240954258620942e-03
1.300055049296586920e-05
1.627296616737925866e-05
8.375255011888169121e-03
-1.086253269665560074e-05
-2.096633781556322436e-05
-9.248817095282719754e-05
-1.196991617183328375e-04
-5.773413230232943792e-06
-5.269595802329722634e-02
-4.809052350616307980e-03
4.943224628199865400e-06
1.493862477161785862e-05
1.509806163630479431e-05
9.111839577972033455e-05
-2.175382368910495993e-06
3.022969773016648959e-02
4.275112956715360762e-03
-2.287175446741035212e-06
-1.852517509392711596e-05
1.659804210719744138e-05
-1.107371990806150375e-04
4.811681089893531175e-06
-2.686160580700048053e-02
8.214942288725259243e-06
2.149797780011165734e-06
-2.004586774208881213e-06
-5.695505153157563684e-06
1.735994698714984344e-03
-2.374562384420573564e-05
-9.778478186619153894e-07
-8.345266147808899182e-06
5.490024321809296339e-06
-2.807494108020739176e+00
1.891708174165228629e+00
-3.524502086623146346e-01
1.605085069070077086e+00
1.362185906911247857e+00
9.458343353485348937e-01
4.257375678012250697e-01
1.670574233783305829e+00
-6.708458585273871402e-05
1.384087527910523880e-04
-5.817775082868077274e-05
-1.614874902211077740e-04
1.598189904026778860e-03
-1.317962224168685835e-04
-1.403557343450191817e-06
-3.421829213427094504e-03
-5.367860441510509361e-07
2.037441139237101900e-06
1.706757096729189047e-03
1.077125310913170574e-05
-9.943765919640294356e-07
3.075540152161266531e-03
8.294384388746883435e-06
1.551757096152607554e-05
-6.321990053056983708e-03
2.450833037596583208e-05
-2.740895380240173713e-05
1.205330965251152724e-04
-9.351811664282100311e-02
4.787322161044920994e-05
1.480140117960383988e-04
1.231939712025870661e-05
4.286615753872172500e-06
-2.103726191076973201e-02
1.949739655340227752e-05
-2.317696731248743039e-08
-6.036474472638264179e-06
8.071115093960774345e-06
-4.354964771670371063e-03
-6.784221010373571144e-06
1.142909545482164081e-05
-5.401634457372199866e-06
4.212463672650601184e-06
-2.619417645048118838e-03
-1.010993971920281712e-05
1.307528130257604352e-05
-7.036444783629855831e-06
1.188155470810608189e-05
-3.635195860987078427e-04
-8.891166033951832545e-06
2.147533600742976916e-05
6.675792699026507454e-06
-1.731196667559441039e-05
-5.801515471885780812e-04
2.766996422403240072e-06
-1.851885364858002047e-05
-1.005574354188226542e-02
2.709852637502041127e-05
5.624953584989423792e-05
2.310318577423194769e-05
9.732407095200290461e-05
3.727651731905807456e-05
6.328748527713727590e-02
2.522477652589924773e-03
-2.665610265804718032e-05
-4.686771711309084337e-05
-2.437843157917599112e-04
-7.730666832358024218e-05
-2.035197601240739822e-05
-1.585339947373450367e-02
-6.647329544367369105e-04
2.507331764632101192e-05
5.849637827998975379e-05
4.100426524798128029e-04
8.074281391576179460e-05
2.730865050630809106e-05
4.155274214289926549e-03
2.664068533117559755e-05
-1.505980990698117792e-05
-1.572485230100672171e-06
-1.289054358912628765e-06
2.395382882927348574e-03
-6.022591173286719599e-06
-6.198426479950519029e-06
1.431619870936232770e-04
1.056145737623578854e-05
-3.325507043988021660e+00
4.609984690152212572e+00
1.492330516039806154e+00
3.790270552672338200e-02
-2.043295693077510577e+00
2.509246265613083615e+00
1.331903052198236459e+00
3.618104910805339802e+00
4.011790267972955047e-05
7.929029408914543267e-04
1.183494449600501166e-04
4.009495307290040518e-05
1.592179896867569784e-03
1.560312610816810656e-04
-2.569383541268779804e-05
3.227059272919381543e-03
2.059963697230743988e-05
1.201613035994639896e-05
-2.757143847302745421e-03
-1.352966778318401701e-05
-9.277517511856333581e-06
-4.458737223259159367e-03
-2.829201876094484386e-05
1.695083083525958820e-05
2.837987672437627864e-03
1.539837010288540184e-05
3.466166585341579938e-05
6.499544801080628376e-03
2.044870668440062507e-05
1.360850959054104128e-04
-1.299911553613214498e-05
-2.765535187550191565e-02
2.144310949704432466e-04
-1.382615892263699899e-04
6.055113464507679596e-05
-2.361371474972736307e-05
-5.131678772982424357e-03
4.605092110778796538e-05
-5.479600793455949867e-05
-2.006943084558019433e-05
-2.536966848508398532e-06
-9.347292570419019411e-03
-1.337669889184028853e-05
1.631716920826108047e-05
-1.804924693035256191e-05
-3.587826272888429766e-06
-1.225189306244795460e-02
-2.447472946077653544e-05
1.496485349884769040e-05
2.481880153466358777e-06
7.840844631901367750e-06
3.903553546512115221e-03
1.297170205021511022e-05
-1.598873447667499582e-07
-4.676587326659350157e-06
2.618460603417122989e-05
1.926676925460033040e-03
1.390135494572870408e-05
1.152876613296992644e-05
8.373176207821754133e-03
-2.228905239785254605e-05
-5.565751582220503736e-05
-1.081638151613498666e-04
-8.149949420314258849e-05
5.077612811075463313e-06
-5.271034053769992067e-02
-4.806494590831615100e-03
1.163897450104227585e-05
3.996917872068384442e-05
2.490964890503212644e-05
6.142060394746784707e-05
-5.789356239899455151e-06
3.024662015214608576e-02
4.271521458068704841e-03
-6.551094634465698358e-06
-4.944050478119144961e-05
5.381423548222259885e-06
-7.484436365073364786e-05
5.431265346908338082e-06
-2.688500092001930644e-02
1.861376702888147989e-05
1.579156561403114341e-06
-4.259891500907418508e-06
-1.459318632178019117e-05
1.734824731122959311e-03
-1.704531252796619387e-05
1.134604151694583354e-06
-1.167379638958289617e-05
5.320401215908535781e-06
-2.807492841560171204e+00
1.891712584419245058e+00
-3.524490848296579215e-01
1.605085782337305256e+00
1.362186337495504107e+00
9.458349443560305492e-01
4.257375489651872291e-01
1.670573083129807790e+00
-1.138900971746543999e-04
1.665402528816859026e-04
-5.944382598942054435e-05
-2.725634317250080914e-04
1.661462604829961991e-03
-1.416176431873813080e-04
-2.237506745700701204e-06
-3.426698036221752317e-03
-1.122072176638866865e-06
5.117323695863412225e-06
1.705497086125899861e-03
3.865046588163578435e-06
-3.288808215053089970e-08
3.077121839904117546e-03
1.379652576395534975e-06
2.850309193572192869e-05
-6.330224887413680480e-03
1.564742858526539250e-05
-9.067453389603182890e-05
1.944830299682945979e-04
-9.357003068969581283e-02
9.318950686652910040e-05
8.307140400855977935e-05
1.691320377925895530e-05
1.019266475054734600e-05
-2.104377653941978329e-02
7.277936255906765003e-06
-1.068568776350004484e-05
-1.230227126289091527e-05
1.117893091848889508e-05
-4.358731033190682211e-03
4.015097987851646210e-06
9.903259815573396555e-06
-1.210181721991041706e-05
4.623690503006084500e-06
-2.621913431127457540e-03
6.321597026483802111e-07
9.918814107740235055e-06
-1.739219115131837161e-05
1.665937644143966314e-05
-3.701768583777665994e-04
6.153371605217141602e-06
1.465986850937140366e-05
1.572105078747142087e-05
-2.615330479012962291e-05
-5.706252773391226477e-04
-1.123369673483208273e-05
-1.330516422955398310e-05
-1.005713973942002140e-02
2.356587551459605865e-05
1.044683581275767916e-04
1.186164752568796311e-05
6.017578705833002793e-05
-8.997216928238839165e-06
6.327843315155561033e-02
2.524761808480775749e-03
-2.908278229997167966e-05
-8.645521509488400015e-05
-2.280374872477840026e-04
-4.928134601771979825e-05
1.514119823412090562e-05
-1.583871164074078172e-02
-6.679262610995702430e-04
2.435190062302938186e-05
1.050184786570461989e-04
3.857196815177105090e-04
5.801438645574243141e-05
-1.106065016934545118e-05
4.134847574449616869e-03
4.329366217261367770e-05
-1.622304999542304777e-05
6.946329653365339481e-09
-3.118567243420400197e-06
2.392243803611213224e-03
-2.230310320400178824e-06
-1.080806032867922216e-06
1.351345056612921326e-04
1.353143199534357675e-05
-3.325506278554455353e+00
4.609982412084818293e+00
1.492329914316320894e+00
3.790444066850704591e-02
-2.043295502696854005e+00
2.509248061862485280e+00
1.331903530316842943e+00
3.618104556626243085e+00
7.736540854749870359e-05
7.830476944089048751e-04
1.512904168375352392e-05
8.857400523808224850e-05
1.584101855123437423e-03
1.060274418106308046e-05
-2.086722337348440783e-05
3.237541450397004444e-03
-2.097135927557133584e-05
8.624837397348615909e-06
-2.762052288796756992e-03
1.018497391057942508e-05
-1.815231296242569424e-05
-4.455413585832061762e-03
-3.434921416425675671e-06
2.242142328541055500e-05
2.831536015200767677e-03
1.034926619196143155e-05
4.258299066924261682e-05
6.485152495775142398e-03
2.239881375430247915e-05
1.820439268371772969e-04
4.885265398623871126e-05
-2.763528328210871146e-02
-2.993636050658664898e-05
-1.254399058847964596e-04
7.792964143057588226e-05
-1.152194761841345489e-05
-5.118497128257387847e-03
-2.089413848345458600e-05
-5.536141169793454020e-05
-2.486086780772350427e-05
-6.603259638571263868e-06
-9.346810881373245755e-03
-4.655809317080206062e-07
1.847898286333637437e-05
-2.253175764981442980e-05
-1.095416806115475732e-05
-1.225189169382625773e-02
-1.115543102223415235e-07
1.655652662726447665e-05
2.276731245716729524e-06
1.208311502855163981e-05
3.901016788956440749e-03
4.183618520477140761e-06
-2.068067476052645128e-06
-9.282365809340869153e-06
3.176431687383725799e-05
1.916298410102811175e-03
1.684238828038457555e-05
4.881308376703405023e-06
8.368645561667378482e-03
-2.182302718490384814e-05
-8.269804788855106194e-05
-8.819153250603205003e-05
-3.104859488328930801e-05
1.934236173567414197e-05
-5.274045304993638106e-02
-4.802178406907996709e-03
1.280148235929861662e-05
6.022417939301254143e-05
8.928376856985891126e-06
2.196795605816700614e-05
-1.037676659182265105e-05
3.027471647994406032e-02
4.266559941616767694e-03
-8.175528723122503006e-06
-7.415568610150922177e-05
2.658714087707699349e-05
-2.722236704803056469e-05
6.020852665001454306e-06
-2.691720969351291126e-02
2.253023986845997031e-05
1.215319997200459077e-06
-4.264607376370322249e-06
-2.034178220326966196e-05
1.741035858878542441e-03
-8.448848893065321185e-06
3.769639344025474808e-06
-1.481590507933170847e-05
7.948205263026167933e-06
-2.807490163230612623e+00
1.891715584275152073e+00
-3.524463114570980382e-01
1.605083672328019073e+00
1.362188101384263383e+00
9.458371575907658091e-01
4.257374455718985762e-01
1.670571261455134460e+00
-1.177378413097483767e-04
2.058837904851419372e-04
-7.014997146884371882e-05
-2.795295148051199605e-04
1.748165370843239239e-03
-1.752196438187845031e-04
-2.115376085288972562e-06
-3.433220070886855695e-03
-1.985287872183250835e-06
7.598372382790409579e-06
1.700840351651509682e-03
-3.833103997842523958e-06
2.261756777061784601e-06
3.075892730294512139e-03
-6.744773298873341483e-06
3.250292063717912324e-05
-6.345390939300429335e-03
7.545063620535298288e-06
-1.309473847429575640e-04
1.867265039116838517e-04
-9.362047056471131667e-02
1.621267489685283771e-04
9.853467272838344559e-06
1.234515568854890209e-05
1.462886457175635992e-05
-2.105846737606326124e-02
-6.248351528317859808e-06
-2.315745347160119697e-05
-1.390179599347243411e-05
8.016700170950270409e-06
-4.358310410805828379e-03
1.760176126122838777e-05
8.329815839018982670e-06
-1.455536769883868792e-05
1.243293235235045442e-06
-2.619804857545687989e-03
1.362391083922149165e-05
6.457649196493502531e-06
-2.212593636414750695e-05
1.230590423658683703e-05
-3.716720797004767702e-04
2.517246773576535391e-05
7.071094078019800090e-06
1.949392213613168617e-05
-2.249068843850787785e-05
-5.644043737333092866e-04
-2.979133739535054959e-05
-7.549749256151498471e-06
-1.005433443872941722e-02
5.371817674745037814e-07
1.206033449179037923e-04
-2.535442810321748234e-05
2.500025232170252775e-05
-6.240798501135625385e-05
6.329759024505240972e-02
2.523898325615323880e-03
-1.209923792895278043e-05
-9.904800590776256482e-05
-1.924241582675208467e-04
-2.335330176245816936e-05
5.635284573251823649e-05
-1.584403172222107262e-02
-6.677409464005215362e-04
5.535261106939596195e-06
1.165894471900203025e-04
3.409391496035319921e-04
3.981341461466899988e-05
-5.554083521967177186e-05
4.135517735310046371e-03
4.457966011170530918e-05
-1.801661833668763662e-05
2.677744839973059934e-06
-4.466782934114778346e-06
2.390856033890820936e-03
1.969928207615635318e-06
4.594341933644312303e-06
1.225739077967454157e-04
2.315965454375542836e-05
-3.325506035737259669e+00
4.609989878458593537e+00
1.492329086524133430e+00
3.790031501693054417e-02
-2.043290054073712891e+00
2.509242460073742631e+00
1.331904563596373547e+00
3.618107565434208528e+00
9.049232892467420051e-05
7.330890822818133352e-04
-8.308413687317854168e-05
1.102216309275589099e-04
1.521181136643416773e-03
-1.290289197146236313e-04
-7.542061629843111825e-06
3.231956145201587104e-03
-6.373679330880101625e-05
1.536375658417045376e-06
-2.759769818574022392e-03
3.437180666204295553e-05
-2.138435943267562989e-05
-4.442608837475340612e-03
2.024301942813200813e-05
2.019243150629110970e-05
2.822246798233409969e-03
6.687966275017381029e-06
3.555337578908857098e-05
6.470581356604309872e-03
2.695171953473296360e-05
1.576269829271490007e-04
1.005197486865608449e-04
-2.771223863992195238e-02
-2.707091254816848297e-04
-1.139442343198112268e-04
6.489793066097077241e-05
6.500472004474299001e-06
-5.134054388422459869e-03
-8.838139725314896153e-05
-5.646803068475174549e-05
-1.988652523863949670e-05
-8.723485360181149683e-06
-9.342161844921001088e-03
1.201034312590571165e-05
2.079745595300451990e-05
-1.817569666435263514e-05
-1.517734697142701701e-05
-1.223987600454134322e-02
2.352082944790109478e-05
1.829199017600049667e-05
1.100945399881313596e-06
1.234726007964332836e-05
3.892273567420802532e-03
-3.841838680357739203e-06
-3.972071391889796817e-06
-1.056097380321349055e-05
2.615129549962142287e-05
1.903664930309865609e-03
2.172404582752122869e-05
-1.640148438932814228e-06
8.364256309452816271e-03
-1.225418199544260302e-05
-8.224510632281541612e-05
-4.038128958332290247e-05
1.422334946201142807e-05
3.368215386166292634e-05
-5.276917494407852571e-02
-4.798647635303875982e-03
8.786372295293836830e-06
6.051770728913763485e-05
-2.622098753434062759e-05
-1.370681109547467463e-05
-1.503944021205139809e-05
3.029753284429523991e-02
4.263231160851566580e-03
-6.597338751529497225e-06
-7.425998447408457782e-05
7.117582571127581111e-05
1.573995018206681987e-05
6.664853382020247482e-06
-2.693880201834144422e-02
1.928168262611258492e-05
1.213314269298544681e-06
-2.475710936967896646e-06
-1.919518204166376806e-05
1.751684437539215893e-03
-1.126260159558151642e-06
6.305049853312010606e-06
-1.570280593436726031e-05
1.289861722206333822e-05
-2.807487403749815869e+00
1.891714807822066247e+00
-3.524432118844568196e-01
1.605079286107719660e+00
1.362190441115662676e+00
9.458400042439337740e-01
4.257373001334761042e-01
1.670569757873674233e+00
-8.223024722442031492e-05
2.340669546198984616e-04
-8.550393216235499332e-05
-1.935059884631113955e-04
1.808587243501968977e-03
-2.185507419252066276e-04
-1.321354992623264379e-06
-3.437641291752491050e-03
-2.847619813976503033e-06
7.060405606877412200e-06
1.694826088898531953e-03
-9.886529706197455338e-06
3.315895534590301058e-06
3.071840350814715546e-03
-1.344104113804512788e-05
2.503893202056191043e-05
-6.359674998745608841e-03
2.478911229076579473e-06
-1.201555794584501804e-04
1.194604788449054841e-04
-9.363621695454309168e-02
2.301569191924052930e-04
-5.163154202048164643e-05
3.406171153591781647e-06
1.334194028909221398e-05
-2.107416570902150704e-02
-1.682868146324098226e-05
-3.366539676953074749e-05
-1.022893545127254256e-05
2.899620867544388646e-06
-4.352753839487836021e-03
2.944931479411309449e-05
7.025952955276668771e-06
-1.144044839483024876e-05
-1.825270471062271586e-06
-2.613121696330355723e-03
2.459591617643906342e-05
3.560653334059026313e-06
-1.833913548393977327e-05
4.850221783130003979e-06
-3.655299563270778202e-04
4.180081986395235580e-05
7.056133049683996903e-07
1.579131648144489714e-05
-1.223989661870113546e-05
-5.664978782999772425e-04
-4.659603654262108746e-05
-2.726532449024439799e-06
-1.004790249991534788e-02
-2.142834310027920446e-05
9.388152441557845820e-05
-7.191307834647291900e-05
2.008339679765697822e-06
-1.072460558629261923e-04
6.334059328498273245e-02
2.519586523900186562e-03
8.479819819231623388e-06
-7.656312265132824031e-05
-1.542561661366784382e-04
-6.899003678174179128e-06
9.116309718073934798e-05
-1.587172338666750435e-02
-6.633759953155622929e-04
-1.432514858295866989e-05
8.756467267932580619e-05
2.988016032043370259e-04
3.075901353265653708e-05
-9.313105481311068816e-05
4.163038704050595583e-03
3.290271906734079091e-05
-1.953240452501884116e-05
4.190964706409105756e-06
-4.009640482323354621e-06
2.392565155710573051e-03
5.147576148224131632e-06
9.253987949521536027e-06
1.123420837021546124e-04
3.534605922606088766e-05
-3.325506491558847699e+00
4.610003956049641971e+00
1.492328452806841010e+00
3.789201758884656879e-02
-2.043281794560472431e+00
2.509231804674418420e+00
1.331905649851808038e+00
3.618112625714920760e+00
5.556593859068290487e-05
6.661482747675131913e-04
-1.476720807877717953e-04
6.948520860916180815e-05
1.432164323968652562e-03
-2.214324004718934706e-04
-3.547631337092956139e-08
3.211896391735063333e-03
-9.334200525677667807e-05
-1.387385086354098470e-06
-2.750891945015076275e-03
5.102368908416866851e-05
-1.317234361241803309e-05
-4.426317406031248479e-03
3.582521747828856860e-05
1.075439934026305925e-05
2.814815461930724166e-03
4.804462607989748579e-06
1.794497251251545719e-05
6.463563030742630958e-03
3.118182714107882008e-05
7.504020148816214640e-05
7.348558202482759010e-05
-2.785370730558939245e-02
-4.328778233271932834e-04
-1.009773159727311398e-04
2.896843451758486447e-05
9.427769193860269662e-06
-5.172564993594010174e-03
-1.345245054223787691e-04
-5.525385901511939326e-05
-8.243007576791421906e-06
-5.626085317254660675e-06
-9.335458770675795354e-03
2.031216584277453590e-05
2.180513126229878233e-05
-7.652340249261203978e-06
-9.959376718878457368e-06
-1.222119962738285256e-02
3.927849948426160817e-05
1.893967322909211938e-05
-1.402743622921366530e-07
7.092927699292421281e-06
3.881438178996838261e-03
-8.963374927354198491e-06
-5.257536503109390091e-06
-6.947783411188622233e-06
1.306064215384526759e-05
1.895303612459387117e-03
2.590036724153237999e-05
-6.503893377169542653e-06
8.362368041720443304e-03
-8.114767722366904410e-07
-4.654549112883354749e-05
1.224835087378805436e-05
4.278216783156082813e-05
4.334491721952105542e-05
-5.278111179396448305e-02
-4.797882286974270577e-03
2.459149892837860453e-06
3.446019980366295260e-05
-6.349270448444127709e-05
-3.633823037894315968e-05
-1.800036732063854986e-05
3.030250422248934733e-02
4.263481981927012311e-03
-2.793755518884657348e-06
-4.221515290945043649e-05
1.174367863161298350e-04
4.293151557393329071e-05
6.848446788821136019e-06
-2.693742120714072430e-02
1.130993917452962083e-05
1.529074970394042423e-06
-2.609061845922462833e-07
-1.051172491954807686e-05
1.761476935758368029e-03
3.259832327840056954e-06
7.882281431172423708e-06
-1.365413128510140524e-05
1.771131903386788357e-05
-2.807485849057699046e+00
1.891710343404506167e+00
-3.524412135761224030e-01
1.605074511152098315e+00
1.362192303829243611e+00
9.458421983898080976e-01
4.257371775108559908e-01
1.670569298910377309e+00
9.372242179466753391e-05
2.370839811551748945e-04
2.047403560651268677e-05
2.380290091051056472e-04
1.812518967859657161e-03
5.788050316012043588e-05
2.991420708121876192e-06
-3.437741394224543869e-03
1.144184383659394169e-06
9.814551853520101695e-06
1.690169793555789486e-03
8.691987199096478539e-06
1.393347453870732698e-05
3.066659420164380510e-03
9.750806998207731512e-06
-4.883805937551716161e-06
-6.366338514306014475e-03
6.793565678152020249e-06
-5.391166988974769670e-05
-2.469707053756085651e-04
-9.360735166578600108e-02
-9.557245078369906396e-05
9.686405587034738348e-05
-3.146150267387319788e-05
1.648565526527700457e-05
-2.108360258785300922e-02
1.506523701758998482e-05
2.182085909020456120e-05
5.941737479305152420e-06
-3.071167928538837344e-05
-4.344286903875081707e-03
-1.675342226681517653e-05
5.726085375021552014e-07
2.828602943535567596e-06
-2.534045678506337176e-05
-2.604655977576422581e-03
-1.554114006306943501e-05
3.294885032340134885e-06
-7.664452593740615468e-08
-4.363671849778886022e-05
-3.540638670864044144e-04
-2.350717382943399156e-05
8.640492724069114477e-06
-1.645090574189985718e-06
4.914419711292792464e-05
-5.765356047005143611e-04
2.371691072370935867e-05
-6.402275876594156173e-06
-1.004059116336890843e-02
-1.007322722269851189e-04
-8.762932301572275531e-06
-1.067434207178489776e-04
3.321777828905752726e-05
8.449086914050790860e-05
6.338917653843165190e-02
2.513577936464861298e-03
8.558957005687267455e-05
1.261742664633333202e-05
-1.312188524654931093e-04
-2.381101182141456076e-05
-6.733475040545578068e-05
-1.591048851773771769e-02
-6.565811095907859302e-04
-8.758463807336422618e-05
-3.810064987453789576e-05
2.792258799417164129e-04
1.340328395852737341e-05
7.141699574715972996e-05
4.206483882380969083e-03
-4.509802830741817118e-05
-2.007741648546757131e-05
8.754282717181647135e-06
-4.948114967403773704e-06
2.396717894826227036e-03
-4.550811797027798806e-06
-8.461984397592370462e-06
1.094264572627727094e-04
-7.492270087537562524e-06
-3.325508462272916965e+00
4.610029004348071169e+00
1.492328507800004145e+00
3.787659628119482980e-02
-2.043269660274912969e+00
2.509212724026852914e+00
1.331906485334080514e+00
3.618120849767497926e+00
1.081777744386473164e-04
5.817147028407221396e-04
1.427028604115531795e-04
1.625112684005038111e-04
1.311430627229384031e-03
1.998564181881656474e-04
6.929090201519227086e-05
3.163998752307781506e-03
5.465661551528409309e-05
-3.789058835771033477e-05
-2.729247403688372410e-03
-3.141896053510429167e-05
-2.627791186215752150e-05
-4.407324625246917399e-03
-3.437210544620735749e-05
-3.901289721044420641e-06
2.814443845365422001e-03
7.920724740472061406e-06
-2.376192488285743592e-05
6.477149400357226292e-03
-4.937017787719842645e-07
-7.527887629331152057e-05
3.221208220366125123e-04
-2.810079049974626222e-02
3.345215318461331648e-04
-2.233228053480451226e-05
-3.992914243473117477e-05
1.005725026933399559e-04
-5.252767016206903207e-03
9.062506264938563233e-05
3.264546919556138209e-07
1.518886593783042767e-05
-1.505964423052593157e-05
-9.326159383507170997e-03
-1.787300774514996322e-05
-3.021283884095388370e-06
1.330959659833016175e-05
-2.913502381586033330e-05
-1.219303383390018397e-02
-3.363867338892784914e-05
-2.233906767825837214e-06
-3.545982500292177724e-06
6.485911283853629193e-06
3.869353907887508517e-03
1.247521267852208659e-05
3.146599774048368863e-06
-3.704064976973687918e-06
-1.984651337783645031e-05
1.900117073607956748e-03
-2.624200821394936437e-06
1.099662301832746225e-05
8.367065553280038023e-03
2.903519842216850942e-05
-3.078804735449538327e-05
5.814063588143521689e-05
-7.263064588397909996e-05
-2.301287143975168476e-05
-5.274857539482282615e-02
-4.803915096110956615e-03
-1.224138909150448577e-05
2.626239595157265667e-05
-9.288429960982916137e-05
5.650681016677973004e-05
7.282813714542414862e-06
3.026277989424441123e-02
4.272146191442532936e-03
4.808606831571709026e-06
-3.094590413400333858e-05
1.515944180830773938e-04
-6.820530853452018633e-05
-7.945655522150620479e-07
-2.688118975667577737e-02
-1.509337551021968952e-05
2.860482619298614821e-06
5.271043066011829835e-06
-2.065209520869165449e-06
1.765825809270372667e-03
-1.240979825805083426e-05
-4.138573466277210756e-06
-5.335993097567949226e-06
-1.044181741986038081e-06
-2.807487603552822453e+00
1.891704098307906090e+00
-3.524427618299986742e-01
1.605073446163253426e+00
1.362191725315083701e+00
9.458413741378255413e-01
4.257372022121408417e-01
1.670570906430740576e+00
6.945554082859802946e-05
1.976676595967787563e-04
-1.886385950289467747e-05
1.747749174677783895e-04
1.723823604178786190e-03
-3.271814140500714339e-05
2.085008594704508208e-06
-3.430914613500342294e-03
6.819152973308263934e-07
5.599685506288497391e-06
1.691873691131132781e-03
1.410773044790175007e-05
8.660081953227798888e-06
3.064371909449013255e-03
1.336729087041468618e-05
-5.812190853624343517e-06
-6.354881214439661932e-03
2.143560804782739733e-05
-7.178131295197822488e-06
-1.725720593961756547e-04
-9.353419855330102894e-02
-5.110407758189990633e-05
1.649377936855198502e-04
-2.056009374279885228e-05
9.248571113819156655e-06
-2.107458603155542426e-02
2.505872619854886195e-05
1.874057808093341663e-05
6.004387840260804404e-06
-2.018822681725317505e-05
-4.338892551421755922e-03
-1.849240343984767294e-05
6.721982351568524499e-06
4.328899988149325689e-06
-1.620494985631950344e-05
-2.601040009247546081e-03
-1.953788897916932665e-05
1.004307105824152750e-05
4.041930994192665045e-06
-2.875694720561251233e-05
-3.445733402050774703e-04
-2.553023659953740116e-05
1.930727412107209037e-05
-4.537907708687837134e-06
3.311191140633934406e-05
-5.900248279637319458e-04
2.187852332463853001e-05
-1.564497309628102515e-05
-1.003856185426670392e-02
-5.865821745875871604e-05
-1.572982670530431219e-05
-9.134299975546884831e-05
8.925724703977045175e-05
9.363646083678008199e-05
6.340267649343744871e-02
2.510228101340105343e-03
5.195856570252089173e-05
1.630783817222208350e-05
-1.530783839931275652e-04
-6.893458818197026610e-05
-6.924191553117731526e-05
-1.593161498333822007e-02
-6.519191580948758852e-04
-5.189293410286347662e-05
-3.395308558140501846e-05
3.131492705482216091e-04
6.232377335065314840e-05
7.661012754391538417e-05
4.235706615376496828e-03
-3.106323910495801177e-05
-1.820552690326237384e-05
4.599104661509149396e-06
-2.723655285107769028e-06
2.401174272643047738e-03
-7.461110183880603200e-06
-1.083458230084514761e-05
1.206313427848206606e-04
1.752402211313723238e-06
-3.325508957260486564e+00
4.610029198443692522e+00
1.492328996262720864e+00
3.787620466166082694e-02
-2.043270624900375587e+00
2.509212526742850002e+00
1.331906038565326966e+00
3.618120591314939460e+00
4.136422079253690827e-05
5.953952381243482299e-04
2.060261320315656891e-04
6.269814337199574163e-05
1.326068465584075758e-03
2.838916301952494289e-04
2.791091167533351158e-05
3.158594573326433015e-03
6.697070426017524651e-05
-1.520631609726748776e-05
-2.726669534744973269e-03
-3.927086390743764075e-05
-1.005991997534487980e-05
-4.411308753774900206e-03
-4.949799690162142395e-05
-1.995796903753123999e-06
2.819746500589922090e-03
1.574850239262412719e-05
-1.027758749616855705e-05
6.488016134045170892e-03
9.491674374103984844e-06
-4.661511359869173948e-05
1.267501725025090942e-04
-2.810077604735054801e-02
4.503689936866076969e-04
-8.656141389371908911e-05
-2.177160215542189815e-05
4.010842766506272222e-05
-5.258202235088897149e-03
1.160538687049938257e-04
-2.553030311824032087e-05
7.496113501980394746e-06
-5.842337470960668059e-06
-9.327174117521418520e-03
-2.502392735530894558e-05
4.652491040457855646e-06
6.694918426483823293e-06
-1.133522722621923054e-05
-1.219491010421125919e-02
-4.673891241455982546e-05
4.818684846755434384e-06
-1.203052821155790567e-06
2.329584373067859264e-06
3.872230661688635684e-03
1.925876596585637259e-05
2.942848177149880543e-06
5.893190450341615425e-07
-8.506275922959408693e-06
1.908280437414795186e-03
4.183155401111865449e-06
1.600153884820462740e-05
8.370431605983963755e-03
1.033099850790310446e-05
-1.052787360342840353e-05
3.876346759126359561e-05
-1.150089701581707524e-04
-1.975736760036043044e-05
-5.272612381141324189e-02
-4.807027960563527332e-03
-4.931893894463338282e-06
9.204933950908379594e-06
-7.787156830912678228e-05
8.851039045467377908e-05
4.335980740973946101e-06
3.024245905405649124e-02
4.275621536386394785e-03
2.427834170083426751e-06
-1.078973350808286884e-05
1.319970611303107372e-04
-1.071806832550334707e-04
1.707112171923210358e-06
-2.685861260876888992e-02
-6.147398883529803942e-06
3.150577018185477578e-06
1.933443917740067881e-06
-4.221899464243532495e-07
1.760470244539069423e-03
-2.119126028472021709e-05
-3.622153850403936363e-06
-3.317014207029077942e-06
1.487079440285451459e-06
-2.807489640652059748e+00
1.891702339153127355e+00
-3.524449037779190386e-01
1.605075350014772750e+00
1.362190312588430707e+00
9.458396137213205268e-01
4.257372862562790461e-01
1.670572242014590758e+00
1.052007997495512099e-05
1.694357731880693759e-04
-3.936534430371458086e-05
2.705879580271987195e-05
1.661859332318598977e-03
-7.991545416273646756e-05
3.684054293576617698e-07
-3.426257665435208932e-03
4.358357255488589476e-07
1.427551115909900278e-06
1.695579420960171679e-03
1.695134643447772775e-05
1.878158376325480102e-06
3.065676635482034000e-03
1.527326729414755409e-05
-8.431995905660913108e-08
-6.343504199439725828e-03
2.908810205652119637e-05
1.963438330480295928e-05
-2.968510916540572357e-05
-9.350077658053769503e-02
-2.795995778661613932e-05
2.001933082222249094e-04
-1.972815628485593324e-06
2.432285782472114012e-06
-2.106332364176483410e-02
3.029185377907253797e-05
1.512483482349005369e-05
2.100097763009282690e-06
-3.944801534855464067e-06
-4.339911296085289215e-03
-1.942133941266345053e-05
1.055483217180596631e-05
2.209653415976586521e-06
-3.343394001759296200e-06
-2.603254298471577906e-03
-2.165103088421532393e-05
1.402728439755375158e-05
3.354074424532368013e-06
-5.588570619557508182e-06
-3.444759852029915192e-04
-2.662350466502563589e-05
2.533073296873293904e-05
-2.931331559256230876e-06
6.150948961437464454e-06
-5.935992170720133521e-04
2.094514235560172291e-05
-2.096505411042471842e-05
-1.004118443710002966e-02
-3.174736854499660005e-07
8.339712194060877888e-07
-6.184649054484015786e-05
1.185739145265180227e-04
9.265451114831327567e-05
6.338488257151929373e-02
2.511353273406204383e-03
2.078905893199234646e-06
2.016281938044902899e-08
-1.804427581074118667e-04
-9.246982126187785155e-05
-6.515897861959924484e-05
-1.592455167967573096e-02
-6.526298967911528959e-04
-1.092185633768573320e-06
-3.107145767661523385e-06
3.467438327369481879e-04
8.780602657548408825e-05
7.429347838145166814e-05
4.231574812809666027e-03
-4.662780025489151705e-06
-1.691824457842321133e-05
-4.368880367359109191e-07
-6.635099323095737158e-07
2.401841651174430829e-03
-9.061999055259839508e-06
-1.165996784173548112e-05
1.298487033483754530e-04
3.507375116026167835e-06
-3.325508553398144329e+00
4.610018028130963508e+00
1.492329455425132956e+00
3.788281206762456055e-02
-2.043277084651820008e+00
2.509220985610941312e+00
1.331905216950556969e+00
3.618116604928209856e+00
-6.565796419996860076e-06
6.472220797202811893e-04
2.234658326119924295e-04
-1.442538403752110187e-05
1.395300916974069735e-03
3.064513548404056587e-04
-1.584955984193720993e-05
3.174974572588743892e-03
6.887106136455274695e-05
8.205846488974117040e-06
-2.733929950759986759e-03
-4.067539898501154616e-05
1.702541517446638932e-06
-4.423862710982091537e-03
-5.365022173109564550e-05
4.408228142168397149e-06
2.825168723932596025e-03
1.843804171949839561e-05
1.129871220073484356e-05
6.492626624984653913e-03
1.350354186833667211e-05
2.663572281974516080e-05
-4.980239179689686870e-05
-2.798872850876448978e-02
4.784812869478306243e-04
-1.200634476008454181e-04
1.496288342307702836e-05
-1.997818424297171346e-05
-5.227210653581651836e-03
1.212662703937736699e-04
-4.014944808635520902e-05
-5.938946882828903508e-06
1.616086214970812881e-06
-9.332395954357570675e-03
-2.690147151781936268e-05
9.393007756813134132e-06
-5.160374218167834535e-06
3.425185115210922370e-06
-1.220954249746445883e-02
-5.013543048008314634e-05
9.099727724606761542e-06
1.523598925969384239e-06
8.339873758644830163e-07
3.880561134344531413e-03
2.129051617543522716e-05
2.437055442186930718e-06
2.102569232548818673e-06
8.822931510370066158e-06
1.914187294300406014e-03
7.041310810259288503e-06
1.745794088107011625e-05
8.371683058074985348e-03
-1.237259190814383107e-05
-8.099846676885958616e-06
-1.267163205222285750e-06
-1.279382588414667004e-04
-1.506161868189438488e-05
-5.271864488272209881e-02
-4.807389479483777789e-03
5.062969404160574611e-06
5.214361168776956385e-06
-4.965620399624050014e-05
9.819144526007556387e-05
1.763814009441103684e-06
3.024029999413839834e-02
4.275121022344731750e-03
-1.885849381808928423e-06
-6.676902840159141084e-06
9.707905261798421229e-05
-1.190098133084648718e-04
3.230438589394982188e-06
-2.686167491830921197e-02
6.356317222992584155e-06
2.728492457126574107e-06
-2.224929760558721178e-06
-3.038629339211392984e-06
1.753198728200915015e-03
-2.407335668014992839e-05
-2.750799214368272028e-06
-5.097825459664112636e-06
1.287885676403813122e-06
-2.807490771449026479e+00
1.891706151097646060e+00
-3.524463928658149170e-01
1.605079145569877852e+00
1.362188882038414484e+00
9.458379356843682473e-01
4.257373811071785141e-01
1.670572520802746652e+00
-6.176608587623047487e-05
1.690398419423834659e-04
-4.628388820192958462e-05
-1.509587428256620113e-04
1.663194475373248361e-03
-9.794460366097541013e-05
-1.480376630589217482e-06
-3.426517325820243633e-03
1.727319221539556194e-07
-4.571874581787674914e-07
1.699145528866485540e-03
1.575766208160714804e-05
-3.232833216704685663e-06
3.069858851802840030e-03
1.377842088315210226e-05
1.121315683404644744e-05
-6.338868476934544915e-03
2.882632120250344597e-05
8.938821338653551117e-06
1.254912889210120150e-04
-9.352704228869340719e-02
-6.740064552836593490e-06
1.917511054867759314e-04
1.604521002608948636e-05
-1.907634967517591825e-07
-2.105638652593300880e-02
2.823094690806072940e-05
9.028583350353911754e-06
-4.466430680056838066e-06
1.101416097274778591e-05
-4.346815104478284064e-03
-1.642396659798855485e-05
1.185816740283082872e-05
-3.086148205596635010e-06
7.464831169053954272e-06
-2.610069309909188607e-03
-1.905923620338040051e-05
1.475042780673966529e-05
-2.658654895701612659e-06
1.592501784010940904e-05
-3.539360794517550785e-04
-2.239899558993372440e-05
2.560468986886729390e-05
3.165840284012272081e-06
-2.054249408063183656e-05
-5.850600278760894430e-04
1.637918016706137810e-05
-2.153394055430160316e-05
-1.004700284237515680e-02
4.679409666436203411e-05
3.892340940787369143e-05
-3.540117239165358701e-05
1.166986618034415295e-04
7.361061498744377735e-05
6.334610809908029772e-02
2.516317612736070769e-03
-4.105122632017057534e-05
-3.346096471546573038e-05
-1.973607984536690616e-04
-9.137635561502310648e-05
-4.889717510727398681e-05
-1.589312940382583972e-02
-6.583236249276209822e-04
4.114955449514932901e-05
4.587856885518188255e-05
3.603543125184183833e-04
8.890860003384794936e-05
5.776253061060002071e-05
4.196080155835038919e-03
2.500161938682412776e-05
-1.691174744184288994e-05
-3.813994720146081569e-06
1.297897975072763368e-07
2.398323242217041511e-03
-8.534398027333907713e-06
-9.997549774600816483e-06
1.316064617926559674e-04
2.454139479505663946e-06
-3.325507372026991870e+00
4.610001083152583945e+00
1.492329573578282664e+00
3.789315843484407365e-02
-2.043285629325300334e+00
2.509233877407450741e+00
1.331904507828285622e+00
3.618110939164655981e+00
-1.576102434920464621e-05
7.088708957377900469e-04
1.846299225629867359e-04
-3.707136721357805854e-05
1.481890685017343444e-03
2.515815042107139954e-04
-4.422546461385244780e-05
3.205778767940327921e-03
5.282876286708020541e-05
2.283538154009309939e-05
-2.747802313523639486e-03
-3.155126442288247164e-05
4.141822144577373823e-06
-4.438016577830744547e-03
-4.429597245075798917e-05
1.279257557118201439e-05
2.827105705518103904e-03
1.667754162292417011e-05
3.234877517518791726e-05
6.486859710835709072e-03
1.456528666269021689e-05
1.124837916305300494e-04
-1.350978071027087606e-04
-2.782097716602139476e-02
3.854828889008467350e-04
-1.277428263884683684e-04
5.422312980163397888e-05
-5.514985157951895431e-05
-5.174486870435372927e-03
9.556759532651215572e-05
-4.623287166063170199e-05
-1.927206284448285367e-05
4.219205696700789848e-06
-9.339031656570059847e-03
-2.200563028201076685e-05
1.225805030645466732e-05
-1.709591623612053798e-05
9.048331819060687959e-06
-1.222926073616784244e-02
-4.089916276525279616e-05
1.153242441475436897e-05
3.455158621108808692e-06
2.659850607446375580e-06
3.889679720011197418e-03
1.803013757348392792e-05
1.359751414403813671e-06
2.072796295152235047e-07
2.517991995992434437e-05
1.913514393528808555e-03
8.421695720224871913e-06
1.501372747731452998e-05
8.369598431717731671e-03
-2.922900825413149645e-05
-2.489355277630043135e-05
-3.857880061064640487e-05
-1.092357579359285309e-04
-6.768207818682049604e-06
-5.273358800660293139e-02
-4.804304097549894070e-03
1.338530323193806184e-05
1.624345847785701145e-05
-2.491661696149441527e-05
8.354798770153936316e-05
-1.358381803708264116e-06
3.026080895647688743e-02
4.270343747090136512e-03
-6.224686763902755260e-06
-2.068374187868230488e-05
6.763497884092374438e-05
-1.013618989293206367e-04
4.163176405170411246e-06
-2.689267349005651161e-02
1.777851273420472526e-05
1.822419128839575507e-06
-5.409346377808592919e-06
-8.868191566262895487e-06
1.748547440492944239e-03
-2.101507448409333959e-05
-1.100102279647517903e-06
-1.011210329867451439e-05
9.126734748544826896e-07
-2.807490296372131766e+00
1.891713707734138605e+00
-3.524463408945852083e-01
1.605082789499611362e+00
1.362188246440766415e+00
9.458372999248313429e-01
4.257374333834855751e-01
1.670571519297065599e+00
-1.174835704774207550e-04
1.984139337361483636e-04
-5.125703344970147833e-05
-2.858964309614216073e-04
1.730959926297288886e-03
-1.151152306354485087e-04
-2.690453862632536294e-06
-3.431861240118432976e-03
-3.770156205156132184e-07
4.335793704839339438e-07
1.700529987033130895e-03
1.058502249360673864e-05
-4.842444667857723282e-06
3.074708194508570056e-03
8.421486454866019145e-06
2.300812683020725976e-05
-6.344024942448561223e-03
2.294196463298009116e-05
-3.143622181970228378e-05
2.306135197639025544e-04
-9.360177098149484454e-02
3.527001894795554261e-05
1.436624723832563393e-04
2.584822864896657541e-05
1.934229741262051072e-06
-2.105798174960942307e-02
1.910371662596597607e-05
-8.659391198221934587e-07
-1.066060992112802388e-05
1.895800026361081940e-05
-4.356043047859473744e-03
-7.654180533707996646e-06
1.136600666516217551e-05
-9.019443332306730589e-06
1.221194347915823230e-05
-2.617893158831287141e-03
-1.057454646563977884e-05
1.289713387584890902e-05
-1.096266091000125272e-05
2.752808471764172006e-05
-3.681626774326592880e-04
-1.015913211176952771e-05
2.105375158079449068e-05
1.075863269342227696e-05
-3.651491476295581651e-05
-5.685135689040382275e-04
4.601165963601313322e-06
-1.820120668044752053e-05
-1.005276996479519819e-02
6.355248188501139042e-05
8.106872375480465398e-05
-2.716240328554141766e-05
9.159230844655636859e-05
3.381591995001223945e-05
6.330702347332321789e-02
2.522490837938486021e-03
-5.958822080095420705e-05
-6.903455432726500159e-05
-1.935807545618029328e-04
-7.263287568113839228e-05
-1.770349252694589375e-05
-1.585370924057485920e-02
-6.660265958178270516e-04
5.753116602783999025e-05
9.174092343859655766e-05
3.450050321017179931e-04
7.488631588835499824e-05
2.449054794759957730e-05
4.147494926808705136e-03
4.672681738616505260e-05
-1.803786200124074903e-05
-4.277059546739175682e-06
-4.956577066465248657e-07
2.392351660013009550e-03
-5.811550403804011458e-06
-5.745958988537001535e-06
1.244681689858698410e-04
4.867021435268839032e-06
-3.325505930520457731e+00
4.609986449369344541e+00
1.492329246126982367e+00
3.790233284649596746e-02
-2.043292078157139535e+00
2.509245055511688971e+00
1.331904293863833244e+00
3.618106329061418158e+00
6.735211570349357628e-06
7.495617643701446954e-04
1.012503276187431099e-04
-1.076440046695743735e-05
1.543047710049705095e-03
1.338471463002495921e-04
-4.887450739338734926e-05
3.236791191252825356e-03
1.857537271160910803e-05
2.462760061139313944e-05
-2.761906861840172315e-03
-1.206400286174231186e-05
-1.147552300642726490e-06
-4.446625025075078355e-03
-2.421622725873545065e-05
1.880937415833201524e-05
2.824115394888006281e-03
1.282684896930553646e-05
4.354533450576569467e-05
6.472408310774495355e-03
1.667386207562795243e-05
1.672111440176548257e-04
-1.172806126720295531e-04
-2.767775343548239605e-02
1.864026689055075169e-04
-1.224505597678883138e-04
7.673904292242020081e-05
-5.681134150758722600e-05
-5.124728428546744367e-03
4.071452899470769468e-05
-4.904673033847425857e-05
-2.616109088232626087e-05
2.203409946312020069e-06
-9.343806789130619864e-03
-1.152943588502820507e-05
1.483477663912878490e-05
-2.339755467679946585e-05
5.656451546431252598e-06
-1.224444918542291587e-02
-2.112049632925655461e-05
1.355706029688133794e-05
3.843536765425711119e-06
6.019743500853731258e-06
3.894946506128607600e-03
1.099936020510041623e-05
-3.209142118743695148e-07
-3.446580601039782172e-06
3.348660235125750000e-05
1.905792388265566085e-03
1.121956461201350009e-05
9.684275235032614818e-06
8.364828994355512359e-03
-3.347297542532481560e-05
-4.779124734175709205e-05
-5.341778217242236504e-05
-6.898900164543862712e-05
5.889416924489084318e-06
-5.276603206008365771e-02
-4.798931365683435993e-03
1.642577907228122153e-05
3.295864269539528087e-05
-1.697198242358747894e-05
5.202582096806140634e-05
-5.610756242380243264e-06
3.029611860042854057e-02
4.263236898179442388e-03
-8.502640715444469648e-06
-4.122318659095462322e-05
5.968386720805630573e-05
-6.334254992988964863e-05
4.921546704189547580e-06
-2.693891171150619712e-02
2.367110601016321036e-05
8.803264866339373583e-07
-6.319399842350227018e-06
-1.432471331702154954e-05
1.749233044804842556e-03
-1.427032052668430321e-05
1.297884928319518888e-06
-1.614221397093399429e-05
2.901105419485400616e-06
-2.807488422155687502e+00
1.891721247271508588e+00
-3.524447414933093436e-01
1.605084424089945117e+00
1.362188747375086884e+00
9.458380535098566133e-01
4.257374156154604683e-01
1.670569718020336714e+00
-1.329033916875015228e-04
2.432912004413021725e-04
-6.379297616958047340e-05
-3.213289276001237847e-04
1.832195350075495940e-03
-1.529897871023312510e-04
-2.864480155781615287e-06
-3.439691077339908278e-03
-1.277970608489769680e-06
2.626860504688864454e-06
1.698977934427225002e-03
3.074262576517271296e-06
-3.359186883601365356e-06
3.077770100210997124e-03
3.999841390982268025e-07
2.885959156943093226e-05
-6.356569333678462747e-03
1.543736760447988440e-05
-7.275507247743135482e-05
2.475945297730181667e-04
-9.368802744586826603e-02
1.066741722274019250e-04
7.330527592079530300e-05
2.418416840969423467e-05
5.985724092996734871e-06
-2.106749184383353152e-02
5.929216173383810142e-06
-1.392888153983851837e-05
-1.326681464898748749e-05
1.816235212699350457e-05
-4.362952237835381400e-03
5.948308907716387105e-06
1.019910897306418450e-05
-1.227823218661055670e-05
1.053600190947653274e-05
-2.622768907207433022e-03
2.325558843229791686e-06
9.842517883143900697e-06
-1.658249215519603696e-05
2.658488143192321961e-05
-3.800263678502711819e-04
8.896990742099367328e-06
1.404209396066444641e-05
1.542767253165469474e-05
-3.709154161078292999e-05
-5.521989103726059143e-04
-1.416607780261186646e-05
-1.295338087560747394e-05
-1.005572503019129538e-02
4.838221789600493522e-05
1.034100959493267048e-04
-4.165322814889376845e-05
5.869169122964945092e-05
-2.055003591555742870e-05
6.328757908446730474e-02
2.526768730898476274e-03
-4.963557036268529906e-05
-8.707069918428813531e-05
-1.705631302011903917e-04
-4.853274872784052582e-05
2.455072054895909186e-05
-1.582615781578018688e-02
-6.718473527039551738e-04
4.559997020539840350e-05
1.112395170010831494e-04
3.078350209221643471e-04
5.872640695670536086e-05
-2.085346048015529344e-05
4.110221321328583373e-03
5.279654030992568048e-05
-1.988074568836460513e-05
-2.337606437351305881e-06
-1.690612246008562779e-06
2.386848833472535788e-03
-1.733994220156159457e-06
6.633425865435420678e-08
1.118048914288110321e-04
1.436077604923762964e-05
-3.325504875412234274e+00
4.609980344765273408e+00
1.492328646184561070e+00
3.790641742601921771e-02
-2.043293765351707592e+00
2.509249766588092179e+00
1.331904634193403103e+00
3.618104711068982127e+00
3.263135103709344296e-05
7.529925567856682062e-04
2.283962268058597733e-06
2.729536381125873269e-05
1.553856325090537983e-03
-7.188606582558484857e-06
-3.443299141445532431e-05
3.254489225279393830e-03
-2.536717072733854996e-05
1.664286536777261240e-05
-2.770080720886239009e-03
1.273977804394674530e-05
-7.419957448105561393e-06
-4.446314158046554832e-03
-3.483638342897301228e-07
1.864036164857270616e-05
2.817838960130083104e-03
9.442052049049722318e-06
3.966386467427275754e-05
6.456168373399989724e-03
2.198183112318375247e-05
1.587681811024925895e-04
-4.570124976923457989e-05
-2.761975721178164256e-02
-5.839481687567410169e-05
-1.164450918425284425e-04
7.013523533580212047e-05
-3.524731925210665374e-05
-5.099411914199896215e-03
-2.829183981404572254e-05
-5.258020327410738002e-05
-2.309527410234519308e-05
-1.275451032738064422e-06
-9.344769692485425938e-03
1.091611915923383627e-06
1.794403950192971489e-05
-2.079729652217491125e-05
-1.018329677979280658e-06
-1.224880324868128645e-02
2.810920595754397945e-06
1.600545997947334074e-05
2.728113098465749593e-06
7.794452480001966884e-06
3.894331827886235269e-03
3.002228682127854429e-06
-2.318232424610246560e-06
-5.943554664720998698e-06
3.012274100705616487e-05
1.894869816210371406e-03
1.669187253812451927e-05
3.370704985352262743e-06
8.359658339902441976e-03
-2.471976430638169164e-05
-5.703545149523615490e-05
-4.088416294538519541e-05
-2.411390154831563387e-05
2.104831022624272424e-05
-5.280061704994373079e-02
-4.793746970286194044e-03
1.312738303120338854e-05
4.048929774306006351e-05
-2.812550741612828580e-05
1.658659083384941886e-05
-1.070198498760580310e-05
3.032985694015723904e-02
4.257005575945754967e-03
-7.525088988298046788e-06
-5.017417722668662523e-05
7.521620127244854322e-05
-2.068544122303201394e-05
5.806289224303281502e-06
-2.697924450055502396e-02
2.190110058924898932e-05
3.268924867245216513e-07
-4.755951516354615175e-06
-1.531469272354948135e-05
1.754614225168734179e-03
-7.114971089836481574e-06
4.044200799764347500e-06
-2.053012582529968464e-05
8.058322343027303941e-06
-2.807486176017773616e+00
1.891725080816346827e+00
-3.524424985230386054e-01
1.605083407650601091e+00
1.362190049806310865e+00
9.458397177968681513e-01
4.257373419828400785e-01
1.670568062089806904e+00
-1.024311762524001215e-04
2.804746306676513066e-04
-8.449458334262295275e-05
-2.460158106943857357e-04
1.914686859025808464e-03
-2.106148310345689321e-04
-2.068814538421031284e-06
-3.445964452748729277e-03
-2.354374437232884277e-06
3.692440246118268763e-06
1.695483502156966416e-03
-4.295438291805797348e-06
-9.370091625094280361e-07
3.077690638042405481e-03
-7.852874277083345068e-06
2.446230388196604910e-05
-6.369777223234402395e-03
9.695864256575732247e-06
-8.298894767982515654e-05
1.804145881120860194e-04
-9.374266124366709141e-02
1.934202045974664930e-04
3.087692915521719696e-06
1.369233761401106187e-05
7.582126524167332924e-06
-2.107963699476985558e-02
-6.909748929614069270e-06
-2.726183955708164026e-05
-1.069348945161800979e-05
1.143183000978025910e-05
-4.364341104991543117e-03
2.069621616804484228e-05
9.130921403288403635e-06
-1.064600290993492498e-05
5.555643372185642523e-06
-2.622540015828441883e-03
1.590375164676603143e-05
6.852883671771872981e-06
-1.547447521191715775e-05
1.692295238674901205e-05
-3.839019497224543487e-04
2.963039409128525947e-05
7.100897835156612943e-06
1.391483054073868429e-05
-2.528808619693167831e-05
-5.440878135529735342e-04
-3.525146646716751004e-05
-7.799304948746814306e-06
-1.005456663863261296e-02
1.670532070343906227e-05
8.890672527705154331e-05
-7.003884228314906629e-05
3.205477955191760113e-05
-7.549290749775512622e-05
6.329548888230882020e-02
2.527224695336606226e-03
-2.221528414182988022e-05
-7.413927484198958332e-05
-1.410646991242791562e-04
-2.972049245064287240e-05
6.755109102287566952e-05
-1.582300889414922987e-02
-6.731318754975455440e-04
1.790626407088047241e-05
9.156525595196091463e-05
2.687526787560219599e-04
4.936399335561293005e-05
-6.698763269405329094e-05
4.101647921780911081e-03
4.241225152467022538e-05
-2.152323706081008304e-05
3.408293068558873921e-07
-2.183232844082843888e-06
2.384546697283300518e-03
2.281913982181470266e-06
5.704534903517243481e-06
1.003380882297528364e-04
2.946336947677693807e-05
-3.325504649801723112e+00
4.609983914413891881e+00
1.492328138017895878e+00
3.790450719263220580e-02
-2.043290917800971496e+00
2.509247100681110787e+00
1.331905232183999699e+00
3.618106223269128563e+00
3.064500319006141033e-05
7.258611651738828803e-04
-7.970918877552001511e-05
3.257554706979500186e-05
1.520271600212833767e-03
-1.253604643554113334e-04
-1.465843042257725184e-05
3.253013413553043284e-03
-6.514754148794632419e-05
6.661688257732146654e-06
-2.769560290409384812e-03
3.499996387212523692e-05
-7.129998691439572767e-06
-4.439253300727445326e-03
1.945618823736657273e-05
1.117569460330870244e-05
2.812176492050851018e-03
7.845851983366177969e-06
2.229084648753773703e-05
6.446718459714771178e-03
2.923352677560411402e-05
8.486605852385933956e-05
2.579044987639282052e-06
-2.765694264153619603e-02
-2.698811063676285452e-04
-1.129412350009851716e-04
3.577045780276648520e-05
-1.217106515768931028e-05
-5.105745507936259968e-03
-8.944729997394061118e-05
-5.645746312724321878e-05
-1.125857838993796907e-05
-2.233375431753625119e-06
-9.342295759339425132e-03
1.174805395469880542e-05
2.091812575409225430e-05
-1.023140920955044843e-05
-3.426858685707748242e-06
-1.224257947499439621e-02
2.310983397256099437e-05
1.837339888781702512e-05
8.760431330917908803e-07
5.451387048878661625e-06
3.889473659023458263e-03
-3.266617467567290715e-06
-4.083024087496786880e-06
-4.862086105187281839e-06
1.676079432005908080e-05
1.886967739121811526e-03
2.342496089247436829e-05
-2.054367075818529729e-06
8.356783611096737022e-03
-8.780186662967598264e-06
-3.830282979656632575e-05
-1.348526399160471017e-05
1.015863715081465247e-05
3.457219121713056987e-05
-5.281946602936191809e-02
-4.791371743351357029e-03
5.481024832930705395e-06
2.761918484659169155e-05
-4.842494012611130052e-05
-1.079604157685710131e-05
-1.530902746034180613e-05
3.034536651818698499e-02
4.254658758114777256e-03
-3.698974042858938987e-06
-3.408235451695123299e-05
1.010766891960176040e-04
1.216989372614150919e-05
6.666415105724113517e-06
-2.699465512524085176e-02
1.371788282963734555e-05
2.611193592638178370e-07
-1.751412924492687252e-06
-9.659728926839234451e-06
1.760905346665008224e-03
-2.090585037992923127e-06
6.375839172393404680e-06
-2.138930813281334368e-05
1.487781527989655657e-05
-2.807484866788225730e+00
1.891723509043156781e+00
-3.524409524361183932e-01
1.605080638828059847e+00
1.362191322052340725e+00
9.458412442504470219e-01
4.257372608149324056e-01
1.670567465138944163e+00
-4.114756588966640905e-05
2.899967359607770142e-04
-1.038018659835908712e-04
-9.852619635479120295e-05
1.934342717434012291e-03
-2.625919709549925213e-04
-8.066864166697818814e-07
-3.447337194276172811e-03
-3.219910675293049417e-06
1.766761077521837426e-06
1.692255061123669642e-03
-9.336644068055241667e-06
-1.044903760012020907e-07
3.074906189445573024e-03
-1.372224355729927455e-05
1.023817875615345197e-05
-6.376135584486805966e-03
6.723692176021435958e-06
-4.512171269628710839e-05
7.074094257459609630e-05
-9.373884149410978417e-02
2.630041117899762065e-04
-4.980490426821700014e-05
1.028180079972400608e-06
3.556160044367384708e-06
-2.108725867415078489e-02
-1.565535177071186875e-05
-3.668408012205032784e-05
-3.774911006438451744e-06
4.155325085044963147e-06
-4.360110514090950740e-03
3.165093751695841756e-05
8.128095374784846010e-06
-4.238483599786972871e-06
1.792975798981902730e-06
-2.617965631214872347e-03
2.575561565815685376e-05
4.441728006605845738e-06
-6.822392938370701115e-06
6.190316996897752514e-06
-3.785958744662048679e-04
4.505601381115804498e-05
1.707319096432964670e-06
5.876750021126185113e-06
-9.599754440563858698e-06
-5.477293566649563041e-04
-5.131728396879704128e-05
-3.755744239377842297e-06
-1.005041766112003791e-02
-8.636933791366482909e-06
3.733177054783916375e-05
-9.470563032225667865e-05
1.729515886794271633e-05
-1.150104431040685043e-04
6.332321761328905951e-02
2.524119317241842186e-03
3.785630915540331034e-06
-3.101594021113688568e-05
-1.224995413605800966e-04
-1.976684860753303617e-05
9.841246400408185341e-05
-1.584306747750734504e-02
-6.697734673729203395e-04
-5.982076769145642003e-06
3.781263868846288575e-05
2.500120288296173816e-04
4.684920477416664277e-05
-1.002763074701089709e-04
4.123043955175132412e-03
2.188633361097130342e-05
-2.215337515804794739e-05
1.551657584624074589e-06
-1.054433488886886641e-06
2.386307625625446252e-03
4.925616631830697690e-06
9.685487255281031017e-06
9.639019465444787827e-05
4.379320781660889792e-05
-3.325505277969347695e+00
4.609992917267401680e+00
1.492328076661143976e+00
3.789900979567895761e-02
-2.043286379943969777e+00
2.509240250399287220e+00
1.331905608075700354e+00
3.618109233074417563e+00
-1.338850657781701521e-05
6.931089997051186058e-04
-1.234106690669641709e-04
-1.829165161712079099e-05
1.474266688881714377e-03
-1.888839944018776140e-04
-3.948424644663053367e-06
3.236653812617310607e-03
-8.773116139937330840e-05
2.347251643315388042e-06
-2.762185786796186263e-03
4.756204096421704755e-05
3.212820737697755374e-06
-4.431731880238719973e-03
3.002345153195120299e-05
-1.167761859079206570e-06
2.811156425033006605e-03
7.486330454807540401e-06
-9.581943956117812862e-07
6.449808000374347705e-03
3.425781042083619361e-05
-2.487955079496257735e-05
-2.817180501610298457e-05
-2.774613648161422877e-02
-3.862721859477185986e-04
-1.048373333670156324e-04
-1.172172812731714778e-05
-7.043741530342634660e-06
-5.133766298971900732e-03
-1.237123524003047625e-04
-5.615207548321513779e-05
4.040272107113419221e-06
1.599748438925403043e-06
-9.338773434908782464e-03
1.751766221454167116e-05
2.183623594226637447e-05
3.608945462890088726e-06
2.975160094931006302e-06
-1.223210506810450647e-02
3.413499088581745794e-05
1.901366937403377018e-05
-6.747453078923908203e-07
-1.293409723040209912e-06
3.884630239759865201e-03
-6.464210819396061011e-06
-5.040569412359944184e-06
2.217845307108703226e-07
-5.394382392724635888e-07
1.887337296485172350e-03
2.792082191435935041e-05
-5.540721223417482808e-06
8.357954122278615089e-03
5.697415921598834843e-06
7.796654256377657591e-06
6.276481061885034844e-06
2.728683812621316243e-05
4.179607436998723725e-05
-5.281147011045720513e-02
-4.793022127727923805e-03
-2.677290665822158228e-06
-5.990303803641647347e-06
-6.152429488013840334e-05
-2.460234555375020128e-05
-1.757262467216856954e-05
3.033443974413091090e-02
4.257170178800961241e-03
1.303185727462731633e-06
7.257200023670403210e-06
1.166734260160415888e-04
2.866924434646068727e-05
6.872373743022527464e-06
-2.697815832994876137e-02
3.005888631940801442e-06
6.177786008263682227e-07
1.060191652467832632e-06
1.519777319548819999e-06
1.763383945467827171e-03
1.889606907624678587e-07
7.557823400072305327e-06
-1.870544397560732055e-05
2.015290456226119449e-05
-2.807485377482820343e+00
1.891717646537843800e+00
-3.524411495834086083e-01
1.605078015275341663e+00
1.362191699476058337e+00
9.458415960867079253e-01
4.257372273978364263e-01
1.670568323995865079e+00
2.311801501144910271e-05
2.656216733051358853e-04
-1.069584180472781383e-04
5.323698286537241958e-05
1.878344804338236097e-03
-2.720218135456262142e-04
2.731545883040805408e-07
-3.442929107996222163e-03
-3.444959875546948525e-06
-3.203828314470401588e-06
1.691480789956173372e-03
-1.110608567726825860e-05
-2.152345413421322245e-06
3.071325838198955306e-03
-1.561672920956017115e-05
-8.606483343163494221e-06
-6.371377769862502857e-03
4.973511458769944227e-06
3.094221373128275645e-05
-2.594760625122530175e-05
-9.367968032552140278e-02
2.803277589261119786e-04
-7.990115059391885181e-05
-6.878888249905358311e-06
-5.908907523633839576e-06
-2.108521196645061699e-02
-1.877723846669708606e-05
-3.860889936478530246e-05
4.522930477691137220e-06
1.054896080578716650e-06
-4.353185689891824091e-03
3.490270497530922075e-05
6.460706251889933207e-06
4.393387269566174214e-06
2.380263823655686992e-06
-2.612192056120192854e-03
2.882014814500162889e-05
2.248045830375196557e-06
6.216155796909272122e-06
1.235789916529151160e-06
-3.677932290492508596e-04
4.959922439842060523e-05
-2.200670669296126282e-06
-5.628196896115229014e-06
1.033072024399726344e-06
-5.605456826816596506e-04
-5.582172926039335808e-05
-5.429548608986586281e-07
-1.004606617167450380e-02
-1.098948970682010759e-05
-3.304878926783512237e-05
-9.890723192025900525e-05
9.685181059106678762e-06
-1.280505364527088831e-04
6.335151045110408441e-02
2.519561995368101333e-03
1.264221897409028975e-05
2.657658788346286199e-05
-1.274051644600700782e-04
-1.413126138091177824e-05
1.074549014440728887e-04
-1.587247973901724507e-02
-6.640842068589377549e-04
-1.098020153577961303e-05
-2.879342811183816908e-05
2.641937977573389443e-04
4.308857363945676848e-05
-1.107384377747561253e-04
4.159633621576610749e-03
1.074212770657904226e-06
-2.135000503331353568e-05
1.301550502987995931e-07
1.644290181737081649e-06
2.390939219054010953e-03
5.784902101028072555e-06
1.133236919287785411e-05
1.025150942013855737e-04
4.953973154369618566e-05
-3.325506374523289566e+00
4.610000444594289704e+00
1.492328607623018222e+00
3.789408911141148306e-02
-2.043283847542025633e+00
2.509234462705224544e+00
1.331905382028960805e+00
3.618111365778655664e+00
-8.627421975713843840e-05
6.827443263723739992e-04
-1.273522248545195081e-04
-1.113815298699620716e-04
1.454256624714376275e-03
-1.935204228570398333e-04
-8.868850277246076474e-06
3.216932388290854369e-03
-8.698627811325354727e-05
6.691095510127310957e-06
-2.753121860668853327e-03
4.728161158352474618e-05
2.053838061716056700e-05
-4.430352056424108689e-03
3.094965582101483583e-05
-1.349073923834759659e-05
2.816633055902222332e-03
6.455708079234384242e-06
-2.028062083543564147e-05
6.465241173605384452e-03
3.235028354004138783e-05
-1.231734526872570049e-04
-1.376479074046635799e-04
-2.781843795901499730e-02
-3.894725826540390307e-04
-8.013535065260542645e-05
-5.169318770590304785e-05
-2.537017066104362218e-05
-5.162924037251925662e-03
-1.234997985014078218e-04
-4.589364650679989346e-05
1.609067560452772606e-05
9.283455248620106477e-06
-9.337122879051640290e-03
1.787467347575330342e-05
1.868159613329735795e-05
1.466171823446359175e-05
1.675645296470331649e-05
-1.222584335787579163e-02
3.473478654777054873e-05
1.613678761070891742e-05
-1.186728759774735123e-06
-1.007703331754072453e-05
3.884120214599346994e-03
-7.040652616915199033e-06
-4.854625344508133053e-06
7.316083397687667878e-06
-1.440893752985453628e-05
1.897333408288702072e-03
2.651229171722914164e-05
-7.154343025809361958e-06
8.362905563601072401e-03
1.198409883609746784e-05
6.456273773174270216e-05
-7.457196873355718611e-07
3.127539399052965566e-05
3.973030130998134033e-05
-5.277830640021621139e-02
-4.798081036492382948e-03
-7.685361880782350899e-06
-4.827879180885981305e-05
-5.429975123125897903e-05
-2.749894263838109550e-05
-1.614518655018032796e-05
3.030140318662844293e-02
4.263362350138497764e-03
5.322371387132206314e-06
5.896333325154164845e-05
1.060341851718201735e-04
3.220281028472530400e-05
5.844802919910114489e-06
-2.693790554518412511e-02
-5.758329273732639649e-06
1.232109014962134252e-06
2.337196462345629168e-06
1.404475568540109027e-05
1.759076990435529857e-03
1.088787579101705790e-06
7.183878125695974896e-06
-1.414110199721018821e-05
2.057922775670722226e-05
-2.807487667524172004e+00
1.891710706174523304e+00
-3.524432465756475175e-01
1.605077316949225841e+00
1.362190781276062079e+00
9.458403434774375063e-01
4.257372720112109765e-01
1.670570304882920132e+00
3.909147034634043676e-05
2.180512623902264660e-04
9.597194074141176515e-05
1.084887738314094414e-04
1.771645095158193252e-03
2.306789573047015771e-04
2.030139689163894234e-06
-3.434729142446423661e-03
1.946113635463038930e-06
1.351157169694584969e-05
1.694087378281565297e-03
-2.798012619545724558e-06
1.515457743659912379e-05
3.069217275391660817e-03
1.725843196456286326e-06
1.042040040979514403e-05
-6.356847888539679005e-03
-2.276947679215663751e-05
-1.396283925510267174e-04
-1.614200207098090401e-04
-9.359558600156411834e-02
-1.740408678235013816e-04
-4.613872926586087245e-05
-2.426792810608980103e-05
2.358110602545804958e-05
-2.107326828179931222e-02
-6.067907099812454080e-06
2.170538773676851060e-05
-2.859920189488443878e-06
-2.725580318866328960e-05
-4.347752373524250459e-03
-1.172552665983197021e-05
-1.024483730827109540e-05
-6.473507398566319334e-06
-2.502398616473891410e-05
-2.608885639166463270e-03
-6.177747899048537908e-06
-9.318460533189589371e-06
-1.433184271314521277e-05
-3.828909327272461216e-05
-3.578149516936501829e-04
-1.726930435564370841e-05
-1.217250837091667727e-05
1.086801894681524536e-05
3.904875992883475341e-05
-5.754819197938143300e-04
2.507011056368258764e-05
1.126124149873124126e-05
-1.004453480405271930e-02
-1.030497541529896456e-04
4.811452887532655630e-05
-7.632290046514860447e-05
-8.048187061227100045e-05
4.736127890893188211e-05
6.336173547597602485e-02
2.516355754023548094e-03
7.980914211857829325e-05
-3.405811853987260454e-05
-1.563865584926167943e-04
6.737317295355597067e-05
-4.686614667019671428e-05
-1.589309937709722925e-02
-6.594315934415512529e-04
-8.602105671168825134e-05
1.660987298315667985e-05
3.072295868287630550e-04
-8.424912002021610910e-05
4.403921862686815849e-05
4.189397233816624135e-03
-2.999259312569941050e-05
-1.932010553482510905e-05
1.095728277905271382e-05
-7.083892386384168583e-06
2.395801620607215278e-03
1.671955550567103118e-06
-2.594700521948699345e-06
1.163037456072094382e-04
-3.123888062993131692e-05
-3.325508251920250125e+00
4.610023260867681216e+00
1.492328741446656171e+00
3.787999522987103157e-02
-2.043272976122064488e+00
2.509217073681572430e+00
1.331906065338660516e+00
3.618118801793049677e+00
1.904788818340911831e-04
6.082812070331537627e-04
-3.201046768284507445e-05
2.717556207760863946e-04
1.346935765655705129e-03
-3.443413972642377297e-05
8.536932112437340531e-05
3.172438316765388306e-03
1.447737548380216284e-05
-4.813168489845632582e-05
-2.732990712187923464e-03
-6.602568363333065861e-06
-4.593854343332918599e-05
-4.413756881610214969e-03
7.419193584608314991e-06
6.244655094473919652e-06
2.817204059053475020e-03
-1.145085049945232240e-05
-1.084880171506647067e-05
6.479463534847094974e-03
-2.278079630189972315e-05
2.237880758280697476e-05
4.729291348774385074e-04
-2.804320197778664703e-02
-1.223840925341233734e-06
1.049504359028170054e-04
-2.690994258427451655e-06
1.337440332983013303e-04
-5.236805210421877597e-03
1.300473924903553446e-05
4.763659339634475251e-05
4.829550369108636376e-06
-2.435731576259558606e-05
-9.328838959038281836e-03
2.222673378778226034e-06
-1.572831827824693748e-05
3.641215234549039940e-06
-4.617568739585681281e-05
-1.220054584254741913e-02
3.386809070686817081e-06
-1.419423620054106814e-05
-3.899640672272763297e-06
1.529463734341624608e-05
3.873620203518746922e-03
-5.581150271970173487e-06
2.276278442889189418e-06
-1.324838642906417871e-05
-1.105306395013753781e-05
1.903109167382449965e-03
-1.733196368171820273e-05
-2.630130726074939857e-06
8.367739573191415245e-03
2.928360330468771918e-05
-8.583594338230469566e-05
3.766458362382003183e-05
3.895804222054345613e-05
-1.950087897781051249e-05
-5.274485374213563893e-02
-4.804096899284036014e-03
-9.522801748547864828e-06
6.783187068460952928e-05
-7.845744921125674524e-05
-2.814703690231189136e-05
9.704596808032457959e-06
3.026179572789115466e-02
4.271846808655535913e-03
1.325613383138511499e-06
-8.156680168424924318e-05
1.337465194928395503e-04
3.476954232014382190e-05
-5.115251816968804612e-06
-2.688290739380344574e-02
-1.127704115343234031e-05
2.527643448612640516e-06
5.252549410479426985e-06
-1.339303781308284679e-05
1.762131442465119345e-03
1.004207602113756927e-05
-3.561170790392942838e-06
-6.237441965580544803e-06
-9.896388884088659507e-06
-2.807486081724417826e+00
1.891704658695678276e+00
-3.524411145837406112e-01
1.605071592215824960e+00
1.362192882714764020e+00
9.458427999247083218e-01
4.257371318930327497e-01
1.670569981197472131e+00
5.793992520173669091e-05
2.163456146747660318e-04
5.230315537321837769e-05
1.539904953698460082e-04
1.764458843919013880e-03
1.291071800657818880e-04
2.432485627688766176e-06
-3.433947522137332630e-03
1.348697441764682956e-06
1.306222104819468816e-05
1.688867953651849475e-03
2.191813140248984639e-06
1.555339363311282830e-05
3.062856755741051856e-03
4.726054174705684693e-06
6.235678419254740956e-06
-6.363128965667456602e-03
-7.865085776050867244e-06
-1.159547432993916901e-04
-1.961622733041430396e-04
-9.355214273031955963e-02
-1.183109835968018230e-04
2.261559299956155029e-05
-2.827646773380678276e-05
2.261217226995421500e-05
-2.108310966305092932e-02
3.209625951628409884e-06
1.942943919384208801e-05
2.152115824349801654e-07
-2.972675507974847890e-05
-4.337137033066864808e-03
-1.208588412499251021e-05
-4.300326522606268495e-06
-3.420879216471553968e-06
-2.640378798922377582e-05
-2.598509293045088344e-03
-9.045544750163783096e-06
-2.691746774428062125e-06
-9.900496006427933357e-06
-4.190271895789194554e-05
-3.431526349044172319e-04
-1.733386999496185627e-05
-1.590098690447680991e-06
6.876252391095795521e-06
4.417746115254743043e-05
-5.890060977542057631e-04
2.101192772172696393e-05
2.151325905384036588e-06
-1.003576278138370442e-02
-1.080062942694717007e-04
3.301981483411074492e-05
-1.149575191298581912e-04
-2.388326208116794681e-05
5.871309689435413122e-05
6.342037782469112095e-02
2.508816073828508061e-03
8.643125935419155150e-05
-2.148358777035239272e-05
-1.323290726835820125e-04
2.156153785029791506e-05
-5.095037101645347264e-05
-1.594122103819907432e-02
-6.507414999291843494e-04
-9.144894776862494347e-05
6.881652645683512988e-07
2.888005277473706250e-04
-3.348839075493403378e-05
5.151287460753774407e-05
4.244056283131587143e-03
-3.483523048254583740e-05
-1.946763814774742204e-05
1.073103395301065321e-05
-6.688857776423920258e-06
2.401243361343757387e-03
-1.070927404300197027e-06
-4.883785094227558019e-06
1.143467183877941364e-04
-1.690068458546626804e-05
-3.325509285271954329e+00
4.610042222321740546e+00
1.492328313804899942e+00
3.786858165141282484e-02
-2.043262776160356342e+00
2.509202679620731846e+00
1.331907132354455570e+00
3.618125335688602728e+00
1.452130384339728219e-04
5.306800375360115792e-04
4.275525327413971820e-05
2.098148659107183800e-04
1.240701047124750152e-03
6.405254735587605349e-05
7.180681681010286856e-05
3.141039135889782917e-03
2.715422663583897951e-05
-4.010401897877604406e-05
-2.718937175242614086e-03
-1.492928828462919450e-05
-3.508122119387213622e-05
-4.395433123890997093e-03
-1.042252691329221817e-05
2.356065096159682862e-06
2.811829177219921962e-03
-1.541913927090375264e-06
-1.395270471073520404e-05
6.479404460516164505e-03
-9.416214130166671476e-06
-1.455946553643458426e-05
3.778179265640171534e-04
-2.823195013975208709e-02
1.307807739651250807e-04
3.346321623188572389e-05
-1.576918304463091296e-05
1.099439047652256586e-04
-5.292894954020071520e-03
4.086274392683558233e-05
1.952951178720556012e-05
8.094324630648697995e-06
-1.896745375845639687e-05
-9.320758196160731923e-03
-6.111127272820823697e-06
-7.602971968707086850e-06
6.766143120627976713e-06
-3.614632537648371382e-05
-1.217722169647738814e-02
-1.182374130022214654e-05
-6.674227828494234538e-06
-3.417613081962561486e-06
1.094571266479326527e-05
3.861629913851020134e-03
2.622736386750285226e-06
2.243382541150767280e-06
-8.630300225745452154e-06
-1.281733912441423227e-05
1.898958901566219970e-03
-8.087982176479806086e-06
3.510806270583836939e-06
8.368061733176021186e-03
2.653432137000902473e-05
-5.967053939780963764e-05
9.136696574207453210e-05
-1.270177299354010363e-05
-1.748618959060959787e-05
-5.274154156295347146e-02
-4.805713144266793475e-03
-9.635678095346187209e-06
4.777622866195572820e-05
-1.153461377125466103e-04
1.074797158254383654e-05
6.968609521685880474e-06
3.025093633895706638e-02
4.275154426081195259e-03
2.453266773285099793e-06
-5.723692565103778609e-05
1.786658316520233956e-04
-1.264144534553609843e-05
-2.406019848178163559e-06
-2.686159433182938247e-02
-1.112479913285303461e-05
3.346466685349121378e-06
4.762247424276417334e-06
-8.370186251049691316e-06
1.770526007678238601e-03
-7.688023314858903262e-07
-3.139388623858204343e-06
-1.811276551768502285e-06
-4.350953440157683672e-06
-2.807485957550026612e+00
1.891698839499147855e+00
-3.524406128350107692e-01
1.605068086399782601e+00
1.362193769404330679e+00
9.458437751900998780e-01
4.257370669658306905e-01
1.670570471769205811e+00
5.149358776608142796e-05
1.991473893461200104e-04
1.363320823870518944e-05
1.336942841704389002e-04
1.723964468189374127e-03
4.076542212437015382e-05
1.900848206053864342e-06
-3.430712891809626405e-03
9.547795806850294148e-07
8.363976231831949569e-06
1.686775377864436955e-03
8.240125173311190417e-06
1.059982771825199791e-05
3.058503821457172860e-03
8.996334715195320280e-06
1.264660193312148855e-06
-6.361762950416812931e-03
7.502292398240957895e-06
-5.575548309113702349e-05
-1.540472603790869548e-04
-9.349863055869608863e-02
-7.917404394021292980e-05
9.508299356760866188e-05
-2.050177280901850247e-05
1.432760703782021150e-05
-2.108466162062789390e-02
1.433103530982900529e-05
1.789227645858926106e-05
2.299366321030563143e-06
-2.142587379110407370e-05
-4.329220391199577883e-03
-1.491445700497882406e-05
1.692239375067161958e-06
1.710871513139320299e-08
-1.847356294813925676e-05
-2.591458290711932868e-03
-1.409171575581500386e-05
4.081756988144917884e-06
-3.056945279215484269e-06
-3.029732983302944427e-05
-3.313785987241792954e-04
-2.087881224409217820e-05
9.346468099291975441e-06
1.487006356583473658e-06
3.284227603588180978e-05
-6.018265667975905998e-04
2.064771229716584792e-05
-7.223837608323471960e-06
-1.003034202185323388e-02
-7.093300939782659924e-05
1.143361061780329298e-05
-1.292560161644810057e-04
3.527078419441719291e-05
7.319360973919227127e-05
6.345736833291022727e-02
2.503382834073686596e-03
5.864803541650848281e-05
-5.556155135048433177e-06
-1.284431188450093036e-04
-2.588770872376243120e-05
-5.731933613304244558e-05
-1.597571967577782540e-02
-6.441323253599675431e-04
-6.094719851500031389e-05
-1.055012952953839518e-05
2.928950684627077187e-04
1.717366554916773864e-05
6.137803002068055631e-05
4.285402925838907931e-03
-2.740063706264382027e-05
-1.873600119980332654e-05
6.542186687787807033e-06
-4.195159709849896279e-06
2.405981243336110555e-03
-4.261339790694616879e-06
-7.650358309931451549e-06
1.179302677541731127e-04
-7.293394163336676561e-06
-3.325509874276150857e+00
4.610049711082439217e+00
1.492328329468362469e+00
3.786397165772900641e-02
-2.043259147681680155e+00
2.509196976572639404e+00
1.331907382583436661e+00
3.618127794277168796e+00
6.004014491056746056e-05
5.054568362338693072e-04
1.210091090736178742e-04
8.776040679747564206e-05
1.204638770277692171e-03
1.692974978435633597e-04
3.225387104813151590e-05
3.126734437719826468e-03
4.593413271856753818e-05
-1.787998783278394829e-05
-2.712476369777807456e-03
-2.644048796382449934e-05
-1.452603874094692084e-05
-4.389760277603575907e-03
-2.914709044853473706e-05
6.028456569746378718e-08
2.811711282226971118e-03
6.857226159307273791e-06
-7.927712574491878393e-06
6.483445648010498566e-03
-8.819515046491038294e-08
-2.200072253281717938e-05
1.627059439164091955e-04
-2.830577280574928661e-02
2.831543678000144910e-04
-2.653396972733608442e-05
-1.266621529439017531e-05
4.845405640469753651e-05
-5.316873780379211510e-03
7.657478904707537462e-05
-3.540431819270545215e-06
5.069365010712558031e-06
-7.991470998955161459e-06
-9.317977351303380340e-03
-1.515481294094116126e-05
-1.119139070981846145e-06
4.408601615628087694e-06
-1.529690536482482163e-05
-1.216880056740644693e-02
-2.851613414439522028e-05
-6.366032458434043523e-07
-1.390229819634777615e-06
4.253837796680690213e-06
3.858017340676464079e-03
1.062652293822435257e-05
2.399663877775167936e-06
-2.099665207195870107e-06
-6.960612534089608301e-06
1.900392523518790481e-03
-2.010274216940619614e-06
9.196515269472934251e-06
8.369442860778326596e-03
1.114809535469826254e-05
-2.245112794041811600e-05
1.051273631942867097e-04
-6.202865447321143457e-05
-1.716028678983285709e-05
-5.273183053316504720e-02
-4.807500867054260996e-03
-4.511748670374347995e-06
1.824471631627615169e-05
-1.241595017847378808e-04
4.822308441480610726e-05
5.134736427089321579e-06
3.023912315676557938e-02
4.277736390921291730e-03
1.606335060772539678e-06
-2.177414229798915919e-05
1.889028294750653091e-04
-5.820066476433122677e-05
-2.224051230339786554e-07
-2.684487554243849064e-02
-5.789039399171213581e-06
3.799148366388555272e-06
2.029481421111945203e-06
-2.781626406219117305e-06
1.771806388436776786e-03
-1.059571624111199044e-05
-3.115314222155016959e-06
6.786777492277330931e-07
-1.870187919856954047e-06
-2.807486838406386909e+00
1.891696978135993357e+00
-3.524414701925449034e-01
1.605068279732147385e+00
1.362193307494151684e+00
9.458431754545840731e-01
4.257370922355541154e-01
1.670571155342025493e+00
1.251020306474883069e-05
1.834479407712934619e-04
-8.669787916461550142e-06
3.255749772343211035e-05
1.689014392027281914e-03
-8.701754202510101821e-06
4.696765623222001929e-07
-3.428053399101267575e-03
8.530471645400374109e-07
2.090026255816742998e-06
1.688026747567966321e-03
1.325020486947272017e-05
2.624489032938691283e-06
3.058264861532611952e-03
1.297017476729158048e-05
4.136731890506703565e-07
-6.356450097474668562e-03
1.837132498747222329e-05
5.187152824735940385e-06
-3.772913655156305698e-05
-9.347382445191922129e-02
-6.600188629388632517e-05
1.494227736864890547e-04
-3.043524931420006447e-06
3.587506402045422240e-06
-2.107995673786757299e-02
2.343960550250865076e-05
1.705998802324618546e-05
1.346296231557777884e-06
-5.292295010237592351e-06
-4.328197878075649291e-03
-1.887612891165793279e-05
6.082075348102425458e-06
1.190423332077387476e-06
-4.576706047595385565e-06
-2.591127013683169975e-03
-1.933433418186160437e-05
9.074719513970893377e-06
1.512218498768181673e-06
-7.480745246602415154e-06
-3.291419402320533731e-04
-2.616335038748579691e-05
1.745705498811005911e-05
-1.427897825775401667e-06
8.086480704513704186e-06
-6.058005874574224226e-04
2.342786082236022295e-05
-1.417021380097111010e-05
-1.003047539734810284e-02
-6.996242177034773278e-06
3.115994504471311020e-06
-1.189015373644383526e-04
7.770337420670503576e-05
8.491141971287877828e-05
6.345635071099368918e-02
2.502865546311782222e-03
6.768147759165882691e-06
-1.620322465040264176e-06
-1.398637366984244580e-04
-5.959609020434105677e-05
-6.287055699985803368e-05
-1.597901617002468744e-02
-6.432147587864142603e-04
-6.459948585539534717e-06
-2.326784600218918568e-06
3.085778834715655278e-04
5.163647483159720995e-05
6.952989863642154668e-05
4.291257942652514784e-03
-7.273704320017561452e-06
-1.800634379721502464e-05
3.866568908937503520e-07
-1.000050019205419917e-06
2.407204493379585478e-03
-6.882360918928403441e-06
-9.913667687493501557e-06
1.227060978074187266e-04
-5.383126111955462194e-06
-3.325509552154138682e+00
4.610042342902530343e+00
1.492328576834814458e+00
3.786836158117301565e-02
-2.043263286712517335e+00
2.509202560942548121e+00
1.331906892690670086e+00
3.618125202048274591e+00
-2.281464081058545782e-05
5.379895720196132105e-04
1.734833204786765477e-04
-3.524401179420522362e-05
1.248501055859664935e-03
2.412382698466089353e-04
-1.710833768614099866e-05
3.138091170485940874e-03
6.200480908456832948e-05
9.258324578384631679e-06
-2.717534715088160309e-03
-3.592651465483310164e-05
5.566947075980344704e-06
-4.397566458984930246e-03
-4.173651733445310301e-05
1.720204947980635146e-06
2.814682443907706375e-03
1.123963366464783459e-05
7.132114152992110591e-06
6.485258958405059129e-03
3.211973385645522358e-06
1.395591349108382449e-05
-7.464526549843638801e-05
-2.823210867177671640e-02
3.943201025489475025e-04
-6.059235290172102113e-05
9.724110714145554462e-06
-2.426077046622761310e-05
-5.295873070065998563e-03
1.046215072484930192e-04
-1.649455971372748895e-05
-4.337997273762098804e-06
3.338801212528639895e-06
-9.321298704465323312e-03
-2.143002465212462382e-05
2.460401482403492044e-06
-3.697413959831923025e-06
6.521086844158595321e-06
-1.217821273377828195e-02
-4.019880413258420683e-05
2.706785385620386301e-06
1.434558541179016447e-06
-1.106808367131799493e-06
3.863169195299713098e-03
1.562589013508410113e-05
2.546415317041775096e-06
2.949354755149500859e-06
5.840054117016817521e-06
1.903353219076133742e-03
-2.086778979101755555e-07
1.258972289015213109e-05
8.369879376240316887e-03
-1.138786222139279705e-05
4.407151056031245603e-06
8.097511119391069025e-05
-9.207451495529478196e-05
-1.740959331735049667e-05
-5.272942398898486371e-02
-4.807384670557026188e-03
4.353063907381198207e-06
-4.108694743784840645e-06
-1.072882132006958470e-04
7.128580239183829510e-05
4.251066395522004397e-06
3.024002060856671031e-02
4.277018472942534580e-03
-1.341105918193496457e-06
4.721427985043087291e-06
1.681447751666322260e-04
-8.615924268995755315e-05
9.761132751281817526e-07
-2.684948507918317670e-02
3.845705477484754145e-06
3.500235361095923743e-06
-2.023159785124408050e-06
-2.811073170523068411e-07
1.767654078997382000e-03
-1.629752367816512902e-05
-3.187140673633043622e-06
-7.105940503299297484e-07
-2.766211169845539679e-06
-2.807487715242331650e+00
1.891701191381082836e+00
-3.524427032170067697e-01
1.605071942891230119e+00
1.362192027354167445e+00
9.458416890729708371e-01
4.257371785479552861e-01
1.670571251035832594e+00
-4.755409804371221315e-05
1.871501693822538238e-04
-1.493481775783644045e-05
-1.185288280631794820e-04
1.699440788712889248e-03
-2.206436467297938586e-05
-1.331111895098615074e-06
-3.428992704180726381e-03
8.660113675961832856e-07
-2.720471284859893931e-06
1.691191081965693656e-03
1.521115476196324656e-05
-4.843379732960229408e-06
3.062415046019457097e-03
1.463857952967845696e-05
5.518364042898570853e-06
-6.353277389050800313e-03
2.214257307044714733e-05
3.587245045357874602e-05
1.113035390289871370e-04
-9.350602856546885722e-02
-6.574623235872797890e-05
1.685314645798100365e-04
1.697538393396188911e-05
-4.342920161340548891e-06
-2.107437676743660268e-02
2.697858721421856999e-05
1.521075075480452714e-05
-2.720086440835935496e-06
1.211269021404412402e-05
-4.335225188045990947e-03
-2.084007428127568714e-05
8.120603490043606498e-06
-9.285290829394373817e-07
9.381064453086280862e-06
-2.597882075084320414e-03
-2.165902814853681613e-05
1.120910287365121472e-05
1.039127176648221862e-06
1.731119300889971289e-05
-3.389820089187739103e-04
-2.883094828097244991e-05
2.069885120370033304e-05
7.917036986964068215e-08
-2.048009840675322929e-05
-5.964025234960751562e-04
2.530032316534006753e-05
-1.702369736687928641e-05
-1.003608520475099408e-02
5.634432817672264189e-05
1.699859928185456096e-05
-9.566886406656258286e-05
9.265285741345122609e-05
8.477086971753627377e-05
6.341867958011275508e-02
2.507854688928697843e-03
-4.720965520144449249e-05
-1.588739418859228209e-05
-1.535356033608509187e-04
-7.130828487952178959e-05
-6.096927265938558045e-05
-1.594740117228355195e-02
-6.490162153982339524e-04
4.859796609237268159e-05
2.716132439591692415e-05
3.179183984168584658e-04
6.314533621361847549e-05
6.858130545868743695e-05
4.254998421390088041e-03
1.922670477059320197e-05
-1.814594921343164110e-05
-5.089547110170988147e-06
1.372587106634509649e-06
2.403488311012437224e-03
-7.940570622132385524e-06
-1.033417902339002809e-05
1.231810104451265737e-04
-8.540043688490646856e-06
-3.325508252429521860e+00
4.610023262211007555e+00
1.492328741448329277e+00
3.787999411411875628e-02
-2.043272975962340254e+00
2.509217072730009601e+00
1.331906065181748922e+00
3.618118802079231422e+00
-6.834983794026751238e-05
6.082823193603022292e-04
1.793018536922990182e-04
-1.074624854199706536e-04
1.346934919890336799e-03
2.497595330676915561e-04
-5.598688508472775353e-05
3.172434074807811439e-03
6.516843265486810569e-05
3.013521609918012067e-05
-2.732988089323810932e-03
-3.767887070091783326e-05
1.671735217286632154e-05
-4.413757486216547850e-03
-4.314553006269030187e-05
6.842021192288838759e-06
2.817206182630902639e-03
1.122954269099244931e-05
2.535722275266688559e-05
6.479468926937837631e-03
2.405837335808273060e-06
7.752602698217993444e-05
-2.353295870630969430e-04
-2.804321652433645548e-02
4.102238590636182887e-04
-6.891073712009410524e-05
4.177177515427826630e-05
-7.811249734936644346e-05
-5.236811498222872750e-03
1.093316768110560799e-04
-2.037079109834519426e-05
-1.610994541380703944e-05
1.025116517686090659e-05
-9.328838561744117255e-03
-2.220592132820957092e-05
3.790510914249465979e-06
-1.407444163644412662e-05
2.014938903409922946e-05
-1.220054506573042992e-02
-4.168436431096146004e-05
3.896649272137298219e-06
3.853317007486880877e-06
-2.812174627818769910e-06
3.873620729833705117e-03
1.603822414156597919e-05
2.331533023760190975e-06
4.416310596824605496e-06
2.053435831990494667e-05
1.903112960224550903e-03
-9.014225026497380673e-07
1.269404259177084144e-05
8.367741447170158262e-03
-3.152116253561138584e-05
8.994127123068642091e-06
3.765909076538376124e-05
-9.417433309515334434e-05
-1.561476417304021833e-05
-5.274484219456886808e-02
-4.804098522759450013e-03
1.316178313982279156e-05
-9.439694162645175058e-06
-7.845259113634884206e-05
7.300992347205765838e-05
3.396460935372376718e-06
3.026178550144262291e-02
4.271848556458312553e-03
-5.088627693114163367e-06
1.056867595611538426e-05
1.337400986396407028e-04
-8.822173251413502316e-05
1.406079865888487681e-06
-2.688289643588167438e-02
1.417071399773336490e-05
2.527777377968201601e-06
-5.688300680794531469e-06
-2.002209205424771255e-06
1.762129343919695539e-03
-1.662443602813137169e-05
-2.797147197536273367e-06
-6.236569763568658362e-06
-4.927842694562583757e-06
-2.807487668986703433e+00
1.891710704179477620e+00
-3.524432481031627429e-01
1.605077317653041069e+00
1.362190780457992023e+00
9.458403424165359175e-01
4.257372720707439662e-01
1.670570305834975899e+00
-1.032142858926532653e-04
2.180304370177817965e-04
-1.525365940733820245e-05
-2.557025668065473481e-04
1.771599221311760805e-03
-2.477504133673892188e-05
-2.745883296093966672e-06
-3.434725625589430537e-03
6.946560790038075376e-07
-4.265440043576616357e-06
1.694089659459054823e-03
1.323083407971980868e-05
-8.868442485469941856e-06
3.069217575427306884e-03
1.265781472884901100e-05
1.408741976722305197e-05
-6.356840210738094396e-03
1.958668799300555821e-05
2.660371760049810982e-05
2.314087381597012280e-04
-9.359555712756928436e-02
-5.274918982132035714e-05
1.484753737584058072e-04
3.092887104538870970e-05
-6.532871812235899081e-06
-2.107326136764338734e-02
2.345905295421334453e-05
1.015968422767347078e-05
-7.882740169315734344e-06
2.377985786557380881e-05
-4.347752211651982265e-03
-1.773900794565446364e-05
8.208714936845185398e-06
-5.117336940271140190e-06
1.785905239330880728e-05
-2.608886298851761411e-03
-1.858273713782753966e-05
1.065919776327250149e-05
-3.759626625797334867e-06
3.409454544974751194e-05
-3.578133970349905621e-04
-2.452486539531368209e-05
1.902952472088438834e-05
4.922361299381879709e-06
-4.122853262686377587e-05
-5.754857760491057656e-04
2.128307346189466814e-05
-1.587701405963982249e-05
-1.004453531164892915e-02
9.251707004531921732e-05
4.569354987781306022e-05
-7.630543302680477084e-05
8.202537567827635802e-05
6.557549216514013939e-05
6.336173358115353149e-02
2.516355165311477682e-03
-8.048027974711027138e-05
-4.129397318153686105e-05
-1.564040758770988905e-04
-6.314830631877482855e-05
-4.568052155000036125e-05
-1.589310447720339650e-02
-6.594302328651592505e-04
8.114270928303564205e-05
6.462186240887790264e-05
3.072522875090859750e-04
5.646090175209079570e-05
5.246767878580067693e-05
4.189406539451007855e-03
4.199779905874229417e-05
-1.931896370063397966e-05
-7.637812871566818942e-06
2.093370344072142790e-06
2.395802715080679827e-03
-6.971429541951661190e-06
-8.311647560512592907e-06
1.163115547582752247e-04
-1.049504463120125853e-05
-3.325506373747733946e+00
4.610000438485109875e+00
1.492328607955821784e+00
3.789409319633227358e-02
-2.043283850531651069e+00
2.509234467244256805e+00
1.331905381728041071e+00
3.618111363659624047e+00
-6.609445133992746240e-05
6.827695400167230243e-04
1.368044948500289550e-04
-1.101310643734519016e-04
1.454291210567068039e-03
1.905478051614515396e-04
-6.995457560713186558e-05
3.216941790255661762e-03
4.972848128397556593e-05
3.716503391751705689e-05
-2.753126408328177965e-03
-2.876809057234958067e-05
1.631121255788327528e-05
-4.430357962803828202e-03
-3.292890565743142144e-05
1.228160315376128205e-05
2.816635036093417810e-03
8.545408058162050707e-06
3.790949594162414528e-05
6.465241619374441535e-03
1.776828267831854351e-06
1.324971089816760891e-04
-2.684135604198857432e-04
-2.781837790805968477e-02
3.139296063864603138e-04
-6.328130848242755611e-05
6.616366510945128915e-05
-9.425399453856729808e-05
-5.162906358149793769e-03
8.371359843911235473e-05
-2.056120490647796669e-05
-2.417228257167386234e-05
1.083371277638993575e-05
-9.337125347324856314e-03
-1.697479353629812080e-05
4.718402653103869738e-06
-2.133228276976070965e-05
2.169512386113268948e-05
-1.222585089117758476e-02
-3.187522761847766411e-05
4.576935007986478923e-06
4.843987163093365728e-06
-1.056051656989958648e-06
3.884124210662286310e-03
1.224760441629437633e-05
1.503549653740753922e-06
2.487222501969764077e-06
3.016448843234225484e-05
1.897335116174572560e-03
-7.715970707583104941e-07
9.805236071950364013e-06
8.362905647443208759e-03
-4.040104546320434946e-05
-5.001672924858798598e-06
-7.637858354605934000e-07
-7.187959022032577318e-05
-9.487911156276797298e-06
-5.277830321281431342e-02
-4.798080766629523458e-03
1.782630900859246860e-05
2.262283107655289411e-07
-5.428720000080368272e-05
5.573376338230301869e-05
1.417285681006710205e-06
3.030140283308065119e-02
4.263361604757306966e-03
-7.725758522370563251e-06
-1.495492845406682226e-06
1.060190452277178679e-04
-6.734264615880051770e-05
1.683380250726209610e-06
-2.693790814681192372e-02
2.078209562675721998e-05
1.231904590611345540e-06
-7.404416725056663325e-06
-6.081618091423017587e-06
1.759074014723251925e-03
-1.271052053121033410e-05
-1.599713760539998807e-06
-1.414217340252933266e-05
-5.387166580568018772e-06
-2.807486444785036284e+00
1.891722075782353851e+00
-3.524426071656917570e-01
1.605082073312937174e+00
1.362190237027444351e+00
9.458398906181270105e-01
4.257373252636642569e-01
1.670568506800072406e+00
-1.276494931802322997e-04
2.679000046412053412e-04
-2.223074262702443878e-05
-3.138428393592123918e-04
1.885813364760921193e-03
-4.686538819396802492e-05
-3.185515121079565553e-06
-3.443685718337015454e-03
9.499592278715698964e-08
-2.836892257083562416e-06
1.695103989487625404e-03
8.023083298420862375e-06
-8.552985811977306175e-06
3.075866048601386821e-03
7.176651218778632610e-06
2.066737655231552334e-05
-6.367293399523634226e-03
1.403655281867214367e-05
-6.857928431871278762e-06
2.709779491667949026e-04
-9.371228725785314684e-02
-6.543131152687609075e-06
9.972913141746609538e-05
3.301903115443321698e-05
-3.735950487645788042e-06
-2.107854195626097937e-02
1.428727209868863333e-05
9.851563582461153612e-07
-1.108861989866302011e-05
2.565540752130300963e-05
-4.360805825846848956e-03
-8.580106099590606021e-06
7.440007595244366086e-06
-8.578343883958018551e-06
1.834326817310795758e-05
-2.619597727954868678e-03
-9.825617580365812595e-06
8.572613577806640809e-06
-9.151119937613466304e-06
3.696351634083497523e-05
-3.783795378345898835e-04
-1.172693312290525628e-05
1.420087093689886827e-05
9.616146391540656441e-06
-4.616840077578103377e-05
-5.506531078923290919e-04
8.798645929641072630e-06
-1.227216533764512564e-05
-1.005230800304951835e-02
8.972724988490946658e-05
6.989191099547825779e-05
-7.205411804893249814e-05
5.809413407539534759e-05
2.750960146299466106e-05
6.330991197849060448e-02
2.524969663029709432e-03
-8.089869463339570887e-05
-6.134110201671478580e-05
-1.436965398816721518e-04
-4.539358001662106037e-05
-1.611702602882544546e-05
-1.583802733128793563e-02
-6.703240337340448827e-04
7.988948480753403668e-05
8.847153920999993354e-05
2.761543468074584284e-04
4.383571416650468446e-05
2.079083526662861437e-05
4.120350350150104278e-03
5.148203323871002865e-05
-2.128296804153934801e-05
-6.748948963055214408e-06
1.369085203847219244e-06
2.386947220264063439e-03
-4.273051343681427000e-06
-4.219112809307956785e-06
1.035560842929871505e-04
-5.409597620323974111e-06
-3.325504606875426372e+00
4.609982567261641684e+00
1.492328198757544078e+00
3.790530064097474144e-02
-2.043291709041587190e+00
2.509248120258066539e+00
1.331905127912306863e+00
3.618105738873894861e+00
-3.339623203485354711e-05
7.322701760003135331e-04
6.465001652847808913e-05
-6.422324808010285884e-05
1.528789476965293232e-03
8.795205220424484767e-05
-5.718913353757679321e-05
3.254922033649222668e-03
1.827281012535348969e-05
2.986214479916213515e-05
-2.770405401606849428e-03
-1.098304066254941610e-05
8.443720740635940900e-06
-4.440813978757531671e-03
-1.553507127689989555e-05
1.403233459068872990e-05
2.812891246620239944e-03
5.863738874268369321e-06
3.765213556363605931e-05
6.447397674151365485e-03
5.139489625049479895e-06
1.410713626484649873e-04
-1.921086947451272023e-04
-2.764340262493133332e-02
1.369066013665660075e-04
-5.919037839168513960e-05
6.713316380084526558e-05
-7.350785314569887533e-05
-5.102063318033055184e-03
3.407681340566241600e-05
-2.308604442284541269e-05
-2.361012232616865379e-05
6.760619415174010987e-06
-9.342937991363604866e-03
-7.796783008775850653e-06
6.923384978361902449e-06
-2.098587431445734348e-05
1.402979176453222225e-05
-1.224436778285209991e-02
-1.449834289575918803e-05
6.318341261739093625e-06
4.042138472877338541e-06
1.765914615276079246e-06
3.890512229181928260e-03
6.354942507289825090e-06
8.785656603745554989e-08
-5.866764185410488988e-07
2.949283600075027644e-05
1.887772555182036429e-03
2.841123987612938958e-06
5.348414580040441863e-06
8.357030021468925263e-03
-3.441611196614362234e-05
-2.142013631122017628e-05
-1.853270169840302807e-05
-3.860743744646857986e-05
1.223148453396793951e-06
-5.281831703415986595e-02
-4.791443225934604623e-03
1.599591437556562888e-05
1.298695380182509558e-05
-4.485218868391192956e-05
2.952497119706983854e-05
-2.161423855022194800e-06
3.034488162895632515e-02
4.254589607337281622e-03
-7.599550234319915604e-06
-1.687359198891344187e-05
9.664300497693234840e-05
-3.579544362191180735e-05
2.281955081835174834e-06
-2.699477212441498547e-02
2.053220119654749267e-05
8.998478518524898652e-08
-6.406411968188694783e-06
-8.818349407290048745e-06
1.759968805218080357e-03
-7.375716082429656676e-06
3.717489787452175509e-07
-2.156409368184173579e-05
-2.021018846382153496e-06
-2.807484656328643524e+00
1.891730838310477392e+00
-3.524411793180997621e-01
1.605084529705510521e+00
1.362190504364160004e+00
9.458403812479058148e-01
4.257373237572719682e-01
1.670566635566104186e+00
-1.069808480867949870e-04
3.157145230500422767e-04
-4.235832318280804005e-05
-2.611337450246349026e-04
1.994072388267823220e-03
-1.021820768062655900e-04
-2.506612784307656830e-06
-3.452108874526392014e-03
-8.971907259216362063e-07
-4.503160104592724379e-07
1.694111758281762348e-03
1.597292974666914640e-06
-5.258981083861473221e-06
3.079918864523419498e-03
-1.084633538404728027e-07
1.988442456448651487e-05
-6.379840897891633777e-03
9.411929804609708454e-06
-3.345842386650082145e-05
2.151214096519628262e-04
-9.380921684331142152e-02
7.323800869047480510e-05
4.215241159889338148e-05
2.310272602290220831e-05
2.929112930852127575e-07
-2.108740994927503498e-02
3.105142217681104559e-06
-1.098115271961113269e-05
-9.938902679695743456e-06
1.854222086659152227e-05
-4.369465773299408343e-03
4.630297242493020931e-06
6.892357833121681470e-06
-8.539510652157567011e-06
1.241435754665441346e-05
-2.626076278327515740e-03
2.241543256281703516e-06
6.373664440538437911e-06
-1.058274649767220103e-05
2.686465706169105907e-05
-3.928097559120558632e-04
6.853164819231446090e-06
8.769754782718065363e-06
1.027946153962662389e-05
-3.488995806386472378e-05
-5.316523042466377285e-04
-1.025085244557157079e-05
-8.319189430268101909e-06
-1.005658200429236822e-02
5.544510801206110949e-05
6.917626075372609591e-05
-8.250453951862905377e-05
3.625602791819072183e-05
-2.039597438238210554e-05
6.328169692811697056e-02
2.530466024061210802e-03
-5.254848571012816301e-05
-5.952734149188847228e-05
-1.221991489798188244e-04
-3.016006250582036678e-05
2.166842109569210544e-05
-1.580271112510612391e-02
-6.775970540071090580e-04
5.045035535328926086e-05
8.088926480560768939e-05
2.388897918605878933e-04
3.723472310824601378e-05
-1.953640273115306024e-05
4.073922371930626708e-03
4.385707768118095632e-05
-2.324154081381165818e-05
-3.641568828210121770e-06
1.709491167924766155e-07
2.380298743301348299e-03
-8.225511902667481906e-07
6.964583147293159108e-07
9.037983353022704144e-05
8.354378974739957997e-06
-3.325503599808409039e+00
4.609974797513218370e+00
1.492327776938412676e+00
3.791030917632016300e-02
-2.043294597904294463e+00
2.509254082508376449e+00
1.331905243665757244e+00
3.618103453611728693e+00
-3.325904634992190120e-06
7.466602323452591452e-04
-7.372492751387480936e-06
-1.539274350995636562e-05
1.553436020248522963e-03
-1.669104428213758468e-05
-2.860520435553755926e-05
3.273945759341037424e-03
-1.880632045483807612e-05
1.460137945909183002e-05
-2.779122901356620608e-03
9.656520842848146589e-06
1.053543833338213933e-06
-4.443305182733232016e-03
1.881668598597016069e-06
9.609417542308847860e-06
2.808615641569788164e-03
5.228886945013978162e-06
2.315806874393648815e-05
6.434263721709011959e-03
1.332353271949738473e-05
8.673424974004365442e-05
-7.838393044696437392e-05
-2.756816063134644515e-02
-5.426486149596170688e-05
-6.551753023878533649e-05
3.963290020976619621e-05
-3.446780373402867962e-05
-5.073205765133745326e-03
-2.214862130939506814e-05
-3.042355503414731821e-05
-1.347351572553643022e-05
2.028888804840369135e-06
-9.344923009286907820e-03
1.685222691347103957e-06
1.076099395009026517e-05
-1.205549738655551181e-05
4.618091969519021845e-06
-1.225137932453357510e-02
3.622524896058600427e-06
9.515783216868164420e-06
1.933897385544430390e-06
2.590315743908526732e-06
3.891814728266238064e-03
1.077602310347605569e-06
-1.554828677466743819e-06
-1.957920623497044315e-06
1.789382671485421729e-05
1.879564885338384219e-03
1.014732126146406412e-05
1.137252024764802703e-06
8.352790537413837951e-03
-1.694081090118622964e-05
-2.193756562545333199e-05
-1.639496380108617377e-05
-1.037487694284974343e-05
1.401361992684777371e-05
-5.284679871557747266e-02
-4.787031306754630997e-03
8.343033325212189451e-06
1.480230846384246620e-05
-4.836739750212331874e-05
6.743129658876108711e-06
-6.780707994254651274e-06
3.037381697047344606e-02
4.249089578001478441e-03
-4.321331558467980566e-06
-1.860951965462934274e-05
1.024839125606019554e-04
-8.521602358097552941e-06
3.422610944261310462e-06
-2.703061213293931481e-02
1.328639695758321124e-05
-4.996411253188914377e-07
-3.199478640995577165e-06
-6.917588262129466062e-06
1.763001523809641863e-03
-3.524372359611478889e-06
2.637684675089616255e-06
-2.575565081444562259e-05
4.958451887114672700e-06
-2.807483466910663861e+00
1.891733676857446866e+00
-3.524400422031370717e-01
1.605084454311641595e+00
1.362191084831221755e+00
9.458411442044921680e-01
4.257372928028786419e-01
1.670565680515822882e+00
-4.785491060437102053e-05
3.379738853980486990e-04
-7.136496516271346676e-05
-1.161508637402745798e-04
2.043756966487255550e-03
-1.780583986012741749e-04
-1.063397334905491267e-06
-3.455909216803074255e-03
-1.995277172680843781e-06
4.614635861938048863e-07
1.692518277564478190e-03
-3.720677482965390198e-06
-1.699628412266753482e-06
3.080464951123880815e-03
-6.691840119081613723e-06
9.791862156342513601e-06
-6.387126365411644434e-03
7.946193795691735260e-06
-2.655982587164621811e-05
9.214981612980345591e-05
-9.384570893449470375e-02
1.637987869882439880e-04
-5.033361944904268630e-06
6.648272024631141716e-06
1.306745216133963590e-06
-2.109372862093479573e-02
-6.026871893074895771e-06
-2.237317469783209166e-05
-4.158033403723417786e-06
7.280270565707633605e-06
-4.371270849499482060e-03
1.762677192193646316e-05
6.954997870385376708e-06
-3.951202560164574623e-06
4.535258610146355443e-06
-2.626900717435588523e-03
1.358656302998129201e-05
4.953131087267422558e-06
-5.503783545990805417e-06
1.060251079964019642e-05
-3.964713614842272282e-04
2.522812810884960858e-05
4.706777512865355261e-06
5.069216285612668449e-06
-1.430462047321418356e-05
-5.255815516262297288e-04
-2.994692297526809394e-05
-5.501098281996082533e-06
-1.005664183941733410e-02
1.166755414793061022e-05
3.462751465919952708e-05
-9.578504231918746632e-05
2.639959872444807754e-05
-6.395715138672700443e-05
6.328116476583864336e-02
2.531432686932373090e-03
-1.274666791150809995e-05
-2.943310131462286038e-05
-1.068427683040964549e-04
-2.463522964167866937e-05
5.659286782491472278e-05
-1.579640585106484307e-02
-6.791774536496752177e-04
1.133211469032405874e-05
3.850672488165533846e-05
2.172887105473988566e-04
4.130135399002932259e-05
-5.655693476387669405e-05
4.063754584546714135e-03
2.278791487694881680e-05
-2.419266724848475128e-05
-3.972266352076945302e-07
-2.959607165605143263e-07
2.378363579268757619e-03
2.061774064027715173e-06
4.946360058630984847e-06
8.376642834214363936e-05
2.692494595763491818e-05
-3.325503655695309924e+00
4.609976552078850709e+00
1.492327697464103764e+00
3.790927545532955800e-02
-2.043293566758249025e+00
2.509252753989265727e+00
1.331905379698452796e+00
3.618104084929968600e+00
-3.687427987449274357e-06
7.383072054117841574e-04
-5.320986340820388555e-05
-5.020267185129823787e-06
1.542339842382913200e-03
-8.557669284698766305e-05
-1.051097059985179370e-06
3.271473677373124608e-03
-4.822900451013202941e-05
6.307030922857887535e-07
-2.778026449666266742e-03
2.574723324715497797e-05
8.861660175645661514e-07
-4.441269898764438166e-03
1.302015477561307084e-05
-3.312301260417691691e-07
2.807681091508149387e-03
6.911769093909202680e-06
-2.858471409250210543e-07
6.433372624822701093e-03
2.346368572445396711e-05
-1.538685047135837162e-05
-7.808261641964193205e-06
-2.758583807453951486e-02
-1.909147773697563030e-04
-7.970455771982927116e-05
-7.293685491828099360e-06
-1.946351530398328519e-06
-5.078006918639429643e-03
-6.481542069628270998e-05
-3.994918492292498161e-05
2.517364203517340285e-06
4.444727155920566121e-07
-9.344084133338356746e-03
8.060867956938263048e-06
1.491883119598776067e-05
2.249967059715824680e-06
8.260947974418509168e-07
-1.224904526734863636e-02
1.596759541256030139e-05
1.307003044145558176e-05
-4.371480767201736456e-07
-3.611124127459233624e-07
3.890459337132424599e-03
-1.665669440792954650e-06
-2.887834930093102455e-06
8.313438275406772410e-08
-1.577607846302703765e-07
1.878514455307556596e-03
1.859426247693089497e-05
-1.493177743885759293e-06
8.352552498230386702e-03
3.650813988900158192e-06
2.186590704483991774e-06
-9.802482607078810348e-06
2.555978561510375695e-06
2.465087485614122836e-05
-5.284832605528258509e-02
-4.786930742679339906e-03
-1.695155799209677237e-06
-1.682689986296844487e-06
-5.302513102481106518e-05
-4.326768754239098519e-06
-1.089593721718309628e-05
3.037444201133266894e-02
4.249113270616331102e-03
8.064732505415153414e-07
2.034369789225377627e-06
1.082587847233656259e-04
4.537834566320786005e-06
4.718899421581949070e-06
-2.703043630117564836e-02
2.031191793050471211e-06
-4.598002446158077356e-07
6.872791370860547261e-07
4.351279306050336370e-07
1.764217320734264884e-03
-2.609182686408652340e-06
4.486475929841597940e-06
-2.549523632587392521e-05
1.308310223833919181e-05
-2.807483949813192048e+00
1.891729998400259127e+00
-3.524403455883375891e-01
1.605083039989255500e+00
1.362191190025210608e+00
9.458412039956167749e-01
4.257372800667214574e-01
1.670566312446663870e+00
2.533974668589375834e-05
3.208844811572540267e-04
-9.584258402166826059e-05
6.038707321850673402e-05
2.004752042347566696e-03
-2.403211317629191436e-04
4.706356423248411105e-07
-3.452848153555621458e-03
-2.785539454515123959e-06
-1.426809596272859931e-06
1.692373465777806570e-03
-6.398070341984337494e-06
-2.891170487854238697e-07
3.078424225876922379e-03
-1.044991589296053128e-05
-6.684401103979969883e-06
-6.383275751262571136e-03
9.092623836710722105e-06
2.020170792263982222e-05
-4.139012425825421411e-05
-9.380724163586283415e-02
2.289608880629562379e-04
-3.146329495733174572e-05
-8.390500769658802005e-06
-2.778095602792971555e-06
-2.109152370221789932e-02
-1.052257028406876642e-05
-2.927684817910740226e-05
4.189093497947085186e-06
-2.043357805445998349e-06
-4.367193211160855411e-03
2.581383821117336805e-05
7.156589934947718405e-06
3.807329540905733561e-06
-5.912237499180566765e-07
-2.623617185691994730e-03
2.037522687789193178e-05
4.280823136489606028e-06
5.022892406385161544e-06
-3.093221454382923677e-06
-3.899634503882761600e-04
3.686217606873177214e-05
2.556999620221193481e-06
-4.700072982241200827e-06
5.241147451896585184e-06
-5.335984569500219115e-04
-4.299582215156480883e-05
-4.062272886126963627e-06
-1.005430883565576645e-02
-1.796943967679905509e-05
-2.477131722866226089e-05
-9.577700668776656639e-05
2.809929348617036705e-05
-8.981741299860972812e-05
6.329677287747081937e-02
2.528791813482623128e-03
1.787923868366238282e-05
2.044750415561321483e-05
-1.121874702113650991e-04
-2.750904690917397059e-05
7.745616740559962130e-05
-1.581349766848587704e-02
-6.757968853639025183e-04
-1.669727358117669444e-05
-2.438914870191478154e-05
2.287650279852452748e-04
5.091848064380381290e-05
-7.857781733564542974e-05
4.085397575358452882e-03
-2.216488466309228182e-06
-2.358653136946467212e-05
9.297842105729856846e-07
7.226984474271229918e-07
2.381251382250696401e-03
3.446305022370992115e-06
7.434758589004882273e-06
8.827080744454109964e-05
4.236191727946868682e-05
-3.325504607081681829e+00
4.609982571024358933e+00
1.492328198750957124e+00
3.790529854894692657e-02
-2.043291707305933791e+00
2.509248117915889864e+00
1.331905128131593230e+00
3.618105739996544834e+00
-4.014943046065487129e-05
7.322589256141388923e-04
-6.296148914737499831e-05
-4.550462071948204980e-05
1.528774539775761519e-03
-1.024714599691954381e-04
1.198331330090499845e-05
3.254918572682517167e-03
-6.020664249358268877e-05
-5.055993155664307832e-06
-2.770403970295518686e-03
3.206645183935104417e-05
9.412155416802109195e-06
-4.440811323380632405e-03
1.544030847109674400e-05
-1.204416892455611626e-05
2.812889985622511833e-03
9.313157015033648881e-06
-2.306327572467954101e-05
6.447396512419358884e-03
3.044761297864659948e-05
-1.239175934660415273e-04
-2.252827871663013685e-05
-2.764342631146164339e-02
-2.348954487829615781e-04
-8.961127519234464011e-05
-5.436372630322122078e-05
7.233344424960641299e-06
-5.102070332252186050e-03
-8.071995857011458485e-05
-4.547331292150071276e-05
1.771873794386100514e-05
3.373344027249713889e-06
-9.342936906824823168e-03
9.758985621699635141e-06
1.709320811974275345e-05
1.599623577052155566e-05
5.543577665565931021e-06
-1.224436443843010709e-02
1.940938535970592401e-05
1.496699179832081046e-05
-2.011622878669414076e-06
-6.385838040999022683e-06
3.890510139839231576e-03
-1.650659091022367675e-06
-3.452692893911648374e-06
4.993845896329028243e-06
-1.720076160077071121e-05
1.887770900872854382e-03
2.412556836519844902e-05
-2.264296358946687846e-06
8.357028968873032870e-03
1.826618715208180020e-05
4.396304307683705223e-05
-1.852391764569364307e-05
4.214917638603406691e-07
2.919371124359391740e-05
-5.281832173778931022e-02
-4.791442494221082385e-03
-9.868912561928639283e-06
-3.196614069506581907e-05
-4.485834512586234701e-05
-3.344315027974871274e-06
-1.277149516503186513e-05
3.034488428105255181e-02
4.254589044047777172e-03
5.777546254657730851e-06
3.933711888623051065e-05
9.665075372316140343e-05
3.112350919934110891e-06
5.436513442011356819e-06
-2.699477351080798240e-02
-8.547865126601334794e-06
9.003605281640590651e-08
3.545250184847847255e-06
1.079394985167182566e-05
1.759970491631722769e-03
-3.948751683203372143e-06
5.334248550649986652e-06
-2.156379212369445057e-05
1.868039757272493568e-05
-2.807486444100094847e+00
1.891722074571425161e+00
-3.524426062995746345e-01
1.605082071716994907e+00
1.362190237774681956e+00
9.458398915359649273e-01
4.257373251912325851e-01
1.670568506497502659e+00
8.249356923153012807e-05
2.679032777526652140e-04
-1.005397638060709028e-04
1.957516329592956842e-04
1.885819192715061741e-03
-2.517221288749269112e-04
1.464152859417481456e-06
-3.443686360102511668e-03
-2.896650379672356370e-06
-5.463888206528681645e-06
1.695101708347367597e-03
-6.342670752235607355e-06
-1.737941226100506981e-06
3.075863878129999566e-03
-1.060304622539789228e-05
-2.290664305796381593e-05
-6.367296834170227404e-03
1.004879925995766582e-05
8.654761507042748844e-05
-1.297815004953637775e-04
-9.371227851735625114e-02
2.379711511940765345e-04
-3.949205269286825109e-05
-1.564902993396283216e-05
-1.050432295576826810e-05
-2.107854642308211110e-02
-1.038433932625646588e-05
-2.909806868168710923e-05
1.154423227793289205e-05
-5.392961393675246092e-06
-4.360802259809362820e-03
2.651568973268291407e-05
6.490513443866213696e-06
1.142710404145007771e-05
-6.603320326571099461e-07
-2.619594131751593839e-03
2.080409970412781324e-05
3.533392765032333612e-06
1.648804406784111073e-05
-8.321862637625462459e-06
-3.783749686891355307e-04
3.788136615315799695e-05
1.350244550299129937e-06
-1.482997412810954641e-05
1.545976381122028182e-05
-5.506568576084249845e-04
-4.438633582104733300e-05
-3.021444081905502483e-06
-1.005230540112694686e-02
-2.103554564899567369e-05
-8.519195248834576881e-05
-7.207003350118330615e-05
3.156169798860576116e-05
-9.147745166758324963e-05
6.330992740836516308e-02
2.524967869303014912e-03
2.647837346783211249e-05
6.999432785720015023e-05
-1.436854692131733920e-04
-3.036489469236641991e-05
7.814350462974718259e-05
-1.583803869467741154e-02
-6.703221089678514490e-04
-2.192151013482918746e-05
-8.221500433562525421e-05
2.761442729798116382e-04
5.462544211121092184e-05
-7.961466667331641928e-05
4.120362732154284925e-03
-2.109397657093449365e-05
-2.128326431751784381e-05
-1.937297827285882853e-07
3.015966686107271716e-06
2.386948560523598738e-03
3.324163236584453920e-06
7.837945064112646857e-06
1.035545374115352270e-04
4.714753693101527527e-05
-3.325505930556474254e+00
4.609986453054569111e+00
1.492329245986948605e+00
3.790233075490551107e-02
-2.043292075940986940e+00
2.509245052751659433e+00
1.331904294205919159e+00
3.618106330419172512e+00
-9.191847099347333155e-05
7.495425164734337503e-04
-4.651611200432710462e-05
-1.119882712253917679e-04
1.543023132091158461e-03
-7.913531335292023816e-05
7.564475756644121011e-06
3.236786345955769851e-03
-5.316056725999250456e-05
-1.502798275275531162e-06
-2.761905341432720901e-03
2.807561740862125272e-05
2.172742683756666204e-05
-4.446620153668721931e-03
1.147690711186487255e-05
-2.046449849234817156e-05
2.824112855361658389e-03
9.967952649958088045e-06
-3.600179563623340039e-05
6.472405006835543068e-03
2.978373305130611485e-05
-1.917921966317769511e-04
-1.028135083466700763e-04
-2.767778936275623602e-02
-1.948582787386754348e-04
-8.061137369826661765e-05
-8.165732232767676426e-05
-6.863291334781858114e-06
-5.124738008654041235e-03
-6.958388829899153443e-05
-4.080853015051058824e-05
2.584832539680454041e-05
8.885158189370553962e-06
-9.343805041115175666e-03
7.679651971534210000e-06
1.534596204469672703e-05
2.347343758290908295e-05
1.546629197978567670e-05
-1.224444414697805662e-02
1.547081253543026183e-05
1.343550559988727212e-05
-2.266543596362062526e-06
-1.253591513031396986e-05
3.894943327438330025e-03
-2.897351076951901528e-07
-3.076344671676588776e-06
1.017996104603100171e-05
-2.645583895723127875e-05
1.905789187502339357e-03
2.339483030766681225e-05
-1.956224328474388167e-06
8.364827417957005837e-03
2.183750945318603895e-05
8.346647517642171918e-05
-5.340197130782021150e-05
-7.221422915556054492e-06
2.604381796735135779e-05
-5.276604270113777889e-02
-4.798930240543184192e-03
-1.307221924237546778e-05
-6.144313855549033787e-05
-1.698356482904723195e-05
2.697817932466904111e-06
-1.141898094686673957e-05
3.029612626369448253e-02
4.263235983335833534e-03
8.515846310816852654e-06
7.537431534172370814e-05
5.969824246821562740e-05
-4.197229644007181764e-06
4.898654347906465742e-06
-2.693891812738427247e-02
-1.438179485253582251e-05
8.803090477241089418e-07
4.304151404466237979e-06
1.951954952511147803e-05
1.749236059708503916e-03
-5.269256207439278653e-06
4.795793233951984790e-06
-1.614216015926662925e-05
1.893786111206121586e-05
-2.807490295268353364e+00
1.891713706180108812e+00
-3.524463396249044589e-01
1.605082786884176382e+00
1.362188247608397296e+00
9.458373013601880652e-01
4.257374333028978164e-01
1.670571518692947732e+00
1.025584338668486062e-04
1.984244134670428534e-04
-7.721844311647383036e-05
2.409081028196355552e-04
1.730981908220787565e-03
-1.933843837687472262e-04
1.625413827113207866e-06
-3.431862766818251625e-03
-2.231782820009582804e-06
-9.318986133014789663e-06
1.700526953418153835e-03
-4.791532477874470632e-06
-4.671767381919361136e-06
3.074705783769018930e-03
-8.012220576793240657e-06
-3.179380181365296765e-05
-6.344031342145776964e-03
7.622882910028104922e-06
1.368951740937096053e-04
-1.458240677483510018e-04
-9.360177048184716020e-02
1.821009479428313353e-04
-4.017958127359868117e-05
-1.366791891362173863e-05
-1.751317052152964249e-05
-2.105798919429087424e-02
-7.882205472209623763e-06
-2.196193588383903907e-05
1.473143970104019766e-05
-2.845870963306024485e-06
-4.356039416893982795e-03
2.025207406759536811e-05
4.156109607070434728e-06
1.539409505583605125e-05
3.054822791563019564e-06
-2.617889068436174676e-03
1.586838929553688866e-05
1.752441597580388203e-06
2.333050519933118944e-05
-4.961662698631073712e-06
-3.681581013501420861e-04
2.892540563406153183e-05
-5.083933193579375789e-07
-2.053745420866626362e-05
1.426898483211894473e-05
-5.685164662381501140e-04
-3.392638998564759619e-05
-1.045308824883334030e-06
-1.005276791723121524e-02
-2.487239504779857971e-06
-1.198059307613612496e-04
-2.718599571434766188e-05
2.448903493884583521e-05
-7.196282620832897920e-05
6.330704134398049132e-02
2.522489027079066141e-03
1.445079972294611149e-05
9.744328342841164926e-05
-1.935625731427134525e-04
-2.340545023368725033e-05
6.048098532202839919e-05
-1.585372128413442896e-02
-6.660246440242177223e-04
-7.539247071228298175e-06
-1.107537664394855014e-04
3.449861980558568508e-04
4.192829760697263069e-05
-6.210155089731166263e-05
4.147507407201531104e-03
-2.761989012069157888e-05
-1.803842174516238591e-05
-2.752096669415389160e-06
5.281485147408675369e-06
2.392352933605183547e-03
2.478563043552325788e-06
6.460860475002553097e-06
1.244646882078601319e-04
3.789066623790826480e-05
-3.325507043950793218e+00
4.609984693953566470e+00
1.492330515745836639e+00
3.790270329893198620e-02
-2.043295690452347824e+00
2.509246262475138600e+00
1.331903052604759274e+00
3.618104912337732681e+00
-1.234299504579257020e-04
7.928793372960678352e-04
-2.615334803599383206e-05
-1.566447505624062259e-04
1.592148674636095079e-03
-4.617845328332445358e-05
-5.778634683642646184e-06
3.227054122316630382e-03
-3.409572720996359088e-05
6.072451371000103954e-06
-2.757140965191130083e-03
1.788551569434224925e-05
2.932474163287923972e-05
-4.458731263021108865e-03
6.473492815301512204e-06
-2.176428354575184684e-05
2.837984372276614476e-03
7.072360951975668192e-06
-3.483233596080701340e-05
6.499540956506493633e-03
2.020184867844520310e-05
-1.899456197719441998e-04
-1.792448530463519336e-04
-2.765539709546203928e-02
-1.185570117868877738e-04
-4.574543678805660044e-05
-7.855223264379163084e-05
-2.808625785369192197e-05
-5.131689988506624688e-03
-4.349983983523068138e-05
-2.391224416208678641e-05
2.408913834318194793e-05
1.285635032329838743e-05
-9.347289921068858282e-03
4.497795331071257129e-06
9.328258009110256316e-06
2.202110683398946119e-05
2.299547649690660792e-05
-1.225188690494183677e-02
9.141772391644474956e-06
8.099036007697659264e-06
-1.446481788052843468e-06
-1.515598146721774934e-05
3.903549775173670994e-03
3.011627165587495026e-07
-1.977519454575000025e-06
1.239377982831689442e-05
-2.512963299481233082e-05
1.926673253375409903e-03
1.572943485053972655e-05
-1.813304478396065416e-06
8.373173977655879244e-03
1.554429103558166024e-05
9.824318229286416800e-05
-1.081445688209984007e-04
-7.777744121304400291e-06
1.676307489704779421e-05
-5.271035273652913133e-02
-4.806492969764105706e-03
-1.083484312399734048e-05
-7.309132773274416373e-05
2.489578683631196460e-05
4.071282536988421016e-06
-7.183654112256821999e-06
3.024662924432926572e-02
4.271520017833371069e-03
7.982564326657306039e-06
8.945217706976538175e-05
5.398766409761546464e-06
-5.562247778643242929e-06
2.953431633707532806e-06
-2.688500872522454205e-02
-1.395072236092015975e-05
1.579132890714315730e-06
3.133376616134725908e-06
2.205906030899597338e-05
1.734828792190173377e-03
-4.114054141309204834e-06
3.093650872924606982e-06
-1.167379538867995288e-05
1.334835284998611695e-05
-2.807494106633559472e+00
1.891708174767272599e+00
-3.524502072012519749e-01
1.605085067286753819e+00
1.362185908053762162e+00
9.458343367507868749e-01
4.257375677064706432e-01
1.670574232824046934e+00
-1.615450394169523605e-05
1.384292516589385872e-04
8.617106410481614005e-05
-3.131973901333904539e-05
1.598234882480144108e-03
2.026580680815719658e-04
2.922296544060632331e-07
-3.421832614632882436e-03
1.399589327086518534e-06
8.231272266559302051e-06
1.706754279162325198e-03
-7.030219145385440157e-06
7.439621399211511865e-06
3.075539030583621537e-03
-2.914123541650067219e-06
1.397035284321922170e-05
-6.321998507571942490e-03
-2.647750071498689589e-05
-1.122445554416845405e-04
-1.883304711397568545e-05
-9.351813970360271788e-02
-1.283619053820758021e-04
-9.272121861000543245e-05
-6.144351026039338753e-06
1.474263440579624429e-05
-2.103727014896713404e-02
-1.346327760532124772e-05
1.068236087068756050e-05
-6.573962911694782908e-06
-9.914776966654356680e-06
-4.354963839554441482e-03
-3.597947779692564304e-06
-1.025947290347144610e-05
-8.425946140419044307e-06
-1.086394585733835926e-05
-2.619415751996039161e-03
1.406424415670074997e-06
-1.077635115189861323e-05
-1.481505907631754930e-05
-1.364400835949964661e-05
-3.635192750535963004e-04
-5.848318925585548284e-06
-1.623896019666936345e-05
1.228226054293828670e-05
1.105487073156778699e-05
-5.801493667126928367e-04
1.361749806631932976e-05
1.410570100999731529e-05
-1.005574153553269977e-02
-4.583747817020811569e-05
5.609710788767916607e-05
2.308079672371855014e-05
-9.730826447826087665e-05
4.852328172026005844e-06
6.328749576542717914e-02
2.522476896807528471e-03
3.096393283018787190e-05
-4.354196554023970266e-05
-2.437636854298712036e-04
7.930790109588924856e-05
-1.291661024519047476e-05
-1.585340247565859839e-02
-6.647327194972615927e-04
-3.620108328851662834e-05
4.071116872439385550e-05
4.100177032470783429e-04
-9.111655577804103417e-05
8.058737792076547534e-06
4.155274745068942774e-03
-4.077521351421871089e-06
-1.506090666443525774e-05
6.095445548745882563e-06
-4.571644367621903546e-06
2.395382422259960658e-03
4.128647964341848609e-06
1.602489952156343101e-06
1.431551001103047378e-04
-2.847538947222606046e-05
-3.325507837237488662e+00
4.609994227649029774e+00
1.492330580816463970e+00
3.789680931788468043e-02
-2.043291167531471775e+00
2.509238995680485473e+00
1.331903329702614824e+00
3.618108013430622716e+00
1.618375463572376796e-04
7.620594004695358317e-04
-1.092409920878548109e-04
2.217379110205261428e-04
1.547641551549005026e-03
-1.428033275303659149e-04
4.920603803667091599e-05
3.208396412228448069e-03
-1.549899800649667464e-05
-2.906180080790428074e-05
-2.748696602044516796e-03
1.056781864192871152e-05
-3.882035355325225124e-05
-4.451879232231223567e-03
2.600706162772477414e-05
1.365244659808024767e-05
2.838319859615436296e-03
-1.563236623537570745e-05
1.050593598280350556e-05
6.505677214645760875e-03
-2.227575298786525947e-05
1.062676617209795833e-04
3.417422285391389703e-04
-2.774928642660470790e-02
-1.812677677543224493e-04
1.108159850101061837e-04
3.660750485455921009e-05
8.595668493479963429e-05
-5.162646639919616330e-03
-3.575085433106510192e-05
4.486890702834838937e-05
-8.793783265038049724e-06
-1.930132103487285986e-05
-9.343848405532505230e-03
1.181700501767963000e-05
-1.314858429805636008e-05
-8.499947762040677027e-06
-3.594991265185930280e-05
-1.224135542650852879e-02
2.146303494262028738e-05
-1.217465336600684499e-05
-1.715458860762898836e-06
1.546857040578962668e-05
3.899216975243145842e-03
-1.228140919162071490e-05
5.724012162814617237e-07
-1.423579352533609955e-05
5.846337776244560499e-06
1.929236591613149284e-03
-1.586948112522814524e-05
-8.083499068904800795e-06
8.375253510768761525e-03
1.043227431594371345e-05
-9.296761903870810403e-05
-9.247096390731517242e-05
7.768889871107855730e-05
-6.532033219245802824e-06
-5.269596848856820948e-02
-4.809051207209030267e-03
-5.881742538214197573e-07
7.133034296965649619e-05
1.508583689606776820e-05
-5.833004440807027142e-05
5.374643357441309048e-06
3.022970567162055339e-02
4.275111950189911837e-03
-3.024771777679977549e-06
-8.652524164593026470e-05
1.661355458032915408e-05
7.124344871048181131e-05
-4.393459857128904775e-06
-2.686161297669659165e-02
7.226375971151054075e-07
2.149745435058707960e-06
1.835222857597081180e-06
-1.771476924159417319e-05
1.735998431187242043e-03
1.680571703185571031e-05
-1.280933618761570782e-06
-8.345415202095719435e-06
-9.950361534911238961e-06
-2.807490770242582201e+00
1.891706152043424849e+00
-3.524463915550483661e-01
1.605079144391719392e+00
1.362188882987727112e+00
9.458379368842313450e-01
4.257373809987362034e-01
1.670572519921330823e+00
-8.505764107830605036e-06
1.690576404779126670e-04
7.560918928849538756e-05
-7.249548181408374887e-06
1.663233188299776451e-03
1.765936558583376453e-04
9.453523881732094084e-07
-3.426520283305643441e-03
1.111502778487560409e-06
1.379661717150876854e-05
1.699142692447335422e-03
-7.361197058757090808e-06
1.330817425919013669e-05
3.069857525476179117e-03
-3.716063758151050450e-06
1.986018362968800657e-05
-6.338876187006173800e-03
-2.490524789638505281e-05
-1.682863534776395955e-04
-6.862210117935891240e-05
-9.352706076877985442e-02
-1.053425643236902847e-04
-8.309308068445695784e-05
-1.584781724684342650e-05
2.454411708507359130e-05
-2.105639432715533318e-02
-1.394942022036909279e-05
9.383882680388345036e-06
-7.729377290829417681e-06
-1.973537232257447738e-05
-4.346813511458456902e-03
-1.328012309331700117e-06
-9.113055069080693021e-06
-1.103317299032388269e-05
-2.024079101809857649e-05
-2.610067006907201576e-03
3.062777274811871834e-06
-9.607201154019264763e-06
-2.057827046018731538e-05
-2.736505056042475671e-05
-3.539348726673149600e-04
-2.597682809196186730e-06
-1.450989336399432726e-05
1.664683323562099964e-05
2.446049743877472436e-05
-5.850588604935206844e-04
9.609749877830629371e-06
1.257136846004723138e-05
-1.004700052804622865e-02
-8.715322165198154266e-05
8.153175708327000651e-05
-3.542276225000867782e-05
-9.197601238910801101e-05
3.748986073736856623e-06
6.334612145096937819e-02
2.516316715992528066e-03
6.288487411754377224e-05
-6.242408040986624918e-05
-1.973415669760371577e-04
7.472042026596297025e-05
-1.111515215961410619e-05
-1.589313461228293242e-02
-6.583231733187441684e-04
-7.061498288252328023e-05
5.408460739837968637e-05
3.603315923044043381e-04
-8.425984449872007996e-05
6.759622017535603681e-06
4.196083290895844496e-03
-1.028246153955409735e-05
-1.691276633451615916e-05
1.050626344531499542e-05
-7.456065274110584059e-06
2.398323334178941411e-03
4.154885304695588402e-06
1.559922880364796841e-06
1.315999906319575258e-04
-2.300031156014357319e-05
-3.325508553339667550e+00
4.610018031286272411e+00
1.492329455280847483e+00
3.788281033768671480e-02
-2.043277082665522659e+00
2.509220983315591180e+00
1.331905217308002598e+00
3.618116606111018818e+00
1.978457333969305208e-04
6.472050999442985862e-04
-1.076122087372382273e-04
2.743505542883202400e-04
1.395278979812126629e-03
-1.433693764135759432e-04
6.851255271571816193e-05
3.174971722394046882e-03
-2.213469883888465755e-05
-3.976499818461021163e-05
-2.733928449493827195e-03
1.388774714429961414e-05
-4.753116981654541772e-05
-4.423858337292965390e-03
2.567781717752939472e-05
1.370460477508392074e-05
2.825165983627021121e-03
-1.294967349835669159e-05
5.790473097794137441e-06
6.492622844152150935e-03
-1.615831763509541452e-05
9.212982158298789264e-05
4.393040958333449021e-04
-2.798875791476453101e-02
-1.960427626630963094e-04
8.648010708822499151e-05
2.784496826257091087e-05
1.150197126835353600e-04
-5.227217961346383723e-03
-4.331105440225155588e-05
3.431907651411774258e-05
-5.108315023456474357e-06
-2.410754577025425792e-05
-9.332394204788426600e-03
1.205002167198327754e-05
-9.724418474906420450e-06
-5.322306686688989900e-06
-4.513491619014340365e-05
-1.220953824660635754e-02
2.209838696380904297e-05
-9.078966492285724352e-06
-2.826265975887742488e-06
1.802098617144182746e-05
3.880558269530200340e-03
-1.136661933928444859e-05
2.061842117519720671e-07
-1.621811198178933639e-05
1.680604575600124775e-06
1.914183628273901728e-03
-1.116375609419218916e-05
-7.017417164867485342e-06
8.371681633810886328e-03
1.923134858159832199e-05
-1.065337996215264004e-04
-1.252207666589742578e-06
7.065463244802604311e-05
-3.196319909645873962e-06
-5.271865252596406176e-02
-4.807388509587741908e-03
-4.059747445348496793e-06
8.231625654521957313e-05
-4.966708056330731112e-05
-5.343659597948774025e-05
3.508563300489358911e-06
3.024030529395063671e-02
4.275120233832484067e-03
-1.855786628822049995e-06
-9.961165723455760862e-05
9.709281047990135681e-05
6.510846911983350204e-05
-3.254812656466288156e-06
-2.686167901371967065e-02
-1.987639533132337439e-06
2.728488115043482000e-06
3.480885214455913300e-06
-1.932646516705932864e-05
1.753201996536704523e-03
1.466651322033223786e-05
-5.853797514369081321e-07
-5.097674596059536340e-06
-6.238885619159009392e-06
-2.807487714558130509e+00
1.891701191828168316e+00
-3.524427025188703877e-01
1.605071942032510357e+00
1.362192027997330745e+00
9.458416898604290468e-01
4.257371785048831847e-01
1.670571250486050374e+00
1.153751217496395439e-05
1.871608527110717732e-04
4.761994383550682667e-05
4.224958331703103853e-05
1.699463530333412183e-03
1.105536525063924069e-04
1.470970913783756435e-06
-3.428994583918627305e-03
6.356314154754916122e-07
1.445438347126717697e-05
1.691188994765525965e-03
-5.126111907084459379e-06
1.485780668259710461e-05
3.062413933566379524e-03
-2.749908000728746420e-06
1.691847202650904208e-05
-6.353282297521729502e-03
-1.662801489534909469e-05
-1.616337169530336192e-04
-1.126259519243096144e-04
-9.350603789400897814e-02
-6.354902707382935486e-05
-4.814227379304537890e-05
-2.166610787671655785e-05
2.553462163937199369e-05
-2.107438198186891223e-02
-9.724140453614644260e-06
7.099190477918092038e-06
-5.365054777558330508e-06
-2.410827417800928961e-05
-4.335223784586832163e-03
-7.284448128770263991e-08
-5.731041882512530263e-06
-9.044267530526286679e-06
-2.344955697464326806e-05
-2.597880194662939308e-03
2.701231816091492977e-06
-5.966835976184960067e-06
-1.817711262432843115e-05
-3.362722701791357729e-05
-3.389805495420569444e-04
-5.841883384339630351e-07
-8.852492055359762876e-06
1.428291312896833596e-05
3.215419660519572374e-05
-5.964024073333218032e-04
5.096325852996786668e-06
7.641336517859160146e-06
-1.003608388219831733e-02
-1.015889494866892544e-04
7.166672341808399634e-05
-9.568367221868918568e-05
-6.095130413860794764e-05
6.445839938882406744e-06
6.341868993013076439e-02
2.507854118110188629e-03
7.641584721765325714e-05
-5.382894112871641524e-05
-1.535229693610405048e-04
4.945577229952877180e-05
-1.041654703480716678e-05
-1.594740571671606974e-02
-6.490158528081602096e-04
-8.370503755252394211e-05
4.112949153973568427e-05
3.179039990562666654e-04
-5.515695464773227619e-05
7.805665856927772436e-06
4.255001700034134401e-03
-1.691650681201410086e-05
-1.814666134750074884e-05
1.143500745551510894e-05
-7.562933338654958550e-06
2.403488330992999567e-03
2.780704924446977572e-06
6.228856766017657951e-07
1.231766284315861080e-04
-1.250070887765853712e-05
-3.325509552409855463e+00
4.610042345268940522e+00
1.492328576709316179e+00
3.786836010865272939e-02
-2.043263285542299634e+00
2.509202559333282956e+00
1.331906892819354926e+00
3.618125202822142672e+00
1.626810313310106718e-04
5.379796947083441893e-04
-6.853188515418003979e-05
2.282791345424094545e-04
1.248488284368343615e-03
-9.270971529991440250e-05
6.319365850877854197e-05
3.138089422641536941e-03
-1.760593159836886329e-05
-3.617744368369826390e-05
-2.717533817778897826e-03
1.059874592765721467e-05
-3.914487818822529497e-05
-4.397563941228054864e-03
1.637035927161600488e-05
8.814591429980689235e-06
2.814680916514244232e-03
-7.021259198445738829e-06
-1.038574015198803471e-06
6.485256923901422388e-03
-7.403336669945458015e-06
4.696829181075046471e-05
3.788328781226063752e-04
-2.823212692670427210e-02
-1.324116913544523956e-04
4.574924168355547780e-05
9.979341694873590130e-06
1.027439603494274654e-04
-5.295877276045189361e-03
-3.127081795606730948e-05
1.794920196307334083e-05
9.441895096364714673e-08
-2.023018110281112059e-05
-9.321297798483280453e-03
7.820346590841004749e-06
-4.870274624146706152e-06
-5.178621937836535157e-07
-3.807689407485513220e-05
-1.217821017097317493e-02
1.444516291653586432e-05
-4.614207271684469137e-06
-2.876279463852873698e-06
1.408556450426383749e-05
3.863167486465677453e-03
-6.851905380004172510e-06
7.442894985468308207e-08
-1.242515002591625453e-05
-3.106131460495263536e-06
1.903351212966552337e-03
-4.954900405409666928e-06
-3.848593968833593944e-06
8.369878736593176077e-03
2.077089037834239791e-05
-8.172803945179403246e-05
8.098381569810939300e-05
4.188150642073802107e-05
-1.169869332087202616e-06
-5.272942778389073937e-02
-4.807384295485837671e-03
-5.858203736053451254e-06
6.367644154578201146e-05
-1.072946528443997080e-04
-3.190224260128691287e-05
1.649884825513870729e-06
3.024002293198126481e-02
4.277018278162326125e-03
-1.760628628365499173e-07
-7.686090468181750281e-05
1.681527559505294677e-04
3.880284698714550504e-05
-1.655416394357123733e-06
-2.684948631645047573e-02
-4.242484155681215078e-06
3.500248981091619400e-06
3.757642852459503773e-06
-1.397115113028457398e-05
1.767656004722081712e-03
8.388659765146636111e-06
-1.924690541774806516e-07
-7.103660750191798737e-07
-2.037087883366843334e-06
-2.807485927658410763e+00
1.891695489202779523e+00
-3.524403701410963596e-01
1.605066126897036760e+00
1.362194246543165121e+00
9.458442958503237019e-01
4.257370317070938159e-01
1.670570777703383802e+00
2.281933294125087607e-05
1.888002611307728837e-04
1.936878829603364146e-05
6.542399885368605590e-05
1.699697677932805609e-03
4.618105377030373807e-05
1.376422925578215298e-06
-3.428780534413744790e-03
3.584056986942742640e-07
1.001500223691331486e-05
1.685655423848812480e-03
-5.313678486960802958e-07
1.095185627918990016e-05
3.056046064314058616e-03
5.460604396854302957e-07
8.924005155554353189e-06
-6.360753808857731034e-03
-5.177349278696977458e-06
-1.001562611909292987e-04
-1.073733721968734227e-04
-9.346744787967241341e-02
-3.596586856668526188e-05
3.898813114238536948e-06
-1.810344860434667946e-05
1.754202045468116760e-05
-2.108532683107509215e-02
-1.297604983663034570e-06
6.568705963324527996e-06
-1.837903450109818068e-06
-1.916886845992983170e-05
-4.324727591450213023e-03
-2.402641643176086348e-06
-1.611874937699225495e-06
-4.478588646754282299e-06
-1.786332229158760137e-05
-2.587484171161898161e-03
-1.252243757728659952e-06
-1.236631732025720221e-06
-1.010872679095683666e-05
-2.687528073354693964e-05
-3.246663224573243900e-04
-3.541642152564138891e-06
-1.133419211681483472e-06
7.618090743112941620e-06
2.697766514982142774e-05
-6.092068424052118252e-04
5.162728560150532133e-06
1.061255355933197639e-06
-1.002717964327824209e-02
-7.574554515886844743e-05
3.973070326766038910e-05
-1.368470138721104368e-04
-1.683269216361380269e-05
1.834468053787645793e-05
6.347804353330033234e-02
2.500365503204266069e-03
5.893607703692973880e-05
-2.889623810526922100e-05
-1.267558211807582008e-04
1.410549477320119095e-05
-1.639418962935813745e-05
-1.599524691754554764e-02
-6.404696686979699993e-04
-6.338722090080296117e-05
1.722213321225033849e-05
2.958778645960352823e-04
-1.759528773319074863e-05
1.631106392320469153e-05
4.308892698420489775e-03
-1.690967266741835224e-05
-1.847496641567721975e-05
7.996000671297045744e-06
-5.140952872745614016e-06
2.408681041180503208e-03
3.178133755577318870e-07
-1.409589921467885955e-06
1.201760736990810678e-04
-4.787481088235954065e-06
-3.325510325454228422e+00
4.610057695159717639e+00
1.492328165409835927e+00
3.785915646829356163e-02
-2.043254887774728079e+00
2.509190913795011912e+00
1.331907816810780965e+00
3.618130534918734043e+00
7.203059339773002802e-05
4.732551166133342315e-04
-3.425833492843631931e-06
1.023301631003532960e-04
1.160419580129635076e-03
-4.300084964631447613e-06
3.117136477444481824e-05
3.113345897509889326e-03
1.709972022956165077e-07
-1.763056744829304110e-05
-2.706477400203240874e-03
-7.164767466843405455e-08
-1.735741373833617012e-05
-4.382181464674305728e-03
7.719906617591279558e-07
2.768739579168354956e-06
2.809624765567020951e-03
-8.059490423660412709e-07
-3.136830881596028158e-06
6.483780342245734976e-03
-1.469235427681573453e-06
7.367189093971612529e-06
1.757906773123587554e-04
-2.838523284555470247e-02
-1.089797072225139370e-07
8.944008905920462923e-06
-1.407504059525869689e-06
4.922543000186174462e-05
-5.340674293788941207e-03
9.700875699523281912e-07
4.511318059692099484e-06
1.903289180734264892e-06
-9.137457644398670729e-06
-9.314607907541924345e-03
1.680900752404556592e-07
-1.360077037309281519e-06
1.458268255684669242e-06
-1.729407910302952360e-05
-1.215904397176369341e-02
2.576023851618666195e-07
-1.289941692960742639e-06
-1.466104693104113488e-06
5.899597643749371154e-06
3.853067856889775232e-03
-4.206704724345951740e-07
4.168850015661752920e-07
-4.884529207708853240e-06
-3.435528923903631653e-06
1.898923012010636470e-03
-1.302168938671917546e-06
3.528541445729365636e-07
8.369714458398284929e-03
1.099114328922363651e-05
-3.345652600511372601e-05
1.270904904647625041e-04
2.718886309114366938e-06
-2.857972577754981581e-06
-5.272969592733231514e-02
-4.808290354434027920e-03
-3.602426796099766740e-06
2.633120061460382299e-05
-1.391965809671556905e-04
-2.008601211383367931e-06
1.188970137535072148e-06
3.023388869009856206e-02
4.279233465466288251e-03
5.301926138663184191e-07
-3.169258341169596852e-05
2.071685913637380679e-04
2.505272564122790101e-06
-4.614349302600503511e-07
-2.683516942396410587e-02
-3.211070306416529423e-06
4.089036444618763290e-06
1.981313043375478666e-06
-5.317789970315626470e-06
1.775159122531499165e-03
7.659598317486085991e-07
-5.209632607669981751e-07
2.618538535919792787e-06
-4.207506272125106174e-07
-2.807485552069764356e+00
1.891692608613193327e+00
-3.524397745611750343e-01
1.605063942510853048e+00
1.362194940336302951e+00
9.458450901919910336e-01
4.257369837922428402e-01
1.670570840444356442e+00
9.447386999761548179e-06
1.837886315206934285e-04
5.169383569060480707e-06
2.558865479946985716e-05
1.687218628509512975e-03
1.688603013565925795e-05
4.447105942164062248e-07
-3.427735970430732630e-03
4.895491123482819429e-07
2.594331924092100495e-06
1.683962244339222251e-03
4.904147616928458349e-06
2.986213173826248584e-06
3.053492613410606262e-03
5.302600791110437710e-06
1.671905166816789141e-06
-6.361736425811183836e-03
4.720573602755206020e-06
-1.639845860844912353e-05
-3.474298791301041740e-05
-9.344352797936278376e-02
-4.155670312366061301e-05
5.592931507298674301e-05
-4.371994848708658018e-06
4.509864511026532801e-06
-2.108788131925692574e-02
8.488208436971429055e-06
8.746333351617201543e-06
1.325266918758002477e-07
-5.550057169280507219e-06
-4.320286711581139069e-03
-8.369692854602618423e-06
1.641112562301873105e-06
-3.957260911005844927e-07
-5.011873329086767042e-06
-2.583334176947592927e-03
-8.035540187001802233e-06
2.826356940837330002e-06
-1.303436704273302207e-06
-7.809977489232022390e-06
-3.183108104644305730e-04
-1.169857724918545199e-05
5.897672961261357042e-06
8.911045279031216054e-07
8.099997009371002132e-06
-6.156065122162122493e-04
1.136290764248761449e-05
-4.801696311789338967e-06
-1.002381571239793420e-02
-1.619205795796185864e-05
7.936462648973994908e-06
-1.490602045244953343e-04
2.259834406517177593e-05
3.772120671046406032e-05
6.350071031072385130e-02
2.497266457645768226e-03
1.309186201198901463e-05
-5.495361040806182305e-06
-1.204760499834283966e-04
-1.679006937374330884e-05
-2.910793599744337140e-05
-1.601497632134124896e-02
-6.368143037944138654e-04
-1.379474797737762858e-05
1.791056925334084208e-06
2.929600212962735423e-04
1.215961327767656185e-05
3.147638933849361602e-05
4.331887368469379551e-03
-6.326080553919159027e-06
-1.833194120266870450e-05
1.570109831402795710e-06
-1.297492493880592866e-06
2.411070470742598081e-03
-2.496524903200882296e-06
-4.130839419478004687e-06
1.206730134398288818e-04
-4.883443639377679416e-06
-3.325510325762816688e+00
4.610057696423775830e+00
1.492328165371525905e+00
3.785915563466926703e-02
-2.043254887408701759e+00
2.509190913107077314e+00
1.331907816768098662e+00
3.618130535192811692e+00
-3.386396149084229079e-05
4.732536619179384058e-04
6.242865253541722667e-05
-4.882277081050400845e-05
1.160417601649121975e-03
8.796469390378669831e-05
-1.649112231465942003e-05
3.113344811820854992e-03
2.538768706997495910e-05
9.225048439829088381e-06
-2.706477065778332535e-03
-1.453107933182083694e-05
8.180063444067321114e-06
-4.382181094999093411e-03
-1.506983635902779918e-05
-6.383862512986625404e-07
2.809624962178739610e-03
2.895718581482246806e-06
3.043758221315669213e-06
6.483780990500588419e-03
-1.573680636461014752e-06
1.899522335993038774e-06
-8.768734505582659268e-05
-2.838523777807103188e-02
1.523429929427580715e-04
-7.891030010413604219e-06
3.787496358710964593e-06
-2.542051855973737358e-05
-5.340676765955859433e-03
4.215735584913445717e-05
8.784874113296371970e-08
-2.204638403844057854e-06
4.418532358002681691e-06
-9.314608019629889990e-03
-7.997909548038851306e-06
-8.619088714445718606e-07
-1.808504902058715605e-06
8.414693518303055340e-06
-1.215904360110599963e-02
-1.510775467089301382e-05
-6.673076030467196885e-07
1.026139356685933470e-06
-2.582354906828504678e-06
3.853067767266389262e-03
5.321180723884647598e-06
1.154140303124775442e-06
2.816389522628959387e-06
2.842933653562694069e-06
1.898923316050909462e-03
-2.321512554295018334e-06
3.958944026696844422e-06
8.369715448770376556e-03
-7.961336100180409117e-06
1.418026392596379633e-05
1.270904826520923969e-04
-3.068949135326576349e-05
-8.097688748008006834e-06
-5.272969501114260771e-02
-4.808291050673153301e-03
2.826951945886730265e-06
-1.131955098503219782e-05
-1.391966375713733686e-04
2.399769466767100260e-05
2.528619799048691853e-06
3.023388781449685633e-02
4.279234253544113471e-03
-6.609355652231246184e-07
1.356571590809276968e-05
2.071686245900918109e-04
-2.889426314036526282e-05
-2.327421386197029409e-07
-2.683516849001368540e-02
1.931537825725005088e-06
4.089034060043108510e-06
-1.419753045982506734e-06
1.992282669296843216e-06
1.775159024027918005e-03
-4.992013625967362870e-06
-1.484852464390241952e-06
2.618605118952784951e-06
-2.682343783311934105e-06
-2.807485927938773163e+00
1.891695488795266167e+00
-3.524403704464935116e-01
1.605066126916412594e+00
1.362194246477395287e+00
9.458442956969853599e-01
4.257370317378105229e-01
1.670570777871816848e+00
-2.873680074692697744e-05
1.887966860174316631e-04
8.965824857859121431e-06
-7.438631413187448630e-05
1.699689555418186157e-03
3.020422491336808204e-05
-1.043991028236717059e-06
-3.428780265940270001e-03
9.229734241578268468e-07
-4.479011753591553818e-06
1.685655729636098381e-03
9.069916181034577910e-06
-5.744273291042533752e-06
3.056046208466091374e-03
9.608730522840126640e-06
-3.979052904346324129e-07
-6.360752290572338659e-03
9.494718008682900847e-06
5.019592008288164501e-05
8.479923039513118143e-05
-9.346744373359687497e-02
-7.500317595326197028e-05
8.927970439731030693e-05
1.473563722269489537e-05
-7.642385948520191881e-06
-2.108532524173711495e-02
1.584511840552980458e-05
1.239260832488944374e-05
-9.171020341243728584e-07
1.166050863937898805e-05
-4.324727653858485149e-03
-1.539966072030857320e-05
3.006667858496354982e-06
8.842126357042749977e-07
1.001112976863097194e-05
-2.587484495293754065e-03
-1.484633947993176018e-05
4.890514402375752666e-06
3.688506020906955182e-06
1.649628652113236039e-05
-3.246664018529709685e-04
-2.150784025167315036e-05
9.852942347912762406e-06
-2.285973586037089362e-06
-1.794996868919546080e-05
-6.092072593158291824e-04
2.078727159957367170e-05
-7.962555981522254355e-06
-1.002717936321831892e-02
5.372778787454184849e-05
-5.230022144468044756e-06
-1.368431213409912819e-04
4.293838598727022350e-05
5.644822532626980792e-05
6.347804189410852227e-02
2.500365211888528911e-03
-4.364775570942337426e-05
2.251539961216572740e-06
-1.267593319643632490e-04
-3.204223530004179617e-05
-4.284862466838144110e-05
-1.599524747507800534e-02
-6.404693432320832276e-04
4.580566932830230242e-05
6.595381728832277835e-06
2.958822441676314504e-04
2.366004385064867825e-05
4.673937818075095076e-05
4.308894233648251533e-03
1.254534229014121042e-05
-1.847462688405058292e-05
-5.130135463948279448e-06
2.294011147311570340e-06
2.408681165127276626e-03
-4.612031140737513221e-06
-6.340451930302612275e-06
1.201781103609768001e-04
-1.239312775952113065e-05
-3.325509285489759659e+00
4.610042226270953947e+00
1.492328313869531353e+00
3.786857935637492900e-02
-2.043262774243689961e+00
2.509202676701609569e+00
1.331907132486389589e+00
3.618125336925167801e+00
-1.104583108280742085e-04
5.306671925699068182e-04
1.027221768064061959e-04
-1.617742191334387708e-04
1.240682536640175986e-03
1.468803239838192408e-04
-6.018374702256121012e-05
3.141031255204835421e-03
4.708613754834654907e-05
3.333236549925851602e-05
-2.718933660496868337e-03
-2.656435320821549855e-05
2.673898452339732029e-05
-4.395430241053021811e-03
-2.482303431016406046e-05
2.056839530357759376e-07
2.811829455169611268e-03
2.907660552427431641e-06
1.533599845042798234e-05
6.479407186611971063e-03
-6.964682240014954736e-06
3.409818052578270195e-05
-3.020825090793228715e-04
-2.823199046840162846e-02
2.618627393268446670e-04
-1.179787136388783509e-06
2.397557535047430138e-05
-9.033629876746298280e-05
-5.292907152673768066e-03
7.479413637523360460e-05
5.008460651140270432e-06
-1.070702876022724652e-05
1.477279488394498850e-05
-9.320756596225564933e-03
-1.337178101668926225e-05
-3.099708276353394957e-06
-9.125722674656528056e-06
2.830610281755663985e-05
-1.217721717106978394e-02
-2.539437098965329197e-05
-2.569717244127198957e-06
3.583926744524530373e-06
-7.741694799022722729e-06
3.861628115614777063e-03
8.170305368821217430e-06
1.930638996054492799e-06
7.424700713944539758e-06
1.341206935869638634e-05
1.898960099214097759e-03
-7.051595531544210570e-06
5.624679345683348539e-06
8.368061528860857440e-03
-2.840281148264435927e-05
4.064516175031340095e-05
9.137299769416105683e-05
-4.568610349816908995e-05
-1.424213232349778096e-05
-5.274153655972630556e-02
-4.805713381615427278e-03
1.084943568215521317e-05
-3.309220640833202345e-05
-1.153500920892869730e-04
3.619501448047498040e-05
4.862502657560726740e-06
3.025093088679287751e-02
4.275154900981796742e-03
-3.306671294750234324e-06
3.945833151811866914e-05
1.786702646531922330e-04
-4.344755046118342276e-05
-9.251124899166003252e-07
-2.686158746760915206e-02
9.293200304962456922e-06
3.346584180795634210e-06
-5.078143576552939955e-06
4.847836049134991845e-06
1.770526341790458697e-03
-6.869336641226942850e-06
-2.583559358573977353e-06
-1.810389031998765115e-06
-7.569158295799109841e-06
-2.807486082337557143e+00
1.891704657720730154e+00
-3.524411152102588374e-01
1.605071592491754906e+00
1.362192882426330076e+00
9.458427995642004760e-01
4.257371318893367063e-01
1.670569981575350749e+00
-7.482659274355069924e-05
2.163357374737480659e-04
2.290384102998972799e-05
-1.905045691090019263e-04
1.764436591488912406e-03
6.541741557018399184e-05
-2.429925835005477796e-06
-3.433945944827245401e-03
1.342129585292837387e-06
-8.361684257783474016e-06
1.688868419542647204e-03
1.034772350316430350e-05
-1.166607369823837549e-05
3.062856212573206519e-03
1.150389142745501298e-05
3.274397529606954351e-06
-6.363126031518949108e-03
8.512277792525660731e-06
7.430560297925538089e-05
2.005254585096744914e-04
-9.355212572743963617e-02
-1.107068660562839731e-04
9.360672480097950005e-05
3.096285069077413655e-05
-1.408198676764005450e-05
-2.108310745966754385e-02
1.798302616309338344e-05
1.477001056902983901e-05
-4.272904650713500664e-06
2.532767030696301489e-05
-4.337135736100993302e-03
-1.970025226069184563e-05
2.573869486547835175e-06
-9.053828149173277502e-07
2.103242954420338957e-05
-2.598508398109406359e-03
-1.834532173405499424e-05
4.702991024431439789e-06
3.188445949904280055e-06
3.595767416188133041e-05
-3.431503944440411971e-04
-2.762414599629432014e-05
9.902121105814402097e-06
-9.702538292585279707e-07
-4.027934970289888660e-05
-5.890092786787349665e-04
2.775562792288056627e-05
-7.866260229160230695e-06
-1.003576178529522536e-02
1.048275442404382972e-04
4.232549163398850305e-06
-1.149531160115780520e-04
4.065963718557894278e-05
6.419710833695423048e-05
6.342038437562634579e-02
2.508814683076363971e-03
-8.732990428507729670e-05
-7.913166546702910591e-06
-1.323345620209568025e-04
-2.935727527421066302e-05
-4.937677183637933815e-05
-1.594122993843834907e-02
-6.507395586267366704e-04
9.033033760577407686e-05
2.862938454437038603e-05
2.888090648374265577e-04
1.729600524134304997e-05
5.343553024900183740e-05
4.244068548270774413e-03
3.200348967698691844e-05
-1.946698517040136605e-05
-9.507133627449006349e-06
4.270987118968974694e-06
2.401244534954610418e-03
-5.258397386345674957e-06
-6.971666781482375292e-06
1.143512151205550533e-04
-2.185800527584837841e-05
-3.325507401076326364e+00
4.610017490465838641e+00
1.492328324894136804e+00
3.788377318272612149e-02
-2.043274895674195957e+00
2.509221510848332670e+00
1.331906247884072858e+00
3.618117173593991431e+00
-1.311737875220217149e-04
6.158883209626748231e-04
1.038635271703489235e-04
-1.961426642140195944e-04
1.361889035535855316e-03
1.514998538750018811e-04
-8.171571315593851811e-05
3.187643790664871669e-03
5.520768866585020493e-05
4.478182052494637203e-05
-2.739975967341700194e-03
-3.071413258228707240e-05
3.184776494527755960e-05
-4.414718297087739593e-03
-2.516888250608232099e-05
3.915667001443849172e-06
2.812898679356880954e-03
2.178824659293103242e-07
2.688906737042594554e-05
6.467423877337002448e-03
-1.347484960619725268e-05
8.056059525367714736e-05
-3.851594682485628518e-04
-2.798782732595925249e-02
2.843489642229101973e-04
1.877523381372041167e-05
4.655170364676191214e-05
-1.193683892120606923e-04
-5.214341777978640652e-03
8.458257768934987248e-05
1.396119961065302800e-05
-1.875671843843261413e-05
1.813559935996530284e-05
-9.330084932797371236e-03
-1.396210242899037001e-05
-6.080352757081719082e-06
-1.625906099914124569e-05
3.503940639171365776e-05
-1.220530540618164177e-02
-2.673349594178520751e-05
-5.247275504371565200e-06
5.056784199435918287e-06
-8.117344552662675400e-06
3.873947751962433274e-03
7.462346796282446133e-06
2.313169312229597385e-06
7.643649398588681768e-06
2.259679192171213112e-05
1.895274187542242764e-03
-1.207540493144237802e-05
4.993075593541993065e-06
8.363878576751809443e-03
-4.087933089693361193e-05
3.936031496906036410e-05
4.341540096619816817e-05
-3.959344405801767735e-05
-1.769883457862299244e-05
-5.277070941017090316e-02
-4.800157031107665263e-03
1.648825711614177472e-05
-3.320797055818823664e-05
-8.430516365381986589e-05
3.209148523726406744e-05
6.623747913008440104e-06
3.028753486176709309e-02
4.267029907536740510e-03
-5.846121138992210205e-06
3.923894837392807422e-05
1.423280164119716589e-04
-3.828725793434692377e-05
-1.872494009351498389e-06
-2.691422908704983394e-02
1.517248338588866904e-05
2.050691875647177615e-06
-7.339485048486941204e-06
3.105272577402918422e-06
1.765568464845359599e-03
-4.979682947226749895e-06
-3.188916443097812094e-06
-9.778144999666679195e-06
-1.198930330978939380e-05
-2.807485377767214185e+00
1.891717649242042887e+00
-3.524411502004839991e-01
1.605078016980511002e+00
1.362191699021247704e+00
9.458415955689312149e-01
4.257372275072999201e-01
1.670568323771611130e+00
-1.035276287122993038e-04
2.656305890748474844e-04
3.239997122842764411e-05
-2.601832727655049925e-04
1.878366046156191302e-03
8.670973398646092433e-05
-3.065087985539333858e-06
-3.442930760528219690e-03
1.400953232694868116e-06
-8.092228279163689102e-06
1.691482164713961449e-03
8.449851835156030314e-06
-1.268809499357255749e-05
3.071328442993764406e-03
1.004466579251101344e-05
9.122882385675167724e-06
-6.371378193401036963e-03
4.193142519921240132e-06
5.594234375499499670e-05
2.557578260919096246e-04
-9.367970969520039715e-02
-1.176605508876586595e-04
7.179991184975016141e-05
3.687320882435055671e-05
-1.330232256417914556e-05
-2.108521047641495616e-02
1.450817969942209813e-05
1.333929836381079223e-05
-7.552950343564698561e-06
2.969628129543453148e-05
-4.353190356566415120e-03
-1.836144776877434538e-05
1.374917220928560245e-06
-3.948848983181672172e-06
2.376610108442780785e-05
-2.612196312717837525e-03
-1.647064798372622276e-05
3.124989398202449788e-06
-9.403830695218779855e-07
4.233473974889778328e-05
-3.678001027592398063e-04
-2.586834549234730003e-05
7.082851276520269078e-06
2.869412271552653577e-06
-4.886103564011936044e-05
-5.605383808886418807e-04
2.701522919431479720e-05
-5.544215125839444295e-06
-1.004606909009310781e-02
1.163858891624201970e-04
2.487868618831331135e-05
-9.889768020528903834e-05
2.388762308867382371e-05
5.451096852471516528e-05
6.335148979139054726e-02
2.519564836973958201e-03
-9.937230579045321750e-05
-2.557698083046842637e-05
-1.274084566929320852e-04
-1.591900875038216787e-05
-4.276648063820383494e-05
-1.587246071454707225e-02
-6.640876978286539651e-04
1.013801663294954870e-04
5.177453963584712556e-05
2.641925296833907435e-04
3.347283657465284116e-06
4.584038781328881500e-05
4.159611049716215210e-03
4.247266385874693475e-05
-2.135040981233851437e-05
-9.937809608495922625e-06
4.186097590724283026e-06
2.390936460857470431e-03
-4.316747016977288807e-06
-5.687413786531109769e-06
1.025131234869015168e-04
-2.580737366835050584e-05
-3.325505277935824289e+00
4.609992913716112639e+00
1.492328076480409882e+00
3.789901175744465889e-02
-2.043286381782260186e+00
2.509240253211537652e+00
1.331905607942740710e+00
3.618109231896668110e+00
-9.913068696287575263e-05
6.931212228965054995e-04
7.172322348529315561e-05
-1.526709289030118153e-04
1.474284368357647521e-03
1.076255950616974543e-04
-7.306350916590879127e-05
3.236661741528087683e-03
4.584229773902546371e-05
3.958178862326245669e-05
-2.762189216332164819e-03
-2.514792095859420487e-05
2.417332430758863078e-05
-4.431734575435934687e-03
-1.746362441702460877e-05
7.012799718566342368e-06
2.811156138487837502e-03
-2.641099416159468780e-06
2.990154744091847770e-05
6.449805202396055072e-03
-1.591019388391464533e-05
1.047444283220890448e-04
-3.203958682858745808e-04
-2.774609854610436341e-02
2.175381688835369056e-04
3.418399339151680642e-05
5.506381396431649875e-05
-1.036064480868522606e-04
-5.133754002811965859e-03
6.795317307886785231e-05
1.918057618015432453e-05
-2.087977247534108298e-05
1.436713295413227346e-05
-9.338774757654214748e-03
-1.014303401997107073e-05
-7.293869241395984803e-06
-1.829783748587957668e-05
2.806774990508708418e-05
-1.223210932232649158e-02
-1.964229385280462042e-05
-6.432380010659885823e-06
4.749028531115897851e-06
-4.948960040437071819e-06
3.884631948689466329e-03
4.353398272551831997e-06
2.039795719818376310e-06
4.636884795185643818e-06
2.445052057429032417e-05
1.887336012501866387e-03
-1.348675198960968711e-05
2.855419059701863368e-06
8.357953305966087099e-03
-3.904766421201605033e-05
1.992859513947099894e-05
6.270610136493201103e-06
-2.072943496267685268e-05
-1.596526159365610004e-05
-5.281147621148555432e-02
-4.793021135534979681e-03
1.655889561562289008e-05
-1.841072712628141495e-05
-6.152055568828091966e-05
1.766644516185859133e-05
6.467889884495995904e-06
3.033444667938544129e-02
4.257168747674008186e-03
-6.606259164070833403e-06
2.129896869476508660e-05
1.166693127077108986e-04
-2.080186873729727832e-05
-2.310816425560101956e-06
-2.697816791432224026e-02
1.603150445116744899e-05
6.175195162606070285e-07
-7.089903892675356960e-06
-5.982148964876613061e-07
1.763383661974656609e-03
-1.414648745945292242e-06
-2.892578796858984799e-06
-1.870680251858721174e-05
-1.276374854005839083e-05
-2.807483949733703632e+00
1.891730000767658515e+00
-3.524403456176065097e-01
1.605083041195312532e+00
1.362191189722820273e+00
9.458412037036492137e-01
4.257372800994840834e-01
1.670566312220404637e+00
-9.500449582055215064e-05
3.208918881358909089e-04
2.490937576480403974e-05
-2.362867957519627709e-04
2.004769380911511096e-03
6.464491413844217519e-05
-2.592688519209939378e-06
-3.452849393685988345e-03
8.998591687374848645e-07
-4.903595626470780870e-06
1.692374164318526629e-03
4.555734922506007006e-06
-9.144880624974599829e-06
3.078425819613033344e-03
5.846186703033431304e-06
1.172750902538085986e-05
-6.383276745634681830e-03
4.687736634117081804e-07
1.936739557225669237e-05
2.189803847642590219e-04
-9.380726245513583417e-02
-7.857987524493599682e-05
3.827120323159354139e-05
2.954580219020358923e-05
-7.719181657613375085e-06
-2.109152375706965094e-02
7.667390807843822546e-06
7.360143266423197232e-06
-7.987863058202687185e-06
2.337316876356256750e-05
-4.367196006328922901e-03
-1.113058166758332140e-05
7.385550864891792411e-07
-5.415593676160689572e-06
1.793768233043219800e-05
-2.623619661222402998e-03
-9.671994275883457465e-06
1.601352937728059853e-06
-4.463230232048974040e-06
3.346708380708198470e-05
-3.899677718822882992e-04
-1.574617188972967155e-05
3.670420605276234952e-06
5.452359018019514665e-06
-3.985539717241126916e-05
-5.335935813542190629e-04
1.695296565318993439e-05
-2.980727313092239748e-06
-1.005431022772760100e-02
8.676118247442592807e-05
3.668182832605005423e-05
-9.577277138823957030e-05
7.510463367676193302e-06
2.933640239338443663e-05
6.329676182242337246e-02
2.528793524656995032e-03
-7.600759002448938251e-05
-3.409346099958992230e-05
-1.121879157022002656e-04
-3.921506181432988775e-06
-2.322072675192561180e-05
-1.581348671810835216e-02
-6.757990885186777787e-04
7.638335554204311677e-05
5.634747419741215941e-05
2.287622006019521259e-04
-4.380071367075583081e-06
2.479763663667780327e-05
4.085384301222554776e-03
3.790078565577140380e-05
-2.358680444061283095e-05
-6.961951853022064519e-06
2.621618065845178171e-06
2.381249657451771189e-03
-2.348668416285732852e-06
-3.044973196289966729e-06
8.826919042111715230e-05
-1.936322120683844786e-05
-3.325503655676426362e+00
4.609976551076359286e+00
1.492327697481946158e+00
3.790927614747770236e-02
-2.043293567421223589e+00
2.509252755072606256e+00
1.331905379649334975e+00
3.618104084495322503e+00
-4.319424175765403004e-05
7.383120495248003592e-04
2.820688622156498874e-05
-6.985139256642258516e-05
1.542347628524239934e-03
4.445697402615265075e-05
-4.030407575318905320e-05
3.271477037041211743e-03
2.357357933837371446e-05
2.154910931756458291e-05
-2.778028575928077459e-03
-1.274932508751295225e-05
1.061369471247519396e-05
-4.441270847174212492e-03
-6.943525638254371331e-06
6.095754279748118131e-06
2.807680693620110898e-03
-3.078068766958148639e-06
2.021581867456517028e-05
6.433370612458981855e-03
-1.109286980242544311e-05
7.822341242327365981e-05
-1.614098525689840516e-04
-2.758582085374000625e-02
1.021856453091057101e-04
2.983652887299584672e-05
3.881379210286915878e-05
-5.515279646785383789e-05
-5.078000438890664311e-03
3.407833905116407853e-05
1.491175655934231626e-05
-1.412627929346238419e-05
6.755968541302270808e-06
-9.344084744220304203e-03
-4.412284739269520695e-06
-5.153065770534928385e-06
-1.246976548617771934e-05
1.341072401250732663e-05
-1.224904705240206955e-02
-8.693871976852876504e-06
-4.636780934112109780e-06
2.765819272340866261e-06
-1.260391363734307202e-06
3.890459877818545475e-03
1.145826274112199169e-06
1.169007050835826387e-06
1.201499455131130958e-06
1.618177313074317862e-05
1.878513292772406636e-03
-9.151997440625534499e-06
7.109947113119956183e-07
8.352551361182283460e-03
-2.317522920692430174e-05
1.321934395053266025e-06
-9.803433925596640851e-06
-3.501291980931405863e-06
-9.162372371307216711e-06
-5.284833040381553548e-02
-4.786929714251592430e-03
1.028499742955196869e-05
-3.009792936833179051e-06
-5.302437637568686878e-05
3.794594775446582296e-06
3.979083236834728429e-06
3.037444659953715889e-02
4.249111974415009478e-03
-4.492486087077934452e-06
3.017410694614841888e-06
1.082581368724725498e-04
-4.208795301740090851e-06
-1.663927854698232865e-06
-2.703044220943702503e-02
1.039562509005510903e-05
-4.599393019815786054e-07
-4.243407572341995315e-06
-2.477944497723214915e-06
1.764217347196558828e-03
9.241934919429068896e-07
-1.679352053008215368e-06
-2.549600545520013220e-05
-8.383344396734306796e-06
-2.807482671585422640e+00
1.891737311499655183e+00
-3.524393909688361415e-01
1.605085396408283849e+00
1.362191239491958861e+00
9.458414012161914242e-01
4.257372894447072342e-01
1.670564873307482046e+00
-4.657080744382009448e-05
3.584100791285813785e-04
-2.328495334405428972e-06
-1.148098778784825051e-04
2.089963755218207653e-03
-5.517719524164502069e-06
-1.176203019998788962e-06
-3.459495163248712656e-03
-4.650035381152824060e-08
-1.365230656722035978e-06
1.691995160855549758e-03
6.804572584003997261e-07
-3.453451855897827822e-06
3.082079422968342797e-03
7.765375615006037616e-07
7.129834233361636371e-06
-6.392616485588770853e-03
5.594602450814458147e-07
-3.488392217317954529e-06
1.009543279487423229e-04
-9.388641104714740004e-02
-5.005373563268120968e-07
1.088108795171522606e-05
1.222610551118756011e-05
-1.948080965895238775e-06
-2.109771094095958324e-02
1.074655334434765949e-06
-1.478079539222325059e-06
-4.190011398043170475e-06
9.871978219439181889e-06
-4.374779389516110853e-03
-6.439092535299619297e-07
1.485194405479973461e-06
-3.259462103650878907e-06
7.203921893426000266e-06
-2.629480199772355788e-03
-7.389463736731766899e-07
1.313495302163598386e-06
-3.520392579985457690e-06
1.419676442525747449e-05
-4.023750947442047326e-04
-8.835650840030683484e-07
1.861565150583394679e-06
3.691162327317272016e-06
-1.750058700343668801e-05
-5.176995380759611114e-04
6.648000385729601933e-07
-1.934933985434790302e-06
-1.005828023079843522e-02
3.297517611131930949e-05
2.367081809918788983e-05
-1.009947580750718754e-04
4.430787556254959631e-06
-2.097379048797398768e-06
6.327022177488929311e-02
2.533677632770710633e-03
-2.983524829200898414e-05
-2.106539182201144694e-05
-9.716094397256471848e-05
-3.384071425181927776e-06
2.557869657718549531e-06
-1.578221069954827138e-02
-6.821761354459378269e-04
2.944553969091465598e-05
3.123373221679033725e-05
2.009528987761232787e-04
3.255646445291006674e-06
-2.153535535509993087e-06
4.044927587704688979e-03
1.891939648285517655e-05
-2.514178543069890242e-05
-2.455068586371881960e-06
7.533371405810278579e-07
2.375630337163157305e-03
-3.061067130126911150e-07
-8.822721698419204201e-08
7.811149146245205865e-05
-2.865082866633459728e-06
-3.325503067820414049e+00
4.609971440298922474e+00
1.492327495751410993e+00
3.791252825852890751e-02
-2.043295631982267491e+00
2.509256668942985158e+00
1.331905385295476973e+00
3.618102531287688439e+00
5.141864613412694428e-08
7.499816189436588456e-04
-1.098121174481799182e-06
8.671713304501094792e-08
1.560941764075112360e-03
-1.846934992199302761e-06
4.620403375712418039e-08
3.283194789186125000e-03
-9.977100818790959313e-07
-2.083447259390589730e-08
-2.783379111673476777e-03
4.610178545739020175e-07
-1.039769662482783843e-08
-4.443545901084360907e-03
2.303830882964938054e-07
-2.336707833166134235e-09
2.805694542291122234e-03
6.189005648926753682e-08
-1.100222747691708453e-08
6.426411803262091320e-03
2.680636005851966029e-07
-2.102006756796964034e-07
-2.175816801040215616e-08
-2.753599886164556643e-02
-2.751276822062783819e-08
2.087905310623998102e-06
-7.892279782531920754e-08
-7.684452621850983255e-09
-5.059762916912763364e-03
-1.065216839901451764e-08
7.909511680426635940e-07
-9.672348568249612660e-09
8.129864090909510837e-10
-9.345558582780317397e-03
2.443450858177998195e-09
7.857205994634001579e-08
2.178480416284971725e-09
1.640949128332848139e-09
-1.225398559326420535e-02
4.251053095359628302e-09
-3.234786279040366148e-08
-6.744475788305151925e-09
-6.952313024873582749e-11
3.891780144774882252e-03
-2.565557336932084012e-10
6.513991877160362433e-08
6.739609886165152816e-09
2.344435724635253162e-09
1.874379705884179469e-03
4.984809778715066453e-09
-6.834704904826865117e-08
8.350300404771821700e-03
-1.577501592620213944e-09
1.123120332813484131e-08
-1.146996780819465028e-05
-2.237201393152859608e-07
7.957032895766961395e-10
-5.286361550918674407e-02
-4.784505492821320739e-03
8.198789287329882816e-10
-6.111419528321962540e-09
-5.297000045912002232e-05
1.174139139957098318e-07
-2.748147868499968023e-10
3.039035756330500659e-02
4.246013564372438411e-03
-2.524805607897882784e-10
6.189852126181648947e-09
1.090189066623918710e-04
-1.197249350981226235e-07
-2.108694092502660074e-09
-2.705055659293087097e-02
1.642497159613863228e-08
-8.422302457910501911e-07
1.796039933075901126e-09
-3.789723962193255932e-10
1.765359716478533169e-03
-1.762168255664349600e-09
-1.971770476635918336e-08
-2.791661857545459308e-05
-6.438877915762193992e-08
-2.807482671355444825e+00
1.891737311000891930e+00
-3.524393906689975431e-01
1.605085395923294245e+00
1.362191239637137175e+00
9.458414013630680461e-01
4.257372894302984268e-01
1.670564873310701026e+00
2.471189453623246922e-05
3.584093219720672972e-04
-4.028728440718141535e-05
6.041042239911378003e-05
2.089962478576245369e-03
-1.000580292837562974e-04
5.817553104279784016e-07
-3.459494855465301052e-03
-1.085723590759873532e-06
1.588357843184145519e-07
1.691995259854726669e-03
-1.395600601426699610e-06
1.254497007344847930e-06
3.082079086252502691e-03
-2.985939411050799526e-06
-4.466275947273892348e-06
-6.392616604355083609e-03
5.067418382175820267e-06
7.921847410898519781e-06
-4.998862114508008972e-05
-9.388640792588016926e-02
8.772189803768872321e-05
2.032019815298599202e-06
-7.382610194419389490e-06
4.357815294544318424e-08
-2.109771118943327625e-02
-2.227387372292423287e-06
-9.860055292027267550e-06
2.937162746856471203e-06
-4.372546050583362635e-06
-4.374778887704497757e-03
8.878836693721192257e-06
3.495209866596889730e-06
2.480665186742798289e-06
-2.958627175303214012e-06
-2.629479759825891546e-03
6.613226345322997183e-06
2.558431936443050908e-06
2.986321197531842058e-06
-6.326790890408498496e-06
-4.023743332843927531e-04
1.274340305836182930e-05
2.646286324710202312e-06
-2.914772275216683245e-06
8.167302581110808503e-06
-5.177003051062258271e-04
-1.549375735816104077e-05
-3.061257927157846047e-06
-1.005827978353324680e-02
-1.829019865285558841e-05
-1.560622513784865395e-05
-1.009963600337183401e-04
1.837930885325927020e-05
-2.752283921616457014e-05
6.327022288089360902e-02
2.533677347339554926e-03
1.711118688668445835e-05
1.347368780164585115e-05
-9.716026051628825458e-05
-1.650184625324876774e-05
2.458315325607224620e-05
-1.578221162407313430e-02
-6.821758126343512290e-04
-1.656141538815374397e-05
-1.844979074371091976e-05
2.009526719411049264e-04
2.535962928440290920e-05
-2.445526154807309486e-05
4.044928576483949705e-03
-7.011133802757575359e-06
-2.514182880422973003e-05
1.236027416192827085e-06
-1.113007389112719535e-07
2.375630860118314782e-03
8.068501910753479283e-07
2.053399953995119551e-06
7.811137246207017670e-05
1.767688846369793511e-05
-3.325503599536399957e+00
4.609974795980621209e+00
1.492327776967462327e+00
3.791031024854064901e-02
-2.043294598494453496e+00
2.509254083663415624e+00
1.331905243687178109e+00
3.618103453180190776e+00
7.175061722655626352e-06
7.466626437445714713e-04
-9.038359545971596171e-07
2.068424621804887956e-05
1.553440128033271601e-03
-7.855492562560083936e-06
2.979660443641154693e-05
3.273949874357773640e-03
-1.691248369636973455e-05
-1.529656715306098634e-05
-2.779124389604606393e-03
8.530225110047684470e-06
-1.972622315140657998e-06
-4.443305532692148896e-03
3.307879364848426548e-07
-9.283608052988204885e-06
2.808614694446959648e-03
5.801000555392480789e-06
-2.290358721485847548e-05
6.434260974343559633e-03
1.380458048904366771e-05
-1.022347667262026938e-04
8.613606942003978833e-05
-2.756814606548979238e-02
-4.081237768498743954e-05
-3.939388597723290371e-05
-4.696916684208142761e-05
3.639684818538632834e-05
-5.073199979233195857e-03
-1.879573798749847904e-05
-1.798977106557925161e-05
1.597432573379631320e-05
-2.470698099934145946e-06
-9.344923350612183155e-03
9.196079904688330821e-07
6.396383646816382680e-06
1.430062923411525735e-05
-5.440423661093572365e-06
-1.225138052580019947e-02
2.197154827555118756e-06
5.634821581425122520e-06
-2.380057789698458675e-06
-2.228915840074362955e-06
3.891814862602751331e-03
1.702550904152114841e-06
-8.056236372807066607e-07
2.033312935245106447e-06
-1.772823256413449519e-05
1.879563096929914726e-03
1.042821526075146332e-05
1.028903702630556410e-06
8.352789124080604519e-03
2.060446709530340932e-05
1.977853713053723175e-05
-1.639418563200589372e-05
-1.414683834935676594e-05
7.664968993914590554e-06
-5.284680623544119743e-02
-4.787029937743297013e-03
-1.004273995740339139e-05
-1.314948480622203550e-05
-4.836833599469958717e-05
9.621673874208426454e-06
-3.834613815684377553e-06
3.037382376269087345e-02
4.249088060254228513e-03
5.126375981426722244e-06
1.659160434834558922e-05
1.024854717460135420e-04
-1.203149629269207464e-05
2.027418062035681200e-06
-2.703061988363650650e-02
-1.096918651454097193e-05
-4.997705985665429960e-07
3.903956392983479381e-06
6.509373422607063676e-06
1.763002218813571921e-03
-4.229164600328122363e-06
1.424086225217304562e-06
-2.575633691295287084e-05
8.916039748544959435e-06
-2.807484655494130621e+00
1.891730839305736822e+00
-3.524411783285382738e-01
1.605084529354184664e+00
1.362190504677058378e+00
9.458403817141648462e-01
4.257373237123860399e-01
1.670566635181183202e+00
8.959037879764697768e-05
3.157217597786783213e-04
-7.258369541378804338e-05
2.173019433630701271e-04
1.994088839614272836e-03
-1.784341141768259456e-04
1.983738969191442542e-06
-3.452109847131006916e-03
-1.812789086337733677e-06
-1.093112940050763210e-06
1.694110999141457911e-03
-1.063091469753956421e-06
2.923455109318089823e-06
3.079918417618541376e-03
-4.108330063980777344e-06
-1.851176858892504757e-05
-6.379844005438906236e-03
1.168451829385558615e-05
4.999224753387317838e-05
-1.709422905139669588e-04
-9.380922525999878248e-02
1.497223873889500477e-04
1.233506200914586458e-05
-2.105286105449004586e-05
-2.836332173200713756e-06
-2.108741317560801354e-02
-1.304337592966995198e-06
-1.452877230986423105e-05
1.049512808033218674e-05
-1.327564884513207324e-05
-4.369465416007714716e-03
1.375164491294706505e-05
5.769356917357474665e-06
9.503662388784708787e-06
-8.145019411363769470e-06
-2.626075503916882464e-03
9.636892985796893969e-06
4.599826701005289476e-06
1.250116013061079191e-05
-1.936155974430727383e-05
-3.928094516259414372e-04
1.984743474079640339e-05
5.306352165381847261e-06
-1.173872052239413592e-05
2.631644076494093354e-05
-5.316515879760783710e-04
-2.509665595539631506e-05
-5.573114356178772271e-06
-1.005658231035834634e-02
-4.537594627057008523e-05
-6.592770099454735592e-05
-8.251300671386014099e-05
4.186506995841859490e-05
-3.783960822648857811e-05
6.328169731197330616e-02
2.530466624797796712e-03
4.502187371483170014e-05
5.589937361324971417e-05
-1.221913926837674027e-04
-3.641449854385698175e-05
3.470261159248621652e-05
-1.580270866846978858e-02
-6.775977714060894483e-04
-4.212141160008803654e-05
-7.271134541751135495e-05
2.388806608537093375e-04
5.136461282271948887e-05
-3.395973807163401350e-05
4.073918344932181933e-03
-2.919970291868278979e-05
-2.324207767597537137e-05
2.509007511687356929e-06
6.273713186406360606e-07
2.380298696286640633e-03
5.613830633654416798e-07
2.689346162234775700e-06
9.037697657152720721e-05
3.366431389705373708e-05
-3.325504875268399996e+00
4.609980343751190368e+00
1.492328646027129002e+00
3.790641808415644298e-02
-2.043293765678913854e+00
2.509249767495685735e+00
1.331904634306388724e+00
3.618104710810827740e+00
-1.916581089403909764e-05
7.529928872319885782e-04
2.539486384133858720e-05
-8.886592455219409506e-06
1.553858425611111000e-03
2.434434738644063729e-05
3.839735163451084120e-05
3.254493660837422774e-03
-1.868338025991525487e-05
-1.898991704156456986e-05
-2.770082834060779309e-03
8.759116592855724953e-06
4.195164253062419455e-06
-4.446313981659648883e-03
-5.889345008217155837e-06
-1.744927773679432259e-05
2.817837287739371945e-03
1.151447871132110765e-05
-3.865841669079290847e-05
6.456164051820459729e-03
2.376932658846406553e-05
-1.823731886822139471e-04
7.338219579050419422e-05
-2.761974334826240371e-02
-1.047178750589739344e-05
-7.630423950690209717e-05
-8.141630819079157975e-05
4.211166170815126901e-05
-5.099405244479457075e-03
-1.640665919518304326e-05
-3.332354621012785376e-05
2.700834041492666135e-05
-3.046980857302022326e-07
-9.344769885162508560e-03
-1.643668535765501930e-06
1.113649837047259592e-05
2.429388539172265852e-05
-1.919946484220038924e-06
-1.224880430821485670e-02
-2.275405712367364358e-06
9.959639859641036404e-06
-3.438498188141507843e-06
-6.498180069715267983e-06
3.894331557735539618e-03
5.245956346281245516e-06
-1.111766571274368647e-06
5.961119487962886352e-06
-2.951312905587504985e-05
1.894866706776869927e-03
1.774626743286529778e-05
3.362963727940987171e-06
8.359656295776046048e-03
3.058874102542479798e-05
4.922932704543584370e-05
-4.088059413706780646e-05
-3.766590086668941879e-05
1.088454585338277411e-05
-5.280062971764908075e-02
-4.793745048306033950e-03
-1.583221320400877595e-05
-3.452007047805561016e-05
-2.812891217047737511e-05
2.694006116587476676e-05
-6.017146359273086478e-06
3.032986812249120756e-02
4.257003432020179702e-03
8.793387542736114272e-06
4.291118151242577288e-05
7.522059470282325662e-05
-3.327869901593950765e-05
3.609778072426873916e-06
-2.697925685255862099e-02
-1.796329490596381261e-05
3.266749516641650054e-07
5.900782709905505500e-06
1.381855531317768139e-05
1.754615846764109519e-03
-9.704636732944778917e-06
2.068776100400405723e-06
-2.053117846254527920e-05
1.482672010171291188e-05
-2.807488421241628451e+00
1.891721247913976889e+00
-3.524447404724617705e-01
1.605084423115256120e+00
1.362188747982205905e+00
9.458380542598200380e-01
4.257374155533892868e-01
1.670569717449573943e+00
1.211280936865055847e-04
2.433033016876709638e-04
-8.430997120889116396e-05
2.914326543486824950e-04
1.832221518583768789e-03
-2.051468691391253524e-04
2.492812239390777077e-06
-3.439693376655965276e-03
-1.932143839352395767e-06
-3.911832814221565389e-06
1.698976068194837409e-03
8.625768956713606945e-07
1.532605758768411430e-06
3.077769392496777865e-03
-2.717840052591492074e-06
-2.822056479182757864e-05
-6.356574403847368125e-03
1.644270817585247920e-05
9.662977169082997010e-05
-2.161552697798450765e-04
-9.368804075114531282e-02
1.611204237715886233e-04
3.077867352367730317e-05
-2.414918557218193816e-05
-8.130098608462817448e-06
-2.106749696361038399e-02
2.212582348578496952e-06
-1.399126485017902164e-05
1.502448205951204934e-05
-1.422795363939985381e-05
-4.362951689782926419e-03
1.276377023384323104e-05
6.996890198661752218e-06
1.437864822833160821e-05
-7.278682950584350732e-06
-2.622767682042313059e-03
7.968598694420427297e-06
6.102032754530809500e-06
2.006906358286394320e-05
-2.099291181983870745e-05
-3.800258932163995342e-04
1.858334248854456890e-05
7.864214105871108850e-06
-1.832812234766890337e-05
3.081022261274099001e-05
-5.521977592319092607e-04
-2.504529113377160600e-05
-7.712684416423927369e-06
-1.005572482611607164e-02
-4.198363013529732253e-05
-1.024874058324828772e-04
-4.166693449883475051e-05
6.028764012581831939e-05
-3.164803021009359477e-05
6.328758051727520484e-02
2.526769141671857295e-03
4.606741723276244342e-05
8.559299324409161836e-05
-1.705507903385293750e-04
-5.107572347893459268e-05
3.073967051083712496e-05
-1.582615508550638123e-02
-6.718481039173005006e-04
-4.084219772078334225e-05
-1.065114450832942465e-04
3.078201596205139539e-04
6.689660972860101448e-05
-2.910199259947079885e-05
4.110216526424675422e-03
-3.887703010902371402e-05
-1.988147996941863228e-05
1.311471776409796407e-06
2.347943609013364600e-06
2.386848759169831607e-03
-5.946412063962352003e-07
1.875724930601169042e-06
1.118007564108370087e-04
3.840294517528611718e-05
-3.325506278474076094e+00
4.609982410564946953e+00
1.492329913914498762e+00
3.790444136324908064e-02
-2.043295502957600984e+00
2.509248062794395384e+00
1.331903530437281491e+00
3.618104556385962844e+00
-5.266099679692506512e-05
7.830447004639205831e-04
5.770948279287392937e-05
-5.493750565253182846e-05
1.584099195954746624e-03
6.851293422721059002e-05
2.781064421705091680e-05
3.237544599282698738e-03
-9.133062963645780744e-06
-1.276994951310723845e-05
-2.762053499232023333e-03
3.092871782153787711e-06
1.223518757712157074e-05
-4.455412484748851910e-03
-1.363970537323861844e-05
-2.012735670360845928e-05
2.831533972127510661e-03
1.433474820629383902e-05
-4.048302089766081112e-05
6.485148125901746968e-03
2.608785071992058440e-05
-2.018254954148527907e-04
1.464372515141835714e-06
-2.763527694602375961e-02
5.717851277076456347e-05
-9.195785840739560809e-05
-8.773272456515957289e-05
2.384611210953658779e-05
-5.118493385237385396e-03
4.402800162604935224e-07
-3.867947417233496882e-05
2.835776204850141234e-05
3.707891818960015147e-06
-9.346810657432053776e-03
-5.478652479332414526e-06
1.239710911684418850e-05
2.564141254804286414e-05
5.579001155894968583e-06
-1.225189181675201584e-02
-9.418045727347271480e-06
1.118543924517911236e-05
-2.996463403805380038e-06
-9.666431921981196576e-06
3.901016203986910034e-03
8.368856691440043944e-06
-8.459607720536656061e-07
8.940059366585036710e-06
-3.046739806966480436e-05
1.916295480043499460e-03
1.909194910059563180e-05
5.498666979168042168e-06
8.368644011382216086e-03
2.766591647213016030e-05
6.807210532084425789e-05
-8.818568792903389800e-05
-5.641995583818863117e-05
9.228111247818212263e-06
-5.274046607611125592e-02
-4.802176883310549718e-03
-1.538934278172308858e-05
-4.905208710821028380e-05
8.923532198873386154e-06
4.133799963193965734e-05
-5.897053822365236618e-06
3.027472799280435042e-02
4.266558281951941985e-03
9.305538220255161303e-06
6.056826165937195832e-05
2.659334179735099593e-05
-5.077605880536924146e-05
4.065498116360883281e-06
-2.691722219245719361e-02
-1.818502958119413572e-05
1.215105750184069492e-06
5.417898926343459959e-06
1.748883363745771215e-05
1.741037700027131714e-03
-1.339063865352664325e-05
1.780379059605387457e-06
-1.481687418577427729e-05
1.542660888911634356e-05
-2.807492840712131787e+00
1.891712584744678738e+00
-3.524490839187095492e-01
1.605085781266723632e+00
1.362186338070389136e+00
9.458349451192944457e-01
4.257375489172656735e-01
1.670573082578393764e+00
1.078690616515111194e-04
1.665520388577921879e-04
-7.001330568794591233e-05
2.572344500341835951e-04
1.661487927394172210e-03
-1.685879686530116059e-04
2.044509716634399895e-06
-3.426700191149853296e-03
-1.467020981306848354e-06
-5.842718432672669448e-06
1.705495036231400056e-03
2.624311502830215129e-06
-9.789691189589798531e-07
3.077120957247954109e-03
-3.263561607904743461e-07
-2.822894061533555432e-05
-6.330229953377802636e-03
1.602778892331368832e-05
1.140569093986387706e-04
-1.779435005479715478e-04
-9.357004298073362536e-02
1.218540561597426439e-04
4.141221214316301085e-05
-1.770734719037477580e-05
-1.140359934421208998e-05
-2.104378172251429591e-02
5.181624174603926332e-06
-9.314406922751570258e-06
1.428763085309513897e-05
-9.062846120776635490e-06
-4.358730203382106191e-03
7.681301276624751613e-06
6.308811176739216183e-06
1.435806650769628942e-05
-2.855980329727483098e-06
-2.621912122441084729e-03
3.694185584447036398e-06
5.910434130539327178e-06
2.101104485159072273e-05
-1.365537197647390534e-05
-3.701762063999672683e-04
1.135760587210553398e-05
8.255712863810038118e-06
-1.878141530826922892e-05
2.280410947228114164e-05
-5.706245370667823672e-04
-1.703639828435176874e-05
-7.790219099948297754e-06
-1.005713933782591621e-02
-1.957467554109757488e-05
-1.043175147612868705e-04
1.184757380706951031e-05
6.045847361788890865e-05
-1.592902201472312971e-05
6.327843622857595718e-02
2.524761879849036876e-03
2.764682979337631060e-05
8.594630011472868900e-05
-2.280249645300311051e-04
-5.016535309731950888e-05
1.764135861167332183e-05
-1.583871070077276857e-02
-6.679266734700225897e-04
-2.174150796870023559e-05
-1.027990376354637046e-04
3.857047606246527321e-04
6.186076231800229606e-05
-1.559342209556470910e-05
4.134844976070552874e-03
-3.341280871143323324e-05
-1.622365071514395265e-05
-8.540644771928946016e-07
3.492305084557131498e-06
2.392243918442454962e-03
-1.583200947227914209e-06
4.185918792348479098e-07
1.351308193017235941e-04
3.058634028501898205e-05
-3.325507273768278704e+00
4.609979412977250668e+00
1.492331160206898488e+00
3.790558882538672819e-02
-2.043299672511821097e+00
2.509250219614361122e+00
1.331902266855932826e+00
3.618102744836851681e+00
-6.010227936029335650e-05
8.299906462177986327e-04
7.078210003907157782e-05
-7.116578777471582208e-05
1.638594593991793413e-03
8.942714204573335313e-05
1.019463959408918922e-05
3.230404394180633534e-03
2.483197080042333221e-06
-3.641090511014705924e-06
-2.758471402558244738e-03
-3.134245616421801103e-06
1.416258214130834461e-05
-4.468299334651914048e-03
-1.684748060311292654e-05
-1.525146408229016336e-05
2.845197051448330669e-03
1.269646614302341031e-05
-2.795786367922786762e-05
6.511142944592274336e-03
2.045739283459080892e-05
-1.487792886050247863e-04
-5.389231532850063413e-05
-2.760061347483628788e-02
1.045024709378950954e-04
-8.002557405359444836e-05
-6.294783183467257367e-05
1.710521518402941508e-06
-5.121266766847358369e-03
1.642366012977511104e-05
-3.247937956521369682e-05
1.979182211342758396e-05
5.491604422518352208e-06
-9.350708332788670862e-03
-7.481695553707306546e-06
1.005923300645873002e-05
1.800124853482846238e-05
9.379960185355696949e-06
-1.226064458844149108e-02
-1.338839865461074632e-05
9.132298369425727351e-06
-1.631001838466670503e-06
-8.759448945282344385e-06
3.910101450534597504e-03
8.813169862983860856e-06
-3.191314675481764307e-07
8.269209304833864376e-06
-2.071994148393662812e-05
1.936599907344687451e-03
1.458028214547810087e-05
5.983072628870166863e-06
8.376613767658830367e-03
1.595470891497188798e-05
5.905596226607396818e-05
-1.443510960182037783e-04
-5.729634388749371883e-05
4.925333507009082505e-06
-5.268735181078476604e-02
-4.809337752945262029e-03
-9.778272101831799438e-06
-4.325977549342131708e-05
5.160812967377814220e-05
4.258758655083775033e-05
-4.052314700911393585e-06
3.022804582909283111e-02
4.274305791566684540e-03
6.494936054536053254e-06
5.318815867434548600e-05
-2.856075731230695155e-05
-5.212116806793771150e-05
3.303996177604787501e-06
-2.686702327917313282e-02
-1.198474486318060141e-05
1.803434535324343298e-06
3.192444910210756820e-06
1.425619751307224149e-05
1.726608700839959553e-03
-1.283623495399025274e-05
9.631775003914995382e-07
-1.083369326350878384e-05
1.113298425397780077e-05
-2.807496343228293778e+00
1.891707532168848127e+00
-3.524526401816456822e-01
1.605087893854734382e+00
1.362184184701779044e+00
9.458322170143500518e-01
4.257376726222962815e-01
1.670575573204688080e+00
5.927476311400208561e-05
1.115327541395198633e-04
-3.684149462325551601e-05
1.399073321609704823e-04
1.539768162342585942e-03
-8.780200476864971930e-05
1.006803520959286729e-06
-3.417508323080447469e-03
-7.020112454060866936e-07
-4.715286524915623362e-06
1.711224150439739564e-03
2.565984971006738026e-06
-2.040883798432718330e-06
3.077903842226879707e-03
1.104400160452270821e-06
-1.746091282259936063e-05
-6.309996684474559504e-03
9.616553158874558218e-06
8.017568224994493125e-05
-8.830130285852794993e-05
-9.349342925680702299e-02
5.626508538555562486e-05
3.239531128836200066e-05
-7.364744043814525277e-06
-8.935861750096210046e-06
-2.102475154865849488e-02
4.757860510752581057e-06
-3.527166457594776434e-06
8.417792932610028352e-06
-2.660277808224082287e-06
-4.357776888859764275e-03
2.221374946101223812e-06
3.777148019512451999e-06
8.867010959661741551e-06
7.502541973714900317e-07
-2.623349413750097198e-03
1.413970882402910251e-07
3.715672061657114645e-06
1.351533295195244683e-05
-4.275271671741135836e-06
-3.659704298475285780e-04
3.438453081243472568e-06
5.509402978361211837e-06
-1.184954255139935707e-05
9.544979890925025823e-06
-5.812564797509013788e-04
-6.586564706145215590e-06
-5.140570777794347226e-06
-1.005991114831606033e-02
2.986947092228259585e-07
-6.561826712741996377e-05
5.809606451502612786e-05
3.794504794263290612e-05
-2.238414813427974282e-06
6.326025486602199210e-02
2.524800049600001411e-03
6.873799971110062769e-06
5.341615169028954567e-05
-2.740906894120528903e-04
-3.092623874053306829e-05
4.608283133146057390e-06
-1.583823968322517831e-02
-6.668046072093925837e-04
-2.822823121781367366e-06
-6.154610147146615451e-05
4.453364553917619042e-04
3.615426921122357162e-05
-3.118435490175708795e-06
4.141778220032010446e-03
-1.752159349712568582e-05
-1.352592926578809992e-05
-1.702052935163026132e-06
2.784382810345115188e-06
2.394960978087507485e-03
-1.475654403310008969e-06
-4.849026153473945399e-07
1.523289258445449602e-04
1.507305251751717478e-05
-3.325507670049915099e+00
4.609974773815106452e+00
1.492331922861598104e+00
3.790801336590984838e-02
-2.043303598435226132e+00
2.509253676560818658e+00
1.331901393434979042e+00
3.618100710392626151e+00
-2.198769601847944536e-05
8.684008559735194614e-04
4.844918244903692682e-05
-2.743671341870813522e-05
1.685716150627888064e-03
6.281514769753627678e-05
1.525746607791505743e-07
3.231333059870517260e-03
5.850978893285998088e-06
4.827758307965582010e-07
-2.758672574754617371e-03
-4.269839249277305610e-06
5.214309536529829340e-06
-4.478377182130280874e-03
-1.158017127004280128e-05
-4.297933621828294731e-06
2.853674870225700148e-03
7.181665185229749656e-06
-7.199748200543996966e-06
6.525677076375388345e-03
1.043148592738957446e-05
-4.482426137171884739e-05
-2.901252495468003970e-05
-2.755162137068111264e-02
8.335764835513743596e-05
-4.769457630489946714e-05
-1.839657554720748294e-05
-3.632082665377618758e-06
-5.114068610012355125e-03
1.653360697425096027e-05
-1.884836495252909040e-05
5.579610878207105254e-06
2.224754647692123097e-06
-9.354152452216544719e-03
-5.416511920554258316e-06
5.784561699308832170e-06
5.116901395572652888e-06
3.940383643150832491e-06
-1.226918904004882169e-02
-9.842118479492077839e-06
5.242318868136218168e-06
-3.056590733446242726e-07
-2.827949169574342142e-06
3.917063305712593403e-03
5.604705058736325977e-06
1.782381274541241366e-08
3.035742101468269190e-06
-5.240780687257955207e-06
1.948609669605865999e-03
7.165029415127408670e-06
4.137339385495412850e-06
8.381024226620074208e-03
3.353202625021082679e-06
1.853847439082528887e-05
-1.841142566904694776e-04
-3.573771426219408861e-05
1.586382883334217626e-06
-5.265816651414000071e-02
-4.813082092112643678e-03
-2.424463720469816923e-06
-1.372610551180781950e-05
8.124158071885740446e-05
2.677888743397735405e-05
-1.959336447298571275e-06
3.020365138785835457e-02
4.278108572954890214e-03
1.822635644487641363e-06
1.681994919744268753e-05
-6.644872881021089651e-05
-3.268396257437919796e-05
1.878552659171319620e-06
-2.684230652790880675e-02
-2.637777435293011949e-06
1.994906114172359452e-06
6.923370861048179799e-07
4.255739837026800289e-06
1.717131472204818645e-03
-7.668864046056469763e-06
3.018347300494437508e-07
-9.340774008182198637e-06
4.762144688123643104e-06
-2.807497654143407573e+00
1.891706233200001197e+00
-3.524540082022484810e-01
1.605089023686209426e+00
1.362183298557641198e+00
9.458311090984327096e-01
4.257377248095000621e-01
1.670576448326774432e+00
4.473381102090952253e-08
9.283686641433890464e-05
-6.987869968620579695e-07
1.303212692646524425e-07
1.498655276207686059e-03
-2.129934659173768996e-06
3.112998083120469824e-09
-3.414418246483876939e-03
-5.806517055669462887e-08
-5.576388638798773850e-09
1.713555496301628987e-03
8.123047177433631283e-08
-1.437610314984183127e-08
3.078622024521508998e-03
2.544740651618303599e-07
2.544616087534013627e-08
-6.302624587390609837e-03
-5.409311173104256001e-07
-3.265550146340071780e-07
-6.845349111839197741e-09
-9.347023888531874602e-02
-1.788217385105647268e-08
3.140020280497815119e-06
1.444485415621003559e-10
-2.109255508924452897e-09
-2.101754816139978291e-02
-3.676357933563997410e-09
-1.627442436430212761e-09
-4.466425955354168427e-08
5.350024339695683971e-10
-4.358200335101166008e-03
1.834560208036062942e-09
4.287026846087714889e-07
-2.855027807992565849e-08
9.994290300131130379e-10
-2.624576562479659196e-03
1.654584724424007819e-09
2.752182837433629080e-07
-3.839421515516638265e-08
7.997804332922352470e-10
-3.655673791507497690e-04
-2.165277408558851644e-11
3.705806616409085807e-07
6.108380902790783135e-08
-1.504661322875035935e-10
-5.839441308470642812e-04
3.027322319018536390e-09
-5.863423331282425226e-07
-1.006147456083873216e-02
2.109080068831458928e-10
-1.439467264220011520e-08
7.666476094766820886e-05
4.045586115442683870e-08
2.264203699780355463e-09
6.324993752272774217e-02
2.525345204248567732e-03
-6.212733215951943087e-10
7.181310089386208490e-09
-2.915335983016303142e-04
4.958007045373095983e-08
4.405645871836422011e-09
-1.583467254599670374e-02
-6.670354288914963868e-04
1.413516807318124067e-09
-7.159264777465948056e-09
4.670061702804668177e-04
-6.206796836064721340e-08
-1.064272488203235635e-08
4.140261570596091324e-03
1.606958129816854752e-08
-1.257479113474298141e-05
8.655549517487677003e-09
6.291358173091452287e-10
2.395428130395607733e-03
1.393615388898278897e-09
-8.346430154733191716e-08
1.584103684228167731e-04
-9.050480236065418669e-08
-3.325507670193728949e+00
4.609974774105256579e+00
1.492331922803694200e+00
3.790801309889149651e-02
-2.043303598396494891e+00
2.509253676448765180e+00
1.331901393433102765e+00
3.618100710467090142e+00
5.398843071027517674e-05
8.684005771188711047e-04
-6.804115020929962195e-06
6.985974011938383976e-05
1.685715873048359691e-03
-1.036079013218366741e-05
5.929275497372966900e-06
3.231332497376419085e-03
-4.502711616568919734e-06
-4.372601425762390480e-06
-2.758672597453285837e-03
2.385097791848016746e-06
-1.285326544633937016e-05
-4.478377148517732366e-03
1.615449246661926967e-06
8.311279060064258678e-06
2.853674938324451613e-03
2.143747449002061387e-07
1.238371194735158892e-05
6.525677186800344851e-03
1.396280010043563741e-06
6.520803622202282085e-05
8.671134301197979907e-05
-2.755162271216727785e-02
-1.661442213457215439e-05
-1.157065228471408535e-05
2.608651848602705885e-05
1.613951933355290325e-05
-5.114069444310352132e-03
-5.135159771050717212e-06
-5.215105509320557738e-06
-7.745443928208586620e-06
-5.805236785803737545e-06
-9.354152374953347143e-03
7.874077326608305014e-07
2.053760691322736024e-06
-7.122933465163882002e-06
-1.049709683464217887e-05
-1.226918887898175922e-02
1.518656959540668331e-06
1.748840666967914729e-06
1.837010858351119402e-07
6.268385249926761777e-06
3.917063232166664508e-03
-3.574366679883946823e-07
-1.690851060319341172e-07
-5.149949743281400593e-06
8.823223958844201689e-06
1.948609625361825276e-03
9.541414693605570187e-07
4.473856289096209071e-07
8.381024134116284857e-03
-3.051417338528791785e-06
-4.001079343505239223e-05
-1.841141118021359419e-04
1.514482635506300255e-06
2.102681398057111906e-06
-5.265816530342771334e-02
-4.813082171468504103e-03
2.909767233279763663e-06
2.994544954428271481e-05
8.124155956961640881e-05
-1.350320064588743542e-06
-1.114898648666062959e-06
3.020365022833102972e-02
4.278108685600966708e-03
-2.540268707013013116e-06
-3.660466188496675405e-05
-6.644873318123500124e-05
1.624522614548078118e-06
6.322737192648713591e-07
-2.684230519000084178e-02
5.520172238253602918e-06
1.994931199145760757e-06
-6.217873069860037696e-07
-8.768549980206634983e-06
1.717131411630532173e-03
1.525315505102893489e-07
4.154619908006183558e-07
-9.340654197806480362e-06
-1.878347280650628573e-07
-2.807496404000950019e+00
1.891706586698883585e+00
-3.524526480738890966e-01
1.605087440042123337e+00
1.362184262942093271e+00
9.458322950337415547e-01
4.257376661489128966e-01
1.670575699427729877e+00
-4.300807970056103692e-05
1.078507919832562853e-04
2.223092670320348869e-05
-9.830620865848560801e-05
1.531284939221794249e-03
4.977691644158941048e-05
-4.632773455185102201e-07
-3.416835637973627063e-03
1.466605814908855378e-07
6.666026742640148560e-06
1.711053633527601613e-03
-4.005279821721362026e-06
4.685731343882597074e-06
3.077295689330663154e-03
-2.778251827611224053e-06
1.701187060652801494e-05
-6.309335852076002754e-03
-1.028957110992754411e-05
-9.719398738197318293e-05
4.408465011849082725e-05
-9.348403600422956761e-02
-2.021049433453308344e-05
-3.564262164174834000e-05
3.274503448233618847e-07
1.223852222014643287e-05
-2.102454614321828258e-02
-7.464543464365840699e-06
-5.753080863300177210e-07
-7.499242307416485644e-06
-3.039988998379945752e-06
-4.356621610356717182e-03
2.436787698253884744e-06
-2.331114504318787309e-06
-8.660686208004545906e-06
-5.526874052231785350e-06
-2.622371658539810000e-03
3.763051181298927522e-06
-3.010852081561405360e-06
-1.422503812955254490e-05
-3.816459213961612756e-06
-3.641893460384229651e-04
3.168999002153793278e-06
-5.136069923447976347e-06
1.213517358811279831e-05
-5.509979671728076726e-07
-5.833318805383612762e-04
-7.505698737777155224e-07
4.061797126683059828e-06
-1.005917147729648228e-02
-2.399776702506539110e-05
6.550093196708001283e-05
5.705496166651905388e-05
-3.778308196083403499e-05
-1.155517872588472394e-05
6.326526532030747607e-02
2.524023932847845649e-03
1.283607538737378335e-05
-5.232430730408733080e-05
-2.745839403858861419e-04
3.014144452285768300e-05
6.880977315249773749e-06
-1.584318860917102723e-02
-6.658414643263483364e-04
-1.749364825365465071e-05
5.586349762588110472e-05
4.472844871120704559e-04
-3.164748455846457122e-05
-8.740904747512617557e-06
4.147843446183390598e-03
1.089819932404580732e-05
-1.337556367399036038e-05
4.033267585744090106e-06
-3.820319198200973021e-06
2.395730609297990962e-03
2.302690777399920565e-06
1.669322506489438037e-06
1.532075352771569753e-04
-7.798633120910421546e-06
-3.325507701397709237e+00
4.609984540384314933e+00
1.492331195809829980e+00
3.790241813310274432e-02
-2.043297241679789877e+00
2.509246311014489361e+00
1.331902415167211862e+00
3.618104412286072602e+00
1.348229595544937960e-04
8.134537978250298970e-04
-7.435161982402947050e-05
1.781320674254023193e-04
1.614709671564752789e-03
-1.031523708414450809e-04
2.418836543378810467e-05
3.220375040938876134e-03
-2.565654533315213297e-05
-1.569183628564206417e-05
-2.753932920682416324e-03
1.483179012173426753e-05
-3.218996388174199987e-05
-4.464624091735439060e-03
1.782491263067672647e-05
1.738277559513027570e-05
2.845385351335557190e-03
-5.260121659384761061e-06
2.294953487635398282e-05
6.514457255876389928e-03
-2.457666289658719942e-06
1.360883578500766131e-04
2.413716504097976790e-04
-2.765113969378594702e-02
-1.608857049987938155e-04
1.213915648836328003e-05
5.233546587989113561e-05
5.167806802480456863e-05
-5.137931905431082635e-03
-4.175799637841738822e-05
1.988327250411416232e-06
-1.476952004992417054e-05
-1.507679776560365121e-05
-9.348858676217111641e-03
8.880582159178990257e-06
7.292641642085698698e-07
-1.373739076255754601e-05
-2.758311576181609096e-05
-1.225498172517197094e-02
1.661254306974918713e-05
3.685667291357954391e-07
-3.350106085504963627e-07
1.466304098489654929e-05
3.907774936239946824e-03
-6.748425208416162123e-06
-8.848976075967733482e-07
-1.283657783154333754e-05
1.583661957921972215e-05
1.937992841846572414e-03
-1.077312661367450431e-06
-3.693942318946722260e-06
8.377734104182231814e-03
-8.357484884442264528e-07
-9.187237131361294462e-05
-1.359453710239716374e-04
3.975425390643342775e-05
6.976588867049561378e-06
-5.267956422134618955e-02
-4.810727667829459153e-03
4.188848565972393308e-06
6.928117668644732268e-05
4.636456365200394185e-05
-3.074772034076332498e-05
-2.144580810657975012e-06
3.021893276322435568e-02
4.276257947802550308e-03
-4.944551712427071701e-06
-8.447953573134470509e-05
-2.257737832993283620e-05
3.728506495348182884e-05
1.602272095709848963e-07
-2.685444653093855064e-02
9.305525938807229978e-06
2.103681561840710057e-06
-2.725488609965282630e-07
-1.930599031601327165e-05
1.727219875829187927e-03
7.404480362790306009e-06
1.337510283304366081e-06
-9.049440769987544806e-06
-1.406640598905762506e-06
-2.807493277640862761e+00
1.891705808489525076e+00
-3.524491424623626412e-01
1.605082529307283457e+00
1.362186899043507982e+00
9.458355043282905550e-01
4.257375025958914927e-01
1.670573987054894571e+00
-5.475055821543571745e-05
1.401105875053442178e-04
2.412742111527361118e-05
-1.214571364042540209e-04
1.600521455791863602e-03
5.063947943742882492e-05
-2.771301733288076415e-07
-3.421885039224490787e-03
-1.275677430387492579e-07
1.226029390920894438e-05
1.704275719630634267e-03
-7.853139542438216633e-06
9.710074941812601109e-06
3.072780751831034277e-03
-6.511542786864800550e-06
2.664724081788253607e-05
-6.325533302080258748e-03
-1.573562194517725524e-05
-1.681473224444727621e-04
3.272837218263463521e-05
-9.350292126872729315e-02
-1.315249444722795154e-07
-6.717457086921017071e-05
-5.467340096804248378e-06
2.227307652626116653e-05
-2.104228982784631802e-02
-1.430375387422325197e-05
-4.600979032168462822e-06
-1.103759077052602120e-05
-9.656422048423624819e-06
-4.350471646377205952e-03
8.018689890478329191e-06
-3.440399263537539492e-06
-1.352841192582879791e-05
-1.282451265269554062e-05
-2.614917703147525037e-03
9.458459528031617082e-06
-4.824523504798936574e-06
-2.312379850811899001e-05
-1.290437891199856281e-05
-3.574343841320473040e-04
1.091460043526069266e-05
-8.733408256169287564e-06
1.938013371964879863e-05
6.729865593396843146e-06
-5.854638280596475858e-04
-7.722540470882017759e-06
6.897063855073164444e-06
-1.005193271003889180e-02
-5.837188552876586869e-05
1.041505166730944830e-04
4.609906879144624707e-06
-6.022386702870994549e-05
-3.083322786738635144e-05
6.331341053877891090e-02
2.519231290935654722e-03
3.713815410530644666e-05
-8.241038248453566703e-05
-2.315686159401967171e-04
4.729461856414567643e-05
2.126627110155909859e-05
-1.587398976492690114e-02
-6.610322719059930378e-04
-4.507437355931708791e-05
8.419722388113045210e-05
3.996484563933001659e-04
-4.638504535736877766e-05
-2.456005057717166085e-05
4.178327175257983382e-03
1.174939230562830283e-05
-1.515123026077804292e-05
8.311340714372157093e-06
-6.875006444039452581e-06
2.397650002857395612e-03
4.354538148764841403e-06
3.868247068500585180e-06
1.415401424876843340e-04
-5.822483705925869926e-06
-3.325508119417966757e+00
4.610004478557640617e+00
1.492330069605634746e+00
3.789079559191280144e-02
-2.043285044257797445e+00
2.509231241344395347e+00
1.331904167305123510e+00
3.618111731401765230e+00
1.790406306483751221e-04
7.118038338673117905e-04
-1.259840088882804843e-04
2.405095627148354459e-04
1.481161332454634287e-03
-1.764121229437995680e-04
4.221283184613988475e-05
3.194275346758241804e-03
-4.777502935807946690e-05
-2.595064720701031603e-05
-2.742466614872752367e-03
2.735810609160629266e-05
-4.283478742395912256e-05
-4.439583308923971891e-03
3.026683990551263013e-05
1.948114044731313410e-05
2.832365621097875270e-03
-7.322243930357535011e-06
2.196681385291954168e-05
6.499470048411224062e-03
-3.907919996490997896e-07
1.446950482202966212e-04
3.466127672576073231e-04
-2.785253336492797896e-02
-2.865881707091866965e-04
1.625199280151168671e-05
5.280745780874905826e-05
8.063559434317431557e-05
-5.190185923974899133e-03
-7.683515388825208170e-05
8.897306648714757640e-07
-1.386927914312496676e-05
-2.063472498165060248e-05
-9.338857101442834055e-03
1.542979615469893800e-05
2.002083766841781390e-06
-1.311597845891433043e-05
-3.806267128483508750e-05
-1.222753922131314050e-02
2.899854116406307440e-05
1.348080537096578142e-06
-1.327610163730605221e-06
1.840425744539762334e-05
3.891017945690992182e-03
-1.100672980393824719e-05
-1.797436452884858290e-06
-1.646333227298904877e-05
1.443734593208683189e-05
1.922307783054084300e-03
1.255227010016212426e-06
-6.699596166411357368e-06
8.373479980863990368e-03
6.492424961363738077e-06
-1.134111594821825622e-04
-5.211889320017037974e-05
6.393047926931185192e-05
1.387255658840985429e-05
-5.270694606364301205e-02
-4.808167757330395788e-03
1.878577454380798756e-06
8.609724419215011523e-05
-1.363601231699082756e-05
-4.974541787410437737e-05
-4.448671710648070354e-06
3.023535500279427371e-02
4.274969621316719419e-03
-4.691962920716632535e-06
-1.047286662581128664e-04
5.236874474257122592e-05
6.015259234323713252e-05
5.531868232089270379e-07
-2.686284200092173280e-02
8.220655657712949639e-06
2.495410155932277029e-06
1.103078366744822067e-06
-2.284126115162335395e-05
1.743712942585365789e-03
1.130696215398790104e-05
2.593452891612457897e-06
-7.073414664575876259e-06
9.533642570100956720e-07
-2.807489640391310548e+00
1.891702337229969277e+00
-3.524449035540269115e-01
1.605075348110816646e+00
1.362190313440992950e+00
9.458396146923544467e-01
4.257372862417054815e-01
1.670572241712429351e+00
-3.865716324870059481e-05
1.694393379873386529e-04
9.551613763943428905e-06
-8.064410405098791418e-05
1.661866481519966819e-03
1.341875892096326643e-05
2.489069312945925611e-07
-3.426257994809404819e-03
-6.211421667704173722e-07
1.388828527970153401e-05
1.695577464924283729e-03
-9.590545129136343114e-06
1.204748569627143854e-05
3.065674491051221823e-03
-8.889641003907784015e-06
2.573630139938390759e-05
-6.343507829911803307e-03
-1.525427822004582785e-05
-1.809466012046871339e-04
-9.413227150770049037e-06
-9.350076825803149694e-02
3.964978811513028513e-05
-7.805607078986478704e-05
-1.211922250342702313e-05
2.501806142680762035e-05
-2.106332822976195868e-02
-1.725231034923332553e-05
-9.267683107908053237e-06
-9.883838473100805644e-06
-1.485225245247263928e-05
-4.339907760141824972e-03
1.312556800293527676e-05
-2.775124392171693030e-06
-1.305470501592557726e-05
-1.708179691104134875e-05
-2.603250717043576953e-03
1.371914276884806272e-05
-4.659915734369127386e-06
-2.334728926109220289e-05
-2.026757449286048038e-05
-3.444714299511978024e-04
1.814596375980006405e-05
-9.166567212964121385e-06
1.920275252044145145e-05
1.506875771239358017e-05
-5.936029088426659876e-04
-1.579017177009987949e-05
7.007186676580364913e-06
-1.004118157820785458e-02
-8.009232910966941285e-05
1.022023941982789130e-04
-6.186282712179259121e-05
-5.993217194879665367e-05
-4.657270964307601275e-05
6.338490410906710837e-02
2.511350785758331965e-03
5.540502680740440924e-05
-8.011303338592726611e-05
-1.804312366597778149e-04
4.627560102126792392e-05
3.436702341352444712e-05
-1.592456830049554864e-02
-6.526269886186837794e-04
-6.381242657314871664e-05
7.762374475643344317e-05
3.467331521972917183e-04
-4.128997118819911999e-05
-3.808801103226872503e-05
4.231593271861184245e-03
5.460279867554016268e-06
-1.691858718229411650e-05
1.025764275212590374e-05
-7.516562297487082997e-06
2.401843252227657457e-03
5.105906254408877762e-06
5.315934977235949006e-06
1.298470046841048212e-04
2.162364851178366837e-06
-3.325508957816504907e+00
4.610029204403812919e+00
1.492328995913541290e+00
3.787620074354270533e-02
-2.043270621683400456e+00
2.509212522019189429e+00
1.331906038891008892e+00
3.618120593453593159e+00
1.587815036014325382e-04
5.953698295708057106e-04
-1.404061322577039312e-04
2.162567795066173059e-04
1.326032988524178304e-03
-1.988874335043848635e-04
4.498764254548813139e-05
3.158584441482266414e-03
-5.908339025837986889e-05
-2.684327573336279531e-05
-2.726664263656091054e-03
3.346174089987143975e-05
-3.805513692133078043e-05
-4.411302828259815526e-03
3.378952077564038262e-05
1.457788966851693998e-05
2.819744920350013978e-03
-6.059410501109877787e-06
1.310483598747435166e-05
6.488016706125135889e-03
4.532639549595868852e-06
9.974701565115053374e-05
3.266935769231372176e-04
-2.810084022554022037e-02
-3.348935057461756314e-04
6.295642823392645017e-06
3.355432256748660787e-05
8.046528123811944532e-05
-5.258221007027864824e-03
-9.274308632396567880e-05
-4.802219330579400158e-06
-7.721434502605178249e-06
-1.875301088594761160e-05
-9.327171438179538213e-03
1.757092053230278477e-05
4.280565793131534099e-06
-7.543239617090050694e-06
-3.481449178514292527e-05
-1.219490231890374421e-02
3.318392456784644077e-05
3.328194968936697864e-06
-1.900989789309844023e-06
1.551417464662823521e-05
3.872226834725959674e-03
-1.164644201799530548e-05
-2.408107041793186528e-06
-1.420062393379924031e-05
7.870166003409582011e-06
1.908279525290013231e-03
5.272379156008499025e-06
-7.600173736951942326e-06
8.370431946433668641e-03
1.194566695024610077e-05
-9.412608692168367695e-05
3.878025703638499251e-05
6.629552620094437748e-05
1.881335441823790591e-05
-5.272612134631011332e-02
-4.807028571778552972e-03
-1.289466961437022420e-06
7.193946263157251306e-05
-7.788308241001739478e-05
-5.205414280272504862e-05
-6.433183339008759486e-06
3.024245451183191560e-02
4.275622718723429486e-03
-2.693700502038715819e-06
-8.731394118234597638e-05
1.320111295704733492e-04
6.275832807048341581e-05
1.242495285733050382e-06
-2.685860487288856124e-02
4.437315501023171503e-06
3.150772385953523265e-06
2.156248727367769043e-06
-1.813933156141481209e-05
1.760472820447614049e-03
1.096015070984978700e-05
3.451587426974902774e-06
-3.315529452594461660e-06
4.489572899025249438e-06
-2.807486837789631373e+00
1.891696975714345363e+00
-3.524414693294034562e-01
1.605068277468409299e+00
1.362193308167039651e+00
9.458431763206829324e-01
4.257370921877264291e-01
1.670571155283797626e+00
-1.307480336859237598e-05
1.834472705249970913e-04
-7.522740237180838300e-06
-2.173539462938241609e-05
1.689011670393404012e-03
-2.695535264763342071e-05
5.592778614345496459e-07
-3.428053109037236621e-03
-9.173966899285910524e-07
1.035140788409585609e-05
1.688025007299708696e-03
-8.311989766943377582e-06
9.679381582465222176e-06
3.058262782069606518e-03
-8.383113404639167001e-06
1.620602066496469083e-05
-6.356452083344575447e-03
-1.032316688721727958e-05
-1.297469710715741726e-04
-3.832328639788394327e-05
-9.347380972537303045e-02
6.563238546845221279e-05
-6.516689736217642069e-05
-1.325739352590657897e-05
1.850538695436779589e-05
-2.107995974426331645e-02
-1.482314271514869457e-05
-1.116104715994695491e-05
-5.633537702991356464e-06
-1.370472353711778542e-05
-4.328194615281720156e-03
1.401755377524352619e-05
-1.190851415817772562e-06
-8.255903341250202693e-06
-1.445750253998556779e-05
-2.591123814506587041e-03
1.362629578139993691e-05
-3.065186792294431455e-06
-1.560697448277096537e-05
-1.892069919580905422e-05
-3.291372776398316605e-04
1.955131240612708015e-05
-6.822768428636273743e-06
1.256609944312516992e-05
1.624850286754992923e-05
-6.058050706918852385e-04
-1.870510329843406771e-05
4.910284005975050671e-06
-1.003047196762739575e-02
-7.003879280846959964e-05
6.566712692316821704e-05
-1.189140575488496039e-04
-4.145986455115469694e-05
-4.847645231428326516e-05
6.345636948670216326e-02
2.502862838285791272e-03
5.107187919930528439e-05
-5.082408486729032604e-05
-1.398560666450981830e-04
3.124906706166948235e-05
3.727764567366494066e-05
-1.597903200303104482e-02
-6.432117032689739586e-04
-5.699611785838844832e-05
4.591194899848999506e-05
3.085720339396592557e-04
-2.387135353669265681e-05
-4.034783048742544381e-05
4.291276349386254421e-03
-9.316510264354282159e-07
-1.800644866120446475e-05
8.332800845630575020e-06
-5.460439280907661481e-06
2.407206456704107100e-03
4.306557042990601016e-06
5.155179611736651049e-06
1.227058843075312796e-04
8.867874500965997536e-06
-3.325509874859112092e+00
4.610049715624674249e+00
1.492328329086897387e+00
3.786396837282028638e-02
-2.043259145152679146e+00
2.509196972655451052e+00
1.331907382807053786e+00
3.618127796054009249e+00
7.581409555962765083e-05
5.054351569877219095e-04
-1.140530757427952964e-04
1.044798445723894284e-04
1.204608694887072170e-03
-1.632691913175458832e-04
2.459452357774026109e-05
3.126724506873674973e-03
-5.231954300320842228e-05
-1.439309607093352584e-05
-2.712471871737879951e-03
2.935844547337467580e-05
-1.819676194044125546e-05
-4.389755135431172746e-03
2.747795693216869615e-05
5.850318836660168855e-06
2.811710385116778562e-03
-3.393516913933984732e-06
3.635115846245487328e-06
6.483447000964545973e-03
7.287248361734546832e-06
3.546625155774176869e-05
1.638886850262567753e-04
-2.830583007127046580e-02
-2.823865166861412221e-04
-2.415124761678441947e-06
9.962591113034348426e-06
4.209734285341811455e-05
-5.316890402479231698e-03
-8.022100169273818377e-05
-7.916250314853165351e-06
-1.511233418112208279e-06
-9.130918008203263556e-06
-9.317974721834682006e-03
1.449549230008488115e-05
5.065784916149228334e-06
-1.677206061914450285e-06
-1.705104384035921957e-05
-1.216879388610891261e-02
2.749952634338906536e-05
4.076898177949390463e-06
-1.336584912908355326e-06
7.076230545753163334e-06
3.858014223907780225e-03
-8.995218491233861695e-06
-2.298482632889071818e-06
-6.962802764093990938e-06
1.735274405469648791e-06
1.900392452128760526e-03
7.030580025536746924e-06
-6.524749327725553465e-06
8.369443540391621056e-03
9.285381678030169507e-06
-4.228215128205415073e-05
1.051409918516920186e-04
5.012204844517375441e-05
1.822165812240676797e-05
-5.273182709279371910e-02
-4.807501676990058245e-03
-2.190092211668972029e-06
3.252956006975253806e-05
-1.241688252886562834e-04
-3.973207208429044616e-05
-6.468744612598097635e-06
3.023911821666986841e-02
4.277737604710808543e-03
-6.124755810282560663e-07
-3.940364032822260337e-05
1.889138721954865415e-04
4.777258418956403579e-05
1.496182835074559078e-06
-2.684486778139465527e-02
1.352133130418052949e-06
3.799341565380359819e-06
1.668818621917733422e-06
-7.783895009286762289e-06
1.771808269406797151e-03
7.704143317661228614e-06
3.281212223599769209e-06
6.800334377274917258e-07
5.857916174794257579e-06
-2.807485551636998533e+00
1.891692607486314293e+00
-3.524397739816452768e-01
1.605063941385775239e+00
1.362194940627603490e+00
9.458450905787750829e-01
4.257369837954999570e-01
1.670570840459804307e+00
4.311253087992532446e-07
1.837866472041143489e-04
-1.179292512091862232e-05
3.883373478723845229e-06
1.687213510418896943e-03
-3.372007137883405241e-05
2.566484025917067622e-07
-3.427735340528189744e-03
-7.143477528328400489e-07
2.870966100867310889e-06
1.683961438363501626e-03
-4.574203401352724980e-06
2.857037661232348818e-06
3.053491465958493769e-03
-4.861208339151891650e-06
3.757934473912861867e-06
-6.361736977595042024e-03
-4.585115428309982722e-06
-3.798324456229109860e-05
-1.862288324776255913e-05
-9.344351735573115658e-02
5.082023181755585835e-05
-3.710070276946797951e-05
-5.390264147525707130e-06
5.095800264320427152e-06
-2.108788259348471153e-02
-8.143842894499765342e-06
-8.154156189696074736e-06
-1.181305992227674569e-06
-4.474873345621168546e-06
-4.320284709054896151e-03
8.985943809504941547e-06
-2.082141600982266908e-08
-2.052049930505435220e-06
-4.453419137050800659e-06
-2.583332298618919772e-03
8.351956147954145443e-06
-1.313757869287436798e-06
-4.188772437969792895e-06
-6.226170666953232132e-06
-3.183078519253280665e-04
1.260172556685932400e-05
-3.479921474051722474e-06
3.293564030355175599e-06
5.789257097410798596e-06
-6.156094021252899156e-04
-1.268242554583568919e-05
2.233075666249228735e-06
-1.002381393583491771e-02
-2.456395236679605003e-05
1.554193541781510854e-05
-1.490662567471148867e-04
-1.807231251952437433e-05
-3.284062707910782132e-05
6.350072113796635664e-02
2.497264788132647160e-03
1.866272636628217398e-05
-1.182167458053043018e-05
-1.204730551971951863e-04
1.319440611054115386e-05
2.586985456526877085e-05
-1.601498584398790281e-02
-6.368123512361800612e-04
-2.036543375693218594e-05
9.673510982148833038e-06
2.929583832550302063e-04
-7.692052849044381951e-06
-2.766960416661133103e-05
4.331898670579537036e-03
-9.682860858058391242e-07
-1.833188142842454620e-05
2.732123004488829147e-06
-1.513475985421993103e-06
2.411071289966942258e-03
2.370583180983318203e-06
3.287985371346774534e-06
1.206735542571668162e-04
7.796677769670255019e-06
-3.325510325723830984e+00
4.610057699101271389e+00
1.492328165398965290e+00
3.785915408447403097e-02
-2.043254885794737241e+00
2.509190910846603728e+00
1.331907816957960344e+00
3.618130536200197866e+00
-3.794622091447302006e-05
4.732416181938464326e-04
-6.221105388985574431e-05
-5.314822249573637362e-05
1.160400883601681423e-03
-8.907632512356226744e-05
-1.450040838818478071e-05
3.113339765102347487e-03
-2.849746871503727413e-05
8.320446357314618016e-06
-2.706474631266295693e-03
1.595628140458381651e-05
9.130050802227288682e-06
-4.382178322159241586e-03
1.496834791798586374e-05
-2.139234467958147553e-06
2.809624278705587404e-03
-1.906848700412044631e-06
4.671457925736795659e-08
6.483781371289413370e-03
3.829242988790455582e-06
-9.929512732635238702e-06
-8.797729051612362397e-05
-2.838526870623194615e-02
-1.520666913078114147e-04
5.268550482476890977e-06
-2.633291412321325791e-06
-2.376877573061316802e-05
-5.340685671834838159e-03
-4.308176738159522182e-05
-2.195968349549549559e-06
2.783102573418606855e-07
4.712351041342442442e-06
-9.314606623112930625e-03
7.825358550800913971e-06
2.445571064722101513e-06
3.619237866293852607e-07
8.866906919361766052e-06
-1.215903978843331339e-02
1.484013673385215132e-05
1.849625498537114392e-06
4.187298877181166553e-07
-3.313416918761325571e-06
3.853065896455511521e-03
-4.895976877518541803e-06
-1.372789788807342067e-06
2.088116508360540975e-06
5.884271576896934995e-07
1.898923009965512417e-03
3.624050731919936498e-06
-4.513743180209769422e-06
8.369715501775313801e-03
-3.024924751115078889e-06
1.929037322904216125e-05
1.270985838217344142e-04
2.727374609120636166e-05
1.093479878710760606e-05
-5.272969450704639155e-02
-4.808291326240813138e-03
7.736683795204089577e-07
-1.501344802836443196e-05
-1.392022964811470871e-04
-2.161517363912807217e-05
-3.708793401414002661e-06
3.023388628896569660e-02
4.279234731493311919e-03
1.319039365399795273e-07
1.812582984059286207e-05
2.071753369277501118e-04
2.600430110315020570e-05
6.841551805785067661e-07
-2.683516541010101328e-02
1.320312505914939185e-06
4.089151192575910130e-06
-5.543765344939156504e-07
3.322726312566591050e-06
1.775160116303233556e-03
4.218715618766387423e-06
1.942359990083992370e-06
2.619239097441057785e-06
2.900830597493407873e-06
-2.807485551438487104e+00
1.891692607508467461e+00
-3.524397737321758872e-01
1.605063941098518354e+00
1.362194940733747694e+00
9.458450906915070178e-01
4.257369837994842698e-01
1.670570840412980651e+00
-9.763438475385091144e-06
1.837883877976408109e-04
4.493630129644962203e-06
-2.912125691476350910e-05
1.687217364072173854e-03
1.037379702154025349e-05
-6.922061371043824561e-07
-3.427735631788481670e-03
5.060297896530385939e-08
-5.475254622431898547e-06
1.683961308342192369e-03
-7.421362889084435587e-08
-5.880375317675986281e-06
3.053491589190468741e-03
3.327149401516080905e-07
-5.341328878868464514e-06
-6.361737482154322665e-03
-1.737215524324729407e-06
5.336870639691606720e-05
5.334018748935540858e-05
-9.344352020680321558e-02
-9.325111215998559949e-06
-9.274370613892099022e-06
9.757646532408744425e-06
-9.599894442027131461e-06
-2.108788299115615938e-02
-3.342174781089337255e-07
-5.866967335752926415e-07
9.134924505625155889e-07
1.001934846000013973e-05
-4.320284938455685314e-03
-6.232532062424054856e-07
-3.270256395136635899e-07
2.360253295895203463e-06
9.459997034184954826e-06
-2.583332492655844755e-03
-3.258589543467864043e-07
-6.774535712690558912e-07
5.373357645070650669e-06
1.402868099434147236e-05
-3.183083062067306552e-04
-9.203220972999590448e-07
-1.288935120254168732e-06
-3.998276854486775868e-06
-1.388240313997927672e-05
-6.156089117365554130e-04
1.341320730897582812e-06
7.954344876262532741e-07
-1.002381339728634913e-02
4.073529410114291643e-05
-2.347140228953425122e-05
-1.490671536625687950e-04
-4.318282286822278542e-06
-4.811518209590191272e-06
6.350071997966261206e-02
2.497264592168313858e-03
-3.174005186374558886e-05
1.729944685405078624e-05
-1.204718971419328787e-04
3.676768130218230740e-06
3.207241642783156967e-06
-1.601498509308065671e-02
-6.368123365703149677e-04
3.414662706005210487e-05
-1.144822910342017931e-05
2.929568754984737721e-04
-4.588198532109556657e-06
-3.788501154543993332e-06
4.331897781282604935e-03
7.339428002428090579e-06
-1.833188215343926677e-05
-4.273936639616430231e-06
2.809234477306535034e-06
2.411071361424599324e-03
1.237594195238253457e-07
5.848744177780467234e-07
1.206735250180718114e-04
-3.182960993050284234e-06
-3.325509874934234222e+00
4.610049716461565694e+00
1.492328328992353015e+00
3.786396780958886654e-02
-2.043259144607376676e+00
2.509196971952642130e+00
1.331907382878732005e+00
3.618127796392482498e+00
-1.356404399998865375e-04
5.054306317032668076e-04
-1.017284149375321038e-05
-1.918908113102421945e-04
1.204602541226965735e-03
-1.145237027950774893e-05
-5.667232425160390855e-05
3.126723536114444160e-03
3.442101204600500373e-06
3.218985406736261506e-05
-2.712471189760468342e-03
-1.561844082013658458e-06
3.267677954463433257e-05
-4.389754041452321662e-03
2.342009716835851974e-06
-5.919368401791365586e-06
2.811709732364067738e-03
-3.281130360498286013e-06
4.247251998621036636e-06
6.483446336436368695e-03
-6.412400783735849485e-06
-1.412853785967301313e-05
-3.264867261476985211e-04
-2.830583909978269183e-02
-6.239581586342596724e-07
3.527038448736999462e-05
2.450835710337249182e-06
-9.052030403417750729e-05
-5.316892955280464253e-03
3.685170421048808211e-06
1.385977118108498135e-05
-3.581265806727909376e-06
1.711674096168871041e-05
-9.317974322977552390e-03
6.560877465947823766e-07
-3.722821876201291777e-06
-2.719799228392991042e-06
3.233724736865604147e-05
-1.216879266127972661e-02
1.008917904100701766e-06
-3.547671498136798876e-06
2.705669763063576488e-06
-1.132681549500288722e-05
3.858013451365119740e-03
-1.627556615430446209e-06
9.685255183881936100e-08
9.082669499724379067e-06
5.221680641976534006e-06
1.900391651793167805e-03
-5.019443095527155941e-06
-2.874193089665316182e-06
8.369442661219594209e-03
-2.042904807079355518e-05
6.475070311799357146e-05
1.051449824580586410e-04
1.121421782542375269e-05
-1.080914083618560683e-06
-5.273183045724660900e-02
-4.807501035246816365e-03
6.700154602943438946e-06
-5.077862853994983118e-05
-1.241715358187966815e-04
-8.120552694761927674e-06
1.342393419704190164e-06
3.023912120658430944e-02
4.277736906316859100e-03
-9.926756138412635810e-07
6.117966722420805866e-05
1.889173078191185365e-04
1.004746821103724990e-05
-1.283725251330432105e-06
-2.684487097918768911e-02
4.478029700226945433e-06
3.799305457589598865e-06
-3.691200456658717490e-06
1.056315106621931471e-05
1.771808960499592338e-03
2.884892027277185273e-06
-2.291233979151456364e-07
6.797576498768174201e-07
-4.189723971029345156e-06
-2.807485957026304657e+00
1.891698837897619390e+00
-3.524406121808520975e-01
1.605068084697781616e+00
1.362193770009438198e+00
9.458437758920683613e-01
4.257370669659870654e-01
1.670570471680399738e+00
-3.812101470711788480e-05
1.991466505864850013e-04
3.666243372837922366e-05
-1.038664778397152224e-04
1.723962173446494904e-03
9.202661914117314776e-05
-1.823234987662238667e-06
-3.430712530029572573e-03
1.078714581939101614e-06
-1.125031436829681487e-05
1.686774079103119063e-03
3.254966779093507830e-06
-1.288753718983129251e-05
3.058502042684296904e-03
5.079403372109746642e-06
-7.546912937517420590e-06
-6.361764625176262108e-03
-3.477730730177986664e-06
1.069615276215281276e-04
1.455855676502721069e-04
-9.349861838481082765e-02
-9.381700045692026801e-05
5.240257671701206818e-06
2.574576013692133158e-05
-1.957062174791938871e-05
-2.108466420020076518e-02
5.247801754863443553e-06
8.806503075728542906e-06
-1.260932216157211903e-07
2.362755686072841652e-05
-4.329217483375324797e-03
-1.109853577123277987e-05
-2.227624931829499767e-06
3.240941318697972856e-06
2.143775829118801799e-05
-2.591455432037207546e-03
-8.955418944660384107e-06
-1.661400415553615028e-06
9.237133944437030391e-06
3.322602991585283874e-05
-3.313745217897417334e-04
-1.580305407152611026e-05
-1.493136490965426092e-06
-6.393892375686011846e-06
-3.429793162676840631e-05
-6.018302514820958113e-04
1.812361102796705993e-05
1.488864986910059068e-06
-1.003034017041142673e-02
9.883456191642797542e-05
-3.619737027704403103e-05
-1.292665354444306070e-04
-7.615240726795780767e-06
2.485346889726420427e-05
6.345738482907208045e-02
2.503380667259523171e-03
-7.895721572568408452e-05
2.521051715137195200e-05
-1.284366534189143008e-04
8.164176726534167110e-06
-2.213404527053956705e-05
-1.597573482434565956e-02
-6.441296433628093286e-04
8.362603208335553265e-05
-9.620217303274245980e-06
2.928901573141580884e-04
-1.777238025452285145e-05
2.209040004023360535e-05
4.285421153595817684e-03
1.996810819224564162e-05
-1.873579584500764141e-05
-9.808767369760106730e-06
5.786957505824772221e-06
2.405982812484712841e-03
-1.503647360470296145e-06
-1.960967800037452015e-06
1.179316854130849513e-04
-2.022549869276311365e-05
-3.325508463068358900e+00
4.610029013314975721e+00
1.492328507649731684e+00
3.787659075460472757e-02
-2.043269655934768725e+00
2.509212717532822268e+00
1.331906485706794596e+00
3.618120852680566824e+00
-1.785154960740670997e-04
5.816826999246907208e-04
2.067225001661719585e-05
-2.557583238308969663e-04
1.311386393926003684e-03
3.800827691232981013e-05
-8.275426598210506202e-05
3.163984457912961783e-03
3.115468207577922578e-05
4.651204310814623479e-05
-2.729241081354255236e-03
-1.640183755027443304e-05
4.308239165677482722e-05
-4.407317217630562882e-03
-5.223740420830479532e-06
-4.859836535006861506e-06
2.814442111167542518e-03
-7.242662002333344881e-06
1.251745121317720941e-05
6.477150549849208794e-03
-1.992047116264077566e-05
1.614797658813148874e-05
-4.507313472483755125e-04
-2.810087156449844054e-02
1.117526148686150855e-04
7.929789526151595892e-05
1.943122645053264270e-05
-1.287626069810898592e-04
-5.252792016132615260e-03
4.179548688976701128e-05
3.553124534782553425e-05
-1.028876418311273485e-05
2.300743467826252934e-05
-9.326156188290456520e-03
-4.106375394602375609e-06
-1.153374873933308139e-05
-8.553950820276124773e-06
4.369749956602456646e-05
-1.219302399552529836e-02
-8.414556809624950439e-06
-1.045597774526899435e-05
4.430726553362239424e-06
-1.404533059188680254e-05
3.869348949586247626e-03
-6.182789514886583445e-07
1.590157931191566035e-06
1.144482941089851207e-05
1.219819865444714609e-05
1.900115911001166611e-03
-1.587052248168905670e-05
-2.384308112619126849e-06
8.367065838265748401e-03
-3.444349168771584685e-05
7.810877271185514561e-05
5.816124137895701141e-05
9.291306608281661033e-06
-1.364330014527642866e-05
-5.274857441554074017e-02
-4.803915680130066597e-03
1.242605994436291030e-05
-6.196783567894130083e-05
-9.289871973317209925e-05
-5.316013228530889471e-06
6.961362839752545094e-06
3.026277651026027665e-02
4.272147318737159506e-03
-3.089429885119155834e-06
7.443751544266341059e-05
1.516118205753936676e-04
7.103240588391238040e-06
-3.770291494776032939e-06
-2.688118327344150155e-02
8.415750129444992783e-06
2.860650827392446900e-06
-6.198567810292565339e-06
1.177702080343556238e-05
1.765828915000248415e-03
4.411416275252054644e-06
-2.524362626737327441e-06
-5.334669563224609163e-06
-1.265936004847917522e-05
-2.807485848588587629e+00
1.891710341795009631e+00
-3.524412129393449389e-01
1.605074509662646420e+00
1.362192304396636189e+00
9.458421990600954787e-01
4.257371774605186454e-01
1.670569298836850347e+00
-6.516557642128706189e-05
2.370828137963530095e-04
6.980637437258621061e-05
-1.708714578077221899e-04
1.812515267099267836e-03
1.738090487901541295e-04
-2.532561169234914179e-06
-3.437741327160253550e-03
1.928412316470038307e-06
-1.236840936155919633e-05
1.690168323577772138e-03
4.285126211362198234e-06
-1.520952683685897205e-05
3.066657647920840220e-03
7.588588976459926500e-06
-3.859548788996743914e-06
-6.366339972975997887e-03
-8.446267206579423657e-06
1.075937720698737839e-04
2.062701980273327744e-04
-9.360733891027663012e-02
-1.660764901913706220e-04
2.750863846193740713e-06
3.463196042234681636e-05
-2.128789238278077679e-05
-2.108360491175445203e-02
6.749760460381615745e-06
1.633117902501755820e-05
-2.917234708997503171e-06
2.986627845510666444e-05
-4.344284030059632207e-03
-1.821951609905606581e-05
-4.821812062186260075e-06
1.153800828342317256e-06
2.612931140806068117e-05
-2.604653176626726442e-03
-1.417678405327667739e-05
-3.702466378139644740e-06
7.136243884244594226e-06
4.217651201533553621e-05
-3.540598124127182001e-04
-2.603928038556974843e-05
-3.720809712158534172e-06
-4.116759987303861984e-06
-4.511170818192289611e-05
-5.765394999646638978e-04
3.070445149611224873e-05
3.790189150793621982e-06
-1.004058783058577042e-02
1.235320803408452867e-04
-2.432491182783440840e-05
-1.067534266566262744e-04
-2.407404676125961214e-05
4.500534020239317320e-05
6.338919441167392699e-02
2.513575004998438393e-03
-1.011133101681783379e-04
1.432767978065225685e-05
-1.312127760648125279e-04
2.285997479476857856e-05
-4.045265565515368268e-05
-1.591050516198644696e-02
-6.565777136585635452e-04
1.056508748269570846e-04
7.420177664570921374e-06
2.792215073374927246e-04
-3.974048915248056045e-05
4.013398129714806900e-05
4.206504160955836132e-03
2.899477853163445472e-05
-2.007722330813565580e-05
-1.161907365369689582e-05
6.414852674615596697e-06
2.396719454573353631e-03
-2.010957007048363356e-06
-3.470325161358802041e-06
1.094282912092403663e-04
-3.545069733718230951e-05
-3.325506491235973083e+00
4.610003953181572633e+00
1.492328452520086612e+00
3.789201929410434405e-02
-2.043281795499737985e+00
2.509231806756752281e+00
1.331905649946414805e+00
3.618112624994357596e+00
-1.546256080060078226e-04
6.661508291878681176e-04
2.415299502074515518e-05
-2.247574310818958366e-04
1.432170278771697971e-03
4.790589113961237519e-05
-7.988418718322249073e-05
3.211901938898115150e-03
4.526900917723423204e-05
4.444955998685663653e-05
-2.750895351636071552e-03
-2.365003336183209461e-05
3.739203950994339617e-05
-4.426317691484661122e-03
-6.178241233073049345e-06
-1.270547951376857171e-06
2.814813574267964122e-03
-1.162584819874184190e-05
1.778765689026203819e-05
6.463557575007459165e-03
-3.074671934303191141e-05
5.144525666775050238e-05
-4.116054776629529742e-04
-2.785368552802018963e-02
1.528536503633955114e-04
1.188019470270193349e-04
3.394419410107359856e-05
-1.212118910573938474e-04
-5.172555107430200708e-03
5.911051366904408261e-05
5.397686636748580847e-05
-1.471225979452544185e-05
2.040106026585273641e-05
-9.335459106311670349e-03
-5.284861261894154215e-06
-1.791848272352391079e-05
-1.260392175108141295e-05
3.899116379218696670e-05
-1.222120131119195166e-02
-1.101692416159393379e-05
-1.615027722789478767e-05
4.669903242166053684e-06
-1.130685959073394670e-05
3.881438164790952227e-03
-1.658871885172763473e-06
2.611713287024011204e-06
9.056186492341578237e-06
1.590188587635121053e-05
1.895300056676730086e-03
-2.425792114035643687e-05
-2.871797737693155354e-06
8.362365844318408667e-03
-3.713663949862440244e-05
6.052105091864578369e-05
1.225203837570482601e-05
1.858035738628632786e-05
-2.238083049625120939e-05
-5.278112584116504552e-02
-4.797880264613394591e-03
1.436190836891908194e-05
-4.880124010664467255e-05
-6.349571244994422895e-05
-1.149311940697541816e-05
1.113187462351276330e-05
3.030251786604461553e-02
4.263479456815749864e-03
-4.537327746991730965e-06
5.838854543082708779e-05
1.174412819396038004e-04
1.490700663029275182e-05
-5.847642814005688899e-06
-2.693743747840695105e-02
9.765419057392309786e-06
1.528771774858325988e-06
-6.710727050337587997e-06
8.077114441076294274e-06
1.761478407813445255e-03
7.469279520646850300e-06
-4.199688328383094166e-06
-1.365583617359507157e-05
-1.873679377714517773e-05
-2.807484866322869088e+00
1.891723512972746102e+00
-3.524409522113536863e-01
1.605080640172630524e+00
1.362191322131193649e+00
9.458412443592437713e-01
4.257372608093650812e-01
1.670567464293208237e+00
-6.866061441482919142e-05
2.900179902370315314e-04
8.647772735188208511e-05
-1.761345665872943525e-04
1.934390611794264579e-03
2.134267050046051906e-04
-2.330427994938821957e-06
-3.447340960087748145e-03
2.223592498022474196e-06
-9.045219612406536655e-06
1.692254408370271650e-03
3.261143676080458427e-06
-1.207110651212153424e-05
3.074907770690769437e-03
7.324800010279548382e-06
1.214713350101713124e-06
-6.376141351854177838e-03
-1.300194511937482464e-05
6.791102953688189976e-05
1.924094083596261369e-04
-9.373888395481817792e-02
-1.927389658929987452e-04
-9.115934077246353698e-06
3.125388893371172227e-05
-1.533184278032726904e-05
-2.108726264940021661e-02
4.751142865169370256e-06
1.922548290791703675e-05
-4.848557400867980170e-06
2.533021288335013166e-05
-4.360113843002317788e-03
-1.942159963512160191e-05
-6.644703217467883436e-06
-1.532910005723205993e-06
2.140612518959440677e-05
-2.617968044141453111e-03
-1.443068467081674500e-05
-5.446910295518006460e-06
2.194395082986508208e-06
3.592324329987142819e-05
-3.786016376862340067e-04
-2.788885088738343843e-05
-6.162214166039105803e-06
-1.002878885012484971e-07
-3.964377517098453704e-05
-5.477213566456604153e-04
3.397268594819682279e-05
6.025314624983264900e-06
-1.005041962248610574e-02
1.039203512239729682e-04
-3.724248755450022461e-06
-9.471174632536872879e-05
-4.086690145120166698e-05
5.003193134630660424e-05
6.332320511062061730e-02
2.524121866560325497e-03
-8.711619719746932933e-05
-1.658813849244999888e-06
-1.224891141561843010e-04
3.677408544097360223e-05
-4.591816190588208954e-05
-1.584305130374030757e-02
-6.697768028380398286e-04
8.982401093196828827e-05
2.172577090035816990e-05
2.499947599496372551e-04
-5.621488822854839150e-05
4.494093643661282994e-05
4.123022872660087046e-03
2.709081416634274238e-05
-2.215436489986571326e-05
-9.222504183028986139e-06
4.791462668409064704e-06
2.386304627602688251e-03
-1.550276016217047570e-06
-3.633354889206703105e-06
9.638448366212475906e-05
-4.095904404348187973e-05
-3.325504649396929135e+00
4.609983912086417668e+00
1.492328137807305666e+00
3.790450879838538900e-02
-2.043290918535317413e+00
2.509247102607786939e+00
1.331905232315365950e+00
3.618106222623930446e+00
-8.331159134017015187e-05
7.258627055039289016e-04
1.174137509755705939e-05
-1.231064778657717164e-04
1.520275833820258901e-03
3.181595417378155780e-05
-4.815459028376511144e-05
3.253020743704394639e-03
4.382781876884703909e-05
2.654782425544665038e-05
-2.769563282832237724e-03
-2.260463992971238590e-05
2.019580409750105956e-05
-4.439253275844785157e-03
-3.223927579640312382e-06
1.151788945960498255e-06
2.812174045449819873e-03
-1.351057583900227428e-05
1.392573738301139779e-05
6.446712277075045475e-03
-3.353255388098451759e-05
5.688428420874800680e-05
-2.350001058630648621e-04
-2.765692019717167285e-02
1.327257986949333926e-04
1.332848313425933511e-04
3.158070061775357715e-05
-7.137554663255501683e-05
-5.105735130573265008e-03
5.526520875705831840e-05
6.046520917203125622e-05
-1.243476258690060731e-05
1.128850683318896639e-05
-9.342296318739340411e-03
-3.939345854838525582e-06
-2.008472177045696934e-05
-1.082266845229049425e-05
2.172338264045941622e-05
-1.224258101506173375e-02
-8.586718841491547131e-06
-1.809915857344843008e-05
3.144400566321230530e-06
-5.553187095037497224e-06
3.889473372969086233e-03
-3.086203791174868339e-06
2.904317380013143650e-06
4.160124998705728830e-06
1.190696523802693649e-05
1.886963567760786701e-03
-2.622186702609037001e-05
-3.290540121222888930e-06
8.356781515343872369e-03
-2.555314154115581425e-05
2.815098382093643016e-05
-1.348024862497148105e-05
2.775579263803585920e-05
-2.489229063126788358e-05
-5.281948148947843841e-02
-4.791369631165168057e-03
1.051926805707130819e-05
-2.326356381008317539e-05
-4.842918409748704460e-05
-1.834164604998183182e-05
1.240180567396562448e-05
3.034538119080261789e-02
4.254656164895668190e-03
-3.926554160363081064e-06
2.768551565891068931e-05
1.010824924890829949e-04
2.324690435692972312e-05
-6.539968061094783130e-06
-2.699467225090691758e-02
6.106671450457977904e-06
2.608227565128644940e-07
-4.660515190494430007e-06
3.018450882112782334e-06
1.760907536341055693e-03
9.406572619050111906e-06
-4.736680309986664995e-06
-2.139104643707374570e-05
-1.940343648003579031e-05
-2.807483466913007319e+00
1.891733679627032982e+00
-3.524400425837119766e-01
1.605084455158196644e+00
1.362191085032896432e+00
9.458411444164220860e-01
4.257372928644855836e-01
1.670565679774732359e+00
-3.720560391806775589e-05
3.379921281717270421e-04
7.605838378895658411e-05
-9.408972212354005512e-05
2.043797775006626124e-03
1.863991519112515787e-04
-1.141362292964569569e-06
-3.455912199731406113e-03
1.833248149222720474e-06
-3.529850647494594910e-06
1.692517360146429976e-03
1.582620639858618990e-06
-5.185580200371961093e-06
3.080465985963741753e-03
5.189587455914129984e-06
2.494315047304198797e-06
-6.387131756038842527e-03
-1.322585214057196186e-05
1.986721236499833980e-05
9.577581637424894710e-05
-9.384574194723953322e-02
-1.616513342218762095e-04
-1.543305723535983958e-05
1.604865642612226612e-05
-5.869898725632245555e-06
-2.109373308993473667e-02
1.883573652454201709e-06
1.693317287565117426e-05
-3.639639350601280390e-06
1.162190976457336752e-05
-4.371273206045763089e-03
-1.511276045942008535e-05
-6.389356905674560128e-06
-2.118140680777132683e-06
9.496275477829378995e-06
-2.626902259908187823e-03
-1.071857145597597218e-05
-5.453577777779724252e-06
-1.060614203788612680e-06
1.654482088393651861e-05
-3.964755074733562800e-04
-2.179163196095991340e-05
-6.520041973179564149e-06
1.813005230317522968e-06
-1.878236067936963854e-05
-5.255755888442579897e-04
2.735707031800449382e-05
6.198439184841221103e-06
-1.005664320600007343e-02
4.955250818731403033e-05
5.502511637430734901e-06
-9.579261946564927507e-05
-4.307522494465878957e-05
4.207733310166813958e-05
6.328115682723195468e-02
2.531434561614050779e-03
-4.263053755239271179e-05
-6.658088231889704793e-06
-1.068323638249690224e-04
3.783531076616394786e-05
-3.931533911298110292e-05
-1.579639418538050441e-02
-6.791799068019853045e-04
4.330256779985592003e-05
1.656442002558068796e-05
2.172726853158839732e-04
-5.403719376993643440e-05
3.806519412223764850e-05
4.063738881115181584e-03
1.203000526867845144e-05
-2.419356555633233666e-05
-4.143970120056509460e-06
1.932440096600770495e-06
2.378361165700597184e-03
-7.746761625850389862e-07
-2.950450086177763788e-06
8.376112006606829352e-05
-3.329971322910050922e-05
-3.325503599727035020e+00
4.609974794988371372e+00
1.492327776540369966e+00
3.791031047578484470e-02
-2.043294598796404404e+00
2.509254084339311852e+00
1.331905243720857612e+00
3.618103452992487146e+00
-3.692148406670875319e-06
7.466622063181767776e-04
4.984066089389991308e-06
-5.026959124062055178e-06
1.553440558587776193e-03
1.900962682051526238e-05
-1.050722346037318698e-06
3.273952270787063024e-03
3.272871389970976984e-05
6.314350366052542092e-07
-2.779125533483682488e-03
-1.680519868962039262e-05
8.870741836540073685e-07
-4.443305223261508063e-03
-1.521543771442361712e-06
-3.330447691725019237e-07
2.808613651794268900e-03
-1.084508477444959468e-05
-2.885483077766999629e-07
6.434258475501326673e-03
-2.632610262901965745e-05
1.486580112323307889e-05
-7.810279991434632453e-06
-2.756813980115677826e-02
9.500422236345134231e-05
1.111843749694496668e-04
7.097628422167052264e-06
-1.949415746671895408e-06
-5.073196724552296935e-03
4.091592268779430314e-05
5.079021430337272948e-05
-2.529035264225997144e-06
4.440084308438904940e-07
-9.344923530452039703e-03
-2.597828704894271419e-06
-1.692326213425394672e-05
-2.237988700013039742e-06
8.267784358083837701e-07
-1.225138091490043067e-02
-5.807609385341213400e-06
-1.524903488379253447e-05
4.259391315831551705e-07
-3.616967111256006891e-07
3.891814646612713410e-03
-2.781027371758272796e-06
2.556015832149536476e-06
-5.491962766977431770e-08
-1.596411304488978043e-07
1.879561406676443251e-03
-2.056210043210027929e-05
-2.371602080139611156e-06
8.352789019935854403e-03
-3.667509968826775082e-06
2.193619901643897648e-06
-1.639156859013297029e-05
2.385177435897220706e-05
-2.167791499291850534e-05
-5.284681151228150936e-02
-4.787029628994303627e-03
1.701718648371970747e-06
-1.671646888050734154e-06
-4.837066309027073354e-05
-1.601329224973020487e-05
1.061525902543299197e-05
3.037382900536956046e-02
4.249087640473278062e-03
-8.055304578653517330e-07
2.036949160467317774e-06
1.024884325667905452e-04
2.019491473488556517e-05
-5.456695032112975107e-06
-2.703062593517862114e-02
-2.268919172287793504e-06
-4.998522422803228532e-07
-6.989587071882255719e-07
4.073130843862870755e-07
1.763002978046446408e-03
7.748718807841713750e-06
-4.121230254280026002e-06
-2.575697414754714556e-05
-1.406860386614043945e-05
-2.807482670999992269e+00
1.891737312535016979e+00
-3.524393903919993964e-01
1.605085396238029150e+00
1.362191239716366908e+00
9.458414014942214676e-01
4.257372894434009458e-01
1.670564872951305180e+00
2.194804519617223802e-05
3.584186763618857656e-04
4.042370673213193895e-05
5.468365955131482682e-05
2.089983531795701344e-03
9.895635999330292790e-05
6.028138014804920985e-07
-3.459496256796021352e-03
9.563916283369158044e-07
1.193417304085792119e-06
1.691994946917628776e-03
9.632499441560823988e-07
2.157794370189464777e-06
3.082079802204613223e-03
2.973178556882709871e-06
-2.574674647596432461e-06
-6.392619171466811662e-03
-7.226738350552987341e-06
-5.433303861352245068e-06
-5.092066605624869554e-05
-9.388642582333908693e-02
-8.711307302621999022e-05
-3.415749147577028331e-06
-4.836087189006243655e-06
1.905027538852447310e-06
-2.109771291691108289e-02
1.150371457337993398e-06
1.131364084890250040e-05
1.114814016481179007e-06
-5.495927466425485481e-06
-4.374780278147905738e-03
-8.220050795318596828e-06
-3.681845771962012762e-06
6.895763374841735205e-07
-4.242979124817047927e-06
-2.629480738423212779e-03
-5.865386658356906948e-06
-3.034615670762113673e-06
4.141703986870618516e-07
-7.864570133281242916e-06
-4.023767520370692533e-04
-1.184593969145234570e-05
-3.379981827132662378e-06
-5.884838570111424551e-07
9.325871862883173871e-06
-5.176968821995022504e-04
1.481620791526402074e-05
3.222013846347814028e-06
-1.005828018783438103e-02
-1.466985011049961011e-05
-8.057636696095676467e-06
-1.009991966379373239e-04
-2.260232650252298037e-05
2.959258974036907836e-05
6.327021741250590803e-02
2.533678402184606944e-03
1.270756962874772727e-05
7.572465139128622575e-06
-9.715554719304464676e-05
1.996303219171770087e-05
-2.709040739927809035e-05
-1.578220445756777987e-02
-6.821773113037271109e-04
-1.286629406155136287e-05
-1.275854948067000373e-05
2.009449609432754924e-04
-2.871428515618979174e-05
2.654340854985914492e-05
4.044919123632818511e-03
-1.183590787692465910e-05
-2.514225777615336290e-05
1.244359947598250874e-06
-6.421074133472427016e-07
2.375629460618438119e-03
-4.990079977268532720e-07
-2.214574662540378785e-06
7.810853807933172005e-05
-1.505115175286924669e-05
-3.325503655599585606e+00
4.609976547682991033e+00
1.492327697140717335e+00
3.790927787513314468e-02
-2.043293568813542738e+00
2.509252757364230479e+00
1.331905379593879779e+00
3.618104083561707096e+00
4.704025803762821488e-05
7.383187872028589569e-04
2.171460576485079944e-05
7.513854766783776814e-05
1.542357807500800877e-03
3.558832268972700232e-05
4.149693453808334342e-05
3.271482445706607074e-03
2.166654690223266395e-05
-2.224418290687600489e-05
-2.778031055533695948e-03
-1.161695652216661345e-05
-1.153245712554425289e-05
-4.441272307044482302e-03
-5.386380286471757184e-06
-5.771616458551395709e-06
2.807680085182936991e-03
-3.648748438210100227e-06
-1.996390097912433749e-05
6.433367897017741067e-03
-1.156900300044344079e-05
-6.346990307057601350e-05
1.691638799061464323e-04
-2.758579609640216326e-02
8.866123706377542673e-05
5.613774562058690095e-05
-3.175855094612607243e-05
5.707985393772344377e-05
-5.077991884123164018e-03
3.070994796143021260e-05
2.741316553625567593e-05
1.158061649016030694e-05
-7.198459281199479414e-06
-9.344085557171886991e-03
-3.641849544041747028e-06
-9.531466702381921066e-06
1.022682823169911695e-05
-1.423277842044131220e-05
-1.224904966578638753e-02
-7.262164169837195132e-06
-8.531462424763886111e-06
-2.348862017708755919e-06
1.621364742622174132e-06
3.890460776938529670e-03
5.191784437260889087e-07
1.914430588744403722e-06
-1.264228103196396539e-06
-1.601806481293782455e-05
1.878511914400210958e-03
-9.428782315689725961e-06
5.771929664157395016e-07
8.352550294637594089e-03
1.952058271132721856e-05
-3.474840943818501633e-06
-9.805977921342691386e-06
2.741393010544826387e-07
-1.548801831821973172e-05
-5.284833709382030092e-02
-4.786928614019601846e-03
-8.587806821397841461e-06
4.674357640365440670e-06
-5.302355641725989320e-05
8.846839887272194144e-07
6.916859562822171112e-06
3.037445320760923800e-02
4.249110757507714060e-03
3.685492089169833610e-06
-5.033549165555660079e-06
1.082573294764939431e-04
-6.884896515389324394e-07
-3.061674438841041537e-06
-2.703045003505465810e-02
-1.237845542609603832e-05
-4.600511650466260776e-07
3.561653609136947747e-06
2.041753320653134137e-06
1.764217701546603794e-03
1.679920054985465985e-06
-2.866621372486095086e-06
-2.549679480647182571e-05
-4.893831369777843297e-06
-2.807483466356742063e+00
1.891733679642537247e+00
-3.524400417648609340e-01
1.605084455070369787e+00
1.362191084886488435e+00
9.458411443355849713e-01
4.257372928231386022e-01
1.670565679940079429e+00
8.515278876436007467e-05
3.379883524806338770e-04
-6.877852854538018505e-06
2.105326151379321379e-04
2.043789942839300405e-03
-1.494107582089175537e-05
2.213286454830898071e-06
-3.455911540895398662e-03
-1.377589692917085249e-08
3.055328611028513584e-06
1.692518054732929838e-03
2.386328840657066256e-06
6.844023712212260178e-06
3.080466103761798219e-03
2.266450608757506016e-06
-1.219759353179876588e-05
-6.387130271476236867e-03
3.678888036626890201e-06
5.691287206313124793e-06
-1.878870011028440246e-04
-9.384573785110554567e-02
-2.054905935443866063e-06
2.996232378380924832e-05
-2.269077903969622504e-05
4.563689366128678487e-06
-2.109373153300424936e-02
4.141258648232324600e-06
5.418100087954173988e-06
7.659630884620190869e-06
-1.889924138858061571e-05
-4.371273317681566989e-03
-2.500661660036843273e-06
7.318654329859511164e-07
5.980170216489509124e-06
-1.402958286723420811e-05
-2.626902528359965992e-03
-2.860195330128070484e-06
1.336989833648878840e-06
6.444598609812277942e-06
-2.714268958334153150e-05
-3.964755731304767539e-04
-3.424760878154099412e-06
2.940332416759948108e-06
-6.694356116072607099e-06
3.308054145014036745e-05
-5.255759537884582833e-04
2.579769527600260436e-06
-2.470602944819723116e-06
-1.005664402099122959e-02
-6.120741032680024612e-05
-4.012516511190034789e-05
-9.578867492324887913e-05
1.687969883631014530e-05
2.185853929724013189e-05
6.328115236788701969e-02
2.531435193416922951e-03
5.536299018341976462e-05
3.607378481693536925e-05
-1.068359071537498806e-04
-1.311967077108160389e-05
-1.723266843578123727e-05
-1.579639095790200815e-02
-6.791805717292765917e-04
-5.461906953457658977e-05
-5.504825438607634371e-05
2.172770968385844470e-04
1.263192995315814343e-05
1.843206216469746775e-05
4.063735298147798727e-03
-3.474828555270593160e-05
-2.419348540644210578e-05
4.566646146522202517e-06
-1.636605019390997422e-06
2.378361366068273194e-03
-1.285564773435523200e-06
-2.245803241630825204e-06
8.376156579867398509e-05
6.132529450078998574e-06
-3.325504649198514073e+00
4.609983908167939681e+00
1.492328137848063063e+00
3.790451106012453913e-02
-2.043290920526466437e+00
2.509247105401372302e+00
1.331905232094490188e+00
3.618106221330024130e+00
5.282849938704589941e-05
7.258779714312931430e-04
6.468232687694031198e-05
9.080355837984696251e-05
1.520296612129365182e-03
8.801879761833503754e-05
6.295900295755368112e-05
3.253026565641149379e-03
1.833661570353314945e-05
-3.327623104288944869e-05
-2.769565857743740492e-03
-1.101743370102901504e-05
-1.309959266866223745e-05
-4.439256850424185864e-03
-1.554300757475547953e-05
-1.233516206969266587e-05
2.812175247744303896e-03
5.848432209563451438e-06
-3.625244848859557692e-05
6.446712603985176385e-03
5.097615990001671931e-06
-1.423952478455450257e-04
2.323826520492456508e-04
-2.765688346352044788e-02
1.371081944656575417e-04
-1.405588848299631055e-05
-6.759415523665514498e-05
8.353292593018397905e-05
-5.105725025611660556e-03
3.416249734758559632e-05
-1.623774557253790077e-06
2.366631281129555000e-05
-9.053799491274705055e-06
-9.342297979696288779e-03
-7.802791543619255190e-06
-6.017855556944498218e-07
2.106236119411413745e-05
-1.829376730944735365e-05
-1.224258564612553703e-02
-1.451319587054868747e-05
-3.748891055968557045e-07
-4.040830768413419139e-06
1.017179093398009769e-07
3.889475802498571378e-03
6.352144081775998914e-06
1.374689723292104431e-06
7.228577485761390382e-07
-2.866361521383847062e-05
1.886964671076025351e-03
2.807722425184935834e-06
5.139374402249265255e-06
8.356781884555611675e-03
3.433105398492959811e-05
1.018595942218308273e-05
-1.349118610258855013e-05
-3.858447717776267795e-05
-9.682687040343775157e-06
-5.281948090112767447e-02
-4.791369719476570518e-03
-1.599906742368808969e-05
-4.373862549573422830e-06
-4.842185494169208310e-05
2.948962232936716899e-05
2.908737406770388905e-06
3.034538148849055469e-02
4.254656184646947795e-03
7.625455370281825415e-06
6.415196630474179906e-06
1.010733014781133336e-04
-3.577537394575331167e-05
-1.338757837041110209e-07
-2.699467355813126024e-02
-1.977796653006129524e-05
2.607558200778512660e-07
6.417766847943341763e-06
6.640541329503535346e-06
1.760905492614950893e-03
-7.320413291491417463e-06
-1.699265142022565754e-06
-2.139140857023115724e-05
4.329836641287897886e-06
-2.807486174536109491e+00
1.891725083822551445e+00
-3.524424968657008383e-01
1.605083407819811736e+00
1.362190050018128318e+00
9.458397181958473343e-01
4.257373419418432059e-01
1.670568061422537998e+00
1.238234340842438207e-04
2.804910761852584685e-04
-4.757351506722189892e-05
3.036885531227195931e-04
1.914724066227890603e-03
-1.111206943739884498e-04
3.027140852082103916e-06
-3.445967316684594647e-03
-7.050764544066094437e-07
1.937575798732364982e-06
1.695483077286805661e-03
5.470798364723663221e-06
7.468825925930410092e-06
3.077691873897554602e-03
3.506644060519861994e-06
-2.105104441328871264e-05
-6.369781769157833486e-03
1.550669011371078615e-05
4.094084625506280836e-05
-2.576953571021115040e-04
-9.374269329356203773e-02
5.957200983767419150e-05
7.475907055201036727e-05
-3.045049425729901693e-05
2.190100412578646974e-06
-2.107964009720577139e-02
1.001547786062777489e-05
1.761744768137487194e-06
1.281310070776123646e-05
-2.363497309911098568e-05
-4.364343823944360351e-03
-4.391411058125545622e-07
5.302883557724259804e-06
1.097388424854562782e-05
-1.654756856596771987e-05
-2.622541972544291562e-03
-3.133989161107025943e-06
6.183919054336144255e-06
1.350455180918679897e-05
-3.411793365611390054e-05
-3.839064755322721899e-04
-1.510516215342472610e-07
1.037638482935753706e-05
-1.310873038691665679e-05
4.316961859724737980e-05
-5.440816665348661161e-04
-4.280621524039994230e-06
-8.980519489743816585e-06
-1.005456886797757333e-02
-7.372644619260592595e-05
-7.217165879069128087e-05
-7.004343463024118727e-05
6.105099315918800730e-05
2.325960544326785255e-05
6.329547329883114526e-02
2.527227569497042785e-03
6.959653699804866451e-05
6.283872885311685477e-05
-1.410565092115179759e-04
-4.928710553082042830e-05
-1.450930102066741372e-05
-1.582299082332390069e-02
-6.731355989373998374e-04
-6.694830995203354543e-05
-8.857009996698870786e-05
2.687391606052911002e-04
5.454393182546400149e-05
1.795106763085672010e-05
4.101624874295552517e-03
-4.676486345425715147e-05
-2.152416838147357535e-05
4.854982626189202144e-06
-8.835649671455608886e-07
2.384544194585612974e-03
-3.029496183061645986e-06
-3.263471478808784593e-06
1.003325351963554147e-04
2.185929075916498012e-05
-3.325506036017135347e+00
4.609989873568192564e+00
1.492329086101767510e+00
3.790031752404317972e-02
-2.043290056828142909e+00
2.509242464261702832e+00
1.331904563384525231e+00
3.618107563736258747e+00
2.583364534421335535e-05
7.331056039792723661e-04
1.181921445176973114e-04
5.516799590607452910e-05
1.521205269287263361e-03
1.570869888449710956e-04
5.818667441174740345e-05
3.231968592602566838e-03
2.379203189722695083e-05
-3.017354531926337536e-05
-2.759774801550410675e-03
-1.514065392526227463e-05
-6.655401800230335804e-06
-4.442612357346093985e-03
-2.827932044503708053e-05
-1.584223120966851201e-05
2.822245743282058433e-03
1.423551501861205708e-05
-4.091190541064005233e-05
6.470576121327981101e-03
1.772372009343056227e-05
-1.796645852297215965e-04
1.841555044563249395e-04
-2.771218321960120315e-02
2.223251420708745655e-04
-7.656210283845208558e-05
-8.217596762307777854e-05
7.328355484525593143e-05
-5.134035272602600550e-03
4.979557662262816542e-05
-2.684064813669201517e-05
2.787886050795594360e-05
-6.036883080111482445e-06
-9.342163529482616288e-03
-1.355363727772950431e-05
6.929874374570413089e-06
2.496676218112297172e-05
-1.277647360102051666e-05
-1.223988213924965401e-02
-2.489322261674486281e-05
6.545249415644864636e-06
-4.057620435439683398e-06
-2.848114418420991352e-06
3.892275779809509662e-03
1.261104004725780226e-05
1.124358528398634138e-06
3.931529652384016742e-06
-3.188925523335228810e-05
1.903662068030228345e-03
1.179037909850056598e-05
9.867078047344099120e-06
8.364254044470168653e-03
3.530094206349874747e-05
2.863850939735543239e-05
-4.038748768221662273e-05
-7.866778278578355097e-05
-6.229239947982111587e-06
-5.276918974175513061e-02
-4.798645369041091777e-03
-1.742014091385343393e-05
-1.830310760707772914e-05
-2.621727000531496416e-05
5.943275791111642456e-05
-8.838367416875663840e-08
3.029754752284913658e-02
4.263228338913837082e-03
9.074317514350710065e-06
2.341335762080016847e-05
7.117197475078407623e-05
-7.235138454435275333e-05
2.376776202951503151e-06
-2.693881996614563151e-02
-2.084838221465403841e-05
1.212968162555310345e-06
6.719339571908562115e-06
1.057400665904625860e-05
1.751684542440984805e-03
-1.605972660895839884e-05
-1.036673229108010615e-06
-1.570484005219601866e-05
1.013808490800815382e-05
-2.807490162579836745e+00
1.891715586703333729e+00
-3.524463108391587274e-01
1.605083672810587281e+00
1.362188101452254552e+00
9.458371577645104944e-01
4.257374455473111330e-01
1.670571260922040446e+00
1.190689294724135109e-04
2.058968666959060784e-04
-6.799722103106997238e-05
2.898284661036944362e-04
1.748195233933273925e-03
-1.578310263426846395e-04
2.731266233564903443e-06
-3.433222222584451835e-03
-9.296534072461393444e-07
-4.162009410034847532e-07
1.700840191386459969e-03
8.621984286651119051e-06
4.909993251619855934e-06
3.075893783556140661e-03
5.722656897436745533e-06
-2.321189326919577270e-05
-6.345394484658003695e-03
2.354448933246581677e-05
7.078492179454464448e-05
-2.337767123774640041e-04
-9.362049749238315899e-02
8.067806071025620130e-05
1.129025689821724237e-04
-2.622616291415782053e-05
-1.906848809012760154e-06
-2.105846943259410617e-02
1.578684731694836297e-05
8.770456244114129452e-07
1.372514076170668302e-05
-1.924936458141749665e-05
-4.358312350566532004e-03
-1.849854064964206492e-06
8.481117086564912884e-06
1.258765511198621750e-05
-1.241799260386091487e-05
-2.619806386047544757e-03
-5.728764120400400492e-06
9.766375766852827256e-06
1.680612976767798550e-05
-2.795141244058221993e-05
-3.716757720578855268e-04
-1.921081299225178780e-06
1.615043608552861539e-05
-1.568384175930915268e-05
3.704613851592580462e-05
-5.643993618920509821e-04
-4.587157839539980061e-06
-1.393574637005396839e-05
-1.005433640158166775e-02
-5.432031092842404805e-05
-8.192226249527083284e-05
-2.535814637259596604e-05
9.202376768146414328e-05
3.072010374864228354e-05
6.329757661184565176e-02
2.523900679704966284e-03
5.484968022277404563e-05
6.978876152676490930e-05
-1.924178075151558554e-04
-7.403855333765858252e-05
-1.767240843759304884e-05
-1.584401600903876176e-02
-6.677441086566995865e-04
-5.085840466145419330e-05
-9.282350783174734567e-05
3.409285732597587808e-04
8.098643348516739869e-05
2.294240253336732061e-05
4.135497849298096391e-03
-4.239626175753146087e-05
-1.801728794660946854e-05
2.725752889875049313e-06
5.286742672366276027e-07
2.390854551218006552e-03
-4.850980873908160968e-06
-4.732086631718276606e-06
1.225696979339217546e-04
2.688791386114651455e-05
-3.325507184133812189e+00
4.609989910141797154e+00
1.492330252891767906e+00
3.789964538021366180e-02
-2.043292567973348461e+00
2.509242317074116269e+00
1.331903481660552169e+00
3.618106806159743449e+00
-3.086062345789322975e-06
7.672226942774166116e-04
1.553570829852399737e-04
9.924832894598159774e-06
1.558233616331198765e-03
2.066819747642321221e-04
3.509011998340490278e-05
3.219909403063102391e-03
3.170994295823244323e-05
-1.771985089802034227e-05
-2.753989588346577276e-03
-2.010473161604813889e-05
4.150597931744397676e-07
-4.452449244673325687e-03
-3.716663821289151420e-05
-1.315329028458041475e-05
2.834921115291857453e-03
1.857396892801048744e-05
-3.066718804307133118e-05
6.496314364306385834e-03
2.297662881093346976e-05
-1.499231984028219706e-04
8.603200444990221729e-05
-2.770794704093661881e-02
2.922515431972014569e-04
-1.138617636034666041e-04
-6.635332153468865137e-05
4.095127758695537630e-05
-5.145670302865401786e-03
6.555877233038886359e-05
-4.170027090368920143e-05
2.182756825006295387e-05
-1.751796001092743440e-06
-9.344744444767629291e-03
-1.778418654147797149e-05
1.128223665673279800e-05
1.966822033052846878e-05
-4.344506268305653478e-06
-1.224484426734040975e-02
-3.268016987258481535e-05
1.056119122556964282e-05
-2.633120088796327290e-06
-4.107746398989738130e-06
3.899358647160442760e-03
1.652455939310025452e-05
1.049318139095094590e-06
5.464166291170273036e-06
-2.359668140952122804e-05
1.923095517971846503e-03
1.532903354255779832e-05
1.290253418543736583e-05
8.372205651164546514e-03
2.367301141584936036e-05
3.286761731294234989e-05
-8.749257737094038668e-05
-1.028847610124906134e-04
-4.712391425744344285e-06
-5.271605959316279927e-02
-4.805993799306310099e-03
-1.253220826038719480e-05
-2.260066729587613862e-05
1.019107949383506921e-05
7.779379097655709856e-05
-1.683233187554883275e-06
3.024963506471672545e-02
4.271418140344393141e-03
7.156150134437478901e-06
2.829494498524798832e-05
2.371088690721192627e-05
-9.472476008395364555e-05
3.820651626193737795e-06
-2.688579240481069055e-02
-1.464275782970480853e-05
1.901503360581725538e-06
4.594157883743421967e-06
9.991966294642818519e-06
1.738789508446530671e-03
-2.110439559784834662e-05
-7.729102688023725229e-07
-1.107170619883351605e-05
1.113823310143701484e-05
-2.807494060974187189e+00
1.891708898795281923e+00
-3.524502021458444934e-01
1.605085416089783168e+00
1.362185847396124805e+00
9.458342760873734711e-01
4.257375727520750774e-01
1.670574136720724079e+00
7.158508175626935688e-05
1.412417391073827306e-04
-6.562223298414121921e-05
1.730042863285625706e-04
1.604720079402278390e-03
-1.508323465573328207e-04
1.553115600937811216e-06
-3.422345451369247782e-03
-7.870000422853683511e-07
-1.532390666064874207e-06
1.706886557183109020e-03
9.856083400397265535e-06
1.675219366801703150e-06
3.076004349012146678e-03
7.051921182010814233e-06
-1.562816022076636560e-05
-6.322496035707147674e-03
2.472117535707453977e-05
6.547049895285923511e-05
-1.325000306068676486e-04
-9.352530609712572662e-02
6.832719097678755069e-05
1.263491836005157241e-04
-1.385980306718625753e-05
-3.422466743768670552e-06
-2.103742375249814320e-02
1.794746678883574361e-05
1.174562007945355346e-06
9.374719816213662466e-06
-9.597386054822078748e-06
-4.355848077451915379e-03
-4.138556951922542414e-06
9.404906314262211943e-06
9.134037545881088177e-06
-5.485844509753868268e-06
-2.620165217186328204e-03
-7.890809272892948566e-06
1.087578856451141873e-05
1.297605180988875879e-05
-1.404942355908475848e-05
-3.648824443149757831e-04
-5.138570806762735805e-06
1.802817609405305002e-05
-1.175064058667826189e-05
1.972980369977177359e-05
-5.785632336034557356e-04
-1.401878108451209233e-06
-1.552260799983964782e-05
-1.005645433532598859e-02
-2.139246392817919932e-05
-5.637948185498855772e-05
2.387386163886355030e-05
9.729214723628540904e-05
3.501371183600313151e-05
6.328375142691770872e-02
2.523012489838584883e-03
2.499203657071950965e-05
4.724517605530034905e-05
-2.433985709223287033e-04
-7.775788523381457697e-05
-2.025845695829466415e-05
-1.584961272786261990e-02
-6.653662757042994773e-04
-2.152419149434506889e-05
-6.012074534232143857e-05
4.085428781816873825e-04
8.330856015238847221e-05
2.614944419916268519e-05
4.150605925669864464e-03
-2.367666598380404580e-05
-1.494060192460839871e-05
2.702851121628581485e-07
1.081036607395377005e-06
2.394802108469778860e-03
-5.564577930580673522e-06
-5.485476313024530268e-06
1.424401850833917804e-04
2.205411178475333149e-05
-3.325507701037330843e+00
4.609984537865012832e+00
1.492331196008915395e+00
3.790241990159688712e-02
-2.043297242942494041e+00
2.509246312965226711e+00
1.331902414999933892e+00
3.618104411347900840e+00
-3.893199281169446069e-06
8.134663556948846727e-04
1.522269721019011346e-04
-1.192982087888571211e-06
1.614726548470306420e-03
2.029755470212506034e-04
9.349808753812202661e-06
3.220379118237364554e-03
3.223823567088400418e-05
-4.640787471826480194e-06
-2.753934804260713565e-03
-2.029467953684288857e-05
8.413042120599300448e-07
-4.464627117763300505e-03
-3.643096074637602541e-05
-4.092385497794829668e-06
2.845386565064290593e-03
1.777597281849505943e-05
-9.146337804374999608e-06
6.514458035274710117e-03
2.151096237676763489e-05
-5.973693120671077974e-05
1.863970995581020081e-05
-2.765111366055288122e-02
2.894268395576839702e-04
-1.209411091073179270e-04
-2.528518397013400384e-05
1.032650242248394956e-05
-5.137923229130147984e-03
6.561939842290214278e-05
-4.518501686396531779e-05
7.945510481959647459e-06
-1.503314921398301140e-07
-9.348859725847631294e-03
-1.749236512832045982e-05
1.253104548289151699e-05
7.229722481803243166e-06
-5.920747520484392862e-07
-1.225498510658575187e-02
-3.218565106310686681e-05
1.166185277451379758e-05
-6.666146520102774731e-07
-1.489411801211895048e-06
3.907776882215577459e-03
1.607044836744937313e-05
8.248085796008268522e-07
3.292033546952346589e-06
-6.989693594295351519e-06
1.937994084736595519e-03
1.425614368617140902e-05
1.286509990878934742e-05
8.377734306770192110e-03
6.468718733987971269e-06
1.134666130812232000e-05
-1.359547458791353445e-04
-9.977332656008219315e-05
-2.768192135681355820e-06
-5.267956416790061519e-02
-4.810727612197787141e-03
-3.956679545214065953e-06
-7.930305079009520241e-06
4.637130560902936885e-05
7.554488038208931290e-05
-2.552873018841438194e-06
3.021893368451053496e-02
4.276257702165960246e-03
2.616325355524910990e-06
9.868770860994775004e-06
-2.258550182341928676e-05
-9.197703523256314090e-05
4.197122029040651004e-06
-2.685444870764680525e-02
-3.475505431967166274e-06
2.103603698948218799e-06
1.316706283683953329e-06
3.243280533403646288e-06
1.727218333831173191e-03
-2.042120860297973496e-05
-4.614380238658196183e-07
-9.049968675656850907e-06
8.650790012528267363e-06
-2.807490663403942044e+00
1.891708011494577013e+00
-3.524463899690331026e-01
1.605080055170739817e+00
1.362188718488432482e+00
9.458377706019789333e-01
4.257373944243968977e-01
1.670572279170961849e+00
-8.439384155981028573e-05
1.761780821505990466e-04
-3.938442468944338310e-05
-1.944511911513551058e-04
1.679676781846430001e-03
-1.052842916166853252e-04
-1.019848003986885206e-06
-3.427816069671590742e-03
-1.712010396529304214e-06
1.150030615743588826e-05
1.699504676033183979e-03
-9.007846072204523532e-06
7.628623496005502965e-06
3.071064066930518505e-03
-1.050315585491408220e-05
3.129719590173896533e-05
-6.340091820279649716e-03
-5.154775406305444432e-06
-1.698937404203225009e-04
9.627639016589222736e-05
-9.354536331053112108e-02
1.331219642262794565e-04
-5.320940969637309812e-05
-3.579791012774135618e-07
2.122212512403443246e-05
-2.105673099589172939e-02
-1.572484699181111672e-05
-2.139362889583984749e-05
-1.280037748010338792e-05
-3.541502013519159508e-06
-4.349100480544994263e-03
2.039634659182109933e-05
2.983202143408899567e-06
-1.491820351614070255e-05
-8.404536309037845493e-06
-2.612012946050414151e-03
1.818613024473666567e-05
4.623197134377005080e-07
-2.464519609524951375e-05
-4.099269358243086485e-06
-3.574521594990662091e-04
2.874884368627964222e-05
-2.550508911835449143e-06
2.095081375996581900e-05
-4.192561599438749970e-06
-5.809860170587523298e-04
-3.019298427723406998e-05
7.204187468422683263e-07
-1.004849064956798120e-02
-4.471906221136065940e-05
1.197613821268209296e-04
-3.324393169699913983e-05
-2.399781636331862773e-05
-7.372191014985176021e-05
6.333636463021145857e-02
2.517741482529930498e-03
2.476996953218433981e-05
-9.624779057454143467e-05
-1.965489849381429563e-04
1.582491042629662439e-05
6.089995368099300320e-05
-1.588333554337310882e-02
-6.600634325768793857e-04
-3.290209552638995080e-05
1.044143105376506411e-04
3.567135614994351484e-04
-1.661719673434603088e-06
-6.317396177731737393e-05
4.184024027061767487e-03
2.766277256743502065e-05
-1.677807847993093569e-05
7.206900064042619946e-06
-6.484584885231990301e-06
2.396855711278894543e-03
4.761741694772961953e-06
6.815334430040445352e-06
1.298201311979331875e-04
1.750787047706829549e-05
-3.325507616384265397e+00
4.610008704418868675e+00
1.492329228138577157e+00
3.788866762709644509e-02
-2.043281152482075314e+00
2.509228108585424444e+00
1.331905098141269672e+00
3.618113680416781719e+00
1.339400757645049485e-04
6.725507924902237840e-04
-1.432287194531765774e-04
1.754477568619396740e-04
1.433605063606822189e-03
-2.096156435200533983e-04
2.018088562190445884e-05
3.194926333021333876e-03
-7.740468705229601627e-05
-1.362653330323426401e-05
-2.743002195580166239e-03
4.282565039884915525e-05
-3.193784062092722641e-05
-4.429175170760147814e-03
3.462511324885585786e-05
1.866217010980455733e-05
2.823058420037129028e-03
-4.649945600157721318e-08
2.609712568420498787e-05
6.483012055599918569e-03
1.912058364079817979e-05
1.376827582122721835e-04
2.297456962166579233e-04
-2.789760073335817089e-02
-3.857943639749514828e-04
-6.086968813179440804e-05
5.238378731800103990e-05
4.678694431795202925e-05
-5.195316875813811401e-03
-1.148773901252719089e-04
-3.584397952449093272e-05
-1.457519862584409311e-05
-1.476367214863500617e-05
-9.335396528538170841e-03
1.892759463980895075e-05
1.491069529186202648e-05
-1.360330394105008300e-05
-2.686879852763087733e-05
-1.221913717420396693e-02
3.624654040925476517e-05
1.282481703457653316e-05
-5.257936235387349363e-07
1.496895377274429524e-05
3.883798383459096878e-03
-1.007473529642343982e-05
-4.014811783420945886e-06
-1.353060248306979075e-05
1.825001818152105016e-05
1.908949579631638322e-03
1.654540638785360042e-05
-6.397853852596174051e-06
8.368452191166624379e-03
5.770859731313966127e-07
-9.470401154219771917e-05
-9.982424597447005221e-06
5.282875013819552735e-05
3.277513335819130823e-05
-5.274014408144978017e-02
-4.803818430552527288e-03
3.753730684622842890e-06
7.113169625823633499e-05
-4.517110628919331289e-05
-4.298529773249369797e-05
-1.320740909770310196e-05
3.026357380514844292e-02
4.270471263502800818e-03
-4.913901479528519383e-06
-8.677699346158465534e-05
9.277606255133702884e-05
5.134509871813711655e-05
4.684868964418939421e-06
-2.689201205681332821e-02
1.296698656216820112e-05
2.286118150865327163e-06
-2.574112941510144956e-08
-2.008008973167608004e-05
1.753884043365017131e-03
6.636888853193019375e-06
6.039080306454972572e-06
-9.054974115876237727e-06
1.096786933339869257e-05
-2.807487603533618703e+00
1.891704094315426854e+00
-3.524427616547135544e-01
1.605073443597654581e+00
1.362191725946136023e+00
9.458413748823224498e-01
4.257372021868118805e-01
1.670570906683955137e+00
-5.037522056442871867e-05
1.976582550899685952e-04
-5.173889198629891517e-05
-1.136405098831869310e-04
1.723801099626019523e-03
-1.381060703033977423e-04
-3.963582868623362516e-07
-3.430912812483608108e-03
-2.230788565794689503e-06
9.339827645201464394e-06
1.691871979713102485e-03
-1.178276481831494733e-05
7.005974690156804235e-06
3.064368860708151926e-03
-1.381119469312044144e-05
2.197407114145960563e-05
-6.354881170329790795e-03
-6.466898664475460024e-06
-1.370086252457513188e-04
4.199573936132714705e-05
-9.353416510940908146e-02
1.749710796477465440e-04
-8.365661493513499854e-05
-5.956199618372557200e-06
1.707836586917521512e-05
-2.107458832755113032e-02
-2.053975270626398758e-05
-2.717420407501700786e-05
-8.517015039813063504e-06
-5.925568255117015276e-06
-4.338887329155701432e-03
2.672932340115074954e-05
2.522358977402939010e-06
-1.066423155283572802e-05
-8.820794083713823599e-06
-2.601035291968819586e-03
2.380194723272717624e-05
-8.327581793810986640e-07
-1.847511707387707714e-05
-7.735853644827839074e-06
-3.445656280948755537e-04
3.766514878090388997e-05
-5.559770282752355937e-06
1.539903064191028677e-05
2.395438807418291791e-06
-5.900331236756784295e-04
-3.960716520969252686e-05
2.956353638261263012e-06
-1.003855731062699812e-02
-5.176987589611028567e-05
8.510014274723602364e-05
-9.135491133379378213e-05
-3.093120713703784749e-05
-9.759406318175404627e-05
6.340270552238666535e-02
2.510223967409371156e-03
3.399886508419082111e-05
-6.787871388996979277e-05
-1.530739717300377335e-04
2.040398267601597595e-05
7.961024106528161973e-05
-1.593164186770036281e-02
-6.519141718867583731e-04
-4.041609621964326304e-05
7.098324477526038500e-05
3.131496220146371507e-04
-1.836478516688277487e-06
-8.324597181668691741e-05
4.235739063097408892e-03
1.714262575497463425e-05
-1.820509778742880207e-05
7.024725324780123925e-06
-5.100231728391536531e-06
2.401177126949948816e-03
6.089835892488000969e-06
9.265347387321017114e-06
1.206342353066585142e-04
2.590422347456334924e-05
-3.325508463021000782e+00
4.610029013597708669e+00
1.492328507791583547e+00
3.787659054119046909e-02
-2.043269655696978937e+00
2.509212716893820083e+00
1.331906485642546878e+00
3.618120852868313975e+00
7.053476735310653875e-05
5.816818767549686645e-04
-1.666147541377324464e-04
9.357212261183136431e-05
1.311383679723103924e-03
-2.433218257501073266e-04
1.363065563246973545e-05
3.163981239277951357e-03
-8.876612069425357911e-05
-8.699791147218699971e-06
-2.729239080915764164e-03
4.918330851431777106e-05
-1.684653830093763244e-05
-4.407317220087162910e-03
4.027419710996817321e-05
8.752413410441229192e-06
2.814443254717441823e-03
-4.957442677166952606e-07
1.120140559898425758e-05
6.477153736006882427e-03
2.120326698353676659e-05
5.846901419664671202e-05
1.286720001774970998e-04
-2.810088316938654657e-02
-4.461905786427153493e-04
-5.064839024460978669e-05
2.024682723627253028e-05
2.820765826355530384e-05
-5.252797333552832945e-03
-1.323994225397334310e-04
-3.345823600369052535e-05
-4.923994493057515259e-06
-7.951157727668540940e-06
-9.326156037177015315e-03
2.197916078346392601e-05
1.478043156413932307e-05
-4.744611999797224311e-06
-1.456877379109163506e-05
-1.219302315731887049e-02
4.205128267839752961e-05
1.258379771491496719e-05
-9.057036731708323047e-07
7.561408737720979166e-06
3.869349169881480636e-03
-1.185488282531450381e-05
-4.539227650642893581e-06
-7.720075277486454404e-06
7.646542204223013366e-06
1.900118198445812420e-03
1.849779284663280121e-05
-8.815902110373717693e-06
8.367066971643712797e-03
5.411072325713283946e-06
-4.729660098968420243e-05
5.815939053233532170e-05
6.265623348645088118e-05
3.664102776343294095e-05
-5.274856511591846653e-02
-4.803916735718429844e-03
-1.857303000523796564e-07
3.569564406678748191e-05
-9.289661945683028578e-05
-5.082776556771446714e-05
-1.423744611705943095e-05
3.026276755506015353e-02
4.272148643164823401e-03
-1.718163783600760168e-06
-4.348328785647286721e-05
1.516088693165629784e-04
6.073030602765298300e-05
4.555379640471982305e-06
-2.688117257210280095e-02
6.719833356507556434e-06
2.860861149366451436e-06
9.343165533817712035e-07
-9.713419830629540483e-06
1.765827706399489012e-03
7.992905909535115075e-06
6.600560588344974213e-06
-5.333497716955778876e-06
1.350285950361513320e-05
-2.807485957404355581e+00
1.891698835925722522e+00
-3.524406124345783597e-01
1.605068084089095404e+00
1.362193770005511118e+00
9.458437758501669901e-01
4.257370669252100170e-01
1.670570472040697751e+00
-1.325913869471329640e-05
1.991373549755375721e-04
-5.243176918801972195e-05
-2.948185302952259935e-05
1.723940465087368118e-03
-1.392692004226910821e-04
-6.824540858127205640e-08
-3.430710903118035227e-03
-2.207891774512702779e-06
2.875579042346243819e-06
1.686773722459903452e-03
-1.124097383559589582e-05
2.249681243953570284e-06
3.058500834325397853e-03
-1.330348064933643067e-05
6.370085594351983958e-06
-6.361762564971810627e-03
-5.627320904753766908e-06
-5.221591345013142603e-05
8.444910632185928658e-06
-9.349859686528240454e-02
1.729502989057976311e-04
-9.078251464624358916e-05
-5.246977564205067783e-06
5.247416455626696826e-06
-2.108466315538451430e-02
-1.957144471459870970e-05
-2.669771604144313741e-05
-2.308991435286995722e-06
-2.205801745264413189e-06
-4.329215034862350826e-03
2.600938261315743959e-05
1.829062846556056055e-06
-3.345790980348923476e-06
-2.968115519852458275e-06
-2.591453531328192020e-03
2.304077856041506802e-05
-1.585377247788081405e-06
-6.299085406414860821e-06
-2.934069525439145805e-06
-3.313708645875241806e-04
3.666947349115413273e-05
-6.725493662053236347e-06
5.093489074600229133e-06
1.460437213294222210e-06
-6.018349169312456511e-04
-3.875443946171649691e-05
3.962338817163439924e-06
-1.003033839865515899e-02
-2.791671984569598557e-05
2.476744253610229147e-05
-1.292670536131971821e-04
-2.745319781787671301e-05
-9.799338940488703349e-05
6.345739521853742404e-02
2.503378887144232755e-03
2.031907995157514532e-05
-1.966958867668769557e-05
-1.284391194646623867e-04
1.780849124244783906e-05
7.943503740237578027e-05
-1.597574521703319650e-02
-6.441274454274160694e-04
-2.268755658116931108e-05
2.018531683848787402e-05
2.928961160779361720e-04
4.763893116791549164e-07
-8.346330486373477195e-05
4.285434100965547846e-03
7.481182402470399698e-06
-1.873547564559424706e-05
3.294467793025259290e-06
-1.593108683170708787e-06
2.405984532187635441e-03
5.763560664990429486e-06
9.354809704924215688e-06
1.179336363177119386e-04
2.725276999788618418e-05
-3.325509286201357551e+00
4.610042232014682106e+00
1.492328313715816313e+00
3.786857564111598129e-02
-2.043262771635824926e+00
2.509202672568385584e+00
1.331907132669103211e+00
3.618125338767193000e+00
-3.454741453817614452e-05
5.306488977429948441e-04
-1.487014235434836221e-04
-4.770090941644550416e-05
1.240656846184846288e-03
-2.163675272320856506e-04
-1.145087662336308611e-05
3.141023042768771763e-03
-7.718792680151711464e-05
6.690551950464938422e-06
-2.718929645284324376e-03
4.285206534779147081e-05
8.297801230394779190e-06
-4.395426081010951440e-03
3.592017451394939495e-05
-2.570409769079768224e-06
2.811828658690931383e-03
-1.183053387371602407e-06
-1.427532418348820193e-06
6.479408353003634005e-03
1.716875167469678252e-05
-2.020036935162418203e-05
-7.564440696032666690e-05
-2.823203882999018866e-02
-3.925212289469889762e-04
-2.596674903490577100e-05
-8.458788582073468773e-06
-1.958136922940333964e-05
-5.292922484225750894e-03
-1.156245622235889495e-04
-2.213751663262049187e-05
2.589153428260059617e-06
4.189795957918720464e-06
-9.320754692061644642e-03
1.948069291042800618e-05
1.092736063308999937e-05
2.370837799368531994e-06
7.831062747493717656e-06
-1.217721143536210082e-02
3.721239194739047308e-05
9.137357635969893085e-06
-1.873819631995559345e-07
-3.201155095595256428e-06
3.861625289146913050e-03
-1.078979108164346103e-05
-3.976269250797309144e-06
1.225951096251643372e-06
-5.975118940624951990e-07
1.898959764705062921e-03
1.514154851193690833e-05
-9.338320032565704349e-06
8.368062382747221833e-03
1.872097922228452536e-06
1.904470642536287386e-05
9.138525461174399440e-05
5.769827419261287142e-05
3.171067576981615604e-05
-5.274153420147681404e-02
-4.805714434117731339e-03
-1.215050037896689347e-06
-1.469000780861511650e-05
-1.153579877941180538e-04
-4.657480477282365650e-05
-1.182350155359737209e-05
3.025092675062470218e-02
4.275156425025273231e-03
8.544242911213776493e-07
1.778243876267693771e-05
1.786797605956618666e-04
5.571107132638229611e-05
3.321455690421846416e-06
-2.686158039872731801e-02
1.873386475350962483e-06
3.346823416885775075e-06
3.228464213076777795e-07
3.520150820242261682e-06
1.770528052686930502e-03
7.631707618871571094e-06
5.660101599109409344e-06
-1.809158392995845015e-06
1.171879750607886765e-05
-2.807485927462433750e+00
1.891695486713814711e+00
-3.524403697708674565e-01
1.605066125119143372e+00
1.362194247115207757e+00
9.458442964808420061e-01
4.257370316865047855e-01
1.670570777817759867e+00
6.032023795856618012e-06
1.887947540315129777e-04
-3.046534185504501158e-05
9.310927919395053020e-06
1.699684716373114609e-03
-8.284822123011105705e-05
-3.230448156594784213e-07
-3.428779284044580246e-03
-1.455348067795623389e-06
-5.546235683209705342e-06
1.685654352711216976e-03
-8.284009682039608088e-06
-5.244834534414621222e-06
3.056043959001828077e-03
-9.382146096860825033e-06
-8.438782426190407908e-06
-6.360754126860629354e-03
-5.919297607587118896e-06
4.895062724902055692e-05
2.255237773736027136e-05
-9.346742613889617857e-02
1.109164544342601939e-04
-8.363494132993235690e-05
3.364184966145217665e-06
-9.894685077372220448e-06
-2.108532858575541680e-02
-1.453883183333409711e-05
-1.895790233162540877e-05
2.619821037526965315e-06
7.503508935782944041e-06
-4.324723856679259584e-03
1.779693941816566722e-05
-1.017054119134704580e-07
3.506941828590121868e-06
7.847612730698923580e-06
-2.587480766306458468e-03
1.609069283436919795e-05
-2.819080168620112704e-06
6.301578102436301081e-06
1.037257616726635296e-05
-3.246610114900912820e-04
2.503464911555856355e-05
-7.591548588099938599e-06
-5.146022073378067512e-06
-9.021826032752346681e-06
-6.092123655170104653e-04
-2.593054104907011008e-05
5.128828667588289624e-06
-1.002717661175225351e-02
2.199978180247541640e-05
-3.449626846809843617e-05
-1.368560911568404096e-04
-2.590161525216293204e-05
-7.473141133246656857e-05
6.347806157711249897e-02
2.500362631021476288e-03
-1.527603795995444529e-05
2.662898258526132423e-05
-1.267516501580809437e-04
1.802064028018575379e-05
5.921804005842495536e-05
-1.599526442114590843e-02
-6.404663015162498103e-04
1.757034245901176032e-05
-2.380253810073575663e-05
2.958768263015934302e-04
-6.187261431561932238e-06
-6.303861597392925451e-05
4.308913972687019624e-03
4.411251366990087061e-06
-1.847452206323385647e-05
-2.837786201700855798e-06
2.845448285880202365e-06
2.408683125291180647e-03
4.292416253170362213e-06
7.492854187540932834e-06
1.201784906177155623e-04
1.691221981788395748e-05
-3.325509552350396802e+00
4.610042350482835616e+00
1.492328576693736863e+00
3.786835710264123411e-02
-2.043263282319484730e+00
2.509202554901486693e+00
1.331906893164024774e+00
3.618125204777955961e+00
-1.396596623187563568e-04
5.379553674817970626e-04
-1.081782473300186550e-04
-1.926957315391227324e-04
1.248454292244132293e-03
-1.539666648984476158e-04
-4.591230859367565463e-05
3.138077605251316481e-03
-4.734603204888909972e-05
2.683758887889025875e-05
-2.717528556219303559e-03
2.668593355243853893e-05
3.353357592509672192e-05
-4.397558334631431268e-03
2.604117563430268482e-05
-1.054380975384176427e-05
2.814679970835026572e-03
-4.036241177572419967e-06
-6.138568006609637738e-06
6.485258732859095279e-03
4.978190117614586438e-06
-6.159010676115893930e-05
-3.040966404721744381e-04
-2.823219224834944141e-02
-2.617861344478916393e-04
2.116956332852078687e-05
-1.995770522654093096e-05
-7.845654671136763326e-05
-5.295896983917471393e-03
-7.331768755885746691e-05
9.499768113918984937e-07
4.220588143850020178e-06
1.688660949435919550e-05
-9.321295157003112175e-03
1.360760701666862832e-05
2.633434523846419735e-06
4.227036138080409629e-06
3.154679808083358280e-05
-1.217820249863139914e-02
2.574814229094580197e-05
1.799766807616593915e-06
1.420617171429667766e-06
-1.297610678320923904e-05
3.863164025991427854e-03
-8.771079634701468004e-06
-2.422960566311575379e-06
9.496410590913643534e-06
-2.737322453781062270e-06
1.903351318844159800e-03
5.164498951393127012e-06
-8.944430315232353241e-06
8.369878315444572239e-03
-9.378975422786993031e-06
7.734168433398420483e-05
8.099932888170155052e-05
4.950559955464228968e-05
1.856084236487688595e-05
-5.272942648364667417e-02
-4.807384402748105315e-03
1.503538845511563293e-06
-5.957476846648334816e-05
-1.073049935972245311e-04
-3.901700743686350564e-05
-5.892778071224477608e-06
3.024002015475820218e-02
4.277018720660683525e-03
1.518410166907407307e-06
7.214454313314625194e-05
1.681652007410259749e-04
4.698049888916278353e-05
6.692448028422577772e-07
-2.684948099327483240e-02
4.377575099441137099e-07
3.500473852076236990e-06
-1.727445621940587072e-06
1.425038218657012045e-05
1.767657951509593725e-03
7.903007766335325078e-06
3.316521377702787333e-06
-7.092542430780056604e-07
4.601306231794953702e-06
-2.807486837145212633e+00
1.891696975674120429e+00
-3.524414685824903692e-01
1.605068276682699802e+00
1.362193308655064827e+00
9.458431768467863154e-01
4.257370921483735748e-01
1.670571155019928256e+00
6.796440079872531040e-07
1.834519111109271039e-04
1.406285971762492561e-05
-1.047285452643729233e-05
1.689021543953887977e-03
2.919563022604635197e-05
-1.019684767098068485e-06
-3.428053811709531103e-03
-1.097939152771389429e-07
-1.245222448638880683e-05
1.688023853396875386e-03
-4.684479601710899306e-06
-1.234159356371436151e-05
3.058261892295165759e-03
-3.814997104936489346e-06
-1.653332261526459037e-05
-6.356454675287132733e-03
-9.652155494243625536e-06
1.235485884235468029e-04
7.603182293591356409e-05
-9.347381127997825279e-02
3.192666469336844003e-07
-7.472154141073966422e-05
1.629752087585339146e-05
-2.208888274275343225e-05
-2.107996264505923242e-02
-8.609543904882394376e-06
-5.896724476446559232e-06
4.151417955747940878e-06
1.899278030177377401e-05
-4.328193106330415971e-03
4.854407614626154221e-06
-3.598417296647400188e-06
6.977728752723532394e-06
1.903032787838093893e-05
-2.591122241840645556e-03
5.701450369885074281e-06
-5.175336229492580415e-06
1.397584352538255344e-05
2.639590891366444612e-05
-3.291357566423917932e-04
6.598860469675886662e-06
-9.507533134301665009e-06
-1.095143047795055837e-05
-2.432981086765370626e-05
-6.058057982149451549e-04
-4.704687207382664819e-06
7.488305575646194182e-06
-1.003047162633800837e-02
7.701900251158707786e-05
-6.878252190398959575e-05
-1.189233496097368307e-04
-3.604628003878315116e-05
-3.637919318547866670e-05
6.345637687443334007e-02
2.502862024810227019e-03
-5.782928487688338611e-05
5.243165629745599678e-05
-1.398488424475911862e-04
2.843620186364751205e-05
2.557234516920867058e-05
-1.597903802459440040e-02
-6.432107433327850440e-04
6.344655844245996072e-05
-4.357299784116322867e-05
3.085642777484521085e-04
-2.789253928755016323e-05
-2.917494582231862707e-05
4.291282920022685202e-03
8.252613820993235207e-06
-1.800639682662814037e-05
-8.691445098103660132e-06
6.459264566506201855e-06
2.407206799926950476e-03
2.574486967531622788e-06
4.502091919317620066e-06
1.227056053045751788e-04
-3.752858589476890263e-06
-3.325508957736748261e+00
4.610029208372688814e+00
1.492328995960866544e+00
3.787619867785078920e-02
-2.043270619379329744e+00
2.509212519122375529e+00
1.331906039176717904e+00
3.618120594790172451e+00
-1.999525235768701318e-04
5.953524606633463917e-04
-6.886451323226274281e-05
-2.786347159072543114e-04
1.326009843729416583e-03
-9.046717535429686500e-05
-7.273083506584798969e-05
3.158578820192068336e-03
-1.084110657672100163e-05
4.197097927679191307e-05
-2.726661868030371989e-03
7.171060555507537907e-06
4.807353858870057372e-05
-4.411298599107518065e-03
1.638764625487902526e-05
-1.259147273585733154e-05
2.819743070825154324e-03
-9.507921642880322614e-06
-2.871350558930000412e-06
6.488015057222357683e-03
-1.323728030095496145e-05
-5.380434831793887233e-05
-4.533825311001457451e-04
-2.810087711120419496e-02
-1.153922652320317949e-04
8.659901567726554529e-05
-1.203825201572781105e-05
-1.205553277418426172e-04
-5.258231513591896805e-03
-2.328832479621145587e-05
3.273891191537723987e-05
2.025226193803219101e-07
2.459211511211834507e-05
-9.327169571033938622e-03
7.453018836153983578e-06
-8.709747884165425821e-06
8.604525171525581286e-07
4.614363884178646628e-05
-1.219489745717075233e-02
1.355340723956707777e-05
-8.254880674441564557e-06
3.082934936058653482e-06
-1.784212231234982320e-05
3.872224002850279106e-03
-7.610871355434945287e-06
-3.370439422682811276e-07
1.363259889653558904e-05
6.332539622134804748e-07
1.908277490548139109e-03
-9.454319257922364804e-06
-8.605913880708324955e-06
8.370431283503169950e-03
-2.227309576139381147e-05
1.046804268540585766e-04
3.879436800701763569e-05
4.803451890175098243e-05
9.271570208605741867e-07
-5.272612856172183282e-02
-4.807028031997304628e-03
6.219771246474276857e-06
-8.115587734802129144e-05
-7.789267533897992115e-05
-3.609625508035712010e-05
2.104922666223531797e-06
3.024246020647581787e-02
4.275622253763245416e-03
2.672467254377109913e-07
9.811409305221022712e-05
1.320229652306793779e-04
4.405438006035220357e-05
-2.959724730871128852e-06
-2.685860990977603779e-02
1.751007359801214562e-06
3.150789217882650819e-06
-4.082734777703805759e-06
1.856054498324132034e-05
1.760475248740411792e-03
1.022671789998358364e-05
1.078301808130386013e-07
-3.315670325955117426e-06
-6.178479520386859898e-06
-2.807487602620080125e+00
1.891704096547059066e+00
-3.524427607380719030e-01
1.605073443555614432e+00
1.362191726490470822e+00
9.458413755769410347e-01
4.257372021601035228e-01
1.670570905919060101e+00
-1.896625372166922140e-05
1.976753933074481000e-04
6.846806391489145503e-05
-6.078842341051606815e-05
1.723839282331071079e-03
1.643484168097692410e-04
-1.679153342225142096e-06
-3.430915659868013189e-03
1.374432226535581402e-06
-1.495143170102937025e-05
1.691870567644538845e-03
-2.073345911157267665e-06
-1.570506152647544571e-05
3.064368994324121777e-03
1.213653700581659106e-06
-1.607630464003197086e-05
-6.354887057345411441e-03
-1.657452371379368027e-05
1.431824533820317863e-04
1.305654713305138106e-04
-9.353419118131962862e-02
-1.238943209216844532e-04
-7.176645351413381627e-05
2.651460029055094771e-05
-2.632474241431678825e-05
-2.107459387706817414e-02
-4.515706698582580970e-06
8.430848407586110136e-06
2.376700574593595830e-06
2.611140000430225186e-05
-4.338888254680595136e-03
-8.237040689005817188e-06
-7.951531558239450641e-06
6.247666612522597232e-06
2.502362006998322765e-05
-2.601035373854186129e-03
-4.266892407263286484e-06
-8.376755117335526397e-06
1.431471720234302194e-05
3.648986117612246065e-05
-3.445677325580896516e-04
-1.214243093780337251e-05
-1.262241322036489305e-05
-1.067469753530050919e-05
-3.550471126404157842e-05
-5.900290291757315448e-04
1.774102995043878812e-05
1.091798242589870661e-05
-1.003855733560535257e-02
1.104187592210985591e-04
-6.937468911038664992e-05
-9.136705260451099229e-05
-5.813692450084611071e-05
3.994683342476841413e-06
6.340270382072211997e-02
2.510224517938074509e-03
-8.595225718400250812e-05
5.156175573805133871e-05
-1.530608627882730651e-04
4.862570838217875134e-05
-1.037403944803230336e-05
-1.593163693426340871e-02
-6.519152143201345376e-04
9.230533025412461653e-05
-3.702053035488352616e-05
3.131320759184790057e-04
-6.061819479962415273e-05
6.627300116480051743e-06
4.235731468547897921e-03
1.397184252293467257e-05
-1.820574036153665742e-05
-1.159645860766478549e-05
7.823138952834870780e-06
2.401176105863779640e-03
1.370951169135969417e-06
1.314650713760186370e-06
1.206301822104931964e-04
-2.792086286922340629e-05
-3.325507616190093163e+00
4.610008706149571367e+00
1.492329227963826277e+00
3.788866687839619052e-02
-2.043281151133569562e+00
2.509228107494153370e+00
1.331905098429672751e+00
3.618113681075008969e+00
-1.899722781066484449e-04
6.725385923239845425e-04
-4.594260820860313201e-05
-2.675159726950155866e-04
1.433590555610150113e-03
-4.976631805258924072e-05
-7.619406849459139648e-05
3.194926596781891542e-03
1.979847607348902364e-05
4.347171428400266368e-05
-2.743002695459332944e-03
-8.954639706603779092e-06
4.573764795058524163e-05
-4.429171961782092312e-03
1.067312634674086753e-05
-9.425791653550085782e-06
2.823055483234079149e-03
-1.605081517294068864e-05
3.266536835399921398e-06
6.483006679120194467e-03
-3.178105997800077586e-05
-1.460492061790813564e-05
-4.489843484436902249e-04
-2.789761490698147023e-02
-5.997361324763992645e-06
1.530252075000657877e-04
5.430156290004305213e-06
-1.228836038266557589e-04
-5.195317912269487894e-03
1.693997935796246235e-05
6.456177882713366549e-05
-5.576191548366082891e-06
2.377203241145962669e-05
-9.335395342200044147e-03
3.320414117016217158e-06
-1.995895573830949567e-05
-4.333555133508428226e-06
4.482249718829719787e-05
-1.221913462957280143e-02
5.142131419275863398e-06
-1.825010038517836650e-05
3.786683207861149450e-06
-1.620809278495421730e-05
3.883796141482869814e-03
-7.924616236644541604e-06
1.657010851960699742e-06
1.225598732228351423e-05
5.206270644489493828e-06
1.908945132957957144e-03
-2.407841077270368897e-05
-8.626643996545669269e-06
8.368449878642207629e-03
-2.867907339815508819e-05
9.330524638267356969e-05
-9.969147780304187401e-06
5.526844499493809454e-05
-1.589738400966221073e-05
-5.274015997267075123e-02
-4.803816359813653514e-03
9.564473534628037234e-06
-7.289687942840236213e-05
-4.518114422368446799e-05
-3.993135542626682905e-05
9.858687569130387442e-06
3.026358789125234774e-02
4.270468927762369020e-03
-1.603744691987478642e-06
8.795979896188086951e-05
9.278900405360111878e-05
4.929612351293585141e-05
-6.603190120751181318e-06
-2.689202716028337575e-02
3.096704380860085449e-06
2.285937972326629982e-06
-5.232425637800658540e-06
1.578649036075926523e-05
1.753887275347585858e-03
1.406873618957181284e-05
-3.075195181846342613e-06
-9.056178500820599741e-06
-1.680320464657032468e-05
-2.807487402262370590e+00
1.891714811403669483e+00
-3.524432104778766894e-01
1.605079286217911072e+00
1.362190441811256703e+00
9.458400051435713607e-01
4.257373000615229386e-01
1.670569756669636252e+00
-3.227529128140151055e-05
2.340941098938815774e-04
1.129276970139035424e-04
-9.051041896628845998e-05
1.808648141895163744e-03
2.737114558451939983e-04
-1.750455955634319055e-06
-3.437645797364097949e-03
2.483792751649174847e-06
-1.216920551457591780e-05
1.694824319099890115e-03
-1.048104675671680491e-06
-1.353905290608938966e-05
3.071841013420640535e-03
4.222909153110012961e-06
-9.861270178633301927e-06
-6.359683889898363855e-03
-2.369962030763490978e-05
1.070167653820944882e-04
1.396137844389777703e-04
-9.363626209953770929e-02
-2.185486997926611510e-04
-7.318704325288283167e-05
2.745306059612016221e-05
-2.124187108706313329e-05
-2.107417316451060119e-02
-3.136233854550814432e-06
1.978129419491234738e-05
-6.673408706915487983e-07
2.405290759125206413e-05
-4.352755942292957890e-03
-1.723724881816686015e-05
-1.168512560938520875e-05
2.830983377244467079e-06
2.221224492606809831e-05
-2.613122671909780693e-03
-1.072018201375698419e-05
-1.124512986666953025e-05
8.820451056185945747e-06
3.377635921314419131e-05
-3.655344427448822472e-04
-2.510635584670194468e-05
-1.563699990062435605e-05
-5.949079711677891606e-06
-3.423726555392130489e-05
-5.664905084291591312e-04
3.390550062643917005e-05
1.409894161274219439e-05
-1.004790393801295242e-02
1.036002174623851328e-04
-4.523924634505364125e-05
-7.192959224912721765e-05
-8.220698349252536692e-05
3.508744267170617391e-05
6.334058725336423612e-02
2.519588575979551937e-03
-8.319230553425669382e-05
3.225946370162706059e-05
-1.542375160879390068e-04
6.979400690834567040e-05
-3.824196295186579718e-05
-1.587171147719681347e-02
-6.633787847182021514e-04
8.781486576042316029e-05
-1.708451060830553327e-05
2.987752219294672468e-04
-9.126927787604581879e-05
3.415663869680056963e-05
4.163021768959893412e-03
1.426796993372512765e-05
-1.953366205096817988e-05
-1.016924513743676123e-05
6.461587568682020664e-06
2.392562944179009703e-03
8.977770076730212830e-07
-1.132844195399256492e-06
1.123346825479751016e-04
-4.628515035816276415e-05
-3.325506035932701110e+00
4.609989878334111779e+00
1.492329085968079116e+00
3.790031485068754563e-02
-2.043290053787194527e+00
2.509242460456282409e+00
1.331904563816420861e+00
3.618107565545590099e+00
-1.161628391007063748e-04
7.330800805794502250e-04
-3.839211761525862504e-05
-1.651136902411065295e-04
1.521171455958402960e-03
-3.357879404055837157e-05
-5.049427455875160343e-05
3.231961563052751334e-03
3.696956651421446402e-05
2.856815622301020382e-05
-2.759771553832291932e-03
-1.785709212035541322e-05
2.800563162981326880e-05
-4.442606130853486018e-03
8.725286445494018396e-06
-4.359254496771198113e-06
2.822242922595151731e-03
-2.074225651752171400e-05
5.319188532600051000e-06
6.470573355940450154e-03
-4.388298139754846398e-05
2.137539671422737083e-05
-2.847014744124115875e-04
-2.771223513889369341e-02
4.835257206553927450e-05
1.968220662555969361e-04
1.702871655385311498e-05
-7.979231803644220439e-05
-5.134049717226106535e-03
3.857378411108692374e-05
8.570560359705334111e-05
-8.017069834498685905e-06
1.476137478797380154e-05
-9.342161176423941296e-03
1.548915147354633531e-06
-2.750015079326417460e-05
-6.780676402380937707e-06
2.795585634121079452e-05
-1.223987521541772261e-02
1.381542914611150422e-06
-2.494172037989207807e-05
2.936086159512634946e-06
-9.499625124919981693e-06
3.892271758778717040e-03
-8.770653506009817380e-06
3.044124809180244692e-06
6.651228211075160520e-06
5.739351169053389179e-06
1.903658888410887521e-03
-3.350800761843609950e-05
-8.433462890066739925e-06
8.364253008419135493e-03
-2.304682619201072966e-05
5.364427779094431040e-05
-4.036751760112957483e-05
6.378070428754914066e-05
-2.746058214770964745e-05
-5.276919640335295258e-02
-4.798644715510722199e-03
8.633728331831223488e-06
-4.223521639606658427e-05
-2.623148896898713995e-05
-4.537833576036401562e-05
1.513191916458351123e-05
3.029755217285057950e-02
4.263227824337257818e-03
-2.476230063326108111e-06
5.086788048693216335e-05
7.118966328607172298e-05
5.625826171997926186e-05
-9.050517321194511420e-06
-2.693882337591032433e-02
1.610501326850719255e-06
1.213031940007620226e-06
-4.237405125085957891e-06
8.621455115180457277e-06
1.751688429629691358e-03
1.718340958706628439e-05
-5.329434129678926329e-06
-1.570464689030414497e-05
-2.323547726895647622e-05
-2.807486174015036529e+00
1.891725085013177488e+00
-3.524424964232228397e-01
1.605083407542268414e+00
1.362190050580817546e+00
9.458397188448062209e-01
4.257373418927232200e-01
1.670568060767591456e+00
-2.129008157587593145e-05
2.805051887177525917e-04
1.299038169674880780e-04
-5.735682717401661707e-05
1.914754659086567940e-03
3.151842726297615226e-04
-9.492618300744670991e-07
-3.445969896808366399e-03
2.883903360975525670e-06
-5.643467942941609485e-06
1.695481079754391010e-03
-9.270808522580912377e-07
-6.573020775065691724e-06
3.077691315117300763e-03
5.111374269180720869e-06
-3.324839187692711883e-06
-6.369787255470662872e-03
-2.680750877294580677e-05
4.104995282615703798e-05
7.730316684028586474e-05
-9.374271147820129046e-02
-2.529395224568602033e-04
-6.835796122444380042e-05
1.676182354921003278e-05
-9.772468117454336081e-06
-2.107964529012214955e-02
-3.108264732007879022e-06
2.548373028644184332e-05
-2.256798645046173665e-06
1.220505055448825122e-05
-4.364343469623543741e-03
-2.024691985140830903e-05
-1.313864176451768469e-05
-4.163360047412972863e-07
1.099338888751132805e-05
-2.622541025613509512e-03
-1.276401762604800251e-05
-1.220226617159749984e-05
1.851004736445158131e-06
1.719813769026622231e-05
-3.839066762682459858e-04
-2.947230261576085807e-05
-1.635268175975926482e-05
-6.190668783372174232e-07
-1.788572842894032422e-05
-5.440796196321156294e-04
3.952823279481407041e-05
1.500897709854081818e-05
-1.005456779641494651e-02
5.702858037445517005e-05
-1.673895874656064541e-05
-7.005727360175810839e-05
-9.291598981867876263e-05
5.222512517736965885e-05
6.329548214385208316e-02
2.527227099722066054e-03
-4.739059696194800541e-05
1.129033391804508898e-05
-1.410433510297323385e-04
7.910023317678342204e-05
-5.300940769213983387e-05
-1.582299498595898801e-02
-6.731351645001715667e-04
4.905298366061124765e-05
-2.980999300220330978e-06
2.687228548621189658e-04
-1.040280067715801642e-04
4.898891416862927693e-05
4.101628114657304008e-03
4.416285382794002000e-06
-2.152470781307406139e-05
-5.170041081129444311e-06
3.066744914179621683e-06
2.384543896660188626e-03
7.491303908404206612e-07
-2.691758172422350636e-06
1.003290104878174638e-04
-5.157261370327203236e-05
-3.325504875602741439e+00
4.609980343913957945e+00
1.492328645603231418e+00
3.790641761806316790e-02
-2.043293765445464594e+00
2.509249767433671785e+00
1.331904634395153941e+00
3.618104710993618411e+00
-1.330801043288013588e-05
7.529876693070068367e-04
-3.097115352296374963e-05
-1.814184379360540286e-05
1.553852930608716487e-03
-2.268997351932367648e-05
-3.819124552180324537e-06
3.254496184124078349e-03
4.106746327025260237e-05
2.280854471658190934e-06
-2.770083886549845262e-03
-2.012073026356441246e-05
3.192191132861518616e-06
-4.446312398303805744e-03
6.928604892043378669e-06
-1.199466788193754686e-06
2.817835141903478856e-03
-2.077409159690902420e-05
-1.042409262675074351e-06
6.456159631596653826e-03
-4.495470893757949567e-05
2.295338035001349365e-05
-2.772796856971180426e-05
-2.761974289512731523e-02
6.880842366116263903e-05
1.990498283284573367e-04
1.103509509334844512e-05
-6.879611624771181975e-06
-5.099402899826170447e-03
4.467690505212667807e-05
8.829292960612832258e-05
-3.939151045809370148e-06
1.582031802533061773e-06
-9.344769584852042829e-03
5.587604827886172771e-07
-2.885054423806310048e-05
-3.487507640351730260e-06
2.942051858040688737e-06
-1.224880352557038317e-02
-5.242046727913642504e-07
-2.606720602840775691e-05
6.900236207871960880e-07
-1.296931373033121964e-06
3.894330383183176262e-03
-8.249748803861427508e-06
3.626049175258804425e-06
3.931255117383031846e-09
-6.061845393560516163e-07
1.894863367260678352e-03
-3.442874656330048832e-05
-6.940046862749616107e-06
8.359654938341841077e-03
-5.870780153253730497e-06
7.843952728911438190e-06
-4.087245256621969969e-05
6.111545113911301906e-05
-3.193668282162458747e-05
-5.280063919911768405e-02
-4.793743835606826403e-03
2.705714588154653148e-06
-5.990238581708247371e-06
-2.813483277267110616e-05
-4.317898827261474357e-05
1.672141016504785231e-05
3.032987682610550559e-02
4.257002092383698096e-03
-1.268103699681333560e-06
7.284700432663556910e-06
7.522842858019123920e-05
5.361084796147542677e-05
-9.424071267011887437e-06
-2.697926651483195659e-02
-3.892246616561765263e-06
3.265924199612472951e-07
-1.138922440509750880e-06
1.496138210870359037e-06
1.754617850539699851e-03
1.681647014392980211e-05
-6.173308770982937782e-06
-2.053208541766168545e-05
-2.308185959915732167e-05
-2.807484654742491870e+00
1.891730841445745215e+00
-3.524411777087281816e-01
1.605084529405184757e+00
1.362190505055741019e+00
9.458403822057539490e-01
4.257373237218955442e-01
1.670566634471595036e+00
1.748656760500926031e-05
3.157397630444649548e-04
1.127653271143000928e-04
4.413269530952363149e-05
1.994128899461983587e-03
2.740345471277315067e-04
5.316596564173240345e-07
-3.452113057183493761e-03
2.534247294192473046e-06
1.530232968145115092e-06
1.694109966125219606e-03
-2.861685134652062508e-07
2.294466422150821173e-06
3.079919350920829694e-03
4.981083166153436388e-06
-1.285484028229164652e-06
-6.379849285126506543e-03
-2.269897529173281659e-05
-1.753287395999086123e-05
-4.414618691546809599e-05
-9.380925746886480121e-02
-2.228820694622510128e-04
-4.499639580207141657e-05
-2.044406936659521906e-06
2.543463388471289179e-06
-2.108741727303555663e-02
-1.803422249589158098e-06
2.548971931102505644e-05
-6.937463388688092965e-07
-5.263908722044227607e-06
-4.369467804817396030e-03
-1.836948855435132537e-05
-1.136502068298655186e-05
-1.052935791975239890e-06
-4.267441651396634615e-06
-2.626077175810015950e-03
-1.187110685190581800e-05
-1.013767490263940840e-05
-2.037776014078422777e-06
-7.498860056451148648e-06
-3.928137609520915893e-04
-2.669024500011017573e-05
-1.295001237117628935e-05
1.646648292904746268e-06
8.567832355132576854e-06
-5.316455844783405868e-04
3.533944148834421611e-05
1.211994349370985840e-05
-1.005658288407417118e-02
-1.005794633007911374e-05
-3.247957328807544559e-06
-8.252054320463534168e-05
-7.792352171625535400e-05
5.821786997818713470e-05
6.328169054183227504e-02
2.530468091713507141e-03
7.513880539542016373e-06
3.613961185798458315e-06
-1.221813109488528628e-04
6.666051837031699635e-05
-5.632985966500584339e-05
-1.580269853955020357e-02
-6.775999584892986472e-04
-8.314736855798249521e-06
-8.158904966599470995e-06
2.388649967339216717e-04
-8.871018651310642834e-05
5.343986918429082683e-05
4.073904462439657467e-03
-1.458957441111451088e-05
-2.324287018823421278e-05
1.158101572323919969e-06
-7.983362075673373666e-07
2.380296528416057499e-03
2.628219573346730659e-07
-3.635927573267681216e-06
9.037161701160578155e-05
-4.226374746860263657e-05
-3.325504605927319002e+00
4.609982564286906559e+00
1.492328198651066584e+00
3.790530304634157077e-02
-2.043291709608479945e+00
2.509248122546370752e+00
1.331905128117713444e+00
3.618105738062659338e+00
7.370651499297041682e-05
7.322728691415768092e-04
-4.974335069875093467e-06
1.099989471158319284e-04
1.528795712578583706e-03
8.993406782352256844e-06
4.535117800135267797e-05
3.254930435479455510e-03
3.895064189175847380e-05
-2.487246812218451138e-05
-2.770409085506208170e-03
-1.970527009798194950e-05
-1.788923797926183015e-05
-4.440814162809727031e-03
7.844045267135966339e-07
-1.995964451101973383e-06
2.812888433315610323e-03
-1.499339184595415916e-05
-1.462485000294735727e-05
6.447390389929025592e-03
-3.478899779322076820e-05
-1.779759420538363701e-05
2.145952591741575189e-04
-2.764337350154248002e-02
9.793786967804111066e-05
1.550882568035462318e-04
-1.301293578981703154e-05
6.626025726379324162e-05
-5.102051845952637610e-03
4.662235406748798386e-05
7.094293752378785030e-05
5.864485987495224186e-06
-1.013247387196256968e-05
-9.342938665939411538e-03
-1.956068782476277144e-06
-2.378492568929594593e-05
4.997902499112097927e-06
-1.957027725979234198e-05
-1.224437005372081694e-02
-4.900757677400645150e-06
-2.138583394032622474e-05
-2.050802531136833398e-06
4.619703664822147706e-06
3.890512100198308468e-03
-4.705085237562704932e-06
3.560734496128111873e-06
-4.386154949400943453e-06
-1.228792793890094832e-05
1.887767702048539793e-03
-2.695585170184745450e-05
-3.289626557852972244e-06
8.357026632230771246e-03
1.614748871309421718e-05
-2.250806690505453392e-05
-1.852753124422537546e-05
3.751678971412126997e-05
-3.041962650236506346e-05
-5.281833478097867907e-02
-4.791440136630587161e-03
-6.125678889951760562e-06
1.896037263450617950e-05
-4.485691984447854599e-05
-2.582942086050340211e-05
1.493451830020802262e-05
3.034489803208509709e-02
4.254586166767223600e-03
1.821921851689970211e-06
-2.244445037176786805e-05
9.664959293691379036e-05
3.232541356131689883e-05
-7.726003716319265085e-06
-2.699479058847431209e-02
-1.193774152486024362e-05
8.974449385791460858e-08
2.866955310653201023e-06
-1.976238447196796721e-06
1.759971018717650841e-03
1.132026757254562766e-05
-5.766125512748951564e-06
-2.156579833372320948e-05
-1.685528518638746215e-05
-2.807483948837619980e+00
1.891730002809344446e+00
-3.524403447469143247e-01
1.605083041248306142e+00
1.362191190003410934e+00
9.458412040990610281e-01
4.257372801089431835e-01
1.670566311649398727e+00
6.976022114934264976e-05
3.209056050143209416e-04
6.875380199172212090e-05
1.761997916936952591e-04
2.004800145845369794e-03
1.690884263805645001e-04
2.130764038721515568e-06
-3.452851634248973491e-03
1.709959792848271925e-06
6.317513648127982053e-06
1.692373416576345522e-03
2.091195439447003066e-06
9.393084431494425697e-06
3.078426432840726795e-03
5.368823279188837113e-06
-4.954879537021122014e-06
-6.383280893306426083e-03
-1.116280741919309387e-05
-4.056987515572470096e-05
-1.775576768430125801e-04
-9.380728662153552111e-02
-1.503033164891044151e-04
2.692887363933330449e-06
-2.115005972911167376e-05
1.049797912794864588e-05
-2.109152715004295603e-02
2.853795399936949343e-06
2.189709319133217787e-05
3.661214933304455458e-06
-2.132757184650577046e-05
-4.367197569564426618e-03
-1.467154329639858108e-05
-6.597866188968988462e-06
1.519395725926213445e-06
-1.734504893871831297e-05
-2.623620609855290952e-03
-1.069675941961632413e-05
-5.045717485272029326e-06
-6.792084132348120572e-07
-3.037018940776369633e-05
-3.899706723317790174e-04
-2.110669497487248846e-05
-5.100333483249358578e-06
-5.647781244735091289e-07
3.460895672184812497e-05
-5.335892292182919201e-04
2.603559597422402944e-05
5.269928239172830071e-06
-1.005431188569736074e-02
-6.878177070056385139e-05
-1.190674890944052588e-05
-9.577934428304721304e-05
-3.540725128499452987e-05
6.046709766416030350e-05
6.329675416189650683e-02
2.528795432371941983e-03
5.811657464106583480e-05
1.362955390631114252e-05
-1.121795291816015446e-04
3.151260623076507700e-05
-5.419695478678914901e-05
-1.581347565801414362e-02
-6.758015360587910688e-04
-5.967291033042245347e-05
-3.193701242663092788e-05
2.287497302493864744e-04
-4.664552313737451605e-05
5.372696443184409899e-05
4.085369184043443833e-03
-3.561692039066130142e-05
-2.358756777952938905e-05
6.057875416475773139e-06
-3.344564273991886191e-06
2.381247927658407953e-03
-1.096321826041216801e-06
-4.640413441521513548e-06
8.826399691495358821e-05
-2.324360925225542766e-05
-3.325505277651870095e+00
4.609992909013890028e+00
1.492328076297834816e+00
3.789901455622615711e-02
-2.043286383979073584e+00
2.509240256872105945e+00
1.331905607828311133e+00
3.618109230366447271e+00
1.126889384446547112e-04
6.931349340675378159e-04
4.841341966772580809e-05
1.712466061327423932e-04
1.474304564591716760e-03
7.574939023122337529e-05
7.716194840239181947e-05
3.236672165319452905e-03
3.891132545855173128e-05
-4.199791963147028414e-05
-2.762193538064817121e-03
-2.103920817272312524e-05
-2.742169336664865300e-05
-4.431737551329915578e-03
-1.187307399883813889e-05
-5.852722944875877912e-06
2.811155389772604027e-03
-4.661478527645512691e-06
-2.898028737939207993e-05
6.449800972789496850e-03
-1.755054579465757013e-05
-8.050967451888016066e-05
3.485490684803157374e-04
-2.774605254487885406e-02
1.687132064302077484e-04
7.694083364858899494e-05
-4.358615296324380245e-05
1.106427108955823662e-04
-5.133737330918714502e-03
5.574724662784943631e-05
3.935651566184921319e-05
1.681279418208821388e-05
-1.596651993321781339e-05
-9.338776257997968497e-03
-7.370000222981069893e-06
-1.431135198189851824e-05
1.469734235613324654e-05
-3.104199893405694942e-05
-1.223211422091328472e-02
-1.448528162891343175e-05
-1.268230778237868319e-05
-4.094697350134282536e-06
6.242789097009727663e-06
3.884633773332106868e-03
2.110877673922875208e-06
3.196907284877508344e-06
-4.837957415417240269e-06
-2.390781775864412565e-05
1.887333901078058459e-03
-1.442424282334581805e-05
2.480429423504616181e-06
8.357952128724206731e-03
3.334867069157446899e-05
-2.769386052929979244e-05
6.265143956287410297e-06
-7.231213497054742519e-06
-2.583565164517869056e-05
-5.281148612272237863e-02
-4.793019821072236168e-03
-1.388061029377057350e-05
2.438499659220162499e-05
-6.151743015108752021e-05
7.290899797056489418e-06
1.110708239393952122e-05
3.033445670390947507e-02
4.257167184928504870e-03
5.303096240817097121e-06
-2.854043398206085357e-05
1.166659141707632403e-04
-8.229659061614512871e-06
-4.569283851247285760e-06
-2.697817996417036304e-02
-1.899130376649000779e-05
6.173402660793074366e-07
6.035703923760419188e-06
-9.226528471099048783e-07
1.763383599093947289e-03
1.220776072912709813e-06
-4.725752850888133940e-06
-1.870814667683462645e-05
-7.585686520140189328e-06
-2.807484866213097785e+00
1.891723513965752224e+00
-3.524409520692912690e-01
1.605080640817407645e+00
1.362191321818673861e+00
9.458412440646796204e-01
4.257372608425824545e-01
1.670567464376421896e+00
1.099071306507823511e-04
2.900179729384851470e-04
1.515679142995167161e-05
2.749688871103204784e-04
1.934391591709465211e-03
4.260771063612134633e-05
3.145933810663196580e-06
-3.447340792096131867e-03
8.210224902815119381e-07
7.266089893309316374e-06
1.692255562812093085e-03
6.324827389667924577e-06
1.213572280606509072e-05
3.074908869852332853e-03
7.163391450641542757e-06
-1.136626426446589850e-05
-6.376140181210343365e-03
4.676014189140041978e-06
-2.379370637713441850e-05
-2.631286172823009092e-04
-9.373889070393613687e-02
-7.021371180794201596e-05
6.842276716374430425e-05
-3.227859276056455550e-05
1.177671473627770772e-05
-2.108726104004830099e-02
1.090399608675267910e-05
1.744328711318831202e-05
8.485909196737961618e-06
-2.948442119869754027e-05
-4.360115604290706361e-03
-1.222059115292167140e-05
-1.875445115407387421e-07
5.682565927905819771e-06
-2.319854662896627745e-05
-2.617969883741127959e-03
-1.132078192612359478e-05
1.840730220815539359e-06
4.508392339163857842e-06
-4.211149781815782113e-05
-3.786043573131489537e-04
-1.716204624523665350e-05
5.581284360375911793e-06
-5.588701845144472671e-06
4.924015957158300085e-05
-5.477190296154605884e-04
1.734223146087399394e-05
-4.041743649220548779e-06
-1.005042137050550510e-02
-9.527836370629448387e-05
-3.360606172694290296e-05
-9.470477200072054558e-05
2.377089412901344824e-05
6.497733010957121389e-05
6.332319163993915812e-02
2.524123621110374582e-03
8.332305413007030080e-05
3.266036155674682448e-05
-1.224934475083951893e-04
-1.692185378923058832e-05
-5.246687284559992418e-05
-1.584303909401882024e-02
-6.697790118639625158e-04
-8.383297276713636654e-05
-5.952018965234810591e-05
2.499982643037676477e-04
9.252499397370372955e-06
5.529334862275724327e-05
4.123008076154135136e-03
-4.891373805782467897e-05
-2.215449668076909919e-05
7.697096745902987005e-06
-3.737442230980298418e-06
2.386303953764323804e-03
-3.374488410484007900e-06
-6.303652633544995303e-06
9.638320181048278283e-05
-3.084188631359327465e-06
-3.325506490755324229e+00
4.610003945910126966e+00
1.492328452640376613e+00
3.789202371520339341e-02
-2.043281799234252460e+00
2.509231812188918109e+00
1.331905649593540630e+00
3.618112622529745082e+00
9.923534914472846320e-05
6.661784996099164979e-04
1.202538235421207849e-04
1.555650873169238792e-04
1.432208076627670490e-03
1.680312800837753637e-04
8.007330498278471763e-05
3.211914655206916241e-03
4.510249975625720676e-05
-4.313333052275907323e-05
-2.750900375432040190e-03
-2.600257986070681688e-05
-2.425662163760878927e-05
-4.426324140414128819e-03
-2.896219562589942955e-05
-9.492122236348886005e-06
2.814815000884716371e-03
7.004065160370832112e-06
-3.577175440319251042e-05
6.463556663844966486e-03
3.582493668803242520e-07
-1.271426697697258020e-04
3.381256951723346201e-04
-2.785361564173078480e-02
2.800349368395844475e-04
-1.152135065026414707e-05
-6.316033805326544631e-05
1.117846239201962820e-04
-5.172533964248959316e-03
7.541285295802959440e-05
3.669615174515623442e-06
2.293002196087271825e-05
-1.477568805083592612e-05
-9.335461919443885370e-03
-1.502402982847625090e-05
-3.658418199386017522e-06
2.026622888277928173e-05
-2.903298420496676824e-05
-1.222120990375368671e-02
-2.825680683896530400e-05
-2.892842097609762705e-06
-4.550338575996320109e-06
4.214663793170162054e-06
3.881442502934123739e-03
1.062260050112054186e-05
2.842373710398866351e-06
-2.087292168993037579e-06
-2.896134062359609742e-05
1.895301006698518970e-03
-1.635631790816827511e-06
9.170669980061323573e-06
8.362365572532901373e-03
3.794832463092458251e-05
-1.394501388954216481e-05
1.223385236388694003e-05
-6.203684818294519818e-05
-2.097288521324962063e-05
-5.278112723709642295e-02
-4.797879743090294712e-03
-1.682099792714302169e-05
1.432594254001036098e-05
-6.348332232480581811e-05
4.818712704663412263e-05
6.872614874236117655e-06
3.030252105306911400e-02
4.263478572378912729e-03
7.331626055597189988e-06
-1.615882635383510796e-05
1.174262595417094508e-04
-5.820169631368811273e-05
-1.009318700701517647e-06
-2.693744311064973432e-02
-2.103082377242445724e-05
1.528634796085952540e-06
6.977947824638329515e-06
2.433666862447246902e-06
1.761475857053871209e-03
-1.073368003823912338e-05
-3.743814621242738935e-06
-1.365692313056022283e-05
8.271552953040355237e-07
-2.807487403584680852e+00
1.891714812073502783e+00
-3.524432120271254743e-01
1.605079288314495978e+00
1.362190440767318211e+00
9.458400038569512169e-01
4.257373001510986188e-01
1.670569757270027988e+00
1.146140233948728419e-04
2.340835108778059896e-04
-2.957109790689789930e-05
2.843476644577973842e-04
1.808625281239815410e-03
-6.166926837839223168e-05
3.081059148815529743e-06
-3.437644355671647198e-03
1.889862647256474883e-07
5.095905879581626643e-06
1.694826709302817190e-03
1.118399459314789805e-05
1.018299258900814493e-05
3.071842951089704364e-03
9.984946988389175731e-06
-1.509249507098409646e-05
-6.359677995874819453e-03
1.961489484602440319e-05
1.213749293461449555e-05
-2.590687720557947231e-04
-9.363625852003572281e-02
-1.159641676027914846e-05
1.343143591928295209e-04
-3.085825884371636680e-05
7.900432752385401687e-06
-2.107416699998513124e-02
1.996448713894216805e-05
1.387445329717402058e-05
1.075957148644621567e-05
-2.695252860765132597e-05
-4.352758988583365317e-03
-1.220669753608481586e-05
5.952785173175148092e-06
8.521349273966196465e-06
-2.038701051009482874e-05
-2.613125979312611903e-03
-1.387383079350017152e-05
8.518140488527348457e-06
9.399945954438733455e-06
-3.862614188604251926e-05
-3.655377489410593776e-04
-1.669424590639126109e-05
1.605546610271223434e-05
-9.655308554649715797e-06
4.647615290538867502e-05
-5.664887838044269357e-04
1.269455988710134267e-05
-1.314226882004233420e-05
-1.004790655891473275e-02
-8.217229563090742105e-05
-4.864841309781393718e-05
-7.190899625457393071e-05
8.038462555645248524e-05
7.217122166661443675e-05
6.334056655184840123e-02
2.519590796504964786e-03
7.471001376798975385e-05
4.429563990603149228e-05
-1.542536876056503983e-04
-6.279831186447059927e-05
-5.290658823485644560e-05
-1.587169571725234249e-02
-6.633813838687792081e-04
-7.348563852242932597e-05
-7.046995260602969505e-05
2.987925903899451923e-04
6.038185403433067854e-05
5.894488181158880622e-05
4.163004391910424783e-03
-4.711327365381364044e-05
-1.953327633556913335e-05
6.004873316913406523e-06
-2.452252955131331536e-06
2.392561739389263437e-03
-6.044577707545306503e-06
-8.373460293972675273e-06
1.123367610742896530e-04
1.068143597284566283e-05
-3.325507615277651041e+00
4.610008696607791556e+00
1.492329228425878007e+00
3.788867290697452150e-02
-2.043281156064816972e+00
2.509228114468840865e+00
1.331905097936038063e+00
3.618113677858818544e+00
5.621067619027818741e-05
6.725780323947329028e-04
1.859038767386517156e-04
9.236676653158582104e-05
1.433643703769956878e-03
2.538857905556444116e-04
5.617188912493840995e-05
3.194941146873690914e-03
5.464075531358254475e-05
-2.991881147566645820e-05
-2.743008897775023065e-03
-3.250256658392386975e-05
-1.383733180174326475e-05
-4.429181451219177390e-03
-4.461336230295096081e-05
-9.245843299136442716e-06
2.823058794584261053e-03
1.627805817995270292e-05
-2.940604940908616967e-05
6.483008412737038297e-03
1.344957151505379936e-05
-1.237465602275093660e-04
2.192541004312298456e-04
-2.789752464119606493e-02
3.918149007366339746e-04
-8.582397271351136295e-05
-5.806644274937931003e-05
7.610141520558025350e-05
-5.195291184492027009e-03
9.794245063290039856e-05
-2.631313893069238684e-05
2.012806769757723396e-05
-9.009321325344561606e-06
-9.335399172163022855e-03
-2.224499318832174198e-05
5.272751857494785722e-06
1.794849124408497284e-05
-1.795545258400958611e-05
-1.221914591112875474e-02
-4.138452238879018627e-05
5.318286745750381469e-06
-3.281751147290572952e-06
1.239537640533285918e-06
3.883802289889464864e-03
1.799906539971485401e-05
2.554938869815263872e-06
1.296215150469569316e-06
-2.345733070357204620e-05
1.908948519637346112e-03
7.536240046032045531e-06
1.481852581194077600e-05
8.368451120885939121e-03
2.810400498307272514e-05
1.432322438179616837e-06
-9.997737845107690889e-06
-1.087665169767813389e-04
-1.689049475413367422e-05
-5.274015419895152629e-02
-4.803816960507649794e-03
-1.331922483913626081e-05
1.748095808012559252e-06
-4.516105402151566464e-05
8.326893956557889301e-05
3.354917398716340487e-06
3.026358544354089755e-02
4.270468963921828127e-03
6.518880732939877446e-06
-1.165799134681505298e-06
9.276434960116481179e-05
-1.009999576361334233e-04
1.908640690762371830e-06
-2.689202783091759405e-02
-1.602159899720339179e-05
2.285787660722010372e-06
5.264804913570855640e-06
4.293509899868517165e-06
1.753882087599498195e-03
-2.070868433863956088e-05
-3.025873557357539186e-06
-9.057165323943567565e-06
5.634722617411261400e-06
-2.807485849278775092e+00
1.891710338577122563e+00
-3.524412135171537952e-01
1.605074508657247101e+00
1.362192304310671842e+00
9.458421988878805697e-01
4.257371775005244219e-01
1.670569299510082040e+00
-2.844896721138745450e-05
2.370654234434511551e-04
-9.242896443829086992e-05
-6.682647722267722845e-05
1.812475589229060099e-03
-2.381992830933361003e-04
-4.494494688687134639e-07
-3.437738224766333228e-03
-3.247271791964651173e-06
2.542091968568427148e-06
1.690168409240773353e-03
-1.272569625848663203e-05
1.236901494332087828e-06
3.066655875876574990e-03
-1.657053463199868482e-05
8.830380912830952433e-06
-6.366335729238945147e-03
4.970549006819831322e-08
-5.468763338895226924e-05
4.070123906504932758e-05
-9.360730177019790932e-02
2.616498568547097185e-04
-9.009687437952032551e-05
-3.170490535853021091e-06
4.804779155728949798e-06
-2.108360226137695470e-02
-2.181163446642215442e-05
-3.815866829504806077e-05
-3.160952713803762891e-06
8.438163562569456558e-07
-4.344280415410198271e-03
3.497527194231715838e-05
5.543540462748052888e-06
-4.070523191685484479e-06
-7.905323127942066733e-07
-2.604650326891797939e-03
2.971673286279686785e-05
1.242463517125746351e-06
-7.178657834888355150e-06
1.458459067696683278e-06
-3.540538508808993828e-04
4.954245162677873421e-05
-3.793054263039393755e-06
5.948898418157830929e-06
-4.031562401047135641e-06
-5.765469657697798412e-04
-5.441352635553387473e-05
8.400643822993291419e-07
-1.004058607399294784e-02
-2.280523997810349955e-05
3.308882472666799306e-05
-1.067512041870617712e-04
-8.945513725459500838e-06
-1.294691976061757021e-04
6.338920912559642407e-02
2.513572645777348204e-03
1.552534010892995286e-05
-2.695863381983360120e-05
-1.312193550828159795e-04
1.038331618573986795e-06
1.077910324307720691e-04
-1.591052141334694386e-02
-6.565745627044361531e-04
-1.806645583646857698e-05
3.069563898183816147e-05
2.792341264042864013e-04
2.621686565029250355e-05
-1.115686232627820826e-04
4.206524704815095723e-03
1.615859565413098971e-05
-2.007643916911586718e-05
2.891883159341939369e-06
-1.467523659766212756e-06
2.396721964317377780e-03
6.561571467658200438e-06
1.167835994709523397e-05
1.094326049483296351e-04
4.268403535391020187e-05
-3.325507401324645951e+00
4.610017495466546933e+00
1.492328324898972047e+00
3.788377021518697652e-02
-2.043274893115950785e+00
2.509221507077518787e+00
1.331906248099700596e+00
3.618117175245465056e+00
-2.518844704368183079e-05
6.158704347235264068e-04
-1.672254022091419811e-04
-3.453300316383584799e-05
1.361863834326967589e-03
-2.484602806417771678e-04
-7.725071191478745722e-06
3.187633968433844448e-03
-9.990250615353319622e-05
4.563235316026520165e-06
-2.739971816949940756e-03
5.484606102384656252e-05
6.045093245220262342e-06
-4.414714250741264695e-03
4.052082605270645354e-05
-2.095253543085198186e-06
2.812898267637161439e-03
3.374234249291481680e-06
-1.562992057812635567e-06
6.467426010027993270e-03
3.042962660268501814e-05
-2.614000939401530378e-05
-5.361054306103475682e-05
-2.798787740240432642e-02
-4.757414227099633977e-04
-7.618052184035434076e-05
-1.198883537606097017e-05
-1.355225048941639304e-05
-5.214358344690075628e-03
-1.456699200203958222e-04
-4.616652619793233859e-05
4.030826242435122224e-06
3.021045885947856832e-06
-9.330082978793183615e-03
2.268972585259440873e-05
1.938940858242977120e-05
3.617069705569636186e-06
5.626889130316279168e-06
-1.220529960054280404e-02
4.371617339729279381e-05
1.665409898095582039e-05
-5.922639974136161187e-07
-2.400743214667863034e-06
3.873945164464070567e-03
-1.076217622644769842e-05
-5.443322533150670582e-06
5.694298564738213282e-07
-8.368615084940470096e-07
1.895274747429452492e-03
2.560818667544215621e-05
-9.213070182498394586e-06
8.363878670809777455e-03
5.114237188817320618e-06
1.441278518957978796e-05
4.342604515141841202e-05
5.354513215357279679e-05
4.424630349289987484e-05
-5.277070455248115272e-02
-4.800157709101037645e-03
-2.507948065890435263e-06
-1.108024682753786587e-05
-8.431183913241833581e-05
-4.462790325751640839e-05
-1.758824753845560619e-05
3.028752849633486663e-02
4.267031134341936136e-03
1.303086421796493924e-06
1.342537744534030190e-05
1.423359639440750584e-04
5.294643899588715884e-05
5.994525829742548411e-06
-2.691421945416911168e-02
2.763322123850805813e-06
2.050998543785817708e-06
9.287753047634385191e-07
2.754912854393008379e-06
1.765569488569774300e-03
5.178732839411277986e-06
7.921603403787330099e-06
-9.776619669503419430e-06
1.902088237833527226e-05
-2.807486081718298276e+00
1.891704654431808574e+00
-3.524411142504271788e-01
1.605071589888833028e+00
1.362192883269147892e+00
9.458428005321806165e-01
4.257371318199111299e-01
1.670569981656494285e+00
1.699686967705055332e-05
2.163297739225970916e-04
-7.734832495356020008e-05
3.685121518088300312e-05
1.764421958470642005e-03
-2.010156167006863935e-04
6.623879230722147870e-09
-3.433944538297041896e-03
-2.865315409273292011e-06
-4.711654901494453701e-06
1.688866588422737207e-03
-1.228690342171961766e-05
-3.925583610647948649e-06
3.062853335371919401e-03
-1.545947838226024971e-05
-9.423394042920508446e-06
-6.363126985670730998e-03
-2.250473303088535826e-06
4.063937631017697048e-05
-4.371248256622940531e-06
-9.355209803616579278e-02
2.289975478667189411e-04
-1.066956904590669495e-04
-2.687741168959861078e-06
-8.526948711346237246e-06
-2.108311034627973965e-02
-2.118749634391304474e-05
-3.420220293563127359e-05
3.921498013723220396e-06
4.396284573016254134e-06
-4.337130766665571110e-03
3.178561563611503193e-05
3.020319800413013634e-06
4.238298917499614684e-06
5.368634469708887945e-06
-2.598503778308885494e-03
2.738724520020265494e-05
-1.176441380868063129e-06
6.593037980728386018e-06
5.941554326486439711e-06
-3.431432529066858459e-04
4.494997783609430144e-05
-7.185011449967272824e-06
-5.719100146413640400e-06
-3.895250626223080570e-06
-5.890165790834468165e-04
-4.875529276627816981e-05
3.942803327139066366e-06
-1.003575793386973433e-02
3.168784834255088090e-06
-3.725067212336441517e-05
-1.149665430222486778e-04
-1.657734607653059281e-05
-1.228704507171357000e-04
6.342040769353129992e-02
2.508811204976277385e-03
9.042302557324792748e-07
2.938290052569023913e-05
-1.323279432714024565e-04
7.882876394382231318e-06
1.003201783978530917e-04
-1.594125096527558572e-02
-6.507354966498284099e-04
1.114273885934640819e-06
-2.930294022090118128e-05
2.888063092240474765e-04
1.607007475821716803e-05
-1.049551868654259519e-04
4.244093312318097597e-03
2.883784484065123564e-06
-1.946670706239709571e-05
-1.196475196303906655e-06
2.416882289933493960e-06
2.401247282119904278e-03
6.328518131452514934e-06
1.160024932219325935e-05
1.143524191031499088e-04
3.849596467350855142e-05
-3.325508252798996978e+00
4.610023270103452475e+00
1.492328741250337876e+00
3.787998932404117169e-02
-2.043272971524361825e+00
2.509217066541053587e+00
1.331906065644386183e+00
3.618118804895658513e+00
-1.219382620978177979e-04
6.082481517392807893e-04
-1.505393369714868364e-04
-1.639770226685090975e-04
1.346888510429950555e-03
-2.207940376383056536e-04
-2.921762078266295723e-05
3.172420404599981571e-03
-8.260330697592724390e-05
1.791935147355325350e-05
-2.732982279578715333e-03
4.564540464296582993e-05
2.918019318076521632e-05
-4.413749409740257146e-03
3.640638720051461513e-05
-1.309545749297658810e-05
2.817203723051767660e-03
4.031701006413223356e-07
-1.455085728653207831e-05
6.479468505327433923e-03
2.116402560614803009e-05
-1.005676496757646572e-04
-2.375516452762455120e-04
-2.804329874063808681e-02
-4.089332519196435620e-04
-2.971703915352793730e-05
-3.933441396588584189e-05
-5.561725980358418362e-05
-5.236835383550252770e-03
-1.223199683155614607e-04
-2.486401797475959761e-05
1.125679885911756112e-05
1.410347803031117860e-05
-9.328834967366129299e-03
1.998395322128897211e-05
1.216283870129227415e-05
1.044437992540343780e-05
2.602134352464627694e-05
-1.220053494041589172e-02
3.829732192272983639e-05
1.019117506936398025e-05
2.547668882868572747e-08
-1.248095806833731007e-05
3.873615532352898700e-03
-1.045569622459512744e-05
-4.410430562645639702e-06
8.853092476275021660e-06
-9.482896929190368600e-06
1.903110962405580101e-03
1.823640667618558881e-05
-1.026833539802322849e-05
8.367741369243411609e-03
2.239989342484597956e-06
7.686868392642468636e-05
3.768290898517628234e-05
5.453729691941951505e-05
3.510105484442290255e-05
-5.274484515828341269e-02
-4.804098806409258515e-03
-3.639893910154265677e-06
-5.840411300730749653e-05
-7.846941156141039623e-05
-4.450307434944211397e-05
-1.309437558730302265e-05
3.026178519913819837e-02
4.271849356345605239e-03
3.764007663764642304e-06
7.100904811000133157e-05
1.337603653349456927e-04
5.308437125097269455e-05
3.699514923813589475e-06
-2.688289230501263519e-02
-2.851571722568747535e-06
2.528034451406042514e-06
4.424967732339412278e-07
1.539408946829689864e-05
1.762133212679565944e-03
6.577640029894947664e-06
6.295932168973146782e-06
-6.235160884842397156e-06
1.462343319600978002e-05
-2.807487714014954339e+00
1.891701188627286978e+00
-3.524427017162795606e-01
1.605071939610623222e+00
1.362192028720196069e+00
9.458416906558103632e-01
4.257371784721144525e-01
1.670571250623444470e+00
3.613250356060478688e-05
1.871544200752905832e-04
-3.481625455324040454e-05
7.663022555300230405e-05
1.699448003395160993e-03
-9.495598327189465251e-05
-1.303472707206502276e-07
-3.428993188458572070e-03
-1.675870591618075982e-06
-1.174556550565112646e-05
1.691187492940557325e-03
-9.832793108865433993e-06
-1.005317237934986571e-05
3.062411414430300967e-03
-1.111807561484265396e-05
-2.235106871750805639e-05
-6.353282745707615475e-03
-7.120581384918538917e-06
1.247555532321821732e-04
1.307126675773541869e-06
-9.350601169611079400e-02
1.292571041887955840e-04
-1.108691362841836303e-04
4.688795219443307001e-06
-2.118917982515834466e-05
-2.107438416310171772e-02
-1.725020973676474897e-05
-2.231063844637863497e-05
7.949524197289119742e-06
1.199255088344606786e-05
-4.335219312031698621e-03
2.091136123874292880e-05
-1.096976166985865018e-06
9.885263881019839828e-06
1.406582687617415479e-05
-2.597876164859760657e-03
1.895372903208413130e-05
-4.408795431879169465e-06
1.701956514680500577e-05
1.631221147776766288e-05
-3.389742276921246193e-04
2.940555581626145532e-05
-1.072119182002275757e-05
-1.417592726787935488e-05
-1.167049907400597342e-05
-5.964090312314395282e-04
-3.038201299181227837e-05
7.611815065580585632e-06
-1.003608123035483642e-02
4.523291707629130046e-05
-8.866928848931646167e-05
-9.569443560704360939e-05
-3.151189202469426682e-05
-9.117310137909693320e-05
6.341871030594069258e-02
2.507850975668493750e-03
-2.919894699944141682e-05
6.970701174374782183e-05
-1.535177917712558055e-04
2.194745946331308069e-05
7.137468505160420008e-05
-1.594742609160245544e-02
-6.490119091673834245e-04
3.510120879993894929e-05
-6.828140424056804061e-05
3.179025884399556772e-04
-8.120210005502822014e-06
-7.638997458984284571e-05
4.255026509597571033e-03
-2.260833014544013823e-06
-1.814605856990606495e-05
-6.317959585553270638e-06
6.189543066619483409e-06
2.403490867230237589e-03
5.159300482885168638e-06
9.456014396950386948e-06
1.231798577862759094e-04
2.077442461847535811e-05
-3.325508553814306989e+00
4.610018038246334271e+00
1.492329455103659219e+00
3.788280601722375518e-02
-2.043277078913966260e+00
2.509220977863099833e+00
1.331905217626910609e+00
3.618116608515757893e+00
-1.910957447422472139e-04
6.471776275088727453e-04
-1.191130990580079133e-04
-2.596175617266515399e-04
1.395240424089152966e-03
-1.685656780852925021e-04
-5.249913986737528396e-05
3.174959246151108812e-03
-4.969527348554060808e-05
3.148277668291258593e-05
-2.733922453055841716e-03
2.815254909935562905e-05
4.578944002335333716e-05
-4.423852045958591786e-03
2.865512075474080738e-05
-1.812269784688691566e-05
2.825164703268813211e-03
-5.308243238134075778e-06
-1.713329695725652118e-05
6.492624478178218167e-03
3.441314990608806987e-06
-1.194389131980156505e-04
-3.894662460624790279e-04
-2.798883025372458574e-02
-2.823884774777745028e-04
3.992599568689194609e-05
-4.306482753487458258e-05
-9.502994105929919960e-05
-5.227240051406965675e-03
-7.794157257603112144e-05
8.240356086229400307e-06
1.102480758637404390e-05
2.248960932768325093e-05
-9.332391556694824564e-03
1.485329428169459715e-05
5.540227359362099545e-07
1.049493243949738593e-05
4.170625485931787093e-05
-1.220952949897090994e-02
2.803886421032964293e-05
-1.294653588995371082e-07
1.281734563491012147e-06
-1.885428427065845457e-05
3.880554102696113800e-03
-9.923802380816009857e-06
-2.445666526950614124e-06
1.413722626704978651e-05
-1.050611729888645042e-05
1.914183437742576419e-03
4.123507589088115030e-06
-1.064627160071602779e-05
8.371681549479858056e-03
-6.855632945798696617e-06
1.146656883405604413e-04
-1.234272386111572636e-06
5.661280710516218323e-05
1.824215562785893005e-05
-5.271865291796120484e-02
-4.807388851038616427e-03
-1.004723497460598616e-06
-8.754640530219139050e-05
-4.967888239355421499e-05
-4.440113443424321466e-05
-5.264790807109585925e-06
3.024030358889427325e-02
4.275121085686232197e-03
3.743099318842415838e-06
1.063041267280144119e-04
9.710708911174535749e-05
5.354100144539821854e-05
1.400955049499330905e-08
-2.686167446858147775e-02
-4.327974667447628548e-06
2.728719509801569894e-06
-1.249087056150688523e-06
2.236502821367605841e-05
1.753204433005566693e-03
9.403954508483872466e-06
3.273544372811437341e-06
-5.096556438433928408e-06
4.748977316546051710e-06
-2.807489639044884022e+00
1.891702337052320049e+00
-3.524449019159698326e-01
1.605075346434349903e+00
1.362190314267669677e+00
9.458396156882754591e-01
4.257372862056449381e-01
1.670572241279006498e+00
2.825587367404284713e-05
1.694470585355516287e-04
2.768873793318812684e-05
5.394202255955770318e-05
1.661882431111146507e-03
6.004308726682407122e-05
-6.077926434779254468e-07
-3.426259408856741507e-03
1.094132506795669189e-08
-1.532840012689420283e-05
1.695575286435348043e-03
-7.110063687586886262e-06
-1.396500185158794861e-05
3.065672948486284060e-03
-5.614089459803041600e-06
-2.556856644677437014e-05
-6.343512093570516722e-03
-1.544381922317272210e-05
1.603105516469239297e-04
3.908229885879828034e-05
-9.350076990078509676e-02
-1.173031107561006594e-05
-1.126361118754502392e-04
1.409027629350944954e-05
-2.744957436908972560e-05
-2.106333323923825079e-02
-1.303834207350969848e-05
-5.858842844727527304e-06
7.648183926524928578e-06
1.879496245496670007e-05
-4.339905592270113834e-03
6.295685048649879781e-06
-6.488280258172784932e-06
1.075777071637122893e-05
2.042365756845416979e-05
-2.603248241281708002e-03
7.929658125360769229e-06
-8.535271508307493951e-06
1.987529351299425942e-05
2.585358685020796654e-05
-3.444688846266311805e-04
8.469953964498297291e-06
-1.504133317214412513e-05
-1.608546808299179303e-05
-2.121695686860013060e-05
-5.936041925731049950e-04
-5.141586723673967436e-06
1.218923464942000967e-05
-1.004117957216505916e-02
8.040065609867007908e-05
-1.030481473272111201e-04
-6.187782050700511675e-05
-5.846549087598198265e-05
-4.604579461152649760e-05
6.338491491423098312e-02
2.511349349321629308e-03
-5.747857901758192872e-05
8.008970551577345939e-05
-1.804193942779034796e-04
4.629974832109053697e-05
3.078594385976073241e-05
-1.592457671999836580e-02
-6.526254905321009344e-04
6.490086690515363855e-05
-7.451331641019381838e-05
3.467204801121862956e-04
-4.665850928357742709e-05
-3.621445075536805833e-05
4.231602336091392670e-03
-7.480747105878481052e-07
-1.691861290710465645e-05
-9.793473567779848685e-06
8.179744295945464176e-06
2.401843947461759950e-03
3.956376566486286537e-06
6.089621881521051647e-06
1.298459483001001354e-04
-5.936693413046002343e-06
-3.325508119259809714e+00
4.610004483165252687e+00
1.492330069556288219e+00
3.789079318476916425e-02
-2.043285041354983456e+00
2.509231237858864372e+00
1.331904167674275996e+00
3.618111733032472355e+00
-1.976002971459380419e-04
7.117817446606308817e-04
-9.363995061904274145e-05
-2.713085598056612434e-04
1.481131645784083007e-03
-1.227351024983789078e-04
-6.155391192000580168e-05
3.194269688854774018e-03
-1.409874099453409287e-05
3.624089363443748420e-05
-2.742463435578989216e-03
9.453688669743678927e-06
4.741461090399685387e-05
-4.439577895007469285e-03
2.229326143684179484e-05
-1.613696766645387589e-05
2.832362939865526279e-03
-1.312457259956456176e-05
-1.156560977741309973e-05
6.499467393775599892e-03
-1.845176805406969180e-05
-8.490149425050267284e-05
-4.215293274513039960e-04
-2.785257863273900639e-02
-1.568381928813947939e-04
1.205629755865208043e-04
-2.659465715911792796e-05
-1.068694579436244236e-04
-5.190198064364837278e-03
-3.140069601161770888e-05
4.657199958508338478e-05
5.249880752119596789e-06
2.367975972311314959e-05
-9.338855076618537976e-03
1.015559659335593980e-05
-1.289629131848697930e-05
5.361741221979628520e-06
4.414511285436819639e-05
-1.222753304502646916e-02
1.846358491987951556e-05
-1.209247210400389241e-05
2.267531617115731083e-06
-1.873383673032622557e-05
3.891014286895046713e-03
-1.043552507031469388e-05
-1.459049934583174936e-07
1.398439587703972380e-05
-6.128809858907386223e-06
1.922304803079466756e-03
-1.313375490801817124e-05
-1.101738869842156157e-05
8.373477785147730515e-03
-1.526785100609199234e-05
1.122785572901422406e-04
-5.210143618873143683e-05
6.593002495506160450e-05
-1.324668309740860249e-06
-5.270695664526920537e-02
-4.808166097608623443e-03
2.917180078504724638e-06
-8.623833712335613746e-05
-1.364864175636376457e-05
-4.952051870451068603e-05
3.856598630240113469e-06
3.023536329052779054e-02
4.274968116517968535e-03
1.863349734970486101e-06
1.045684061285819693e-04
5.238435188763176367e-05
6.044960976343526364e-05
-4.346164719972535722e-06
-2.686284939217595952e-02
-3.203397428244428396e-06
2.495428885698251535e-06
-2.813063834798636134e-06
2.121242716209760745e-05
1.743716384669515181e-03
1.412747508853720449e-05
-3.751116427538484200e-07
-7.073607957967755772e-06
-7.687673037493795243e-06
-2.807490661735488224e+00
1.891708013133762467e+00
-3.524463882240218560e-01
1.605080053847758981e+00
1.362188719573519391e+00
9.458377718986423766e-01
4.257373943699755414e-01
1.670572278135959765e+00
8.746393927163575947e-06
1.762002917777667158e-04
9.176092183911245233e-05
8.051235516030891897e-06
1.679725801477724000e-03
2.179422341407683461e-04
-9.180488589517706144e-07
-3.427819800023159617e-03
1.655102753932160365e-06
-1.362919682665767028e-05
1.699502153730081270e-03
-5.333467452605681856e-06
-1.315225323624044940e-05
3.071063442903565997e-03
-9.808483420743263132e-07
-1.960216488314037105e-05
-6.340100324862211340e-03
-2.530840497305753890e-05
1.332585242388178060e-04
6.717908329555197613e-05
-9.354539249137486245e-02
-1.499858038103948671e-04
-1.154862659418047770e-04
1.870944965905962413e-05
-2.422771957728808216e-05
-2.105673911163121262e-02
-1.051466646254086356e-05
1.038865157837810667e-05
4.119467693755081298e-06
1.943499729559113528e-05
-4.349100386048251367e-03
-7.134212039350504319e-06
-1.189266185234521482e-05
7.253215456682151653e-06
1.995239885766005651e-05
-2.612011926171074749e-03
-1.817973786859497661e-06
-1.270972019126171256e-05
1.479381823921311213e-05
2.695000826331184652e-05
-3.574531956316245960e-04
-1.083235907240583595e-05
-1.947287637258949405e-05
-1.151439063922851663e-05
-2.405763487954920500e-05
-5.809823469699521882e-04
1.873893233915428785e-05
1.684613318329365207e-05
-1.004849038392354073e-02
8.622009485097517580e-05
-8.070551764053204900e-05
-3.326442715184370694e-05
-9.163571276828913275e-05
-1.839617150726343341e-06
6.333636796377124789e-02
2.517741833351972054e-03
-6.513471799882522041e-05
6.178455235208783183e-05
-1.965292006897587313e-04
7.549531621802077063e-05
-9.008769818163277072e-06
-1.588333350122308682e-02
-6.600642438693679788e-04
7.116590270496386632e-05
-5.358891414522976476e-05
3.566884589640163935e-04
-8.967006024321997238e-05
3.095270069988574258e-06
4.184019059817863963e-03
1.439865974253108687e-06
-1.677895929019441367e-05
-9.565967921863489497e-06
7.365405680847213459e-06
2.396854974831431635e-03
3.234717880028795079e-06
2.698158892329310547e-06
1.298143570972813113e-04
-3.283524821223038478e-05
-3.325507184115269688e+00
4.609989915896790968e+00
1.492330252560503556e+00
3.789964201963882950e-02
-2.043292564183394777e+00
2.509242312386186224e+00
1.331903482215517354e+00
3.618106808383508621e+00
-1.338940334902565096e-04
7.671911121603497679e-04
-8.203182657950877914e-05
-1.854489533247884994e-04
1.558191916184526685e-03
-9.757408873008645430e-05
-4.580220932893588496e-05
3.219900364521966797e-03
1.300594211384023725e-05
2.663997831153340766e-05
-2.753985746000636725e-03
-4.588307937624132909e-06
3.216818601481238004e-05
-4.452441535990179014e-03
1.929513827016397228e-05
-9.462181262873133224e-06
2.834917369728096829e-03
-2.058440996366794101e-05
-4.354499040497601675e-06
6.496310445662552800e-03
-3.763941539550629196e-05
-2.581098800678873652e-05
-2.962018862360779646e-04
-2.770801253890709664e-02
-7.160689005096041566e-05
1.897316067194434336e-04
-3.757191166442927647e-06
-7.727698832773539006e-05
-5.145687433412615176e-03
2.687818885747729049e-06
7.943877066489975593e-05
-1.220454108763397734e-06
1.628302508818020727e-05
-9.344741247340658530e-03
7.376392162526391543e-06
-2.443756245960740977e-05
-6.518721176560866571e-07
3.048430607599564551e-05
-1.224483559098852106e-02
1.257951291995163852e-05
-2.236279920092931972e-05
2.158651911827819190e-06
-1.225971916801605359e-05
3.899353605008557943e-03
-1.181951692174811215e-05
1.848168668111675786e-06
8.514388844018275516e-06
-1.473185728189200942e-06
1.923091328557020169e-03
-2.809727527942960422e-05
-1.127953655683211353e-05
8.372204792090940859e-03
-1.591801578595624078e-05
7.250689899289370450e-05
-8.746722744092176290e-05
7.955947620325387409e-05
-1.814995907661826551e-05
-5.271606952283554304e-02
-4.805993185575573728e-03
4.807820998370902269e-06
-5.599097296941442554e-05
1.017295543592809746e-05
-5.828647569064173393e-05
1.169707624431817099e-05
3.024964210522792032e-02
4.271417868095399827e-03
-2.661852605767197342e-07
6.780725954642959226e-05
2.373356047020687767e-05
7.167962858239406462e-05
-8.111874874446207973e-06
-2.688579775422666671e-02
-2.359916257798728405e-06
1.901578420199403200e-06
-2.946144669001562973e-06
1.328242134702794078e-05
1.738794379706662700e-03
1.920334049953240432e-05
-3.621047634848056940e-06
-1.107149128825997850e-05
-1.836215756830743607e-05
-2.807490161364491144e+00
1.891715587429003698e+00
-3.524463095986580252e-01
1.605083671371414500e+00
1.362188102529396927e+00
9.458371590402094853e-01
4.257374454883080528e-01
1.670571260023032245e+00
-1.216799515654812562e-06
2.059158166471515778e-04
1.360096616580599711e-04
-9.954621257495000844e-06
1.748236405657412626e-03
3.265639031337366164e-04
-6.066441010656834196e-07
-3.433225374175584432e-03
2.740114412050641142e-06
-7.196353337233897842e-06
1.700837329963622363e-03
-4.541542643545611456e-06
-7.212985802239597003e-06
3.075892618153366811e-03
1.787411547630236865e-06
-9.208579069615321585e-06
-6.345402391011284969e-03
-3.270033293014433181e-05
5.916838154504798389e-05
4.705328422529404201e-05
-9.362051742206685401e-02
-2.427996266771887974e-04
-1.132846624857724389e-04
1.388256710020637402e-05
-1.272387462489564386e-05
-2.105847788592243516e-02
-9.542849361325979936e-06
2.226982377132003758e-05
4.042704942195776197e-08
1.123380285920702101e-05
-4.358311457009237874e-03
-1.574489371417582930e-05
-1.551878012355549985e-05
1.880112417885251548e-06
1.117610675705929260e-05
-2.619804557880261401e-03
-7.891018329154067903e-06
-1.539225985343856227e-05
5.201935487919140643e-06
1.564746470718963764e-05
-3.716752465691280927e-04
-2.324898874018953369e-05
-2.210076537461501980e-05
-3.623945121274048012e-06
-1.455736376927538134e-05
-5.643975616666211011e-04
3.438145364244041350e-05
1.971832147525996948e-05
-1.005433452706979737e-02
5.378568931464995705e-05
-3.869798849417481858e-05
-2.537962348453414504e-05
-1.168566351476158513e-04
3.169180222174316879e-05
6.329759060499084988e-02
2.523899525379370238e-03
-4.275498822302744803e-05
2.925968330575851492e-05
-1.923984507750258778e-04
9.750329231053109116e-05
-3.866034630369242716e-05
-1.584402364376014463e-02
-6.677429474826551909e-04
4.532955135287408145e-05
-2.376422821327486812e-05
3.409053166629627410e-04
-1.209433653410029038e-04
3.256209941054314261e-05
4.135504301101612309e-03
-2.126693138617878978e-06
-1.801808324668191649e-05
-5.377323537809095504e-06
3.938607018117305293e-06
2.390854166331330636e-03
2.883130453267416572e-06
-1.134786394584887375e-07
1.225644963938714294e-04
-5.030713670216103642e-05
-3.325506278553934436e+00
4.609982412361888215e+00
1.492329913655394691e+00
3.790444031543695191e-02
-2.043295501837278483e+00
2.509248061701458532e+00
1.331903530696682880e+00
3.618104557015612066e+00
-2.455126065875593805e-05
7.830337717002177613e-04
-7.613826512025559184e-05
-3.337409628129345360e-05
1.584085999934067455e-03
-8.465730507511957134e-05
-6.795700189829230593e-06
3.237545113411341609e-03
2.712605738404074714e-05
4.077696511564069403e-06
-2.762053753731942736e-03
-1.190197543214112285e-05
5.885562567205194873e-06
-4.455409633214656509e-03
1.776724969786875688e-05
-2.304317392592950267e-06
2.831531274314040645e-03
-2.450480532641409709e-05
-2.140762239215537945e-06
6.485143290065870265e-03
-4.769685937105387716e-05
1.910799869229711266e-05
-5.036113972132764174e-05
-2.763528880375048027e-02
-2.729671412603039884e-05
2.237370104567846651e-04
9.548293870762042211e-06
-1.233631784534805705e-05
-5.118494821119844336e-03
2.043726582492769726e-05
9.644683484934367271e-05
-3.520164544722673591e-06
2.897473610865350866e-06
-9.346809713572729744e-03
5.951365996295926413e-06
-3.065154357126126660e-05
-3.097947319670152813e-06
5.379213505395227545e-06
-1.225188946400058120e-02
9.541498006194038103e-06
-2.784896660145643976e-05
6.990938334057018648e-07
-2.418173392028804656e-06
3.901014013017058309e-03
-1.255551876806301989e-05
3.110566117484591503e-06
3.649745846837755231e-07
-1.296454903687399626e-06
1.916291399359389830e-03
-3.593002487219449688e-05
-1.058830875593909062e-05
8.368641953562756114e-03
-5.842427297803555151e-06
1.466972904254779359e-05
-8.817354409336583196e-05
8.681481482787325099e-05
-2.857938254247719963e-05
-5.274047668769145381e-02
-4.802175205659974834e-03
2.587341141419238788e-06
-1.119734298525757753e-05
8.914394129315450239e-06
-6.296585436406638254e-05
1.627899570803940525e-05
3.027473711060485462e-02
4.266556501270873242e-03
-1.128838100766562943e-06
1.361437107629136339e-05
2.660511712340935322e-05
7.765444080458822366e-05
-1.009612029514281084e-05
-2.691723184991452397e-02
-4.302824893104191935e-06
1.215066990966639638e-06
-1.146957555752925118e-06
2.854531693134037913e-06
1.741040668823632450e-03
2.183907226671414007e-05
-5.611309825251401415e-06
-1.481763246546056881e-05
-2.357494318985498244e-05
-2.807488420426285547e+00
1.891721250738332083e+00
-3.524447397920445479e-01
1.605084423386498482e+00
1.362188748459273846e+00
9.458380549176456098e-01
4.257374155228496049e-01
1.670569716561723261e+00
1.188307264560918818e-05
2.433245801868675197e-04
1.459529811456643624e-04
3.022491536728887850e-05
1.832269345904230474e-03
3.516196270097354283e-04
3.807583415444337555e-07
-3.439696876832299376e-03
3.035050649874219722e-06
1.271028407974746893e-06
1.698974793511524731e-03
-3.689686974839328318e-06
1.785297070685740766e-06
3.077770032811044318e-03
3.082328350819821845e-06
-5.550206720749793618e-07
-6.356581142053099355e-03
-3.348813183102808378e-05
-2.487140184177124956e-05
-3.142540663966103542e-05
-9.368807705192973290e-02
-2.677632883494451962e-04
-9.461020624262363697e-05
-3.183278890013110327e-08
2.142915888669104664e-06
-2.106750264964789288e-02
-8.145861920595481257e-06
2.790604048072331322e-05
-1.894478993637104891e-06
-3.932605060014094186e-06
-4.362953604135044218e-03
-1.870288266180438971e-05
-1.590262843242571433e-05
-2.188513734043240549e-06
-3.255602818402976415e-06
-2.622768843430395552e-03
-1.028860991057604403e-05
-1.511172593748437499e-05
-3.605083641064488706e-06
-5.589047739658551851e-06
-3.800299871650940700e-04
-2.747475723085425475e-05
-2.078419877145066714e-05
3.087199556233787381e-06
6.277981055377447477e-06
-5.521915091417329505e-04
3.921010285012503562e-05
1.889751956903208737e-05
-1.005572471860404112e-02
-6.392552018622797716e-06
-9.342200391166718463e-07
-4.167850195869993689e-05
-1.188025485380997815e-04
5.219320267709204851e-05
6.328757814936646076e-02
2.526770228324297200e-03
3.560458619212358327e-06
1.473708258548151932e-06
-1.705367957509152158e-04
9.971201834244490991e-05
-5.526207000828958478e-05
-1.582614746294627381e-02
-6.718498917085930031e-04
-4.748320262792491591e-06
-4.720888187201731495e-06
3.078001390177477806e-04
-1.257560995001969341e-04
4.991116999937813084e-05
4.110204834711714793e-03
-1.385907009498435747e-05
-1.988243194673323074e-05
1.052059249114811651e-06
-6.569436105879000759e-07
2.386846785352988130e-03
2.330656811071771337e-06
-2.192625095604139535e-06
1.117942012007292618e-04
-5.301836241738029236e-05
-3.325505929968389562e+00
4.609986447533298559e+00
1.492329245673135629e+00
3.790233411428187149e-02
-2.043292078058476235e+00
2.509245056737155810e+00
1.331904294207347572e+00
3.618106328816036665e+00
8.534386971068496589e-05
7.495539003898910339e-04
-5.802490159383467733e-05
1.230249130227522442e-04
1.543040956643193778e-03
-6.024217203521058437e-05
4.145879167905658201e-05
3.236796695368737101e-03
3.160662409149435993e-05
-2.319297276602513846e-05
-2.761910232063396510e-03
-1.463584244396361139e-05
-2.061325326267293267e-05
-4.446622507844438278e-03
1.343000107297017187e-05
1.645941489977685485e-06
2.824111237022225874e-03
-2.261397600022972720e-05
-7.582860707621482199e-06
6.472398925241982723e-03
-4.566517361728271820e-05
2.392002627354321113e-05
2.200595089389598927e-04
-2.767774327595367775e-02
8.414337502429364326e-06
2.093836861756969076e-04
4.667294222512187041e-06
6.366453462877734405e-05
-5.124721344196923184e-03
2.885448682001335991e-05
9.225396779274982887e-05
2.883310508187803078e-07
-1.108711354807907024e-05
-9.343806424104055333e-03
3.855961741357359000e-06
-2.995390803072306391e-05
-6.541506733392379897e-08
-2.111983998721118151e-05
-1.224444886692617994e-02
5.659854376408167707e-06
-2.709751101945197553e-05
-1.597476009253135224e-06
6.515358934509191124e-06
3.894944726605844513e-03
-1.071150611574974455e-05
3.593700133608718062e-06
-6.711457735970644411e-06
-7.029324376251479099e-06
1.905785702967042984e-03
-3.460811490749530068e-05
-7.935135531904265147e-06
8.364825861185004596e-03
1.163513347918437514e-05
-3.563569485572256874e-05
-5.340372439930702242e-05
7.554917515137355268e-05
-3.194073919219029580e-05
-5.276605457517355435e-02
-4.798928426009292994e-03
-3.353477910452158335e-06
2.846246974801594346e-05
-1.698320473323767024e-05
-5.437799711036342458e-05
1.703390859988705106e-05
3.029613859195812511e-02
4.263233639563737860e-03
-1.247777905897430499e-08
-3.412819009639172829e-05
5.969858632193952332e-05
6.718903903054604431e-05
-9.829240640300035046e-06
-2.693893351641991896e-02
-9.245558390498033439e-06
8.800618210835225790e-07
2.021448742352488342e-06
-5.194259149978736740e-06
1.749237218771932051e-03
1.953750424143166594e-05
-6.154730843433757834e-06
-1.614398133435697376e-05
-2.203774560193144536e-05
-2.807486443441419510e+00
1.891722078990629052e+00
-3.524426059035078995e-01
1.605082073211387295e+00
1.362190237790387837e+00
9.458398915924119965e-01
4.257373252117068185e-01
1.670568505631088163e+00
4.526018725035628329e-05
2.679264247092986908e-04
1.206107031656948998e-04
1.184123733991194896e-04
1.885871874226153827e-03
2.920474271228299746e-04
1.730451951849602710e-06
-3.443690176876266790e-03
2.626273924673172676e-06
8.287594758382814747e-06
1.695101606296410502e-03
-1.431762401389751072e-06
1.025009428727972040e-05
3.075866217589811203e-03
4.192141421775611416e-06
2.325426171151046693e-06
-6.367302493841814695e-03
-2.569062567360482429e-05
-8.068862089886775862e-05
-1.411787671695285289e-04
-9.371232792036096604e-02
-2.313871106431625725e-04
-5.074511172598785959e-05
-1.736663876398923198e-05
1.424025920483956432e-05
-2.107855015588689512e-02
-3.904722884701691907e-06
2.809833552850102433e-05
-5.923470422732388498e-07
-2.026119244245689252e-05
-4.360807009963820098e-03
-1.792680735902231948e-05
-1.263558566016231084e-05
-2.936966980889871715e-06
-1.768200122629691752e-05
-2.619597903336485459e-03
-1.097387670838183385e-05
-1.127156195137417293e-05
-7.455720459247689618e-06
-2.863941196486878175e-05
-3.783828994546078778e-04
-2.614939750292555071e-05
-1.442645340536955129e-05
5.400577231870347215e-06
3.070552744593719845e-05
-5.506469215343049329e-04
3.558609571096962783e-05
1.352276824778158023e-05
-1.005230862371216637e-02
-6.868646616816261052e-05
1.529592365246213375e-05
-7.207299599393398540e-05
-8.946643241655801869e-05
6.396610707709934765e-05
6.330990931327848403e-02
2.524971326342870682e-03
5.441308997745499345e-05
-8.663152990903022098e-06
-1.436765175867623203e-04
7.585182000542460817e-05
-6.199949157102645192e-05
-1.583801674053485556e-02
-6.703265857670960212e-04
-5.795918812595917232e-05
-6.243108699385059374e-06
2.761274339061523626e-04
-9.858321079644548574e-05
5.878162648566724260e-05
4.120334051760258208e-03
-3.032635999281125725e-05
-2.128439731859900613e-05
6.968719687778954187e-06
-4.385107472108458921e-06
2.386945268415418056e-03
9.501638579599791740e-07
-3.870160177981991217e-06
1.035469262694156889e-04
-4.199018433833605487e-05
-3.325506373403193994e+00
4.610000435310353417e+00
1.492328607586399958e+00
3.789409510273133996e-02
-2.043283851565306453e+00
2.509234469669811229e+00
1.331905381854699533e+00
3.618111362816446963e+00
1.525427597985346397e-04
6.827722138584197981e-04
-1.272408714539648694e-05
2.218039845961920569e-04
1.454297439133055451e-03
-2.531621512818320793e-06
7.897826553916392832e-05
3.216950502777211895e-03
3.428591106000144221e-05
-4.392758246435895234e-05
-2.753130117971480141e-03
-1.714169099454188326e-05
-3.688633365178285722e-05
-4.430358104724958432e-03
2.665081712285144591e-06
1.200692343443896155e-06
2.816632252630269038e-03
-1.481873913933014452e-05
-1.766825890960875306e-05
6.465234294627398258e-03
-3.333351391278365362e-05
-9.977736923916438394e-06
4.060586972636658532e-04
-2.781834870965522663e-02
7.554357483608120606e-05
1.497263231569901092e-04
-1.471996461107970511e-05
1.196228163732021132e-04
-5.162894551235142938e-03
3.978207222684635667e-05
6.884897601162553939e-05
8.056543376394157969e-06
-2.011743131152377939e-05
-9.337126080819400931e-03
-8.960252291968063202e-07
-2.317207097543813021e-05
6.680370943735785092e-06
-3.845188810310329395e-05
-1.222585323337122346e-02
-2.853748578923144916e-06
-2.081772157735005372e-05
-3.677754706096693031e-06
1.113347783701213393e-05
3.884124108056410691e-03
-5.207004858705083691e-06
3.547812653905199327e-06
-9.782093912762825858e-06
-1.575430714600454133e-05
1.897330263762008569e-03
-2.573392352077755421e-05
-2.856238191456099304e-06
8.362903654849984658e-03
2.841694796889717066e-05
-5.952875485949812721e-05
-7.587477212852330836e-07
3.993215834391311217e-05
-3.025093760893546188e-05
-5.277832017632363981e-02
-4.798078810424553746e-03
-1.014077311035995728e-05
4.803605590631884590e-05
-5.429201555128950548e-05
-2.788086100506067895e-05
1.473209284898576365e-05
3.030141839587158215e-02
4.263359368436809259e-03
2.403914094896727165e-06
-5.745148227850728029e-05
1.060255675159816257e-04
3.477901475895617630e-05
-7.536887660195060168e-06
-2.693792553462372869e-02
-1.497968293576987624e-05
1.231687199959090367e-06
5.073497066881609626e-06
-7.963806102682190378e-06
1.759076325020529413e-03
1.161767395550351728e-05
-5.645405299177457677e-06
-1.414374369797123107e-05
-1.539042566430181731e-05
-2.807485377169569141e+00
1.891717651653270327e+00
-3.524411496514073816e-01
1.605078017537515001e+00
1.362191699173115111e+00
9.458415958528392231e-01
4.257372274554835356e-01
1.670568323207006989e+00
8.051335000403590585e-05
2.656445906889809568e-04
7.239968018863129917e-05
2.072670329084869362e-04
1.878397104069921050e-03
1.787763096890303174e-04
2.801068428177553342e-06
-3.442933380435647846e-03
1.868896297074971125e-06
1.128384948144928967e-05
1.691481316207254062e-03
2.906518547496806508e-06
1.480061191711089370e-05
3.071329145181726263e-03
6.339410727838020811e-06
-4.291445954865655652e-07
-6.371382277031287754e-03
-1.076958695632848434e-05
-8.788802447012378574e-05
-2.297978225535062197e-04
-9.367973519565236939e-02
-1.626385153361535759e-04
1.761011284314269653e-05
-2.999233771948412263e-05
1.921279800035143189e-05
-2.108521420497854251e-02
4.270312889093077981e-06
2.525817069801233287e-05
2.893303732604484519e-06
-3.075126822796661608e-05
-4.353192312733906999e-03
-1.653528310216154931e-05
-6.540478284862485259e-06
-5.328120293630871508e-07
-2.614679840481103472e-05
-2.612197539576417531e-03
-1.234764951302517349e-05
-4.537912685176488163e-06
-5.394805490153184013e-06
-4.357016505977897344e-05
-3.678032792029924743e-04
-2.372974499964027248e-05
-3.755874312809414414e-06
2.945685963447482029e-06
4.782653493241360398e-05
-5.605337986187114126e-04
2.880860331808644749e-05
4.315118761028753554e-06
-1.004607006429706142e-02
-1.053957973760743919e-04
8.171223237041889292e-06
-9.890337118766774540e-05
-3.337456384192656784e-05
7.355080492917895959e-05
6.335148135572593597e-02
2.519566607630490188e-03
8.672663163650535666e-05
-1.013518322445734876e-06
-1.274003746236839689e-04
3.013688504666428347e-05
-6.467146261650837883e-05
-1.587244845382109609e-02
-6.640902519028333293e-04
-9.039513017914775292e-05
-2.296431408259142268e-05
2.641803231514194502e-04
-4.655257913678637624e-05
6.486666752445286669e-05
4.159594116593643559e-03
-4.348703641954215846e-05
-2.135122133050909888e-05
9.834104585083880412e-06
-5.830893219199934094e-06
2.390935064732393339e-03
-1.467748140289697206e-06
-5.897610508370136964e-06
1.025074037296671290e-04
-2.398642687109012872e-05
-3.325507400757246934e+00
4.610017484476238714e+00
1.492328324613536816e+00
3.788377660671236880e-02
-2.043274898398045547e+00
2.509221515240803502e+00
1.331906247726986292e+00
3.618117171753052030e+00
1.565503366569730073e-04
6.159056767607664924e-04
6.011019437794596840e-05
2.309871041127130418e-04
1.361914361670037762e-03
9.148496185686194712e-05
8.960221252600218179e-05
3.187654681324702654e-03
4.173191565528213727e-05
-4.942029918441993917e-05
-2.739981035263325520e-03
-2.276517546026036150e-05
-3.793304849089629337e-05
-4.414722111287728429e-03
-1.467086791007274940e-05
-1.828589356401372582e-06
2.812898111532821047e-03
-3.409183395965582321e-06
-2.536671291965713717e-05
6.467419609189235807e-03
-1.616260825070301121e-05
-5.507610992037109682e-05
4.388057969800492953e-04
-2.798777282098150257e-02
1.914429587685616686e-04
6.371391167635145469e-05
-3.481226697567231434e-05
1.329302941950297906e-04
-5.214323946778237281e-03
6.109772773277013732e-05
3.460029003516677581e-05
1.470099907149032203e-05
-2.115882137942029978e-05
-9.330086915247311555e-03
-8.726324743649693187e-06
-1.308179127569947097e-05
1.265202611884222205e-05
-4.067028512248404892e-05
-1.220531140768421792e-02
-1.698168646820346410e-05
-1.151130672089074327e-05
-4.485225288461078251e-06
1.051959826309284433e-05
3.873950130716055304e-03
3.301304855795312676e-06
3.327247709729686531e-06
-8.192322101703897850e-06
-2.175999429675442058e-05
1.895272305903192246e-03
-1.352739689693246049e-05
4.015847117519524563e-06
8.363876802873867339e-03
3.576634238735912228e-05
-5.374691063411247895e-05
4.340786435322926268e-05
-1.463226374056732047e-05
-2.655914781226815683e-05
-5.277071847904063473e-02
-4.800155367945091456e-03
-1.398058053099205083e-05
4.427662156014159343e-05
-8.430030893569550958e-05
1.289717668671087269e-05
1.096972503981916055e-05
3.028754439922174899e-02
4.267027870438818739e-03
4.543652980649467928e-06
-5.265387546068196094e-05
1.423226882384737092e-04
-1.502826220356422556e-05
-4.130873542711860539e-06
-2.691424083851555113e-02
-1.789226187540157628e-05
2.050523388578531790e-06
6.417232837470897537e-06
-5.861686648887975116e-06
1.765568028423133116e-03
-2.044475508342613986e-07
-4.794472918875129686e-06
-9.779531180404621023e-06
-7.230753833091371145e-06
-2.807487667248851348e+00
1.891710701500994851e+00
-3.524432458307028004e-01
1.605077314176322156e+00
1.362190781771962511e+00
9.458403439788320988e-01
4.257372719562016461e-01
1.670570305508947806e+00
6.423479561814198846e-05
2.180332650992251962e-04
-8.286036102809933243e-05
1.475543310803770528e-04
1.771603369542311965e-03
-2.123992072643231873e-04
7.251805330726294360e-07
-3.434726027458642056e-03
-2.815568307041324307e-06
-9.258646679432737476e-06
1.694086398218793256e-03
-1.018252927741957409e-05
-6.325907127981892436e-06
3.069214245309724587e-03
-1.361549092644910431e-05
-2.442259492973593556e-05
-6.356844813041778383e-03
1.576150476057309159e-06
1.120240969981146559e-04
-6.998959865299705821e-05
-9.359553921433851065e-02
2.267861399412615209e-04
-9.283406683689943107e-05
-6.660312607941432322e-06
-1.704734873375013057e-05
-2.107326750945037394e-02
-1.739030827188122196e-05
-3.187204085991498197e-05
1.060682850122196305e-05
3.475029944379674860e-06
-4.347746750431535911e-03
2.946793857974513471e-05
3.329471197426286770e-06
1.150327871608017159e-05
7.164141063934501095e-06
-2.608880850764698327e-03
2.476074139363557082e-05
-5.071318281798695930e-07
1.797326025173750423e-05
4.193713950147345793e-06
-3.578061518137128148e-04
4.179157692936672066e-05
-5.732634133186518361e-06
-1.560435063245673256e-05
2.180227222060326285e-06
-5.754922002455439270e-04
-4.634607093009021091e-05
2.845647172498097651e-06
-1.004453128591109579e-02
1.052917702822279679e-05
-9.381430582612219167e-05
-7.632857602106447002e-05
-1.357605259250604067e-06
-1.129151889261827211e-04
6.336175967976601098e-02
2.516351631134517916e-03
6.715656761286237090e-07
7.534418495274090974e-05
-1.563886370522726225e-04
-4.127802924879164841e-06
9.255367958067334418e-05
-1.589312576405079586e-02
-6.594262933878189880e-04
4.879399224375429535e-06
-8.122216724631953861e-05
3.072388381025381501e-04
2.765785943347231875e-05
-9.652876901518957589e-05
4.189430576951565580e-03
-1.195027679530481535e-05
-1.931911784766053352e-05
-3.292790897755380129e-06
4.990208842910919332e-06
2.395805474936893616e-03
5.299929661731937885e-06
1.065297972146634069e-05
1.163103115062701629e-04
4.147366912584270671e-05
-3.325507371868692719e+00
4.610001090849523919e+00
1.492329573493583528e+00
3.789315424113071096e-02
-2.043285624588738525e+00
2.509233871371523872e+00
1.331904508452268709e+00
3.618110941954330695e+00
-1.528722984816044460e-04
7.088350669964086368e-04
-1.076761147201313204e-04
-2.007859621783835541e-04
1.481842782721248634e-03
-1.607674321307484217e-04
-2.442122332432201945e-05
3.205766623940532137e-03
-6.625516818236034018e-05
1.626798930268385319e-05
-2.747797185912964450e-03
3.626385950232302791e-05
3.647043600613137417e-05
-4.438007908330658842e-03
2.609462777299826258e-05
-2.079048051412154380e-05
2.827102148484890356e-03
2.832118531893223291e-06
-2.857742254361243225e-05
6.486857004854634443e-03
2.114040619839496543e-05
-1.690108717277721438e-04
-2.662962978223370092e-04
-2.782105670178484924e-02
-3.098003592231391313e-04
-3.057402260875883448e-05
-6.796248282113670654e-05
-5.519318135461833265e-05
-5.174509012859828533e-03
-9.556345189692034864e-05
-2.271676715929713482e-05
2.017215647887431805e-05
1.694899915255656348e-05
-9.339027807335279971e-03
1.466206274120211056e-05
1.066797751586498839e-05
1.856908094734259712e-05
3.089747315014432807e-05
-1.222925061635952992e-02
2.829489062454701960e-05
8.990347906259863839e-06
-6.169068352902435587e-07
-1.694417963061329370e-05
3.889674151796008138e-03
-6.714026852705691952e-06
-3.580135294418510672e-06
1.296818889256145042e-05
-1.987965558514718779e-05
1.913510740959120226e-03
1.759910178823711238e-05
-7.784303333035068299e-06
8.369597013719304660e-03
8.754150439532174151e-06
1.068687284359315631e-04
-3.855168509361964245e-05
3.272751166890662598e-05
2.869541021805430090e-05
-5.273359738925080531e-02
-4.804303304207249020e-03
-7.869449348556954932e-06
-8.038171645053864098e-05
-2.493550696885455569e-05
-2.753543601252758592e-05
-1.091145882139750247e-05
3.026081425143885284e-02
4.270343413740997421e-03
6.720140719372599890e-06
9.802686560926166372e-05
6.765849651901124440e-05
3.259577578287329365e-05
3.305016323889749388e-06
-2.689267567073989895e-02
-9.713743995958665418e-06
1.822577553223287755e-06
1.772505385988877848e-06
2.263176986447122205e-05
1.748552383496646771e-03
2.827934350638163459e-06
5.206325462184853780e-06
-1.011122832224278410e-05
1.482849655933677977e-05
-2.807490769971335176e+00
1.891706149103938639e+00
-3.524463911119464776e-01
1.605079142218024391e+00
1.362188883596268330e+00
9.458379375821969193e-01
4.257373810157318306e-01
1.670572520090706670e+00
7.039141092340079980e-05
1.690510129497764015e-04
-3.145033998668717858e-05
1.585661852085791718e-04
1.663217325263343207e-03
-8.510410459966149632e-05
5.444331354018778015e-07
-3.426519086665991490e-03
-1.458642904299024114e-06
-1.335284627066846633e-05
1.699141381218688710e-03
-8.147450399602947367e-06
-1.011558724241715977e-05
3.069855248164721218e-03
-9.294681210695095936e-06
-3.099104057423600312e-05
-6.338876239272388594e-03
-5.532608818384369776e-06
1.583496968535843424e-04
-5.688093894275175310e-05
-9.352703646239811375e-02
1.120519003622384209e-04
-9.917298001991644760e-05
-1.976497902010415815e-07
-2.435427776968806016e-05
-2.105639597634904533e-02
-1.428318739245682255e-05
-1.841680655253159158e-05
1.206031890450282452e-05
8.720395545573316593e-06
-4.346809503649881438e-03
1.775439373265231990e-05
-1.453927720172453722e-06
1.403216975552728623e-05
1.277573429939184542e-05
-2.610063382181159256e-03
1.599673226318918260e-05
-4.311858344657011952e-06
2.311933771940825210e-05
1.143921942870135287e-05
-3.539291257068277654e-04
2.499253561522673560e-05
-9.973726245269279528e-06
-1.962707150500525241e-05
-3.916786926835591790e-06
-5.850648812424052688e-04
-2.597870374694421453e-05
7.195365265650782466e-06
-1.004699781018861954e-02
4.035408113585678853e-05
-1.204721377003458306e-04
-3.543194443268119637e-05
-2.455543740540392760e-05
-7.733534500882529162e-05
6.334613773358307998e-02
2.516314057700579088e-03
-2.183160865922424316e-05
9.588587367767060924e-05
-1.973378845947075814e-04
1.676835057256320332e-05
6.001527122025266455e-05
-1.589315142636800807e-02
-6.583198421416367905e-04
2.946513649917696859e-05
-9.996337777117246255e-05
3.603314237842605351e-04
-4.796973713114235756e-06
-6.454089241650091523e-05
4.196104029373519222e-03
-1.466795530548226919e-05
-1.691223211725908533e-05
-6.665438375286388334e-06
7.326499387452428745e-06
2.398325651766618303e-03
4.380690838344245469e-06
8.184415564821034188e-06
1.316031759651666662e-04
2.028027476691673760e-05
-3.325507837667211142e+00
4.609994233437946676e+00
1.492330580728337575e+00
3.789680577535166350e-02
-2.043291164627963674e+00
2.509238991354229675e+00
1.331903329959224003e+00
3.618108015332999639e+00
-1.745100984730452913e-04
7.620391095294553295e-04
-8.713660119400079204e-05
-2.328323451973854971e-04
1.547613592192893881e-03
-1.233156303349712383e-04
-3.710278255069468002e-05
3.208386058300149567e-03
-3.630214853429227992e-05
2.325792245986189495e-05
-2.748692598351997786e-03
2.054835311245336403e-05
4.172094406319199448e-05
-4.451874569835451156e-03
2.095217710697708604e-05
-2.042016675005331781e-05
2.838319011236091222e-03
-3.922975696083182339e-06
-2.478843586025264513e-05
6.505678392321074047e-03
2.416316464774922556e-06
-1.475880776090146573e-04
-3.279079957130422943e-04
-2.774934082965890836e-02
-2.053363850137051899e-04
4.001285500778275009e-05
-5.658458776554115227e-05
-7.395604628735893656e-05
-5.162663303759773038e-03
-5.656620892148025439e-05
1.055706543154454707e-05
1.583362760666918556e-05
1.988563998482411141e-05
-9.343846366006070339e-03
1.081022911160935179e-05
-9.264231184956886980e-07
1.476535932627798114e-05
3.656531083843507604e-05
-1.224134900226237117e-02
2.040727232825019388e-05
-1.334365376100120841e-06
4.090985629365506734e-07
-1.837093921539411956e-05
3.899213908909731664e-03
-7.257888546734049931e-06
-1.667036084875733083e-06
1.406962328659888440e-05
-1.666398039195682594e-05
1.929236307122154503e-03
2.869102915957807779e-06
-8.398184322517874249e-06
8.375253243498845257e-03
4.328340049835759399e-07
1.139781456148838783e-04
-9.245809683196000005e-05
4.135831092586436642e-05
1.229130764410355967e-05
-5.269596960193372037e-02
-4.809051246785448798e-03
-4.356697894633434451e-06
-8.629414908081992487e-05
1.507699758440423244e-05
-3.244909139524995701e-05
-3.191566422703924218e-06
3.022970500832390661e-02
4.275112329330702648e-03
5.313765599448886902e-06
1.050773799693358453e-04
1.662402225250921104e-05
3.915089314028780479e-05
-4.293236991047256251e-07
-2.686161014266431890e-02
-8.897603822796850315e-06
2.149913552089969279e-06
1.761173881585106415e-07
2.341240790504982741e-05
1.736000263394279174e-03
6.940520279166355001e-06
2.196429661507608815e-06
-8.344625781211997034e-06
4.257523747541038229e-06
-2.807493276607627930e+00
1.891705808086965757e+00
-3.524491413046935695e-01
1.605082527691875427e+00
1.362186899874512580e+00
9.458355053278306723e-01
4.257375025693283521e-01
1.670573986595860871e+00
4.892881879375540912e-05
1.401192497821565652e-04
3.434362156523477415e-05
1.065900212148061240e-04
1.600539559099085820e-03
7.678925975415042593e-05
8.256272796560362208e-08
-3.421886366660663922e-03
2.197522287908542029e-07
-1.301028151180566654e-05
1.704273573136692041e-03
-6.571059808898765026e-06
-1.073718600870104210e-05
3.072779337651920187e-03
-4.780872731181346910e-06
-2.644213071470206483e-05
-6.325537839617433739e-03
-1.599547460823781361e-05
1.444856815958040722e-04
-1.644333202750534832e-05
-9.350292480406319218e-02
-2.833325500021051022e-05
-1.070121871639049101e-04
6.722658213721531420e-06
-2.352450544906120703e-05
-2.104229496353197254e-02
-1.213905616814929780e-05
-2.433182840126108236e-06
8.801230374400009586e-06
1.177457917753270162e-05
-4.350469730338445140e-03
4.351642328174806632e-06
-7.155703747959472427e-06
1.113714687497179503e-05
1.460555615740543451e-05
-2.614915428543931452e-03
6.375639009857109191e-06
-8.864474216617964812e-06
1.938828819503209662e-05
1.590972317122421110e-05
-3.574321343971632956e-04
5.711996081678981802e-06
-1.506681345700922875e-05
-1.607868924721769462e-05
-1.006068962750638831e-05
-5.854648328225333254e-04
-1.956044186198090912e-06
1.240001403548582343e-05
-1.005193097033021607e-02
5.590844219540679072e-05
-1.042794019824841331e-04
4.594859797721968959e-06
-6.002166034256306717e-05
-3.511489263640828749e-05
6.331341982702480553e-02
2.519230237984807982e-03
-3.699861040654236956e-05
8.212461561178043977e-05
-2.315563561757907147e-04
4.779144985773740937e-05
2.152376579665769873e-05
-1.587399645969174433e-02
-6.610311915756179662e-04
4.381525326351488252e-05
-8.221655995560616173e-05
3.996351519617463190e-04
-4.981498807093279933e-05
-2.675873024643463457e-05
4.178334088024481495e-03
-1.080792066874309301e-05
-1.515140164714990370e-05
-7.566501121462456737e-06
7.208524334741914534e-06
2.397650476168219306e-03
3.777569346757505403e-06
5.129147051821050473e-06
1.415385288462008527e-04
-7.390916988050450172e-06
-3.325507701141880545e+00
4.609984543570527116e+00
1.492331195683765266e+00
3.790241651105557413e-02
-2.043297239392980025e+00
2.509246308467586228e+00
1.331902415516905469e+00
3.618104413513774098e+00
-1.307801562771984487e-04
8.134356715021039694e-04
-8.118222024631597297e-05
-1.766796194741351086e-04
1.614685723461433374e-03
-1.053716174184454220e-04
-3.338673804029739661e-05
3.220371000185242531e-03
-9.554783872470819375e-06
2.026358802089460275e-05
-2.753930740940858934e-03
6.836266228875837975e-06
3.131816710354028171e-05
-4.464619506353616554e-03
1.930033675516575685e-05
-1.330273608134975138e-05
2.845382839700499704e-03
-1.233991546869259428e-05
-1.384836147364455877e-05
6.514454255707779855e-03
-1.827029008251499818e-05
-7.704528393359600031e-05
-2.600524553437714059e-04
-2.765117496087794030e-02
-1.285924717069574213e-04
1.151810096469038614e-04
-2.731438804032996717e-05
-6.201364514047742098e-05
-5.137940341405662116e-03
-2.387277717038872071e-05
4.561981423829181305e-05
6.803713617896150191e-06
1.522941892814357832e-05
-9.348856873661067976e-03
8.619357956963098869e-06
-1.304116131273620040e-05
6.521985892056818598e-06
2.817946212760218249e-05
-1.225497679297406911e-02
1.558562693671760525e-05
-1.214236536370349964e-05
9.807933938177680212e-07
-1.317594629477360782e-05
3.907771914604061744e-03
-9.326562687355077538e-06
2.572585716942509873e-07
9.568389844961307594e-06
-8.849457647254080166e-06
1.937989871953059873e-03
-1.317960002193849383e-05
-9.381178533134538496e-06
8.377732643527591172e-03
-5.630357709396197253e-06
8.057541260018526662e-05
-1.359303146189287637e-04
5.937610392976820205e-05
-4.222481560914623466e-06
-5.267957457336448768e-02
-4.810726458381222280e-03
-2.340358002123935722e-07
-6.138036555839384320e-05
4.635392894725197475e-05
-4.446475952052648901e-05
4.705581715067381631e-06
3.021894096771740243e-02
4.276256891099275946e-03
2.330313814062961525e-06
7.464307973877117887e-05
-2.256375865654851971e-05
5.435747536809874760e-05
-4.368984387770203905e-06
-2.685445417305299884e-02
-5.790930409806291922e-06
2.103674857659061123e-06
-1.037319640410606095e-06
1.606594619993386417e-05
1.727222887165415178e-03
1.301914200942328590e-05
-9.384000463359486658e-07
-9.049718294092331269e-06
-7.447670151610799380e-06
-2.807494059809549025e+00
1.891708899077360284e+00
-3.524502009079656939e-01
1.605085414422828372e+00
1.362185848468431715e+00
9.458342773771816203e-01
4.257375726616061118e-01
1.670574135881615296e+00
2.047816306098933884e-05
1.412590504314648282e-04
9.371004551880895961e-05
4.242001824267937750e-05
1.604758101094133898e-03
2.219150761709637613e-04
-1.411408853901711550e-07
-3.422348105094991273e-03
1.648657149752043577e-06
-7.707501315100476010e-06
1.706883794943802376e-03
-6.126507463725057861e-06
-6.746814200620127416e-06
3.076002612339807322e-03
-1.679364232074362528e-06
-1.402210080253341828e-05
-6.322503959715065382e-03
-2.672479504680493493e-05
7.347549833297770398e-05
7.095194404906085420e-06
-9.352532205535543652e-02
-1.489278902510198811e-04
-1.154243343396098558e-04
7.955124836657671280e-06
-1.383836658854487497e-05
-2.103743179242817049e-02
-1.193807333280240228e-05
1.141216037073828896e-05
3.016863782149529252e-06
8.389096011099206088e-06
-4.355845943839276382e-03
-6.241403248005432023e-06
-1.221472255734346816e-05
4.568726488913487269e-06
9.582177714000898462e-06
-2.620162515968886205e-03
-8.057161514124944624e-07
-1.295783219499244685e-05
8.744384851451819949e-06
1.148168832672955193e-05
-3.648806615016958032e-04
-9.600459453172128962e-06
-1.972550981923626757e-05
-6.965995304511956665e-06
-8.655691675854288168e-06
-5.785627398081354556e-04
1.779309730470651898e-05
1.710790350924073190e-05
-1.005645118162561483e-02
4.103525697506490077e-05
-5.604108365492709590e-05
2.385047006618916301e-05
-9.738393271778001770e-05
1.025646476081771294e-06
6.328376844255340083e-02
2.523010720840877449e-03
-3.006101073756346933e-05
4.376009221013056421e-05
-2.433784392119701652e-04
7.985071374638041508e-05
-1.150880291838993292e-05
-1.584962298651122065e-02
-6.653646048025130787e-04
3.343530953648625340e-05
-4.213571513918668140e-05
4.085195719299057615e-04
-9.379508690540732828e-05
5.552488971480289391e-06
4.150615303637604503e-03
-7.304990361247137552e-06
-1.494136073426483657e-05
-4.801783671875433198e-06
4.280771757186328287e-06
2.394802537655154034e-03
3.719014247906100791e-06
2.390376545752507414e-06
1.424351439780204248e-04
-3.168039625777626105e-05
-3.325507274028236981e+00
4.609979414711347978e+00
1.492331159726922873e+00
3.790558745050938427e-02
-2.043299671284176888e+00
2.509250218199139848e+00
1.331902267136988005e+00
3.618102745637958417e+00
-3.215154763437041871e-05
8.299774107194605836e-04
-8.912950956699915790e-05
-4.337026535584517989e-05
1.638577861303077039e-03
-1.091823312324338821e-04
-8.043724570238600433e-06
3.230403003460357615e-03
6.060768120761772342e-06
4.904112300727998901e-06
-2.758470708022233136e-03
-8.816532226710774149e-07
7.699828572041485394e-06
-4.468295927680469501e-03
2.104278320009262261e-05
-3.324846701140105835e-06
2.845194566621000228e-03
-1.946450918102019486e-05
-3.530419193252407098e-06
6.511139091529325774e-03
-3.403661013520851449e-05
2.904729768184865679e-06
-6.365728480039403324e-05
-2.760063521952810239e-02
-9.891580387684803337e-05
1.718466070923203382e-04
2.518993991720738063e-06
-1.510611347956347635e-05
-5.121270328534008841e-03
-6.727652331902058708e-06
7.188804951692266687e-05
-1.259654340631339978e-06
3.740087739407164587e-06
-9.350706815197199970e-03
8.498717949614310898e-06
-2.206589277306201708e-05
-1.053977483535151333e-06
6.916641378972137963e-06
-1.226064134736759743e-02
1.482039531356951939e-05
-2.020736955362093174e-05
4.723382814781181407e-07
-3.256814686803284975e-06
3.910099106683805233e-03
-1.199334880707251674e-05
1.664729922713942088e-06
1.120349639555982961e-06
-2.265284193905058393e-06
1.936596489276580686e-03
-2.523411478742943883e-05
-1.025056238293747560e-05
8.376612526655079216e-03
-3.710913725930019770e-06
1.993991160018401116e-05
-1.443384649214353747e-04
7.945189376984910102e-05
-1.628674253357943605e-05
-5.268736022848816841e-02
-4.809336760456725361e-03
1.378195728665225115e-06
-1.517780372487180287e-05
5.159859716923824273e-05
-5.857970274467784135e-05
1.049804355691503290e-05
3.022805271712584660e-02
4.274304839215142295e-03
-3.823372573024035440e-07
1.847204871422182334e-05
-2.854872819221040015e-05
7.194219109187863193e-05
-7.281929507092704470e-06
-2.686703011737763894e-02
-3.686402687167031597e-06
1.803428349273604125e-06
-7.415367376134416722e-07
3.991721589859540771e-06
1.726611513739653323e-03
1.876388037143699879e-05
-3.275613250158418479e-06
-1.083406596420715625e-05
-1.605915054184687833e-05
-2.807492839926688522e+00
1.891712586493234483e+00
-3.524490832176199184e-01
1.605085780854863975e+00
1.362186338741924407e+00
9.458349458972100665e-01
4.257375488908606842e-01
1.670573081800815540e+00
6.142136372803986140e-06
1.665700752778702810e-04
1.273336968489429516e-04
1.568905628340788806e-05
1.661527838199180953e-03
3.037518493198788569e-04
2.021644057229662544e-07
-3.426703269554355526e-03
2.414407191443165580e-06
7.103608386662819780e-07
1.705493414372115813e-03
-6.243306479024696416e-06
9.700865231763210914e-07
3.077121085294673170e-03
-2.885909140029015103e-07
-1.942459183504533950e-07
-6.330236123020264484e-03
-3.329056215560807590e-05
-2.437189493739928722e-05
-1.654444226983383306e-05
-9.357007059538528793e-02
-2.150583384394465117e-04
-1.150303774217416883e-04
7.954898210723388081e-07
1.207291836834141843e-06
-2.104378716851336081e-02
-1.246633204718836855e-05
1.999121373886287732e-05
-2.120855230252457226e-06
-2.114680977314244754e-06
-4.358731184828767112e-03
-1.168976451946256471e-05
-1.492191087448971768e-05
-2.343196316481069022e-06
-1.765645067715752777e-06
-2.621912260758709878e-03
-4.321772230702108279e-06
-1.499960538434035433e-05
-3.735818002862951405e-06
-3.001768543267391917e-06
-3.701785470532106522e-04
-1.750921892278823428e-05
-2.179790827996296485e-05
3.245528947083473155e-06
3.347705140492433354e-06
-5.706200926453657528e-04
2.827498295180815160e-05
1.933069974358437467e-05
-1.005713932481440941e-02
-3.989022791193854112e-06
-1.772030509307397322e-07
1.183496299501701678e-05
-1.204835407717674855e-04
2.493029638624376105e-05
6.327843839935294590e-02
2.524762517349208018e-03
1.432203566683813555e-06
5.169902696482668679e-07
-2.280114907241094014e-04
9.957163672705828482e-05
-3.276420989069128026e-05
-1.583870789416478436e-02
-6.679277188202100779e-04
-2.604612531693054478e-06
-2.226048830193666720e-06
3.856866033947527216e-04
-1.200339532661389390e-04
2.661857180986916009e-05
4.134839206399176792e-03
-9.826928084054158130e-06
-1.622445968938503665e-05
8.731313681818668907e-07
-3.726812849579037615e-07
2.392242669370166219e-03
3.816309391154140587e-06
4.113250604888003120e-07
1.351251369898942459e-04
-4.438146926927305166e-05
-3.325507043814347696e+00
4.609984691115885269e+00
1.492330515525136736e+00
3.790270499609457722e-02
-2.043295691750185661e+00
2.509246264815585103e+00
1.331903052595297954e+00
3.618104911406871071e+00
8.346488000695626117e-05
7.928868559752527256e-04
-9.549687665301685713e-05
1.168130806953912273e-04
1.592161097772330303e-03
-1.153942464222956819e-04
3.162347993256525914e-05
3.227060648920648030e-03
1.052117120916052652e-05
-1.815752298652388856e-05
-2.757144827507964063e-03
-2.981669187952036981e-06
-2.007881416244237932e-05
-4.458732799050495015e-03
2.251156071505962060e-05
4.802245315787408290e-06
2.837983289910560487e-03
-2.229311434456556263e-05
1.276955757023776144e-07
6.499536685354633490e-03
-3.986434643938614714e-05
5.317873046369328089e-05
1.922037995516294971e-04
-2.765536544218801310e-02
-9.592310193835112129e-05
1.903647268277638234e-04
1.774153861178981065e-05
5.169027107912044916e-05
-5.131679183078249711e-03
-2.564206385123720728e-06
8.112209514807439679e-05
-4.041607622292723040e-06
-1.031731670564655234e-05
-9.347291073692880550e-03
8.886040894537394582e-06
-2.542360181100833893e-05
-3.958998613537332786e-06
-1.940374827364995159e-05
-1.225189000094698173e-02
1.534475325875997033e-05
-2.317338287580454720e-05
-1.056156937902689267e-06
7.313344841081888880e-06
3.903550566015840956e-03
-1.327649296158153984e-05
2.334330778011867655e-06
-7.694182379922983521e-06
-1.055984674964267837e-06
1.926670683766914301e-03
-2.962902334698655217e-05
-9.924335205324413318e-06
8.373173297339343499e-03
6.746336221692168320e-06
-4.253948617638849560e-05
-1.081454455313686632e-04
8.862825525545351226e-05
-2.185234372447620931e-05
-5.271036015089324706e-02
-4.806492003185110044e-03
-8.053417645293270123e-07
3.309518523137964000e-05
2.489564446523018964e-05
-6.515508364762674371e-05
1.297970227113014310e-05
3.024663679398207489e-02
4.271518703121916782e-03
-1.429824875910219041e-06
-3.998249664963886578e-05
5.399309659966675199e-06
8.006666013988411081e-05
-8.395408526554172074e-06
-2.688501828351226239e-02
-4.622379349358802671e-06
1.578967071708896193e-06
1.133078521640367616e-06
-7.463552149570574052e-06
1.734829577056011714e-03
2.116022336237056517e-05
-4.290124814145594194e-06
-1.167494450927310567e-05
-1.887058359407212972e-05
-2.807490294700680789e+00
1.891713709613914718e+00
-3.524463392740996293e-01
1.605082787904918318e+00
1.362188247717153633e+00
9.458373014911563015e-01
4.257374333369394193e-01
1.670571517982432530e+00
1.504053197589237195e-05
1.984426732091110516e-04
1.263407252681595890e-04
4.533561973970691233e-05
1.731023450990248989e-03
3.020198367546192571e-04
1.074365814620128187e-06
-3.431866064455359015e-03
2.434029448597343305e-06
8.871464340291335631e-06
1.700526828853202166e-03
-5.545888026136092888e-06
9.473244899079694492e-06
3.074707608898527827e-03
3.564419508025167208e-07
8.868116603546305799e-06
-6.344035794685783797e-03
-3.217582115385962693e-05
-1.064537835164508083e-04
-8.478927867973821216e-05
-9.360180953298841144e-02
-2.173730368523477596e-04
-9.400999057994103170e-05
-1.217855624015024102e-05
1.557712107103768640e-05
-2.105799192071339254e-02
-1.122528487144011894e-05
2.281860098009334483e-05
-4.206755071710878619e-06
-1.611140030596917443e-05
-4.356043173366884631e-03
-1.259175708319236345e-05
-1.423036059133472967e-05
-6.462102737921634961e-06
-1.526570284661752573e-05
-2.617892105015312554e-03
-5.290444645996114398e-06
-1.381806059198549041e-05
-1.248567802584303915e-05
-2.256506379558873048e-05
-3.681644295424619639e-04
-1.876512563528062207e-05
-1.942471512175379816e-05
9.964781209503975070e-06
2.224473754646695344e-05
-5.685085113123192115e-04
2.932954767695873953e-05
1.747947821261550269e-05
-1.005276965152139025e-02
-6.106415432181437088e-05
3.872014171895340800e-05
-2.718825554888027254e-05
-1.159141158171072763e-04
3.815485769948590505e-05
6.330702841551423543e-02
2.522491436405332847e-03
4.513426879394835396e-05
-2.840814207856110800e-05
-1.935555817288718192e-04
9.615006776468059172e-05
-4.276078989291791686e-05
-1.585370493489505345e-02
-6.660280012593021654e-04
-4.998694661855749872e-05
1.901416666276205985e-05
3.449730032560266793e-04
-1.169592138121025609e-04
3.757810720178610207e-05
4.147485821951266832e-03
-1.905145182202771617e-05
-1.803933887310670762e-05
7.055403671771213873e-06
-4.785306657116315050e-06
2.392350132492981982e-03
3.334830681000553582e-06
-9.665665954207045777e-07
1.244583734554457468e-04
-4.301840039637860999e-05
-3.325507371507752552e+00
4.610001083640040243e+00
1.492329573372165097e+00
3.789315851032130228e-02
-2.043285628265808285e+00
2.509233877019976244e+00
1.331904508220821848e+00
3.618110939561114847e+00
1.688024873061105444e-04
7.088597660105758766e-04
-8.023034926148451618e-05
2.381430101163018798e-04
1.481878192261588869e-03
-9.632242915417708331e-05
6.880295130414159049e-05
3.205781758315924806e-03
1.045862160853840606e-05
-3.917553735072683871e-05
-2.747803701454778862e-03
-3.342625173415811572e-06
-4.064801637547068273e-05
-4.438013414844951127e-03
1.888843051247550482e-05
7.988047098200214838e-06
2.827101882862177729e-03
-1.932975474117552982e-05
-3.813426955496417040e-06
6.486852205781092236e-03
-3.491737599345840501e-05
5.585615083286902378e-05
4.013914314492505867e-04
-2.782098134413692886e-02
-7.568173860954106489e-05
1.646526721283975028e-04
1.348327549004485713e-05
1.103434263316486921e-04
-5.174484730543778277e-03
-5.334569831585964124e-09
7.135575047555623514e-05
-9.232192228354390395e-07
-2.116819876663000109e-05
-9.339030887786188215e-03
7.347893989886220601e-06
-2.270199387373141695e-05
-1.461513176530268296e-06
-3.994572603970464623e-05
-1.222925889132136894e-02
1.261080040944731866e-05
-2.063008295430713738e-05
-2.858978088002900871e-06
1.428404961194498175e-05
3.889677478981545204e-03
-1.131737458928012173e-05
2.417324877849694807e-06
-1.315340716711390432e-05
-5.301153009901742238e-06
1.913508611433780955e-03
-2.601780509455270277e-05
-7.436203493543732387e-06
8.369595641260935484e-03
2.047648464656543510e-05
-8.193813046992655684e-05
-3.856431000395592855e-05
7.584473988209732194e-05
-2.193935053542900629e-05
-5.273360526516835539e-02
-4.804301757394614444e-03
-5.516714733511027710e-06
6.411834386739936995e-05
-2.492771473445505202e-05
-5.566468588607517064e-05
1.227606855534863246e-05
3.026082350042186633e-02
4.270341266681131585e-03
-4.942345416952676263e-07
-7.732256901192860151e-05
6.764950639663282672e-05
6.841275718415678632e-05
-7.478164389498343498e-06
-2.689268866251833326e-02
-8.022999337436518131e-06
1.822250300384290409e-06
3.643414060954177000e-06
-1.376299952415839829e-05
1.748551399714258969e-03
1.818520362613999019e-05
-4.168169484232381810e-06
-1.011311913086188603e-05
-1.594215978638808428e-05
-2.807494107036653475e+00
1.891708172859496662e+00
-3.524502075736244966e-01
1.605085066562951912e+00
1.362185908174171622e+00
9.458343368543457030e-01
4.257375677081381982e-01
1.670574233099611394e+00
8.336486758216622077e-05
1.384219083689421938e-04
-3.010652812093737580e-05
1.931788219703827489e-04
1.598217889513714940e-03
-7.729064106560272929e-05
1.120538309317944041e-06
-3.421831327192207967e-03
-1.037151078585205520e-06
-1.028390524294802985e-05
1.706753873414089623e-03
-3.495066873892215598e-06
-6.487041970849061900e-06
3.075537759119313999e-03
-4.615279057142159484e-06
-2.940880144756820265e-05
-6.321997261478727766e-03
3.522681879713791358e-07
1.386650561417776973e-04
-1.017131523640288306e-04
-9.351812108641963106e-02
8.045388348211045119e-05
-4.584327710995217365e-05
-6.174417185876921029e-06
-1.903322704919646624e-05
-2.103726971421142691e-02
-6.041042006806922939e-06
-1.066513672421425654e-05
1.247545541512818401e-05
1.844508806286157218e-06
-4.354961479761987157e-03
1.038710808822022745e-05
1.192204418509576643e-07
1.374105765967184649e-05
6.653249749521138753e-06
-2.619413818340268936e-03
8.706958402798452545e-06
-1.470330858406060872e-06
2.173503735064718020e-05
1.763869956385368681e-06
-3.635156659302295440e-04
1.473876367879682929e-05
-4.120063186830518159e-06
-1.877344220153330612e-05
6.256787931805327921e-06
-5.801535559362111559e-04
-1.637635422773136266e-05
2.650129604475650154e-06
-1.005574055244917719e-02
1.873837356740453146e-05
-1.123767643531813711e-04
2.307885493768189935e-05
1.282455878286931815e-07
-4.211771947397429771e-05
6.328750299259650047e-02
2.522475697355028475e-03
-4.309119286480780811e-06
9.042085418954772620e-05
-2.437646531086188012e-04
-1.870637919677108763e-06
3.328030570277170399e-05
-1.585341118881109304e-02
-6.647310217746500108e-04
1.113114433207815861e-05
-9.921803526794448702e-05
4.100214848492039136e-04
1.020725086222988001e-05
-3.539645090930988822e-05
4.155286001119284575e-03
-2.251233038279190540e-05
-1.506046651876630726e-05
-4.496758273569831697e-06
5.861854944627913760e-06
2.395383940356507133e-03
1.896754659175348685e-06
4.344582267733080786e-06
1.431580241594581802e-04
1.764639035317737059e-05
-3.325507605879321371e+00
4.609978876627501165e+00
1.492331539077429436e+00
3.790570675138552059e-02
-2.043300757691932645e+00
2.509250590167473316e+00
1.331901895567718208e+00
3.618102317387561939e+00
-1.051408811020535411e-04
8.430105046315446073e-04
-2.310249555145455001e-05
-1.369753186082075884e-04
1.653378676770300227e-03
-3.468639340246307127e-05
-1.393687387258271505e-05
3.227535236546461364e-03
-1.454660387830054050e-05
9.744929189795761593e-06
-2.757068159912083680e-03
7.890749830064677979e-06
2.506181647082579290e-05
-4.471934757147150857e-03
5.571587496043153476e-06
-1.531199853766233507e-05
2.849339583326411258e-03
6.614392382341883716e-07
-2.204459463682505440e-05
6.519233822166870321e-03
4.641967216310341292e-06
-1.218282115153225363e-04
-1.758178084027439301e-04
-2.759376808125338365e-02
-6.410181750574329128e-05
8.724212326731468298e-06
-4.874181837303909420e-05
-3.454976782059563495e-05
-5.123315789756750262e-03
-1.981088732227135536e-05
1.301628878945630649e-06
1.438127153989640147e-05
1.147772900619532220e-05
-9.351753163555591788e-03
3.032820520910958420e-06
6.885543330756315748e-07
1.325579045506028587e-05
2.084206879267991777e-05
-1.226288213015719504e-02
5.851353424844456301e-06
3.812365462974799914e-07
-3.649534605872048496e-07
-1.195880745003651505e-05
3.912681552234295937e-03
-1.376024111984843454e-06
-6.612173186904389484e-07
9.580898954638677507e-06
-1.553868968627802083e-05
1.942840726087815455e-03
3.684652122456556924e-06
-2.749293285207000216e-06
8.379129305143241321e-03
5.687644410364962281e-06
7.589260788526402826e-05
-1.607083437774283656e-04
6.515805600147555182e-06
5.355847341293968001e-06
-5.267073545247705907e-02
-4.811590286618264850e-03
-5.434967755534667185e-06
-5.694188943366846944e-05
6.413756871430896251e-05
-5.560460714471436475e-06
-1.655688765020788615e-06
3.021329268289030603e-02
4.276753126540171895e-03
4.758887991113770538e-06
6.954383390789538170e-05
-4.481832944843464148e-05
6.594542472980040879e-06
1.454459273451838898e-07
-2.685096766438732976e-02
-8.924583586563989720e-06
1.952613802083500124e-06
1.175542033006741660e-06
1.640962125487301039e-05
1.722259255068740941e-03
5.567739061656494786e-07
9.645031368758271784e-07
-9.511140746355819568e-06
4.144890766633187277e-06
-2.807496403338856972e+00
1.891706586463465456e+00
-3.524526473155161765e-01
1.605087439099778024e+00
1.362184263433902753e+00
9.458322956673832493e-01
4.257376661085163772e-01
1.670575699139251968e+00
4.142209851062347056e-05
1.078566205090359504e-04
2.512426759965372822e-05
9.428427266606558249e-05
1.531297348170894716e-03
5.717367243305007462e-05
4.134153576066615117e-07
-3.416836662728619731e-03
2.435804022741752911e-07
-6.880875227459413387e-06
1.711052375251365153e-03
-3.651992534793321907e-06
-4.991622055881141961e-06
3.077294899034121838e-03
-2.298007132068229663e-06
-1.690966503418887487e-05
-6.309338752429225101e-03
-1.037678713209334115e-05
8.169969594469773607e-05
-3.952299123696291808e-05
-9.348403942323844917e-02
-2.812042273406996644e-05
-6.134742568701648702e-05
3.367366535252497544e-07
-1.258449403592892666e-05
-2.102454927013894595e-02
-6.871818801162359188e-06
5.706850691290897700e-07
6.072096823579080718e-06
3.631372951372346686e-06
-4.356620613265848978e-03
1.415125652347450053e-06
-4.646784063499905741e-06
7.133066777478475805e-06
6.023850426675676060e-06
-2.622370374001877814e-03
2.906034406444416460e-06
-5.556755100481577263e-06
1.182386427073581136e-05
4.656549045539859990e-06
-3.641881254303265970e-04
1.717922568576550570e-06
-9.160901009250423162e-06
-1.000123053221016440e-05
-3.804961217881961430e-07
-5.833322593771986383e-04
8.603509709106019985e-07
7.545053176029155252e-06
-1.005917064585187815e-02
2.201919758217728393e-05
-6.552588263720282135e-05
5.704582230381480962e-05
-3.778162898904634975e-05
-1.499424296965400500e-05
6.326527002812576406e-02
2.524023380567970171e-03
-1.238357259232745108e-05
5.223106237078402900e-05
-2.745763678606354076e-04
3.032117392900596998e-05
7.676989537058120851e-06
-1.584319171047794336e-02
-6.658409377823458182e-04
1.631904129113677710e-05
-5.529233959354929741e-05
4.472757971348867607e-04
-3.265347033893082799e-05
-1.079023460942551983e-05
4.147846337547711308e-03
-1.209649118971086419e-05
-1.337575618281329095e-05
-3.522675597975454635e-06
3.904335647339432643e-06
2.395730741822110679e-03
2.159120537086365666e-06
2.524726109835252304e-06
1.532061262767422602e-04
-5.663838417511220602e-06
-3.325507670066368160e+00
4.609974775690949933e+00
1.492331922766094721e+00
3.790801230676148909e-02
-2.043303597303703256e+00
2.509253675204799361e+00
1.331901393625220198e+00
3.618100711080056708e+00
-3.186150090075537476e-05
8.683917251726586172e-04
-4.496669791584479537e-05
-4.217756458645363789e-05
1.685704398923815964e-03
-5.802241645782686360e-05
-5.933225048828287706e-06
3.231330898735070879e-03
-4.324598071360772035e-06
3.822494751737849078e-06
-2.758671833713056791e-03
3.260247876680794008e-06
7.611013334256383256e-06
-4.478374935438758815e-03
1.066286081831146076e-05
-4.026722822296688445e-06
2.853673465181371868e-03
-7.221996955660427058e-06
-5.230136844663856507e-06
6.525675136751832826e-03
-1.104716436696743063e-05
-2.108458804804579098e-05
-5.776241326137279529e-05
-2.755163751957078605e-02
-6.682461294221123756e-05
6.566069232883718176e-05
-7.957457442852201580e-06
-1.252220928696719998e-05
-5.114073473825285661e-03
-1.141648969978149196e-05
2.649268290017288606e-05
2.146579388706254058e-06
3.584067954684019896e-06
-9.354151859766127869e-03
4.638468512717704415e-06
-7.621238471687338738e-06
2.021193595408734028e-06
6.563395023396294496e-06
-1.226918659153402105e-02
8.339292426622810816e-06
-7.104962114824315684e-06
1.011718739695668545e-07
-3.443823600893458842e-06
3.917061688133887006e-03
-5.253437459141585797e-06
3.483643154287383388e-07
2.138729755816286921e-06
-3.585490021345590214e-06
1.948607743552702252e-03
-8.121299217620635104e-06
-4.796345810524342279e-06
8.381023215778642815e-03
-2.990335565718355229e-07
2.152841947577539177e-05
-1.841060984425568021e-04
3.359039043514800674e-05
-3.703487374912727481e-06
-5.265817128514643786e-02
-4.813081367154136390e-03
-4.874569880668408834e-07
-1.625368250320471058e-05
8.123574694671767101e-05
-2.510381653622677608e-05
3.082997172044838824e-06
3.020365500651499627e-02
4.278107906953346369e-03
7.199937094503591974e-07
1.982289118742380858e-05
-6.644132240716990037e-05
3.073428704612949486e-05
-2.523118000846101742e-06
-2.684230975867256050e-02
-2.844307816385946753e-06
1.994913451244561215e-06
-6.370287780252171187e-08
4.517306812536448490e-06
1.717133148045620278e-03
7.520820420392395653e-06
-7.796801186538039884e-07
-9.340840969372355112e-06
-4.778687256981188589e-06
-2.807496342418507318e+00
1.891707532973881278e+00
-3.524526392839031907e-01
1.605087893412896705e+00
1.362184185117413238e+00
9.458322175823136169e-01
4.257376725731253919e-01
1.670575572768860706e+00
1.722282855071313578e-06
1.115421552218941864e-04
6.867000676579566518e-05
4.416228532738536406e-06
1.539789132078090176e-03
1.617643910547731225e-04
5.867955352708570652e-08
-3.417509852942468389e-03
1.133305205194853522e-06
1.969947857199833114e-07
1.711223195284514035e-03
-5.238868272287087456e-06
2.620991674808592743e-07
3.077903584269481643e-03
-1.924440889218071744e-06
-2.736449330543229639e-08
-6.310000239849041306e-03
-2.076221081353491504e-05
-1.523865242457445065e-05
-4.583738121617046934e-06
-9.349344225894876126e-02
-1.046362641568785465e-04
-8.119550784219551286e-05
6.332071075412436551e-07
3.402769384965693963e-07
-2.102475452209511680e-02
-1.011938804434154855e-05
8.140986140099280496e-06
-1.377248719816308455e-06
-5.891842757899607493e-07
-4.357776724355645614e-03
-3.414312698157797763e-06
-8.574008758730778727e-06
-1.497563443747160477e-06
-4.930341785723980552e-07
-2.623349062169820587e-03
5.787600217825627277e-07
-9.148318242011774644e-06
-2.365524569236316818e-06
-8.360378639300109858e-07
-3.659711430183622185e-04
-5.425310471054758921e-06
-1.393565861596337012e-05
2.073305197299428922e-06
9.306181933881266571e-07
-5.812547569755772883e-04
1.156703158795551741e-05
1.200481503584929393e-05
-1.005991059274752991e-02
-2.078198711933851227e-06
-3.631009953742745028e-08
5.808754755278340261e-05
-7.572237875463070419e-05
8.708846612959437235e-07
6.326025853036454372e-02
2.524799966116474028e-03
5.395525200381921001e-07
1.261760356448396172e-07
-2.740826306553289940e-04
6.178808484533656567e-05
-8.256167269147858493e-06
-1.583824036792469414e-02
-6.668047031818545491e-04
-1.268073686583133509e-06
-5.976881629811610944e-07
4.453260462711203021e-04
-7.146287664902885599e-05
3.994771734449201497e-06
4.141777651780015508e-03
-4.343061689168677525e-06
-1.352636939470019083e-05
5.153253772472849243e-07
-1.118004372127642792e-07
2.394960525178422249e-03
3.150131137581081860e-06
1.598061318472300139e-06
1.523258110428474948e-04
-2.286307024017109572e-05
-3.325507605639358655e+00
4.609978874466034604e+00
1.492331539032572207e+00
3.790570807826357247e-02
-2.043300758573141085e+00
2.509250591665367569e+00
1.331901895549203241e+00
3.618102316759260528e+00
7.168296512333094026e-05
8.430167907654969543e-04
-8.119071297588847935e-05
9.703398970315846132e-05
1.653387642022560201e-03
-1.041154356732803995e-04
1.877803654346675468e-05
3.227538981815694999e-03
-6.319402458026296380e-06
-1.134089533711498265e-05
-2.757069796632176037e-03
5.196798326826760077e-06
-1.716749036794521069e-05
-4.471936216146530502e-03
1.927227752537787644e-05
7.127179257805845716e-06
2.849339521686752603e-03
-1.350070291034884453e-05
7.206229552218776942e-06
6.519232601665253014e-03
-2.101106179605180221e-05
6.628081139976571806e-05
1.433506806858336681e-04
-2.759374956776376731e-02
-1.201957718042473948e-04
1.041459113550768673e-04
2.466672577288470344e-05
3.441366593841854228e-05
-5.123309591996437484e-03
-2.000887094491774371e-05
4.270147177713205306e-05
-6.668009950094381739e-06
-8.360109562973783349e-06
-9.351753674799241633e-03
8.425409279738492593e-06
-1.269725405761881184e-05
-6.258527404884474529e-06
-1.547906384782405675e-05
-1.226288431071191794e-02
1.512652650968130953e-05
-1.172419204975976884e-05
-4.572329809550628236e-07
7.167327815437558340e-06
3.912682506347106397e-03
-9.669835001396531230e-06
7.395395715672998357e-07
-7.098152188811103357e-06
4.577450119808837490e-06
1.942840183348897411e-03
-1.530142611464680051e-05
-7.020947495928436207e-06
8.379129296122023521e-03
1.798189321491865794e-06
-4.374271841625887143e-05
-1.607111291648853440e-04
6.213005126458758952e-05
-7.612879496001648900e-06
-5.267073606794933638e-02
-4.811590275233705756e-03
1.280871449713861550e-06
3.336201809225668662e-05
6.413937876404357053e-05
-4.635696570733008321e-05
5.539578988136550908e-06
3.021329381251456822e-02
4.276753008434045454e-03
-2.249190470482212412e-06
-4.055656592111224132e-05
-4.482049293056344051e-05
5.675152134373871390e-05
-4.199908311640043916e-06
-2.685096965096445479e-02
8.333022456504300571e-07
1.952554769645053162e-06
2.685752541896723584e-07
-8.683483326953487022e-06
1.722259027262063990e-03
1.393328093352784154e-05
-1.530079292819419487e-06
-9.511502974504139080e-06
-9.916223507106492225e-06
-2.807496404515994026e+00
1.891706586385849764e+00
-3.524526486641398337e-01
1.605087440625235784e+00
1.362184262562135206e+00
9.458322945566248752e-01
4.257376661845981847e-01
1.670575699761203792e+00
4.369097496182262983e-05
-1.078444973438438489e-04
2.324132756980711831e-05
1.003730465872371835e-04
-1.531271327024259950e-03
5.286085618143495231e-05
5.185061316106713643e-07
3.416834633050221288e-03
2.309200880173953112e-07
-6.744066345390212555e-06
-1.711054843288413105e-03
-4.122996899041225128e-06
-4.926623418560123840e-06
-3.077296444721918343e-03
-3.148293294749651708e-06
-1.650593563864759535e-05
6.309332874826453427e-03
-9.500843361599262902e-06
9.942290024737699522e-05
4.410413431833656037e-05
-9.348403082292533472e-02
2.017490684229804527e-05
-4.064450333758672443e-05
-3.325018161099732681e-07
1.223715932692278773e-05
-2.102454287289449303e-02
7.458366268723513160e-06
-5.747581746983143830e-07
7.804704994037813361e-06
-3.036343508713196563e-06
-4.356622491318038436e-03
-2.434445988006464869e-06
-3.013221889107966527e-06
8.857032591985998261e-06
-5.524649843458766677e-06
-2.622372837142980355e-03
-3.760623243253957179e-06
-3.448904443909912699e-06
1.448920220810406443e-05
-3.813592665996885117e-06
-3.641902855194066417e-04
-3.169564463072946111e-06
-5.726136621734017443e-06
-1.255241734370663576e-05
-5.528513471829235874e-07
-5.833318793720034673e-04
7.560523303290849314e-07
4.995072427445988969e-06
1.005917315004263742e-02
-2.398949657829084709e-05
-6.555981501933023686e-05
-5.706474965619628536e-05
-3.783532509700521685e-05
1.156575166843733570e-05
6.326525664101885493e-02
-2.524024730017171425e-03
1.282403046212652906e-05
5.229446034282689813e-05
2.745916719690297096e-04
3.006393450619072966e-05
-6.879840443268960100e-06
-1.584318343970525511e-02
6.658421789808425563e-04
-1.747732911879413691e-05
-5.582534412464725026e-05
-4.472931100306501472e-04
-3.155091485186082640e-05
8.729980454635833637e-06
4.147838526378848541e-03
-1.080090259117940071e-05
-1.337519091425954629e-05
-4.091754506713636563e-06
-3.819666924015767428e-06
2.395730563077627055e-03
-2.300436483347981806e-06
1.802840336738155878e-06
-1.532097464119599529e-04
-7.676059820602704192e-06
-3.325507605679776102e+00
4.609978871832021596e+00
1.492331539256424255e+00
3.790570950534460914e-02
-2.043300760297756646e+00
2.509250593509230409e+00
1.331901895219134380e+00
3.618102315789279544e+00
-7.064941889787708666e-05
-8.430308684202077445e-04
-7.958806164743989031e-05
-9.529565166471936700e-05
-1.653405501921627677e-03
-1.014277980278738208e-04
-1.783953605963847108e-05
-3.227540298239916366e-03
-4.882153239544223667e-06
1.090756118004320945e-05
2.757070549104697395e-03
4.533083548194348206e-06
1.695066272748312321e-05
4.471939832906239934e-03
1.893568742734282647e-05
-7.184743743393464563e-06
-2.849342220084543839e-03
-1.358442079857107995e-05
-7.456834788175336562e-06
-6.519236837996069539e-03
-2.138688413860559808e-05
-6.479351067343248384e-05
1.433405119262342795e-04
-2.759372767929269693e-02
1.201849689646860078e-04
1.007431965156223996e-04
-2.410270933174216829e-05
3.440974371132892584e-05
-5.123305214241553190e-03
2.000928851645790798e-05
4.140752253667878083e-05
6.722355514141515902e-06
-8.358402482999646889e-06
-9.351755083890866266e-03
-8.422151729395688198e-06
-1.281060224775205261e-05
6.234503401568854765e-06
-1.547625733487774041e-05
-1.226288770814564985e-02
-1.512136775796270504e-05
-1.166225981562407921e-05
5.034528650683250012e-07
7.167034266660888720e-06
3.912685061737129245e-03
9.667277109737895758e-06
6.346686387046331437e-07
7.049324076736734101e-06
4.580030593701198118e-06
1.942844123694199843e-03
1.529815586979039717e-05
-6.908769089534325140e-06
-8.379130154275118980e-03
1.799039332909465211e-06
4.395281894356591052e-05
1.607250697610611485e-04
6.243856161840494017e-05
7.602206579213986856e-06
-5.267072595404245078e-02
4.811591010620924758e-03
1.280338321016578803e-06
-3.347228089816001178e-05
-6.414945210618305587e-05
-4.651597167699237788e-05
-5.533650415057244471e-06
3.021328570893290488e-02
-4.276753739338124902e-03
-2.247252500432989398e-06
4.066888227453820836e-05
4.483327461593473789e-05
5.691096814122895787e-05
4.192840506890158027e-06
-2.685096188915805926e-02
-7.565937722592934597e-07
1.952613311423141509e-06
-2.828357721088052193e-07
-8.684640426474638870e-06
1.722255887297378593e-03
-1.393100475365524932e-05
-1.496365089471561530e-06
9.511172834973450938e-06
-9.824501569827928749e-06
-2.807496343762381663e+00
1.891707531862242497e+00
-3.524526407683957752e-01
1.605087894538736570e+00
1.362184184242402285e+00
9.458322164660939446e-01
4.257376726352301577e-01
1.670575573544322179e+00
-1.047546666445790697e-06
-1.115258483291876998e-04
6.967871437865140081e-05
-2.369918225333198093e-06
-1.539753348575879140e-03
1.648435776547696333e-04
-3.793550339613527011e-09
3.417507179786341380e-03
1.217674511344368632e-06
-2.754338746612200140e-07
-1.711225393809429323e-03
-5.357776794129712158e-06
-5.036197852154564027e-07
-3.077904442056536138e-03
-2.295945676181579723e-06
5.337918497982358568e-07
6.309993591184696535e-03
-1.997382702611747042e-05
1.746771741609902168e-05
-4.582020428780199839e-06
-9.349342276579301891e-02
1.045893949185087133e-04
-8.620662069497807539e-05
-6.345313254318525950e-07
3.398321530667698811e-07
-2.102474838999813384e-02
1.011505700119151428e-05
8.140130217730380443e-06
1.681401301744747435e-06
-5.875349317820722578e-07
-4.357777526865676265e-03
3.414632280497196994e-06
-9.256305380252815866e-06
1.693057774304071560e-06
-4.923732506528167543e-07
-2.623350466731603874e-03
-5.782073068186097597e-07
-9.586722520111771504e-06
2.628855532465481439e-06
-8.360111693706206277e-07
-3.659711667738191842e-04
5.421916879134276376e-06
-1.452658127773378435e-05
-2.489323112108981395e-06
9.320921253353430532e-07
-5.812567375060686322e-04
-1.155869226817619416e-05
1.293886476728302049e-05
1.005991120040264364e-02
-2.080460310261911106e-06
-2.013322832043920016e-08
-5.810487399392509546e-05
-7.577860038071415714e-05
-8.544450367120744703e-07
6.326025196404164164e-02
-2.524800051849544844e-03
5.365992377216639836e-07
-1.582524857624848107e-07
2.740986702907599257e-04
6.171343139695637577e-05
8.252746518384294786e-06
-1.583823893602285052e-02
6.668045167339816748e-04
-1.260928231643565989e-06
6.399032942456254633e-07
-4.453456459819582860e-04
-7.136793008946959004e-05
-4.000758668659979569e-06
4.141778293059046254e-03
4.444361216533884110e-06
-1.352556010125831852e-05
-5.746751881060167310e-07
-1.114274254559594260e-07
2.394960810850731842e-03
-3.148434504832576652e-06
1.732260974497034289e-06
-1.523308946219809339e-04
-2.273828628484961497e-05
-3.325507273943221875e+00
4.609979412096922857e+00
1.492331160154988234e+00
3.790558904809949309e-02
-2.043299673089471913e+00
2.509250220031900902e+00
1.331902266737239993e+00
3.618102744599311027e+00
3.317990265477484821e-05
-8.299945196930165079e-04
-8.753851557021111792e-05
4.509966489160928876e-05
-1.638599180113309815e-03
-1.065109606050870469e-04
8.975715010084996703e-06
-3.230403447675793318e-03
7.493744052562227497e-06
-5.334056838196190425e-06
2.758471134010954430e-03
-1.542931463511542228e-06
-7.915140735798843437e-06
4.468300415336437688e-03
2.070907716917467698e-05
3.268282651140042467e-06
-2.845198406814184074e-03
-1.954909707400593339e-05
3.282875503781072075e-06
-6.511145552176276358e-03
-3.441297629569568334e-05
-1.404619208146099075e-06
-6.364399458765465309e-05
-2.760061302624116503e-02
9.892902622653997015e-05
1.684556251523092315e-04
-1.949147274697262558e-06
-1.510228297253003836e-05
-5.121266935211744170e-03
6.734111101820657152e-06
7.059930736982484331e-05
1.312089765801135342e-06
3.740821383160215431e-06
-9.350708379843005250e-03
-8.496799895434365113e-06
-2.218053747777639799e-05
1.028168819561954935e-06
6.917512812583176828e-06
-1.226064525464154800e-02
-1.481772488942496532e-05
-2.014657266773219773e-05
-4.257235237422687338e-07
-3.256959308465326120e-06
3.910102307655932349e-03
1.199182811554883725e-05
1.559729034637778905e-06
-1.169260369870783001e-06
-2.265157232148347875e-06
1.936602006842631655e-03
2.523112362492783297e-05
-1.013971240685016018e-05
-8.376615748359766966e-03
-3.707329328618327000e-06
-1.972964247244170298e-05
1.443561804132612600e-04
7.976671590649266541e-05
1.627594878176238653e-05
-5.268734285247386046e-02
4.809339299050846735e-03
1.376309668232824562e-06
1.506717598882637811e-05
-5.161208093781789654e-05
-5.874358424755733287e-05
-1.049233720449349851e-05
3.022803814853321225e-02
-4.274307342289283482e-03
-3.797214249867113724e-07
-1.835946078948885924e-05
2.856570196793910710e-05
7.210753634644770252e-05
7.275194286905130992e-06
-2.686701522657480856e-02
3.764952389274594884e-06
1.803562405161049630e-06
7.267718471371998743e-07
3.990996533099038070e-06
1.726607344093792316e-03
-1.876281262257672652e-05
-3.241947944958869773e-06
1.083311292624780645e-05
-1.596764467109272487e-05
-2.807494061067818514e+00
1.891708897626369179e+00
-3.524502021743133318e-01
1.605085415549990957e+00
1.362185847473250000e+00
9.458342761508186092e-01
4.257375727255987563e-01
1.670574136885157435e+00
-1.981253474623752422e-05
-1.412369382692365172e-04
9.472168960024552199e-05
-4.039586465996630916e-05
-1.604708978943487517e-03
2.249994340998415817e-04
1.959176244313445209e-07
3.422344717356939816e-03
1.732914855551569598e-06
7.629081287515731180e-06
-1.706886333029556529e-03
-6.246897313919029220e-06
6.504849751424374214e-06
-3.076003487958431371e-03
-2.051991090146177217e-06
1.453044838230205301e-05
6.322495184195874723e-03
-2.593977206621212703e-05
-7.124367661378241284e-05
7.078102080235475126e-06
-9.352529395853112493e-02
1.488777537896887669e-04
-1.204489380252316092e-04
-7.953467065374254330e-06
-1.383885770873267341e-05
-2.103742347917952546e-02
1.193656515260590892e-05
1.141058707909153535e-05
-2.713391860009114760e-06
8.389224899357333428e-06
-4.355846579778106624e-03
6.239879495319988734e-06
-1.289784549711732314e-05
-4.373760037169837874e-06
9.581859325744748054e-06
-2.620163936260419893e-03
8.042319307923284448e-07
-1.339730034116787082e-05
-8.481492082802999830e-06
1.147949548487311826e-05
-3.648801015903999816e-04
9.594533700043872133e-06
-2.031824724279781332e-05
6.550353167705539529e-06
-8.651298112815868492e-06
-5.785658827762874684e-04
-1.778275148769536165e-05
1.804337840330007796e-05
1.005645252089791379e-02
4.102405439749190127e-05
5.599109307524416693e-05
-2.387242391656979341e-05
-9.745105598733304147e-05
-1.003754900760890449e-06
6.328376240987299006e-02
-2.523010744100570666e-03
-3.005614971293973648e-05
-4.379767452757411681e-05
2.433992496536884474e-04
7.978445388525959802e-05
1.150182104842478009e-05
-1.584962318130628614e-02
6.653641106856303606e-04
3.343462936549384873e-05
4.218527520663074902e-05
-4.085455252040853672e-04
-9.370798305760536038e-05
-5.554220585982976374e-06
4.150618517455987797e-03
7.411079017447549003e-06
-1.494037328902470384e-05
4.741774510603144352e-06
4.281160934393885291e-06
2.394803099742598765e-03
-3.718205060423943769e-06
2.525214157713623971e-06
-1.424414778230882121e-04
-3.155483668815180264e-05
-3.325507184622445322e+00
4.609989914785304066e+00
1.492330252874669139e+00
3.789964245296398304e-02
-2.043292565841347219e+00
2.509242313615544617e+00
1.331903481765598585e+00
3.618106807635857347e+00
1.349230485721859688e-04
-7.672089490199943346e-04
-8.045558251092033305e-05
1.871781171198148798e-04
-1.558214035431865164e-03
-9.492248581176350865e-05
4.673171042308112497e-05
-3.219900608065789059e-03
1.443575112374079275e-05
-2.706863660538792756e-05
2.753986073705724617e-03
-5.247658707911947847e-06
-3.238366825739471736e-05
4.452446229092270856e-03
1.896467381432426620e-05
9.406741892097730660e-06
-2.834921322519499617e-03
-2.067042808657592644e-05
4.109536226702604631e-06
-6.496317151145318200e-03
-3.801718236553130510e-05
2.732298011941020318e-05
-2.961838883710321666e-04
-2.770799019690547288e-02
7.164914876034965147e-05
1.863596958965671056e-04
4.332923304585865894e-06
-7.727065105180550876e-05
-5.145684148365486758e-03
-2.674564048752928231e-06
7.815714718922142710e-05
1.270806762832690921e-06
1.628375609616948604e-05
-9.344742734716927554e-03
-7.376150988455886130e-06
-2.455426177374492549e-05
6.242703681297398007e-07
3.048505815464319380e-05
-1.224483953843630638e-02
-1.257997974160697358e-05
-2.230393885901287877e-05
-2.111816575740590059e-06
-1.226029136200077245e-05
3.899356704108038890e-03
1.181948570669097529e-05
1.743193781777712921e-06
-8.563668256996687469e-06
-1.475013229864791083e-06
1.923096578056386619e-03
2.809532060758661274e-05
-1.117030203763058140e-05
-8.372207513362543013e-03
-1.591231781520040548e-05
-7.230001377940716272e-05
8.748567978075777333e-05
7.988341791704559535e-05
1.813969017738109748e-05
-5.271605043723494310e-02
4.805995636032923783e-03
4.804818664942723191e-06
5.588270870317717579e-05
-1.018643646385374761e-05
-5.845727187176515821e-05
-1.169210050575291983e-05
3.024962553312094890e-02
-4.271420370174662355e-03
-2.629633876901513525e-07
-6.769763740969971454e-05
-2.371590103377726544e-05
7.185338154401509634e-05
8.105910364811690159e-06
-2.688578042050816450e-02
2.440297482049289832e-06
1.901740767317795020e-06
2.931001213112056140e-06
1.328268211585766102e-05
1.738789903955393745e-03
-1.920408961967373700e-05
-3.587516105962671829e-06
1.107026879615530562e-05
-1.827143284635045567e-05
-2.807490663451272628e+00
1.891708014245145897e+00
-3.524463901563512636e-01
1.605080057033022811e+00
1.362188718010046262e+00
9.458377700311696445e-01
4.257373944294919332e-01
1.670572279027787488e+00
8.508475414890361802e-05
-1.761844954811193692e-04
-3.836397096395216966e-05
1.965377465980321960e-04
-1.679692002179160705e-03
-1.021767465458952039e-04
1.075451512475617249e-06
3.427817399464825904e-03
-1.627575989369715828e-06
-1.157769078621233459e-05
-1.699505863701047774e-03
-9.126673772777236105e-06
-7.868359653960936844e-06
-3.071066246018602525e-03
-1.087390475983535934e-05
-3.079251412845232148e-05
6.340091743676652333e-03
-4.369090003013472556e-06
1.721266435544768650e-04
9.631623273467993440e-05
-9.354538645014950915e-02
-1.331441843161171356e-04
-5.822329673735939003e-05
3.495472019961575589e-07
2.121988321527823137e-05
-2.105672982898200082e-02
1.572073069717010366e-05
-2.139287536707365532e-05
1.310688629529477062e-05
-3.535519792559498379e-06
-4.349104545517662630e-03
-2.039394689134125819e-05
2.300122268820788585e-06
1.511551854493670567e-05
-8.400463578460477701e-06
-2.612016485335324004e-03
-1.818421480474013085e-05
2.320979792095172471e-08
2.491063463948943593e-05
-4.093089987756063334e-06
-3.574576725836930481e-04
-2.874920474642105587e-05
-3.142338036710288671e-06
-2.136918232463050268e-05
-4.198292736071822478e-06
-5.809801775716189054e-04
3.019730015098435777e-05
1.655353730165544054e-06
1.004849438345504359e-02
-4.470348594362523925e-05
-1.198227548183359063e-04
3.323525883765340774e-05
-2.406244997276118087e-05
7.373476513965230249e-05
6.333634165492726953e-02
-2.517744670988453747e-03
2.475088673532690168e-05
9.622034926116909573e-05
1.965525635413160541e-04
1.575732004994707356e-05
-6.089982902151696307e-05
-1.588331447714991587e-02
6.600673002262938795e-04
-3.287908490806140471e-05
-1.043806375037074300e-04
-3.567136757823071596e-04
-1.576240858624111690e-06
6.316464808773721051e-05
4.183998869561912463e-03
-2.756984267997879167e-05
-1.677837317687739765e-05
-7.264832041972398869e-06
-6.483693432253551862e-06
2.396853443138709325e-03
-4.760188533984497484e-06
6.949184018147214052e-06
-1.298183381090266123e-04
1.762698202934293219e-05
-3.325508119372662552e+00
4.610004472886139126e+00
1.492330069526387470e+00
3.789079865561002791e-02
-2.043285047292158207e+00
2.509231245449873082e+00
1.331904166950189872e+00
3.618111729548454836e+00
-1.779963304620584691e-04
-7.118259420290484318e-04
-1.243931917503431832e-04
-2.387546333467262857e-04
-1.481191230403283449e-03
-1.737404276371894672e-04
-4.126644876417635355e-05
-3.194283952902427989e-03
-4.634082508826957816e-05
2.551303245868714715e-05
2.742470178697971675e-03
2.669635306734237411e-05
4.261556152370625370e-05
4.439588469526344408e-03
2.993329499019430599e-05
-1.953973774895817003e-05
-2.832367251309071340e-03
-7.407243304095882814e-06
-2.222132367487985322e-05
-6.499470488337773244e-03
-7.680244538379866067e-07
-1.432204232284765713e-04
3.465658444574149779e-04
-2.785248122246007652e-02
2.866015971840512222e-04
1.285671236290171637e-05
-5.224803252501479799e-05
8.061940752376765623e-05
-5.190170399658596175e-03
7.684138807623699008e-05
-4.009855079676296335e-07
1.392540759818566998e-05
-2.063140630748876899e-05
-9.338859450468427886e-03
-1.542792111127796673e-05
1.887915380735140798e-06
1.309365207210943273e-05
-3.805670929774297956e-05
-1.222754561600241513e-02
-2.899594736077937569e-05
1.409365080220967993e-06
1.373443897134940974e-06
1.840352278409193581e-05
3.891021254353277739e-03
1.100532022288554519e-05
-1.902506622281699106e-06
1.641453603233599973e-05
1.444312442877495376e-05
1.922309271159052327e-03
-1.257891168053117222e-06
-6.588483804645743840e-06
-8.373479555684877965e-03
6.490371018620930469e-06
1.136198946655917169e-04
5.213452872228997509e-05
6.424600615771734258e-05
-1.388342507416205099e-05
-5.270694685172403610e-02
4.808167126065412793e-03
1.879456928854538502e-06
-8.620605620796778555e-05
1.362524441702738127e-05
-4.990981556613864340e-05
4.454384276025725450e-06
3.023535774123875877e-02
-4.274968588999542365e-03
-4.690761391152583953e-06
1.048392616072318256e-04
-5.235554463521043499e-05
6.031866475781999206e-05
-5.599150126372128924e-07
-2.686284724452173145e-02
-8.145375955132360857e-06
2.495264970165912414e-06
-1.116794952672145578e-06
-2.284269786504512911e-05
1.743710464808048916e-03
-1.130609460528222277e-05
2.627160427278311033e-06
7.074529244110258680e-06
1.044102278073546485e-06
-2.807493278485584387e+00
1.891705809189959897e+00
-3.524491434716199856e-01
1.605082530900876936e+00
1.362186898315915773e+00
9.458355034130851990e-01
4.257375026625656034e-01
1.670573987481390521e+00
5.544179285014655883e-05
-1.401033318836844988e-04
2.514292157145658197e-05
1.235441795017073433e-04
-1.600506302619711645e-03
5.373461371617723386e-05
3.326121947412045745e-07
3.421883813792495760e-03
-4.327736442962789036e-08
-1.233817034588141590e-05
-1.704277791178360375e-03
-7.972520369133653321e-06
-9.950327614532243162e-06
-3.072782316701056036e-03
-6.883153127425927471e-06
-2.614300189568406638e-05
6.325529008643188469e-03
-1.494928586857785535e-05
1.703801322984588144e-04
3.276657203567213093e-05
-9.350292089362700898e-02
9.547199547562035997e-08
-7.219301761085383372e-05
5.460030145364318829e-06
2.227160069720743394e-05
-2.104228488857666154e-02
1.430027894423680412e-05
-4.602334852372808605e-06
1.134380121654000287e-05
-9.651070839288678578e-06
-4.350473939865650251e-03
-8.017868145146172360e-06
-4.123212319738590788e-06
1.372555108695733966e-05
-1.282109745129853604e-05
-2.614920322040726296e-03
-9.457802782533792149e-06
-5.263513262946841931e-06
2.338902387023515710e-05
-1.289905436646434657e-05
-3.574372163321845879e-04
-1.091723409279703752e-05
-9.325300573182567534e-06
-1.979811757821459605e-05
6.724892364207103387e-06
-5.854622038589805044e-04
7.729503982421462955e-06
7.831981001366518510e-06
1.005193424128357320e-02
-5.835902310053882406e-05
-1.042146713027855109e-04
-4.625582283237106990e-06
-6.028693446283328334e-05
3.085279049013337513e-05
6.331339360098932334e-02
-2.519232833925118351e-03
3.712141765157803456e-05
8.238512175109034775e-05
2.315805562375084750e-04
4.722558896777935512e-05
-2.127192797256114559e-05
-1.587397784016248564e-02
6.610340945565510795e-04
-4.505373398946788219e-05
-8.416550701091956752e-05
-3.996609258902171762e-04
-4.629675087717759305e-05
2.455659210887750605e-05
4.178314610652008806e-03
-1.165660151314762197e-05
-1.515077157617002331e-05
-8.369484422959234008e-06
-6.874342079593779675e-06
2.397649080282236549e-03
-4.353126031697519740e-06
4.002821379366477882e-06
-1.415428767309141939e-04
-5.700315525526770391e-06
-3.325507837555016000e+00
4.609994225201682561e+00
1.492330580997002443e+00
3.789681048343575276e-02
-2.043291169506350258e+00
2.509238997614121391e+00
1.331903329308374850e+00
3.618108012397114326e+00
-1.608004283320103010e-04
-7.620776482173740934e-04
-1.076569964162841321e-04
-2.199936568367053392e-04
-1.547665109105351208e-03
-1.401415866014535405e-04
-4.826411101181804866e-05
-3.208397920276571513e-03
-1.406807577377026056e-05
2.862651112510842771e-05
2.748698023187593278e-03
9.907788208763332360e-06
3.860282264986808113e-05
4.451883899469410641e-03
2.567511736627052849e-05
-1.371092306143723840e-05
-2.838323124738579509e-03
-1.571761332425120766e-05
-1.075918637876962237e-05
-6.505681969764068664e-03
-2.265260377967598821e-05
-1.047917292692735977e-04
3.417167468570611599e-04
-2.774925736462615505e-02
1.812940770298936968e-04
1.074238635401565412e-04
-3.604804134589868737e-05
8.594704373237966515e-05
-5.162640787638518233e-03
3.576062434202411489e-05
4.357883335555898691e-05
8.849882227311391941e-06
-1.929906812513209469e-05
-9.343850455148605336e-03
-1.181578873295456866e-05
-1.326283955369742247e-05
8.477498567402520359e-06
-3.594597003909973440e-05
-1.224135978956213990e-02
-2.146171546380530698e-05
-1.211363425752921731e-05
1.761468198983603918e-06
1.546837542060043474e-05
3.899220042841783623e-03
1.228046357660526730e-05
4.674142299058681893e-07
1.418734661468085567e-05
5.851128261185217838e-06
1.929240783271240654e-03
1.586665275395800621e-05
-7.972658008053996713e-06
-8.375255690636632805e-03
1.043117892309109422e-05
9.317932772515065713e-05
9.248767330100325949e-05
7.800691234450396602e-05
6.520529570404138886e-06
-5.269595798650882762e-02
4.809052774434721504e-03
-5.876668413264911751e-07
-7.144150348834745910e-05
-1.509813590392142767e-05
-5.849640790993309588e-05
-5.368680598299455873e-06
3.022969763873625815e-02
-4.275113457516061151e-03
-3.023423404468439201e-06
8.663862399026422349e-05
-1.659794396312563305e-05
7.141188984325272360e-05
4.386621289953362792e-06
-2.686160566525603102e-02
-6.469930186953558040e-07
2.149789444484615902e-06
-1.849156440037219024e-06
-1.771656801075206501e-05
1.735994620931889708e-03
-1.680526515115476834e-05
-1.247104687702453369e-06
8.345276350062913725e-06
-9.859334930205790955e-06
-2.807494108404043676e+00
1.891708174078454707e+00
-3.524502091497273004e-01
1.605085069316255275e+00
1.362185906874075370e+00
9.458343352836450224e-01
4.257375678039736489e-01
1.670574233800662389e+00
1.684108073216345066e-05
-1.384087775451284285e-04
8.718562810220724835e-05
3.339494288154132968e-05
-1.598189600380482819e-03
2.057499806726270327e-04
-2.369112629176985970e-07
3.421829442858317655e-03
1.483707232278190879e-06
-8.309404763561136490e-06
-1.706756883997056357e-03
-7.150044372817891378e-06
-7.680240337496611037e-06
-3.075540074772266375e-03
-3.285993433506906620e-06
-1.346619321216244172e-05
6.321990068498662893e-03
-2.569271309644224072e-05
1.144800774311334468e-04
-1.880708542705510338e-05
-9.351811662622495913e-02
1.283213477818560550e-04
-9.774327470014323657e-05
6.139710015547322482e-06
1.474191245716566527e-05
-2.103726199322653381e-02
1.346105906976084081e-05
1.068035830549705937e-05
6.879741230500433229e-06
-9.910885561839811019e-06
-4.354964798858898534e-03
3.597661987346327788e-06
-1.094224779189739442e-05
8.622749670399422215e-06
-1.086170390375379494e-05
-2.619417615075768282e-03
-1.406877901934009908e-06
-1.121553514043776485e-05
1.508002379281132325e-05
-1.364075070968165203e-05
-3.635194973250092726e-04
5.844142768847586703e-06
-1.683131029371516608e-05
-1.270005596222026741e-05
1.105227782439393815e-05
-5.801516206368503934e-04
-1.360909701681458993e-05
1.504077331067818457e-05
1.005574350330391310e-02
-4.583168136978211122e-05
-5.616037003620492218e-05
-2.310321276746034672e-05
-9.737547795670192157e-05
-4.829791966031312886e-06
6.328748525994291885e-02
-2.522477599697630062e-03
3.095340545702444766e-05
4.351571154085256396e-05
2.437843568770109708e-04
7.924191705737129406e-05
1.290886139083783512e-05
-1.585339940224391592e-02
6.647329117190801332e-04
-3.618664823773881905e-05
-4.067715239780863012e-05
-4.100425769239992441e-04
-9.103071644664940368e-05
-8.059796335166967394e-06
4.155274176149633542e-03
4.173932503808752803e-06
-1.505980606441578918e-05
-6.154278035858260092e-06
-4.571181016674605118e-06
2.395382716182034404e-03
-4.127658156335159640e-06
1.737287896328701728e-06
-1.431619527200077779e-04
-2.835224174142605323e-05
-3.325507043793370254e+00
4.609984690636475868e+00
1.492330516203520974e+00
3.790270552030339940e-02
-2.043295692796823992e+00
2.509246265344701410e+00
1.331903052216409256e+00
3.618104910892524728e+00
-8.243509051235155326e-05
-7.929030202100211238e-04
-9.391794133462987590e-05
-1.150801737844049601e-04
-1.592180293087222575e-03
-1.127388496415143476e-04
-3.068681594868520867e-05
-3.227058805854074973e-03
1.195211913435754409e-05
1.772509687061484576e-05
2.757144066714682824e-03
-3.641587570790346550e-06
1.986281419359848123e-05
4.458737154684813513e-03
2.218060526259055699e-05
-4.859937173689975995e-06
-2.837987687281874789e-03
-2.237911435611624145e-05
-3.781361354016464323e-07
-6.499544752541922335e-03
-4.024235289274690359e-05
-5.169596143284142651e-05
1.922020888285989231e-04
-2.765535285952655520e-02
9.595803111806650281e-05
1.869838931869357581e-04
-1.717933314764940667e-05
5.168828876675812199e-05
-5.131678330193692461e-03
2.575422163995140444e-06
7.983671752997670474e-05
4.096353976497645608e-06
-1.031607925335961993e-05
-9.347292279489787317e-03
-8.885437527403037709e-06
-2.553916057001693230e-05
3.935335435883442808e-06
-1.940180550785997060e-05
-1.225189295236930181e-02
-1.534452449686197220e-05
-2.311351547900109500e-05
1.102451688484875869e-06
7.313385223478036185e-06
3.903553453565087542e-03
1.327621649470661516e-05
2.229374524625535218e-06
7.645912117514161435e-06
-1.053389753306175877e-06
1.926676888143270946e-03
2.962718621757940796e-05
-9.814300860320766657e-06
-8.373175611283764988e-03
6.747221186990139108e-06
4.275176083818370618e-05
1.081637709938798922e-04
8.895042890567149787e-05
2.184166298011682659e-05
-5.271034068372525139e-02
4.806494096159126365e-03
-8.058010669581952532e-07
-3.320712346699402311e-05
-2.490968875187355618e-05
-6.532452127297499371e-05
-1.297432849830771972e-05
3.024662010348483365e-02
-4.271520848646425707e-03
-1.428020519039908091e-06
4.009680160145692826e-05
-5.381322462981279198e-06
8.023883099720779965e-05
8.389050174879930606e-06
-2.688500084887912589e-02
4.699298380642053197e-06
1.579162700327335526e-06
-1.147355872208729491e-06
-7.465090626698275737e-06
1.734824808107374682e-03
-2.116073406746803623e-05
-4.256476835234472870e-06
1.167379321120597213e-05
-1.878026510834092277e-05
-2.807492841479490853e+00
1.891712584240897277e+00
-3.524490847224850398e-01
1.605085782111490333e+00
1.362186337449040607e+00
9.458349443368687659e-01
4.257375489859588913e-01
1.670573083158082950e+00
-5.464962661580219427e-06
-1.665402220807073543e-04
1.283532904630326095e-04
-1.363648914443781377e-05
-1.661462504582023568e-03
3.068547782477625257e-04
-1.470457103340355017e-07
3.426698113971893278e-03
2.498674955956970830e-06
-7.886029181893717428e-07
-1.705497037751534366e-03
-6.364153391138429748e-06
-1.211366522338853053e-06
-3.077121782701369365e-03
-6.611876225218830546e-07
7.007128741738655053e-07
6.330224914094495156e-03
-3.250829379039581407e-05
2.660486043911645281e-05
-1.653699149379199505e-05
-9.357003105117284170e-02
2.150220185619942969e-04
-1.200615680500446259e-04
-7.974744768417895395e-07
1.206524293420800187e-06
-2.104377642702213655e-02
1.246608624666950018e-05
1.999019919603454507e-05
2.425392639705353749e-06
-2.112299552054764225e-06
-4.358731159707484454e-03
1.168877221706805499e-05
-1.560568885996763759e-05
2.539095407831545301e-06
-1.764385176795304231e-06
-2.621913529310782726e-03
4.320299300144990397e-06
-1.543988852902758148e-05
3.999761459252824375e-06
-3.000711141303140377e-06
-3.701768937604107339e-04
1.750410905670947783e-05
-2.239203607644255870e-05
-3.662043910356726321e-06
3.347991512969907871e-06
-5.706252917885303554e-04
-2.826624171207989321e-05
2.026744992561572674e-05
1.005714014032152263e-02
-3.991202474536678679e-06
1.205447627648892888e-07
-1.186168660970892200e-05
-1.205602171209626590e-04
-2.490724546648949835e-05
6.327843285869064194e-02
-2.524761900861272231e-03
1.428798738000473555e-06
-5.487782585434960984e-07
2.280375504775242668e-04
9.951313630075934232e-05
3.275698299997380816e-05
-1.583871145700204569e-02
6.679262976429363409e-04
-2.597192841379349701e-06
2.267387334850525787e-06
-3.857196792694905611e-04
-1.199559053785703862e-04
-2.661966842510367554e-05
4.134847486427768379e-03
9.928195017900730713e-06
-1.622300098979463510e-05
-9.325964598314947028e-07
-3.722244868049984090e-07
2.392244193858560249e-03
-3.815909824444330004e-06
5.464374006868078838e-07
-1.351344994300958825e-04
-4.425906009530624485e-05
-3.325506278321345377e+00
4.609982411263342073e+00
1.492329914318507811e+00
3.790444121325801247e-02
-2.043295502836363298e+00
2.509248062244779032e+00
1.331903530327150253e+00
3.618104556471601008e+00
2.558052064468269675e-05
-7.830477192130633852e-04
-7.456440020566969674e-05
3.510478879682741752e-05
-1.584101865300956407e-03
-8.200804989191602939e-05
7.728473871623987545e-06
-3.237541386700105994e-03
2.855698461221262645e-05
-4.508263802056759974e-06
2.762052270727711600e-03
-1.256169736232513350e-05
-6.101676223938789695e-06
4.455413637092496895e-03
1.743788868914855549e-05
2.248069876823634628e-06
-2.831535955302784836e-03
-2.459216740057752496e-05
1.893709647204913070e-06
-6.485152453724125216e-03
-4.807745372266711097e-05
-1.761221758663309166e-05
-5.035206987907565185e-05
-2.763528302439548917e-02
2.733947177326698789e-05
2.203744078353614714e-04
-8.979767984423176700e-06
-1.233382835819435523e-05
-5.118496814985058763e-03
-2.042539229299767577e-05
9.516937807670703645e-05
3.572817592956376629e-06
2.898415343871280460e-06
-9.346810723876622373e-03
-5.951388131180838708e-06
-3.076970115915556015e-05
3.072458856882134897e-06
5.380472988177495162e-06
-1.225189177329975322e-02
-9.542374834403769893e-06
-2.779137288916533132e-05
-6.525937628322209190e-07
-2.418439476529656108e-06
3.901016930891770991e-03
1.255609577518455108e-05
3.005710851077514052e-06
-4.137604334612851992e-07
-1.296224306548972269e-06
1.916298565831300958e-03
3.592989527936929706e-05
-1.047946856564887086e-05
-8.368645628580887938e-03
-5.839418442344082710e-06
-1.446019159472777479e-05
8.819154144861315490e-05
8.714295354743266441e-05
2.857044969978986336e-05
-5.274045288622523225e-02
4.802178535798924154e-03
2.585732531146312265e-06
1.108729178502704225e-05
-8.928334781004465971e-06
-6.313967896777648533e-05
-1.627477730744736508e-05
3.027471637729684667e-02
-4.266560095964172343e-03
-1.126384702026446607e-06
-1.350255494955609329e-05
-2.658706194674472553e-05
7.783190824326678963e-05
1.009061095472757772e-05
-2.691720966417123634e-02
4.381761985065150999e-06
1.215324188173395378e-06
1.132293690206703490e-06
2.853968214309973624e-06
1.741035791602914447e-03
-2.184092089632760605e-05
-5.578055589486140744e-06
1.481589380591123314e-05
-2.348582299984018615e-05
-2.807490163078516510e+00
1.891715584130379657e+00
-3.524463112351907679e-01
1.605083672074984369e+00
1.362188101359030901e+00
9.458371576281235926e-01
4.257374455544921110e-01
1.670571261470040314e+00
1.882873431628052355e-06
-2.058836736157527980e-04
1.370392694849490724e-04
1.198029925294539012e-05
-1.748165594198049580e-03
3.296903758613838422e-04
6.616892202570227451e-07
3.433219752733200365e-03
2.824696255933580553e-06
7.118709431627100138e-06
-1.700840622440604388e-03
-4.663939899313558399e-06
6.971950946881674108e-06
-3.075892750330246929e-03
1.413470814784023336e-06
9.717359330500759083e-06
6.345390965284072524e-03
-3.192067058775432449e-05
-5.694041174578515219e-05
4.704263912766505911e-05
-9.362047067044979021e-02
2.427732641035780926e-04
-1.183310128044268871e-04
-1.388237194010563064e-05
-1.272568616598134832e-05
-2.105846728417611752e-02
9.544736716892151065e-06
2.227009182691108751e-05
2.628817661386497471e-07
1.123523183313944723e-05
-4.358310557212788719e-03
1.574355763549022125e-05
-1.620416173765778823e-05
-1.685230353352520574e-06
1.117701479512289885e-05
-2.619804933424057115e-03
7.888683163684981543e-06
-1.583407268719364387e-05
-4.939292583213317802e-06
1.564707298409786186e-05
-3.716720707893736864e-04
2.324346218103454055e-05
-2.269710832787825305e-05
3.208833040280335808e-06
-1.455476510459954560e-05
-5.644043943696454594e-04
-3.437318166537889108e-05
2.065706813221746723e-05
1.005433462755088263e-02
5.377826456690025389e-05
3.865090102553893337e-05
2.535466688339280215e-05
-1.169455575095869164e-04
-3.166919581954215205e-05
6.329758989026859628e-02
-2.523898344265186350e-03
-4.275336747477601350e-05
-2.929949959916806779e-05
1.924241821592646818e-04
9.745466360458403623e-05
3.865463914705364159e-05
-1.584403155664568935e-02
6.677409724504529539e-04
4.533212390923385844e-05
2.381535190751418797e-05
-3.409392145335489758e-04
-1.208760712417155427e-04
-3.256406766093144535e-05
4.135517642845151255e-03
2.232875022413416944e-06
-1.801657845096073016e-05
5.317709511639239899e-06
3.939353665047169446e-06
2.390856124639720217e-03
-2.883395426651782882e-06
2.185795252105792331e-08
-1.225739306198206325e-04
-5.018715511797023905e-05
-3.325506036243020436e+00
4.609989879265439683e+00
1.492329086357101486e+00
3.790031424518408576e-02
-2.043290054062621319e+00
2.509242459825794302e+00
1.331904563517125384e+00
3.618107565565017225e+00
1.171988278255979592e-04
-7.330888764508262066e-04
-3.682664336070545189e-05
1.668526048762675846e-04
-1.521180459826158285e-03
-3.094028753765348935e-05
5.142637365247317802e-05
-3.231956652531911122e-03
3.840028464401701389e-05
-2.899852579334941054e-05
2.759769352498980116e-03
-1.851659366877862677e-05
-2.822305835773271956e-05
4.442608724993356815e-03
8.397723569696022565e-06
4.304266383738782292e-06
-2.822246726886504589e-03
-2.083107405067530804e-05
-5.564135082378083963e-06
-6.470581390119574221e-03
-4.426585215785074377e-05
-1.986589677899052434e-05
-2.847008910602259659e-04
-2.771223979823249361e-02
-4.830192928170271271e-05
1.934818473554115179e-04
-1.645387217642115918e-05
-7.979075354854044068e-05
-5.134054511840977462e-03
-3.856115349409510514e-05
8.443698740341909492e-05
8.067881417685025306e-06
1.476300751890662881e-05
-9.342161729147311841e-03
-1.549574742307847581e-06
-2.762096692562331259e-05
6.753558100355649721e-06
2.795831163082818021e-05
-1.223987599418391997e-02
-1.383546760732725187e-06
-2.488664737841267912e-05
-2.889492151879925820e-06
-9.500758404738390850e-06
3.892273547504649170e-03
8.772131195226440728e-06
2.939488774991133705e-06
-6.700900575322311863e-06
5.737931308795098191e-06
1.903664842004377904e-03
3.350973886874053075e-05
-8.326044459558884207e-06
-8.364256301000336236e-03
-2.304247224427895393e-05
-5.344039757576196138e-05
4.038139401374044946e-05
6.411477043872135478e-05
2.745354760590503482e-05
-5.276917510383723892e-02
4.798647614899407068e-03
8.631305243400443631e-06
4.212934680203149875e-05
2.622093664893628473e-05
-4.555652827754115997e-05
-1.512897442740059999e-05
3.029753288913961812e-02
-4.263231083981062694e-03
-2.473224149226521733e-06
-5.076123812355251005e-05
-7.117580164765901639e-05
5.644110560585669824e-05
9.045907172729391341e-06
-2.693880200173176184e-02
-1.529643751241219239e-06
1.213313737860189334e-06
4.222483868347219290e-06
8.622217449150963600e-06
1.751684566272798498e-03
-1.718663931582425656e-05
-5.296539188398847789e-06
1.570280407966339695e-05
-2.314774211798038356e-05
-2.807487403818412997e+00
1.891714807873603021e+00
-3.524432119938486485e-01
1.605079286199930566e+00
1.362190441122304918e+00
9.458400042281136511e-01
4.257373001306100635e-01
1.670569757858585191e+00
3.293340801480953154e-05
-2.340668720766203679e-04
1.139653533148548279e-04
9.251737360200448519e-05
-1.808587170759014522e-03
2.768561171505307789e-04
1.805335091831990090e-06
3.437641284524295144e-03
2.568119981244428278e-06
1.209221343127068393e-05
-1.694826143356588507e-03
-1.171246087919514089e-06
1.329827739821552475e-05
-3.071840309568500769e-03
3.848900862365568896e-06
1.037259218247166037e-05
6.359675012949943598e-03
-2.292397048390884602e-05
-1.047920841596879896e-04
1.395914857626612412e-04
-9.363621698083979261e-02
2.185342338243570037e-04
-7.824167122554240446e-05
-2.745204761678102267e-05
-2.124505639117585843e-05
-2.107416578431416110e-02
3.140079807010650518e-06
1.978276353479014007e-05
9.701742574766997087e-07
2.405405514918214729e-05
-4.352753876053780738e-03
1.723581882882148592e-05
-1.237148013818912615e-05
-2.636611542298151394e-06
2.221333568892329923e-05
-2.613121710267552172e-03
1.071723519511703660e-05
-1.168808561340022663e-05
-8.558505167385829532e-06
3.377548236001898707e-05
-3.655299418127962250e-04
2.510080983126809870e-05
-1.623505272694201714e-05
5.534461318156341726e-06
-3.423343354840284214e-05
-5.664979629106482511e-04
-3.389804775920337752e-05
1.503900313164273956e-05
1.004790240235530277e-02
1.035919397891364767e-04
4.520147366491640171e-05
7.191309423725087031e-05
-8.230799769193879937e-05
-3.506555437970444592e-05
6.334059348172894899e-02
-2.519586521342861984e-03
-8.318944538307221218e-05
-3.230686129786070862e-05
1.542561969049806780e-04
6.975513959648164399e-05
3.823783238762994000e-05
-1.587172353218624377e-02
6.633760461677731899e-04
8.781640484456385226e-05
1.714426312191287945e-05
-2.988015502844368473e-04
-9.121278206276119691e-05
-3.415961392921742986e-05
4.163038822888843853e-03
-1.415916786511778978e-05
-1.953237598403818306e-05
1.010971376088728893e-05
6.462765601559410447e-06
2.392565089194487876e-03
-8.985929824236387831e-07
-9.974633093160194947e-07
-1.123420548878897006e-04
-4.616764226097857919e-05
-3.325506491446699631e+00
4.610003955785180629e+00
1.492328452816850781e+00
3.789201781170074834e-02
-2.043281794630733117e+00
2.509231804888288675e+00
1.331905649883538878e+00
3.618112625639045898e+00
1.556711873185577402e-04
-6.661481705607930071e-04
2.571401533110683502e-05
2.265094650861323490e-04
-1.432164183023062511e-03
5.053934585496180806e-05
8.081929044539053013e-05
-3.211896452650707390e-03
4.670116222973186472e-05
-4.488173773652949191e-05
2.750891930157388712e-03
-2.431003618467414605e-05
-3.761188539688149936e-05
4.426317334466035522e-03
-6.504814413333251182e-06
1.216417508016964478e-06
-2.814815417695309355e-03
-1.171581106901100713e-05
-1.803184516562402370e-05
-6.463562999387982046e-03
-3.113160886422488405e-05
-4.992818421934839439e-05
-4.116262104129934582e-04
-2.785370742531892777e-02
-1.527986416931182887e-04
1.154767220252427392e-04
-3.336672178612588207e-05
-1.212153923367062519e-04
-5.172564799907321091e-03
-5.909757771545557281e-05
5.271439834132427162e-05
1.476226564039499092e-05
2.040388614965598811e-05
-9.335458640151540755e-03
5.283757709541370025e-06
-1.804119979418026984e-05
1.257602963658037500e-05
3.899586849685683789e-05
-1.222119965275781338e-02
1.101417735590264029e-05
-1.609702593110992237e-05
-4.623301189073312639e-06
-1.130897242564785557e-05
3.881438271489723573e-03
1.660983322815405923e-06
2.507346062236711957e-06
-9.106509759933951559e-06
1.590007178789372126e-05
1.895303623752338500e-03
2.426107938729874723e-05
-2.765028410310333953e-06
-8.362367666493512181e-03
-3.713207251054232577e-05
-6.032316032641464533e-05
-1.224846287147158836e-05
1.891854111537039096e-05
2.237529780745977211e-05
-5.278111170685900050e-02
4.797882127682219673e-03
1.435921058651680419e-05
4.869992440489916044e-05
6.349252379434406094e-05
-1.167432305281112929e-05
-1.112993572784941697e-05
3.030250431109805451e-02
-4.263481881264590337e-03
-4.534052221515802125e-06
-5.828735588670878762e-05
-1.174366579757331753e-04
1.509362153078249472e-05
5.843724517233075038e-06
-2.693742123344359390e-02
-9.683506200963517931e-06
1.529078402892120198e-06
6.695795232474046203e-06
8.078955232544479857e-06
1.761476952462627532e-03
-7.473490268954700530e-06
-4.167087611176208624e-06
1.365414407940739635e-05
-1.865032142601926702e-05
-2.807485848888820801e+00
1.891710343627377888e+00
-3.524412133750148834e-01
1.605074511115951896e+00
1.362192303864883103e+00
9.458421984081862854e-01
4.257371775306824091e-01
1.670569298898593402e+00
2.912992975914416462e-05
-2.370838982117504676e-04
-9.140269715181966132e-05
6.888762497328638601e-05
-1.812518786271494035e-03
-2.350785907143677217e-04
5.048844405524109772e-07
3.437741608552404883e-03
-3.162638497944242475e-06
-2.620238605701405628e-06
-1.690169792263941130e-03
-1.284580088103148424e-05
-1.477669377016885006e-06
-3.066659337886780846e-03
-1.694240293924698587e-05
-8.325506035726609565e-06
6.366338533373629149e-03
8.330805074150243649e-07
5.693047627271154848e-05
4.071714501398726507e-05
-9.360735171828349355e-02
-2.616691867169360390e-04
-9.512206342289478600e-05
3.166629308865734910e-06
4.804106952444581446e-06
-2.108360237331452502e-02
2.180962250929882281e-05
-3.815703276594088766e-05
3.466665569333425334e-06
8.469591840609049112e-07
-4.344286808499638920e-03
-3.497377032415583455e-05
4.859312609433817773e-06
4.267668030349268205e-06
-7.887858670685195131e-07
-2.604655886703590318e-03
-2.971602611364118185e-05
8.021759277455466964e-07
7.444447514778294975e-06
1.460553869201229927e-06
-3.540637610814532325e-04
-4.954407911810678584e-05
-4.386681682256796789e-06
-6.366944953717121694e-06
-4.032662909672160849e-06
-5.765356990404676366e-04
5.441855954231547592e-05
1.776611766574645547e-06
1.004059049761246714e-02
-2.280514047423784903e-05
-3.314904471211648667e-05
1.067432300820165538e-04
-9.019926342425126553e-06
1.294821170354978478e-04
6.338917665869132911e-02
-2.513577788275562358e-03
1.551883833381060757e-05
2.692975334107145243e-05
1.312186980804829622e-04
9.784855215515433072e-07
-1.077900987889375572e-04
-1.591048854657980960e-02
6.565810293506952082e-04
-1.805662068943573919e-05
-3.065803362989435088e-05
-2.792258263015834959e-04
2.629444859961222947e-05
1.115589926144891573e-04
4.206483955646963917e-03
-1.606053828095545884e-05
-2.007741309401582649e-05
-2.951104635975474887e-06
-1.467050830179662932e-06
2.396717818924700653e-03
-6.560589649184798405e-06
1.181244663476179618e-05
-1.094264470971499713e-04
4.280204655707244813e-05
-3.325508462584551683e+00
4.610029004865733526e+00
1.492328507701796925e+00
3.787659578264892385e-02
-2.043269660256359810e+00
2.509212723825800850e+00
1.331906485289138020e+00
3.618120849853298182e+00
-6.949570310032821430e-05
-5.817147075737946890e-04
-1.650362503421926648e-04
-9.182566446638794062e-05
-1.311430711040006969e-03
-2.406672893531548447e-04
-1.268905271221219761e-05
-3.163998511674478292e-03
-8.733616793639571144e-05
8.264589885423968873e-06
2.729247527360009577e-03
4.852382734769106507e-05
1.662835091091654970e-05
4.407324675740169340e-03
3.994355422001517062e-05
-8.810204780376638202e-06
-2.814443864942135082e-03
-5.818001629991613753e-07
-1.145337539332273681e-05
-6.477149400416506130e-03
2.082517494212873720e-05
-5.698056640030448597e-05
1.286438328699244301e-04
-2.810079013005607751e-02
4.462257286342964711e-04
-5.402685685785666868e-05
-1.968175420394045069e-05
2.819727523231942983e-05
-5.252767519879873725e-03
1.324107363996559767e-04
-3.474315104362830453e-05
4.977920865474544283e-06
-7.948634613108444461e-06
-9.326159510409205017e-03
-2.197852602930295320e-05
1.466459846556281104e-05
4.720245790867903429e-06
-1.456441077115550683e-05
-1.219303383946606159e-02
-4.205101445567881543e-05
1.264336226557003937e-05
9.519844160580435250e-07
7.560885671268178369e-06
3.869353844913397782e-03
1.185458255009748458e-05
-4.644163040948432227e-06
7.671288747218031872e-06
7.650621329031623806e-06
1.900116991410257796e-03
-1.849966991933342004e-05
-8.706067054823803583e-06
-8.367065499805868486e-03
5.412113157499873534e-06
4.750600221024278745e-05
-5.814028708214081078e-05
6.297860403304728657e-05
-3.665164872755718604e-05
-5.274857551075880918e-02
4.803914978222583940e-03
-1.863858337754012654e-07
-3.580515298060864309e-05
9.288435142560056150e-05
-5.099735130125058124e-05
1.424272224874591780e-05
3.026277993734893118e-02
-4.272146046338462684e-03
-1.716202206432063391e-06
4.359456432141939716e-05
-1.515944647596606737e-04
6.090261838060607373e-05
-4.561619924442992662e-06
-2.688118966454691033e-02
-6.642391666807764684e-06
2.860481554159505808e-06
-9.485983217482295796e-07
-9.714592049861687020e-06
1.765825822896918739e-03
-7.993404032969501845e-06
6.634156819455107524e-06
5.335978326779685115e-06
1.359334697026612406e-05
-2.807487603309509083e+00
1.891704098526839406e+00
-3.524427614952431731e-01
1.605073446040681251e+00
1.362191725328784297e+00
9.458413742042549588e-01
4.257372022191824867e-01
1.670570906456239513e+00
5.106425911902929085e-05
-1.976676385861599744e-04
-5.071851678668466473e-05
1.157219123564848478e-04
-1.723823516080139106e-03
-1.350010005255510828e-04
4.519185245301736237e-07
3.430914637529747062e-03
-2.146634696364969543e-06
-9.417835685792091448e-06
-1.691873678078583722e-03
-1.190329958807722888e-05
-7.246384824492375795e-06
-3.064371847443910814e-03
-1.418340398439821524e-05
-2.146989902392251078e-05
6.354881234978848603e-03
-5.684497434556509292e-06
1.392514679130595480e-04
4.202858472924151897e-05
-9.353419835255681603e-02
-1.750038678580063435e-04
-8.868519489370598678e-05
5.949697916326168284e-06
1.707725239417169682e-05
-2.107458660315539301e-02
2.053892162621597591e-05
-2.717576715372237986e-05
8.823616162171957504e-06
-5.920780550334867791e-06
-4.338892607322685641e-03
-2.672972085131215494e-05
1.838943554486372779e-06
1.086201836593291527e-05
-8.817835202137797111e-06
-2.601040040014620733e-03
-2.380284881733460992e-05
-1.272655172541491353e-06
1.874159217071107614e-05
-7.731367392466844413e-06
-3.445734137708336589e-04
-3.766938669898534109e-05
-6.153271024277707319e-06
-1.581795491911403906e-05
2.391403182600771235e-06
-5.900248525589598184e-04
3.961503683951733012e-05
3.892487916533641980e-06
1.003856152311368224e-02
-5.176244772873146678e-05
-8.516401912667504283e-05
9.134280528940656296e-05
-3.100632575230732489e-05
9.761772945291049370e-05
6.340267658686668528e-02
-2.510228101398209039e-03
3.398598903260124725e-05
6.785306395073637822e-05
1.530784463006149682e-04
2.034437565581650914e-05
-7.961839583811340865e-05
-1.593161494765544736e-02
6.519192415764103960e-04
-4.039985332064993022e-05
-7.095057574868119678e-05
-3.131492449422343892e-04
-1.757738166736694921e-06
8.324566768125957140e-05
4.235706613774495310e-03
-1.704918594200369582e-05
-1.820554305017567517e-05
-7.083463939141632144e-06
-5.099643717278848679e-06
2.401174048550318990e-03
-6.089267323466577539e-06
9.400198949477455226e-06
-1.206313742965997679e-04
2.602552811925181372e-05
-3.325508957261971599e+00
4.610029198385436899e+00
1.492328996224149940e+00
3.787620465268135006e-02
-2.043270624917902900e+00
2.509212526732323312e+00
1.331906038575569218e+00
3.618120591288040089e+00
-1.577412690081012557e-04
-5.953952049400197894e-04
-1.388365065473024591e-04
-2.145075285690100785e-04
-1.326068185155002349e-03
-1.962455301573477122e-04
-4.404255396766722599e-05
-3.158594730536071551e-03
-5.765749957512856654e-05
2.640623009575202308e-05
2.726669282823559852e-03
3.280468726842272059e-05
3.783640694970653948e-05
4.411308681845615629e-03
3.346123464773162801e-05
-1.463647290475747142e-05
-2.819746459696580426e-03
-6.145802264305837599e-06
-1.335882451029695459e-05
-6.488016074368333636e-03
4.155031020605358676e-06
-9.827139169691791036e-05
3.266557855140632687e-04
-2.810077707090494550e-02
3.349534507971061630e-04
2.912683687142687663e-06
-3.299493050189815163e-05
8.045148410554278195e-05
-5.258201770748463857e-03
9.276181307019427664e-05
-6.089462020113291262e-06
7.777195267694891995e-06
-1.875018334454684214e-05
-9.327173808344794981e-03
-1.757158467240019418e-05
4.165562756431262991e-06
7.520524274022465006e-06
-3.480945377201430618e-05
-1.219491009945428139e-02
-3.318606407794294060e-05
3.388499190696381005e-06
1.947059380184269470e-06
1.551377755899282482e-05
3.872230751248362073e-03
1.164686835304087877e-05
-2.513216487128182042e-06
1.415235062895639196e-05
7.875850241976550716e-06
1.908280501205053851e-03
-5.275070132056584529e-06
-7.490448694944859458e-06
-8.370431710529193867e-03
1.194485190169145892e-05
9.433683536884081896e-05
-3.876331229585761214e-05
6.662185018267089819e-05
-1.882558092601156651e-05
-5.272612379305371966e-02
4.807028081460373685e-03
-1.289082168316730794e-06
-7.204980560283287040e-05
7.787141693203132619e-05
-5.222687959042756397e-05
6.439111088486057457e-06
3.024245917575681467e-02
-4.275621688779459098e-03
-2.692348937617697506e-06
8.742633672409198180e-05
-1.319969959209897213e-04
6.293447773947982986e-05
-1.248991973363921591e-06
-2.685861263196236137e-02
-4.361510226061990228e-06
3.150576046665594350e-06
-2.170184281627750556e-06
-1.814108137693256129e-05
1.760470169265393675e-03
-1.096125796057694162e-05
3.485492440238613015e-06
3.317009859160599610e-06
4.580292438804364401e-06
-2.807489640836058786e+00
1.891702339045695513e+00
-3.524449040506319464e-01
1.605075350059151695e+00
1.362190312646958557e+00
9.458396137069874365e-01
4.257372862855826057e-01
1.670572242029984888e+00
3.935108658654643481e-05
-1.694355985497239243e-04
1.057129310371671860e-05
8.273715074858651024e-05
-1.661859383673909389e-03
1.652206841618818314e-05
-1.932629212594873319e-07
3.426257571232802206e-03
-5.369869317951918084e-07
-1.396643278256624526e-05
-1.695579632402513829e-03
-9.711794768521377999e-06
-1.228775646366639856e-05
-3.065676598752438940e-03
-9.262843465248643215e-06
-2.523356110754657570e-05
6.343504184521061434e-03
-1.447152531741689490e-05
1.831894311370910319e-04
-9.371450823612126986e-06
-9.350077685328565813e-02
-3.968804807261253108e-05
-8.309077743376896497e-05
1.211201403888243101e-05
2.501731579736396813e-05
-2.106332340259472677e-02
1.725236234249150459e-05
-9.270857743484062560e-06
1.019073949585307093e-05
-1.484698504273577777e-05
-4.339911154389225478e-03
-1.312696672724089782e-05
-3.458396030510400875e-06
1.325273760480267024e-05
-1.707865293837892339e-05
-2.603254234291332153e-03
-1.372097706885051747e-05
-5.099827220270018778e-06
2.361397565799952311e-05
-2.026235636270503471e-05
-3.444759772501210064e-04
-1.815158878431010804e-05
-9.760434587999330285e-06
-1.962179451543440806e-05
1.506358235136658665e-05
-5.935992184340102389e-04
1.579944106118317729e-05
7.943669815235440587e-06
1.004118492781603048e-02
-8.008239089232628940e-05
-1.022711108786748097e-04
6.184645728042430495e-05
-6.000925953941608267e-05
4.660214482578276690e-05
6.338488258165558831e-02
-2.511353374765611796e-03
5.538986629804938970e-05
8.009133633794447737e-05
1.804428113598893811e-04
4.621748791891980713e-05
-3.437983121346529673e-05
-1.592455182425912483e-02
6.526299061742597092e-04
-6.379392133045945197e-05
-7.759584533093127619e-05
-3.467439192301953227e-04
-4.121214458437639057e-05
3.809258477730290945e-05
4.231574931983205119e-03
-5.368765742875236376e-06
-1.691821944695740779e-05
-1.031624917698250156e-05
-7.516159679575714833e-06
2.401841552149431690e-03
-5.105651887654804482e-06
5.451518697648545791e-06
-1.298487522301664833e-04
2.284581900488969353e-06
-3.325508552782340477e+00
4.610018027736638935e+00
1.492329455668292226e+00
3.788281280182553834e-02
-2.043277084405989985e+00
2.509220985723741748e+00
1.331905217012848697e+00
3.618116604826435712e+00
-1.968109925206378962e-04
-6.472221625387493101e-04
-1.060465262555506055e-04
-2.726088559401446381e-04
-1.395301050757521717e-03
-1.407326563946216741e-04
-6.756926461251285335e-05
-3.174974516509254316e-03
-2.070957840144218402e-05
3.932903688485511729e-05
2.733929973251851466e-03
1.323126207327036510e-05
4.731387253875499221e-05
4.423862730952637587e-03
2.535058919656342196e-05
-1.376369648805180962e-05
-2.825168727415398179e-03
-1.303660429372046087e-05
-6.044902463675466919e-06
-6.492626627002012416e-03
-1.653669870781153048e-05
-9.066170133319741392e-05
4.392778735070340277e-04
-2.798872870382908967e-02
1.961105668650609045e-04
8.309895080380599126e-05
-2.728946644028145847e-05
1.150089655048456232e-04
-5.227210338872394051e-03
4.333150138528144653e-05
3.303315510044386148e-05
5.165096320704416415e-06
-2.410539021298896615e-05
-9.332395924893663666e-03
-1.205117581314591091e-05
-9.839783385635359817e-06
5.300482133769346257e-06
-4.513110880519994239e-05
-1.220954242783259258e-02
-2.210143595489829076e-05
-9.018845466705640616e-06
2.872291041427307387e-06
1.802111056767888593e-05
3.880561160524130266e-03
1.136751661665482014e-05
1.009104035151883889e-07
1.617034299289523430e-05
1.686479180256342598e-06
1.914187415037372662e-03
1.116153045496811835e-05
-6.908142066943296443e-06
-8.371682738077132480e-03
1.923000896261836435e-05
1.067476209350070384e-04
1.267278553678278727e-06
7.098378283390774520e-05
3.184184714907508740e-06
-5.271864498993356768e-02
4.807389333393028916e-03
-4.058956389507881486e-06
-8.242896301580326837e-05
4.965606519438480306e-05
-5.361147679115587197e-05
-3.502756606405031756e-06
3.024030020872567684e-02
-4.275120871069622991e-03
-1.854741795908120431e-06
9.972695701888366934e-05
-9.707906823071027654e-05
6.528725844981996299e-05
3.248415784608186358e-06
-2.686167510147708867e-02
2.062798914868039417e-06
2.728497165249443997e-06
-3.494717370699246752e-06
-1.932883778547289137e-05
1.753198689061232418e-03
-1.466820778770100531e-05
-5.514580015397195910e-07
5.097841689193537346e-06
-6.148662714146993410e-06
-2.807490771387614714e+00
1.891706150962517041e+00
-3.524463928073989782e-01
1.605079145412865893e+00
1.362188882128410938e+00
9.458379357794499676e-01
4.257373811176460299e-01
1.670572520806504979e+00
9.199976954493643231e-06
-1.690397617754993756e-04
7.663306456104297714e-05
9.343247467454545083e-06
-1.663194432160003530e-03
1.797066985944432429e-04
-8.898086773941273587e-07
3.426517374825881722e-03
1.195648128620381888e-06
-1.387515029623176585e-05
-1.699145577058891552e-03
-7.482922775833378877e-06
-1.354894569400843215e-05
-3.069858828886419966e-03
-4.089537257924513089e-06
-1.935757235659672630e-05
6.338868470539068753e-03
-2.412398552860549705e-05
1.705304519865132214e-04
-6.858264514034547116e-05
-9.352704209525351808e-02
1.053086053334803106e-04
-8.813417567834260771e-05
1.584158893700343988e-05
2.454406063545528933e-05
-2.105638650021400896e-02
1.395031809455439986e-05
9.381193342950682520e-06
8.036217986396507185e-06
-1.973068542617786432e-05
-4.346815054267073875e-03
1.326561644111407196e-06
-9.797119437314354116e-06
1.123117490708479548e-05
-2.023821677043368013e-05
-2.610069266444160156e-03
-3.064879836787230932e-06
-1.004790618990079442e-05
2.084500488825051111e-05
-2.736062924236299027e-05
-3.539360159993505065e-04
2.591989980062698641e-06
-1.510486049290161008e-05
-1.706598625599687431e-05
2.445608256317907282e-05
-5.850600210797745216e-04
-9.600769078744370336e-06
1.350876871191117944e-05
1.004700208382137624e-02
-8.714571443546112873e-05
-8.160216193019186656e-05
3.540110057233540782e-05
-9.205783702789267905e-05
-3.719560608799436655e-06
6.334610803702227233e-02
-2.516317430980994935e-03
6.287181993079046056e-05
6.240371798096170405e-05
1.973607427613797939e-04
7.466619001693714148e-05
1.110279477869920975e-05
-1.589312943172293408e-02
6.583236167498233505e-04
-7.059858907888669427e-05
-5.405778785503406839e-05
-3.603542976674348761e-04
-8.418627562178057665e-05
-6.755270848380360633e-06
4.196080137120589658e-03
1.037545954716812241e-05
-1.691176621295746260e-05
-1.056519218452896329e-05
-7.455865348680179453e-06
2.398323087748055731e-03
-4.154809361193152295e-06
1.695760743437533526e-06
-1.316064607712404578e-04
-2.287912446765505035e-05
-3.325507371997566963e+00
4.610001083038700820e+00
1.492329573572180879e+00
3.789315847592872322e-02
-2.043285629325920727e+00
2.509233877387655021e+00
1.331904507838862273e+00
3.618110939169804752e+00
-1.677745497672021233e-04
-7.088708700272329912e-04
-7.866596079296951009e-05
-2.364114146473007990e-04
-1.481890593930740557e-03
-9.368669762834983374e-05
-6.786369732534796109e-05
-3.205778859411877440e-03
1.188572049195974114e-05
3.874175684976534199e-05
2.747802237388616287e-03
-4.000232763169093814e-06
4.043215659848735318e-05
4.438016514171679548e-03
1.856122124839212908e-05
-8.046815352551148643e-06
-2.827105706482919371e-03
-1.941751629840627729e-05
3.560604170405071418e-06
-6.486859695609852039e-03
-3.529755406595204507e-05
-5.438622505970218168e-05
4.013865789018686574e-04
-2.782097786725122937e-02
7.574341962524161454e-05
1.612856623075930175e-04
-1.292717822196535176e-05
1.103391043582537976e-04
-5.174486581361498715e-03
2.255979976906500405e-08
7.007525995061788463e-05
9.797059285648176910e-07
-2.116703757057387210e-05
-9.339031534432211401e-03
-7.348873824772587197e-06
-2.281911000138419799e-05
1.439353522345938313e-06
-3.994384737119500170e-05
-1.222926068026632292e-02
-1.261349838108616059e-05
-2.057171591586263036e-05
2.905171011836174542e-06
1.428460471790945722e-05
3.889679754666910613e-03
1.131856140281427045e-05
2.312396271972043793e-06
1.310586977618901351e-05
-5.296582397438446936e-06
1.913514428393129187e-03
2.601727464402069963e-05
-7.327341900914760937e-06
-8.369598156516172213e-03
2.047593311463343619e-05
8.215411768487792870e-05
3.857883566151204362e-05
7.617619444081434447e-05
2.192893459411834081e-05
-5.273358805515556552e-02
4.804303986842531522e-03
-5.516254051683862529e-06
-6.423289853572097059e-05
2.491659199867695762e-05
-5.584117545179879689e-05
-1.227117442532186088e-05
3.026080901492993885e-02
-4.270343665027709346e-03
-4.930827015379127428e-07
7.744006610193516810e-05
-6.763505725560750755e-05
6.859357042343336745e-05
7.472314840571869272e-06
-2.689267354212258182e-02
8.098897801620598638e-06
1.822412611266261015e-06
-3.657389601779876143e-06
-1.376550907323924440e-05
1.748547508793121168e-03
-1.818761660055591303e-05
-4.134588572994170857e-06
1.011209967302485291e-05
-1.585299789443004188e-05
-2.807490296445840361e+00
1.891713707780431575e+00
-3.524463409884141529e-01
1.605082789622744199e+00
1.362188246403482239e+00
9.458372998971522616e-01
4.257374333861791982e-01
1.670571519300358077e+00
-1.435248314144596449e-05
-1.984140435340725614e-04
1.273721194211082286e-04
-4.325715373929527719e-05
-1.730959907995268179e-03
3.051507416020963733e-04
-1.018839974225967897e-06
3.431861190312940346e-03
2.518370193380282300e-06
-8.949908343813604733e-06
-1.700529856746490695e-03
-5.667872923859641574e-06
-9.714086826265397605e-06
-3.074708218837244982e-03
-1.684272346934549404e-08
-8.364802722160003115e-06
6.344024967885018851e-03
-3.139693736126465326e-05
1.086955627232901269e-04
-8.476196708226135530e-05
-9.360177106723248375e-02
2.173521696454158811e-04
-9.905568032121515420e-05
1.217425192681043938e-05
1.557714338804566244e-05
-2.105798155544599121e-02
1.122699218662400204e-05
2.281810932528989359e-05
4.512746176599343373e-06
-1.610774835475945463e-05
-4.356043000839303000e-03
1.259101647416269350e-05
-1.491537517557058490e-05
6.659408243460868587e-06
-1.526382286148261238e-05
-2.617893140943440555e-03
5.288580470717500596e-06
-1.425963397508004114e-05
1.275158399654875367e-05
-2.256213493134975613e-05
-3.681626861471351520e-04
1.876046991751117022e-05
-2.002078970886815134e-05
-1.038308634359905121e-05
2.224223281820833081e-05
-5.685136025108242014e-04
-2.932228739989946700e-05
1.841781701430721479e-05
1.005277048705464395e-02
-6.106170146761462966e-05
-3.878693428420173177e-05
2.716241475210793774e-05
-1.160038012877255233e-04
-3.813009575423706150e-05
6.330702335635411682e-02
-2.522490930534524931e-03
4.512579411284178794e-05
2.838465867997884740e-05
1.935806910301317437e-04
9.610213931626916933e-05
4.275313987223766182e-05
-1.585370918995156544e-02
6.660266379062614603e-04
-4.997501466852618824e-05
-1.898296341326102541e-05
-3.450049254547109582e-04
-1.168931107167946263e-04
-3.757815076142825568e-05
4.147494916897530824e-03
1.914855013186379698e-05
-1.803786756235972768e-05
-7.114694664014919594e-06
-4.785125550818374301e-06
2.392351303190218183e-03
-3.335063636648963889e-06
-8.310972914969542210e-07
-1.244681685359708525e-04
-4.289995464347979670e-05
-3.325505930178083158e+00
4.609986449242387430e+00
1.492329246335432735e+00
3.790233324697644263e-02
-2.043292078126991207e+00
2.509245055602877805e+00
1.331904293923120708e+00
3.618106329028559109e+00
-8.431866487381537464e-05
-7.495617588214309717e-04
-5.645840397601685061e-05
-1.212986787676495796e-04
-1.543047840950537587e-03
-5.760185725696928164e-05
-4.052457167822615428e-05
-3.236791079838717382e-03
3.303885271646150564e-05
2.276171846768792911e-05
2.761906995131284837e-03
-1.529614498381997044e-05
2.039812457714899489e-05
4.446625021146135247e-03
1.310192300908813018e-05
-1.703614609038429709e-06
-2.824115454200832633e-03
-2.270281695053022526e-05
7.332937496084538321e-06
-6.472408343283394573e-03
-4.604819591712199325e-05
-2.244093235568120793e-05
2.200695758739792637e-04
-2.767775279734563734e-02
-8.366461230386776880e-06
2.060348501053534207e-04
-4.106794885857983583e-06
6.366560968346152074e-05
-5.124728939118567902e-03
-2.884285478558508992e-05
9.098121159946834994e-05
-2.332851487235863076e-07
-1.108650343379649190e-05
-9.343807020073223446e-03
-3.856521368726311117e-06
-3.007356667113450741e-05
4.200701125942620747e-08
-2.111910677085827027e-05
-1.224444938099611239e-02
-5.661644543833737536e-06
-2.704146554877924930e-05
1.643817707111670500e-06
6.515843449416096362e-06
3.894946556069086002e-03
1.071293678273499693e-05
3.489102084730715542e-06
6.663590002498737210e-06
-7.026883007573821931e-06
1.905792259428511128e-03
3.461000922793731178e-05
-7.826944561743734468e-06
-8.364829391211444157e-03
1.163610521305543283e-05
3.585048194630587927e-05
5.341804346397938672e-05
7.588286123644757161e-05
3.193310260288328257e-05
-5.276603190446291225e-02
4.798931623668838131e-03
-3.353854144087277298e-06
-2.857630555702778526e-05
1.697232148033115187e-05
-5.455586840116483576e-05
-1.703046877358404187e-05
3.029611842614086947e-02
-4.263237099273966234e-03
-1.084496133417509744e-08
3.424461527942770754e-05
-5.968393317295659587e-05
6.737155071907525820e-05
9.824231075651214244e-06
-2.693891154500161617e-02
9.323163333821572646e-06
8.803196534309232434e-07
-2.035688212970208331e-06
-5.196116478388578012e-06
1.749232782198969528e-03
-1.954072825328372623e-05
-6.121687931002283315e-06
1.614220163788529185e-05
-2.195027750218114779e-05
-2.807488422449183396e+00
1.891721247438954645e+00
-3.524447418573766755e-01
1.605084424425537559e+00
1.362188747233354702e+00
9.458380533393692113e-01
4.257374155936863858e-01
1.670569718026859718e+00
-1.120483138188700451e-05
-2.432912548008689336e-04
1.469940825352148372e-04
-2.816997372505845369e-05
-1.832195000451596447e-03
3.547736919594376244e-04
-3.253208691322750273e-07
3.439691336185010315e-03
3.119659407822851629e-06
-1.349020376092116454e-06
-1.698977720753185603e-03
-3.812099172418751764e-06
-2.026129641022088310e-06
-3.077770082407096409e-03
2.709050947537139243e-06
1.060865724296601341e-06
6.356569349505158603e-03
-3.271157375850210019e-05
2.710767675812547465e-05
-3.141466288212833304e-05
-9.368802789910066209e-02
2.677602298782580555e-04
-9.966042212019901570e-05
2.929147380300816094e-08
2.141933271928092171e-06
-2.106749195386885265e-02
8.148423544874307039e-06
2.790861002443876377e-05
2.199371916118643741e-06
-3.929798246771429157e-06
-4.362952402252710978e-03
1.870322565541977886e-05
-1.658895093514813453e-05
2.384824691941439758e-06
-3.254014998668098168e-06
-2.622768987923942887e-03
1.028723288332667553e-05
-1.555451893269703905e-05
3.869670440569068825e-06
-5.587414689102921589e-06
-3.800262844678972598e-04
2.747169595309639653e-05
-2.138191505695293725e-05
-3.504240674262012914e-06
6.277575819344975656e-06
-5.521989100829946973e-04
-3.920529477999899607e-05
1.983746337914321257e-05
1.005572477358778957e-02
-6.394255967005734373e-06
8.765762900017054680e-07
4.165337429502726646e-05
-1.189015638557749293e-04
-5.217523225568101747e-05
6.328757957897128417e-02
-2.526768735163571929e-03
3.556197935478584376e-06
-1.504789085642015484e-06
1.705630995024315084e-04
9.967179455981552702e-05
5.526100253730415276e-05
-1.582615791789348386e-02
6.718474094768492853e-04
-4.740308222155254922e-06
4.761242000507051855e-06
-3.078350202328062712e-04
-1.256994576383603437e-04
-4.991745226715019331e-05
4.110221352299172314e-03
1.396148652171866319e-05
-1.988077708394715676e-05
-1.111480213275439420e-06
-6.564325739950678089e-07
2.386848810097502108e-03
-2.331130708176827886e-06
-2.057588080158840238e-06
-1.118049187294320923e-04
-5.290356200941462436e-05
-3.325504875498804580e+00
4.609980344805570951e+00
1.492328646128820324e+00
3.790641732112352835e-02
-2.043293765363710435e+00
2.509249766548463878e+00
1.331904634191734660e+00
3.618104711102390514e+00
1.433860102258787637e-05
-7.529923884215216886e-04
-2.940096126393248332e-05
1.987442784850472241e-05
-1.553856049159373131e-03
-2.004327760075046619e-05
4.752135298823500391e-06
-3.254489359826248825e-03
4.250359911164725831e-05
-2.711570167439745940e-06
2.770080628928839415e-03
-2.078297501710484003e-05
-3.408396149746702061e-06
4.446314068637850433e-03
6.600221126367923702e-06
1.143151475399784483e-06
-2.817838935956507203e-03
-2.086416419452393942e-05
7.950010139509539178e-07
-6.456168383790835893e-03
-4.534114161821065314e-05
-2.145972998631519605e-05
-2.772097217552695251e-05
-2.761975730016724348e-02
-6.877575427329463891e-05
1.957194365245230319e-04
-1.046786040900910903e-05
-6.877699225329654495e-06
-5.099411804516641548e-03
-4.467107550864722680e-05
8.702836846332326901e-05
3.992319081283009754e-06
1.583081720613987612e-06
-9.344769909264912661e-03
-5.587703628542015025e-07
-2.897309527120899432e-05
3.462444579975181952e-06
2.943498473946226573e-06
-1.224880322482418092e-02
5.235420041104260493e-07
-2.601367624799162188e-05
-6.435940180540345328e-07
-1.297221727796592754e-06
3.894331873059938588e-03
8.251319739530007803e-06
3.521708421176223554e-06
-5.274639625782551510e-08
-6.057757666117913133e-07
1.894869800851095923e-03
3.443300053347974146e-05
-6.832600674830001795e-06
-8.359657994553680235e-03
-5.868543745053108528e-06
-7.634349623439915054e-06
4.088374277983603238e-05
6.145106248590848812e-05
3.193209541039664318e-05
-5.280061702222045572e-02
4.793746795990547552e-03
2.704541155342493118e-06
5.880173832523739095e-06
2.812572036382847635e-05
-4.335802975334774895e-05
-1.671963948068737744e-05
3.032985685915600901e-02
-4.257005414178053303e-03
-1.265890375640668139e-06
-7.172939449644067574e-06
-7.521617220198210441e-05
5.379480330181576593e-05
9.420058001794896622e-06
-2.697924443357218455e-02
3.971804877591303152e-06
3.268938091355540549e-07
1.124404022030502042e-06
1.495593708305521149e-06
1.754614123060158895e-03
-1.682039024618046155e-05
-6.140863281894300816e-06
2.053012104936483210e-05
-2.299609248378332494e-05
-2.807486175700714348e+00
1.891725080766609279e+00
-3.524424980555748155e-01
1.605083407378794735e+00
1.362190049759869792e+00
9.458397178209115852e-01
4.257373419600364861e-01
1.670568062110038499e+00
2.195823737906256551e-05
-2.804745649587453253e-04
1.309555755500978246e-04
5.938802627246154997e-05
-1.914686810107931771e-03
3.183641406088053233e-04
1.004485100638842019e-06
3.445964451994743862e-03
2.968825889554913365e-06
5.566293435282344433e-06
-1.695483536165277340e-03
-1.050134177035393383e-06
6.332529418571933295e-06
-3.077690628055828378e-03
4.737748494886645627e-06
3.833884582363409343e-06
6.369777272790951364e-03
-2.603272594124220884e-05
-3.882217013595221718e-05
7.729954002598678469e-05
-9.374266116521960679e-02
2.529536794160090101e-04
-7.341486991647118627e-05
-1.676329525835259656e-05
-9.775168239057237940e-06
-2.107963667215888293e-02
3.111434653547750584e-06
2.548907317068011273e-05
2.560658290639700456e-06
1.220753855425065431e-05
-4.364341082777070668e-03
2.024838104857951690e-05
-1.382630640706288386e-05
6.116300607295515793e-07
1.099523895766188759e-05
-2.622539980325765997e-03
1.276321922729828817e-05
-1.264615601741397820e-05
-1.587870253809775417e-06
1.719922235657624223e-05
-3.839018392599970794e-04
2.947091491232496510e-05
-1.695175143256137114e-05
2.032933613635230145e-07
-1.788465723958158261e-05
-5.440878734963835789e-04
-3.952587091448158969e-05
1.595023789457382312e-05
1.005456652773795839e-02
5.702611880172922944e-05
1.669308049784178492e-05
7.003878179700226761e-05
-9.302280411363177798e-05
-5.221365703388753196e-05
6.329548838696415214e-02
-2.527224656682936985e-03
-4.739332536181692081e-05
-1.133091909097512192e-05
1.410646681170403061e-04
7.906670285913233709e-05
5.301451086473516275e-05
-1.582300881062598252e-02
6.731318498620857517e-04
4.905987476115349972e-05
3.032144942411811668e-06
-2.687525813708301981e-04
-1.039798174918404449e-04
-4.900107753337619752e-05
4.101647858514907534e-03
-4.309818482688083543e-06
-2.152325267638648091e-05
5.110735137527997059e-06
3.067812422796899652e-06
2.384546521423796042e-03
-7.497498732497465687e-07
-2.557049947567142196e-06
-1.003380337221378621e-04
-5.146188097285344520e-05
-3.325504649899277076e+00
4.609983914298112495e+00
1.492328137970478696e+00
3.790450714776957830e-02
-2.043290917917879312e+00
2.509247100741576197e+00
1.331905232172498899e+00
3.618106223253074294e+00
8.435223394230584315e-05
-7.258612035476217457e-04
1.331389543621147414e-05
1.248523396557320916e-04
-1.520271724693255614e-03
3.446703049002731930e-05
4.908968263762140103e-05
-3.253013160753762643e-03
4.526809171365124150e-05
-2.697981537808529886e-05
2.769560327040565539e-03
-2.326907073151535129e-05
-2.041445236327710434e-05
4.439253261374054120e-03
-3.553249547249153446e-06
-1.206847598836804077e-06
-2.812176456624774015e-03
-1.360133093290361780e-05
-1.417146973855444394e-05
-6.446718409292317639e-03
-3.392092845509873982e-05
-5.537740801164736502e-05
-2.350137806108179637e-04
-2.765694233985251799e-02
-1.327070486337575319e-04
1.299689729223858033e-04
-3.100841457538384770e-05
-7.137793639980791801e-05
-5.105745613566231751e-03
-5.526413404718725478e-05
5.920705612676327543e-05
1.248636077130532372e-05
1.129081137364609305e-05
-9.342296015252696609e-03
3.939883493285209027e-06
-2.020932038662619774e-05
1.079616125526766307e-05
2.172716623426777953e-05
-1.224257938394698701e-02
8.587180361477208981e-06
-1.804751838400056940e-05
-3.097981925259445979e-06
-5.554679243643267029e-06
3.889473652539569750e-03
3.087738090723245005e-06
2.800255372179652727e-06
-4.210116844881029722e-06
1.190622741287009972e-05
1.886967847044818429e-03
2.622778125831984244e-05
-3.183627324946999261e-06
-8.356783886550162715e-03
-2.555037215045086481e-05
-2.794906701530965924e-05
1.348542155811598099e-05
2.809183094879480759e-05
2.488997261155252000e-05
-5.281946593671059398e-02
4.791371819833457196e-03
1.051756435503389262e-05
2.315925110574434492e-05
4.842495791141428890e-05
-1.852086201929088760e-05
-1.240124379591336378e-05
3.034536651221524453e-02
-4.254658820142389469e-03
-3.923827916619633045e-06
-2.758063665310980228e-05
-1.010766283347402418e-04
2.343121476660337609e-05
6.536605803987001966e-06
-2.699465510143048141e-02
-6.025601587944572494e-06
2.611136046359916552e-07
4.645911744229495208e-06
3.019361442402818319e-06
1.760905476509043487e-03
-9.410857047774867976e-06
-4.704665935727615514e-06
2.138931874370548976e-05
-1.931891506804404724e-05
-2.807484867201450740e+00
1.891723509179917384e+00
-3.524409529786471929e-01
1.605080639213887217e+00
1.362191321972857860e+00
9.458412441276542459e-01
4.257372608211708598e-01
1.670567465135950336e+00
6.932201428361695755e-05
-2.899967043004774694e-04
8.753530122782684283e-05
1.781502836936260388e-04
-1.934342793128248543e-03
2.166207105624680732e-04
2.385381515831767752e-06
3.447337093758085901e-03
2.308462014604333933e-06
8.968990890525637099e-06
-1.692255113859482971e-03
3.138347494108308624e-06
1.183125881554274220e-05
-3.074906158506220382e-03
6.951851492876925689e-06
-7.033132388696110960e-07
6.376135602399228379e-03
-1.222888696366213260e-05
-6.569116797192379661e-05
1.923978748302639162e-04
-9.373884240275308366e-02
1.927654781970099729e-04
-1.417311736487643830e-05
-3.125532232849812577e-05
-1.533610633235612495e-05
-2.108725851567859466e-02
-4.747960146394222011e-06
1.923248154284754990e-05
5.151908446123704187e-06
2.533282959303839350e-05
-4.360110359873881070e-03
1.942408502677778269e-05
-7.333049147016259232e-06
1.727538084699602265e-06
2.140850962657657794e-05
-2.617965577203466322e-03
1.443056428697987376e-05
-5.891389645035835911e-06
-1.932414257510094955e-06
3.592447462427806140e-05
-3.785958053502157315e-04
2.788894350596909089e-05
-6.761884516957887280e-06
-3.145479991513167864e-07
-3.964215675337984582e-05
-5.477293695251349379e-04
-3.397220789389330923e-05
6.967069633272475281e-06
1.005041785743998779e-02
1.039204618798651053e-04
3.687855013151957769e-06
9.470579398112178443e-05
-4.097796139775946851e-05
-5.002544130439512941e-05
6.332321793992590209e-02
-2.524119473645576334e-03
-8.712051278049289167e-05
1.610617233821017628e-06
1.224995625265123847e-04
3.674409245886253261e-05
4.592776506220005035e-05
-1.584306762189029508e-02
6.697736033311655441e-04
8.983289161769082872e-05
-2.166629787166550022e-05
-2.500120156894545956e-04
-5.617139350309270819e-05
-4.495750873918121074e-05
4.123043994225659981e-03
-2.698294582964383371e-05
-2.215333946482076491e-05
9.163558671426252737e-06
4.792921621157435331e-06
2.386307529533477235e-03
1.549693804315375496e-06
-3.499007480910085134e-06
-9.639017680395643467e-05
-4.085077012926675844e-05
-3.325505278269593745e+00
4.609992917909105259e+00
1.492328076586526775e+00
3.789900926037907680e-02
-2.043286379916630313e+00
2.509240250196296262e+00
1.331905608049847034e+00
3.618109233169673811e+00
1.001832148509103099e-04
-6.931088891441503476e-04
7.330038810077792101e-05
1.544335415301277775e-04
-1.474266486352991852e-03
1.102833271055207850e-04
7.400336132727571969e-05
-3.236653984358150472e-03
4.728485087032187600e-05
-4.001639726334991966e-05
2.762185793290820521e-03
-2.581371140602589713e-05
-2.439472535454882552e-05
4.431731906192179840e-03
-1.779410216280044235e-05
-7.067252648669301977e-06
-2.811156440009000140e-03
-2.731816277740150420e-06
-3.014738731653428098e-05
-6.449808044039167729e-03
-1.629903808919902196e-05
-1.032307516760104293e-04
-3.204359328375110572e-04
-2.774613740058807718e-02
-2.175335766234793038e-04
3.087227398926024028e-05
-5.448991717905567845e-05
-1.036159053708737339e-04
-5.133766357773619435e-03
-6.795621530576805805e-05
1.792446385727103757e-05
2.093090672552981439e-05
1.437085834420440303e-05
-9.338773435177737461e-03
1.014424477490375218e-05
-7.419113317759041221e-06
1.827076388256511889e-05
2.807422819280626722e-05
-1.223210501082392168e-02
1.964404994885485340e-05
-6.381401645730611172e-06
-4.702586810088981546e-06
-4.951501010017807179e-06
3.884630201708242584e-03
-4.352224846979841937e-06
1.935975802367685005e-06
-4.687496914831130792e-06
2.444982329259516886e-05
1.887337222645406234e-03
1.349325559823610633e-05
2.962526366217337794e-06
-8.357953876670012189e-03
-3.904520997914181113e-05
-1.973279730431737959e-05
-6.276529062516932912e-06
-2.039542020128504301e-05
1.596398679441555195e-05
-5.281147027481906953e-02
4.793021973930063073e-03
1.655702529903799495e-05
1.831110928249485899e-05
6.152426297532204939e-05
1.748888103912928931e-05
-6.467761080754572096e-06
3.033443988193003718e-02
-4.257170058421575962e-03
-6.603237455775001020e-06
-2.119966872366294623e-05
-1.166734685688413330e-04
-2.061955199075132545e-05
2.307609860382162125e-06
-2.697815833798321294e-02
-1.595004167334663939e-05
6.177836594087128280e-07
7.075350984381164105e-06
-5.962717276375965829e-07
1.763383921257076579e-03
1.410645167226374360e-06
-2.860753007380619012e-06
1.870545044659743258e-05
-1.267964036592119524e-05
-2.807485377307087138e+00
1.891717646318110679e+00
-3.524411493714996735e-01
1.605078015018143844e+00
1.362191699549874846e+00
9.458415962013663192e-01
4.257372273861773637e-01
1.670568323999019889e+00
1.041874004675142360e-04
-2.656217524761173422e-04
3.345801513356983658e-05
2.621953679939933567e-04
-1.878344646210150385e-03
8.990525068360030281e-05
3.119992700196254544e-06
3.442929259590484046e-03
1.485942477815678397e-06
8.016305902684380848e-06
-1.691480632820093399e-03
8.327631190343783105e-06
1.244845666954123262e-05
-3.071325856881246263e-03
9.672352993352792587e-06
-8.610668491909282817e-06
6.371377780538532362e-03
4.966694334542338479e-06
-5.372624894710555858e-05
2.557449006666541284e-04
-9.367968024121475779e-02
1.176925531780406573e-04
6.674888110374662341e-05
-3.687567914514929300e-05
-1.330710526213964848e-05
-2.108521195231908424e-02
-1.450585915923713966e-05
1.334717965617060576e-05
7.856492242631957408e-06
2.969911114705445899e-05
-4.353185632695268439e-03
1.836492692971388517e-05
6.868442337215524053e-07
4.143483332689630832e-06
2.376879970125100026e-05
-2.612192121611863101e-03
1.647144656100947596e-05
2.680898145774235944e-06
1.202146332492831546e-06
4.233626115550401730e-05
-3.677933423810705914e-04
2.586982564939183175e-05
6.483812923290178292e-06
-3.284193385721652456e-06
-4.885954253184203688e-05
-5.605456582155477884e-04
-2.701618362888916702e-05
-4.602863362416604139e-06
1.004606628935066255e-02
1.163897442096837058e-04
-2.491198498495060331e-05
9.890696212401408997e-05
2.377846322969292777e-05
-5.450812602428898001e-05
6.335151018848059201e-02
-2.519561896111210866e-03
-9.937973191503572505e-05
2.552633709457371994e-05
1.274052340840345766e-04
-1.595033740312724874e-05
4.277900374064008617e-05
-1.587247978473574003e-02
6.640840658540658054e-04
1.013923639447563384e-04
-5.171251799120045174e-05
-2.641938218267190054e-04
3.391486353043305826e-06
-4.586010416362992895e-05
4.159633676218900573e-03
-4.236561227129412191e-05
-2.134998300644388520e-05
9.879199107903685519e-06
4.187683144455515259e-06
2.390939115962168165e-03
4.316488387774179220e-06
-5.553462081091752565e-06
-1.025151281482611170e-04
-2.570003769794771409e-05
-3.325506373974797203e+00
4.610000444452824198e+00
1.492328607821246322e+00
3.789408968908360154e-02
-2.043283847195882963e+00
2.509234462717497838e+00
1.331905382086274070e+00
3.618111365733754248e+00
6.715218697625945034e-05
-6.827443608533808076e-04
1.383918420970549259e-04
1.119013591466992626e-04
-1.454256691824162753e-03
1.932195059314403319e-04
7.089751105429292831e-05
-3.216932453456412648e-03
5.117377043141016252e-05
-3.760146323681571554e-05
2.753121863753219423e-03
-2.943545887674311044e-05
-1.653406464996602562e-05
4.430352047900890967e-03
-3.326165648902929504e-05
-1.233608509747317121e-05
-2.816633054856767810e-03
8.455548767505715260e-06
-3.815615170616775466e-05
-6.465241163805081522e-03
1.388542015703410433e-06
-1.309870083094358468e-04
-2.684693654061552789e-04
-2.781843742519132454e-02
-3.139427172793256130e-04
-6.660395713316658668e-05
-6.559197463986961383e-05
-9.426870541616104405e-05
-5.162924485668622665e-03
-8.372126051948693094e-05
-2.182041713271815203e-05
2.422407440302964645e-05
1.083819196621583387e-05
-9.337122945764563670e-03
1.697705988223279896e-05
4.594142218746626749e-06
2.130577441918095658e-05
2.170302139666814434e-05
-1.222584351600293669e-02
3.187890632702937893e-05
4.629061863585171556e-06
-4.797624316912529064e-06
-1.058910363793950812e-06
3.884120325474536665e-03
-1.224728367916675052e-05
1.399550607324559931e-06
-2.537755524074170543e-06
3.016471898207396867e-05
1.897333398878157029e-03
7.776547106639745337e-07
9.913073079150590042e-06
-8.362905507683308926e-03
-4.039945205576589849e-05
5.195933089335435796e-06
7.457027983678627021e-07
-7.155058591837011421e-05
9.486623594334944544e-06
-5.277830645838527818e-02
4.798080973126961531e-03
1.782478208286423704e-05
-3.245142047101501884e-07
5.429981231171374643e-05
5.556007882625343676e-05
-1.416869352374329839e-06
3.030140333333395872e-02
-4.263362246177108787e-03
-7.722908349041320702e-06
1.593143199638558387e-06
-1.060342166463133784e-04
-6.716513529016547546e-05
-1.686893833059729237e-06
-2.693790572299360406e-02
-2.070126474533022577e-05
1.232114445831022771e-06
7.390015359864681615e-06
-6.079486469022447989e-06
1.759076913540709919e-03
1.270752581117591140e-05
-1.567887521929481228e-06
1.414110657754413020e-05
-5.302808825605475676e-06
-2.807487667389851893e+00
1.891710705711301843e+00
-3.524432463998351528e-01
1.605077316423701106e+00
1.362190781344476909e+00
9.458403435837942075e-01
4.257372720253053133e-01
1.670570304907839532e+00
-6.356901305091366267e-05
-2.180511819892573262e-04
-8.183985326157849926e-05
-1.455311990714496320e-04
-1.771645201048166040e-03
-2.092926468083902963e-04
-6.703002438987302217e-07
3.434728933083398047e-03
-2.731208614386006796e-06
9.178989114656412228e-06
-1.694087528316532820e-03
-1.030237597483180426e-05
6.082817837085854232e-06
-3.069217271988698009e-03
-1.398720427809490766e-05
2.492887226193053383e-05
6.356847901071744668e-03
2.360408666905416999e-06
-1.097734473240118374e-04
-7.001381715639014292e-05
-9.359558554811096831e-02
-2.268142987749083381e-04
-9.785266821529703027e-05
6.663499923106631771e-06
-1.704550358943854527e-05
-2.107326805249497975e-02
1.738791471516307175e-05
-3.186940209559529374e-05
-1.030251347672358404e-05
3.473298246864419195e-06
-4.347752355525166465e-03
-2.946696947649851607e-05
2.645602484011884544e-06
-1.130696809945756796e-05
7.161902691451672387e-06
-2.608885693073818412e-03
-2.476027594388315086e-05
-9.470062357378947193e-07
-1.770790053504448557e-05
4.188877522670272652e-06
-3.578149983743705072e-04
-4.179397469160379280e-05
-6.325476298325020979e-06
1.518692267447453677e-05
2.186988001121886743e-06
-5.754818242136636565e-04
4.635225757951966360e-05
3.781364854440134101e-06
1.004453524550763359e-02
1.050878581136998946e-05
9.375645082715868711e-05
7.632316275520709212e-05
-1.427451353873735156e-06
1.129243323740654499e-04
6.336173492209082325e-02
-2.516355855364010592e-03
6.827024227810083600e-07
-7.537584177837626791e-05
1.563864424165267838e-04
-4.191412810986189341e-06
-9.254979102647134645e-05
-1.589309924414386566e-02
6.594315602704475853e-04
4.871427559920619125e-06
8.126671689941410452e-05
-3.072295766669146415e-04
2.774003364322876212e-05
9.651600804556373597e-05
4.189397162294021190e-03
1.205733337326638042e-05
-1.932013756163626753e-05
3.231678006642200009e-06
4.989923836626165648e-06
2.395801619992731554e-03
-5.298870452656591313e-06
1.078664574206027519e-05
-1.163037954300226987e-04
4.159380951841124105e-05
-3.325508251914815361e+00
4.610023260694843472e+00
1.492328741348083021e+00
3.787999528364519031e-02
-2.043272976055245937e+00
2.509217073691407673e+00
1.331906065345457524e+00
3.618118801765330073e+00
1.229604208919848408e-04
-6.082814199825908180e-04
-1.489547855507030968e-04
1.656972052296478066e-04
-1.346935938668379412e-03
-2.181307984833945302e-04
3.014627617300862149e-05
-3.172438366270708288e-03
-8.117044162880555740e-05
-1.834758874683042087e-05
2.732990632467535621e-03
4.498439549164767932e-05
-2.939434661192312333e-05
4.413756943814917295e-03
3.607422302366835421e-05
1.303911105999192874e-05
-2.817204068436409119e-03
3.174458322173517730e-07
1.430459297936487920e-05
-6.479463565311821202e-03
2.078593632529080490e-05
1.020778811410478132e-04
-2.375242804074827402e-04
-2.804320267372104741e-02
4.089569839230418162e-04
-3.309418015530898405e-05
3.990860881115928041e-05
-5.560967541217645292e-05
-5.236804745262398086e-03
1.223279289170836712e-04
-2.614850927533111228e-05
-1.120641167694802000e-05
1.410354978604862193e-05
-9.328838718160448532e-03
-1.998270223839741937e-05
1.204658636199071342e-05
-1.047195752910613350e-05
2.602088597513566145e-05
-1.220054577264922599e-02
-3.829591655693656761e-05
1.025039428335850739e-05
2.146118775257207066e-08
-1.248071833950830990e-05
3.873620198433043362e-03
1.045497372318536504e-05
-4.515284924764509642e-06
-8.901912338041208074e-06
-9.483366752290914531e-06
1.903109260780365668e-03
-1.823822218907366567e-05
-1.015837095278644266e-05
-8.367739911501768935e-03
2.246438707332257262e-06
-7.665656714222613256e-05
-3.766486166263666559e-05
5.485709839612862027e-05
-3.511081784738314033e-05
-5.274485382173697140e-02
4.804097043590646945e-03
-3.643033215737896558e-06
5.829195476090443938e-05
7.845759308298234057e-05
-4.467063021572033939e-05
1.309929375466188943e-05
3.026179576843352620e-02
-4.271846902382867364e-03
3.767131865272007452e-06
-7.089473631839162369e-05
-1.337465952507338658e-04
5.325421433432561268e-05
-3.705636798912162594e-06
-2.688290754395043780e-02
2.932054502137251286e-06
2.527644727771364412e-06
-4.577779581578517543e-07
1.539322386162786689e-05
1.762131554037347364e-03
-6.577662982195975799e-06
6.329420986106860423e-06
6.237436026774017666e-06
1.471445991731547453e-05
-2.807486081534130484e+00
1.891704659024634250e+00
-3.524411143150109060e-01
1.605071592323881413e+00
1.362192882672072614e+00
9.458427999097531735e-01
4.257371318565788543e-01
1.670569981192041142e+00
-1.632555709014492989e-05
-2.163456729326680879e-04
-7.632902579807504149e-05
-3.481395383620434982e-05
-1.764458711202939855e-03
-1.979132058744315439e-04
4.840518157609101340e-08
3.433947488370853000e-03
-2.781109257553555464e-06
4.632793749659860704e-06
-1.688867842681526050e-03
-1.240811471835215317e-05
3.683577080328044481e-06
-3.062856776390998886e-03
-1.583266038165013104e-05
9.929504903755304433e-06
6.363128940567355785e-03
-1.467716487757425469e-06
-3.839076558705810805e-05
-4.379219264415035065e-06
-9.355214281658483233e-02
-2.290370913907974323e-04
-1.117277365747673483e-04
2.688111619714534598e-06
-8.526438060750160972e-06
-2.108310991943554771e-02
2.118754417092213506e-05
-3.420290092694966297e-05
-3.616507413478061705e-06
4.396709184965784471e-06
-4.337137118962648349e-03
-3.178702560903605645e-05
2.336484996500736854e-06
-4.041498550185952749e-06
5.368233560276371913e-06
-2.598509272941907939e-03
-2.738909384856691638e-05
-1.616738180415434217e-06
-6.327238957290680458e-06
5.939789777219149390e-06
-3.431526746553841814e-04
-4.495571801803588928e-05
-7.779122773599102280e-06
5.301182197859928880e-06
-3.891867837644333798e-06
-5.890060661151723560e-04
4.876470705526412592e-05
4.879524402554344777e-06
1.003576255003027322e-02
3.156115513635330611e-06
3.719335080177697155e-05
1.149574942142036907e-04
-1.665418205006467312e-05
1.228927447617736435e-04
6.342037820585279262e-02
-2.508816151372771173e-03
9.086709264281743812e-07
-2.941459080692703889e-05
1.323289697124903710e-04
7.824421578316352539e-06
-1.003269027601289410e-04
-1.594122115741470128e-02
6.507415927849988582e-04
1.113012730170025547e-06
2.934580670258529750e-05
-2.888004391832921908e-04
1.614836986521811575e-05
1.049535950757445496e-04
4.244056310763583660e-03
-2.781072704596430225e-06
-1.946762869369784543e-05
1.135964984267208232e-06
2.416998138901587506e-06
2.401243710398862519e-03
-6.328212675768957852e-06
1.173520301290315504e-05
-1.143467064590873890e-04
3.861854825920070901e-05
-3.325509285367143519e+00
4.610042222243492915e+00
1.492328313707583565e+00
3.786858161167315495e-02
-2.043262776210457154e+00
2.509202679726661334e+00
1.331907132341248801e+00
3.618125335637833118e+00
3.558043609414037427e-05
-5.306799954980018956e-04
-1.471354580866369077e-04
4.943781728369773035e-05
-1.240701157229303015e-03
-2.137308369485501258e-04
1.238740961336709160e-05
-3.141038705409383760e-03
-7.576374520881694959e-05
-7.122970052171489046e-06
2.718937303779317503e-03
4.219596046034085606e-05
-8.514562549615021478e-06
4.395433091913680465e-03
3.559278614545637119e-05
2.513405183614262577e-06
-2.811829273838954615e-03
-1.269599067655675489e-06
1.178248847439287650e-06
-6.479404474420124085e-03
1.679118120678616777e-05
2.170105679485832752e-05
-7.564940829174114873e-05
-2.823195023256028224e-02
3.925904977114959391e-04
-2.934123446970407831e-05
9.028867325606750049e-06
-1.958387866848302386e-05
-5.292894551951449200e-03
1.156454129604042027e-04
-2.342178894383267253e-05
-2.537150062900072395e-06
4.191341994959676129e-06
-9.320758035151272686e-03
-1.948185929805468374e-05
1.081134870160492096e-05
-2.396978869609634587e-06
7.833497599269456340e-06
-1.217722163198316221e-02
-3.721553104027148471e-05
9.196747171999736559e-06
2.340602635991219618e-07
-3.201489878052604230e-06
3.861629928639557716e-03
1.079065548983867917e-05
-4.081407445828422164e-06
-1.274690467951240752e-06
-5.957110183713442391e-07
1.898958954180010898e-03
-1.514410685244606138e-05
-9.229342128372975944e-06
-8.368060926241486369e-03
1.876252720733311736e-06
-1.883503014252006674e-05
-9.136698223576408427e-05
5.802704051999900967e-05
-3.172252446337404155e-05
-5.274154159544763160e-02
4.805712715646942058e-03
-1.217090218378933793e-06
1.457997894878172547e-05
1.153462531143639714e-04
-4.674938486460372374e-05
1.182903133883601275e-05
3.025093631544186618e-02
-4.275154042852015966e-03
8.570071366486417997e-07
-1.767055450913079364e-05
-1.786658135215190278e-04
5.588933876827966357e-05
-3.327597674615948752e-06
-2.686159438657742538e-02
-1.794357901203355026e-06
3.346473487574376983e-06
-3.376880106663869545e-07
3.519304644679623059e-06
1.770526033487043998e-03
-7.633184824076549795e-06
5.693930287150850733e-06
1.811276874535498352e-06
1.180985168566246719e-05
-2.807485957330253967e+00
1.891698839305732127e+00
-3.524406125299801573e-01
1.605068085992756854e+00
1.362193769485962713e+00
9.458437752783371844e-01
4.257370669745257352e-01
1.670570471806024138e+00
1.393938440111814115e-05
-1.991473302760300723e-04
-5.141117932472823653e-05
3.154123435567337836e-05
-1.723964594692489619e-03
-1.361648899752265773e-04
1.234985210270422109e-07
3.430712688963990283e-03
-2.123544694639677802e-06
-2.954087423596342138e-06
-1.686775489696630201e-03
-1.136355607594819657e-05
-2.490941413989781643e-06
-3.058503845052019856e-03
-1.367800924683791128e-05
-5.865180113890511513e-06
6.361763000426298199e-03
-4.846209013662820065e-06
5.446456430220187564e-05
8.456887876326000896e-06
-9.349863015315430792e-02
-1.729959201026360694e-04
-9.582783901314369918e-05
5.244188889930112847e-06
5.247263536389429756e-06
-2.108466135997205670e-02
1.957360697753860823e-05
-2.670129494357328844e-05
2.614953879744200225e-06
-2.203364356346159314e-06
-4.329220310233350237e-03
-2.601254784301950927e-05
1.145156827238082164e-06
3.543303084191111162e-06
-2.967005359593151964e-06
-2.591458255373642848e-03
-2.304440967537274576e-05
-2.026083951639660522e-06
6.565625256151322866e-06
-2.932922553131920594e-06
-3.313785800781730612e-04
-3.667764962624032142e-05
-7.320703429902896152e-06
-5.512275268200856292e-06
1.460300755910132355e-06
-6.018266264822228363e-04
3.876608685751026684e-05
4.899847285610665416e-06
1.003034234143926340e-02
-2.792096976141503756e-05
-2.482861789868986947e-05
1.292561845421857968e-04
-2.753719846781980593e-05
9.802657325595237777e-05
6.345736794329047414e-02
-2.503382897032199565e-03
2.031595485692337232e-05
1.964138337134177316e-05
1.284430889285702402e-04
1.775564860283281444e-05
-7.945038370399852632e-05
-1.597571957241277624e-02
6.441323497471534987e-04
-2.268131460602140520e-05
-2.014795714708542129e-05
-2.928951038399358296e-04
5.498033765087451180e-07
8.347083317290313205e-05
4.285402910992428850e-03
-7.384078569161086853e-06
-1.873597589103616974e-05
-3.354240389174890154e-06
-1.592821891314230717e-06
2.405981313929756935e-03
-5.763747744147408245e-06
9.490942304761582765e-06
-1.179302836432191730e-04
2.737627727215860573e-05
-3.325509874106939545e+00
4.610049710513300703e+00
1.492328329437610623e+00
3.786397199093130550e-02
-2.043259147674817200e+00
2.509196976677394719e+00
1.331907382590356459e+00
3.618127794204413661e+00
-7.477765898571688506e-05
-5.054567785593670889e-04
-1.125014171003865500e-04
-1.027368020897961794e-04
-1.204638779787206007e-03
-1.606524112487163209e-04
-2.365319737407007585e-05
-3.126734286358584351e-03
-5.090018985187073957e-05
1.395813783757368542e-05
2.712476430583454865e-03
2.870496011327815553e-05
1.797908897307227570e-05
4.389760179139913336e-03
2.715359306924697755e-05
-5.908350475171074469e-06
-2.811711315793613206e-03
-3.480822607994180084e-06
-3.887291792500273658e-06
-6.483445561715285403e-03
6.909783549535964161e-06
-3.398065135674951904e-05
1.638658494655326279e-04
-2.830577260320960714e-02
2.824847323646614838e-04
-5.785371564808641488e-06
-9.399440030279679163e-06
4.208875121233364517e-05
-5.316873504447250202e-03
8.024981189718688825e-05
-9.199175763748236096e-06
1.565450419217597381e-06
-9.128722735894651805e-06
-9.317977256106906372e-03
-1.449820785597289756e-05
4.949800750429985258e-06
1.653016910338605685e-06
-1.704723869725575578e-05
-1.216880068292505376e-02
-2.750556820382031380e-05
4.136224782652102500e-06
1.383021485467731004e-06
7.075910623288362607e-06
3.858017431926810334e-03
8.997192696717462945e-06
-2.403750788305571332e-06
6.914629603478140530e-06
1.739343422924395625e-06
1.900392571228967003e-03
-7.033208016349706997e-06
-6.416573368101239560e-06
-8.369443509933578718e-03
9.287106613092077292e-06
4.249267108247673099e-05
-1.051273414543855977e-04
5.045757075469676839e-05
-1.823467129386970636e-05
-5.273183044498806760e-02
4.807501228002073433e-03
-2.190853368300169731e-06
-3.263997143115782878e-05
1.241594387785997593e-04
-3.991190805933579811e-05
6.474624910437594758e-06
3.023912325498762446e-02
-4.277736648339918075e-03
-6.106081994950000371e-07
3.951610737342765308e-05
-1.889027947445837976e-04
4.795723885984139948e-05
-1.502317896898673700e-06
-2.684487561246474627e-02
-1.274936601329814048e-06
3.799145507414444098e-06
-1.683192714520825813e-06
-7.785353788728648769e-06
1.771806429850141494e-03
-7.706810400944246161e-06
3.315253042134230966e-06
-6.786803671145321896e-07
5.948596561823816424e-06
-2.807486838323471012e+00
1.891696977860589657e+00
-3.524414700663791589e-01
1.605068279454469060e+00
1.362193307578607904e+00
9.458431755395027007e-01
4.257370922492601517e-01
1.670571155381991080e+00
1.376370610681152020e-05
-1.834479050528581181e-04
-6.499566012116431824e-06
2.381580471037881202e-05
-1.689014252744372490e-03
-2.384575519151487937e-05
-5.038813250144314016e-07
3.428053439025404055e-03
-8.333327690322958814e-07
-1.043002626410950576e-05
-1.688026676407023731e-03
-8.435072434929004231e-06
-9.920376471984930559e-06
-3.058264806686695515e-03
-8.757795516287078595e-06
-1.570291851420413501e-05
6.356450072184573023e-03
-9.544316475560640924e-06
1.319984210169500413e-04
-3.829470084012114939e-05
-9.347382425213141000e-02
-6.567535037053378482e-05
-7.021853335548515452e-05
1.325249722286025094e-05
1.850553411494303564e-05
-2.107995668314289334e-02
1.482668224156877428e-05
-1.116572167854452927e-05
5.940479661879315002e-06
-1.370109153519871847e-05
-4.328197911688462345e-03
-1.402133079836115286e-05
-1.874989558356849337e-06
8.454207840523560326e-06
-1.445569301660295237e-05
-2.591127050738712204e-03
-1.363071942868499592e-05
-3.506355851415833934e-06
1.587443006719568993e-05
-1.891778450751227555e-05
-3.291420437687461015e-04
-1.956021535445315155e-05
-7.418802301796373390e-06
-1.298580013087931642e-05
1.624594370303097726e-05
-6.058006172796680071e-04
1.871706328242841774e-05
5.848289709319138532e-06
1.003047505215741778e-02
-7.003728649273234974e-05
-6.573507924408757629e-05
1.189017724625925131e-04
-4.155029638625078815e-05
4.851464385290212895e-05
6.345635050470556371e-02
-2.502865341571865361e-03
5.106339703380888793e-05
5.080153454232180717e-05
1.398638899446826163e-04
3.120134803660427832e-05
-3.729669786643671363e-05
-1.597901612462672080e-02
6.432146590669206385e-04
-5.698465906213540078e-05
-4.588185151388568479e-05
-3.085779484264451105e-04
-2.380325251337806852e-05
4.035946228831144300e-05
4.291257966569456996e-03
1.025085265310426516e-06
-1.800632273846162362e-05
-8.392183031783550211e-06
-5.460277692087320647e-06
2.407204592594259715e-03
-4.307217831001844009e-06
5.291642735667349297e-06
-1.227061406704771525e-04
8.990910837480044909e-06
-3.325509552455085061e+00
4.610042342952895389e+00
1.492328576679171848e+00
3.786836126989977236e-02
-2.043263286858978844e+00
2.509202560968077922e+00
1.331906892648317964e+00
3.618125202020292086e+00
-1.616482953048320416e-04
-5.379896163052227866e-04
-6.698374371908316367e-05
-2.265404596191254293e-04
-1.248500771291021112e-03
-9.009711355361093308e-05
-6.225182421355730583e-05
-3.138091671103662630e-03
-1.618621021709772413e-05
3.574237079019930294e-05
2.717534389201200096e-03
9.945284920001341516e-06
3.892830662806199556e-05
4.397566447654397380e-03
1.604713415691803790e-05
-8.873697421979818192e-06
-2.814682356820673043e-03
-7.109567946154606445e-06
7.844289678651594543e-07
-6.485258970454653091e-03
-7.782579703859876077e-06
-4.549679173363342638e-05
3.788136817786288664e-04
-2.823210972526593587e-02
1.325152936130312550e-04
4.238347055915718184e-05
-9.422608532495445064e-06
1.027354166994256005e-04
-5.295872552955887755e-03
3.130033955076502288e-05
1.666847178127426479e-05
-3.818488648954245780e-08
-2.022835122987900946e-05
-9.321298442009863169e-03
-7.823524370931317625e-06
-4.987051634451094771e-06
4.954770379740271004e-07
-3.807370777493841577e-05
-1.217821274779619031e-02
-1.445196840729180892e-05
-4.555569736561696734e-06
2.922546809713927483e-06
1.408580380673238993e-05
3.863169247009438576e-03
6.854421038464236150e-06
-3.077950490680262517e-08
1.237774507368106998e-05
-3.100760541046925556e-06
1.903353267316141217e-03
4.953309852435835113e-06
-3.740665957627148802e-06
-8.369879213559057798e-03
2.077103494650433716e-05
8.194234474623163906e-05
-8.097506838536611216e-05
4.222060466408965784e-05
1.157358097930038008e-06
-5.272942402524769673e-02
4.807384718233836604e-03
-5.858016337500131387e-06
-6.378961737334204647e-05
1.072882037584999069e-04
-3.208470707801868056e-05
-1.644298487671272543e-06
3.024002073166007221e-02
-4.277018566913514883e-03
-1.748138240083765897e-07
7.697679702209806276e-05
-1.681448145509964313e-04
3.899078431634706216e-05
1.649461721786340916e-06
-2.684948511080643974e-02
4.318451827818912390e-06
3.500242510593346799e-06
-3.771724725312988456e-06
-1.397353177205895325e-05
1.767654198000129327e-03
-8.392207490356878432e-06
-1.585203122217634292e-07
7.106015095878024230e-07
-1.947353382912352598e-06
-2.807487715276731244e+00
1.891701191529787218e+00
-3.524427032804282045e-01
1.605071943046185057e+00
1.362192027326697641e+00
9.458416890491752049e-01
4.257371785408357034e-01
1.670571251040496419e+00
-1.084331971141219169e-05
-1.871501932573364259e-04
4.865052300072857783e-05
-4.015668247792776141e-05
-1.699440769742284214e-03
1.136814288094390048e-04
-1.415571478097388596e-06
3.428992715882026032e-03
7.198564090584230772e-07
-1.453340880366745467e-05
-1.691191061095159839e-03
-5.249538525269444759e-06
-1.509894833487178386e-05
-3.062415040725509092e-03
-3.124795334231479643e-06
-1.641701975754488623e-05
6.353277353670596338e-03
-1.585022090391760392e-05
1.638880999536506083e-04
-1.125896123905696666e-04
-9.350602917698684624e-02
6.351857229580633671e-05
-5.319920937237619717e-05
2.166060666028535417e-05
2.553561335821412178e-05
-2.107437668746455633e-02
9.728212292869914271e-06
7.095861590932548452e-06
5.672546406398096481e-06
-2.410442618623114078e-05
-4.335225023474800071e-03
6.986545521079484938e-08
-6.415926084990769378e-06
9.243084359267102711e-06
-2.344783142717026968e-05
-2.597882029003305976e-03
-2.705265180153598059e-06
-6.408651722794890594e-06
1.844526090851430008e-05
-3.362396496809432161e-05
-3.389820375010159522e-04
5.764724031894383443e-07
-9.449499014236837117e-06
-1.470328451655529241e-05
3.215083029826941083e-05
-5.964024558507382331e-04
-5.086131034472865482e-06
8.580400540014745882e-06
1.003608530137895839e-02
-1.015858889410836365e-04
-7.174039668938426355e-05
9.566873393018239524e-05
-6.104769682510872324e-05
-6.410157361889643645e-06
6.341867999850378523e-02
-2.507854609266193385e-03
7.640577257109365820e-05
5.381112150155448095e-05
1.535355687409449912e-04
4.941304975157812451e-05
1.040012956581596394e-05
-1.594740139824602637e-02
6.490161720327345014e-04
-8.369214257616094455e-05
-4.110482820155246200e-05
-3.179184642601540710e-04
-5.509504978099897111e-05
-7.796407635856841874e-06
4.254998531059262824e-03
1.700924865132966873e-05
-1.814592989154284594e-05
-1.149440344370160534e-05
-7.563007758464384785e-06
2.403488240478518240e-03
-2.781593835558992991e-06
7.594106966082633911e-07
-1.231810562261289352e-04
-1.238078773925466194e-05
-3.325508252110539242e+00
4.610023261462053767e+00
1.492328741521089075e+00
3.787999467800784448e-02
-2.043272975992747043e+00
2.509217072951869021e+00
1.331906065207030698e+00
3.618118801953935648e+00
-1.894547257907722149e-04
-6.082825594412285056e-04
-3.045776088362715472e-05
-2.700290600160105796e-04
-1.346935459968618375e-03
-3.181373627758256491e-05
-8.443073116520229333e-05
-3.172433470075415336e-03
1.590229329913398084e-05
4.769834308563870504e-05
2.732988354371165655e-03
-7.258665579361668911e-06
4.572368791344725745e-05
4.413757610628732397e-03
7.094900967088504194e-06
-6.304039567489095643e-06
-2.817206312080607501e-03
-1.154010109169487162e-05
1.059509252915574046e-05
-6.479468947471001342e-03
-2.316294612819135937e-05
-2.091511642051764781e-05
4.729289009372849629e-04
-2.804321648690144900e-02
1.310503322000295160e-06
1.015939876782894977e-04
3.244122169454228030e-06
1.337403727684436934e-04
-5.236811194895857335e-03
-1.298154590406631569e-05
4.636081527741781793e-05
-4.772324539360687171e-06
-2.435647661306873275e-05
-9.328838413711746172e-03
-2.225195464303599005e-06
-1.584678895668397043e-05
-3.662692030857027713e-06
-4.617439407206375373e-05
-1.220054512800474757e-02
-3.392306920826130945e-06
-1.413698340177238621e-05
3.945866029723446714e-06
1.529557756977103713e-05
3.873620807997051139e-03
5.583697611275539309e-06
2.171212542180293962e-06
1.320155454703018436e-05
-1.104785690234185516e-05
1.903113032674025274e-03
1.733255768679155219e-05
-2.522435585963137870e-06
-8.367741691127814421e-03
2.928333123559901532e-05
8.605435311108977918e-05
-3.765909222169555766e-05
3.929802059823193038e-05
1.949071084188327860e-05
-5.274484217140814474e-02
4.804098669333596930e-03
-9.522289116130234902e-06
-6.794824390511990401e-05
7.845277235777800822e-05
-2.832992590461349788e-05
-9.700138361409533887e-06
3.026178566444765600e-02
-4.271848702108650697e-03
1.326587052770531654e-06
8.168656463563187344e-05
-1.337401398059214820e-04
3.495811073469439688e-05
5.109878535308776272e-06
-2.688289663887281564e-02
1.135290009417010528e-05
2.527772264401782392e-06
-5.266539472042375714e-06
-1.339609179545612591e-05
1.762129394573928301e-03
-1.004618069427565174e-05
-3.527655194155222184e-06
6.236579203773545830e-06
-9.808348463734826395e-06
-2.807487668466254860e+00
1.891710704018207734e+00
-3.524432474461641207e-01
1.605077317140017001e+00
1.362190780605755158e+00
9.458403425810553156e-01
4.257372720792737542e-01
1.670570305826619695e+00
-3.839703670442288575e-05
-2.180304698797406917e-04
9.701339763778211805e-05
-1.063952147799882421e-04
-1.771599263291353133e-03
2.338334206712339538e-04
-1.974555388702056978e-06
3.434725580491188122e-03
2.030720534294939036e-06
-1.359091274106831588e-05
-1.694089642933628397e-03
-2.921448780883663753e-06
-1.539619188479158095e-05
-3.069217552245200910e-03
1.351343878472429464e-06
-9.918797952508633114e-06
6.356840217752582345e-03
-2.199333636607508352e-05
1.418849491920389048e-04
-1.613864582353329415e-04
-9.359555678298117631e-02
1.740312470617573655e-04
-5.119901770571606630e-05
2.426291952067580768e-05
2.358254778587546950e-05
-2.107326109224285163e-02
6.071884911383159853e-06
2.170533745477444399e-05
3.167514579160618841e-06
-2.725238968460324629e-05
-4.347752124326306929e-03
1.172446775814692493e-05
-1.093112726814537760e-05
6.672396996060767375e-06
-2.502267202290735237e-05
-2.608886305278338563e-03
6.175031778080832391e-06
-9.761432746905987533e-06
1.460017179396631980e-05
-3.828645529200648079e-05
-3.578134886827268914e-04
1.726433138241865000e-05
-1.277083365738771852e-05
-1.128868444725274450e-05
3.904599230095312702e-05
-5.754858250114331221e-04
-2.506345687109028331e-05
1.220158715985612320e-05
1.004453528605434194e-02
-1.030485664537127458e-04
-4.818924901708944203e-05
7.630549765288963636e-05
-8.058438564268621427e-05
-4.733434372611639474e-05
6.336173318182183878e-02
-2.516355096656852294e-03
7.980060874896157340e-05
3.404102792379938271e-05
1.564040020536744391e-04
6.733574951058997706e-05
4.685771672030197908e-05
-1.589310445316264100e-02
6.594302405379256441e-04
-8.600968597122940029e-05
-1.658560780482157368e-05
-3.072523185067803494e-04
-8.419457035598554523e-05
-4.403782815422072224e-05
4.189406516564071585e-03
3.008786403790953746e-05
-1.931898382394576258e-05
-1.101698584574052950e-05
-7.084121665808187798e-06
2.395802495855484972e-03
-1.672835315670115493e-06
-2.458645073172879402e-06
-1.163115926907274614e-04
-3.112367430121946169e-05
-3.325506373956462980e+00
4.610000438485244878e+00
1.492328607853111277e+00
3.789409297974812713e-02
-2.043283850622221287e+00
2.509234467204127572e+00
1.331905381703940350e+00
3.618111363703303773e+00
-1.515234059605416646e-04
-6.827697658540355253e-04
-1.116307200076323256e-05
-2.200846970688448683e-04
-1.454291791599926801e-03
1.018512191024545678e-07
-7.804317512923698375e-05
-3.216941501564032566e-03
3.571776228688325062e-05
4.349627046045170125e-05
2.753126719092634667e-03
-1.780167315846277010e-05
3.667278711430030987e-05
4.430358075521314588e-03
2.338585594434736679e-06
-1.259729001569349336e-06
-2.816635084046656846e-03
-1.490886971812687637e-05
1.741599087203225726e-05
-6.465241593977252843e-03
-3.371893717730179156e-05
1.144524547181794118e-05
4.060777723713211110e-04
-2.781837839509753579e-02
-7.548808654803243262e-05
1.463871645402420741e-04
1.527506137831109991e-05
1.196251423962593963e-04
-5.162906156273246172e-03
-3.976959037299849234e-05
6.758035276074777749e-05
-7.999860545980685191e-06
-2.011746928579409376e-05
-9.337125305431985198e-03
8.948661934368367808e-07
-2.329310760310186626e-05
-6.702391126046467996e-06
-3.845232624579322231e-05
-1.222585093421815761e-02
2.850906197632713731e-06
-2.076286486961838172e-05
3.724121943858047055e-06
1.113476240127701533e-05
3.884124212744321375e-03
5.209232434165184714e-06
3.443237687430084725e-06
9.735248364261801877e-06
-1.575047282972931890e-05
1.897335015436677538e-03
2.573739834614773185e-05
-2.748702844813823945e-06
-8.362905885752832530e-03
2.841727190358232758e-05
5.974870386090585709e-05
7.633541835168041259e-07
4.027134176068626018e-05
3.024434160409724022e-05
-5.277830325408724294e-02
4.798080982851873379e-03
-1.014055230092526928e-05
-4.815375520262536144e-05
5.428729226092520875e-05
-2.806280355574318198e-05
-1.472933173045136380e-05
3.030140284830399114e-02
-4.263361849245286307e-03
2.405018231088603472e-06
5.757273267157462528e-05
-1.060190366783554238e-04
3.496648781336609386e-05
7.532364201024680135e-06
-2.693790817653587272e-02
1.505647220665199593e-05
1.231896486909164268e-06
-5.087593333768973420e-06
-7.966828904130235053e-06
1.759074031105199156e-03
-1.162209847692407234e-05
-5.612560823300557075e-06
1.414215632293716366e-05
-1.530420022579686087e-05
-2.807486444975764606e+00
1.891722076264971575e+00
-3.524426073715894447e-01
1.605082073757551075e+00
1.362190236932450116e+00
9.458398904900303661e-01
4.257373252527436591e-01
1.670568506780166995e+00
-4.457250738297219777e-05
-2.679000105427379675e-04
1.216632034478246988e-04
-1.163353518802955349e-04
-1.885813246922198906e-03
2.952289570583878624e-04
-1.674960799817362281e-06
3.443685796784624539e-03
2.711137678491707560e-06
-8.366588086612453793e-06
-1.695103899803641857e-03
-1.554692956068725484e-06
-1.049151744259771622e-05
-3.075865999636801396e-03
3.818810602584616947e-06
-1.822613240055561007e-06
6.367293392549364973e-03
-2.491678208878777480e-05
8.293838989761186142e-05
-1.411554562606065662e-04
-9.371228786345722761e-02
2.314022189302119496e-04
-5.580377191039897713e-05
1.736270432796565137e-05
1.424110663793703120e-05
-2.107854196837528199e-02
3.908249502809611363e-06
2.810278264429326211e-05
8.988369601428038299e-07
-2.025830972630357957e-05
-4.360805829336992893e-03
1.792818273980407811e-05
-1.332304828258922638e-05
3.134887305171734501e-06
-1.768088203309658540e-05
-2.619597750431496876e-03
1.097293079213605753e-05
-1.171539996968396882e-05
7.722696027019785705e-06
-2.863759276537565737e-05
-3.783795912676928778e-04
2.614790081641038956e-05
-1.502555617574954340e-05
-5.819797807211885232e-06
3.070406297662072695e-05
-5.506530895232775863e-04
-3.558373014567593642e-05
1.446387178112949412e-05
1.005230785495160248e-02
-6.868763139839526629e-05
-1.536513120449976868e-05
7.205414164934925789e-05
-8.957519274500215089e-05
-6.395124441923825140e-05
6.330991240962188793e-02
-2.524969493153394161e-03
5.440707274664704720e-05
8.641514313815661297e-06
1.436964363700469365e-04
7.581969293196319255e-05
6.200179509972889979e-05
-1.583802747609833195e-02
6.703238697607704711e-04
-5.795012838657022050e-05
6.272869827489229748e-06
-2.761543230733853448e-04
-9.853638437042624109e-05
-5.879087406952791551e-05
4.120350445872764111e-03
3.042587687577784095e-05
-2.128303393209937818e-05
-7.028316059177000270e-06
-4.385128222083925555e-06
2.386947020153426611e-03
-9.509251226703333438e-07
-3.735232245614914805e-06
-1.035561295422210350e-04
-4.188002047882083385e-05
-3.325504606663745477e+00
4.609982568268483405e+00
1.492328198988767785e+00
3.790530044902080953e-02
-2.043291708617997582e+00
2.509248119880597816e+00
1.331905127974259972e+00
3.618105739040033075e+00
-7.268694349894779460e-05
-7.322701115821354930e-04
-3.403059012892734660e-06
-1.082808122237749319e-04
-1.528789473370317353e-03
1.164291929815050194e-05
-4.441960236148178247e-05
-3.254921902483579217e-03
4.039091600268831682e-05
2.444276380184014940e-05
2.770405497900211168e-03
-2.036984506831852228e-05
1.767563367374807946e-05
4.440814017772166077e-03
4.551318795579260571e-07
1.938058405186623291e-06
-2.812891279247188396e-03
-1.508428052583296724e-05
1.437524126810676280e-05
-6.447397738824465693e-03
-3.517754490080492327e-05
1.927499991337483929e-05
2.146188390137842813e-04
-2.764340213210067509e-02
-9.791762923077797383e-05
1.517666398657199355e-04
1.357342484533494960e-05
6.626533295279440753e-05
-5.102063839514198174e-03
-4.662128604461243458e-05
6.968192957733910738e-05
-5.809303450769946207e-06
-1.013251704988570708e-05
-9.342938113417222079e-03
1.956464133919151921e-06
-2.390863823779976066e-05
-5.021154552100666247e-06
-1.957081976712418531e-05
-1.224436773273762137e-02
4.900960551017425063e-06
-2.133346458337394549e-05
2.097170499944880329e-06
4.620583471151841811e-06
3.890512084210834103e-03
4.706806215641754274e-06
3.456672937586566354e-06
4.338554332617824342e-06
-1.228592242499422483e-05
1.887772377275559552e-03
2.696209946750297709e-05
-3.182282918461956611e-06
-8.357029925349682489e-03
1.614871205692393398e-05
2.272498545911724713e-05
1.853281858945130109e-05
3.785402286868446526e-05
3.041676460447080360e-05
-5.281831702904363907e-02
4.791443164100314331e-03
-6.126058670264173368e-06
-1.907590689415287292e-05
4.485229716748127945e-05
-2.600945882830825467e-05
-1.493354443287243596e-05
3.034488145008730833e-02
-4.254589507851500030e-03
1.823477831293116745e-06
2.256293395946659704e-05
-9.664304391896903681e-05
3.251063466482159107e-05
7.722364264331976698e-06
-2.699477194601552360e-02
1.201635056163625851e-05
8.997924338202917966e-08
-2.881256835954060709e-06
-1.978383223487303351e-06
1.759968672873407592e-03
-1.132477320307592705e-05
-5.733992813640140646e-06
2.156408205515389291e-05
-1.677091053079712629e-05
-2.807484656494473096e+00
1.891730838246509450e+00
-3.524411795120794277e-01
1.605084529783835645e+00
1.362190504315469841e+00
9.458403811994163801e-01
4.257373237552772860e-01
1.670566635561095303e+00
-1.680716808539851540e-05
-3.157144279224374816e-04
1.138269678795027315e-04
-4.207490599580594926e-05
-1.994072405742329003e-03
2.772386199681734420e-04
-4.762510681403002106e-07
3.452108834978689662e-03
2.619304450396852199e-06
-1.608469272698099206e-06
-1.694111885133401567e-03
-4.086207766384775254e-07
-2.535596224521404876e-06
-3.079918868732781090e-03
4.608686734019942512e-06
1.791359004057544938e-06
6.379840911002103085e-03
-2.192634891360373492e-05
1.977570838334431958e-05
-4.413471897354590890e-05
-9.380921711256150208e-02
2.229195963225444831e-04
-5.005167648407983917e-05
2.041405873154462888e-06
2.542600614258728670e-06
-2.108740973119856144e-02
1.806206911069918272e-06
2.549817326538532120e-05
9.994662312895102781e-07
-5.261146834792523592e-06
-4.369465732737673816e-03
1.837321174586226710e-05
-1.205349043843735543e-05
1.249972329443066623e-06
-4.265938940520584234e-06
-2.626076290845001920e-03
1.187194621288366895e-05
-1.058223115335882170e-05
2.303407241898027455e-06
-7.497312091925394625e-06
-3.928097629088874712e-04
2.669210951903740848e-05
-1.354977263851330569e-05
-2.064817892532617930e-06
8.567487529366647211e-06
-5.316523225062815255e-04
-3.534109607087626304e-05
1.306187905810166289e-05
1.005658224348637310e-02
-1.005907996200510921e-05
3.189420066513695898e-06
8.250451389371215184e-05
-7.803639476401543179e-05
-5.821485520030776167e-05
6.328169684661270888e-02
-2.530466238800132325e-03
7.508790831764408579e-06
-3.644254117486723227e-06
1.221989438612005262e-04
6.663219702521547348e-05
5.634253888108963686e-05
-1.580271111461512695e-02
6.775972379848990918e-04
-8.306118913181064595e-06
8.198364219988507829e-06
-2.388897808094250330e-04
-8.866950743525237380e-05
-5.345950573330123613e-05
4.073922356573541313e-03
1.469342797995239936e-05
-2.324159386307123360e-05
-1.217584195233167364e-06
-7.977767307410598982e-07
2.380298733782620912e-03
-2.632606913548969662e-07
-3.501991563504609382e-06
-9.037980521617856151e-05
-4.215833983358226655e-05
-3.325503599984725334e+00
4.609974796709035871e+00
1.492327776705359099e+00
3.791030931188376502e-02
-2.043294598249929539e+00
2.509254082880838954e+00
1.331905243647245385e+00
3.618103453486611443e+00
4.721855276210539807e-06
-7.466602182338362859e-04
6.566922195070978726e-06
6.758669938573484699e-06
-1.553436038107899268e-03
2.167641686829691839e-05
1.984436169781005697e-06
-3.273945982621993215e-03
3.417567945862218237e-05
-1.062220079129006149e-06
2.779122915291763578e-03
-1.747321053090769970e-05
-1.102785390057932391e-06
4.443305124721742307e-03
-1.853049482969725260e-06
2.763016742881459875e-07
-2.808615596462001734e-03
-1.093650457413224227e-05
4.042583498885698826e-08
-6.434263685016237272e-03
-2.671740619207537895e-05
-1.337292799195295855e-05
-7.803106312860056833e-06
-2.756816083107140394e-02
-9.501493075630911109e-05
1.078727687243103762e-04
-6.531173752649870685e-06
-1.947262085067907029e-06
-5.073205305043283937e-03
-4.092431723905296925e-05
4.953433885402618172e-05
2.582546708810724744e-06
4.450205233344986464e-07
-9.344923084290102447e-03
2.599687430958935954e-06
-1.704893835486171155e-05
2.213197276532485685e-06
8.281781838963199100e-07
-1.225137933452706204e-02
5.810651049268976055e-06
-1.519831464868089550e-05
-3.795954624026755328e-07
-3.619220748091760871e-07
3.891814783252164466e-03
2.782079646383366345e-06
2.452247715182724040e-06
5.931998933237269533e-09
-1.590285771017366657e-07
1.879565040172697776e-03
2.057016553940383443e-05
-2.264170671701212708e-06
-8.352790461186428150e-03
-3.665827157033221328e-06
-1.983830087300740684e-06
1.639501336663911615e-05
2.418590598241659691e-05
2.167797777376983051e-05
-5.284679865704174084e-02
4.787031260171003416e-03
1.700833736256406049e-06
1.561412083529243221e-06
4.836738599613360848e-05
-1.619070828625448219e-05
-1.061564352520755428e-05
3.037381695666914808e-02
-4.249089513837732944e-03
-8.034419358110221667e-07
-1.924818043225133411e-06
-1.024839347510167985e-04
2.037708118746126592e-05
5.453693589218062190e-06
-2.703061222506941003e-02
2.348987208280222695e-06
-4.996421320140900728e-07
6.845581968320538619e-07
4.066068487166432502e-07
1.763001651173031446e-03
-7.752991513370677875e-06
-4.089658938629306424e-06
2.575564837981643705e-05
-1.398552945817027151e-05
-2.807483467022992674e+00
1.891733676575123591e+00
-3.524400423480389399e-01
1.605084454121978643e+00
1.362191084856265944e+00
9.458411442240053368e-01
4.257372928268778889e-01
1.670565680522347440e+00
3.787655286290631543e-05
-3.379739945907593991e-04
7.712634717429258963e-05
9.612800385742919932e-05
-2.043756686921399408e-03
1.896195857075997997e-04
1.196235884723703489e-06
3.455909402734784822e-03
1.918573800923049893e-06
3.452865369973043561e-06
-1.692518009854018486e-03
1.460581241819585131e-06
4.945415465753536388e-06
-3.080464946824516565e-03
4.817684159675598856e-06
-1.985645841375138449e-06
6.387126412494297314e-03
-1.245294892182925513e-05
-1.763888341297853500e-05
9.577905842360362075e-05
-9.384570847961162809e-02
1.617034906260302746e-04
-2.048548790395930764e-05
-1.605162984195289080e-05
-5.872859497092388487e-06
-2.109372871270116107e-02
-1.881777249953869510e-06
1.694424338106984723e-05
3.944171776645528438e-06
1.162507276847224563e-05
-4.371270881266283923e-03
1.511828709256393498e-05
-7.078448869640546636e-06
2.313928805247692102e-06
9.498657991244202961e-06
-2.626900712396537749e-03
1.072093151642015767e-05
-5.898406453577646551e-06
1.324293768132504347e-06
1.654690206875443129e-05
-3.964713338361877714e-04
2.179611496299665481e-05
-7.119824284338206280e-06
-2.229458338351774331e-06
-1.878241119174090182e-05
-5.255816238942254614e-04
-2.736164479269270668e-05
7.140604451028587390e-06
1.005664168218215436e-02
4.955480139001909682e-05
-5.548908894895032405e-06
9.578507058043324047e-05
-4.318797582542205913e-05
-4.208297915754503075e-05
6.328116445527759426e-02
-2.531432456554079391e-03
-4.263753049070251886e-05
6.618183903769858251e-06
1.068426929343808864e-04
3.780736784820724287e-05
3.933533832522649929e-05
-1.579640586847920816e-02
6.791771798627442656e-04
4.331369605629101184e-05
-1.651469548989787915e-05
-2.172886762052252748e-04
-5.399843240382295973e-05
-3.809234552309743885e-05
4.063754622450324941e-03
-1.192384785359507699e-05
-2.419270758728228658e-05
4.084965545325059603e-06
1.933594038855757150e-06
2.378363517253455003e-03
7.745726196837352169e-07
-2.817109286344741254e-06
-8.376640066479299363e-05
-3.319757523781430558e-05
-3.325503656108897310e+00
4.609976552802575789e+00
1.492327697354730809e+00
3.790927478473735124e-02
-2.043293566759704305e+00
2.509252753710575323e+00
1.331905379648524956e+00
3.618104085062374686e+00
4.423686030842158984e-05
-7.383071853151875700e-04
2.979831011599847498e-05
7.160067934043734387e-05
-1.542340178300486905e-03
4.713599720475274829e-05
4.124181565560696702e-05
-3.271473263678515223e-03
2.502482084207158667e-05
-2.198233365026729341e-05
2.778026765345139107e-03
-1.341983618000347303e-05
-1.083266212689395487e-05
4.441269860761333163e-03
-7.277552871140924504e-06
-6.151378808519057853e-06
-2.807681170628188033e-03
-3.169003282714383679e-06
-2.046298978915026673e-05
-6.433372644293519280e-03
-1.148424540103287413e-05
-7.671998051568886012e-05
-1.614331896354801138e-04
-2.758583882379575872e-02
-1.022195577650618711e-04
2.652734334751652738e-05
-3.824402629023280315e-05
-5.515840969718842270e-05
-5.078006606448646869e-03
-3.409321700445293416e-05
1.365787556159382166e-05
1.417875265128137415e-05
6.758678106118909205e-06
-9.344084200143303737e-03
4.415346554579735602e-06
-5.279314439633609416e-06
1.244395677743106354e-05
1.341532441728458197e-05
-1.224904514797378434e-02
8.699217857248062440e-06
-4.586518716222503451e-06
-2.719529931790254014e-06
-1.261973042687083892e-06
3.890459241028799975e-03
-1.145575705477928761e-06
1.065351885475302641e-06
-1.251593770598651405e-06
1.618198317741990271e-05
1.878514350028548646e-03
9.160489363703863480e-06
8.185786670905831828e-07
-8.352552535508555101e-03
-2.317379174675841241e-05
-1.120389811413692471e-06
9.802225337898296063e-06
-3.171676998825323756e-06
9.163745162227669919e-06
-5.284832613998222128e-02
4.786930775647500226e-03
1.028383582957051307e-05
2.905844391299489647e-06
5.302531931078533368e-05
3.620643491664349975e-06
-3.979940457127423731e-06
3.037444201926427223e-02
-4.249113303775944178e-03
-4.489969671774560796e-06
-2.912789876897327645e-06
-1.082587863442581195e-04
-4.030716864402895017e-06
1.661014914156132266e-06
-2.703043622070344654e-02
-1.031470258531350898e-05
-4.598006217922521012e-07
4.229045980302728738e-06
-2.477206190915144119e-06
1.764217219325017565e-03
-9.277714677558765088e-07
-1.648019333650757704e-06
2.549523468336132900e-05
-8.300634500277905567e-06
-2.807483949862162653e+00
1.891729998574661398e+00
-3.524403456541043700e-01
1.605083040051967114e+00
1.362191189992741025e+00
9.458412039721310061e-01
4.257372800899381082e-01
1.670566312439394130e+00
9.567191253160549499e-05
-3.208844702547372901e-04
2.597625004275794927e-05
2.383176584421365502e-04
-2.004752172462168081e-03
6.786328922099360084e-05
2.647658264979140741e-06
3.452847834765644837e-03
9.852005150418338683e-07
4.827538384535478403e-06
-1.692373633317996191e-03
4.434710158091117744e-06
8.905364618998189028e-06
-3.078424292868323954e-03
5.475404355557880399e-06
-1.121658762565582606e-05
6.383275777689224537e-03
1.242401307628754606e-06
-1.714706925871115593e-05
2.189811097912115322e-04
-9.380724170948512297e-02
7.863556777998519998e-05
3.322723685991838287e-05
-2.954971184171638853e-05
-7.723787778551234628e-06
-2.109152349268420684e-02
-7.667164974386857991e-06
7.372087010530045477e-06
8.292396618018072103e-06
2.337706029350000020e-05
-4.367193039316007164e-03
1.113729517467309530e-05
4.963204149743957391e-08
5.611010062407768029e-06
1.794103686466047367e-05
-2.623617137167814830e-03
9.675578701019997476e-06
1.156868036959259285e-06
4.725955508168721458e-06
3.347015726714036040e-05
-3.899634292512706027e-04
1.575225173588485792e-05
3.071476762081262149e-06
-5.868229327575438787e-06
-3.985599232504324620e-05
-5.335984565544740592e-04
-1.695890310980203232e-05
-2.039287273469347732e-06
1.005430867325200241e-02
8.676890423091229406e-05
-3.672033755250188103e-05
9.577691349998875957e-05
7.402874156903036803e-06
-2.934672441177715643e-05
6.329677300700418952e-02
-2.528791983177427344e-03
-7.601859657531383760e-05
3.404724907718846138e-05
1.121874555495157278e-04
-3.953509959809297365e-06
2.324420142337957910e-05
-1.581349765814248770e-02
6.757971148344686565e-04
7.639901643024908651e-05
-5.629124016156037091e-05
-2.287649474962045494e-04
-4.337643228202220102e-06
-2.482866743476599752e-05
4.085397581488440892e-03
-3.779479726055334294e-05
-2.358652866203826665e-05
6.903499771125862499e-06
2.623204440871500920e-06
2.381251337865436177e-03
2.349004412844757176e-06
-2.912113930132867240e-06
-8.827087327624728841e-05
-1.926130497668396638e-05
-3.325504607036072535e+00
4.609982570565117399e+00
1.492328198772335357e+00
3.790529880617221625e-02
-2.043291707473982477e+00
2.509248118145218864e+00
1.331905128111840364e+00
3.618105739894853290e+00
3.445201079060174426e-05
-7.322590002653231065e-04
6.625063966482082453e-05
6.599143587182184300e-05
-1.528774521947138610e-03
9.064312989879912076e-05
5.813278257234106802e-05
-3.254918785388009710e-03
1.972546350832180353e-05
-3.029863741213210970e-05
2.770403845072021750e-03
-1.165466320402504033e-05
-8.665774809532069352e-06
4.440811314183543135e-03
-1.587143304628659530e-05
-1.408753322636485631e-05
-2.812890018646185906e-03
5.774066412832474187e-06
-3.790013257422652593e-05
-6.447396607829924617e-03
4.749827817598058874e-06
-1.395634641322609636e-04
-1.921614441910990693e-04
-2.764342679922977136e-02
-1.369577292124619494e-04
-6.250932285268952292e-05
-6.656263090498880570e-05
-7.352207400719784972e-05
-5.102070129187645173e-03
-3.409573991873007093e-05
-2.434379083115067451e-05
2.366249908344595203e-05
6.764852801781192665e-06
-9.342936812802161983e-03
7.800898138577285089e-06
6.798338128075235179e-06
2.095986353894734318e-05
1.403725089537348024e-05
-1.224436456892488007e-02
1.450558998915150844e-05
6.369625367199107142e-06
-3.995930552681348233e-06
1.763386013085929275e-06
3.890510284824989784e-03
-6.355648498026984917e-06
-1.569964865267661382e-08
5.359004637926935732e-07
2.949370851855984555e-05
1.887770981854208600e-03
-2.833550579178365492e-06
5.456996853565987343e-06
-8.357028766999211392e-03
-3.441558079741234935e-05
2.161645375014648650e-05
1.852365766600411971e-05
-3.828381983051969394e-05
-1.222138178309000920e-06
-5.281832179679272349e-02
4.791442480843906282e-03
1.599490113367499350e-05
-1.308676920129034784e-05
4.485859326268707391e-05
2.935561970999584649e-05
2.160993787986996409e-06
3.034488448502016891e-02
-4.254589010999975697e-03
-7.596918372200115133e-06
1.697317136457296132e-05
-9.665082601497803358e-05
-3.562310324219365124e-05
-2.285254168234217035e-06
-2.699477367987806325e-02
-2.045167487565824436e-05
9.003426396827382726e-08
6.392212182728879378e-06
-8.816707466402514702e-06
1.759970347812040694e-03
7.373454017868991601e-06
4.031704463772878039e-07
2.156378716012668237e-05
-1.937523395384519429e-06
-2.807486444203850962e+00
1.891722074571415391e+00
-3.524426064407941706e-01
1.605082071849232017e+00
1.362190237793953873e+00
9.458398914913341837e-01
4.257373251631200728e-01
1.670568506472185355e+00
1.283164570794650527e-04
-2.679031869323704614e-04
-2.117163926764040785e-05
3.158727567541730796e-04
-1.885819361698657087e-03
-4.366486465005260713e-05
3.240537574544961377e-06
3.443685957928772912e-03
1.804373657065706021e-07
2.761080826369932564e-06
-1.695101923906335191e-03
7.903208370137318933e-06
8.313717185851237295e-06
-3.075863900770110272e-03
6.806654088027770703e-06
-2.015607337854097010e-05
6.367296783456672521e-03
1.481326068182447996e-05
9.071750115055947903e-06
2.709798543509969260e-04
-9.371227884684031617e-02
6.591447264160961287e-06
9.469840033515813807e-05
-3.302410539746575323e-05
-3.740939178391511832e-06
-2.107854637653665264e-02
-1.428913392958336415e-05
9.965083451349363713e-07
1.139296818211374044e-05
2.565972106627433631e-05
-4.360802241371729455e-03
8.587422223592505450e-06
6.752334220717761071e-06
8.773503995271642758e-06
1.834703299718154457e-05
-2.619594118715319955e-03
9.830199796945097366e-06
8.129450872264976820e-06
9.413268830758929611e-06
3.696715174715623636e-05
-3.783750076721000650e-04
1.173374475508501482e-05
1.360394894354539740e-05
-1.003145223538571515e-05
-4.616956968853080359e-05
-5.506568127895582676e-04
-8.804633677582195846e-06
-1.133246865621936135e-05
1.005230545229669412e-02
8.973955745892335837e-05
-6.992918830889133523e-05
7.207030775920021063e-05
5.799734202809014963e-05
-2.752137601754553684e-05
6.330992778316500702e-02
-2.524967676746681620e-03
-8.091341636053310331e-05
6.129390767253710458e-05
1.436853218235100381e-04
-4.543431396705444817e-05
1.614080099838946758e-05
-1.583803882578956393e-02
6.703218801429506896e-04
7.990907611770157537e-05
-8.841447142006609433e-05
-2.761441316704477968e-04
4.388747635707470495e-05
-2.082273421222824460e-05
4.120362833125654212e-03
-5.137792453089979429e-05
-2.128324804016157364e-05
6.690984286988318824e-06
1.370820666317863377e-06
2.386948648770047081e-03
4.274021883875449149e-06
-4.086757213574885599e-06
-1.035546121193449897e-04
-5.305681785357075391e-06
-3.325505930640375585e+00
4.609986452493603615e+00
1.492329245869438159e+00
3.790233090784122377e-02
-2.043292076194391349e+00
2.509245053058175134e+00
1.331904294196334160e+00
3.618106330305171259e+00
-5.675264227647359798e-06
-7.495426935937593181e-04
1.028624519630483590e-04
1.253868946271405387e-05
-1.543023042848552752e-03
1.365532326250216001e-04
4.982021542545120074e-05
-3.236786452634064955e-03
2.002921569540659814e-05
-2.506538831277052356e-05
2.761905085366121552e-03
-1.273631549558901096e-05
9.245429703670219365e-07
4.446620253353549164e-03
-2.455497248722012543e-05
-1.886475530167134281e-05
-2.824112871962629855e-03
1.273882203951593107e-05
-4.379436968213995638e-05
-6.472405037561254973e-03
1.628655937657613918e-05
-1.657077426165168819e-04
-1.173454145980930893e-04
-2.767778989313724597e-02
-1.864679926830232679e-04
-1.257921073710795883e-04
-7.616976796063390954e-05
-5.682985249250826077e-05
-5.124737247191702740e-03
-4.073591446262760573e-05
-5.031305780178919754e-05
2.621416062551215877e-05
2.208199089954258283e-06
-9.343804625747043416e-03
1.153459724210576013e-05
1.471229968752686548e-05
2.337222264363627051e-05
5.664959418771398767e-06
-1.224444407577392029e-02
2.112957541959767236e-05
1.361089499106390242e-05
-3.797474411930332804e-06
6.017057669400367940e-06
3.894943322420193511e-03
-1.100125983727317143e-05
-4.247882664734370921e-07
3.395808203852993477e-06
3.348847235265318197e-05
1.905789168289396922e-03
-1.121398005024349906e-05
9.794150114665797814e-06
-8.364827917864154500e-03
-3.347336868896126074e-05
4.798719896934994765e-05
5.340167566639220618e-05
-6.867316422191635050e-05
-5.889961799094263289e-06
-5.276604257383070429e-02
4.798930619627401334e-03
1.642523462941848682e-05
-3.305795974418917018e-05
1.698375834174490565e-05
5.186228304449368523e-05
5.611445583019077766e-06
3.029612628442871283e-02
-4.263236321409972530e-03
-8.500263889789784044e-06
4.132205639364642760e-05
-5.969831901111882799e-05
-6.317737980214482092e-05
-4.925663912804952005e-06
-2.693891821521487637e-02
-2.359151117126003590e-05
8.803119246198044119e-07
6.305352131658150435e-06
-1.432307471714473824e-05
1.749236022665788017e-03
1.426981562774820388e-05
1.329602371075404321e-06
1.614215499953351824e-05
2.986077276872907508e-06
-2.807490295204427166e+00
1.891713705999574557e+00
-3.524463395143501154e-01
1.605082786705398723e+00
1.362188247646529016e+00
9.458373013988510269e-01
4.257374333002353350e-01
1.670571518700925351e+00
1.181529491083202732e-04
-1.984243990383639800e-04
-5.020865694080352525e-05
2.879314864014462520e-04
-1.730981887796224916e-03
-1.119394227943241142e-04
2.745605528485676155e-06
3.431862698402015407e-03
-2.916231959720606312e-07
-5.099757877125012800e-07
-1.700526933461351566e-03
1.046616329068971212e-05
4.602737491050696343e-06
-3.074705718500197332e-03
8.051806966513438973e-06
-2.249824524089984694e-05
6.344031363657746253e-03
2.372308695591444336e-05
3.365306150036529082e-05
2.306160264190136263e-04
-9.360177050721579795e-02
-3.523698708758725830e-05
1.386434798536498238e-04
-2.585355814168518421e-05
1.930383223675940759e-06
-2.105798883837779745e-02
-1.910792454852042313e-05
-8.558586951399716847e-07
1.096526274095373349e-05
1.896177368408509729e-05
-4.356039291371497160e-03
7.661498169641944953e-06
1.067960062717035192e-05
9.214854276020627169e-06
1.221503372960501679e-05
-2.617889107547029422e-03
1.057978844279545215e-05
1.245539349277761257e-05
1.122521162497911708e-05
2.753097900217127110e-05
-3.681582103395311602e-04
1.016580683975755076e-05
2.045897131360058843e-05
-1.117442362449483775e-05
-3.651562278291171291e-05
-5.685164656490401900e-04
-4.605934407420346244e-06
-1.726322167088442796e-05
1.005276772272329852e-02
6.356524345199355544e-05
-8.111108148144713522e-05
2.718610215807811935e-05
9.151043991928698937e-05
-3.382738059992509077e-05
6.330704116723562258e-02
-2.522489095150827042e-03
-5.960344285230474563e-05
6.899133631140712611e-05
1.935625444545059355e-04
-7.268563625603494539e-05
1.772576325909605311e-05
-1.585372129369793520e-02
6.660248054422816420e-04
5.755113343796440495e-05
-9.168783600051247362e-05
-3.449861393841807721e-04
7.495141843647892843e-05
-2.452162154675478683e-05
4.147507391659669904e-03
-4.662410118813920668e-05
-1.803836332090103965e-05
4.219141995657007833e-06
-4.942420851322128997e-07
2.392353008052468255e-03
5.813181705529156420e-06
-5.613825208575734546e-06
-1.244647000160025135e-04
4.974144191085998673e-06
-3.325507043710071553e+00
4.609984694661421578e+00
1.492330515943396829e+00
3.790270325742899071e-02
-2.043295690069712123e+00
2.509246262131910932e+00
1.331903052640805329e+00
3.618104912444720878e+00
-3.906503269851887986e-05
-7.928795870664258772e-04
1.199701786905517403e-04
-3.832993704722256956e-05
-1.592149153100193282e-03
1.587477930573063113e-04
2.663860159165966476e-05
-3.227053566055637385e-03
2.205293337795976929e-05
-1.245309124227461277e-05
2.757141134038281621e-03
-1.420195758100892424e-05
9.056247031303510365e-06
4.458731368900604140e-03
-2.863293627038343697e-05
-1.700706695171478680e-05
-2.837984421860502687e-03
1.531229193075868240e-05
-3.491170942620339541e-05
-6.499540964749786834e-03
2.006484871336737316e-05
-1.345892362442064434e-04
-1.305073198746503499e-05
-2.765539643675962028e-02
-2.145087526740667363e-04
-1.416257856716350236e-04
-5.998435257366205211e-05
-2.362902341867458581e-05
-5.131690658207337975e-03
-4.607359773545935232e-05
-5.607189766624844145e-05
2.012315851492251200e-05
-2.532955752634837788e-06
-9.347290177775960038e-03
1.338283128119021001e-05
1.619767639628310411e-05
1.802460943313035667e-05
-3.580746657651659744e-06
-1.225188696482730488e-02
2.448552060594415429e-05
1.502136760088449306e-05
-2.435851130242305858e-06
7.838827912181570669e-06
3.903549729915427660e-03
-1.297485445726691229e-05
-2.639605868488496186e-07
4.626460282879673581e-06
2.618694058373425759e-05
1.926673122731905208e-03
-1.389815409059387120e-05
1.163999000073081291e-05
-8.373173674038532702e-03
-2.228944251749876896e-05
5.585741588684330528e-05
1.081444606184762632e-04
-8.119212494370870413e-05
-5.080217515407553486e-06
-5.271035284464220538e-02
4.806492737294392088e-03
1.163871520863800317e-05
-4.007157208181874207e-05
-2.489582176000399534e-05
6.126322467832172325e-05
5.791447233520812465e-06
3.024662917344580690e-02
-4.271519786828473567e-03
-6.549073631554817025e-06
4.954321457982996174e-05
-5.398790892081689000e-06
-7.468665240984512438e-05
-5.436399769537887585e-06
-2.688500867245820561e-02
-1.853535936046306654e-05
1.579139273287007903e-06
4.245853989567789203e-06
-1.459238721027765255e-05
1.734828804236371400e-03
1.704670229819594610e-05
1.166754270881138219e-06
1.167378999746789419e-05
5.407457093738115944e-06
-2.807494106818342328e+00
1.891708175002484005e+00
-3.524502074416041575e-01
1.605085067570523050e+00
1.362185908023302527e+00
9.458343366996346813e-01
4.257375677214165766e-01
1.670574232811138371e+00
-8.270352870580074901e-05
-1.384292618599729675e-04
-2.909538114565399396e-05
-1.911667963496092675e-04
-1.598235017930229283e-03
-7.420570310377370103e-05
-1.065979007421892941e-06
3.421832528829626009e-03
-9.528447734023595002e-07
1.020393899293177503e-05
-1.706754350584859317e-03
-3.613311025684468968e-06
6.243455627098064071e-06
-3.075539048239583732e-03
-4.985676096167936219e-06
2.991541525202737840e-05
6.321998513180374611e-03
1.139746219740560185e-06
-1.364218430888997329e-04
-1.017481254427293129e-04
-9.351814001908918816e-02
-8.049075417817204490e-05
-5.084619810309608224e-05
6.179089555406408279e-06
-1.903086442086340639e-05
-2.103727011092833971e-02
6.035824307044438801e-06
-1.066243540144198069e-05
-1.217196877761878745e-05
1.841468124804475533e-06
-4.354963741346771187e-03
-1.038546399890994037e-05
-5.634839659312084847e-07
-1.354557607815497505e-05
6.649968700952633635e-06
-2.619415737752891701e-03
-8.705268147956152892e-06
-1.908891591443674312e-06
-2.147089380292423395e-05
1.757222251413226950e-06
-3.635192673515537376e-04
-1.474023546296995947e-05
-4.710743810750726100e-06
1.835704268545911759e-05
6.265632799105347035e-06
-5.801493449792107437e-04
1.638257230876915546e-05
3.583984829702379873e-06
1.005574191599369928e-02
1.871652509432745028e-05
1.123200701301617778e-04
-2.308046893370694491e-05
7.242708347567806016e-08
4.212259655855734187e-05
6.328749575609188271e-02
-2.522477115671407748e-03
-4.295901894979933385e-06
-9.045366701708667460e-05
2.437637556695858288e-04
-1.945396646574153606e-06
-3.327387976487410824e-05
-1.585340243500543700e-02
6.647328106829691234e-04
1.112150676832887678e-05
9.926484994179430362e-05
-4.100177071216686616e-04
1.030128424750859255e-05
3.538044359524052682e-05
4.155274695847492074e-03
2.262168621585653353e-05
-1.506090816792528837e-05
4.435495802150211074e-06
5.861343635439524653e-06
2.395382527793480949e-03
-1.894831544495151449e-06
4.477546859202393179e-06
-1.431551080359914018e-04
1.776908630613388958e-05
-3.325507837398414157e+00
4.609994228161609975e+00
1.492330580798855388e+00
3.789680892556466368e-02
-2.043291167445246970e+00
2.509238995426126717e+00
1.331903329712754491e+00
3.618108013559886427e+00
1.755238006083572721e-04
-7.620595671489373410e-04
-8.553450101475432643e-05
2.345396900683618805e-04
-1.547641844554664041e-03
-1.206285473045177168e-04
3.802570076175949517e-05
-3.208396000213008508e-03
-3.486454377842763800e-05
-2.368302181912366992e-05
2.748696679992443555e-03
1.988443310884020583e-05
-4.193309483126171248e-05
4.451879298101917015e-03
2.061578280450789612e-05
2.036433219499275278e-05
-2.838319935928487660e-03
-4.007079949181044967e-06
2.454455103700519715e-05
-6.505677249650087569e-03
2.039620409806876965e-06
1.491033673573352917e-04
-3.278534668666963645e-04
-2.774928778296152990e-02
2.053233481220280161e-04
3.662212079494186193e-05
5.716063734042012653e-05
-7.393954350730075461e-05
-5.162646009155821836e-03
5.656543127343038418e-05
9.268167918238580732e-06
-1.578394489265632389e-05
1.988448352227692651e-05
-9.343848145342215777e-03
-1.080694677169500342e-05
-1.041316192214706931e-06
-1.479362934933687661e-05
3.656248523534258850e-05
-1.224135516788774601e-02
-2.040200978450208851e-05
-1.273825996094323312e-06
-3.619533917924351101e-07
-1.837030354097731491e-05
3.899216784678177089e-03
7.255456652005983565e-06
-1.771817123364633800e-06
-1.411831381796266865e-05
-1.666656796360319054e-05
1.929236470487786072e-03
-2.871676971443880807e-06
-8.286757990830848138e-06
-8.375254042420373149e-03
4.407973858766496859e-07
-1.137644062121567296e-04
9.247112856121939874e-05
4.166796526867946659e-05
-1.230066013729921561e-05
-5.269596844573803951e-02
4.809051469993201426e-03
-4.360527467418229096e-06
8.618047570977539599e-05
-1.508565549381712554e-05
-3.260888799575210873e-05
3.196707182083162367e-06
3.022970559737230695e-02
-4.275112244823545300e-03
5.317222070633634333e-06
-1.049612455402387898e-04
-1.661364135362023483e-05
3.931130389279459246e-05
4.227924212590137121e-07
-2.686161283014377316e-02
8.978525408113391813e-06
2.149744440205790669e-06
-1.916813228186410491e-07
2.341156475838044218e-05
1.735998491329141750e-03
-6.938597071247443745e-06
2.229846826630525449e-06
8.345412145642076466e-06
4.349407259548216231e-06
-2.807490770449114326e+00
1.891706151554984894e+00
-3.524463918228972759e-01
1.605079144252153478e+00
1.362188883017304786e+00
9.458379369160146988e-01
4.257373809868640890e-01
1.670572519949171664e+00
-6.973208981073987511e-05
-1.690575674593310345e-04
-3.043895411103179460e-05
-1.565585437683618278e-04
-1.663233255585059699e-03
-8.202004592311426024e-05
-4.897269497504334739e-07
3.426520149707879947e-03
-1.374348803786611354e-06
1.327322219211771499e-05
-1.699142803131811113e-03
-8.267584036937549802e-06
9.872139863259499735e-06
-3.069857550199557410e-03
-9.667121044042521741e-06
3.149895532619753256e-05
6.338876179099344095e-03
-4.746805108497537328e-06
-1.561030693095733185e-04
-5.691829870253734068e-05
-9.352706031844987278e-02
-1.120996949485938141e-04
-1.041925292349668260e-04
2.028869456849834423e-07
-2.435259800769408385e-05
-2.105639443233677313e-02
1.428110090596207754e-05
-1.841657420599236974e-05
-1.175672956740924632e-05
8.717609112905545343e-06
-4.346813660263188460e-03
-1.775536089508757262e-05
-2.137175876041632304e-06
-1.383660723176981518e-05
1.277284869938771035e-05
-2.610067120454325970e-03
-1.599766892972188934e-05
-4.751320458461516944e-06
-2.285502709178932951e-05
1.143287705374822563e-05
-3.539349484801704109e-04
-2.499768187264083110e-05
-1.056625293953192274e-05
1.921049544251955085e-05
-3.907977820325792706e-06
-5.850587977120611828e-04
2.598829776872018236e-05
8.130753463772593575e-06
1.004700029012797237e-02
4.032988263520057031e-05
1.204193447451828948e-04
3.542326997847688747e-05
-2.462071459161054273e-05
7.735138434673228202e-05
6.334612124311034265e-02
-2.516316784085037127e-03
-2.181647486288971485e-05
-9.592179687955946924e-05
1.973414339260155825e-04
1.670070386478609959e-05
-6.001746356879448054e-05
-1.589313460742226847e-02
6.583232637674123634e-04
2.945350419749997816e-05
1.000134675861232963e-04
-3.603315749226405039e-04
-4.708811192762881567e-06
6.453417406555220345e-05
4.196083303066664404e-03
1.477755372318082007e-05
-1.691278983109067080e-05
6.604097678685118633e-06
7.326242772561999570e-06
2.398323368277366450e-03
-4.379734709766841148e-06
8.318692106751376274e-06
-1.316000440756361534e-04
2.040518469187324390e-05
-3.325508553386144150e+00
4.610018030697650815e+00
1.492329455097798130e+00
3.788281053261996489e-02
-2.043277082791849608e+00
2.509220983569423691e+00
1.331905217296390331e+00
3.618116605971848365e+00
1.921178793643232244e-04
-6.472050372939263914e-04
-1.175327091553368962e-04
2.613370054026797093e-04
-1.395279478214791688e-03
-1.659090100109762603e-04
5.342575044185306579e-05
-3.174971253136499132e-03
-4.826625559062186352e-05
-3.190977200581203590e-05
2.733929040760375937e-03
2.749362188241192572e-05
-4.600334188089098120e-05
4.423858360108385082e-03
2.832423325423726360e-05
1.806709216803380991e-05
-2.825166132471827827e-03
-5.393656671550099379e-06
1.688883878730858360e-05
-6.492622848662049466e-03
3.064449202849553094e-06
1.209588520042862580e-04
-3.894298080893297733e-04
-2.798875808817985478e-02
2.824271123262919563e-04
3.654608140767874678e-05
4.364355625505808302e-05
-9.501850806281752896e-05
-5.227217512263306574e-03
7.795449551819225327e-05
6.954768545699211750e-06
-1.097572897284478605e-05
2.248939804838369396e-05
-9.332394239254762636e-03
-1.485274972602268298e-05
4.383180435805840347e-07
-1.052371080493608189e-05
4.170520085577621286e-05
-1.220953821030461989e-02
-2.803880163769371391e-05
-6.970600676486556086e-08
-1.234628374073278530e-06
-1.885425870092324871e-05
3.880558303503308087e-03
9.923323147234878566e-06
-2.550716536061976812e-06
-1.418640609326008422e-05
-1.050838769507679708e-05
1.914183858452175738e-03
-4.126434991006054146e-06
-1.053650509126731575e-05
-8.371681359805965145e-03
-6.847536837629956811e-06
-1.144555034595304141e-04
1.251981229073598299e-06
5.693379832436461436e-05
-1.825299005432875308e-05
-5.271865266191534671e-02
4.807388426687391261e-03
-1.008674462586056251e-06
8.743550278642340861e-05
4.966712495675304484e-05
-4.456974023318166240e-05
5.270118129404755290e-06
3.024030548057865878e-02
-4.275120241424174364e-03
3.746649878101243025e-06
-1.061913472059732282e-04
-9.709289054127327690e-05
5.371200413379728471e-05
-2.023269881749892962e-08
-2.686167928771774141e-02
4.409238475879088891e-06
2.728482595826939077e-06
1.233505424027813077e-06
2.236481704678698588e-05
1.753201908627374534e-03
-9.403950683210520741e-06
3.307210163477394110e-06
5.097673269599953263e-06
4.840744988809221624e-06
-2.807487714236169829e+00
1.891701191415309902e+00
-3.524427020718029491e-01
1.605071941510592293e+00
1.362192028077933825e+00
9.458416899863248961e-01
4.257371784965536810e-01
1.670571250526159623e+00
-3.547185128348314461e-05
-1.871607062357772604e-04
-3.380141035704510095e-05
-7.461912179030300637e-05
-1.699463711203419523e-03
-9.186510802321316588e-05
1.849235595140521829e-07
3.428994365429839479e-03
-1.591712648108280749e-06
1.166668773425118530e-05
-1.691189228505300245e-03
-9.954875969091513165e-06
9.810742735000426538e-06
-3.062413895889617640e-03
-1.149238308615544677e-05
2.285883616458863612e-05
6.353282305414854891e-03
-6.337742777114676363e-06
-1.225107458530200698e-04
1.277815284536037001e-06
-9.350603759619273425e-02
-1.293114897667594655e-04
-1.159082826263267360e-04
-4.684968048825058546e-06
-2.118862493679048558e-05
-2.107438165547900061e-02
1.725160010795892578e-05
-2.231302243706052859e-05
-7.645880687745263489e-06
1.199108177935529171e-05
-4.335223796769377066e-03
-2.091478878772641645e-05
-1.780838681490812378e-06
-9.689621998825012541e-06
1.406413393398846363e-05
-2.597880267752759528e-03
-1.895728933130628045e-05
-4.849218178476560816e-06
-1.675516071072310196e-05
1.630770424887665443e-05
-3.389806714136871907e-04
-2.941412927083220460e-05
-1.131566411929876197e-05
1.375930938948532933e-05
-1.166357629171720915e-05
-5.964022861968680707e-04
3.039451491611194685e-05
8.548752493936438691e-06
1.003608366511863498e-02
4.521222599223710399e-05
8.861858636289690117e-05
9.568337131781964357e-05
-3.158954270407673146e-05
9.120152330934863682e-05
6.341868948256140781e-02
-2.507853929352155120e-03
-2.918696819947286692e-05
-6.974433805681846152e-05
1.535228691252407012e-04
2.188933728074686318e-05
-7.138634635295926310e-05
-1.594740572716799379e-02
6.490156828518517428e-04
3.509263785226609091e-05
6.833202006423675311e-05
-3.179038901116551952e-04
-8.040689838097226391e-06
7.639354749276141188e-05
4.255001657395347803e-03
2.367795273506651611e-06
-1.814672218964985401e-05
6.257025360983171539e-06
6.189658232324065810e-06
2.403488527072389271e-03
-5.159318343233809082e-06
9.591552198076276398e-06
-1.231766018508203891e-04
2.090047328374980691e-05
-3.325509552342342356e+00
4.610042344738891629e+00
1.492328576652325323e+00
3.786836036085183821e-02
-2.043263285694964626e+00
2.509202559598615156e+00
1.331906892851395741e+00
3.618125202695703369e+00
1.406900658662615380e-04
-5.379799649717278021e-04
-1.066208045603542448e-04
1.944274136798771109e-04
-1.248488855958576225e-03
-1.513418794806370394e-04
4.684406660130154161e-05
-3.138088847374230928e-03
-4.592449138445482340e-05
-2.726752546749616689e-05
2.717534072100236987e-03
2.603131774754956367e-05
-3.374963404794831853e-05
4.397564023375562410e-03
2.571539400131919763e-05
1.048794180943406832e-05
-2.814680999635527092e-03
-4.123037229022844061e-06
5.892401147189362409e-06
-6.485256877830558250e-03
4.601198962798943851e-06
6.310349500103322722e-05
-3.040881445127874175e-04
-2.823212602898363469e-02
2.618732042103743911e-04
1.780206675775011183e-05
2.053397996153397961e-05
-7.845350469311560329e-05
-5.295877446539588342e-03
7.334337197802289323e-05
-3.318018413779420258e-07
-4.170583093868136678e-06
1.688772473998225346e-05
-9.321297779726438887e-03
-1.360966992502199953e-05
2.516886569919434652e-06
-4.254943985053439639e-06
3.154831557007938258e-05
-1.217821021700965511e-02
-2.575298472486490262e-05
1.858577675755782399e-06
-1.373685158576039605e-06
-1.297668861683524478e-05
3.863167548781471904e-03
8.772515771486411216e-06
-2.528141781300766822e-06
-9.545503858804088102e-06
-2.737976687344676880e-06
1.903351227258229337e-03
-5.167425154029239836e-06
-8.836302936392728582e-06
-8.369878827008866637e-03
-9.372346174419488862e-06
-7.713449477470040111e-05
-8.098420958045442729e-05
4.983771466798939007e-05
-1.857306399092901062e-05
-5.272942771185633315e-02
4.807384362206053828e-03
1.500304709478847091e-06
5.946636183921163174e-05
1.072944862060489120e-04
-3.919426867982360625e-05
5.898285052845602641e-06
3.024002291006169796e-02
-4.277018289295137811e-03
1.521617147307292135e-06
-7.203467937466863163e-05
-1.681527195091822406e-04
4.716207134631131883e-05
-6.752129509686250329e-07
-2.684948646866362754e-02
-3.570843073951040488e-07
3.500248009143963358e-06
1.712139650901868092e-06
1.425038544725291579e-05
1.767655942715595178e-03
-7.905033682621678682e-06
3.350434856980302945e-06
7.103740280451761064e-07
4.692615272627443147e-06
-2.807485927724476138e+00
1.891695489309730194e+00
-3.524403702176268638e-01
1.605066127005461363e+00
1.362194246552788535e+00
9.458442958315770310e-01
4.257370317099858914e-01
1.670570777705831178e+00
-5.363650005020458182e-06
-1.888002100003401780e-04
-2.944660510380635825e-05
-7.280368415592957881e-06
-1.699697534364136287e-03
-7.974978236388366427e-05
3.779028773108343270e-07
3.428780677765314987e-03
-1.371267174141707172e-06
5.467578832024986882e-06
-1.685655390495754318e-03
-8.407515183509279503e-06
5.002805045354554619e-06
-3.056046027009682448e-03
-9.757508471063412367e-06
8.946084884623819016e-06
6.360753763361132358e-03
-5.139967645465318576e-06
-4.670041921051995218e-05
2.253926501523087933e-05
-9.346744842371659812e-02
-1.109710322685608484e-04
-8.868791466515021980e-05
-3.363165215960656454e-06
-9.894777061254233781e-06
-2.108532659413596411e-02
1.454306348578638384e-05
-1.896252085821249281e-05
-2.314770783934974293e-06
7.503717106840115069e-06
-4.324727459070713299e-03
-1.780203575150995086e-05
-7.858395177262920495e-07
-3.310207034882394859e-06
7.847204640162886037e-06
-2.587484148475944351e-03
-1.609620224809513942e-05
-3.260302297312662849e-06
-6.035849532401589738e-06
1.037049356889619350e-05
-3.246664139962579954e-04
-2.504547674550825956e-05
-8.187790271271619486e-06
4.727924818736579964e-06
-9.017782726255389430e-06
-6.092068006182410232e-04
2.594466734995378874e-05
6.067062498203686034e-06
1.002717962300532333e-02
2.198585313409310532e-05
3.444297162781949514e-05
1.368467429953867161e-04
-2.599142626657166769e-05
7.476989246994340853e-05
6.347804365685340289e-02
-2.500365668526072661e-03
-1.527027513634757124e-05
-2.666390049304284948e-05
1.267557617624997472e-04
1.797211426361039737e-05
-5.923725852019756769e-05
-1.599524699339704287e-02
6.404698869526490859e-04
1.756783238668964165e-05
2.384909881953266357e-05
-2.958777715625014976e-04
-6.117155855259586075e-06
6.305048010891268302e-05
4.308892669594009510e-03
-4.308837802767061870e-06
-1.847495622171830897e-05
2.777214231238964002e-06
2.845716594360917748e-06
2.408681072075596549e-03
-4.293334825251455763e-06
7.629502871210558314e-06
-1.201760112000529253e-04
1.703814612688135240e-05
-3.325510325782532028e+00
4.610057695729515181e+00
1.492328165322084343e+00
3.785915591901517496e-02
-2.043254887756531968e+00
2.509190913531000877e+00
1.331907816771421560e+00
3.618130535040269713e+00
3.898258167510719691e-05
-4.732550588691771735e-04
-6.066737385582985948e-05
5.488990310683094555e-05
-1.160419657493280948e-03
-8.647057752381956961e-05
1.543841258627272003e-05
-3.113345849359868897e-03
-2.708111492144506840e-05
-8.753541939873688132e-06
2.706477518443545140e-03
1.530464484439866750e-05
-9.347405442165432004e-06
4.382181419945331731e-03
1.464626356162090238e-05
2.082316168401614898e-06
-2.809624773058100756e-03
-1.994926701574592775e-06
-2.961139563345017015e-07
-6.483780319734510321e-03
3.451022364318440654e-06
1.142967345594049454e-05
-8.798965458925132063e-05
-2.838523220345339979e-02
1.521847785492856197e-04
1.908033394597670679e-06
3.203226675163025870e-06
-2.377263827052180549e-05
-5.340675165242352376e-03
4.311549893531212911e-05
-3.474979120489022021e-06
-2.261663903130910915e-07
4.714290219189571165e-06
-9.314608134176845244e-03
-7.829234412031876641e-06
2.328319747149454267e-06
-3.879697088409616786e-07
8.870107327574355255e-06
-1.215904402119870331e-02
-1.484831767143954576e-05
1.907809309529777144e-06
-3.720071020899635049e-07
-3.314095587816945427e-06
3.853067863458979614e-03
4.898861484523512370e-06
-1.478060150058494987e-06
-2.136682164775948150e-06
5.900681596372530431e-07
1.898922892339474384e-03
-3.626360532244735029e-06
-4.406420017370905506e-06
-8.369714738751450958e-03
-3.020569846403796301e-06
-1.908296820733335284e-05
-1.270901371769099183e-04
2.761463451299604944e-05
-1.094759457456346836e-05
-5.272969599088362519e-02
4.808290628156329689e-03
7.716273747006996792e-07
1.490512817960948814e-05
1.391966060554518229e-04
-2.179909456675507078e-05
3.714252202218599507e-06
3.023388854466043177e-02
-4.279233740057183412e-03
1.344602451124649481e-07
-1.801590081703142456e-05
-2.071685766686588216e-04
2.619385674411771540e-05
-6.898685175741400973e-07
-2.683516931933833255e-02
-1.241200316865697270e-06
4.089038118977478286e-06
5.394958762409543532e-07
3.322240075050038825e-06
1.775159133421532181e-03
-4.222368530772460581e-06
1.976364958701428390e-06
-2.618536835010327344e-06
2.991315100477081766e-06
-2.807485551995783091e+00
1.891692608420740385e+00
-3.524397744849600000e-01
1.605063942263057264e+00
1.362194940416609601e+00
9.458450902331064780e-01
4.257369838179436705e-01
1.670570840442590299e+00
2.465345517878446303e-07
-1.837886719967083023e-04
-1.076684346068920157e-05
-1.830309421410768046e-06
-1.687218667866761555e-03
-3.060463831689760303e-05
-2.017415950279080887e-07
3.427735881264965846e-03
-6.300269070084394005e-07
-2.949777187346810494e-06
-1.683962239390401601e-03
-4.698820588978147242e-06
-3.098789617644718503e-06
-3.053492655262099887e-03
-5.237405783524285807e-06
-3.252628895784698408e-06
6.361736430197672404e-03
-3.808204309147188155e-06
4.023611963350623899e-05
-1.861766842279399394e-05
-9.344352785146944895e-02
-5.086665804209725676e-05
-4.216496954480348949e-05
5.388417274982372431e-06
5.096070977253423227e-06
-2.108788126907890428e-02
8.149804659290952799e-06
-8.159460387729776439e-06
1.487399543198828359e-06
-4.473349695372574612e-06
-4.320286829335120982e-03
-8.991348128370797024e-06
-7.055800617483807722e-07
2.249754158228119506e-06
-4.453055001831713838e-06
-2.583334234593523057e-03
-8.358184096693690112e-06
-1.755776576209741382e-06
4.455718255173114272e-06
-6.226293757834952682e-06
-3.183108041639105715e-04
-1.261293625968813243e-05
-4.077539415290292450e-06
-3.712718886658737680e-06
5.790603723330533580e-06
-6.156066222232076243e-04
1.269627269909330413e-05
3.172362258557718254e-06
1.002381568266152295e-02
-2.457144182967246700e-05
-1.560249589900560287e-05
1.490602065687714325e-04
-1.817229481574270220e-05
3.288331065996262216e-05
6.350071012828907568e-02
-2.497266167831190074e-03
1.866226837957209091e-05
1.179291490140634706e-05
1.204760849846753332e-04
1.315415281320501503e-05
-2.589187367452409764e-05
-1.601497629114151042e-02
6.368140052327319776e-04
-2.036198346531057276e-05
-9.634920244019320846e-06
-2.929599946825451229e-04
-7.630930306681341972e-06
2.768480070967899894e-05
4.331887387938232296e-03
1.066134980496726475e-06
-1.833193983575793901e-05
-2.792335375717485644e-06
-1.513331873580343225e-06
2.411070203217026506e-03
-2.371885776613683175e-06
3.425252102978499394e-06
-1.206730093881340298e-04
7.920131236045341679e-06
-3.325510325769315934e+00
4.610057695901960351e+00
1.492328165332900358e+00
3.785915584470886386e-02
-2.043254887619578852e+00
2.509190913349830243e+00
1.331907816756461749e+00
3.618130535095290590e+00
-7.099793046709742541e-05
-4.732538610560102152e-04
-1.886887335572916566e-06
-1.005927204571204235e-04
-1.160417977661775280e-03
-1.699969889747963090e-06
-3.023215905200896426e-05
-3.113344465465422376e-03
1.588003032615236524e-06
1.719684878775828876e-05
2.706477210706090264e-03
-7.236349939559190677e-07
1.714086875122772005e-05
4.382181183611363710e-03
4.508088820432211986e-07
-2.826895738284143965e-06
-2.809624992546683880e-03
-8.950669787444383877e-07
2.885023609137137067e-06
-6.483780955969796131e-03
-1.849335746828349613e-06
-5.885621295867054142e-06
1.757765622084682215e-04
-2.838523711929962293e-02
2.319137369212544110e-07
5.590330768141074487e-06
1.969499779293728678e-06
4.921963865258057895e-05
-5.340676778301915902e-03
-9.360678029557466725e-07
3.235981046332593924e-06
-1.848737116903507324e-06
-9.135662299121976321e-06
-9.314607907712782464e-03
-1.723770704012432639e-07
-1.478292969498633587e-06
-1.482076549504296863e-06
-1.729103976383246277e-05
-1.215904362286276096e-02
-2.665093897838630062e-07
-1.232523346574275887e-06
1.512544637636015602e-06
5.899444899582098969e-06
3.853067785589133192e-03
4.241918465290110538e-07
3.115798504122035280e-07
4.836822574232045466e-06
-3.431973390478582252e-06
1.898923355942237984e-03
1.301292056915076290e-06
4.596114525821125376e-07
-8.369715299233387862e-03
1.099343548048995733e-05
3.366782452065611149e-05
-1.270906605993583688e-04
3.064355017452127157e-06
2.845869140156172979e-06
-5.272969496443141030e-02
4.808291011888831193e-03
-3.603279014867607569e-06
-2.644228883021082185e-05
1.391966574329841513e-04
-2.195870354438565121e-06
-1.183889889843128830e-06
3.023388784773299934e-02
-4.279234132787783189e-03
5.319996384461844613e-07
3.180596132448423429e-05
-2.071685735885028454e-04
2.698908078936999263e-06
4.559836841517261073e-07
-2.683516857201648578e-02
3.288738157225863226e-06
4.089045276523073828e-06
-1.995797811283378067e-06
-5.319363498248635290e-06
1.775158864045016729e-03
-7.706406698815867188e-07
-4.871088030372559215e-07
-2.618597326680460580e-06
-3.316206611082095871e-07
-2.807485928088398808e+00
1.891695488722190843e+00
-3.524403706401253444e-01
1.605066127029997958e+00
1.362194246480451509e+00
9.458442956727749484e-01
4.257370317392713543e-01
1.670570777872749435e+00
-2.213252557076544384e-05
-1.887966060461666743e-04
2.040435709532813691e-05
-6.334927823530374011e-05
-1.699689813435514580e-03
4.931950045655731903e-05
-1.321298321466304452e-06
3.428779948387757504e-03
4.427474281971259591e-07
-1.009435805706093986e-05
-1.685655951392135091e-03
-6.561719653994877501e-07
-1.119372401774074414e-05
-3.056046173650905050e-03
1.700881837035104501e-07
-8.421297065267946164e-06
6.360752312683545621e-03
-4.402481739483905397e-06
1.024170018266457873e-04
-1.073542388900521923e-04
-9.346744402910005245e-02
3.593672586452490206e-05
-1.170406885978818713e-06
1.810009712600871564e-05
1.754346427473561809e-05
-2.108532515661965326e-02
1.304050318413528601e-06
6.565174383604619935e-06
2.145360730126576675e-06
-1.916677081495548983e-05
-4.324727668978112054e-03
2.398449373023031714e-06
-2.297748853344088619e-06
4.677465995261756155e-06
-1.786288732083630640e-05
-2.587484499319360302e-03
1.246708830278592011e-06
-1.679624703812045949e-06
1.037720743553421639e-05
-2.687449564842157786e-05
-3.246664732315417200e-04
3.532255624478761664e-06
-1.732228520891505590e-06
-8.038798740416669159e-06
2.697731668779773998e-05
-6.092072554028613593e-04
-5.151447704847458758e-06
2.001650510942296285e-06
1.002717965568714585e-02
-7.574948653743888689e-05
-3.980056614249591232e-05
1.368432044565187633e-04
-1.693988519901129476e-05
-1.830545486592523481e-05
6.347804186285961603e-02
-2.500365427718529918e-03
5.893187914047054118e-05
2.887506779999702181e-05
1.267593895536656351e-04
1.407127614677389751e-05
1.637573019019424012e-05
-1.599524738035335361e-02
6.404695600882459204e-04
-6.338031936019740550e-05
-1.719242101361024300e-05
-2.958822865239425087e-04
-1.754188990093364029e-05
-1.629917815760016097e-05
4.308894154814225420e-03
1.700533998011029833e-05
-1.847458238451089274e-05
-8.056113282577883510e-06
-5.141166283309723303e-06
2.408681419754927621e-03
-3.192944233786265326e-07
-1.272578454545047366e-06
-1.201780970969308242e-04
-4.668040327973953520e-06
-3.325509285878282206e+00
4.610042226939110144e+00
1.492328313743053858e+00
3.786857871145486720e-02
-2.043262774204128718e+00
2.509202676433667900e+00
1.331907132436744856e+00
3.618125337049285406e+00
-1.441887759585718475e-04
-5.306672854746593941e-04
4.429886131109539145e-05
-2.080885283913331196e-04
-1.240682444035108925e-03
6.666069784593849469e-05
-7.086929407022951371e-05
-3.141031483770190431e-03
2.857732116585839460e-05
3.967146814372676670e-05
2.718933527276919809e-03
-1.558446323757087308e-05
3.486683943916148013e-05
4.395430383980248289e-03
-1.074513664506270298e-05
-2.415301491266607846e-06
-2.811829414438690028e-03
-1.631957476618049144e-06
1.369945140974767948e-05
-6.479407209478890359e-03
-9.799054885201027653e-06
1.602820671838407537e-05
3.778211172252929221e-04
-2.823199013559176199e-02
-1.306798865744223021e-04
3.011975275539410056e-05
1.632527210116444945e-05
1.099417457422865367e-04
-5.292907710175320801e-03
-4.083638013534766518e-05
1.825885334257728869e-05
-8.037967992513213761e-06
-1.896669908667620027e-05
-9.320756732495317359e-03
6.107733680372218650e-06
-7.722714650253955908e-06
-6.788381645832838688e-06
-3.614522718505311892e-05
-1.217721721958114726e-02
1.181663918736905779e-05
-6.618265629179858509e-06
3.463984803590729491e-06
1.094653650906459676e-05
3.861628096721741923e-03
-2.619359569557362128e-06
2.138435404476690483e-06
8.583440904409245657e-06
-1.281291619626843624e-05
1.898960108547937883e-03
8.089400455768819260e-06
3.617578295916169928e-06
-8.368061585409971789e-03
2.653543116694274837e-05
5.988785063893718220e-05
-9.137342108740469874e-05
-1.235655128114550605e-05
1.747643754537947522e-05
-5.274153665382009387e-02
4.805713384957973136e-03
-9.635741167189181277e-06
-4.789187667058160749e-05
1.153500385877928309e-04
1.056112195560641683e-05
-6.964551243637045479e-06
3.025093090643121013e-02
-4.275154931727608888e-03
2.454481288878317957e-06
5.735584715834207508e-05
-1.786702077604847825e-04
-1.244811280266349271e-05
2.401040801713612188e-06
-2.686158741814756098e-02
1.120159485004487770e-05
3.346583549417414240e-06
-4.776489758616787621e-06
-8.372936350644912099e-06
1.770526493140647806e-03
7.636775059996346366e-07
-3.105989677604226004e-06
1.810391647370114586e-06
-4.263469800113254720e-06
-2.807486082218016321e+00
1.891704657853455096e+00
-3.524411150013314620e-01
1.605071592558216631e+00
1.362192882374528180e+00
9.458427995305889180e-01
4.257371318580743802e-01
1.670569981601009113e+00
-5.724857760293444004e-05
-2.163358867698284471e-04
5.334956720919871128e-05
-1.519052312422824872e-04
-1.764436640749558315e-03
1.322726503403688343e-04
-2.377345239132885047e-06
3.433945905713658465e-03
1.433305265512617607e-06
-1.314219686289095582e-05
-1.688868263458551469e-03
2.067649263014552015e-06
-1.579568684314425992e-05
-3.062856244312862995e-03
4.351223510428193680e-06
-5.734567695841418318e-06
6.363126001004287997e-03
-7.091757470436096293e-06
1.182185893563541775e-04
-1.961376867415932077e-04
-9.355212564317971768e-02
1.183067037051121551e-04
1.754817008016604457e-05
2.827260142257018914e-05
2.261473210830609789e-05
-2.108310743405278354e-02
-3.203868148939763587e-06
1.942984397092860807e-05
9.256456499270860044e-08
-2.972474120006927262e-05
-4.337135682455452168e-03
1.208427635116867554e-05
-4.987208307198748698e-06
3.620183199494456561e-06
-2.640371936431320534e-05
-2.598508417114753569e-03
9.041955587704299355e-06
-3.135448410634047927e-06
1.016968252568408609e-05
-4.190202396906661964e-05
-3.431504514233653423e-04
1.732818492001894463e-05
-2.189612773286914442e-06
-7.297530145680916646e-06
4.417671384783447314e-05
-5.890092181255292877e-04
-2.100511791490328127e-05
3.092612278388565044e-06
1.003576166146919434e-02
-1.080100620693926936e-04
-3.309594735965672640e-05
1.149531092493262692e-04
-2.399533429888040366e-05
-5.868471486924593469e-05
6.342038439594373245e-02
-2.508814581709077878e-03
8.642644393521266245e-05
2.146750204868367554e-05
1.323346052761584148e-04
2.153163650621487267e-05
5.094155400092464941e-05
-1.594123000624109165e-02
6.507394747729827603e-04
-9.144166519607833553e-05
-6.640053695875975660e-07
-2.888091043430695095e-04
-3.344174947892348323e-05
-5.151060866408954105e-05
4.244068578072300243e-03
3.493118967843956887e-05
-1.946696347178841432e-05
-1.079119166319627199e-05
-6.689431662115499441e-06
2.401244661227733886e-03
1.069607272072766070e-06
-4.747587697771558739e-06
-1.143512436580102349e-04
-1.678688674772817183e-05
-3.325507401114465633e+00
4.610017489589567141e+00
1.492328324755586522e+00
3.788377347897266267e-02
-2.043274895996410656e+00
2.509221511231891633e+00
1.331906247881727623e+00
3.618117173448908819e+00
-1.555352874168698934e-04
-6.158887645795982921e-04
6.166875284376228559e-05
-2.292740224162774802e-04
-1.361889658890504898e-03
9.411571113935092729e-05
-8.866925355956364592e-05
-3.187643391244203254e-03
4.316454472074870708e-05
4.899018803768340262e-05
2.739976093983744702e-03
-2.342544386122263157e-05
3.772083637844147124e-05
4.414718492607363522e-03
-1.499682104862159623e-05
1.769113961198606422e-06
-2.812898684963847668e-03
-3.499954778662117626e-06
2.511406300719631681e-05
-6.467423859240492047e-03
-1.654919831123283940e-05
5.653995092243353727e-05
4.388333178826252430e-04
-2.798782625484835113e-02
-1.913835274541095710e-04
6.037935731869086329e-05
3.536660374315769471e-05
1.329347324702738313e-04
-5.214341974390190870e-03
-6.108467856194449452e-05
3.333436505793363307e-05
-1.464399552262144473e-05
-2.115934802894893033e-05
-9.330084988218870223e-03
8.724825367030782127e-06
-1.320360640765450590e-05
-1.267370668174659716e-05
-4.067162718428176115e-05
-1.220530547926121367e-02
1.697825989322591028e-05
-1.145705206680783601e-05
4.531651571177737091e-06
1.052127775555654242e-05
3.873947842366073577e-03
-3.298652064808186359e-06
3.222645905365733411e-06
8.145990716455707336e-06
-2.175598828056552874e-05
1.895274284453382901e-03
1.353169584720506185e-05
4.122980163661408529e-06
-8.363878535612968845e-03
3.576729690467010507e-05
5.396914657840471899e-05
-4.341560247826849054e-05
-1.429022922133880302e-05
2.655308978176502155e-05
-5.277070938943707185e-02
4.800156996458574375e-03
-1.398046215185242669e-05
-4.439605976010843521e-05
8.430501372716687775e-05
1.271316938536756900e-05
-1.096729569443379761e-05
3.028753494468251414e-02
-4.267029947084336611e-03
4.544673732869795987e-06
5.277724576893213533e-05
-1.423280000032198602e-04
-1.483826687097658852e-05
4.126589837561531909e-06
-2.691422922866279835e-02
1.796936775981151929e-05
2.050700058676614271e-06
-6.431421995117086435e-06
-5.865161223257328425e-06
1.765568325271040699e-03
1.994016449086607154e-07
-4.761734486518175400e-06
9.778144108448219284e-06
-7.145205724688804455e-06
-2.807485377665404513e+00
1.891717649258183531e+00
-3.524411500547884879e-01
1.605078017001489110e+00
1.362191699037738069e+00
9.458415955873495928e-01
4.257372274627267972e-01
1.670568323763462093e+00
-7.982257963549713414e-05
-2.656306603818131876e-04
7.345821278240228049e-05
-2.051833305027176725e-04
-1.878365815292587461e-03
1.819722778474688538e-04
-2.745728812101606408e-06
3.442930999268132945e-03
1.954116606925754020e-06
-1.136394226967898634e-05
-1.691481984951802731e-03
2.783043387038477976e-06
-1.504306547583645460e-05
-3.071328383233115720e-03
5.965642904436347217e-06
9.301831524321821310e-07
6.371378183636450254e-03
-9.996816223288179060e-06
9.015300212427028513e-05
-2.297759565487560445e-04
-9.367970992351992710e-02
1.626625329893008559e-04
1.254639099042737004e-05
2.998866152971216181e-05
1.921559934429741576e-05
-2.108521039654866550e-02
-4.266046273323622425e-06
2.526358309444243211e-05
-2.585505409111544595e-06
-3.074959635848071156e-05
-4.353190415054000555e-03
1.653699704834301585e-05
-7.228649005034348368e-06
7.320854851901029061e-07
-2.614703195946204643e-05
-2.612196388053318434e-03
1.234671427184933569e-05
-4.982425025485623867e-06
5.663995545095576380e-06
-4.356998002719839383e-05
-3.678001613974000517e-04
2.372878047245998974e-05
-4.356004760060178089e-06
-3.367111502172299130e-06
4.782633218364002337e-05
-5.605383656244965727e-04
-2.880727280639600073e-05
5.257291558575592473e-06
1.004606920664321591e-02
-1.054008156538189958e-04
-8.248029966326694807e-06
9.889757784570414600e-05
-3.348930480887471841e-05
-7.353760236429164967e-05
6.335148983767285857e-02
-2.519564940939578168e-03
8.672297706094193349e-05
9.977789106907620869e-07
1.274082478682044743e-04
3.010980088348982903e-05
6.467572129855110651e-05
-1.587246079917082123e-02
6.640877594379461773e-04
-9.038902688579493255e-05
2.298844074266864334e-05
-2.641925233497509134e-04
-4.651168405923102191e-05
-6.487761784893066378e-05
4.159611086186910597e-03
4.358621666447226475e-05
-2.135039562510381435e-05
-9.894303592963293067e-06
-5.831506884255843731e-06
2.390936425674983733e-03
1.466882067163029858e-06
-5.762630927103574931e-06
-1.025131823797015230e-04
-2.387895812254535021e-05
-3.325505277751715560e+00
4.609992913696782324e+00
1.492328076599166220e+00
3.789901197287593587e-02
-2.043286381719265243e+00
2.509240253257072784e+00
1.331905607952270421e+00
3.618109231864713671e+00
-1.116782620528987191e-04
-6.931210971396381234e-04
4.998759942834666838e-05
-1.695399614821402063e-04
-1.474284188902103779e-03
7.840342682081728428e-05
-7.623140180070601100e-05
-3.236661974974212961e-03
4.035362735155760940e-05
4.156924822546858282e-05
2.762189179350400380e-03
-2.170491523133162039e-05
2.721039817177676120e-05
4.431734540931387897e-03
-1.220300708547637733e-05
5.793611211307698279e-06
-2.811156110017997301e-03
-4.752645439592414217e-06
2.872908368604622708e-05
-6.449805202811759001e-03
-1.794024718429736769e-05
8.197838541050238834e-05
3.485916234889822689e-04
-2.774609854606719175e-02
-1.687019572720104357e-04
7.361979816243474661e-05
4.414307743104640475e-05
1.106522700525858270e-04
-5.133753885523965367e-03
-5.574917068313891199e-05
3.809660744099290761e-05
-1.675658366247723957e-05
-1.596768480551997348e-05
-9.338774840888769413e-03
7.370792336556646288e-06
-1.443538946317814151e-05
-1.471965890900457375e-05
-3.104461059300673458e-05
-1.223210937122179258e-02
1.448626569602781802e-05
-1.263011654995471984e-05
4.141112214256616770e-06
6.244647675279435044e-06
3.884631966164444391e-03
-2.109250139127220900e-06
3.092857553976650733e-06
4.791252688190997971e-06
-2.390511000905663202e-05
1.887336006978464990e-03
1.443136625593350114e-05
2.587901434475628633e-06
-8.357953228797747672e-03
3.335008144301151875e-05
2.791669833856588704e-05
-6.270325500844383098e-06
-6.894037134779779170e-06
2.583364285768300863e-05
-5.281147619353928485e-02
4.793020998952354263e-03
-1.388074510148544724e-05
-2.450507496465421144e-05
6.152054209538298070e-05
7.110963156867551417e-06
-1.110646001405153803e-05
3.033444665495540690e-02
-4.257168577049107693e-03
5.304273440297777378e-06
2.866453348802451746e-05
-1.166693224544703691e-04
-8.044522357121551253e-06
4.565784073429580075e-06
-2.697816797561020802e-02
1.906936629001239317e-05
6.175192876538102210e-07
-6.049980642323843110e-06
-9.260046101879905988e-07
1.763383768206666993e-03
-1.225403165815340674e-06
-4.693760102296086472e-06
1.870679985955281838e-05
-7.501843530232375065e-06
-2.807483949589428818e+00
1.891730000936487244e+00
-3.524403454346525799e-01
1.605083041288373868e+00
1.362191189738675590e+00
9.458412037158865360e-01
4.257372800670316537e-01
1.670566312191167802e+00
-6.907488595407393459e-05
-3.208917961381802441e-04
6.982170312652100390e-05
-1.741288200240454496e-04
-2.004769471016298876e-03
1.723080995002348244e-04
-2.075684611993011942e-06
3.452849292979310539e-03
1.795392802116598464e-06
-6.397157084407343327e-06
-1.692374290143197624e-03
1.968807260281690732e-06
-9.635344477430643595e-06
-3.078425807530919822e-03
4.996673474020536390e-06
5.457784254656337374e-06
6.383276708551632525e-03
-1.039083307573052645e-05
4.282618438359999476e-05
-1.775423964529190932e-04
-9.380726290171212400e-02
1.503526605563171368e-04
-2.363094993307373248e-06
2.114698328339388616e-05
1.049969933392442428e-05
-2.109152382280325005e-02
-2.851327898953449403e-06
2.190736615126996742e-05
-3.354550046262300150e-06
-2.132591949333608204e-05
-4.367196070721422047e-03
1.467646352850775205e-05
-7.286972070206530747e-06
-1.321164632239215419e-06
-1.734500914555842636e-05
-2.623619732174288424e-03
1.069848897192329985e-05
-5.490714436783520790e-06
9.468460736241935414e-07
-3.037010181689831889e-05
-3.899678279731132093e-04
2.111026011821409064e-05
-5.700474979894367550e-06
1.450271579106887762e-07
3.460936699164808312e-05
-5.335935339574476594e-04
-2.603930102906040203e-05
6.212243772581523235e-06
1.005431023638387635e-02
-6.878660120806584987e-05
1.183658983170806232e-05
9.577272649834893750e-05
-3.552266084795422958e-05
-6.046917206774047443e-05
6.329676198536957066e-02
-2.528793451556076918e-03
5.811343664500914861e-05
-1.365057036307480018e-05
1.121878348455509816e-04
3.148658150514453637e-05
5.421413023252723593e-05
-1.581348671605304138e-02
6.757989673414468773e-04
-5.966699420974336910e-05
3.196692281386171472e-05
-2.287621010536221246e-04
-4.660831149129396540e-05
-5.375108253223424864e-05
4.085384293121998092e-03
3.571944683812002756e-05
-2.358682292120033736e-05
-6.117849475654236503e-06
-3.344777547074517419e-06
2.381249740116144365e-03
1.096044507552937976e-06
-4.506804921354104823e-06
-8.826914895801674316e-05
-2.314143150226795229e-05
-3.325503655875793552e+00
4.609976551056595540e+00
1.492327697325710911e+00
3.790927597849445829e-02
-2.043293567508955633e+00
2.509252755153954517e+00
1.331905379632671860e+00
3.618104084470407322e+00
-4.602495491087588874e-05
-7.383120432431880846e-04
2.330364717457623840e-05
-7.342665503565215523e-05
-1.542347356499350342e-03
3.826424959195951164e-05
-4.056788105769103763e-05
-3.271477388925578440e-03
2.311741093163439199e-05
2.181608042239726664e-05
2.778028332947542461e-03
-1.228734872184136047e-05
1.132037590845546605e-05
4.441270852899636967e-03
-5.719867886070450106e-06
5.713482607029931312e-06
-2.807680675950142979e-03
-3.740086536294864725e-06
1.971447610976003031e-05
-6.433370693500231954e-03
-1.196098357367239756e-05
6.495104748337281978e-05
1.692001320419894499e-04
-2.758582136916622185e-02
-8.869241102562284984e-05
5.282565416537096426e-05
3.232108066310259207e-05
5.708911780923149495e-05
-5.078000447724018498e-03
-3.072444417378888092e-05
2.615787152217085811e-05
-1.152582705082505955e-05
-7.199134349205186331e-06
-9.344084737776708546e-03
3.644690505550759655e-06
-9.657269552800347391e-06
-1.025044929105400377e-05
-1.423449636802178166e-05
-1.224904700970335519e-02
7.267082586334564030e-06
-8.480845622878305275e-06
2.395290854399380936e-06
1.622544120342117334e-06
3.890459890117858952e-03
-5.186068031911650723e-07
1.810785103897400651e-06
1.216460003827532541e-06
-1.601667689983366386e-05
1.878513308170642708e-03
9.437854219905930471e-06
6.849881883116087432e-07
-8.352552049973906156e-03
1.952241964644295500e-05
3.693255413207178974e-06
9.804069126853577013e-06
6.057547474773950175e-07
1.548914265393048782e-05
-5.284833039150614586e-02
4.786930217267669138e-03
-8.588444611415727953e-06
-4.791123481546101317e-06
5.302451550536640707e-05
7.093172000266424244e-07
-6.917538159174101145e-06
3.037444653711137560e-02
-4.249112522629592582e-03
3.687204315436070896e-06
5.153571247959679515e-06
-1.082581972719172728e-04
-5.087979789950208004e-07
3.058649044424967714e-06
-2.703044221650906243e-02
1.245810320171209749e-05
-4.599368164218809774e-07
-3.576058827146151076e-06
2.039361484859576607e-06
1.764217464727524907e-03
-1.683863643598032814e-06
-2.835220046265680415e-06
2.549601053120929137e-05
-4.811165628419124638e-06
-2.807482671520437734e+00
1.891737311472639238e+00
-3.524393908869034031e-01
1.605085396382059049e+00
1.362191239494077610e+00
9.458414012120626158e-01
4.257372894277224873e-01
1.670564873312666343e+00
-2.126890142203228726e-05
-3.584099005226986908e-04
4.149555331025141193e-05
-5.262670258065485566e-05
-2.089964192071774429e-03
1.021866204233716545e-04
-5.478725627797951256e-07
3.459494850263993351e-03
1.041705140079142869e-06
-1.271867582062749031e-06
-1.691995561768789430e-03
8.421096472998564443e-07
-2.399110020051549115e-06
-3.082079422718828846e-03
2.602537539286841755e-06
3.080141520156700890e-06
6.392616500325042951e-03
-6.454370637702112055e-06
7.679904779197322697e-06
-5.091065913289374498e-05
-9.388641100954919771e-02
8.717877591547851300e-05
-8.461282551042905299e-06
4.833096735675763793e-06
1.904634232670899250e-06
-2.109771090862477480e-02
-1.149778134032725194e-06
1.132722230349254273e-05
-8.086959459995035263e-07
-5.493616092463369949e-06
-4.374779293521356173e-03
8.227420559081985939e-06
-4.371249892310656853e-06
-4.921577138543017043e-07
-4.241899889959055504e-06
-2.629480173463435468e-03
5.869301830345308163e-06
-3.479524434172782236e-06
-1.479445906066289700e-07
-7.863588194627670611e-06
-4.023750206619575599e-04
1.185298756876321783e-05
-3.979522740193632243e-06
1.696889781827912763e-07
9.326074082700991081e-06
-5.176995102466200663e-04
-1.482357815279165667e-05
4.164086132029872904e-06
1.005828036223862555e-02
-1.467113509773478813e-05
7.998076900429799109e-06
1.009948905742117905e-04
-2.271477157520581936e-05
-2.960602784803464298e-05
6.327022183701548619e-02
-2.533677754377214580e-03
1.270241113701652962e-05
-7.601925521365353841e-06
9.716097782068683179e-05
1.993512745797305441e-05
2.711698637281140744e-05
-1.578221072455929241e-02
6.821761883625672386e-04
-1.285775467654651103e-05
1.279730366033623523e-05
-2.009529197856403486e-04
-2.867697130188774052e-05
-2.657733840607637806e-05
4.044927612554110978e-03
1.194102616394560115e-05
-2.514182075261479969e-05
-1.303910868185708115e-06
-6.416907948832660446e-07
2.375630341563896627e-03
4.993501332195535744e-07
-2.082076652421228159e-06
-7.811147183046254316e-05
-1.495207312101062663e-05
-3.325503068091150816e+00
4.609971440153502797e+00
1.492327495657077785e+00
3.791252809789948108e-02
-2.043295632266084905e+00
2.509256669116572525e+00
1.331905385242010187e+00
3.618102531226382812e+00
9.764907998080966071e-07
-7.499815532679610010e-04
5.043980401117019148e-07
1.642589331671039514e-06
-1.560941635548413961e-03
8.482436839507961212e-07
8.872466613943590767e-07
-3.283194837333286171e-03
4.590487507633072771e-07
-4.096747802548867888e-07
2.783379071674460959e-03
-2.124934111466244250e-07
-2.046781387263430863e-07
4.443545901932449867e-03
-1.061168785770958065e-07
-5.479225088949621652e-08
-2.805694606852892226e-03
-2.898810146897465767e-08
-2.376883895496102307e-07
-6.426411891891835489e-03
-1.245981320736435235e-07
1.703061487998668361e-06
-1.310091367642804743e-08
-2.753599923566468766e-02
-3.269586522917714882e-08
-1.225839344224033623e-06
6.452168520910339319e-07
-5.327461339124710045e-09
-5.059762876757525722e-03
-1.187886717893000982e-08
-4.640438788673616356e-07
6.322679214951975223e-08
1.722916669727904661e-09
-9.345558645072176568e-03
1.935998682331202431e-09
-4.763424652318525953e-08
-2.690955801239580323e-08
2.878528397239298243e-09
-1.225398564068513711e-02
3.587809652857214322e-09
1.804494364058726351e-08
5.303031357487305855e-08
-1.847146897766425269e-10
3.891780247646276815e-03
-2.261925236192751363e-10
-3.836077983814067714e-08
-5.584645488724728736e-08
3.174616602639927585e-09
1.874379824303078939e-03
4.466288220983855054e-09
4.009473475441300858e-08
-8.350299441205980000e-03
2.675345513457475917e-11
1.992926836607914967e-07
1.147051941094879169e-05
1.019704090484506888e-07
1.730710845984316446e-09
-5.286361559797455451e-02
4.784504960242377987e-03
-1.008871432815629347e-10
-1.047154578649808327e-07
5.297007059636997983e-05
-5.331686702500315615e-08
-8.467037501720137990e-10
3.039035759036320949e-02
-4.246012997897050979e-03
1.896899927980123206e-09
1.067750219366408787e-07
-1.090189022661280547e-04
5.446816740106419650e-08
-8.417853152954376487e-10
-2.705055666038113510e-02
6.393399838500771017e-08
-8.422195162629473213e-07
-1.616278320423580754e-08
-1.336844728415209509e-09
1.765359678476097552e-03
-1.229030459051164928e-09
1.142134517628654603e-08
2.791662445653145502e-05
1.797429232196395298e-08
-2.807482671552933962e+00
1.891737311017096079e+00
-3.524393909459797025e-01
1.605085396026095568e+00
1.362191239588514069e+00
9.458414013046626545e-01
4.257372894358836257e-01
1.670564873312715637e+00
4.724539770031298177e-05
-3.584094095115739195e-04
-1.257293936398534337e-06
1.168571037047298040e-04
-2.089962455163941156e-03
-2.287400090547992217e-06
1.231046557149252453e-06
3.459494892624336449e-03
3.911481223034073296e-08
1.288054257392678102e-06
-1.691995122775515406e-03
5.601948719628835259e-07
3.213173171974730556e-06
-3.082079088832216911e-03
4.064428763461617543e-07
-6.621666800679508796e-06
6.392616605874436829e-03
1.334375481485389882e-06
5.719115211648629271e-06
1.009637262852159577e-04
-9.388640790048551066e-02
5.696284683941917172e-07
5.844022675863939365e-06
-1.223040284348984516e-05
-1.950800787753707302e-06
-2.109771134133030593e-02
-1.075935478150867254e-06
-1.463579973846254036e-06
4.495307454432393498e-06
9.875556182815118040e-06
-4.374778925822017314e-03
6.526404965707441924e-07
7.960378433200143783e-07
3.455879390849986773e-06
7.206527187333157538e-06
-2.629479748811332056e-03
7.443428102067148794e-07
8.690851589103961142e-07
3.784801174641347917e-06
1.419949050630221228e-05
-4.023743512237320033e-04
8.925378505353424051e-07
1.263045369302916300e-06
-4.108338024904614233e-06
-1.750160020680846285e-05
-5.177002652674504279e-04
-6.737898522571732246e-07
-9.936028363152125323e-07
1.005827966698341451e-02
3.298061400542556343e-05
-2.371988291849636869e-05
1.009964139890684020e-04
4.325829438240539997e-06
2.078384720530471247e-06
6.327022303483932630e-02
-2.533677342931622140e-03
-2.984524679263966535e-05
2.102777379107836239e-05
9.716031377969845716e-05
-3.417694659939689153e-06
-2.527209993978004421e-06
-1.578221153280010003e-02
6.821758295858937208e-04
2.945960830758105839e-05
-3.118691353016285489e-05
-2.009526391365170500e-04
3.298238928870463786e-06
2.115000051245310429e-06
4.044928518625805214e-03
-1.881433676954837113e-05
-2.514186253314856803e-05
2.396254736035317417e-06
7.544045435141930392e-07
2.375630535727783852e-03
3.069498511074152866e-07
4.381248760481242969e-08
-7.811138794127122753e-05
-2.766679350849504133e-06
-3.325503599664056065e+00
4.609974795315880058e+00
1.492327776768623160e+00
3.791031033697971064e-02
-2.043294598715205357e+00
2.509254083887595410e+00
1.331905243677728334e+00
3.618103453116911616e+00
4.370598998118147642e-06
-7.466626225698459783e-04
-5.762231515272963718e-06
1.714562262109242528e-05
-1.553440062036340157e-03
-1.398600844170221152e-05
2.954496878810666590e-05
-3.273950057184989680e-03
-1.734888939379719352e-05
-1.503564590204936206e-05
2.779124359791888994e-03
8.982354732030729800e-06
-1.272752245063037041e-06
4.443305582234738545e-03
1.543102512465505274e-06
-9.665635378393127951e-06
-2.808614718366044243e-03
5.139341945612768280e-06
-2.340698381483812093e-05
-6.434261080027757138e-03
1.293285475354765081e-05
-8.523294166616691742e-05
-7.841265237431008434e-05
-2.756814545402519814e-02
5.418980879027088693e-05
-6.884052467173311417e-05
-3.906414854898581295e-05
-3.447601207771870110e-05
-5.073200467969645605e-03
2.212287286936316297e-05
-3.168157879839873949e-05
1.352663442164879467e-05
2.031747947417643924e-06
-9.344923790875793446e-03
-1.679909566300991014e-06
1.063599469004371824e-05
1.203019728159707968e-05
4.622995951729858500e-06
-1.225138069292298904e-02
-3.612968907675367259e-06
9.567299733024438229e-06
-1.887670305038959607e-06
2.588918896598931746e-06
3.891815017670506409e-03
-1.079042598913093583e-06
-1.658383629950561853e-06
1.907770890888669105e-06
1.789523417581805699e-05
1.879563163182847770e-03
-1.013903998177145465e-05
1.246408874633677465e-06
-8.352790029192130178e-03
-1.694025843176783443e-05
2.214075697215698235e-05
1.639401025453645667e-05
-1.005543263066921902e-05
-1.401153315382966697e-05
-5.284680604422352379e-02
4.787030548949178926e-03
8.342208015340608359e-06
-1.490733568814644379e-05
4.836840169379196669e-05
6.577035596570758583e-06
6.779983463693217834e-06
3.037382373167531527e-02
-4.249088583248438952e-03
-4.318959424935599398e-06
1.871536555285383883e-05
-1.024853916697641184e-04
-8.353082845804926134e-06
-3.425900573399550476e-06
-2.703061983034184268e-02
-1.320611353735614596e-05
-4.997730990923949888e-07
3.185277063826960952e-06
-6.917247618390567917e-06
1.763002136582846220e-03
3.522675850127979501e-06
2.668895434689542983e-06
2.575633259072153321e-05
5.041612849560821001e-06
-2.807484655683639474e+00
1.891730838950766103e+00
-3.524411785802142871e-01
1.605084529233340884e+00
1.362190504682006420e+00
9.458403817084695131e-01
4.257373237208313399e-01
1.670566635188870164e+00
1.076548734391841346e-04
-3.157218457189613688e-04
-4.129596403902717911e-05
2.631804238233479017e-04
-1.994088824045505207e-03
-9.897277902501939290e-05
2.561845132812674754e-06
3.452109850391485175e-03
-8.116091624778788137e-07
3.740811795859837065e-07
-1.694110924041407600e-03
1.478282322243700199e-06
5.019571838407885213e-06
-3.079918424478011400e-03
-4.774421024853905569e-07
-1.937484335095772099e-05
6.379844030168596754e-03
1.018903764641088103e-05
3.567995716597374749e-05
2.151345165341476116e-04
-9.380922464361449165e-02
-7.317912578464276410e-05
3.712780803241238223e-05
-2.310867030619067643e-05
2.885548871085053630e-07
-2.108741331936134222e-02
-3.108468120426053705e-06
-1.096787857325631020e-05
1.024415157481168117e-05
1.854711394151808295e-05
-4.369465608605458025e-03
-4.621257804251303609e-06
6.204505554237148137e-06
8.735488962630157816e-06
1.241831235193837675e-05
-2.626075608184011683e-03
-2.235374560278319630e-06
5.930611359181562185e-06
1.084610500750716973e-05
2.686916069776425518e-05
-3.928094606472622369e-04
-6.843907120286388000e-06
8.173321092474785703e-06
-1.069598915539552659e-05
-3.489255439072641823e-05
-5.316515787517274872e-04
1.024238768612032948e-05
-7.379735930066612727e-06
1.005658238824974973e-02
5.545801495314466251e-05
-6.922011709466072745e-05
8.251337080705865683e-05
3.616243651328464900e-05
2.037695167029842253e-05
6.328169706870180600e-02
-2.530466514874463255e-03
-5.256426169490046398e-05
5.948558437602615660e-05
1.221913649449669968e-04
-3.020297951679488382e-05
-2.163881152264454666e-05
-1.580270851300304841e-02
6.775976969132503592e-04
5.047068586605899123e-05
-8.083874587026621276e-05
-2.388806069253220825e-04
3.728753363780922474e-05
1.949835019704238047e-05
4.073918294860056667e-03
-4.375397721848958590e-05
-2.324211531642781249e-05
3.583571291665371510e-06
1.725116730962787757e-07
2.380298755334094626e-03
8.239943246325983218e-07
8.281890794849753321e-07
-9.037703764900255994e-05
8.455587062063451090e-06
-3.325504875513406233e+00
4.609980344242811334e+00
1.492328645964283940e+00
3.790641763815796872e-02
-2.043293765620062707e+00
2.509249767248339591e+00
1.331904634277441879e+00
3.618104710934138879e+00
-3.157609384979419162e-05
-7.529929189499503855e-04
3.900771666294790670e-06
-2.552702988230748260e-05
-1.553858427163311209e-03
-4.475834977472434028e-06
3.537861943126156572e-05
-3.254493979182728185e-03
-2.391086991719119914e-05
-1.708038259302735730e-05
2.770082819678481873e-03
1.206587184001299209e-05
7.198102592735226968e-06
4.446314002241946034e-03
-6.887512444837380109e-07
-1.869650756702834646e-05
-2.817837252414598457e-03
9.354385629736736580e-06
-3.991403379619361773e-05
-6.456164081687071517e-03
2.159469972134233371e-05
-1.572690772256439041e-04
-4.575972428360625544e-05
-2.761974384217216055e-02
5.831502806085371647e-05
-1.197874514869561486e-04
-6.956729832553962549e-05
-3.526461923708202126e-05
-5.099405280927245439e-03
2.826639964726304714e-05
-5.384666356273447622e-05
2.314869301398547109e-05
-1.271088579772555420e-06
-9.344770047165711080e-03
-1.085700659209546418e-06
1.782166450638818564e-05
2.077232512336493728e-05
-1.010597346489675905e-06
-1.224880414657036551e-02
-2.800406070441805297e-06
1.605928755519442496e-05
-2.682089238199036483e-06
7.792246351476632020e-06
3.894331471793935524e-03
-3.004628168283309337e-06
-2.421936851171440321e-06
5.893050245926757588e-06
3.012532382094774497e-05
1.894866600223715390e-03
-1.668601613030463101e-05
3.480974523541793419e-06
-8.359656233525331048e-03
-2.472064210631183366e-05
5.723432012915507209e-05
4.088014655172743372e-05
-2.380075253147752404e-05
-2.104832543953346155e-05
-5.280062984528370584e-02
4.793745105451581792e-03
1.312708199367734543e-05
-4.059085202195475515e-05
2.812892089775788362e-05
1.642512492785301467e-05
1.070252565840399165e-05
3.032986816532173835e-02
-4.257003446643589824e-03
-7.522846025082113684e-06
5.027582107886030029e-05
-7.522057329440557478e-05
-2.052271388178849608e-05
-5.810418114215613666e-06
-2.697925680775101545e-02
-2.182195196949967254e-05
3.266722701182621861e-07
4.741998926144626005e-06
-1.531371401523286136e-05
1.754615730565221117e-03
7.114903861227042715e-06
4.075846357689829064e-06
2.053117196585343979e-05
8.143270439649476539e-06
-2.807488421182942062e+00
1.891721248265980426e+00
-3.524447403881838525e-01
1.605084423373649205e+00
1.362188747937678190e+00
9.458380542005322411e-01
4.257374155319286757e-01
1.670569717433796564e+00
1.335789753661260286e-04
-2.433032693776867943e-04
-6.274504101548499077e-05
3.233796516705165353e-04
-1.832221566034783261e-03
-1.498146861104577947e-04
2.919796156571452484e-06
3.439693203413549203e-03
-1.192678348058251779e-06
-2.703067612234575442e-06
-1.698976122874639328e-03
2.956439953214366844e-06
3.119807974031280177e-06
-3.077769337349873461e-03
3.160491222999312490e-08
-2.834982064967101004e-05
6.356574378574545228e-03
1.621844703771417484e-05
7.497111238484193590e-05
2.476119132524864496e-04
-9.368804116157625206e-02
-1.066358048748238381e-04
6.829444424784911292e-05
-2.419142430042379495e-05
5.981214418546363363e-06
-2.106749692377363897e-02
-5.934521212715471758e-06
-1.391810126755020405e-05
1.357184651061535394e-05
1.816777496931488035e-05
-4.362951625662849116e-03
-5.939870386773470274e-06
9.513110791160964524e-06
1.247394220242328746e-05
1.054038236816438401e-05
-2.622767704998555001e-03
-2.319213092189834714e-06
9.401237294834904976e-06
1.684527300562601549e-05
2.659011362445357009e-05
-3.800259707414618045e-04
-8.888714574894309085e-06
1.344816725049709975e-05
-1.584356071679383465e-05
-3.709497688566330522e-05
-5.521976739835740685e-04
1.415977206214389313e-05
-1.201618490359478337e-05
1.005572441330788297e-02
4.839980954374026605e-05
-1.034542967518501462e-04
4.166702249645435827e-05
5.861280834689896644e-05
2.053488442505886481e-05
6.328758096905320873e-02
-2.526768970699652152e-03
-4.965503190974520964e-05
8.702937489407877613e-05
1.705506778122228514e-04
-4.858782265013661779e-05
-2.452569861965163414e-05
-1.582615519720316499e-02
6.718480368550544448e-04
4.562415343896666708e-05
-1.111899176107965329e-04
-3.078200444633676569e-04
5.879329111524093351e-05
2.081937958918273683e-05
4.110216585145741626e-03
-5.269638154530819745e-05
-1.988148977730059994e-05
2.280080229409391090e-06
-1.688903585990537081e-06
2.386848916335696999e-03
1.736054536352090024e-06
1.979251247886905027e-07
-1.118007930378967245e-04
1.446702626906808624e-05
-3.325506278486852096e+00
4.609982410514605888e+00
1.492329913893976068e+00
3.790444136372003725e-02
-2.043295503029388449e+00
2.509248062831143766e+00
1.331903530451861162e+00
3.618104556362328861e+00
-7.630768634642680869e-05
-7.830446690097394181e-04
1.675185441377239514e-05
-8.680175727213024109e-05
-1.584099143863457659e-03
1.332199966591556940e-05
2.181476285034217213e-05
-3.237544657236532744e-03
-1.951804921492732506e-05
-9.063452776432453866e-06
2.762053530208208926e-03
9.512671811361308593e-06
1.792992540719602672e-05
4.455412540526683916e-03
-3.776115163086392481e-06
-2.247793419099975649e-05
-2.831533991837929289e-03
1.026340022601670226e-05
-4.283433397982918143e-05
-6.485148170561156819e-03
2.201518734069319902e-05
-1.805502404275108515e-04
4.878622915389241858e-05
-2.763527549600176478e-02
2.985772442780690498e-05
-1.288083990125112141e-04
-7.736307135784802720e-05
-1.154200806556323596e-05
-5.118494091672376629e-03
2.087131129318158752e-05
-5.663899085384340755e-05
2.491514717956775586e-05
-6.598598941701934605e-06
-9.346810972534799755e-03
4.717962249815673393e-07
1.835997761132342827e-05
2.250762813526017164e-05
-1.094581337322148853e-05
-1.225189199783270275e-02
1.225042414194397805e-07
1.661347377915994535e-05
-2.230854944148752679e-06
1.208089583102629576e-05
3.901016245666885478e-03
-4.186927059550161978e-06
-2.172094863531593247e-06
9.231996341435043789e-06
3.176785044107607761e-05
1.916295406045759884e-03
-1.683954827234432659e-05
4.993017243765786675e-06
-8.368643999650302034e-03
-2.182473388654516895e-05
8.289736507933192112e-05
8.818566318448726278e-05
-3.074203987412864162e-05
-1.934525664661638562e-05
-5.274046602341089102e-02
4.802176898814253941e-03
1.280167852397165679e-05
-6.032590833098698725e-05
-8.923566365539410336e-06
2.181124810975064863e-05
1.037900432292716171e-05
3.027472795741407291e-02
-4.266558288622929532e-03
-8.173579922475151377e-06
7.425753979755657895e-05
-2.659339510806718902e-05
-2.706555123778562108e-05
-6.026069601466947184e-06
-2.691722216098561132e-02
-2.245230556664105595e-05
1.215106030047260711e-06
4.250771843040732604e-06
-2.034102601986243982e-05
1.741037663506883517e-03
8.450462969390216700e-06
3.801832049931822075e-06
1.481687721214715280e-05
8.035342175915374273e-06
-2.807492840564959291e+00
1.891712584443050016e+00
-3.524490837049736314e-01
1.605085780883978464e+00
1.362186338155953358e+00
9.458349452379624100e-01
4.257375489234818122e-01
1.670573082602930803e+00
1.145677722135130260e-04
-1.665520624283154338e-04
-5.841037557741089194e-05
2.746184892280059990e-04
-1.661487912493971562e-03
-1.384766939855428132e-04
2.292711187247884733e-06
3.426700211410259496e-03
-1.036993570251960065e-06
-5.194060705123230622e-06
-1.705495018351413719e-03
3.747773721333120482e-06
-2.068178282923809016e-07
-3.077120944158752078e-03
1.010928425653419021e-06
-2.799500334843651030e-05
6.330229995002815968e-03
1.643321011570202176e-05
9.289281479704270699e-05
1.945003595725756647e-04
-9.357004311003823405e-02
-9.317665603786715490e-05
7.806932080258730856e-05
-1.692022890470983737e-05
1.018928223158107607e-05
-2.104378131286636922e-02
-7.284958855005825107e-06
-1.067782966206837916e-05
1.260743299426014989e-05
1.118365982779277734e-05
-4.358730176092375820e-03
-4.007957675583858422e-06
9.218935682860099698e-06
1.229763043069017966e-05
4.627270808273946259e-06
-2.621912096318506670e-03
-6.262258106996139147e-07
9.479180447333069161e-06
1.765520650270729458e-05
1.666366504521784962e-05
-3.701762449975354980e-04
-6.147067577870241224e-06
1.406815818132457039e-05
-1.613730333128686462e-05
-2.615601163493529592e-05
-5.706244862373489315e-04
1.123069434047238870e-05
-1.236988437532461659e-05
1.005713972328592040e-02
2.358231259995414026e-05
-1.045174313395456943e-04
-1.184753876645793045e-05
6.011232096002792013e-05
8.987632948368539607e-06
6.327843568548707776e-02
-2.524761979479463181e-03
-2.910127955951830075e-05
8.641766906505967186e-05
2.280249516543539367e-04
-4.934898548972853458e-05
-1.512212700093974507e-05
-1.583871058623550349e-02
6.679267007462806648e-04
2.437505873805591923e-05
-1.049725593902515244e-04
-3.857047269016831113e-04
5.809620093474728269e-05
1.103193940277928449e-05
4.134844904055529589e-03
-4.319489451348750589e-05
-1.622362423550643582e-05
-6.451887927725035582e-08
-3.117219852403539204e-06
2.392243969821034738e-03
2.232826972071091519e-06
-9.488515431663551683e-07
-1.351307957176581752e-04
1.364314723664428175e-05
-3.325507274240885991e+00
4.609979413439580398e+00
1.492331159963510068e+00
3.790558815445721486e-02
-2.043299672570568326e+00
2.509250219439820739e+00
1.331902266818324465e+00
3.618102744928968217e+00
-9.135095603631430787e-05
-8.299906857869744766e-04
1.665899917540185292e-05
-1.130299367424953853e-04
-1.638594841746494066e-03
1.691782493607841902e-05
2.947139920719019256e-06
-3.230404195664360670e-03
-1.007008296647054352e-05
8.936300325301884140e-07
2.758471552911554402e-03
4.720203520506926553e-06
2.167162438767350195e-05
4.468299283192085462e-03
-3.841593338234370591e-06
-1.862122994511920316e-05
-2.845197084303855827e-03
6.859980551063824603e-06
-3.169551332930962230e-05
-6.511142957323666665e-03
1.398365805893951513e-05
-1.436950604514271746e-04
1.174482194807785268e-04
-2.760061386020985080e-02
5.579329272230683049e-06
-8.883444593053862635e-05
-5.960170547615178125e-05
1.336787676378824890e-05
-5.121267032005391920e-03
9.693026524841461442e-06
-3.827445685366265434e-05
1.860744495037255361e-05
-9.225145529762305378e-06
-9.350708292823677742e-03
1.015028311214302636e-06
1.211061301310516954e-05
1.690948136452688944e-05
-1.628469950454007839e-05
-1.226064462228594956e-02
1.429073949911873163e-06
1.102346063692990531e-05
-1.091915840802221249e-06
1.201216525471396694e-05
3.910101418880120722e-03
-3.179313564939412759e-06
-1.252984010188912622e-06
9.316146635345798151e-06
2.298685872939634428e-05
1.936599836931782561e-03
-1.065385914910596013e-05
4.169740538111653720e-06
-8.376613842142922872e-03
-1.224287849180601552e-05
7.914807951471892805e-05
1.443515494263192473e-04
-2.249574872045422073e-05
-1.135448995103160614e-05
-5.268735187578579837e-02
4.809337710759831533e-03
8.398618675989551771e-06
-5.851183512078935822e-05
-5.160809689179501371e-05
1.617023724758560375e-05
6.442062934534100143e-06
3.022804577444001065e-02
-4.274305742857757023e-03
-6.108848151739904172e-06
7.173235149468985068e-05
2.856073457486166993e-05
-2.000167033015494352e-05
-3.972782910188029824e-06
-2.686702322698236028e-02
-1.563384861941225052e-05
1.803436917434819858e-06
2.430346196962736502e-06
-1.824459223459548807e-05
1.726608665029931433e-03
5.928121088514815922e-06
2.283156261458712023e-06
1.083369823606064087e-05
4.812607274854170269e-06
-2.807496343021046226e+00
1.891707532354370613e+00
-3.524526398635075553e-01
1.605087893889309170e+00
1.362184184669378961e+00
9.458322170168587117e-01
4.257376725969223008e-01
1.670575573217408127e+00
6.154366723179485678e-05
-1.115327460843377994e-04
-3.291298528875615458e-05
1.459943988042710858e-04
-1.539768058997720941e-03
-7.726300561206161910e-05
1.111427308617248178e-06
3.417508446152359505e-03
-5.210663706963283763e-07
-4.580018805317357529e-06
-1.711224139012351231e-03
2.800676547333325124e-06
-1.977256516213243429e-06
-3.077903832435360115e-03
1.215425795136487625e-06
-1.705794299575734315e-05
6.309996666671258136e-03
1.031309550915690449e-05
6.814509553757667549e-05
9.287761969982330197e-05
-9.349342931473095253e-02
-4.833867373700365675e-05
5.323679662527726933e-05
-6.737093114577549896e-06
8.588425370346483199e-06
-2.102475134945673216e-02
-5.359718432758075492e-06
-4.614588200850980345e-06
7.480249017153474969e-06
3.253907724290634740e-06
-4.357776813120111878e-03
-1.193173629274779836e-06
5.401429708730059656e-06
7.651541698302975839e-06
-2.526766876630031375e-07
-2.623349426593765167e-03
7.204433951589134309e-07
5.821200999997083329e-06
1.152915983836680326e-05
5.115414368787530366e-06
-3.659704507524417410e-04
-1.983263109068697801e-06
8.949899658436551346e-06
-1.037689745238386537e-05
-1.047662121265215615e-05
-5.812565594657042797e-04
4.972901414162989158e-06
-7.691681303212584967e-06
1.005991073875394000e-02
1.789208620577389421e-06
-6.567045892235076382e-05
-5.809631720744715209e-05
3.785454243088186190e-05
-1.377880595354872065e-06
6.326025489157682813e-02
-2.524799949529403769e-03
-7.427785200468774239e-06
5.349093225071441433e-05
2.740907969576227791e-04
-3.079663426635548241e-05
-3.648759382651514819e-06
-1.583823966842348371e-02
6.668045533368512816e-04
4.112056021875503851e-06
-6.208353937922404624e-05
-4.453364715167424867e-04
3.522337374607147688e-05
8.854182081354041537e-07
4.141778199955851829e-03
-2.181453345609119529e-05
-1.352589073826319138e-05
-1.271064117627509701e-06
-2.670144783518439637e-06
2.394960698290844649e-03
1.673532870596368118e-06
-1.231533619320238662e-06
-1.523289169708655268e-04
7.637639543174052904e-06
-3.325507669823154711e+00
4.609974773425128625e+00
1.492331922951531498e+00
3.790801373928960605e-02
-2.043303598468712234e+00
2.509253676739975791e+00
1.331901393461208505e+00
3.618100710318420177e+00
-5.295110799918494135e-05
-8.684007739871389946e-04
-5.182358989953332959e-06
-6.811635029861633640e-05
-1.685716275767866305e-03
-7.646115533259131798e-06
-4.990297587621141257e-06
-3.231332853141442429e-03
-3.057338145898315419e-06
3.938943625592217332e-06
2.758672742179966997e-03
1.716756613150066363e-06
1.263578455476611746e-05
4.478377095349322587e-03
1.274436799252071715e-06
-8.368527110375396412e-06
-2.853674895704294643e-03
1.311807830389350296e-07
-1.263403122660631048e-05
-6.525676984486934035e-03
1.019167123216981657e-06
-6.371588618314873609e-05
8.669619953026465027e-05
-2.755162104059406813e-02
1.655316906385181813e-05
-1.497263098878228975e-05
-2.552093013033630736e-05
1.613454145848853101e-05
-5.114068633519357893e-03
5.121351510423410881e-06
-6.507922765647534959e-06
7.799465417059849492e-06
-5.803221887486301166e-06
-9.354152369927919153e-03
-7.815569080788278760e-07
1.939802595088994611e-06
7.098471830416429749e-06
-1.049373146750693557e-05
-1.226918908788475308e-02
-1.508575597046403577e-06
1.810207817609850094e-06
-1.373828233754361306e-07
6.267796351114013540e-06
3.917063323208226817e-03
3.532693357266830213e-07
-2.735734482419127102e-07
5.100860006242435783e-06
8.825480920868052773e-06
1.948609705641992556e-03
-9.561402345269077364e-07
5.605478033885076998e-07
-8.381024101747798494e-03
-3.050532976109738236e-06
4.021912606325139962e-05
1.841144477892707573e-04
1.814037590959361271e-06
-2.110767068548863532e-06
-5.265816648070705680e-02
4.813081983428716369e-03
2.909166865042180130e-06
-3.005431571415652958e-05
-8.124187433804208863e-05
-1.502263893823571187e-06
1.119961478235344815e-06
3.020365136656337490e-02
-4.278108609468770675e-03
-2.538257520137567438e-06
3.671519261021783114e-05
6.644889949463083636e-05
1.775464275249376122e-06
-6.391596108242943233e-07
-2.684230653928259061e-02
-5.443017956954942974e-06
1.994891344404796724e-06
6.075456547234868607e-07
-8.769298601824768212e-06
1.717131432067781288e-03
-1.488575261158224610e-07
4.486543574170425610e-07
9.340775638615820409e-06
-9.667109299528099325e-08
-2.807497653982865771e+00
1.891706233282271166e+00
-3.524540079740425269e-01
1.605089023643098800e+00
1.362183298523172992e+00
9.458311091068843934e-01
4.257377248023773708e-01
1.670576448321364094e+00
6.271905182296871909e-07
-9.283681855028430661e-05
3.110891078839877291e-07
1.908709371967250472e-06
-1.498655321292001680e-03
9.533381372431086241e-07
5.178017918853930871e-08
3.414418278550343609e-03
2.636301450658825093e-08
-7.306260513996292381e-08
-1.713555544437499710e-03
-3.585158980857634156e-08
-2.274119880414721439e-07
-3.078622007857405741e-03
-1.149444997994884159e-07
4.809284149270023567e-07
6.302624566942275838e-03
2.487309315884138502e-07
2.555372364467787753e-06
-1.203671406264718743e-08
-9.347023882872171341e-02
-1.482609567314189445e-08
-1.854411876076266710e-06
-1.238945649078582429e-09
-2.115302075849454276e-09
-2.101754819398504032e-02
-3.725837508013993014e-09
8.720822707122617866e-10
3.489359677290356276e-07
1.310880629728936677e-09
-4.358200324721146247e-03
1.373468179680120130e-09
-2.532850216668293393e-07
2.240948288100868068e-07
9.269394820999463253e-10
-2.624576543528644827e-03
1.689249168592199765e-09
-1.624909151134026818e-07
3.017392118593026403e-07
-4.171117784607542838e-10
-3.655672711343174903e-04
6.732326886042526057e-10
-2.187471267070021226e-07
-4.772180540563321539e-07
2.694984776195763614e-09
-5.839441725489097085e-04
1.416015526009246433e-09
3.464264546457050348e-07
1.006147474183504038e-02
-2.016770049089429108e-09
-4.231677074859774677e-08
-7.666503709098475543e-05
-7.727600919264601317e-09
9.502072185055573881e-10
6.324993742247635164e-02
-2.525345134251210429e-03
-3.535847783546959547e-09
-3.929337946047412741e-08
2.915337167588022286e-04
-3.102830770009640173e-08
2.717541216941464698e-09
-1.583467249895827156e-02
6.670353465749509882e-04
8.542900255833116809e-09
5.013202280384589602e-08
-4.670062232188065105e-04
3.724028586658890923e-08
-6.537661640970277285e-09
4.140261564486677134e-03
8.656558762653628818e-08
-1.257477494730198264e-05
-6.791283120234104671e-08
8.749243166691487373e-10
2.395427916635483982e-03
1.255363066455224110e-09
4.927163825914715255e-08
-1.584103516579054823e-04
3.141404000758934781e-08
-3.325507670215351652e+00
4.609974773793137359e+00
1.492331922725868010e+00
3.790801317237181556e-02
-2.043303598479223382e+00
2.509253676532499089e+00
1.331901393442368464e+00
3.618100710432735401e+00
3.288620504185863082e-05
-8.684004765922110833e-04
-4.335268657230396114e-05
4.390186139767891999e-05
-1.685715257815315060e-03
-5.531893995528180285e-05
6.864193592545756786e-06
-3.231333239130839991e-03
-2.883176804727676172e-06
-4.251919489604957468e-06
2.758672136045216099e-03
2.594086059241544793e-06
-7.825684473333152663e-06
4.478377132893435371e-03
1.032347227114338005e-05
3.969989362249173645e-06
-2.853674834793543807e-03
-7.305012136099252273e-06
4.982711528804735568e-06
-6.525677195940814482e-03
-1.142293160712039083e-05
2.258346741784853361e-05
-5.774417496454208287e-05
-2.755162322743247988e-02
6.678670356696565400e-05
6.225615006439893097e-05
8.526355590529272199e-06
-1.251687732661743501e-05
-5.114069038762845965e-03
1.140983027989786069e-05
2.519883553872133918e-05
-2.094186003580217510e-06
3.584522877064372836e-06
-9.354152371898776658e-03
-4.633773211156538381e-06
-7.734696925521269579e-06
-2.047006859415718317e-06
6.563741134937421390e-06
-1.226918887614120157e-02
-8.331402647280345398e-06
-7.043034970317188175e-06
-5.457121690944259500e-08
-3.443750112632888876e-06
3.917063253150692391e-03
5.249858473763620472e-06
2.435552444213365263e-07
-2.187520817228294268e-06
-3.585323457133866430e-06
1.948609757750738693e-03
8.118228960118372499e-06
-4.683750364436547962e-06
-8.381024519102251574e-03
-2.952540768968734403e-07
-2.131707654160519650e-05
1.841141458838546716e-04
3.389310435417542251e-05
3.693881507849293097e-06
-5.265816521294938019e-02
4.813082266852749744e-03
-4.893648716617526131e-07
1.614220487207054694e-05
-8.124159690881563268e-05
-2.525834128048230298e-05
-3.077349253419766660e-06
3.020365015042739479e-02
-4.278108830799947152e-03
7.225840835504160285e-07
-1.970926090450729563e-05
6.644866209261346673e-05
3.088830999594050419e-05
2.516030271718601089e-06
-2.684230514495056230e-02
2.922724606802766676e-06
1.994915567610237673e-06
4.892336539322887297e-08
4.516360860192178620e-06
1.717131376846349911e-03
-7.517528789346503131e-06
-7.461981889245009292e-07
9.340658358695727581e-06
-4.686723967407485282e-06
-2.807496403851211575e+00
1.891706586507054588e+00
-3.524526478756417891e-01
1.605087439848460251e+00
1.362184263009116991e+00
9.458322951368243192e-01
4.257376661339521418e-01
1.670575699422391480e+00
-4.075659382238434566e-05
-1.078507634139107198e-04
2.613101554329099683e-05
-9.226117595299096355e-05
-1.531284924495437613e-03
6.024821399738086085e-05
-3.586390067774115322e-07
3.416835728735013750e-03
3.278871561725138900e-07
6.801685567971708025e-06
-1.711053671608425914e-03
-3.770334859261994977e-06
4.748907848324047761e-06
-3.077295697836222692e-03
-2.668874333078742238e-06
1.741693460212826027e-05
6.309335842804731503e-03
-9.587936562233540107e-06
-7.946473065771859706e-05
-3.954510655887774433e-05
-9.348403549504667731e-02
2.807324356477556714e-05
-6.635248173889271854e-05
-3.342639173441221676e-07
-1.258368743060366327e-05
-2.102454614755130610e-02
6.866503779418306030e-06
5.712713549357410081e-07
-5.768484277381338837e-06
3.630289934141735621e-06
-4.356621672594864110e-03
-1.414335508805495095e-06
-5.329134836981081088e-06
-6.937881829674509424e-06
6.022319687926078777e-06
-2.622371701124828845e-03
-2.904899876236885362e-06
-5.995059453389784847e-06
-1.156059049478040654e-05
4.652655986540016271e-06
-3.641892814429367785e-04
-1.720653029608388265e-06
-9.751375365298516255e-06
9.585302807945656449e-06
-3.745125720125681119e-07
-5.833319291939575383e-04
-8.524533450079921240e-07
8.478702317314015086e-06
1.005917145768943886e-02
2.200594280243173663e-05
6.547156416478891136e-05
-5.705519764168467695e-05
-3.783386444384589313e-05
1.500511867639628871e-05
6.326526498752117755e-02
-2.524023965588787985e-03
-1.237710929252169848e-05
-5.226538817394979963e-05
2.745841168306916856e-04
3.024341145929025548e-05
-7.675942279825079771e-06
-1.584318853352133585e-02
6.658415121408606686e-04
1.631662783355162114e-05
5.533926791670937294e-05
-4.472844981053002199e-04
-3.255541233940912032e-05
1.077953280981409924e-05
4.147843416655491375e-03
1.220280263930489143e-05
-1.337555495386596060e-05
3.462379384599883822e-06
3.904331463976161778e-06
2.395730587995142154e-03
-2.157134554054990910e-06
2.658326541191273652e-06
-1.532075213714952241e-04
-5.538692684956822124e-06
-3.325507701279975858e+00
4.609984540985561985e+00
1.492331195974699432e+00
3.790241801870617572e-02
-2.043297241455864555e+00
2.509246310796768853e+00
1.331902415186671629e+00
3.618104412380865664e+00
1.318016557285928646e-04
-8.134535680144715101e-04
-7.958477836837645554e-05
1.783984845859722828e-04
-1.614709331567980733e-03
-1.026915514437879817e-04
3.431390979853862527e-05
-3.220375358769324292e-03
-8.119918556945266683e-06
-2.069085525669775173e-05
2.753932876535774687e-03
6.173749408663360993e-06
-3.153192760401715770e-05
4.464624015469517530e-03
1.896480221424181592e-05
1.324680276919432137e-05
-2.845385361324836125e-03
-1.242375846596017787e-05
1.360322884206352394e-05
-6.514457280980788523e-03
-1.864577115021140419e-05
7.855733514222458720e-05
-2.600168010217565324e-04
-2.765114193207471316e-02
1.285908224631751888e-04
1.117879671431828737e-04
2.788919013633653587e-05
-6.200253853458399952e-05
-5.137931058209930027e-03
2.387568234026051414e-05
4.432953027046449636e-05
-6.753279333753974190e-06
1.522919841614729140e-05
-9.348858343420926933e-03
-8.616585672240307823e-06
-1.315545445358971993e-05
-6.549597900124464236e-06
2.817843061569047844e-05
-1.225498139658699401e-02
-1.558136361866450790e-05
-1.208138020305642800e-05
-9.338520725293768115e-07
-1.317583430077056581e-05
3.907774789976750825e-03
9.324329209462400579e-06
1.524357513348615313e-07
-9.617388299729853177e-06
-8.851320776569817110e-06
1.937992763799070576e-03
1.317624719505875141e-05
-9.269767890035448274e-06
-8.377733897802160795e-03
-5.623969411819525514e-06
-8.036448325236778770e-05
1.359454981282606453e-04
5.968668260564548073e-05
4.212029286123605197e-06
-5.267956432226517799e-02
4.810727521578110448e-03
-2.372150980268564055e-07
6.126893998086519529e-05
-4.636455135257331640e-05
-4.462539719206357541e-05
-4.699923642139382333e-06
3.021893273591184578e-02
-4.276257813729613527e-03
2.333525624825500913e-06
-7.452958182233566215e-05
2.257739107718585063e-05
5.451889214089213553e-05
4.362211961571832799e-06
-2.685444645951334461e-02
5.870883509950955614e-06
2.103680409648160043e-06
1.022067711678232411e-06
1.606546328499958609e-05
1.727219876557769618e-03
-1.301724871656612185e-05
-9.047852211185654149e-07
9.049434455354031254e-06
-7.355419158084855926e-06
-2.807493277609564686e+00
1.891705809178003905e+00
-3.524491423881482843e-01
1.605082529820363035e+00
1.362186898964497184e+00
9.458355042237053256e-01
4.257375025596505935e-01
1.670573987020349094e+00
-4.827051417792392217e-05
-1.401106647562897129e-04
3.535139802326842492e-05
-1.045843405537340303e-04
-1.600521357776127232e-03
7.986446033430263838e-05
-2.809211516351876214e-08
3.421885045125657061e-03
3.038981771005767643e-07
1.293125525349503100e-05
-1.704275563451921943e-03
-6.691146661852120170e-06
1.049433855023633058e-05
-3.072780699439518239e-03
-5.153354895814317187e-06
2.695091062211768713e-05
6.325533283350071208e-03
-1.520943533567459607e-05
-1.422496947022857956e-04
-1.647810146658025554e-05
-9.350292183402569846e-02
2.827792363001966925e-05
-1.120317837537956266e-04
-6.718135199309503713e-06
-2.352391192022905235e-05
-2.104228991370791710e-02
1.213709730766434985e-05
-2.434419416339590818e-06
-8.498390568559724780e-06
1.177260304907382072e-05
-4.350471512882397862e-03
-4.353377042450975640e-06
-7.838484158364738234e-06
-1.094243610741476943e-05
1.460352228105020265e-05
-2.614917607428397101e-03
-6.377132781631145966e-06
-9.303601219624011326e-06
-1.912535481142668646e-05
1.590451614098010313e-05
-3.574342421879418003e-04
-5.718215767302461772e-06
-1.565897435451595260e-05
1.566327532103952867e-05
-1.005286519844833972e-05
-5.854638824273444538e-04
1.966959162383687988e-06
1.333493182153167001e-05
1.005193200052829743e-02
5.588828456731199983e-05
1.042305762355014636e-04
-4.609775048889795841e-06
-6.008513416957107453e-05
3.513491799937269814e-05
6.331341114798337555e-02
-2.519231015894016386e-03
-3.698622649469590428e-05
-8.216350751379661917e-05
2.315685629400956644e-04
4.772220121611819117e-05
-2.152946113640523488e-05
-1.587398983565016172e-02
6.610320758297109824e-04
4.380681270476084982e-05
8.226925867041629849e-05
-3.996483800126299311e-04
-4.972442755263043254e-05
2.675553473581508647e-05
4.178327209317678551e-03
1.091708353465714154e-05
-1.515122284666011560e-05
7.505720085957863711e-06
7.208601990029984670e-06
2.397650197288930720e-03
-3.776680827856913371e-06
5.263650013731456084e-06
-1.415401693976477680e-04
-7.263967598496156137e-06
-3.325508119537352592e+00
4.610004478465473454e+00
1.492330069562885608e+00
3.789079549920026935e-02
-2.043285044390297678e+00
2.509231241381105981e+00
1.331904167295805852e+00
3.618111731411022269e+00
1.986259075109608459e-04
-7.118039704006195621e-04
-9.206168839256121447e-05
2.730322844696522993e-04
-1.481161276508485749e-03
-1.200813802177015796e-04
6.248026546726424444e-05
-3.194275374524046650e-03
-1.267015647757648028e-05
-3.666792090751483656e-05
2.742466422454131400e-03
8.795002065280224592e-06
-4.762919664658804537e-05
4.439583372621304022e-03
2.196264460869293863e-05
1.608185965288643681e-05
-2.832365624612785855e-03
-1.321001681425879392e-05
1.132190466951824680e-05
-6.499470096985217847e-03
-1.882838847012028875e-05
8.642287249010064158e-05
-4.214987930232836190e-04
-2.785253385955630684e-02
1.568812190887494662e-04
1.171842132809214966e-04
2.717434273840252344e-05
-1.068591150369569445e-04
-5.190185604881338531e-03
3.141499084345265001e-05
4.528732948829710813e-05
-5.200772450705504802e-06
2.367993833528760485e-05
-9.338857145405452323e-03
-1.015530656493620739e-05
-1.301212954205505303e-05
-5.390527806070602484e-06
4.414476630079581767e-05
-1.222753907217801438e-02
-1.846396318524138949e-05
-1.203283497128469553e-05
-2.220430356054991026e-06
-1.873421633242644009e-05
3.891017836036115424e-03
1.043518857922499718e-05
-2.509601109180430484e-07
-1.403375730974049763e-05
-6.131608942322650432e-06
1.922307714652976606e-03
1.313073762554807598e-05
-1.090779221310657835e-05
-8.373480046986155403e-03
-1.526010214384057904e-05
-1.120708581376475869e-04
5.211884739269293963e-05
6.625177079025249287e-05
1.313657834474850008e-06
-5.270694601698268367e-02
4.808167847344186480e-03
2.913272658314387548e-06
8.612935930132453429e-05
1.363613876559924753e-05
-4.968972101079285018e-05
-3.851227039578781857e-06
3.023535496003671233e-02
-4.274969693190833718e-03
1.866966871948187183e-06
-1.044580043315153253e-04
-5.236876099424462704e-05
6.062137460961140536e-05
4.339953193849335067e-06
-2.686284193747148080e-02
3.284790546188677955e-06
2.495414102772209848e-06
2.797550059273605945e-06
2.121275084583402410e-05
1.743713017456583955e-03
-1.412764089829134373e-05
-3.414179619398254707e-07
7.073409840959128463e-06
-7.595978764516055919e-06
-2.807489640263790776e+00
1.891702337224353103e+00
-3.524449033223402417e-01
1.605075348044792349e+00
1.362190313397108943e+00
9.458396146610585919e-01
4.257372862115852419e-01
1.670572241738890851e+00
-2.760050884955306982e-05
-1.694394260892381537e-04
2.870207652801713591e-05
-5.194308227654766315e-05
-1.661866400299509376e-03
6.312986740546392794e-05
6.623115479251398203e-07
3.426258112375068186e-03
9.512967223243320612e-08
1.524986211794831691e-05
-1.695577295314126863e-03
-7.232355303200312022e-06
1.372250785006431416e-05
-3.065674459284456824e-03
-5.988620829438290207e-06
2.607852295221097102e-05
6.343507863035874501e-03
-1.466113713186104989e-05
-1.580712770047917155e-04
3.904424751994875205e-05
-9.350076816523684997e-02
1.167282215800273548e-05
-1.176758183115311269e-04
-1.408555458261963940e-05
-2.744990283097291630e-05
-2.106332816045386122e-02
1.304010732731965996e-05
-5.861684018347080617e-06
-7.345122804424288456e-06
1.879322331175891386e-05
-4.339907685818371330e-03
-6.299650529739328069e-06
-7.172037608741389466e-06
-1.056286600382853855e-05
2.042203791875175868e-05
-2.603250701460142671e-03
-7.933706676499378466e-06
-8.975723158626561105e-06
-1.961200285606661469e-05
2.584865953268083630e-05
-3.444715448612747531e-04
-8.479267696229415477e-06
-1.563601522679433040e-05
1.566958840774771903e-05
-2.120908780152207473e-05
-5.936028898358037143e-04
5.154860584334266026e-06
1.312635936017250861e-05
1.004118186007653749e-02
8.037928303936020297e-05
1.030039043320422779e-04
6.186298412364931061e-05
-5.854394678807418168e-05
4.607563859777429223e-05
6.338490408844821289e-02
-2.511350920850334220e-03
-5.746522335356722184e-05
-8.013233394372071001e-05
1.804311402688282579e-04
4.624221661968383538e-05
-3.079863050184910032e-05
-1.592456833318017101e-02
6.526271357485317979e-04
6.489137270460808770e-05
7.457001711158348458e-05
-3.467330910844925980e-04
-4.657927079636204145e-05
3.621916684560760842e-05
4.231593287224805211e-03
8.576504137130906442e-07
-1.691859439816401978e-05
9.732641117263994513e-06
8.180127849723707015e-06
2.401843087245115506e-03
-3.956562818133326333e-06
6.225380370706473212e-06
-1.298470060012307001e-04
-5.809737889379199869e-06
-3.325508957811692312e+00
4.610029203985079427e+00
1.492328995848765549e+00
3.787620093188678871e-02
-2.043270621815065802e+00
2.509212522234718801e+00
1.331906038886213617e+00
3.618120593349539060e+00
2.009861465062849173e-04
-5.953697880145014144e-04
-6.730615244909332953e-05
2.803702152616178306e-04
-1.326032978693733686e-03
-8.784077167045561572e-05
7.366180832081974128e-05
-3.158584337599773528e-03
-9.418892490560239672e-06
-4.240039367892785001e-05
2.726664303955573555e-03
6.516113093017443079e-06
-4.829008445327520415e-05
4.411302804672032757e-03
1.606187764891702299e-05
1.253649557535960180e-05
-2.819744929000191341e-03
-9.595016344996106967e-06
2.626921310898988050e-06
-6.488016685000084528e-03
-1.361518359664956066e-05
5.532639083746230711e-05
-4.533728549834221229e-04
-2.810083971546907880e-02
1.154781452126912584e-04
8.323615244061418239e-05
1.261850207172151534e-05
-1.205507091271951859e-04
-5.258221129058767568e-03
2.331342094796684080e-05
3.146017255969830160e-05
-1.536050647354394520e-07
2.459338778373967250e-05
-9.327171434605333045e-03
-7.455112577712853805e-06
-8.827227361753422672e-06
-8.893225120967963100e-07
4.614535258792109879e-05
-1.219490242635240008e-02
-1.355826034531451678e-05
-8.196716838924957547e-06
-3.035951445728516704e-06
-1.784317934151465979e-05
3.872226933537285115e-03
7.612447974168447661e-06
-4.422842690445389923e-07
-1.368226845769030611e-05
6.309610528111436694e-07
1.908279719539037215e-03
9.451963634556622085e-06
-8.498135003112871401e-06
-8.370431855269469187e-03
-2.226564870739856339e-05
-1.044766200016717007e-04
-3.878056503077355766e-05
4.836787838107216899e-05
-9.385450641215335428e-07
-5.272612124045090998e-02
4.807028569656815291e-03
6.216021553013538141e-06
8.104989971229568935e-05
7.788309570145240468e-05
-3.627436728112765605e-05
-2.099902572681791658e-06
3.024245454061810431e-02
-4.275622632517179014e-03
2.708065000838072235e-07
-9.800722059096763717e-05
-1.320110742262773263e-04
4.423693058282553452e-05
2.954099184614422262e-06
-2.685860494671245963e-02
-1.669429885142240490e-06
3.150773444725680008e-06
4.067287418335794245e-06
1.856146036283036003e-05
1.760472868245811957e-03
-1.022903776866330347e-05
1.415757486430768987e-07
3.315540808215913007e-06
-6.087654475701093718e-06
-2.807486837976316707e+00
1.891696975738301534e+00
-3.524414695727843272e-01
1.605068277715685277e+00
1.362193308174380446e+00
9.458431762550244537e-01
4.257370921590620250e-01
1.670571155293349541e+00
-2.211192204787596451e-08
-1.834473167169116696e-04
1.508462846720528054e-05
1.247747620026244768e-05
-1.689011544304566941e-03
3.230148024968767519e-05
1.074107942909687366e-06
3.428053220986549288e-03
-2.561553671775894449e-08
1.237398669047375593e-05
-1.688024878646234538e-03
-4.808643820515275696e-06
1.209948097535909122e-05
-3.058262795052853807e-03
-4.191098361702547627e-06
1.704340663167949594e-05
6.356452031127562616e-03
-8.873212652386223905e-06
-1.213086631061922817e-04
7.600086109587833529e-05
-9.347380989686392139e-02
-3.727689434537095447e-07
-7.978082113947366247e-05
-1.629441772459192328e-05
-2.208989058000733463e-05
-2.107995994532401579e-02
8.614545802444290997e-06
-5.900710312659525504e-06
-3.848005013322948801e-06
1.899196186984759377e-05
-4.328194691015109334e-03
-4.859844731714963771e-06
-4.283324712322645857e-06
-6.782446951415135313e-06
1.902950034984959266e-05
-2.591123881277308805e-03
-5.707406804169177353e-06
-5.617201010020949075e-06
-1.371207621785068534e-05
2.639229864264559715e-05
-3.291374184339364967e-04
-6.610147862054358989e-06
-1.010458930718433646e-05
1.053526424950324003e-05
-2.432335952000964986e-05
-6.058050225914279191e-04
4.719064543156497888e-06
8.427291872704379820e-06
1.003047215590755284e-02
7.700127487999318767e-05
6.873903236581012594e-05
1.189139439184121877e-04
-3.613942273572991957e-05
3.641712323243918007e-05
6.345636967899480341e-02
-2.502862751347261980e-03
-5.781935128058438348e-05
-5.247461083035713996e-05
1.398561577007000978e-04
2.839038883800848437e-05
-2.559067866166129645e-05
-1.597903209552959877e-02
6.432116140090559254e-04
6.344032143754498639e-05
4.362924255450703625e-05
-3.085720492435619321e-04
-2.782519909420289774e-05
2.918615222306074347e-05
4.291276359311223254e-03
-8.145760117187750000e-06
-1.800649365176668450e-05
8.630849722936663612e-06
6.459835395442384276e-06
2.407206419785114498e-03
-2.575586935714601142e-06
4.638800823691702856e-06
-1.227058484064044545e-04
-3.627226921348564550e-06
-3.325509874747325956e+00
4.610049716575733036e+00
1.492328329298579392e+00
3.786396814492190566e-02
-2.043259144797248350e+00
2.509196972263880721e+00
1.331907382814394802e+00
3.618127796194090084e+00
1.366803904888279581e-04
-5.054354620448243181e-04
-8.630423635754758729e-06
1.936358125481495857e-04
-1.204609220310867137e-03
-8.847582003311372533e-06
5.760723565149836146e-05
-3.126723914324912312e-03
4.860553626604889748e-06
-3.262156346878295615e-05
2.712472039456567847e-03
-2.214551974043393499e-06
-3.289481711671802513e-05
4.389755279997339943e-03
2.019766050873147825e-06
5.863946835484685430e-06
-2.811710429172613497e-03
-3.369725632157526446e-06
-4.493593363747466146e-06
-6.483446962907128512e-03
-6.791650921850402309e-06
1.564245177751686928e-05
-3.264981667196665996e-04
-2.830583004904476882e-02
7.385542111557658996e-07
3.192189654284511912e-05
-1.874027190063475938e-06
-9.052218069139631904e-05
-5.316890827980431077e-03
-3.653148935009720517e-06
1.258628906092214339e-05
3.631540544388929141e-06
1.711892122264229896e-05
-9.317974762882682074e-03
-6.598727775403464117e-07
-3.841691105518147229e-06
2.692111931077618076e-06
3.234078847798881105e-05
-1.216879383559844180e-02
-1.016885676622645535e-06
-3.490919390117728407e-06
-2.658833562705792159e-06
-1.132818230552328668e-05
3.858014120615765527e-03
1.630589613846433689e-06
-8.331823006303643600e-09
-9.132092764592721255e-06
5.221054456466435462e-06
1.900392267327901015e-03
5.018081735144759406e-06
-2.767655603030425192e-06
-8.369443766127146814e-03
-2.042313458690467445e-05
-6.454805501431757047e-05
-1.051410790426863520e-04
1.155632928479656559e-05
1.069490029018320293e-06
-5.273182717520131374e-02
4.807501907127735390e-03
6.697180725744601547e-06
5.067378828412620064e-05
1.241687269644091017e-04
-8.305372009476547226e-06
-1.337717632745669709e-06
3.023911813358740389e-02
-4.277737823733034246e-03
-9.895033473782319527e-07
-6.107412770130102265e-05
-1.889138315624595962e-04
1.023827315822169152e-05
1.278530958404611951e-06
-2.684486770901963956e-02
-4.396986007205115125e-06
3.799339199630961816e-06
3.676023344083597935e-06
1.056393677438826336e-05
1.771808242658133538e-03
-2.888983903981693765e-06
-1.954002934121065892e-07
-6.800345360137060241e-07
-4.100001112497641528e-06
-2.807485551448388961e+00
1.891692607783292956e+00
-3.524397736882051713e-01
1.605063941499394353e+00
1.362194940646331620e+00
9.458450905858352131e-01
4.257369837720402228e-01
1.670570840448264871e+00
1.042850985881201761e-05
-1.837866398642237450e-04
5.522979778262292662e-06
3.114409292777032900e-05
-1.687213653230972476e-03
1.349667756534581785e-05
7.468290244271535581e-07
3.427735351596533902e-03
1.348006524788794193e-07
5.396969759843893259e-06
-1.683961504695606366e-03
-1.991761873910428447e-07
5.638589667083098589e-06
-3.053491468876777439e-03
-4.360162457191386817e-08
5.849631445501496343e-06
6.361736966132705735e-03
-9.619577772404018226e-07
-5.112108241402699236e-05
5.332301396922541179e-05
-9.344351713220716560e-02
9.282259834417193198e-06
-1.434364168775184201e-05
-9.756818356154937154e-06
-9.600661116727033176e-06
-2.108788262565250080e-02
3.411997307896200859e-07
-5.909928658243076787e-07
-6.085381671712220355e-07
1.001949850968120417e-05
-4.320284815946234813e-03
6.175996961416611588e-07
-1.012646909356392993e-06
-2.163680922940526080e-06
9.459723182927491609e-06
-2.583332274469204125e-03
3.191921659064231984e-07
-1.120262686276091928e-06
-5.107924576396089591e-06
1.402651034579053418e-05
-3.183077895014434287e-04
9.088375399527343976e-07
-1.887622453523381197e-06
3.580351102777574898e-06
-1.387794400292914675e-05
-6.156095049902881190e-04
-1.327567750420200670e-06
1.735774811042943055e-06
1.002381403020415410e-02
4.072282381226676324e-05
2.342208274886072890e-05
1.490663410710378394e-04
-4.423442223476092901e-06
4.852682097461404149e-06
6.350072102479820124e-02
-2.497264844408136637e-03
-3.173529588284567700e-05
-1.733758727320277177e-05
1.204729962187115497e-04
3.640576311742801802e-06
-3.227466764042042635e-06
-1.601498577960545899e-02
6.368124220891722628e-04
3.414528258846500394e-05
1.149834762066494886e-05
-2.929583993855916111e-04
-4.531381052980577664e-06
3.802184241845070480e-06
4.331898609946937401e-03
-7.236184450662458100e-06
-1.833189919852505840e-05
4.213540889049466689e-06
2.809700943117530162e-06
2.411071395475362835e-03
-1.254839960561560337e-07
7.220561060423980799e-07
-1.206734978606422944e-04
-3.059774977784003621e-06
-3.325510325666260592e+00
4.610057699463309788e+00
1.492328165491442871e+00
3.785915402970576465e-02
-2.043254885718350788e+00
2.509190910782245432e+00
1.331907816979785997e+00
3.618130536242472939e+00
3.490298797727090923e-05
-4.732419083271733554e-04
6.396747007634284742e-05
5.056799710618987731e-05
-1.160401394221411298e-03
9.056537106642626779e-05
1.742960975948584909e-05
-3.113339147879842176e-03
2.680680501850470112e-05
-9.658435904248721424e-06
2.706474778562692127e-03
-1.518400577390968320e-05
-8.397932602387159267e-06
4.382178424041090030e-03
-1.539105028966265791e-05
5.817030935896786862e-07
-2.809624382215753120e-03
2.806025820458357869e-06
-3.292930105667647565e-06
-6.483781415055973191e-03
-1.955039570599557545e-06
-4.021348522753673802e-07
-8.770493365573391520e-05
-2.838526876455293654e-02
-1.522238601708435387e-04
-1.123328870573597982e-05
-3.218300538031184158e-06
-2.542555716617105743e-05
-5.340685499623697846e-03
-4.212518975081143869e-05
-1.182399571614167211e-06
2.257112966753847655e-06
4.420805104541866431e-06
-9.314606578038727575e-03
7.993686915137729549e-06
-9.817616411881174892e-07
1.782837054989099486e-06
8.418507503935977081e-06
-1.215903973650319519e-02
1.509903804520093361e-05
-6.114085136126109139e-07
-9.795413852453977168e-07
-2.583343593687170256e-06
3.853065808261895483e-03
-5.317508020909739000e-06
1.049059878768457703e-06
-2.865000189487066645e-06
2.844296376046296711e-06
1.898922852905048173e-03
2.321575402611006645e-06
4.065243368476196245e-06
-8.369714897609518284e-03
-7.957327034524632354e-06
-1.397459914401420926e-05
-1.270985117084169266e-04
-3.034298508228376509e-05
8.087038104751654473e-06
-5.272969449216018123e-02
4.808290971320361602e-03
2.825076731567915093e-06
1.121257328816412671e-05
1.392020801954775913e-04
2.380970261091404513e-05
-2.524399358294503535e-06
3.023388612375702000e-02
-4.279234305076566255e-03
-6.584446895373269184e-07
-1.345744085667900287e-05
-2.071752254553550494e-04
-2.869960980494208448e-05
2.278379274751004674e-07
-2.683516531339131747e-02
-1.852003665724793461e-06
4.089162033969718450e-06
1.404937612589046563e-06
1.992148472540725952e-06
1.775160237324418383e-03
4.986911466771860827e-06
-1.451270825466137821e-06
-2.619233983543326298e-06
-2.593861225171592051e-06
-2.807485551687178837e+00
1.891692607872560439e+00
-3.524397740928691958e-01
1.605063941647908221e+00
1.362194940672663668e+00
9.458450905556062827e-01
4.257369837664851109e-01
1.670570840355974918e+00
-8.773218345667672951e-06
-1.837884471333118988e-04
6.208637548885910476e-06
-2.354430232474719021e-05
-1.687217382892193833e-03
2.003311726677210806e-05
-3.900199043441395506e-07
3.427735704802024365e-03
5.741920247421533461e-07
-2.673404174202986149e-06
-1.683961249807541284e-03
4.778786348495538751e-06
-3.228398176640249789e-06
-3.053491570703053149e-03
4.926121775922030986e-06
-1.166114858461375297e-06
6.361737453880938163e-03
5.494507805413951688e-06
1.865237584227802899e-05
-3.474588162205756448e-05
-9.344352060092271650e-02
4.153144012069310420e-05
5.085521512041566231e-05
4.370743811524597291e-06
4.510551271965128410e-06
-2.108788306342443755e-02
-8.480861564593148688e-06
8.743654716316442491e-06
1.735232184089757318e-07
-5.549434830345031354e-06
-4.320284837338110064e-03
8.365363099812947982e-06
9.545576317053864614e-07
5.934304684635105017e-07
-5.012205247249767282e-06
-2.583332380731149115e-03
8.029649866994509433e-06
2.382721395554788656e-06
1.570407401256633500e-06
-7.811370241834049858e-06
-3.183082912262333438e-04
1.168901103550869466e-05
5.297872575128397346e-06
-1.310218197633074556e-06
8.102826533335976631e-06
-6.156089636837240933e-04
-1.135182478639748314e-05
-3.860257118937760975e-06
1.002381375487882385e-02
-1.620075580325776212e-05
-7.995808264872793838e-06
1.490671890976349176e-04
2.248593475028160224e-05
-3.768353969102657418e-05
6.350072068228077016e-02
-2.497264693976354154e-03
1.309250803050600914e-05
5.465501720122499503e-06
1.204720613164312834e-04
-1.682011486658387383e-05
2.909129197944186179e-05
-1.601498516428612531e-02
6.368123468660640300e-04
-1.379238585896774406e-05
-1.750592695206324404e-06
-2.929568649647832073e-04
1.220851248212513583e-05
-3.146609507162600707e-05
4.331897826689227841e-03
6.426172346919650608e-06
-1.833189485071470135e-05
-1.630479077546991126e-06
-1.297424290178355788e-06
2.411071329442699557e-03
2.494769271103635587e-06
-3.993689934945445147e-06
-1.206735158132230955e-04
-4.764833233623814625e-06
-3.325509874833235457e+00
4.610049716555746357e+00
1.492328329073735027e+00
3.786396786955439908e-02
-2.043259144556555551e+00
2.509196971926613617e+00
1.331907382900902492e+00
3.618127796421657827e+00
-5.900963311758409923e-05
-5.054308144675037119e-04
1.225552536230812444e-04
-8.602654951597556231e-05
-1.204603138185274258e-03
1.719095318296975602e-04
-3.131744738201473364e-05
-3.126722908942668709e-03
4.735842944383431707e-05
1.744774803167285597e-05
2.712471530522453812e-03
-2.709620876976864663e-05
1.431036733928370821e-05
4.389754104701791559e-03
-2.946983711050417734e-05
-1.182280488396990783e-07
-2.811709810564822203e-03
6.766830045906897625e-06
7.676664867820232242e-06
-6.483446265181976552e-03
-4.722683483297836712e-07
2.348163521471417311e-05
1.627031027356968119e-04
-2.830583860642682525e-02
-2.830578553701263702e-04
-2.987228986325962706e-05
1.322847218959174259e-05
4.845152664116036934e-05
-5.316892961019679779e-03
-7.655022816041841889e-05
-4.807631499558125628e-06
-5.014656158219080015e-06
-7.990179021553691236e-06
-9.317974472368029809e-03
1.515158029848676804e-05
-1.240074152426613265e-06
-4.432272762441745453e-06
-1.529488397319805925e-05
-1.216879259064854342e-02
2.850935260990397694e-05
-5.814865209277019069e-07
1.436719340345598976e-06
4.253906927338735546e-06
3.858013414002340203e-03
-1.062310177084452345e-05
2.294663296300178815e-06
2.052143956109914392e-06
-6.957809450931396458e-06
1.900391648872413672e-03
2.012367858916349543e-06
9.302920658135062457e-06
-8.369443173747822401e-03
1.115065441864675143e-05
2.266361171556518145e-05
-1.051450951871112961e-04
-6.168279706377332423e-05
1.715160795913951564e-05
-5.273183032499043771e-02
4.807501362096583235e-03
-4.512646594224452758e-06
-1.835673454875814479e-05
1.241715268792685815e-04
4.803583891736885121e-05
-5.131281451710055070e-06
3.023912104664729442e-02
-4.277737258107803565e-03
1.608113372999063206e-06
2.188846666689400573e-05
-1.889172783883288627e-04
-5.800688633914735399e-05
2.177904500323547904e-07
-2.684487082978578854e-02
5.867435227403595026e-06
3.799300934751912829e-06
-2.044038407290431421e-06
-2.783177592178992373e-06
1.771809055147983893e-03
1.059039961741003515e-05
-3.082111409645353434e-06
-6.797699847979008009e-07
-1.783183235525230300e-06
-2.807485957143723176e+00
1.891698837707187053e+00
-3.524406122992171930e-01
1.605068084682418794e+00
1.362193770018709671e+00
9.458437758952609187e-01
4.257370669561494347e-01
1.670570471694624581e+00
-5.081112076479945167e-05
-1.991466256341280347e-04
1.468281002035555879e-05
-1.316307231397748794e-04
-1.723962358327677099e-03
4.393842686740712924e-05
-1.845836985318023588e-06
3.430712340370197563e-03
1.039687334413158933e-06
-8.444007558426329954e-06
-1.686774184997208133e-03
8.115444577940875379e-06
-1.084261290743305881e-05
-3.058502024359887207e-03
8.621010265405090533e-06
-7.617034240232110099e-07
6.361764625094225301e-03
8.275031234673669000e-06
5.801942202562645568e-05
-1.540407320569171833e-04
-9.349861811295276381e-02
7.917233449521636306e-05
9.001082096674373786e-05
2.049960734386980146e-05
1.433008674824526519e-05
-2.108466406882324520e-02
-1.432477347839363250e-05
1.789329536761234986e-05
-1.992140395869785999e-06
-2.142537308594967934e-05
-4.329217460195847363e-03
1.491278642640356066e-05
1.004599626201419990e-06
1.816959209476459714e-07
-1.847448182741616099e-05
-2.591455405068215402e-03
1.408792865554369151e-05
3.637442430887254379e-06
3.325555871827367898e-06
-3.029882979159048158e-05
-3.313744912895464278e-04
2.087305213448029426e-05
8.746179094759392122e-06
-1.907762174856360450e-06
3.284441590111070988e-05
-6.018302999362615128e-04
-2.064105673927265770e-05
-6.281739558299657451e-06
1.003033990473595899e-02
-7.094099405646369825e-05
-1.150376768505927141e-05
1.292666149756385068e-04
3.515549634374395572e-05
-7.316646012176623317e-05
6.345738446792406617e-02
-2.503380600436702456e-03
5.864724259768255957e-05
5.534919482378973857e-06
1.284366655727396645e-04
-2.591503201223845643e-05
5.731192533980961252e-05
-1.597573455624438574e-02
6.441295796175589309e-04
-6.094383429678897128e-05
1.058117966840213393e-05
-2.928901198668746415e-04
1.721750022767641085e-05
-6.137706406603542762e-05
4.285421008822534912e-03
2.749992594893371366e-05
-1.873580671087768392e-05
-6.602680557058369037e-06
-4.195688901280406646e-06
2.405982800455239070e-03
4.259856495627386207e-06
-7.514123057088861247e-06
-1.179316728248609768e-04
-7.180261765701103357e-06
-3.325508462819350530e+00
4.610029013778529361e+00
1.492328507859739029e+00
3.787659080331695627e-02
-2.043269655617166780e+00
2.509212717247222280e+00
1.331906485722136990e+00
3.618120852767201079e+00
-1.071609950745803488e-04
-5.816825352510080448e-04
1.442628073055329525e-04
-1.607961507852164493e-04
-1.311385930503563722e-03
2.024891929518275084e-04
-6.835814909123666926e-05
-3.163984880744414793e-03
5.609038860942613941e-05
3.746057959526703465e-05
2.729240802102743564e-03
-3.207997262881567211e-05
2.606523552340433977e-05
4.407317104290919656e-03
-3.469880059309079649e-05
3.842370864383158767e-06
-2.814442055101418986e-03
7.830115159875668842e-06
2.351036486343240561e-05
-6.477150540347176820e-03
-8.801368868683140397e-07
7.674741940233095489e-05
3.221465506719840746e-04
-2.810087198195792765e-02
-3.344686104252484176e-04
-2.566389207671025967e-05
4.048674549300056792e-05
1.005770796856297541e-04
-5.252792200687629760e-03
-9.061387080691008194e-05
-9.377440999785884114e-07
-1.513297118812871246e-05
-1.505994986830577684e-05
-9.326156185364831500e-03
1.787183047531043360e-05
-3.143438662989609457e-06
-1.333211662296918797e-05
-2.913600193160130247e-05
-1.219302387910154231e-02
3.363586446733967045e-05
-2.179979659921624254e-06
3.592423118101959802e-06
6.487237901324264187e-06
3.869348905210892239e-03
-1.247274663773146431e-05
3.042070230267437381e-06
3.657476239311337145e-06
-1.984337131687668350e-05
1.900115909462790414e-03
2.628708002610532815e-06
1.110365582449114606e-05
-8.367065328938888200e-03
2.903723060815981952e-05
3.100785459312033285e-05
-5.816140801262936668e-05
-7.228977301304814252e-05
2.300726944494331142e-05
-5.274857456314708398e-02
4.803915143778374371e-03
-1.224178036561575491e-05
-2.638009074056123549e-05
9.289878754665276020e-05
5.632368778915068847e-05
-7.280562262305617024e-06
3.026277655896074392e-02
-4.272146754312273337e-03
4.809908123493742522e-06
3.106712937371315766e-05
-1.516117733669514883e-04
-6.801635396750902471e-05
7.903482952075703361e-07
-2.688118324604573187e-02
1.517123204061767662e-05
2.860652429066937738e-06
-5.285453820778201598e-06
-2.068109454279912982e-06
1.765828820518134659e-03
1.240490689986394412e-05
-4.105927788928921072e-06
5.334659980254373337e-06
-9.586092303163499099e-07
-2.807485848926951189e+00
1.891710341966231557e+00
-3.524412133858891849e-01
1.605074509992026943e+00
1.362192304262453746e+00
9.458421989496199611e-01
4.257371774786136154e-01
1.670569298843028960e+00
-9.303649799443400141e-05
-2.370827489307812197e-04
2.153198202199277402e-05
-2.359576837458097446e-04
-1.812515378223932862e-03
6.107485582453223247e-05
-2.936345996608663622e-06
3.437741158756823893e-03
1.229162442816702756e-06
-9.895346899396601073e-06
-1.690168452663822147e-03
8.568836250254183590e-06
-1.417689068160566511e-05
-3.066657625079467330e-03
9.377581407206960439e-06
5.385259548375788004e-06
6.366340001237684280e-03
7.565577050447260931e-06
5.618003872684824681e-05
-2.469616091947922365e-04
-9.360733893068631795e-02
9.559700558435892982e-05
9.180320983669763434e-05
3.145921248389926854e-05
1.648943153688616511e-05
-2.108360521850405692e-02
-1.506104461126813551e-05
2.182677259309734100e-05
-5.634338461123047698e-06
-3.071166192158707902e-05
-4.344284123110016445e-03
1.675519626953579495e-05
-1.155645146813872107e-07
-2.629479283842070503e-06
-2.534207869907585003e-05
-2.604653177827063147e-03
1.554025221639764257e-05
2.850376076071575016e-06
3.458440918973484999e-07
-4.363888139432485318e-05
-3.540597448194858108e-04
2.350628343376387388e-05
8.040488044122290985e-06
1.223983781140947113e-06
4.914659664368116389e-05
-5.765394620807994495e-04
-2.371563444471403565e-05
-5.460283206620256298e-06
1.004058768601972379e-02
-1.007418336631216388e-04
8.686368485676526370e-06
1.067533288803936345e-04
3.310289327277594787e-05
-8.447920457210628662e-05
6.338919477569429639e-02
-2.513575204177319247e-03
8.558968517319027591e-05
-1.263356194682467410e-05
1.312126980503894541e-04
-2.383808119318481280e-05
6.734037866369460014e-05
-1.591050516601967557e-02
6.565778775159751253e-04
-8.758249266363998906e-05
3.812642034362016824e-05
-2.792214077400291474e-04
1.344417230667586546e-05
-7.142934931603880553e-05
4.206504124688325436e-03
4.519854745925559183e-05
-2.007717067317727261e-05
-8.814900800626420275e-06
-4.949017104623633690e-06
2.396719213828841632e-03
4.549949089753599211e-06
-8.327245175000361416e-06
-1.094283383101175334e-04
-7.384711540633192423e-06
-3.325506491049032398e+00
4.610003953484075545e+00
1.492328452633466140e+00
3.789201934987108944e-02
-2.043281795313309779e+00
2.509231806622058247e+00
1.331905649988896823e+00
3.618112625046962627e+00
-9.822858198189610135e-05
-6.661506123973322908e-04
1.218327463584588366e-04
-1.538645203059832781e-04
-1.432169583054158186e-03
1.706917423141636654e-04
-7.914600411754409203e-05
-3.211902468401135573e-03
4.654623209367709976e-05
4.270619988250409695e-05
2.750894968296115420e-03
-2.666909009110181666e-05
2.404644998987097754e-05
4.426317631406488651e-03
-2.929322906720761778e-05
9.432974183491522408e-06
-2.814813450755087546e-03
6.913305765690257313e-06
3.552101046893787166e-05
-6.463557601227893842e-03
-3.103563174187992032e-08
1.286100322502491870e-04
3.381780670434709948e-04
-2.785368532694146998e-02
-2.800342248823792886e-04
-1.484704111503405122e-05
6.371810767867492514e-05
1.117969899983601846e-04
-5.172555379880599755e-03
-7.541721985339209676e-05
2.408196565443952214e-06
-2.287389938432749339e-05
-1.477735315374766917e-05
-9.335459134122635685e-03
1.502540346024213158e-05
-3.781967423046283203e-06
-2.028855849247061639e-05
-2.903653974575905441e-05
-1.222120134462265778e-02
2.825888761535483252e-05
-2.840242323979610369e-06
4.596879246519278926e-06
4.216821574502872160e-06
3.881438134453588096e-03
-1.062146752460599978e-05
2.738417441666830037e-06
2.041098417562841437e-06
-2.895890714136656051e-05
1.895300033442265169e-03
1.642488906853673620e-06
9.278719944426393125e-06
-8.362365833150755060e-03
3.795067910099341705e-05
1.416976415215103003e-05
-1.225179408239637042e-05
-6.170290626448523630e-05
2.097087553133111757e-05
-5.278112578800921162e-02
4.797880193908969637e-03
-1.682144680968868127e-05
-1.444747010533096079e-05
6.349585048316823996e-05
4.800966580267119555e-05
-6.871842045576414341e-06
3.030251776273899106e-02
-4.263479465326579058e-03
7.332877257030588587e-06
1.628457343958988201e-05
-1.174412636216001923e-04
-5.801950285500347430e-05
1.005636275525507431e-06
-2.693743735959514343e-02
2.110932587219884808e-05
1.528776329611144945e-06
-6.992421051512497691e-06
2.430042504078237519e-06
1.761478523935104635e-03
1.072962424788841232e-05
-3.711812538114866281e-06
1.365583766800755514e-05
9.113648856145962687e-07
-2.807484866287776715e+00
1.891723512819073472e+00
-3.524409521642833942e-01
1.605080640067350295e+00
1.362191322167477292e+00
9.458412444109298711e-01
4.257372608127053537e-01
1.670567464297797899e+00
-1.092218509765691760e-04
-2.900179253742895093e-04
1.622208058293690754e-05
-2.728992180502699556e-04
-1.934390552365928195e-03
4.582122780232030212e-05
-3.090811977524903616e-06
3.447340941968055766e-03
9.063897928310324338e-07
-7.346961549047039432e-06
-1.692254426217234490e-03
6.203001711739712719e-06
-1.237923601261285266e-05
-3.074907765609008470e-03
6.791803288859080289e-06
1.186772895182748384e-05
6.376141385900004760e-03
5.448589502290140178e-06
2.606275634554050113e-05
-2.631215883369089799e-04
-9.373888351170932276e-02
7.026198470962027832e-05
6.337307932644484513e-05
3.227660863769388786e-05
1.178051749843560942e-05
-2.108726295359296052e-02
-1.090220661958581219e-05
1.745386389952544365e-05
-8.178519324213869815e-06
-2.948466566339687180e-05
-4.360114045089125145e-03
1.222578150734973721e-05
-8.762205526043607452e-07
-5.483463138026286823e-06
-2.320037664538679645e-05
-2.617968131986574479e-03
1.132288821111414971e-05
1.396207256577309207e-06
-4.239199362778380944e-06
-4.211404679568270931e-05
-3.786017032914936213e-04
1.716599675034429255e-05
4.981853264115151145e-06
5.167535203942724779e-06
4.924304333423539979e-05
-5.477214218135903869e-04
-1.734614492117945710e-05
-3.099944096417425922e-06
1.005042028588213829e-02
-9.528907095908696980e-05
3.352961214994433828e-05
9.471164619194590798e-05
2.365866549630799679e-05
-6.498172045404305617e-05
6.332320476074382309e-02
-2.524122035295100781e-03
8.332431741815202859e-05
-3.267667798995010133e-05
1.224890768314248069e-04
-1.695037856873890297e-05
5.248579116880956697e-05
-1.584305129450025093e-02
6.697768181180271735e-04
-8.383194159684635531e-05
5.954635330758580605e-05
-2.499948026465120994e-04
9.292306469429247943e-06
-5.531942517963644963e-05
4.123022868543313284e-03
4.901697585361240110e-05
-2.215430572812959205e-05
-7.757855166535174130e-06
-3.738288133283258302e-06
2.386304689794961284e-03
3.374430939705346292e-06
-6.170342597387806695e-06
-9.638444995217950991e-05
-2.981838786486866771e-06
-3.325504649584216210e+00
4.609983911896468278e+00
1.492328137643611718e+00
3.790450868343768487e-02
-2.043290918612366891e+00
2.509247102658813233e+00
1.331905232279768425e+00
3.618106222610721900e+00
-5.182459558091743302e-05
-7.258624312219114473e-04
6.628007466917695150e-05
-8.910734923097221073e-05
-1.520275326099961022e-03
9.070670519741025470e-05
-6.203346181803369170e-05
-3.253021055541458623e-03
1.978990048444260319e-05
3.285022124508290848e-05
2.769563084943187092e-03
-1.168916456952608660e-05
1.289008947191127116e-05
4.439253117463369536e-03
-1.587847154876404512e-05
1.227632262727126200e-05
-2.812174006059533268e-03
5.757880453098992418e-06
3.600286316599389297e-05
-6.446712240758568739e-03
4.706234435992638351e-06
1.438693458661216324e-04
2.324439252876382949e-04
-2.765692006103893583e-02
-1.371534005005038204e-04
-1.738047873515061889e-05
6.815454887927590427e-05
8.354883267313997287e-05
-5.105735352144780484e-03
-3.418024887892065429e-05
-2.883062722857178348e-06
-2.361125073073298440e-05
-9.055824900530919281e-06
-9.342296367167697221e-03
7.806459753134616976e-06
-7.263806248617083858e-07
-2.108559823916629993e-05
-1.829801659386291770e-05
-1.224258108610960273e-02
1.451965850712734253e-05
-3.229875017205330200e-07
4.087369861839535723e-06
1.038746338555657595e-07
3.889473397594486043e-03
-6.352311940091121951e-06
1.270940163469800134e-06
-7.696231970431386291e-07
-2.866226513180762287e-05
1.886963613084687800e-03
-2.799193345995363370e-06
5.248151444684449676e-06
-8.356781363033156246e-03
3.433389766563143462e-05
-9.961782240730965732e-06
1.348042871527287655e-05
-3.825733719568624573e-05
9.683600169041358926e-06
-5.281948157890584139e-02
4.791369518612572341e-03
-1.599989238562045049e-05
4.252588802468169920e-06
4.842922276201023363e-05
2.931766573060206476e-05
-2.909124379958448533e-06
3.034538125769811051e-02
-4.254656060113866031e-03
7.627024400221707896e-06
-6.289697706363841351e-06
-1.010824744760529083e-04
-3.559982802372118563e-05
1.305565958512124814e-07
-2.699467236843171303e-02
1.985723696521106066e-05
2.608256676053318232e-07
-6.432338502777795128e-06
6.637112551740157560e-06
1.760907416046275046e-03
7.317332698803453146e-06
-1.667792451011053546e-06
2.139105788049139743e-05
4.413096143204058948e-06
-2.807483466556669693e+00
1.891733679297690207e+00
-3.524400421268519823e-01
1.605084454693457729e+00
1.362191085148651171e+00
9.458411445568083442e-01
4.257372928523039946e-01
1.670565679781163215e+00
-8.447129136177255668e-05
-3.379920055528920888e-04
-5.807867328833255084e-06
-2.084712888735327097e-04
-2.043797771228116067e-03
-1.171454583776425281e-05
-2.158375932006233628e-06
3.455912337034252723e-03
7.178762652878727735e-08
-3.135537704179202804e-06
-1.692517472690462663e-03
2.265575888785710463e-06
-7.087124521649558007e-06
-3.080465938314643545e-03
1.895944106901716164e-06
1.270108105482508074e-05
6.387131758595182215e-03
4.452942586508857868e-06
-3.431713325295310897e-06
-1.878820846928501193e-04
-9.384574180104630903e-02
2.118650303169748337e-06
2.492142821102362704e-05
2.268888808480407749e-05
4.566112062151818081e-06
-2.109373282458074789e-02
-4.141780566835868109e-06
5.431995599628360022e-06
-7.353100083807732673e-06
-1.889896889583172384e-05
-4.371273135250238265e-03
2.508481171903717437e-06
4.255162869918641350e-08
-5.781929681045330723e-06
-1.403068082172317891e-05
-2.626902229995302287e-03
2.864721180072395944e-06
8.923393757720511732e-07
-6.176766847278318514e-06
-2.714451298633843560e-05
-3.964754849277516823e-04
3.432391535099277187e-06
2.341347476907173757e-06
6.274531762977966072e-06
3.308310031327563877e-05
-5.255755283670178035e-04
-2.587395721889349056e-06
-1.528864599724888150e-06
1.005664260745811958e-02
-6.121629014995558032e-05
4.005552848104077098e-05
9.579279912071267042e-05
1.677237763947838516e-05
-2.187510643637758447e-05
6.328115641424397753e-02
-2.531434394149472116e-03
5.536333261746536146e-05
-3.609540686656569281e-05
1.068323669017537804e-04
-1.315163446147341176e-05
1.726145046334185256e-05
-1.579639406776765440e-02
6.791798608407277182e-04
-5.461670451722941996e-05
5.507979184459007319e-05
-2.172727567696257952e-04
1.267343435631842189e-05
-1.846851053193995548e-05
4.063738786629978068e-03
3.485348637104623436e-05
-2.419353251218757449e-05
-4.627128718913201802e-06
-1.637087810619264518e-06
2.378361329642200966e-03
1.286229308130463060e-06
-2.113512642617446446e-06
-8.376103988467768660e-05
6.231542895265275294e-06
-3.325503599375209340e+00
4.609974795086684729e+00
1.492327776745373757e+00
3.791031076553648405e-02
-2.043294598584803445e+00
2.509254084254922912e+00
1.331905243770334035e+00
3.618103452993608471e+00
-6.162582568840495926e-06
-7.466621410956689360e-04
7.049777421399891007e-07
-1.897662475926790578e-05
-1.553440853914711192e-03
-5.152006686336288892e-06
-2.886944242068383620e-05
-3.273951759462483992e-03
-1.545449231482860138e-05
1.486952176731046508e-05
2.779125949681480502e-03
7.855828921134271251e-06
1.761264473264542534e-06
4.443305306974469973e-03
-7.325016507636373964e-09
9.225596985798737451e-06
-2.808613774073097456e-03
5.710910826841216288e-06
2.265483849358519654e-05
-6.434258522145890752e-03
1.341289707252492443e-05
1.037216968229864975e-04
8.618114067585344671e-05
-2.756814052798721437e-02
4.073791389111268814e-05
-4.271766772248599081e-05
4.753457773346727011e-05
3.640896223612170222e-05
-5.073196158330174795e-03
1.876984097619534850e-05
-1.924793135166057886e-05
-1.592046254162654841e-05
-2.471783412043385621e-06
-9.344923428375950802e-03
-9.143835255498429026e-07
6.271353135955529968e-06
-1.432503570298576189e-05
-5.442908077600431571e-06
-1.225138093403757740e-02
-2.187779835906460200e-06
5.686298266560936075e-06
2.426559074917530408e-06
-2.227601712520031992e-06
3.891814684019852862e-03
-1.703745467400602499e-06
-9.091318136258638576e-07
-2.081316958997622470e-06
-1.772748587567682824e-05
1.879561482798508066e-03
-1.041926048039057634e-05
1.138188668269806187e-06
-8.352789012638138152e-03
2.060742053639480481e-05
-1.955948683127083272e-05
1.639171438893644766e-05
-1.382571785373436221e-05
-7.662751685967909314e-06
-5.284681144073396369e-02
4.787029688887020282e-03
-1.004398219461223487e-05
1.303211424904994661e-05
4.837054978400992956e-05
9.454381395969576609e-06
3.833840637706077730e-06
3.037382892689384842e-02
-4.249087656427770129e-03
5.128429677395689612e-06
-1.647081923188456319e-05
-1.024884250006133954e-04
-1.186151628788623295e-05
-2.030698168595960541e-06
-2.703062590715193947e-02
1.104941017078705865e-05
-4.998470945151455458e-07
-3.918581840816429896e-06
6.506922941855136945e-06
1.763002953654443884e-03
4.227107150413196690e-06
1.455292248048905464e-06
2.575699128164944904e-05
8.999197643423218512e-06
-2.807482671233651583e+00
1.891737312817568073e+00
-3.524393906970095247e-01
1.605085396665422603e+00
1.362191239624781502e+00
9.458414014000792180e-01
4.257372894445843325e-01
1.670564872952387425e+00
-2.403349101519942170e-05
-3.584186710658230236e-04
-3.921937380091420429e-05
-5.835574859877230565e-05
-2.089983590327614601e-03
-9.683548186882017233e-05
-5.267880641658885299e-07
3.459496389678351057e-03
-1.000374587963521385e-06
-2.375551474931057517e-07
-1.691994967927360708e-03
-1.515085894370921423e-06
-1.496055848179956905e-06
-3.082079812866326922e-03
-3.355194035276968910e-06
4.971306466459919941e-06
6.392619163199290445e-03
5.842965591152892852e-06
-5.673647261592872667e-06
-4.998177879704721174e-05
-9.388642641716703208e-02
-8.765506839693862568e-05
-2.998126937400634646e-06
7.379926742894848886e-06
4.371663082756863453e-08
-2.109771318633910098e-02
2.224982307261795186e-06
-9.845154527943870089e-06
-2.631019316603761767e-06
-4.370805686427583312e-06
-4.374780230680357616e-03
-8.869664903109051495e-06
2.806294726882695002e-06
-2.283173899630733222e-06
-2.958078532558639561e-06
-2.629480779555431937e-03
-6.607234508079873784e-06
2.114472369249229570e-06
-2.719945360526321078e-06
-6.326586758963683943e-06
-4.023769116347721453e-04
-1.273388945779038459e-05
2.048663231734911722e-06
2.495910208569670606e-06
8.168258404195272106e-06
-5.176967744297232554e-04
1.548455377123362446e-05
-2.120572492041168160e-06
1.005828093680577462e-02
-1.829301386064750238e-05
1.554547207355366678e-05
1.009990446209661557e-04
1.827930873041556004e-05
2.750075615869009699e-05
6.327021762963110085e-02
-2.533678697653532312e-03
1.710718312925035454e-05
-1.350230266330359303e-05
9.715556809828569955e-05
-1.653948223814953768e-05
-2.455030473778170802e-05
-1.578220440502192332e-02
6.821775029869970620e-04
-1.655409882043281519e-05
1.848807071566141143e-05
-2.009450367647300218e-04
2.540640820409363195e-05
2.441423900653663540e-05
4.044919068867329492e-03
7.116706972911193436e-06
-2.514225838465751234e-05
-1.295710188553859856e-06
-1.111162638978785368e-07
2.375629632634348749e-03
-8.055822394380846068e-07
2.184909695599815529e-06
-7.810853028352315213e-05
1.777580419724900736e-05
-3.325503655590035468e+00
4.609976549138649737e+00
1.492327697324202340e+00
3.790927736971392431e-02
-2.043293568368098168e+00
2.509252756867089484e+00
1.331905379598316896e+00
3.618104083782412328e+00
4.714801332946752773e-06
-7.383185792912848235e-04
-5.159513830078629271e-05
6.749032101456171680e-06
-1.542357124722982652e-03
-8.286566099695567053e-05
1.984901551271253044e-06
-3.271483170714776026e-03
-4.677032815565670195e-05
-1.061532749498668648e-06
2.778030663139632525e-03
2.507236273319736724e-05
-1.101459360625260583e-06
4.441272313149485958e-03
1.268048388459781167e-05
2.740754875730315702e-07
-2.807680032683493830e-03
6.822747921650668265e-06
3.703668665456339952e-08
-6.433367992276941769e-03
2.307375057154221925e-05
1.688180314293304539e-05
-7.799002648949355870e-06
-2.758579777587428714e-02
1.908307323256560500e-04
-8.303638195951927982e-05
7.860920269022943720e-06
-1.944362667402721988e-06
-5.077991725951744480e-03
6.478769582819060048e-05
-4.121053826675590839e-05
-2.464190920457051508e-06
4.452873367613642039e-07
-9.344085554024939011e-03
-8.054977518920108953e-06
1.479489726195078318e-05
-2.275090756032909310e-06
8.271622346081037007e-07
-1.224904954452435933e-02
-1.595701269425301081e-05
1.312250130597089045e-05
4.835571231921381112e-07
-3.610621923499520219e-07
3.890460640937696245e-03
1.663709872227834365e-06
-2.991385313259278736e-06
-1.321778418258317255e-07
-1.565480236079153451e-07
1.878511750603975052e-03
-1.858647970995727834e-05
-1.383333204672943022e-06
-8.352550449713246061e-03
3.652809665849827950e-06
-1.974960741118343564e-06
9.805715437714163096e-06
2.872130289578922528e-06
-2.464936957827896461e-05
-5.284833716489573813e-02
4.786928685180102949e-03
-1.696361460230645728e-06
1.571076674452709850e-06
5.302361363179850136e-05
-4.490360391999086609e-06
1.089571245916212816e-05
3.037445299018015285e-02
-4.249110748605654415e-03
8.087863388223448837e-07
-1.920536250266737947e-06
-1.082573995617053947e-04
4.703350476424998853e-06
-4.722582024605861826e-06
-2.703044976914397574e-02
-1.951098440459100857e-06
-4.600444387259220463e-07
-7.017217194972102475e-07
4.339730488306778062e-07
1.764217683141316301e-03
2.608153144760269392e-06
4.517785197899378477e-06
2.549678674020693539e-05
1.316699663058074543e-05
-2.807483466701186092e+00
1.891733679452747063e+00
-3.524400422271729560e-01
1.605084455085970419e+00
1.362191084853147327e+00
9.458411442713321460e-01
4.257372928588809557e-01
1.670565679941940607e+00
4.853302387862453240e-05
-3.379885109839900420e-04
-7.030599318875588647e-05
1.182064207164962137e-04
-2.043789827584795681e-03
-1.748571529426006649e-04
1.118607878330730752e-06
3.455911711583910598e-03
-1.909910212606771955e-06
-5.389772201931293354e-07
-1.692517838309269811e-03
-3.839136634363563400e-06
1.459115890003174864e-06
-3.080466151401672036e-03
-7.060304322713969351e-06
-9.284588667351959641e-06
6.387130292615951846e-03
8.724037782198456299e-06
2.879422885670149916e-05
9.216387778413221018e-05
-9.384573751306310441e-02
-1.637422987591326457e-04
-1.005123701895989483e-05
-6.653308054536415053e-06
1.304590486209366825e-06
-2.109373156135966806e-02
6.022922601792026311e-06
-2.235980520654929179e-05
4.463709632144773529e-06
7.284004743454334076e-06
-4.371273295438939978e-03
-1.761759686698653076e-05
6.267623600971255397e-06
4.147994384566417592e-06
4.537803746589656718e-06
-2.626902541803601086e-03
-1.358010223198033301e-05
4.510529057108373741e-06
5.768735615636972642e-06
1.060543880267942468e-05
-3.964755492540929195e-04
-2.521865425581997302e-05
4.111030400553933562e-06
-5.486834362786412975e-06
-1.430617133825369942e-05
-5.255759739373639392e-04
2.993848391634531950e-05
-4.562226321663365075e-06
1.005664369258965456e-02
1.167358003321235986e-05
-3.468076288421756263e-05
9.578897514053968509e-05
2.630966760192784959e-05
6.393645945157592537e-05
6.328115224520484972e-02
-2.531434946794073205e-03
-1.275752846624386922e-05
2.939879180393606593e-05
1.068359413866582994e-04
-2.468104123734495256e-05
-5.656212278210509894e-05
-1.579639083272388334e-02
6.791803668042374143e-04
1.134684755995017422e-05
-3.846361703759843253e-05
-2.172771187493096343e-04
4.135726966631588598e-05
5.651755349995167701e-05
4.063735247795606693e-03
-2.268507123416185309e-05
-2.419349513466816334e-05
3.384745911684300303e-07
-2.950599185618246886e-07
2.378361386398885387e-03
-2.060187875896589822e-06
5.077785523261799257e-06
-8.376155353277549666e-05
2.702656008907798304e-05
-3.325504648637786609e+00
4.609983907535642800e+00
1.492328138060274645e+00
3.790451185714936722e-02
-2.043290920430744784e+00
2.509247105637338215e+00
1.331905232155348395e+00
3.618106221223737595e+00
-2.960229912416396451e-05
-7.258780783906474939e-04
-7.809150549110826253e-05
-3.082471694267060412e-05
-1.520297095501681097e-03
-1.226468718235767825e-04
1.559971422103694137e-05
-3.253025862922208182e-03
-6.369231946298892590e-05
-7.096836802420656738e-06
2.769566217808357069e-03
3.432677009814287105e-05
6.910726446846586741e-06
4.439256940603093608e-03
1.911612558987439486e-05
-1.123241508657646956e-05
-2.812175333913265619e-03
7.758309702200404340e-06
-2.254077259199032342e-05
-6.446712612974719002e-03
2.884658626884686929e-05
-8.337068774663353805e-05
2.548161108773253801e-06
-2.765688345458928651e-02
2.698034251812096219e-04
-1.162904003356414679e-04
-3.520319670741619254e-05
-1.218107977608667227e-05
-5.105724568464483672e-03
8.942292834924953678e-05
-5.772636516696929047e-05
1.131199375451676153e-05
-2.230514170686395285e-06
-9.342297785065727111e-03
-1.174221549952384032e-05
2.079651107512924061e-05
1.020654307745028431e-05
-3.421934601872889321e-06
-1.224258573274561272e-02
-2.309945398508376216e-05
1.842800465106858641e-05
-8.299179056531105045e-07
5.450272335617963322e-06
3.889475894344250444e-03
3.264149912506972950e-06
-4.186835877386900829e-06
4.812257894103978810e-06
1.676336578495695565e-05
1.886964755817854139e-03
-2.341957907298047165e-05
-1.943678083439817126e-06
-8.356781494520954326e-03
-8.779953250251864650e-06
3.850819052880528225e-05
1.349128604434529774e-05
1.047099850246144837e-05
-3.457287957775982977e-05
-5.281948075925272518e-02
4.791369612869481910e-03
5.480361188631651423e-06
-2.772575487923114180e-05
4.842173748912544898e-05
-1.095698100454565312e-05
1.530996345909249395e-05
3.034538140266709524e-02
-4.254656104321587716e-03
-3.696704414905581379e-06
3.419004293537610976e-05
-1.010732703906407851e-04
1.233200643938510184e-05
-6.670781969442044331e-06
-2.699467349700175947e-02
-1.363872316069597025e-05
2.607625587682320711e-07
1.737286854968015335e-06
-9.659920640435079272e-06
1.760905709689244980e-03
2.090664796828396464e-06
6.407590191721761814e-06
2.139141170828345829e-05
1.496328920334257090e-05
-2.807486175227123404e+00
1.891725083598323254e+00
-3.524424977426202088e-01
1.605083408248609844e+00
1.362190049883246212e+00
9.458397180324619180e-01
4.257373419471699449e-01
1.670568061437944340e+00
1.031113797703132694e-04
-2.804912313480690741e-04
-8.344694196000656400e-05
2.480769761525584852e-04
-1.914723822539720699e-03
-2.074401985881188558e-04
2.124164784913932536e-06
3.445967579444926803e-03
-2.268935590104345702e-06
-3.769028743680759123e-06
-1.695482757859133847e-03
-4.413537885759278922e-06
6.976630260819604235e-07
-3.077691878161379138e-03
-8.221742368604058947e-06
-2.395491442853375972e-05
6.369781759159901316e-03
1.047765793307188286e-05
8.521283068509263522e-05
1.804384379678391831e-04
-9.374269375190032172e-02
-1.933847057147441333e-04
-1.924737502760647716e-06
-1.369965360548542404e-05
7.578673475635842633e-06
-2.107963971909940226e-02
6.904450684111395806e-06
-2.725167449252430293e-05
1.099890105668301462e-05
1.143722185225423823e-05
-4.364343618219185608e-03
-2.068806816111144856e-05
8.444963530000790372e-06
1.084233662126979789e-05
5.559699474810645152e-06
-2.622541874676080631e-03
-1.589762202046786870e-05
6.411668679651154406e-06
1.573841747064209164e-05
1.692817360517777765e-05
-3.839064042109907897e-04
-2.962255142061949819e-05
6.507047888853196580e-06
-1.433155380090350744e-05
-2.529197743468996121e-05
-5.440816727281158052e-04
3.524571736632905794e-05
-6.862177358850716217e-06
1.005456900264561394e-02
1.671976913930733866e-05
-8.895761787151618052e-05
7.004366931769316802e-05
3.197693888710351391e-05
7.547878621884084320e-05
6.329547332442014840e-02
-2.527227598145083323e-03
-2.223283693559377922e-05
7.410329796459379952e-05
1.410565804675241713e-04
-2.977634493506211197e-05
-6.752700275510407988e-05
-1.582299079418011262e-02
6.731356389083408909e-04
1.792806818162740579e-05
-9.152152320190675989e-05
-2.687391909777353516e-04
4.943193966392161223e-05
6.695445352794936341e-05
4.101624862388050623e-03
-4.231311321635766845e-05
-2.152422301775488726e-05
-3.986897813486084581e-07
-2.181811902838293464e-06
2.384544227836067447e-03
-2.279906680820791508e-06
5.836357922821484075e-06
-1.003325424571298481e-04
2.956973356027678640e-05
-3.325506035640024116e+00
4.609989873612376776e+00
1.492329086296154461e+00
3.790031788520460687e-02
-2.043290056619892159e+00
2.509242464253306437e+00
1.331904563427590116e+00
3.618107563714802133e+00
-8.944050615359748014e-05
-7.331053902059515978e-04
-8.146894144697045751e-05
-1.084571988862340151e-04
-1.521205243383399672e-03
-1.263206737090718981e-04
8.488962699698027845e-06
-3.231968555840584057e-03
-6.228691246775750021e-05
-1.974604740128379227e-06
2.759775047759437366e-03
3.370123851277111263e-05
2.116289384568617617e-05
4.442612319219635397e-03
1.990331950382933060e-05
-2.024942622202361621e-05
-2.822245784976392183e-03
6.602045225700914368e-06
-3.580515839005869163e-05
-6.470576088690361063e-03
2.656899017357821168e-05
-1.561370812340844949e-04
1.004618869342515329e-04
-2.771218283386812919e-02
2.706460140235293372e-04
-1.173126808157955354e-04
-6.433251939738982342e-05
6.482181692528142443e-06
-5.134035309342186749e-03
8.836317676204730827e-05
-5.774598596705785269e-05
1.994085917239455099e-05
-8.719355906899731775e-06
-9.342163546761912338e-03
-1.200490890597478970e-05
2.067888595498462836e-05
1.815169745582698873e-05
-1.516997260339560955e-05
-1.223988211275499859e-02
-2.351136195062736019e-05
1.834925973965131961e-05
-1.055054252884893553e-06
1.234557249264617239e-05
3.892275726145317215e-03
3.838980381344981155e-06
-4.076233043734494184e-06
1.051094884587028365e-05
2.615542478892264423e-05
1.903662057586889443e-03
-2.172171909897513688e-05
-1.528883340100683003e-06
-8.364254300249292229e-03
-1.225575236914790291e-05
8.244768485319811007e-05
4.038777183433268480e-05
1.453230850725564663e-05
-3.368607943515994281e-05
-5.276918974258366923e-02
4.798645537642522337e-03
8.786571120781570989e-06
-6.062191561470611193e-05
2.621730337753374381e-05
-1.386547643956466545e-05
1.504206986587602329e-05
3.029754754347879428e-02
-4.263228465721169078e-03
-6.595472347161211924e-06
7.436485616849651331e-05
-7.117194015551572155e-05
1.589916774922239186e-05
-6.670191573538373218e-06
-2.693881998002266645e-02
-1.920408628903973368e-05
1.212959804413807948e-06
2.461885701725437345e-06
-1.919511500830421914e-05
1.751684530274042221e-03
1.127500615696966250e-06
6.337461041152090182e-06
1.570483978383181343e-05
1.298616538737076091e-05
-2.807490162575459358e+00
1.891715586713516917e+00
-3.524463108553483326e-01
1.605083672798831573e+00
1.362188101449162581e+00
9.458371577514426143e-01
4.257374455755307263e-01
1.670571260934871516e+00
1.184216227262553509e-04
-2.058967136106640316e-04
-6.911826435036910721e-05
2.815995708483137673e-04
-1.748195405325799531e-03
-1.720838419896324070e-04
2.170734583177232762e-06
3.433222004153740816e-03
-1.900458029262664450e-06
-7.674972257000560574e-06
-1.700840456842187248e-03
-3.950482491698244653e-06
-2.501018771664108850e-06
-3.075893792191201209e-03
-7.113380272660678878e-06
-3.199595580933532599e-05
6.345394480070041740e-03
8.329628131377617796e-06
1.331688814564824805e-04
1.867574845046242066e-04
-9.362049732350745390e-02
-1.621175882550948428e-04
4.850543056613217010e-06
-1.235370867840741725e-05
1.462531987701370115e-05
-2.105846953696756049e-02
6.242106687285571369e-06
-2.315100863014077359e-05
1.420737023716790400e-05
8.022704686502644305e-06
-4.358312433091296803e-03
-1.759536404537713299e-05
7.645780443072771164e-06
1.475170340913337436e-05
1.247771448799626969e-06
-2.619806403809783919e-03
-1.361867778014011875e-05
6.018065637801674119e-06
2.238973851350608139e-05
1.231201972326199121e-05
-3.716758215094418207e-04
-2.516718015059978190e-05
6.479316879251000301e-06
-1.991066785069953133e-05
-2.249569570539092055e-05
-5.643993240128947902e-04
2.978932663025020655e-05
-6.614650256597509254e-06
1.005433651419591554e-02
5.557512803920273037e-07
-1.206561064429376802e-04
2.535814151153053132e-05
2.493470587035096197e-05
6.240278922030261205e-05
6.329757667084083550e-02
-2.523900797566773404e-03
-1.212004776960313231e-05
9.901365887894243560e-05
1.924178797274964277e-04
-2.341947618568221166e-05
-5.633735921712918621e-05
-1.584401613534269435e-02
6.677442054928255100e-04
5.560472874749835940e-06
-1.165480793259430678e-04
-3.409285940903533543e-04
3.989422189789684114e-05
5.551582737613549207e-05
4.135497921608619412e-03
-4.448364181021441822e-05
-1.801734638571060842e-05
-2.735228985901048330e-06
-4.465396268294306750e-06
2.390854324242038149e-03
-1.967655503106554069e-06
4.726617979715579240e-06
-1.225696933665937393e-04
2.327239657828315573e-05
-3.325507183860517912e+00
4.609989909255958196e+00
1.492330252910809785e+00
3.789964598182896105e-02
-2.043292568068409309e+00
2.509242317384438259e+00
1.331903481680498880e+00
3.618106805999857567e+00
-1.360861441710527523e-04
-7.672225677785879470e-04
-7.500544340091054270e-05
-1.740291747638644012e-04
-1.558233827005943558e-03
-1.119355029718072342e-04
-9.916074726993306886e-06
-3.219909120453859960e-03
-4.624398010953712000e-05
8.551086798916163469e-06
2.753989950735957499e-03
2.539821786127482035e-05
3.239469912497878367e-05
4.452449215969484300e-03
1.822380555294067893e-05
-2.266218429886421591e-05
-2.834921162305040730e-03
2.104139263936680076e-06
-3.523196869514093571e-05
-6.496314279346226267e-03
1.507024869041953664e-05
-1.735693432405525081e-04
2.100816070621474413e-04
-2.770794714799610509e-02
2.206318460459627485e-04
-7.290690534459201566e-05
-6.928979517667664093e-05
3.629970068902843848e-05
-5.145669975282868638e-03
6.824413201333684573e-05
-3.661357433948337860e-05
2.068447818404418756e-05
-1.452565916779179910e-05
-9.344744381908590136e-03
-1.040920411415159402e-05
1.326209591078173034e-05
1.898041087422483881e-05
-2.612962677039146390e-05
-1.224484434358179795e-02
-2.010255809236770764e-05
1.175258347431375616e-05
-4.078642273845825329e-07
1.636457015287030785e-05
3.899358791889849171e-03
4.704873726633855327e-06
-2.805002324934400370e-06
1.390597909118804470e-05
2.507365837043328333e-05
1.923095678864872836e-03
-1.277081331661544419e-05
-1.719097927023544107e-06
-8.372205897335364619e-03
-7.755483409496686533e-06
1.055346912366609646e-04
8.749237091858425366e-05
2.297830021372972620e-05
-2.285752871017827700e-05
-5.271605953988374449e-02
4.805993953340375983e-03
7.723872907266746710e-06
-7.867178900163019056e-05
-1.019106925059440599e-05
-1.932421840886918313e-05
1.001152260216462702e-05
3.024963518038289653e-02
-4.271418374640277051e-03
-6.886876209555142499e-06
9.618157402719735010e-05
-2.371089598512450157e-05
2.285829120810497326e-05
-4.287029410136938498e-06
-2.688579259723380271e-02
-1.696740450413295685e-05
1.901496809007358273e-06
1.627703892959404183e-06
-2.327291251182008686e-05
1.738789540063892828e-03
-1.898897225533711154e-06
4.365105004190242625e-06
1.107172238408698786e-05
7.111905324203479211e-06
-2.807494060928279911e+00
1.891708898724208776e+00
-3.524502020691484550e-01
1.605085416055577419e+00
1.362185847400047667e+00
9.458342760985385400e-01
4.257375727239957053e-01
1.670574136733770532e+00
9.262286405488201447e-05
-1.412416109185170667e-04
-2.918282574330929348e-05
2.171262828316057321e-04
-1.604720009694462265e-03
-7.440832412806840286e-05
1.458058037750442175e-06
3.422345525379430747e-03
-9.514368359568779883e-07
-9.301737581043460496e-06
-1.706886641748868146e-03
-3.601074141499387152e-06
-5.269404501876151423e-06
-3.076004244310600634e-03
-4.976980822930942624e-06
-2.922344249380302736e-05
6.322496045629349623e-03
1.174168881565221700e-06
1.421564745930482365e-04
1.254230435020365221e-04
-9.352530649293759601e-02
-8.058483605735485716e-05
-6.476535757852020024e-06
-5.912820370584171884e-06
1.725427411212048813e-05
-2.103742364422338945e-02
6.009823335323027964e-06
-1.259026793618207071e-05
1.283216705043757833e-05
1.214609451145331229e-06
-4.355847987320455791e-03
-1.038084080732661093e-05
3.416185262925871080e-06
1.398566488292371407e-05
-4.090714438239772719e-06
-2.620165199528907973e-03
-8.696274514022610432e-06
2.472354367998008516e-06
2.210078984258429308e-05
2.574580269574624808e-06
-3.648825504382398766e-04
-1.473643733809785070e-05
2.223458684797116472e-06
-1.931814903016612766e-05
-1.107898500598731586e-05
-5.785632802770124651e-04
1.638556078286158721e-05
-2.415010896991284662e-06
1.005645412037274068e-02
-1.962650055846284141e-05
-1.124473451434664762e-04
-2.387411015069857562e-05
1.800851002463450600e-07
3.603323973964982278e-05
6.328375141913197832e-02
-2.523012373987879552e-03
5.048326914865419092e-06
9.096294008578225093e-05
2.433985187887040833e-04
-2.036630784094622453e-06
-3.177293636377536231e-05
-1.584961277308072347e-02
6.653661283287023998e-04
-1.188398416835073031e-05
-1.022077215138150898e-04
-4.085429230046113466e-04
1.041186324639987671e-05
3.171519898604232152e-05
4.150605920549566182e-03
-3.093784255859234546e-05
-1.494063544377883798e-05
-4.615403568232413263e-06
-5.359582660388701402e-06
2.394802138507839875e-03
-1.846094263522794070e-06
2.976883759743988308e-06
-1.424401513129776352e-04
9.477286191893567532e-06
-3.325507701151245499e+00
4.609984538237661411e+00
1.492331196064510701e+00
3.790241966917744232e-02
-2.043297242922972767e+00
2.509246312812440927e+00
1.331902414967670145e+00
3.618104411396693365e+00
-1.337788422200596769e-04
-8.134660626191910762e-04
-7.274218227122067511e-05
-1.763782877265465926e-04
-1.614726016930987350e-03
-1.004550189304103937e-04
-2.324442805155402727e-05
-3.220379603699592697e-03
-2.421627395201285889e-05
1.525537421177577231e-05
2.753934594031073445e-03
1.416638106522684796e-05
3.197080277740808689e-05
4.464626949749419052e-03
1.748696258969988909e-05
-1.744063945276654439e-05
-2.845386492452142094e-03
-5.343922114425397895e-06
-2.320223511799503224e-05
-6.514457993620007860e-03
-2.834557690471214147e-06
-1.346066932547932847e-04
2.413312281910920637e-04
-2.765111299346276197e-02
1.608559585543228344e-04
8.736772694479544513e-06
-5.177345849515841190e-05
5.166476278184251654e-05
-5.137923814778650768e-03
4.175266073776571211e-05
6.951056623112819832e-07
1.482502034969021280e-05
-1.507366896717109130e-05
-9.348859944421371998e-03
-8.876370269450826388e-06
6.154858170914678928e-07
1.371439678186531150e-05
-2.757755875721554556e-05
-1.225498518244483651e-02
-1.660558513321035899e-05
4.302194810294407679e-07
3.809854485210396422e-07
1.466211968717725068e-05
3.907776900995941008e-03
6.745363995167513237e-06
-9.897434546455529289e-07
1.278753135658670562e-05
1.584101182737669361e-05
1.937993988175048350e-03
1.074827764855344020e-06
-3.581635290511071778e-06
-8.377734341606244556e-03
-8.370893346815985779e-07
9.207968385019508269e-05
1.359548926459972461e-04
4.006013145293791674e-05
-6.986133245915651207e-06
-5.267956423159531054e-02
4.810727510000721227e-03
4.189262955171065337e-06
-6.938900012089218368e-05
-4.637131083372065393e-05
-3.090458710938078646e-05
2.150101802237049305e-06
3.021893370381275798e-02
-4.276257603929830946e-03
-4.943009221984229662e-06
8.458888041836388864e-05
2.258552536245426578e-05
3.744192944134012454e-05
-1.672049747532776288e-07
-2.685444876678438550e-02
-9.229501142662995995e-06
2.103598902037914152e-06
2.587130347886192386e-07
-1.930692493712002955e-05
1.727218223450126223e-03
-7.401837176353277303e-06
1.371020517687244285e-06
9.049972656700647528e-06
-1.315534413354456549e-06
-2.807490663293911393e+00
1.891708011590006455e+00
-3.524463898246177340e-01
1.605080055241190795e+00
1.362188718526739395e+00
9.458377706080053349e-01
4.257373944015669931e-01
1.670572279151067097e+00
-8.089068649949904537e-06
-1.761781226762398325e-04
9.277924929532113554e-05
-6.046837730016222089e-06
-1.679676831126971671e-03
2.210411198250187767e-04
9.726857586003750747e-07
3.427816016728799531e-03
1.739306520781859219e-06
1.355112146008092984e-05
-1.699504696209550416e-03
-5.455537601097308025e-06
1.291021739150398858e-05
-3.071064124822230762e-03
-1.354790327030775981e-06
2.011292500573716782e-05
6.340091824909233759e-03
-2.452719812938007710e-05
-1.310279715891360267e-04
6.714876029556192882e-05
-9.354536293790964574e-02
1.499387984705322194e-04
-1.205274032329170883e-04
-1.870633954894506583e-05
-2.422913743491278968e-05
-2.105673135415526281e-02
1.051642011188902166e-05
1.038687334218677891e-05
-3.816755532636533909e-06
1.943452309947122058e-05
-4.349100698526989564e-03
7.131140594374599348e-06
-1.257703620895973161e-05
-7.058780853314051837e-06
1.995193055347162933e-05
-2.612012979596567853e-03
1.814524295677497491e-06
-1.315069700046115635e-05
-1.453149519960573419e-05
2.694687295351593022e-05
-3.574520464586450558e-04
1.082435763139362914e-05
-2.006811966499077142e-05
1.109947512788478634e-05
-2.405162766648038248e-05
-5.809860238558930880e-04
-1.872736800584708750e-05
1.778374953906191632e-05
1.004849034562229834e-02
8.620451642379296027e-05
8.066350809490523024e-05
3.324391923008990744e-05
-9.171769607954368515e-05
1.866889346166790919e-06
6.333636478905310674e-02
-2.517741263057204047e-03
-6.512586691713642261e-05
-6.182870329017150688e-05
1.965489547854907442e-04
7.544066157857144933e-05
8.998551999837331626e-06
-1.588333552237980797e-02
6.600633279177516672e-04
7.116125891221148638e-05
5.364626096104774825e-05
-3.567134778442292847e-04
-8.959465109584790088e-05
-3.092933755410746828e-06
4.184024033858675141e-03
-1.330956885015298081e-06
-1.677804443445175502e-05
9.505789217383046788e-06
7.366075139390285045e-06
2.396855650549101387e-03
-3.234952964529353662e-06
2.833639276537516972e-06
-1.298201479687961519e-04
-3.271030825766387798e-05
-3.325507616175494174e+00
4.610008704825410142e+00
1.492329228345445014e+00
3.788866772121959881e-02
-2.043281152298139336e+00
2.509228108474836905e+00
1.331905098150896194e+00
3.618113680451992664e+00
1.910094578326957868e-04
-6.725507537054222417e-04
-4.438100653233796480e-05
2.692559407933190993e-04
-1.433605234019654472e-03
-4.713434894347114313e-05
7.712482190249470091e-05
-3.194925983132266504e-03
2.122480876972012581e-05
-4.390131048777719735e-05
2.743002422817902245e-03
-9.611727621111928576e-06
-4.595503210652439200e-05
4.429175185086495214e-03
1.034647163004723200e-05
9.371312820562539868e-06
-2.823058439351758351e-03
-1.613861352028771154e-05
-3.510350991483986240e-06
-6.483012013693607682e-03
-3.216096548945564075e-05
1.612638018580652349e-05
-4.489804513757626953e-04
-2.789760194983871566e-02
6.068320125460148996e-06
1.496724106883889763e-04
-4.849880573190468569e-06
-1.228803253222548011e-04
-5.195316243142045730e-03
-1.692000475706496149e-05
6.328765055434202398e-05
5.625481217762065927e-06
2.377363100844373297e-05
-9.335396159754283732e-03
-3.321907803898918741e-06
-2.007791556519192337e-05
4.305000771933570717e-06
4.482482398160448115e-05
-1.221913699004957381e-02
-5.145776455016327158e-06
-1.819335794875272735e-05
-3.739803044351341426e-06
-1.620944546377531343e-05
3.883798322195193640e-03
7.926128104789414061e-06
1.552120441761606567e-06
-1.230591720302702970e-05
5.203744343973956030e-06
1.908949579143860318e-03
2.407770676195197880e-05
-8.518890109299688188e-06
-8.368452939174549077e-03
-2.867256947698209696e-05
-9.310304756962329556e-05
9.982343668015663044e-06
5.560183714641285828e-05
1.588785441928436664e-05
-5.274014394062681577e-02
4.803818968404354600e-03
9.561017698569086769e-06
7.279220898719094624e-05
4.517104480758834953e-05
-4.010928304341705811e-05
-9.854580008157229603e-06
3.026357375562546692e-02
-4.270471724695412696e-03
-1.600233777779784003e-06
-8.785464881517556586e-05
-9.277607396884865899e-05
4.947855905404717209e-05
6.598036170181633401e-06
-2.689201193717644101e-02
-3.014898952596005563e-06
2.286117285387411202e-06
5.217127829240334201e-06
1.578777424084648365e-05
1.753884025237854600e-03
-1.407141889382141051e-05
-3.041833450366326757e-06
9.054972638139627213e-06
-1.671363374542617728e-05
-2.807487603242907248e+00
1.891704094601281083e+00
-3.524427612548580724e-01
1.605073443527683663e+00
1.362191725947458520e+00
9.458413749219014566e-01
4.257372022028997893e-01
1.670570906678644718e+00
1.962025043484840809e-05
-1.976582468616638389e-04
6.949540502704107869e-05
6.278496754734808180e-05
-1.723801027778822928e-03
1.674678579726518284e-04
1.733765406325433557e-06
3.430912942603904590e-03
1.458731955097552663e-06
1.487394290105603090e-05
-1.691871925616638848e-03
-2.197170436251603322e-06
1.546357504097574441e-05
-3.064368830722141723e-03
8.382386051112347382e-07
1.658789780284177404e-05
6.354881147436482886e-03
-1.579665979740155847e-05
-1.409507129929818859e-04
1.305314587967694841e-04
-9.353416570165901112e-02
1.238548986744194506e-04
-7.682421307131147108e-05
-2.651163723722877499e-05
-2.632714160556726891e-05
-2.107458796607122528e-02
4.520398885035662665e-06
8.428978632161283216e-06
-2.073815504998049466e-06
2.611109883806078392e-05
-4.338887103229727323e-03
8.232977935645872675e-06
-8.637040012554884869e-06
-6.053122125103518663e-06
2.502351414587944992e-05
-2.601035158925596880e-03
4.261946581986268332e-06
-8.819038440880656206e-06
-1.405221863956773767e-05
3.648691007532428045e-05
-3.445655897039642812e-04
1.213311782144251382e-05
-1.321994371326584797e-05
1.025947827685611924e-05
-3.549853047043605560e-05
-5.900331176711113602e-04
-1.772905165654334387e-05
1.185768040331066559e-05
1.003855745050064030e-02
1.104038534972117823e-04
6.933730583013014530e-05
9.135465212061844378e-05
-5.823336408749857666e-05
-3.963049292941689389e-06
6.340270567234043697e-02
-2.510223835239062170e-03
-8.594392511772783942e-05
-5.160973330083280276e-05
1.530739008367149729e-04
4.858274660974418608e-05
1.036131381982992421e-05
-1.593164200577861303e-02
6.519140487278588447e-04
9.230118059584015828e-05
3.708205486410696587e-05
-3.131495251911142102e-04
-6.055511859291330684e-05
-6.621659369817272395e-06
4.235739209890572454e-03
-1.386246722992395060e-05
-1.820512122576125710e-05
1.153631820359000255e-05
7.824130462045651626e-06
2.401177230440033807e-03
-1.371968203549029514e-06
1.450875152524204573e-06
-1.206342265134129906e-04
-2.779818343650695487e-05
-3.325508463362244704e+00
4.610029014159823468e+00
1.492328507665688031e+00
3.787658998078655831e-02
-2.043269655677613095e+00
2.509212716644041663e+00
1.331906485611525026e+00
3.618120852967455114e+00
1.795600124246868442e-04
-5.816819224899307059e-04
2.222357275927421347e-05
2.575090585244066248e-04
-1.311383859036779160e-03
4.062677187786339753e-05
8.368930147140173428e-05
-3.163980976477707117e-03
3.257918787903149301e-05
-4.694395754452184425e-05
2.729239247288467972e-03
-1.705764709969493021e-05
-4.330170774849292036e-05
4.407317285063055631e-03
-5.547767619339667853e-06
4.805473966457605940e-06
-2.814443299973999005e-03
-7.331899841678546878e-06
-1.276197152944893288e-05
-6.477153720584639084e-03
-2.030243742901759535e-05
-1.462835779743952000e-05
-4.507484532361656139e-04
-2.810088327072068903e-02
-1.116621145113121918e-04
7.595834254941443212e-05
-1.885207180309369178e-05
-1.287650934590647107e-04
-5.252797536634049719e-03
-4.177116571580657294e-05
3.426315580028848311e-05
1.033819274377691218e-05
2.301008904017029871e-05
-9.326156014195572178e-03
4.103674881169503181e-06
-1.165444603167826880e-05
8.525560619872834980e-06
4.370185095438817205e-05
-1.219302308972737038e-02
8.408705238808411849e-06
-1.040067008274364993e-05
-4.383953501461591100e-06
-1.404731405146254902e-05
3.869349122502897809e-03
6.209459522008309741e-07
1.485149086463018862e-06
-1.149488009569667714e-05
1.219632880451759589e-05
1.900118225008280357e-03
1.587103176544032933e-05
-2.277850288150039093e-06
-8.367066730645789790e-03
-3.443758637659721002e-05
-7.791020581527746377e-05
-5.815909566017759755e-05
9.632048093369517414e-06
1.363447480700088457e-05
-5.274856526426957570e-02
4.803916653655932421e-03
1.242285454184202301e-05
6.186598952169128883e-05
9.289642531196579426e-05
-5.499523413591846213e-06
-6.957933477325068490e-06
3.026276764882476072e-02
-4.272148523762516782e-03
-3.085997824031029696e-06
-7.433567117281765328e-05
-1.516088818198953864e-04
7.292527264463170177e-06
3.765723809744637331e-06
-2.688117255258753308e-02
-8.333934423282377053e-06
2.860870179187853625e-06
6.183408710525806288e-06
1.177877610925300899e-05
1.765827864117185770e-03
-4.415608023825031802e-06
-2.491140890991132367e-06
5.333498950990558925e-06
-1.257108451712594222e-05
-2.807485957361851803e+00
1.891698835582780180e+00
-3.524406123951079328e-01
1.605068083790071709e+00
1.362193770102809731e+00
9.458437759748756779e-01
4.257370669446678413e-01
1.670570472052411493e+00
3.877748511130533847e-05
-1.991373420913759797e-04
3.769896933290928600e-05
1.058693576219099896e-04
-1.723940635951396122e-03
9.516763631367698001e-05
1.877869003562442956e-06
3.430710847820847391e-03
1.163093312671062506e-06
1.117276220221728840e-05
-1.686773838168926544e-03
3.130127526238850596e-06
1.264596255894536124e-05
-3.058500875094894138e-03
4.703355943593823986e-06
8.058591959884508615e-06
6.361762581697472281e-03
-2.702818280042567653e-06
-1.047279329251465745e-04
1.455568782402977875e-04
-9.349859649009747975e-02
9.378866295320145425e-05
1.705770317374996354e-07
-2.574434801122672863e-05
-1.957309537298323711e-05
-2.108466311636096949e-02
-5.241333062660966894e-06
8.804933400863552845e-06
4.295581570211705574e-07
2.362769685337527570e-05
-4.329215155803043183e-03
1.109441131182735985e-05
-2.914288975811857912e-06
-3.045828279341566362e-06
2.143796607349028008e-05
-2.591453566850214409e-03
8.949927401324502809e-06
-2.104931534029501094e-06
-8.973933925078928111e-06
3.322374025552967520e-05
-3.313708647205349704e-04
1.579377014811664238e-05
-2.092513240433564020e-06
5.978173090543867363e-06
-3.429255548941748127e-05
-6.018348919254685797e-04
-1.811247018018622660e-05
2.430051278087860513e-06
1.003033790667427240e-02
9.882311392601727347e-05
3.615896011934692310e-05
1.292666493351366094e-04
-7.722528816121830965e-06
-2.482013732475814874e-05
6.345739489456256321e-02
-2.503378814699005420e-03
-7.895225703512464231e-05
-2.525746305095727726e-05
1.284392795126672651e-04
8.130026093220728929e-06
2.212074798927857319e-05
-1.597574511323155907e-02
6.441274357620276796e-04
8.362507888040184392e-05
9.680135183584806066e-06
-2.928961984887161951e-04
-1.771909663721563244e-05
-2.208368963082934253e-05
4.285434054153605503e-03
-1.986096440274836411e-05
-1.873547757014975307e-05
9.748754128144183841e-06
5.787947010328077198e-06
2.405984526455378757e-03
1.502065052138001414e-06
-1.824318964464688436e-06
-1.179336379024244159e-04
-2.010533602374354366e-05
-3.325509286194952452e+00
4.610042231501528143e+00
1.492328313656854366e+00
3.786857584479468714e-02
-2.043262771817920598e+00
2.509202672798508171e+00
1.331907132658582960e+00
3.618125338666496660e+00
1.115059617875692753e-04
-5.306488153542844068e-04
1.042689231656385363e-04
1.635300912425600853e-04
-1.240656372423061060e-03
1.494929756197355640e-04
6.112162405560038112e-05
-3.141023474736382316e-03
4.851082997419209721e-05
-3.376588184219616153e-05
2.718929315457440689e-03
-2.722026551370387149e-05
-2.695893564486308216e-05
4.395426058731834520e-03
-2.514621440211161041e-05
-2.607038900943791913e-07
-2.811828535376091707e-03
2.817585214069442166e-06
-1.558247864013558701e-05
-6.479408349835476429e-03
-7.347961053184415864e-06
-3.258719043135605286e-05
-3.021111893559276745e-04
-2.823203861864547262e-02
-2.617704617402875889e-04
-4.510126370464208752e-06
-2.340058487528199455e-05
-9.034306353693169619e-05
-5.292922162997551472e-03
-7.477031084696903222e-05
3.743995989417493457e-06
1.075799693594633290e-05
1.477589014531210495e-05
-9.320754757760847664e-03
1.336882588026241386e-05
-3.221457045644860500e-06
9.098623858786157061e-06
2.831136999475499508e-05
-1.217721133248620899e-02
2.538811586280016006e-05
-2.515520060340164429e-06
-3.537234962226643329e-06
-7.743670815483337945e-06
3.861625293971216767e-03
-8.167195253823312593e-06
1.825862381232782627e-06
-7.474271577581788261e-06
1.341170375599804116e-05
1.898959912927333966e-03
7.053283126387068510e-06
5.730802609961502547e-06
-8.368062433339934145e-03
-2.839820558497238047e-05
-4.044573134174753431e-05
-9.138486598587254768e-05
-4.534246608615513153e-05
1.423407525491454828e-05
-5.274153413078958019e-02
4.805714409134732162e-03
1.084691085577101212e-05
3.298992076777572413e-05
1.153580593759510442e-04
3.600935196917272703e-05
-4.859498656433226025e-06
3.025092680100665080e-02
-4.275156379871059530e-03
-3.303629513382326773e-06
-3.935593447586358418e-05
-1.786797408968407333e-04
-4.325554290755141273e-05
9.207988142482241425e-07
-2.686158050027985175e-02
-9.212031800856093031e-06
3.346823512636519461e-06
5.063192722750466676e-06
4.849171784568265316e-06
1.770528113517473362e-03
6.864383029460472558e-06
-2.550492922130293072e-06
1.809171446028303762e-06
-7.481791771213183788e-06
-2.807485927560419814e+00
1.891695487051044733e+00
-3.524403699108083488e-01
1.605066125408761479e+00
1.362194247087311849e+00
9.458442963973672235e-01
4.257370316999319337e-01
1.670570777790838068e+00
2.940012842070363971e-05
-1.887947910684962941e-04
1.000892801077692040e-05
7.640505245497639542e-05
-1.699684755310857396e-03
3.336094804041450911e-05
1.098855619333376945e-06
3.428779347000159364e-03
1.007381010962802892e-06
4.400958573550488672e-06
-1.685654311517085103e-03
8.945274425613862154e-06
5.502630624232902476e-06
-3.056043921852394808e-03
9.233384758668118791e-06
9.070165799640985747e-07
6.360754129862475521e-03
1.026756254550431806e-05
-4.795350946957134108e-05
8.478028099565698434e-05
-9.346742660494275490e-02
7.498917574860000928e-05
8.420926339256156552e-05
-1.473590350620488756e-05
-7.643633172188055310e-06
-2.108532854672393389e-02
-1.583840721886751969e-05
1.239228208822846359e-05
1.221992268938260746e-06
1.166083860558955736e-05
-4.324723745777878624e-03
1.539667217248070704e-05
2.319538813230390909e-06
-6.878471630614883326e-07
1.001113491833600907e-05
-2.587480703856497900e-03
1.484155779541897704e-05
4.446571676612789457e-06
-3.423632722985253093e-06
1.649433589909629630e-05
-3.246609944397977048e-04
2.150021896862176939e-05
9.253062775874687450e-06
1.868581326127467037e-06
-1.794556596100842740e-05
-6.092124008413847503e-04
-2.077837884109632436e-05
-7.020895196410794806e-06
1.002717707543727271e-02
5.371937601653671947e-05
5.183275583570411509e-06
1.368561962020524133e-04
4.282544399963511040e-05
-5.641808770849628270e-05
6.347806185308806082e-02
-2.500362757962401941e-03
-4.364627145498312745e-05
-2.291789168268310718e-06
1.267517202114334940e-04
-3.207171616438696753e-05
4.283846979493685848e-05
-1.599526442228377948e-02
6.404663077372491119e-04
4.580784740475020862e-05
-6.543017095066226692e-06
-2.958768260062320929e-04
2.370730246682356193e-05
-4.673567778308586036e-05
4.308913946904608695e-03
-1.244080163747258877e-05
-1.847454746175575160e-05
5.070132653158501603e-06
2.294662671047891279e-06
2.408682986164258424e-03
4.610382500220392451e-06
-6.204068613291179425e-06
-1.201784512953762052e-04
-1.227633750412320961e-05
-3.325509552813402436e+00
4.610042351632105628e+00
1.492328576647374394e+00
3.786835619008618870e-02
-2.043263282247080426e+00
2.509202554393652917e+00
1.331906893133185221e+00
3.618125205016615276e+00
2.385551107756072900e-05
-5.379553882199164007e-04
1.750382115356354982e-04
3.699145494208972286e-05
-1.248454309866282343e-03
2.438631582460545856e-04
1.804646506955246554e-05
-3.138077553227902258e-03
6.343441781579255969e-05
-9.691810857290724578e-06
2.717528603060707579e-03
-3.658507243129916804e-05
-5.785487023611591630e-06
4.397558408999010203e-03
-4.206157047427886868e-05
-1.776411918016708445e-06
-2.814679984524013582e-03
1.114932828042505152e-05
-7.380567933212981081e-06
-6.485258738680603485e-03
2.827030058566830824e-06
-1.246164896720776671e-05
-7.466513757638330038e-05
-2.823219274873884493e-02
-3.942483679570855199e-04
-6.392455390014530720e-05
-9.156159392223847698e-06
-2.426667011127902514e-05
-5.295897204952942569e-03
-1.046042155372058980e-04
-1.775882596199573356e-05
4.390859353693773354e-06
3.341218329820464678e-06
-9.321295056062883777e-03
2.142801459207282881e-05
2.338459073402924060e-06
3.672100986541790162e-06
6.525130885631713485e-06
-1.217820234705579291e-02
4.019437467563764452e-05
2.760929079605256109e-06
-1.388022608028158282e-06
-1.107919128129930352e-06
3.863163810065183956e-03
-1.562317777658582709e-05
2.441752185107732157e-06
-2.997900409574368620e-06
5.841246369328398103e-06
1.903351102027970015e-03
2.116313477957858516e-07
1.269644089427056901e-05
-8.369878586100030354e-03
-1.138458780227252505e-05
-4.202189249754777129e-06
-8.099937779392196160e-05
-9.173272795378773913e-05
1.740282267284068839e-05
-5.272942650017189981e-02
4.807384558697885314e-03
4.351443723307139929e-06
4.002299419062232677e-06
1.073050895110724671e-04
7.110180433643379738e-05
-4.248471298943751327e-06
3.024001990613848709e-02
-4.277018854149680291e-03
-1.338737206000620093e-06
-4.614043723694621751e-06
-1.681651716724026527e-04
-8.596927355426408279e-05
-9.803630303578518375e-07
-2.684948067405508107e-02
-3.765963025827095111e-06
3.500472898991070405e-06
2.008470632621493168e-06
-2.809791183466111715e-07
1.767658065303913395e-03
1.629269302386358956e-05
-3.154275322101882470e-06
7.092492013806144550e-07
-2.679747513192714635e-06
-2.807486837228252430e+00
1.891696975600849706e+00
-3.524414687368883636e-01
1.605068276651024473e+00
1.362193308706670658e+00
9.458431768804178574e-01
4.257370921593932045e-01
1.670571154987248841e+00
-1.183912501471030930e-05
-1.834518755255178915e-04
-7.620368319677898977e-06
-3.052097947958484775e-05
-1.689021767696873054e-03
-5.528883586960465143e-06
-4.146937096903680866e-07
3.428053640162524035e-03
9.378782157613543088e-07
-2.169256025769345379e-06
-1.688024020568403092e-03
1.312620370250159076e-05
-2.866960849158016114e-06
-3.058261916750599097e-03
1.259562957775535029e-05
9.249529672533451956e-08
6.356454664595210559e-03
1.914447575525297791e-05
-2.936450119863440579e-06
-3.773943358548495183e-05
-9.347381097008304607e-02
6.600514389722649368e-05
1.443577163727797683e-04
3.042165982402080524e-06
3.588367775140093233e-06
-2.107996286790938395e-02
-2.343425999325352233e-05
1.706241628394152221e-05
-1.040623385830605862e-06
-5.292333717417040424e-06
-4.328193247689040429e-03
1.887542007098136126e-05
5.394498901504333490e-06
-9.931065622156471234e-07
-4.577551910924729855e-06
-2.591122267587080922e-03
1.933146493476968145e-05
8.630585073907958717e-06
-1.245816083697597701e-06
-7.483163910265790829e-06
-3.291357535024932415e-04
2.615896182338444949e-05
1.685716206675187258e-05
1.009305691697435298e-06
8.090517345387362148e-06
-6.058058591785460759e-04
-2.342259459665051483e-05
-1.322824989043369968e-05
1.003047108168872610e-02
-7.004221666800358285e-06
-3.174394855264155822e-06
1.189231682259192513e-04
7.759064367833453128e-05
-8.489001224498576880e-05
6.345637700441912610e-02
-2.502861860731968226e-03
6.768373862296119030e-06
1.589429708788822049e-06
1.398488624307776243e-04
-5.962528617819376503e-05
6.286779770973571649e-05
-1.597903791460874440e-02
6.432106110441318135e-04
-6.457053545891549526e-06
2.369058283907006564e-06
-3.085642848000478525e-04
5.168160692009455989e-05
-6.953381064844738968e-05
4.291282894493365224e-03
7.376397064381036660e-06
-1.800646794526810580e-05
-4.468379396928087727e-07
-1.000053561271238120e-06
2.407206917595130363e-03
6.881111240024072860e-06
-9.778008499545787202e-06
-1.227056134770978147e-04
-5.270550909020654579e-06
-3.325508957591642556e+00
4.610029207766967119e+00
1.492328995980261697e+00
3.787619907363813654e-02
-2.043270619487954409e+00
2.509212519338738900e+00
1.331906039160818622e+00
3.618120594678625679e+00
-4.033763962627995054e-05
-5.953525700532879411e-04
2.075965499880675627e-04
-6.097016440205052013e-05
-1.326010251685642025e-03
2.865388963743923821e-04
-2.697661350375222598e-05
-3.158578447641832015e-03
6.840760262070127572e-05
1.477503270084980489e-05
2.726662131404140963e-03
-3.993349387640922956e-05
9.844493588472419466e-06
4.411298621322718230e-03
-4.982658121013229573e-05
1.938416511051184731e-06
-2.819743092230889581e-03
1.565835263247211667e-05
1.002822480845311961e-05
-6.488014987629312814e-03
9.104984391790950778e-06
4.809484965130938946e-05
1.267587933485897120e-04
-2.810087611619750680e-02
-4.503368076215944578e-04
-8.989600640135788604e-05
2.233387568065933344e-05
4.010929960596183724e-05
-5.258231800080303588e-03
-1.160482005468463118e-04
-2.679497191854352165e-05
-7.441630676800852641e-06
-5.841564514991602759e-06
-9.327169861309042923e-03
2.502391536784101200e-05
4.530269194868713088e-06
-6.718695752500810333e-06
-1.133425129060953525e-05
-1.219489768649559790e-02
4.673828064260716095e-05
4.872644760335770104e-06
1.249530664797719238e-06
2.329868102126974515e-06
3.872224184202502709e-03
-1.925718046139323356e-05
2.838416351820323801e-06
-6.367318069379294802e-07
-8.504299593022599419e-06
1.908277576426251673e-03
-4.178774260408144445e-06
1.610919754044299552e-05
-8.370430830972211064e-03
1.033367282212003361e-05
1.074120471889199105e-05
-3.879411080650718019e-05
-1.146732385941684614e-04
1.975261632790123462e-05
-5.272612852860032728e-02
4.807027756567295966e-03
-4.932854399602691145e-06
-9.317708354555071892e-06
7.789256209614507979e-05
8.833122437959996123e-05
-4.334002129986623048e-06
3.024246023995648056e-02
-4.275622024083197865e-03
2.429605891543386756e-06
1.090483960154905285e-05
-1.320229196271115266e-04
-1.069964985085275250e-04
-1.711313997209211933e-06
-2.685860995164871673e-02
6.226237462050505548e-06
3.150781594873050741e-06
-1.947996658698169209e-06
-4.236718908105103241e-07
1.760475139647546408e-03
2.118725493217476829e-05
-3.589676840789504976e-06
3.315656844742795397e-06
1.572801279400082337e-06
-2.807487602481254285e+00
1.891704096160156778e+00
-3.524427605787517903e-01
1.605073443128283817e+00
1.362191726532933966e+00
9.458413756539008066e-01
4.257372021690087882e-01
1.670570905934341432e+00
-6.877884187010178626e-05
-1.976754618101353737e-04
-1.780848008688893717e-05
-1.727259383007219884e-04
-1.723838965373662626e-03
-2.952918898712734725e-05
-2.029950530936499061e-06
3.430915913894494029e-03
7.670294216955725747e-07
-5.680012076480740337e-06
-1.691870331731471768e-03
1.398494423511494934e-05
-8.903304033093247815e-06
-3.064368950555266050e-03
1.299410233713268108e-05
6.315332767029936980e-06
6.354887096914349845e-03
2.220976688186183313e-05
9.437897412995950044e-06
-1.725784134235865163e-04
-9.353419105771203224e-02
5.112586923792794964e-05
1.598820644417437147e-04
2.055870131627503784e-05
9.251668275108194148e-06
-2.107459362979118705e-02
-2.505577195467220916e-05
1.874684493576387874e-05
-5.698105244777613185e-06
-2.018915955978097551e-05
-4.338888244668245679e-03
1.849462354002434137e-05
6.034003075971318506e-06
-4.130778409535297970e-06
-1.620702782834782703e-05
-2.601035399176309434e-03
1.953765492671018410e-05
9.598988253696313146e-06
-3.774185347709975504e-06
-2.876055487289571380e-05
-3.445677030014556016e-04
2.552996036743007701e-05
1.870806743269556746e-05
4.118307922972639214e-06
3.311648582438788676e-05
-5.900290913968674490e-04
-2.187751569947101517e-05
-1.470346884539646423e-05
1.003855770688570279e-02
-5.866889824246673650e-05
1.566060005812161914e-05
9.136701007082023013e-05
8.914867900127592130e-05
-9.362809371555649298e-05
6.340270336251105365e-02
-2.510224680398971675e-03
5.196033080257413936e-05
-1.633017700976105050e-05
1.530608923499313350e-04
-6.896664119964653658e-05
6.924979787758343418e-05
-1.593163668109030470e-02
6.519152968372499656e-04
-5.189208825601289405e-05
3.398660307604257837e-05
-3.131320630418297688e-04
6.236981793836971638e-05
-7.662508174771996792e-05
4.235731355092012609e-03
3.116629728482715983e-05
-1.820575549621294213e-05
-4.659656496352625101e-06
-2.724315251482407985e-06
2.401176127030815212e-03
7.460498112481477994e-06
-1.070016652152637471e-05
-1.206301885860518468e-04
1.860535654091001164e-06
-3.325507615816046147e+00
4.610008705977850063e+00
1.492329228139065211e+00
3.788866730440246244e-02
-2.043281150969062931e+00
2.509228107509314576e+00
1.331905098460794745e+00
3.618113681044081709e+00
-5.519966107185183917e-05
-6.725384833885856466e-04
1.874918396976201634e-04
-9.066061832937658124e-05
-1.433590380939271658e-03
2.565581666703686337e-04
-5.524358653990581652e-05
-3.194926483877899397e-03
5.608601943739244879e-05
2.949100567173896015e-05
2.743002640938952980e-03
-3.317002034749508087e-05
1.362574018034389231e-05
4.429171890515365417e-03
-4.494644486653249360e-05
9.187541046942445858e-06
-2.823055464472130124e-03
1.618842380337908021e-05
2.915664287580861435e-05
-6.483006649738123905e-03
1.306171549370566061e-05
1.252196967267342031e-04
2.192983676736131671e-04
-2.789761468938839126e-02
-3.918306086239288911e-04
-8.916000094108331847e-05
5.862680806831829046e-05
7.611218118950136956e-05
-5.195317978085774342e-03
-9.795030642262792192e-05
-2.757822443477639293e-05
-2.007306734817889576e-05
-9.010454285190027223e-06
-9.335395243882289168e-03
2.224738878071796903e-05
5.150289168604167574e-06
-1.797176818236312262e-05
-1.795804948243431062e-05
-1.221913458562447381e-02
4.138848102400366003e-05
5.371986465311397169e-06
3.328325800027285853e-06
1.241144695711430483e-06
3.883796104987283747e-03
-1.799891892088400570e-05
2.450865747523709943e-06
-1.342809710651297978e-06
-2.345562567994143564e-05
1.908945188527597829e-03
-7.530425077884652383e-06
1.492723978239822628e-05
-8.368450139087128467e-03
2.810706222094465812e-05
-1.211264937921338830e-06
9.968893291582587440e-06
-1.084388648457182956e-04
1.688814278578694254e-05
-5.274015997366706537e-02
4.803816410348062636e-03
-1.332010650201765877e-05
-1.866880763043444810e-06
4.518134292746608677e-05
8.309618189398823942e-05
-3.353752983951974604e-06
3.026358792546945259e-02
-4.270468961260876807e-03
6.520404120556875019e-06
1.288191652377170649e-06
-9.278898339837640934e-05
-1.008234617389708771e-04
-1.912712817076390230e-06
-2.689202715485667153e-02
1.610037353385621189e-05
2.285933601725405602e-06
-5.279407432423742287e-06
4.290646841031854400e-06
1.753887316832886296e-03
2.070587225563344351e-05
-2.993802220201032722e-06
9.056174974098492845e-06
5.719851180160010885e-06
-2.807487402558027423e+00
1.891714811365354576e+00
-3.524432108616962767e-01
1.605079286259914584e+00
1.362190441823329712e+00
9.458400051344593162e-01
4.257373000997151102e-01
1.670569756682724005e+00
-1.139350085890732182e-04
-2.340942932893538885e-04
-2.851282786923105806e-05
-2.822936659090673922e-04
-1.808647840542788182e-03
-5.847218630076010925e-05
-3.026104436788136334e-06
3.437646191790564264e-03
2.741159413879204057e-07
-5.177080306052096211e-06
-1.694823906406291636e-03
1.106294342370161270e-05
-1.042704057442784596e-05
-3.071841026490283993e-03
9.613859701823303117e-06
1.559448239961985674e-05
6.359683893906889138e-03
2.038958799425661102e-05
-9.871132685328355824e-06
-2.590756450428775056e-04
-9.363626154312190697e-02
1.163475461478092444e-05
1.292727494365982746e-04
3.085755885397894869e-05
7.904865448976370148e-06
-2.107417357483473003e-02
-1.996419672816712997e-05
1.388445282169019343e-05
-1.045303209173534251e-05
-2.695433132840778425e-05
-4.352756073806069922e-03
1.221180820359400040e-05
5.264648443345408210e-06
-8.322892090205947030e-06
-2.039006663172622530e-05
-2.613122722744424479e-03
1.387627459210296763e-05
8.074262966999383310e-06
-9.131544155993159603e-06
-3.863093122402164881e-05
-3.655343582121858121e-04
1.669799997167746970e-05
1.545721667268367875e-05
9.235144428531250288e-06
4.648167443458344839e-05
-5.664905363126323309e-04
-1.269757944230826319e-05
-1.220154755349234807e-05
1.004790329398362603e-02
-8.218673535859460282e-05
4.857370724287541307e-05
7.192934301426432645e-05
8.028171915164906492e-05
-7.217671467694611711e-05
6.334058732918078360e-02
-2.519588472778029522e-03
7.471466247719545952e-05
-4.431366645319695797e-05
1.542373461391752861e-04
-6.283442359984956209e-05
5.292569364139646963e-05
-1.587171160373895135e-02
6.633787710980528721e-04
-7.348795141115952779e-05
7.049926080066927243e-05
-2.987752335392209867e-04
6.043017254676909798e-05
-5.897160567049589553e-05
4.163021869886564946e-03
4.721796012732884355e-05
-1.953362594327973627e-05
-6.065806952533443807e-06
-2.453277442192190922e-06
2.392562819216547017e-03
6.044819945203746105e-06
-8.240383232505624531e-06
-1.123346595796436819e-04
1.078639716161095973e-05
-3.325506035645771075e+00
4.609989879081636488e+00
1.492329086225374413e+00
3.790031485412700268e-02
-2.043290053440536269e+00
2.509242460161518640e+00
1.331904563860964341e+00
3.618107565650976909e+00
-2.483237923265225824e-05
-7.330798079234983724e-04
1.197963511768592018e-04
-5.347581494613748817e-05
-1.521171387812742621e-03
1.597825104674666325e-04
-5.726292667719103845e-05
-3.231961459479895746e-03
2.524457227449686836e-05
2.974837252505778187e-05
2.759771775338119067e-03
-1.581227186642318656e-05
6.446239753453642790e-06
4.442605988697773470e-03
-2.861631677677282080e-05
1.578369508914991852e-05
-2.822242907236007653e-03
1.414636910703403511e-05
4.066330899647062249e-05
-6.470573284417056176e-03
1.733492104600073622e-05
1.811414353162258892e-04
1.842251641114020315e-04
-2.771223575331615077e-02
-2.223827028242922538e-04
-7.989924806575062789e-05
8.273791624125737541e-05
7.330212720685916556e-05
-5.134049320785593305e-03
-4.981516308357866111e-05
-2.810587882838782206e-05
-2.782436622641844363e-05
-6.039290737782523444e-06
-9.342161123662493308e-03
1.355818610221604490e-05
6.807132188096145748e-06
-2.499051316593903265e-05
-1.278146855959042804e-05
-1.223987509994419777e-02
2.490127224470888064e-05
6.598600311719865121e-06
4.104317592268180903e-06
-2.845803874580101740e-06
3.892271615075928223e-03
-1.261225238816828937e-05
1.020728045290195404e-06
-3.978086035569985760e-06
-3.188846671893563121e-05
1.903658765497821511e-03
-1.178357487067522146e-05
9.976979392184178141e-06
-8.364252957682238171e-03
3.530493306138459797e-05
-2.841356043132704142e-05
4.036782320070370425e-05
-7.834760964244382765e-05
6.228919830667907422e-06
-5.276919642305090419e-02
4.798644779345910202e-03
-1.742144623860970447e-05
1.818118404079677701e-05
2.623142945001291811e-05
5.926592494358262473e-05
8.886126497981573346e-08
3.029755215809696450e-02
-4.263227991275827557e-03
9.076063396960396457e-06
-2.328712782437924409e-05
-7.118957310107360882e-05
-7.218200801227271082e-05
-2.380728663319795838e-06
-2.693882322842710772e-02
2.092778312598659630e-05
1.213027622268366620e-06
-6.734130264327006514e-06
1.057053622687928433e-05
1.751688303451702077e-03
1.605810434425622505e-05
-1.004969217603459250e-06
1.570465963204111483e-05
1.022299258053943968e-05
-2.807486174187022065e+00
1.891725084846183291e+00
-3.524424966834562856e-01
1.605083407512609250e+00
1.362190050618402815e+00
9.458397188676911371e-01
4.257373419185573882e-01
1.670568060756268958e+00
-1.231457891131494588e-04
-2.805050899062685316e-04
-4.651441042760594573e-05
-3.016380094894689041e-04
-1.914754785668765138e-03
-1.079202164739322551e-04
-2.972356851973986226e-06
3.445969703630940954e-03
-6.198314028450606996e-07
-2.018631109871921863e-06
-1.695481249313839089e-03
5.350990979208972860e-06
-7.712692812846310900e-06
-3.077691342606801456e-03
3.136758924608211425e-06
2.155298637264300076e-05
6.369787255415615759e-03
1.628323217726362074e-05
-3.867605884904107164e-05
-2.577036200031629278e-04
-9.374271103768909430e-02
-5.952321735578857916e-05
6.973019211420987385e-05
3.045058989673594550e-05
2.194391118891044650e-06
-2.107964570618332464e-02
-1.001737634407973604e-05
1.774299821075061716e-06
-1.250694270201551315e-05
-2.363689457278865037e-05
-4.364343471211199962e-03
4.464052697110621653e-07
4.614990682658849907e-06
-1.077572249309300949e-05
-1.655067244969615531e-05
-2.622540987905830085e-03
3.138539301309355752e-06
5.740660289208989489e-06
-1.323649157656118152e-05
-3.412285161335901787e-05
-3.839066749188899206e-04
1.578679365823194288e-07
9.779431323216630512e-06
1.268891613930130737e-05
4.317535852107444721e-05
-5.440796542116130979e-04
4.274645853702424846e-06
-8.040651757684640809e-06
1.005456778160689763e-02
-7.374254673419116377e-05
7.209803877053093434e-05
7.005713658417473972e-05
6.095430163035793784e-05
-2.327570276857448788e-05
6.329548218484397359e-02
-2.527227029127918773e-03
6.960276233809960429e-05
-6.285762584011436293e-05
1.410433555330286746e-04
-4.932779923961884064e-05
1.453680229741317469e-05
-1.582299518218209175e-02
6.731351366873753383e-04
-6.695210513241639559e-05
8.860042347038817598e-05
-2.687229107040988775e-04
5.459559784690170593e-05
-1.798671192882318913e-05
4.101628232099739993e-03
4.687139638222231192e-05
-2.152467701236281298e-05
-4.916127051224973869e-06
-8.846048215271784683e-07
2.384544013065643345e-03
3.030477429993532596e-06
-3.131517359833467689e-06
-1.003289701805308348e-04
2.196181818670328982e-05
-3.325504875312934594e+00
4.609980342636762707e+00
1.492328645579099611e+00
3.790641842259655225e-02
-2.043293765718948052e+00
2.509249768044774065e+00
1.331904634417395483e+00
3.618104710745063457e+00
2.016717930182273326e-05
-7.529877932085826849e-04
2.701081631569650059e-05
1.057834195441803992e-05
-1.553853117683988644e-03
2.705653381441845641e-05
-3.747491061871698829e-05
-3.254495994127010357e-03
-1.722619546138680254e-05
1.856543442930078691e-05
2.770083939397332499e-03
8.085060556839593837e-06
-4.404273143008632116e-06
4.446312442862535713e-03
-6.228853790794397544e-06
1.739115905750979150e-05
-2.817835167693605834e-03
1.142581310088352358e-05
3.841081409008605346e-05
-6.456159629608226175e-03
2.338005628412062365e-05
1.838586601898690954e-04
7.345363456545762394e-05
-2.761974224446946818e-02
1.039087563687967086e-05
-7.964715650753767474e-05
8.198125993441848542e-05
4.213131062468957177e-05
-5.099402726682434120e-03
1.638066407791642840e-05
-3.458945794391228009e-05
-2.695496004149307360e-05
-3.071199744920185939e-07
-9.344769492610519382e-03
1.649461702605855385e-06
1.101389584024014555e-05
-2.431866213003004113e-05
-1.924976674972841138e-06
-1.224880361530489986e-02
2.285807576609520409e-06
1.001340830942533684e-05
3.485239200997486753e-06
-6.496047408677135250e-06
3.894330508842432266e-03
-5.248056813443113141e-06
-1.215487802401994486e-06
-6.008324691575454306e-06
-2.951309715204087803e-05
1.894863522175334325e-03
-1.773933277164534689e-05
3.473401033305857564e-06
-8.359654831494440358e-03
3.059337983777947153e-05
-4.900574443848199855e-05
4.087236621167378986e-05
-3.735083413305482331e-05
-1.088401779333002771e-05
-5.280063910698008789e-02
4.793743765251263014e-03
-1.583403931711319551e-05
3.439909325233873308e-05
2.813484442248936901e-05
2.677722496470064741e-05
6.017422583907855471e-06
3.032987700135555617e-02
-4.257001889937866296e-03
8.795559647022683499e-06
-4.278607340857575400e-05
-7.522851122030056736e-05
-3.311418803252324220e-05
-3.613790530157450910e-06
-2.697926675644338884e-02
1.804334097452394862e-05
3.265974675135122382e-07
-5.915706492053962991e-06
1.381539827156910797e-05
1.754617739190287087e-03
9.703918108403526921e-06
2.100306374544674446e-06
2.053210507256022344e-05
1.491163567043310541e-05
-2.807484654807012703e+00
1.891730841381301209e+00
-3.524411778081235069e-01
1.605084529345068400e+00
1.362190505047306655e+00
9.458403821927247046e-01
4.257373237372853447e-01
1.670566634474721202e+00
-8.891390559359119887e-05
-3.157397420062536342e-04
-7.152593329718561865e-05
-2.152531893567820385e-04
-1.994128973658652361e-03
-1.752359925488486782e-04
-1.928891594451357674e-06
3.452113094407554834e-03
-1.727421648098233735e-06
1.012849810286042093e-06
-1.694110047313233600e-03
-1.182259619576095742e-06
-3.166715932560290149e-06
-3.079919367318061357e-03
-4.477772991372138523e-06
1.901548246715270598e-05
6.379849278362121484e-03
1.246288536281513600e-05
-4.773407720170112800e-05
-1.709483678157748847e-04
-9.380925786327516669e-02
-1.496727266571007018e-04
7.312762611159057222e-06
2.105263316162672661e-05
-2.833553365409611146e-06
-2.108741716639085662e-02
1.300898738847257395e-06
-1.451544302594897048e-05
-1.018925508149118595e-05
-1.327651878353587785e-05
-4.369467826516071005e-03
-1.374341296274743352e-05
5.081477053630173932e-06
-9.305948879002155788e-06
-8.146977418121468888e-06
-2.626077174016978877e-03
-9.631262545587053535e-06
4.156812376279729832e-06
-1.223391981093932349e-05
-1.936500174383455378e-05
-3.928137722983221850e-04
-1.983933004925933353e-05
4.710043165905102556e-06
1.131949335360411547e-05
2.632093462865570398e-05
-5.316456254067746228e-04
2.508970137962400634e-05
-4.633637392853570448e-06
1.005658301043798816e-02
-4.538922483951938694e-05
6.586002369572970081e-05
8.252034470983228218e-05
4.177465947598091463e-05
3.781932577204590035e-05
6.328169053952990841e-02
-2.530468122459522250e-03
4.502618909127590707e-05
-5.592287242308453045e-05
1.221812237491403514e-04
-3.646004443569401585e-05
-3.467210666270793178e-05
-1.580269855929446882e-02
6.776000118919575698e-04
-4.212293377282182231e-05
7.274595714948684801e-05
-2.388650050389236486e-04
5.142090048984024531e-05
3.392067771077602803e-05
4.073904442064318898e-03
2.930660037228040771e-05
-2.324283132215460761e-05
-2.569836717295779290e-06
6.267141577410994830e-07
2.380296346062787428e-03
-5.599451785346274096e-07
2.821010174034939714e-06
-9.037158369577596388e-05
3.376674053776446648e-05
-3.325504605861198559e+00
4.609982564947530115e+00
1.492328198786394333e+00
3.790530284549943618e-02
-2.043291709349237983e+00
2.509248122212626608e+00
1.331905128135217886e+00
3.618105738211579325e+00
4.116162999828386159e-05
-7.322726308213224362e-04
-6.134455806198635278e-05
4.721167166401700623e-05
-1.528795530406692853e-03
-9.975872161145582712e-05
-1.105640295319723983e-05
-3.254930514588062328e-03
-5.875097021514913843e-05
4.628955643008523895e-06
2.770409187945643576e-03
3.139300553472294423e-05
-9.624017930364412338e-06
4.440814103698518048e-03
1.510044608189128540e-05
1.198669874209656073e-05
-2.812888451943662983e-03
9.225241526186187441e-06
2.281568330360578275e-05
-6.447390459397431446e-03
3.005997506760577049e-05
1.254127769950164615e-04
-2.248099772874575047e-05
-2.764337469128178362e-02
2.348137253545843424e-04
-9.295771389842835350e-05
5.493178811861525689e-05
7.246114842181859894e-06
-5.102051292171160338e-03
8.069424250424752829e-05
-4.674072349677711979e-05
-1.766615647613944579e-05
3.372216791282616047e-06
-9.342938494228153479e-03
-9.753005675294560778e-06
1.697119832187793311e-05
-1.602184156958181505e-05
5.540964573104525664e-06
-1.224436994542470181e-02
-1.939873638071579336e-05
1.502123677172655770e-05
2.058325323058758580e-06
-6.384595528168300060e-06
3.890511982367188606e-03
1.648252487454968158e-06
-3.556467346484918829e-06
-5.042065524005293380e-06
-1.720053098751732682e-05
1.887767584582552985e-03
-2.411954322727930853e-05
-2.153778594526705086e-06
-8.357026973670309347e-03
1.827047140677916492e-05
-4.374463118399719890e-05
1.852756791851674616e-05
7.341492157691048613e-07
-2.919392773626038973e-05
-5.281833479924294417e-02
4.791440493186870792e-03
-9.870891944133137710e-06
3.184917626866593627e-05
4.485687041343064093e-05
-3.505457216418996240e-06
1.277224910057450020e-05
3.034489789055196118e-02
-4.254586562380966754e-03
5.779998473112624467e-06
-3.921687863974192192e-05
-9.664953582242256686e-05
3.274778702479352465e-06
-5.440828231955476972e-06
-2.699479039689478901e-02
8.628186200917634577e-06
8.974453672892879911e-08
-3.560114906966345250e-06
1.079174237222612002e-05
1.759971020926433261e-03
3.948675653584638736e-06
5.365913743776888597e-06
2.156579434077400903e-05
1.876606668853691477e-05
-2.807483948983014788e+00
1.891730003002974447e+00
-3.524403449068159722e-01
1.605083041478077011e+00
1.362191189997121743e+00
9.458412040675969745e-01
4.257372800900829368e-01
1.670566311632030843e+00
-2.466310776471645946e-05
-3.209056041717342532e-04
-9.479117075194457389e-05
-5.833684765841783468e-05
-2.004800172258058670e-03
-2.371380253646211754e-04
-4.155815414870798885e-07
3.452851673092025529e-03
-2.700450897482560906e-06
1.347939760621509434e-06
-1.692373435407613230e-03
-6.516649421664137379e-06
4.736866289399435667e-08
-3.078426440612813588e-03
-1.081895471993478964e-05
7.189320590826550289e-06
6.383280917274601618e-03
9.872335609562209871e-06
-1.795435673352147420e-05
-4.138763074653698616e-05
-9.380728644726341048e-02
-2.289211252476293650e-04
-3.648022847236112327e-05
8.388457390368511891e-06
-2.777512613169618344e-06
-2.109152719400702106e-02
1.051840218039181015e-05
-2.926510803035385318e-05
-3.883496876953373973e-06
-2.042157769067157137e-06
-4.367197461333851075e-03
-2.580598484258932380e-05
6.469696408143441393e-06
-3.610136275027462442e-06
-5.911507681872041044e-07
-2.623620540257208446e-03
-2.036962580006858951e-05
3.838750312162359017e-06
-4.756742304346371105e-06
-3.093825276020785897e-06
-3.899706020157634747e-04
-3.685469698743035276e-05
1.962071291572567555e-06
4.281665569865754868e-06
5.242966894995941345e-06
-5.335892912947012541e-04
4.299003590015215449e-05
-3.124230852839176913e-06
1.005431176930422603e-02
-1.797522991490469404e-05
2.471015935542124919e-05
9.577931752933598747e-05
2.801522542936320064e-05
8.980032918597227786e-05
6.329675412200269635e-02
-2.528795377624050000e-03
1.787769528651740161e-05
-2.047596004726321775e-05
1.121795225939555343e-04
-2.755988745144787087e-05
-7.742891841210761323e-05
-1.581347554782179532e-02
6.758015046439974508e-04
-1.669249509618784803e-05
2.442777951655020799e-05
-2.287497272922794759e-04
5.098109382163674432e-05
7.854174526193036688e-05
4.085369122889102693e-03
2.321242990682077297e-06
-2.358755765072396120e-05
-9.897602130613114427e-07
7.227643733067939859e-07
2.381248081421263700e-03
-3.444613841290212694e-06
7.566404986077796772e-06
-8.826398634857867830e-05
4.246698635783148110e-05
-3.325505277644451141e+00
4.609992909117708315e+00
1.492328076331665310e+00
3.789901455110093048e-02
-2.043286384007442003e+00
2.509240256932831148e+00
1.331905607845934814e+00
3.618109230395240683e+00
1.441626751205967287e-05
-6.931349369843716910e-04
-1.217985919496619647e-04
2.002099896499455505e-05
-1.474304664039518533e-03
-1.861790347047438199e-04
4.882570075444325988e-06
-3.236672085416061710e-03
-8.627947830111272432e-05
-2.778414466645071609e-06
2.762193603731500583e-03
4.689074831525939438e-05
-3.428462768371430213e-06
4.431737543721891125e-03
2.968446052337207042e-05
1.110660451264739740e-06
-2.811155378985269026e-03
7.399282699753033106e-06
7.093657560943786500e-07
-6.449800990543316098e-03
3.387290906226794339e-05
2.637682389500097620e-05
-2.816440419673208088e-05
-2.774605239220118841e-02
3.862090377924021168e-04
-1.081935224072631721e-04
1.229034387813127488e-05
-7.042893347429292869e-06
-5.133737280620663188e-03
1.236929572440722918e-04
-5.742469050436998861e-05
-3.987640459900869583e-06
1.600642506016711963e-06
-9.338776173219274016e-03
-1.751240693445359651e-05
2.171597914535595221e-05
-3.634513138775650628e-06
2.976365190733912264e-06
-1.223211418957156384e-02
-3.412580816970302354e-05
1.906938295594410633e-05
7.212289994613248766e-07
-1.293326296603593625e-06
3.884633669865715597e-03
6.461860681826921748e-06
-5.144521071332543791e-06
-2.708099551019683374e-07
-5.378847615745346745e-07
1.887333785842046537e-03
-2.791689160992141754e-05
-5.429981677021764535e-06
-8.357951872411010369e-03
5.700114854217260303e-06
-7.584565140848732466e-06
-6.265184415245642589e-06
2.759910909569731079e-05
-4.179866128096772356e-05
-5.281148602707901735e-02
4.793019516611418500e-03
-2.678845315010397999e-06
5.878423028027606933e-06
6.151733789711423366e-05
-2.476342199331260809e-05
1.757453381938018058e-05
3.033445650361485044e-02
-4.257166787037858224e-03
1.305653620278008863e-06
-7.143146390445073664e-06
-1.166659352400259214e-04
2.883154772359576614e-05
-6.877271109494671806e-06
-2.697817983077894707e-02
-2.926204201339388238e-06
6.173433940145025517e-07
-1.074773185023059937e-06
1.518546161351239575e-06
1.763383560260141326e-03
-1.886455194741142343e-07
7.589937056749800886e-06
1.870814224548458449e-05
2.023981193396746467e-05
-2.807484866292714543e+00
1.891723514198439648e+00
-3.524409521980467197e-01
1.605080641046544798e+00
1.362191321800500621e+00
9.458412439738053124e-01
4.257372608323953811e-01
1.670567464335323216e+00
4.182786870281478552e-05
-2.900181537330887190e-04
-1.027608639280679044e-04
1.005863781817388568e-04
-1.934391323920560445e-03
-2.594342277831742228e-04
8.620181948937338961e-07
3.447341138637802227e-03
-3.134951358620586312e-06
-1.844539423001644776e-06
-1.692255210034546110e-03
-9.455058818040097497e-06
-1.360244498370838456e-07
-3.074908872370483472e-03
-1.409157316547844726e-05
-9.732434633082836370e-06
6.376140187053907712e-03
7.505511751703794095e-06
4.735971901181429210e-05
7.075740105708386502e-05
-9.373889085070545579e-02
-2.629829317816521992e-04
-5.481762016081609293e-05
-1.032998541166396870e-06
3.554834102049433345e-06
-2.108726126984227650e-02
1.565097121986614164e-05
-3.667580768734851176e-05
4.080587867052512315e-06
4.158887278130772483e-06
-4.360115830075422805e-03
-3.164456010623661626e-05
7.442740601885896635e-06
4.435444545458189808e-06
1.795196570733972928e-06
-2.617969914648739932e-03
-2.575092734008445160e-05
4.000852064797125619e-06
7.087748144763434256e-06
6.192979904259290113e-06
-3.786042188399336376e-04
-4.505065868230796034e-05
1.113707089252354633e-06
-6.294539126448804101e-06
-9.601272826631527629e-06
-5.477190824592036416e-04
5.131434875704699494e-05
-2.819036817124437257e-06
1.005042166155590416e-02
-8.632926634909721662e-06
-3.738919946875756214e-05
9.470472713584191481e-05
1.721820997255043835e-05
1.150021521065430535e-04
6.332319191260533942e-02
-2.524123836609683952e-03
3.776153671644086100e-06
3.098490221764918246e-05
1.224935351847449038e-04
-1.982373784838149740e-05
-9.839330005095996731e-05
-1.584303904083779815e-02
6.697791618503768632e-04
-5.968991373508556768e-06
-3.777296824427675814e-05
-2.499982254608533569e-04
4.691967451929004133e-05
1.002481337780420902e-04
4.123008004181086088e-03
-2.178608429047351096e-05
-2.215447914349991934e-05
-1.610566189076438312e-06
-1.053704397040707908e-06
2.386303859094402596e-03
-4.923963440635085119e-06
9.817720530706501472e-06
-9.638313668700687566e-05
4.390265036086238727e-05
-3.325506490908562096e+00
4.610003946263877772e+00
1.492328452598234767e+00
3.789202338412393789e-02
-2.043281799162804724e+00
2.509231811961920133e+00
1.331905649586461848e+00
3.618112622653435917e+00
-5.452497221368681629e-05
-6.661783523332307508e-04
-1.460662584735534944e-04
-6.773660376679514869e-05
-1.432207902298999417e-03
-2.187376516402194488e-04
9.764620565255160657e-07
-3.211914680883506869e-03
-9.189697435525179812e-05
9.523972023926128932e-07
2.750900393018075683e-03
5.035594759318320928e-05
1.295377581582935072e-05
4.426324102460073989e-03
3.548798527269118701e-05
-1.081173869105043661e-05
-2.814815016615012343e-03
4.718365097077465742e-06
-1.819612914621355967e-05
-6.463556688911716377e-03
3.079992495223348586e-05
-7.354922670288482770e-05
7.345484002378698527e-05
-2.785361506500468390e-02
4.328430479321423887e-04
-1.043494811571583870e-04
-2.840206686416260704e-05
9.416973587205500158e-06
-5.172534354142108333e-03
1.345146628855333230e-04
-5.653404690527288320e-05
8.296703281153457014e-06
-5.623358822217340335e-06
-9.335462141362989991e-03
-2.030812741991531656e-05
2.168720113429392694e-05
7.627803577456008449e-06
-9.954663142670967070e-06
-1.222120991618561546e-02
-3.927170558985231701e-05
1.899756290800467450e-05
1.864372422260661270e-07
7.092136629122161664e-06
3.881442432625786462e-03
8.961312050882144531e-06
-5.361945648601889605e-06
6.898460082374191137e-06
1.306418866796919783e-05
1.895300932103726388e-03
-2.589906176239383128e-05
-6.392931868118151148e-06
-8.362365274139195795e-03
-8.110286489835010686e-07
4.675312841315603545e-05
-1.223369732700310989e-05
4.309541875343025344e-05
-4.335065075372384664e-05
-5.278112725111291231e-02
4.797879576333963746e-03
2.458552027330365927e-06
-3.456840253833396283e-05
6.348342633833873932e-05
-3.650033670423971828e-05
1.800371740340607672e-05
3.030252095192231820e-02
-4.263478437630132019e-03
-2.791663490243506096e-06
4.232478526073572557e-05
-1.174262745889901737e-04
4.309488069253601976e-05
-6.854030128594927103e-06
-2.693744295264428532e-02
-1.123175922837819649e-05
1.528638238104673019e-06
2.467298789388649446e-07
-1.051245543594682270e-05
1.761475817187316273e-03
-3.259216873563281751e-06
7.915011942877501507e-06
1.365691466273354291e-05
1.779974163201880779e-05
-2.807487403515275037e+00
1.891714811914863237e+00
-3.524432119502003413e-01
1.605079288070881738e+00
1.362190440834126548e+00
9.458400039576881912e-01
4.257373001768129384e-01
1.670569757269939615e+00
8.291639186318951107e-05
-2.340835646340895396e-04
-8.447294190900217015e-05
1.955811330295864072e-04
-1.808625152657898595e-03
-2.154170640369352878e-04
1.376930858079198240e-06
3.437644509859236110e-03
-2.762717027760379221e-06
-7.137787485220013316e-06
-1.694826605478283801e-03
-1.000528797061208965e-05
-3.555881069221348299e-06
-3.071842962373907537e-03
-1.381140859117571016e-05
-2.453306333801614741e-05
6.359678010851566726e-03
3.263393582675320494e-06
1.223884418595887343e-04
1.194915149430693575e-04
-9.363625851593908311e-02
-2.301583841031156342e-04
-5.664632748551438673e-05
-3.413642689868381539e-06
1.333958713433094283e-05
-2.107416691000055589e-02
1.682428825787559074e-05
-3.366110206133606208e-05
1.053497857729715826e-05
2.904991180774844472e-06
-4.352758954682249895e-03
-2.944492631901834186e-05
6.341637745414182594e-06
1.163755598690976969e-05
-1.821562648448714523e-06
-2.613125976549824508e-03
-2.459258527063412609e-05
3.120616827915548150e-06
1.860443668029201735e-05
4.855442872068888987e-06
-3.655377729375425093e-04
-4.179836096751257592e-05
1.128786227579114954e-07
-1.620926654366279930e-05
-1.224429284863107355e-05
-5.664888089589299822e-04
4.659683923980495544e-05
-1.790704385374441700e-06
1.004790671455220788e-02
-2.141601225288741143e-05
-9.393932860500062826e-05
7.190910622164258491e-05
1.938396583532859890e-06
1.072489050538736699e-04
6.334056621345328375e-02
-2.519590862487176668e-03
8.463492875589276624e-06
7.653274248166004894e-05
1.542536683757035534e-04
-6.961957616901076184e-06
-9.115404614656530337e-05
-1.587169562365807127e-02
6.633814192613566403e-04
-1.430499423638315291e-05
-8.752720707227107735e-05
-2.987925979384753526e-04
3.083778556606339461e-05
9.311287276821834512e-05
4.163004369057455266e-03
-3.280717065974658785e-05
-1.953332058742140743e-05
-4.249218245804406777e-06
-4.008634463092896022e-06
2.392561675397609014e-03
-5.145938227309137387e-06
9.387093005459043807e-06
-1.123367288698668223e-04
3.546049031400540978e-05
-3.325507615561140717e+00
4.610008696670321982e+00
1.492329228287653242e+00
3.788867260134885784e-02
-2.043281156194929782e+00
2.509228114447640934e+00
1.331905097898232304e+00
3.618113677867898392e+00
-1.328918763489933443e-04
-6.725781302199883944e-04
-1.416318241001417514e-04
-1.736878752558327146e-04
-1.433643988179246834e-03
-2.069347792894236893e-04
-1.923455077797804109e-05
-3.194940638763144655e-03
-7.596635010031414737e-05
1.318873734282925941e-05
2.743009044326753017e-03
4.216152164270935940e-05
3.171768085280183950e-05
4.429181462155891598e-03
3.429000556439995941e-05
-1.872012124513508356e-05
-2.823058845988224604e-03
-1.318629734122111801e-07
-2.635068396757985921e-05
-6.483008386089953584e-03
1.874169299484590751e-05
-1.361994884466481064e-04
2.296948018709314308e-04
-2.789752436083979201e-02
3.857872380408020334e-04
-6.425536919888729672e-05
-5.182064585172178921e-05
4.676978063839809291e-05
-5.195291573107825404e-03
1.148769084725723187e-04
-3.713064210762402129e-05
1.463047031274052345e-05
-1.476006117317228736e-05
-9.335399163082866089e-03
-1.892478492133141296e-05
1.479502795857645653e-05
1.358015810039592275e-05
-2.686232718522587755e-05
-1.221914601770078546e-02
-3.624212769635467337e-05
1.288467265308724129e-05
5.717178908736323850e-07
1.496788483005426232e-05
3.883802333715900400e-03
1.007299380350821598e-05
-4.119542816952558428e-06
1.348129169507251199e-05
1.825523979871662364e-05
1.908948509246197233e-03
-1.654654787335754892e-05
-6.286743097262051073e-06
-8.368451250824133006e-03
5.756112202594644914e-07
9.491089440831903883e-05
9.997757742528478719e-06
5.314293643753878645e-05
-3.278398509156025224e-05
-5.274015422260627112e-02
4.803816976739992521e-03
3.754158479613114882e-06
-7.123907367475368943e-05
4.516112079368299554e-05
-4.314841631080989582e-05
1.321220452386749885e-05
3.026358553883605126e-02
-4.270468984428662206e-03
-4.912352770948137507e-06
8.688570965665684954e-05
-9.276433779761193927e-05
5.150962631287502773e-05
-4.691163140680770321e-06
-2.689202786084561592e-02
-1.289051645941116182e-05
2.285782857480956913e-06
1.189330979467066276e-08
-2.008098809404243963e-05
1.753882400733506285e-03
-6.636051671685324618e-06
6.072395887839848932e-06
9.057167144457887913e-06
1.105773758333873831e-05
-2.807485849363109409e+00
1.891710338439028805e+00
-3.524412136545806429e-01
1.605074508681590517e+00
1.362192304325958503e+00
9.458421989032315125e-01
4.257371774913957241e-01
1.670569299517943307e+00
6.582058116656175069e-05
-2.370653711314689893e-04
7.085171570025478776e-05
1.728712532906793704e-04
-1.812475686446290675e-03
1.769721651954090139e-04
2.587388993528677503e-06
3.437738239954021141e-03
2.012988645489802555e-06
1.229193213877886999e-05
-1.690168511111234204e-03
4.161318809462257448e-06
1.496918455074449690e-05
-3.066655857713209647e-03
7.214095146720831881e-06
4.371795032617917301e-06
6.366335727221584043e-03
-7.672242324622907821e-06
-1.053717449785272634e-04
2.062448519863070652e-04
-9.360730193614358319e-02
1.660732092069323298e-04
-2.311240829173767729e-06
-3.463160042593966100e-05
-2.129187451595143167e-05
-2.108360241541385252e-02
-6.744800990568484240e-06
1.633364203700285165e-05
3.220151865881442266e-06
2.986755013367378800e-05
-4.344280406940195793e-03
1.821841921327897967e-05
-5.509034495382005492e-06
-9.594024129360954336e-07
2.613070125889395992e-05
-2.604650303904858331e-03
1.417375367171551574e-05
-4.146221909584931270e-06
-6.874404172310591822e-06
4.217579019494542862e-05
-3.540538793790092877e-04
2.603427462933740721e-05
-4.320124824859014007e-06
3.702240752714252398e-06
-4.510770661996071207e-05
-5.765469371634237335e-04
-3.069816473846615108e-05
4.731606387353725325e-06
1.004058589727584681e-02
1.235262391736691471e-04
2.429145532971066436e-05
1.067510400983887834e-04
-2.418308794833789126e-05
-4.498472379114258889e-05
6.338920931042980877e-02
-2.513572632366956050e-03
-1.011124291751697987e-04
-1.437854209574373853e-05
1.312195263751163104e-04
2.282775814521611823e-05
4.045023194315340505e-05
-1.591052154340344763e-02
6.565745704710004545e-04
1.056544779684369666e-04
-7.356655598116319103e-06
-2.792342746576036844e-04
-3.969172904497853113e-05
-4.013832667775872468e-05
4.206524806794222256e-03
-2.888605569549514601e-05
-2.007640770533262144e-05
1.155975425557615734e-05
6.416227520447510759e-06
2.396721853746952135e-03
2.009903538128089104e-06
-3.334820686521750802e-06
-1.094326105972810210e-04
-3.533594240140141559e-05
-3.325507401321736278e+00
4.610017494687055795e+00
1.492328324761864167e+00
3.788377051311146715e-02
-2.043274893296174621e+00
2.509221507355313907e+00
1.331906248078062571e+00
3.618117175112476769e+00
1.322268093282381797e-04
-6.158704426572091974e-04
1.054262766409580694e-04
1.979056358585186805e-04
-1.361863634531720402e-03
1.541361373325418529e-04
8.265488706357558741e-05
-3.187634285373768840e-03
5.664110038935113765e-05
-4.521618715671044678e-05
2.739971650721166954e-03
-3.137472815967938463e-05
-3.206937174277669209e-05
4.414714294207460615e-03
-2.549550662077979798e-05
-3.969789744459173753e-06
-2.812898272173648510e-03
1.274469874912066042e-07
-2.713425795178261949e-05
-6.467426056629960347e-03
-1.386114674286637123e-05
-7.904473488951417571e-05
-3.851990626243393312e-04
-2.798787745245022787e-02
-2.842987569017912919e-04
1.545258594737674334e-05
-4.597609860365840236e-05
-1.193775224748802605e-04
-5.214358205502360455e-03
-8.457161403324471517e-05
1.270107812183794002e-05
1.880716500730087449e-05
1.813934870374701644e-05
-9.330082944952348967e-03
1.396117836709763096e-05
-6.203849666186471089e-06
1.623145627110823792e-05
3.504590324909445052e-05
-1.220529962688855254e-02
2.673112352680787098e-05
-5.194493036767197263e-06
-5.010205496956475893e-06
-8.119981832550044062e-06
3.873945320887663395e-03
-7.460188252828048722e-06
2.208700653933626248e-06
-7.694002816322031331e-06
2.259571699419287189e-05
1.895275034559278267e-03
1.207936715420825490e-05
5.099575739307171028e-06
-8.363879200470393169e-03
-4.087547409656871599e-05
-3.916514531565707882e-05
-4.342622683497268090e-05
-3.925443860201195570e-05
1.769414315399503657e-05
-5.277070454265852389e-02
4.800157932958171864e-03
1.648578261297955106e-05
3.310883316260267276e-05
8.431178818664233627e-05
3.190974132145323451e-05
-6.622209776992609733e-06
3.028752870512632991e-02
-4.267031357779355744e-03
-5.842886770280242194e-06
-3.914033657738160137e-05
-1.423360338028958807e-04
-3.809997929249468685e-05
1.868787418422236287e-06
-2.691421964827940549e-02
-1.509089979320336181e-05
2.050997556629303509e-06
7.324701339266232014e-06
3.107432610339211302e-06
1.765569701981998607e-03
4.975196409122834414e-06
-3.156467876648076891e-06
9.776638249522683560e-06
-1.190361024364255394e-05
-2.807486081456546767e+00
1.891704654157095877e+00
-3.524411139310900665e-01
1.605071589383394892e+00
1.362192883349099271e+00
9.458428006351493611e-01
4.257371318580560615e-01
1.670569981690185113e+00
7.548443527782902347e-05
-2.163297956458812602e-04
2.395426677989438062e-05
1.925112951678185729e-04
-1.764422138714134012e-03
6.859308101397062292e-05
2.484821584539356131e-06
3.433944450764542852e-03
1.426892839663668965e-06
8.284893900610017432e-06
-1.688866676755628122e-03
1.022391498987917246e-05
1.142540580439309973e-05
-3.062853384648225093e-03
1.112955718145551116e-05
-2.762562201508963066e-06
6.363127006727851455e-03
9.285743565375592456e-06
-7.208039237848425161e-05
2.005034017418370776e-04
-9.355209740570878674e-02
1.107131309637296565e-04
8.854325859959779948e-05
-3.096383221926699833e-05
-1.408541049922815418e-05
-2.108311035696021005e-02
-1.797823911086345001e-05
1.477341458913244987e-05
4.576579252236974470e-06
2.532896423635089901e-05
-4.337130848607434995e-03
1.970010448023376819e-05
1.885977169939406024e-06
1.100395977431667258e-06
2.103370296032546779e-05
-2.598503795891578608e-03
1.834300261209355576e-05
4.258686071586557996e-06
-2.925826015386827280e-06
3.595702207667084908e-05
-3.431432464381709946e-04
2.762053254376588388e-05
9.302253854603391084e-06
5.549006981987793263e-07
-4.027567040771027902e-05
-5.890165004871907939e-04
-2.775105237037966892e-05
-6.924350723317260648e-06
1.003575801692248477e-02
1.048244890449368010e-04
-4.269031634178667515e-06
1.149663144324449080e-04
4.054871911829896486e-05
-6.417949319503042562e-05
6.342040738479469419e-02
-2.508811368660626012e-03
-8.733189988223956043e-05
7.864738831377354232e-06
1.323279624812428805e-04
-2.938775272544286060e-05
4.937703803172470662e-05
-1.594125093726651496e-02
6.507356606988823735e-04
9.033669324591158724e-05
-2.856862352870476461e-05
-2.888062741764436600e-04
1.734204728846565864e-05
-5.344259467293411290e-05
4.244093281132817544e-03
-3.189651879914929167e-05
-1.946669420617066004e-05
9.447908245430056357e-06
4.272213610982307891e-06
2.401247328518360969e-03
5.257353268302605214e-06
-6.836313846121610768e-06
-1.143524320923414319e-04
-2.174535012518694993e-05
-3.325508252487454186e+00
4.610023269983618555e+00
1.492328741389389757e+00
3.787998963707160660e-02
-2.043272971373541136e+00
2.509217066494508597e+00
1.331906065697490149e+00
3.618118804876335748e+00
6.940207748401238112e-05
-6.082483841696780923e-04
1.808704296423284364e-04
1.092253656966920839e-04
-1.346888834616653211e-03
2.524039186108321519e-04
5.692828366650857797e-05
-3.172420099333625107e-03
6.660439298673175371e-05
-3.057072061259905223e-05
2.732982325257579670e-03
-3.834108995105646158e-05
-1.693902559487763565e-05
4.413749466139120156e-03
-4.347386441723066801e-05
-6.896835687788459925e-06
-2.817203707862375815e-03
1.113946134096687771e-05
-2.560401644811648010e-05
-6.479468465564497057e-03
2.019613243844191974e-06
-7.601910407622095391e-05
-2.353708910773820114e-04
-2.804329825625987913e-02
-4.101921595326944335e-04
-7.223508693425443434e-05
-4.120014041497681778e-05
-7.812344622801829189e-05
-5.236835517306518382e-03
-1.093260942222774580e-04
-2.163161381540592990e-05
1.616166416126384452e-05
1.025485816609888594e-05
-9.328834989674409522e-03
2.220595082991194184e-05
3.667271568836934421e-06
1.404791228939695247e-05
2.015579806792356076e-05
-1.220053490670047584e-02
4.168379156260721617e-05
3.949531393194365157e-06
-3.806773511152007968e-06
-2.814445357797852307e-06
3.873615516208303924e-03
-1.603666459402017401e-05
2.227275462497702133e-06
-4.466101649792803200e-06
2.053459729035711755e-05
1.903110941423799985e-03
9.057774212421321139e-07
1.280113191630721491e-05
-8.367741243533316498e-03
-3.151830731805029928e-05
-8.796325908514892190e-06
-3.768317892276066595e-05
-9.383897513968225061e-05
1.561063912264415280e-05
-5.274484521628178268e-02
4.804098814194548289e-03
1.315991329534656654e-05
9.338707969979135836e-06
7.846926636274236585e-05
7.283100439537609305e-05
-3.394941673259714878e-06
3.026178524262590139e-02
-4.271849489712454054e-03
-5.085830230534463649e-06
-1.046784276351281341e-05
-1.337603747975240915e-04
-8.803783615965496791e-05
-1.409948885178674852e-06
-2.688289236910862412e-02
-1.409012612551225821e-05
2.528040771242250538e-06
5.673703025502382710e-06
-2.000657354857359820e-06
1.762133229724566338e-03
1.662050270535954803e-05
-2.764797790862281246e-06
6.235161910261386886e-06
-4.842190755226138755e-06
-2.807487714219493835e+00
1.891701188791915289e+00
-3.524427019539979056e-01
1.605071939880817977e+00
1.362192028659134246e+00
9.458416906018980441e-01
4.257371784611610477e-01
1.670571250631496252e+00
4.821728945202043999e-05
-1.871543901725886323e-04
-1.388384604206257699e-05
1.205473803660412453e-04
-1.699448066251433914e-03
-1.888665555293290310e-05
1.386212739533788205e-06
3.428993165187250135e-03
9.507164356065350589e-07
2.642769864843077597e-06
-1.691187554732414113e-03
1.508845403510693776e-05
4.602163708546867151e-06
-3.062411435929760731e-03
1.426554040109620977e-05
-5.009242665347836952e-06
6.353282701702170354e-03
2.291652513374477267e-05
-3.363960236951739249e-05
1.112864156869996786e-04
-9.350601185293394568e-02
6.576051736841408168e-05
1.634774528995937303e-04
-1.697714661569125073e-05
-4.344530427195816250e-06
-2.107438429706499569e-02
-2.697543668455664356e-05
1.521566358572920156e-05
3.024511945213337143e-06
1.211347894891152055e-05
-4.335219372533984962e-03
2.084154658130999007e-05
7.433146639705913363e-06
1.124356196984930450e-06
9.381484808252264873e-06
-2.597876141287970737e-03
2.165823197313085754e-05
1.076541180117961865e-05
-7.752557445931750437e-07
1.730984970712073169e-05
-3.389742216167712370e-04
2.882956258452052534e-05
2.010014305397965316e-05
-4.955705834462555831e-07
-2.047634941273075907e-05
-5.964089728203027067e-04
-2.529794551533223312e-05
-1.608282409619379833e-05
1.003608074579409072e-02
5.634169501145869826e-05
-1.704464119700298545e-05
9.569447328880225593e-05
9.254582893017478833e-05
-8.475943122044074984e-05
6.341871046285951774e-02
-2.507850772257348183e-03
-4.721277984919794202e-05
1.584651880012432436e-05
1.535177930361694351e-04
-7.134179038268746069e-05
6.097438537037264648e-05
-1.594742609160608102e-02
6.490117614115631503e-04
4.860502182351983825e-05
-2.710845906570773139e-05
-3.179026148945300482e-04
6.319357454236832828e-05
-6.859351880744871479e-05
4.255026493053285126e-03
-1.912164046159754970e-05
-1.814609640700508557e-05
5.030230031206686116e-06
1.373282779082844423e-06
2.403491088853573591e-03
7.939909649796249671e-06
-1.019961421514335115e-05
-1.231798537223414991e-04
-8.429306775173640517e-06
-3.325508553728505845e+00
4.610018038380892413e+00
1.492329455156724771e+00
3.788280604174762423e-02
-2.043277078843951600e+00
2.509220977784575535e+00
1.331905217649525186e+00
3.618116608522494282e+00
7.606498893685283582e-06
-6.471775163701527734e-04
2.250499857589638290e-04
1.617227870952664601e-05
-1.395240789701141133e-03
3.091178281188771576e-04
1.678700311807741801e-05
-3.174958910647424082e-03
7.031333643927699373e-05
-8.639134189121753618e-06
2.733922907773863632e-03
-4.134114089710399115e-05
-1.921227788367281879e-06
4.423851964761405658e-03
-5.398223945814145219e-05
-4.464236702365311663e-06
-2.825164787815282862e-03
1.834875824451250758e-05
-1.154675412171925299e-05
-6.492624481059086454e-03
1.311713533639990333e-05
-2.514353099769716022e-05
-4.982240253720198120e-05
-2.798883055602053097e-02
-4.784816371244799121e-04
-1.234001431597693489e-04
-1.439641099256055199e-05
-1.998444033302489527e-05
-5.227239983911379298e-03
-1.212692806124432963e-04
-4.141517168135445151e-05
5.992197525151657237e-06
1.618517089479440016e-06
-9.332391320200569829e-03
2.690321011178276953e-05
9.270799548261292599e-06
5.135374887651361618e-06
3.429237188914680742e-06
-1.220952951378944523e-02
5.013806892009047347e-05
9.153615023891974699e-06
-1.477148595246529576e-06
8.328719952276593250e-07
3.880554088484867038e-03
-2.129016922715293875e-05
2.332904764803963501e-06
-2.151230888695642397e-06
8.824105105544707538e-06
1.914183459761184276e-03
-7.036804440170148721e-06
1.756642712563277945e-05
-8.371681580647953938e-03
-1.237024683020964108e-05
8.304706280705241532e-06
1.234299184004633045e-06
-1.276098907030775553e-04
1.505813770545058570e-05
-5.271865290980281421e-02
4.807388866530383151e-03
5.061696883709390925e-06
-5.320674618361856479e-06
4.967885985825653107e-05
9.801802816983057245e-05
-1.762213786664809556e-06
3.024030355977656154e-02
-4.275121081776363241e-03
-1.883604980442395056e-06
6.784142372181484380e-06
-9.710706315120911942e-05
-1.188326067217919781e-04
-3.234639090652355599e-06
-2.686167446226168237e-02
-6.276685400876767146e-06
2.728716995973869934e-06
2.210439181996206229e-06
-3.038459994405404517e-06
1.753204321957539365e-03
2.407066942811688065e-05
-2.718528234262321899e-06
5.096547770404261400e-06
1.373656312712439831e-06
-2.807489639278381244e+00
1.891702336778645854e+00
-3.524449022055708980e-01
1.605075346432233152e+00
1.362190314216048304e+00
9.458396156169776026e-01
4.257372861889304749e-01
1.670572241302206162e+00
-9.851156711320507953e-06
-1.694469734264327659e-04
-3.831500565609745210e-05
-2.502766919621306072e-05
-1.661882647852186553e-03
-7.673757668407306083e-05
-3.133348861456519240e-07
3.426259218086064474e-03
5.207725461898833941e-07
-1.506694560013989039e-06
-1.695575524968507197e-03
1.682991850503782691e-05
-2.120553321822595249e-06
-3.065673003055091866e-03
1.490124830069321179e-05
5.904489002750411568e-07
6.343512101570860165e-03
2.986476826166925501e-05
-1.739046566457217387e-05
-2.969993099259328115e-05
-9.350076989150729601e-02
2.798107646521260880e-05
1.951511682227829959e-04
1.971128260180673064e-06
2.433284349496135085e-06
-2.106333349819585268e-02
-3.029114394176045307e-05
1.513184929068050837e-05
-1.794904290514123227e-06
-3.945252196198359836e-06
-4.339905725418602596e-03
1.942476836460769018e-05
9.867630658773581865e-06
-2.012857586442080806e-06
-3.344540443512143413e-06
-2.603248310993974777e-03
2.165224750965793311e-05
1.358411703898494628e-05
-3.088528402022598901e-06
-5.591599799877879956e-06
-3.444689451056543914e-04
2.662486597087928525e-05
2.473315247871472173e-05
2.513491834993692863e-06
6.155728921074163216e-06
-5.936041833601670738e-04
-2.094526642324239868e-05
-2.002498791815301494e-05
1.004117987341139259e-02
-3.235500331163764732e-07
-8.915434538059626823e-07
6.187789110603250046e-05
1.184750091746912732e-04
-9.265186062267103328e-05
6.338491489561050296e-02
-2.511349529951287674e-03
2.077908806324176886e-06
-5.186144635722893931e-08
1.804194570926064901e-04
-9.250958418173649126e-05
6.517082386424109829e-05
-1.592457663111770949e-02
6.526256777010816610e-04
-1.087823913324549795e-06
3.150750606617964898e-06
-3.467205877380286159e-04
8.785968408908385570e-05
-7.431297769100671561e-05
4.231602273366554326e-03
4.767426048727148906e-06
-1.691864398051193822e-05
3.770910189581327374e-07
-6.635312552997978482e-07
2.401844033321845484e-03
9.062040020027685829e-06
-1.152630029778642498e-05
-1.298459653408344646e-04
3.616365322965567586e-06
-3.325508119358001391e+00
4.610004482301709672e+00
1.492330069362009404e+00
3.789079341844032306e-02
-2.043285041689585579e+00
2.509231238275570153e+00
1.331904167668368055e+00
3.618111732880312736e+00
-1.770546797112993665e-05
-7.117816982806811962e-04
2.179470466863683321e-04
-2.936241279329905558e-05
-1.481131952026521533e-03
2.963279208524012597e-04
-1.856712359536796277e-05
-3.194269338415045567e-03
6.035657107011985201e-05
9.933263868855730333e-06
2.742463760977064020e-03
-3.611230447579116018e-05
4.400681941521692346e-06
4.439577813398040002e-03
-5.220877077850323697e-05
3.297776382478786311e-06
-2.832362963376344571e-03
2.053724338894983640e-05
1.019694792706976211e-05
-6.499467302286087746e-03
1.924185078115262139e-05
6.195913520097943441e-05
7.493880409221886810e-05
-2.785257928842443942e-02
-4.434740617537605420e-04
-1.338087292120217024e-04
2.703514023280846666e-05
2.624087427868591188e-05
-5.190197365374972158e-03
-1.082520841294195153e-04
-4.631801412459905239e-05
-8.543544341857536409e-06
-3.044859235064839836e-06
-9.338854800591218919e-03
2.558507747228348463e-05
1.099465450920068413e-05
-7.791463223135663299e-06
-6.082613093747614109e-06
-1.222753305302568504e-02
4.746257600630333077e-05
1.068963507229665155e-05
1.007402137768350261e-06
3.294909533601664928e-07
3.891014388783578179e-03
-2.144173700239812265e-05
2.036688263889774449e-06
-2.549078217990206447e-06
-8.309748942823302591e-06
1.922304971900175036e-03
-1.187458832599820767e-05
1.761957212536576178e-05
-8.373478005042969685e-03
8.781112728751900231e-06
-9.577123155672139697e-07
5.210134732319633482e-05
-1.302011446682245933e-04
1.255997395108340064e-05
-5.270695648480050455e-02
4.808166355033928474e-03
-4.798495184423309150e-06
-2.332212114496234242e-07
1.364849273767770182e-05
9.944489076108513738e-05
-5.980380283519315160e-07
3.023536320487732118e-02
-4.274968440809158790e-03
2.832202253042814322e-06
-6.661490845879603287e-08
-5.238426564198772790e-05
-1.207837353590484328e-04
-3.786785249694011430e-06
-2.686284937470112197e-02
5.056011914971724856e-06
2.495430867914575904e-06
-1.731387686313013685e-06
1.628552868828019475e-06
1.743716345775507158e-03
2.543423966091706883e-05
-2.248625708173586307e-06
7.073591701947792377e-06
6.618072995071103949e-06
-2.807490661645962504e+00
1.891708013184437265e+00
-3.524463881110028174e-01
1.605080053748890290e+00
1.362188719539220827e+00
9.458377718793584688e-01
4.257373943828922092e-01
1.670572278146159606e+00
-7.509425981412490899e-05
-1.762002878774505022e-04
-5.345458359348902503e-05
-1.847184967046446751e-04
-1.679725957256691634e-03
-1.159423817659045833e-04
-1.892319682791348477e-06
3.427819671995167329e-03
-3.242476111239959202e-08
-2.195651428578948703e-06
-1.699502256654647925e-03
1.446979108212197739e-05
-5.726584896686939270e-06
-3.071063528708358522e-03
1.188032814601575124e-05
1.211639026232649074e-05
6.340100332737838573e-03
2.963055249712596699e-05
-3.338545596639453067e-05
-1.634810806599672466e-04
-9.354539236834234772e-02
-1.681409012734756637e-05
1.731473671061878837e-04
1.835148973380268600e-05
3.007881768320096682e-06
-2.105673902753939578e-02
-2.623918792606869934e-05
1.100853881928904579e-05
-8.239757156440657336e-06
-1.589590223579025240e-05
-4.349100384824828094e-03
1.326410301069081159e-05
9.513860170271492504e-06
-7.380414443237242574e-06
-1.155061094108765667e-05
-2.612011859883412324e-03
1.637030417276530452e-05
1.263628764559173511e-05
-9.467156668374902403e-06
-2.285612236217867400e-05
-3.574530855177817474e-04
1.792323313890678807e-05
2.254817034196536117e-05
8.832090811878788551e-06
2.825724537324007498e-05
-5.809823487632539149e-04
-1.146509177233370805e-05
-1.839473705469029817e-05
1.004849015339826478e-02
-4.151686855880269353e-05
3.900605216112710107e-05
3.326453699169457188e-05
1.157110683480348096e-04
-7.558861930118357278e-05
6.333636807979207972e-02
-2.517741630566569435e-03
4.036915898127003564e-05
-3.448850139655132506e-05
1.965291973153276528e-04
-9.125474666487355657e-05
5.190393864123858149e-05
-1.588333357558856587e-02
6.600640495990047277e-04
-3.826352477987742689e-05
5.086201594981274121e-05
-3.566884721332123790e-04
9.124444976854399183e-05
-6.008384069729643984e-05
4.184019161772013079e-03
2.915615379557891636e-05
-1.677895903517733687e-05
-2.446374735866716648e-06
-8.812974877029969268e-07
2.396854780563299238e-03
7.995945296107538408e-06
-9.633369922978931129e-06
-1.298143482103112940e-04
1.517050628260766014e-05
-3.325507184269333116e+00
4.609989916134071386e+00
1.492330252485270403e+00
3.789964178035236386e-02
-2.043292564148843304e+00
2.509242312286152465e+00
1.331903482187634769e+00
3.618106808442750566e+00
4.094594535361299276e-06
-7.671911141002087401e-04
1.569713251217795134e-04
-8.222967446383314330e-06
-1.558191942531196974e-03
2.093902465074113793e-04
-3.416484015869984702e-05
-3.219900240017860987e-03
3.316286197601373790e-05
1.729371953414146894e-05
2.753985751704661217e-03
-2.077669443274167283e-05
-6.259176446916317953e-07
4.452441529118719016e-03
-3.750595223137618910e-05
1.309552758555755672e-05
-2.834917326366032022e-03
1.848664414080477086e-05
3.041941050904754606e-05
-6.496310387471854880e-03
2.259071777931660036e-05
1.514069131936530272e-04
8.608739279410239701e-05
-2.770801225489614647e-02
-2.923219417639863569e-04
-1.172183136087674829e-04
6.691730265388290888e-05
4.096632717882201283e-05
-5.145687724664214403e-03
-6.557982841729821004e-05
-4.297314088461870582e-05
-2.177378889705577423e-05
-1.753367608975227402e-06
-9.344741324146105949e-03
1.778969450709108716e-05
1.116187559109817185e-05
-1.969269606951491765e-05
-4.347954050152120864e-06
-1.224483562939470901e-02
3.268993416602635187e-05
1.061685591715191537e-05
2.679873761589318050e-06
-4.106158670071273550e-06
3.899353581495964595e-03
-1.652698652708411148e-05
9.453916341755345769e-07
-5.511211371579122903e-06
-2.359637353115324240e-05
1.923091220350215324e-03
-1.532445172319000292e-05
1.301347084883382530e-05
-8.372204966486112773e-03
2.367725504548198436e-05
-3.264718258848817357e-05
8.746669511736093489e-05
-1.025726459742821962e-04
4.710480508673215924e-06
-5.271606950598056035e-02
4.805993220923438121e-03
-1.253379907468886732e-05
2.248215015939105798e-05
-1.017284853925293784e-05
7.763289188612203587e-05
1.684799275029859992e-06
3.024964214386774083e-02
-4.271417798661435172e-03
7.158133104395095062e-06
-2.817282711602157516e-05
-2.373350059211063552e-05
-9.456265680434424998e-05
-3.825400974826287604e-06
-2.688579772264356599e-02
1.472209149765849189e-05
1.901579191817530725e-06
-4.608980620036475615e-06
9.989359567000238857e-06
1.738794396075285303e-03
2.110457514834394237e-05
-7.409146624958749040e-07
1.107149592574302338e-05
1.122481850076850141e-05
-2.807490161507455895e+00
1.891715587454849690e+00
-3.524463097733627759e-01
1.605083671542645751e+00
1.362188102512787768e+00
9.458371590106413596e-01
4.257374454789364937e-01
1.670571260019567905e+00
-1.183962451607201036e-04
-2.059157438107927260e-04
-6.695113336444670016e-05
-2.877898411338331497e-04
-1.748236534676846001e-03
-1.546613030200266617e-04
-2.676420816858522554e-06
3.433225310321468861e-03
-8.446869936001397570e-07
3.349663558611962387e-07
-1.700837470100638720e-03
8.503051104802735279e-06
-5.154439074888773262e-06
-3.075892597056768384e-03
5.353042462383150602e-06
2.371517305468348385e-05
6.345402398828565646e-03
2.432481193407292944e-05
-6.852335493329664209e-05
-2.337972454888559664e-04
-9.362051759736984835e-02
-8.065042097741863725e-05
1.078839484081405931e-04
2.622753245947480447e-05
-1.902409517502451786e-06
-2.105847784576271933e-02
-1.579070673624623602e-05
8.877167292909685266e-07
-1.341946755058429798e-05
-1.925242126776665361e-05
-4.358311274545421249e-03
1.856306786959209933e-06
7.794454811581737311e-06
-1.239007144890197229e-05
-1.242190341346810007e-05
-2.619804433070967425e-03
5.733276948262941517e-06
9.324380423478323594e-06
-1.653887891656600215e-05
-2.795798761213808350e-05
-3.716751451099420422e-04
1.926605017120395775e-06
1.555547350181404090e-05
1.526453560050058429e-05
3.705396996925739919e-05
-5.643975940376850468e-04
4.583689086935888667e-06
-1.299779010659349798e-05
1.005433428348540860e-02
-5.433870182522337156e-05
8.185188510926027106e-05
2.537948437604693741e-05
9.194167050063485147e-05
-3.073389605926497392e-05
6.329759059512470032e-02
-2.523899590664658264e-03
5.485829571198801375e-05
-6.981052392337953156e-05
1.923985628810673417e-04
-7.409123743039303361e-05
1.769675657274512824e-05
-1.584402363143451453e-02
6.677431082983302036e-04
-5.086433927958835085e-05
9.285793528811064033e-05
-3.409052803669091218e-04
8.105209039237215845e-05
-2.297551612796915586e-05
4.135504246286334992e-03
4.250387974873493023e-05
-1.801811685498984255e-05
-2.786936163630309772e-06
5.275844714427508275e-07
2.390854267897843215e-03
4.852505586260805106e-06
-4.600151754978199094e-06
-1.225644925454262937e-04
2.699543372222486782e-05
-3.325506278182908559e+00
4.609982412355324577e+00
1.492329913778701389e+00
3.790444066323409716e-02
-2.043295501564598382e+00
2.509248061690904752e+00
1.331903530747667430e+00
3.618104557026283974e+00
5.366245310070946766e-05
-7.830336224050177523e-04
5.933015655076386452e-05
5.662904337569117777e-05
-1.584085786599502815e-03
7.123000595870036464e-05
-2.688927964763165678e-05
-3.237545334284786143e-03
-7.678076401759278285e-06
1.234609715676336102e-05
2.762053746347681131e-03
2.419645584705104384e-06
-1.244413535416736961e-05
4.455409637008565273e-03
-1.398067450196373415e-05
2.006956329899348636e-05
-2.831531254007628711e-03
1.424804822558937455e-05
4.023616269179493081e-05
-6.485143295000384868e-03
2.570264407253272272e-05
2.033170719021297902e-04
1.540632799148738550e-06
-2.763528959808486674e-02
-5.726268696775870144e-05
-9.531898418718578005e-05
8.829974087770089356e-05
2.386754878614709354e-05
-5.118494368427614280e-03
-4.647838690068053962e-07
-3.995403874330311864e-05
-2.830507828075955757e-05
3.705308801571125486e-06
-9.346809769282971719e-03
5.484967861412482377e-06
1.227723411901444588e-05
-2.566694546253317231e-05
5.573614955029691495e-06
-1.225188937275037762e-02
9.429303115180368095e-06
1.124150241570657523e-05
3.043444624832884994e-06
-9.664334430625553008e-06
3.901014026136130977e-03
-8.371968906947368366e-06
-9.497956056607550895e-07
-8.987208998746618816e-06
-3.046809210432272451e-05
1.916291531567593633e-03
-1.908777329215437569e-05
5.610150296071487246e-06
-8.368642208145510297e-03
2.767165389574861010e-05
-6.784904584929286181e-05
8.817350364998888593e-05
-5.611186528078826918e-05
-9.229973559614736752e-06
-5.274047667069773487e-02
4.802175470565848113e-03
-1.539166461879795303e-05
4.893140755869153054e-05
-8.914402433662081161e-06
4.118017902661142901e-05
5.898775437509048069e-06
3.027473724436650221e-02
-4.266556808479962139e-03
9.307909530569441524e-06
-6.044353232952646461e-05
-2.660510771401036626e-05
-5.061766435754019958e-05
-4.070437560099076499e-06
-2.691723187215894555e-02
1.826506222777597041e-05
1.215060406763905947e-06
-5.433030344749201776e-06
1.748591109849624862e-05
1.741040708324382560e-03
1.339162784984564333e-05
1.812376307762207393e-06
1.481764092983520492e-05
1.551384789681274390e-05
-2.807488420659195238e+00
1.891721250779624386e+00
-3.524447401667023527e-01
1.605084423600793730e+00
1.362188748466529598e+00
9.458380548237799168e-01
4.257374155408176208e-01
1.670569716529427096e+00
-1.204573614058293513e-04
-2.433245248258785875e-04
-8.326806421510934790e-05
-2.893988868472918479e-04
-1.832269281505665868e-03
-2.019868387362070067e-04
-2.438065458300187055e-06
3.439696919618236062e-03
-1.847284208184601063e-06
3.830855233600146301e-06
-1.698974832233483313e-03
7.442367180149305490e-07
-1.776731787549117562e-06
-3.077770020965030131e-03
-3.087034605621772904e-06
2.872402270924824744e-05
6.356581109316631305e-03
1.722439828398637115e-05
-9.437011254787455001e-05
-2.161770107301048884e-04
-9.368807732700397406e-02
-1.610968005048858795e-04
2.576726336308725451e-05
2.415150081685172077e-05
-8.126016861190229058e-06
-2.106750270855662840e-02
-2.217156690701764196e-06
-1.398055421406563972e-05
-1.471927609903702090e-05
-1.423090760133827312e-05
-4.362953546821229933e-03
-1.275719148387130736e-05
6.310804167418154939e-06
-1.418139026232055275e-05
-7.282422947399802365e-06
-2.622768752960705219e-03
-7.963742091032837762e-06
5.660685253279023287e-06
-1.980220888327279124e-05
-2.099933867899851523e-05
-3.800298454646906516e-04
-1.857761703874215840e-05
7.270208360680625824e-06
1.790934549708528772e-05
3.081799505314432606e-05
-5.521914720927860324e-04
2.504191582458235518e-05
-6.775422651251447308e-06
1.005572511787234877e-02
-4.200435788418886360e-05
1.024190143687854954e-04
4.167845360042671341e-05
6.021027016923665408e-05
3.163269339925561406e-05
6.328757857546657428e-02
-2.526770198318544110e-03
4.607812866658984218e-05
-8.561631565855776563e-05
1.705369110462505878e-04
-5.113225245863719761e-05
-3.071444714516784766e-05
-1.582614774651567788e-02
6.718497925030709507e-04
-4.085017105677747021e-05
1.065475564066490618e-04
-3.078001069559549983e-04
6.696646429493077171e-05
2.906771869653451720e-05
4.110205051068589917e-03
3.898557744193654540e-05
-1.988245591341679131e-05
-1.372909937596991322e-06
2.346879206231996065e-06
2.386846836634203082e-03
5.963777806157152285e-07
2.007370818859670954e-06
-1.117942484407858956e-04
3.851146676405202879e-05
-3.325505929674302585e+00
4.609986447388667585e+00
1.492329245810931404e+00
3.790233442459517432e-02
-2.043292077943794638e+00
2.509245056744304758e+00
1.331904294253119625e+00
3.618106328812701555e+00
9.292270464335557569e-05
-7.495538037016574425e-04
-4.489652890801244437e-05
1.136831609664302372e-04
-1.543040774223418312e-03
-7.642022162305022392e-05
-6.643314282779627253e-06
-3.236796982023364654e-03
-5.170750222064673425e-05
1.078817163189118158e-06
2.761910188431280361e-03
2.740355469050842501e-05
-2.193714309537869969e-05
4.446622493112350333e-03
1.113648742511660217e-05
2.040722901547344477e-05
-2.824111207340491373e-03
9.881576377891706034e-06
3.575576334284086077e-05
-6.472398958048593449e-03
2.939939340819724847e-05
1.932912472600140617e-04
-1.027429275961311316e-04
-2.767774365755891128e-02
1.947842299411170204e-04
-8.397791326462420239e-05
8.222730696568758004e-05
-6.843390285225089482e-06
-5.124721021399447803e-03
6.956241963887469730e-05
-4.208471098415060801e-05
-2.579663810992872559e-05
8.882922262894274280e-06
-9.343806346212943370e-03
-7.673754180480578044e-06
1.522666801452102655e-05
-2.349980526612046092e-05
1.546153046568477868e-05
-1.224444883954486744e-02
-1.546039586109441744e-05
1.349224502751224247e-05
2.313498434400915511e-06
-1.253413986376460167e-05
3.894944691905825179e-03
2.867125347845845282e-07
-3.180407769884157755e-06
-1.022771260898602970e-05
-2.645686648280937394e-05
1.905785638645607219e-03
-2.339163289657469037e-05
-1.844755322148757442e-06
-8.364826022660764443e-03
2.184392564532470663e-05
-8.324543060566074078e-05
5.340366739949975027e-05
-6.913106632281166929e-06
-2.604665006911699308e-05
-5.276605458058197806e-02
4.798928611102146365e-03
-1.307507500077368447e-05
6.132400376002908316e-05
1.698324641950652763e-05
2.539739135328665501e-06
1.142113887234802656e-05
3.029613866529674154e-02
-4.263233830909410674e-03
8.518633553169222054e-06
-7.525153993243060852e-05
-5.969856406038594730e-05
-4.038608512146795183e-06
-4.903806295798357381e-06
-2.693893353153422460e-02
1.446247314870991062e-05
8.800598568163585102e-07
-4.319419637526312043e-06
1.951709290067096101e-05
1.749237091851558535e-03
5.270379998274155813e-06
4.827956779668542992e-06
1.614397858435975624e-05
1.902568855390768230e-05
-2.807486443177654056e+00
1.891722078987027045e+00
-3.524426055461502005e-01
1.605082072898984524e+00
1.362190237819210559e+00
9.458398916923838051e-01
4.257373252187556800e-01
1.670568505623916566e+00
-8.182179831450800661e-05
-2.679264568672622658e-04
-9.950150147097384457e-05
-1.937142600266056303e-04
-1.885871845486719600e-03
-2.485709264272331458e-04
-1.409131840292228561e-06
3.443690192608831347e-03
-2.811697006593438539e-06
5.383713901775020894e-06
-1.695101558082044409e-03
-6.461477202256619625e-06
1.494524443868307333e-06
-3.075866246183236140e-03
-1.097309076691510029e-05
2.341144767001452612e-05
6.367302507374376051e-03
1.083171641095131796e-05
-8.429091337835384768e-05
-1.297976634317536432e-04
-9.371232743428876966e-02
-2.379579551941538203e-04
-4.450601898582559049e-05
1.565067415980613301e-05
-1.050170657260946253e-05
-2.107854980247228158e-02
1.038000148163507853e-05
-2.908919432509794978e-05
-1.123889012671176777e-05
-5.394508202651757632e-06
-4.360806895687938806e-03
-2.651008827262433306e-05
5.804745567248822177e-06
-1.122989861748376953e-05
-6.626798387888150461e-07
-2.619597808155850818e-03
-2.079998776039051139e-05
3.092270212651672385e-06
-1.622142506037345776e-05
-8.326356937857659380e-06
-3.783827840794116645e-04
-3.787713443225585120e-05
7.563771623100496632e-07
1.441118169619863925e-05
1.546572465441700689e-05
-5.506468936735946663e-04
4.438477627100242148e-05
-2.084303543628728347e-06
1.005230807970697825e-02
-2.105307049332665029e-05
8.512813908670043819e-05
7.207300310624320788e-05
3.148675309907197835e-05
9.146724938316126740e-05
6.330990897551150298e-02
-2.524971228758883784e-03
2.648661371383178540e-05
-7.002114807861946105e-05
1.436764123150046464e-04
-3.042350763454985369e-05
-7.812281454389707577e-05
-1.583801659409505430e-02
6.703265655334667960e-04
-2.192679902354575288e-05
8.225397750714735616e-05
-2.761273808009293441e-04
5.469838743391169131e-05
7.958491775775798952e-05
4.120333966854659163e-03
2.120136323612459859e-05
-2.128440005916591447e-05
1.326209101057995482e-07
3.015402833366921513e-06
2.386945110633893231e-03
-3.322565214106986596e-06
7.970187471406162800e-06
-1.035469403848298894e-04
4.725825517183299129e-05
-3.325506373318888986e+00
4.610000435624731274e+00
1.492328607653568895e+00
3.789409503275220636e-02
-2.043283851373165483e+00
2.509234469434740156e+00
1.331905381867062754e+00
3.618111362918014606e+00
8.729062527249831466e-05
-6.827722476796808026e-04
-1.257442517639974341e-04
1.130942019121301617e-04
-1.454297384616567773e-03
-1.908223865907836606e-04
9.796544675241464204e-06
-3.216950610904030158e-03
-8.553939590498186197e-05
-7.118637658519162519e-06
2.753130044290856473e-03
4.661293135701437908e-05
-2.075125240701779754e-05
4.430358175621728657e-03
3.061178631820226411e-05
1.343382691188234821e-05
-2.816632222743025316e-03
6.369560070961460498e-06
2.003373250625104882e-05
-6.465234340772433100e-03
3.196800442819602622e-05
1.246780348474297120e-04
-1.376066358573603055e-04
-2.781834852961972970e-02
3.894290460834892937e-04
-8.350419770646562499e-05
5.226467969177310611e-05
-2.535909955972046569e-05
-5.162894800212774853e-03
1.234873186292063311e-04
-4.717189343780241846e-05
-1.603932836468411027e-05
9.282737679268676380e-06
-9.337126179830509271e-03
-1.787022040968862534e-05
1.856324462987847269e-05
-1.468848915370422149e-05
1.675453831267517283e-05
-1.222585323308603492e-02
-3.472720694866338726e-05
1.619429035010977043e-05
1.233620342030280397e-06
-1.007615367317310067e-05
3.884124052511101453e-03
7.038386436776748434e-06
-4.958955019977462330e-06
-7.364606035060866674e-06
-1.440910911499038952e-05
1.897330181814150347e-03
-2.651058114476834710e-05
-7.043460258979557211e-06
-8.362903522989404911e-03
1.198966022892245350e-05
-6.434659363457515512e-05
7.582495856461586407e-07
3.158724498789208872e-05
-3.973527148464007147e-05
-5.277832027325073116e-02
4.798078683992704381e-03
-7.688050649291877544e-06
4.816354147908111607e-05
5.429201926407257041e-05
-2.765998482701664970e-05
1.614822711048980963e-05
3.030141837006523897e-02
-4.263359233021685700e-03
5.325243676350006612e-06
-5.884524955789055051e-05
-1.060255111900563921e-04
3.236495605507560581e-05
-5.850291564767571959e-06
-2.693792551834766832e-02
5.838614065627617510e-06
1.231686978623950710e-06
-2.352317122226005303e-06
1.404310303832157740e-05
1.759076300572155098e-03
-1.088007598874423275e-06
7.216466216294816294e-06
1.414372704630855532e-05
2.066791741223367859e-05
-2.807485377281976113e+00
1.891717651925169053e+00
-3.524411497684186156e-01
1.605078017962289216e+00
1.362191699119937871e+00
9.458415957497304793e-01
4.257372273987096722e-01
1.670568323180414927e+00
-2.244352259608245161e-05
-2.656444777423241010e-04
-1.059264060062259691e-04
-5.119198587164137476e-05
-1.878397254545196952e-03
-2.688865183593661459e-04
-2.179863147011817665e-07
3.442933183292995383e-03
-3.360332066899812309e-06
3.124811395286611033e-06
-1.691481501401881273e-03
-1.122525920884098615e-05
1.910269757386900123e-06
-3.071329148770841812e-03
-1.598725904341987761e-05
9.112025187624015266e-06
6.371382248865573202e-03
5.756210403542348193e-06
-2.869409725359345367e-05
-2.595017688202055320e-05
-9.367973589127846779e-02
-2.803300953572156889e-04
-8.491893917601911587e-05
6.878064438242526934e-06
-5.908112058613773345e-06
-2.108521397411504752e-02
1.877393495053816396e-05
-3.860319549939960373e-05
-4.217695613841615691e-06
1.055639944156520416e-06
-4.353192039863655431e-03
-3.489898154437053192e-05
5.775730011989786954e-06
-4.196415679760334024e-06
2.380006509055194232e-06
-2.612197467776562407e-03
-2.881758704080304866e-05
1.807385371767813585e-06
-5.950187986695419607e-06
1.234499872368999907e-06
-3.678033408701896476e-04
-4.959771873671676913e-05
-2.794245549810371056e-06
5.210083170623788979e-06
1.035734586714652693e-06
-5.605337834834785019e-04
5.582327202402390901e-05
3.936461854041906354e-07
1.004607049237049750e-02
-1.099901386151961262e-05
3.298871144195528470e-05
9.890367901272724156e-05
9.610712698547155600e-06
1.280508525374413813e-04
6.335148166077013421e-02
-2.519566737505394855e-03
1.264382832203334007e-05
-2.660599739364730772e-05
1.274003660859157117e-04
-1.419071299578914688e-05
-1.074432040714896951e-04
-1.587244845642242150e-02
6.640902965993894643e-04
-1.097862348929184794e-05
2.883349131929137309e-05
-2.641803596125575954e-04
4.316403729397328413e-05
1.107178222181695571e-04
4.159594096681467484e-03
-9.705904142875200705e-07
-2.135121591189431987e-05
-1.904399090123274436e-07
1.644345024466082770e-06
2.390934875450152850e-03
-5.783566620961381999e-06
1.146536582692654464e-05
-1.025074077392644435e-04
4.965421835515758657e-05
-3.325507400940647340e+00
4.610017484251017983e+00
1.492328324527462557e+00
3.788377654348432794e-02
-2.043274898669883211e+00
2.509221515451593998e+00
1.331906247719259806e+00
3.618117171689875899e+00
2.621845273335877283e-05
-6.159053945199472347e-04
-1.656313331882271580e-04
3.626557125047318671e-05
-1.361914111867378952e-03
-2.457827241444425427e-04
8.660180856081558807e-06
-3.187654753607494819e-03
-9.846370620995686907e-05
-4.994884395924611488e-06
2.739981170274036898e-03
5.418187675958102190e-05
-6.261150121687141173e-06
4.414722065444813028e-03
4.018651402224838814e-05
2.038150919782333786e-06
-2.812898127490903993e-03
3.288137566336056953e-06
1.313837882661533589e-06
-6.467419588766650310e-03
3.004938336527948988e-05
2.763966570668533409e-05
-5.360824310286466750e-05
-2.798777181750035370e-02
4.757386548514060294e-04
-7.955505955639953215e-05
1.255878514665723070e-05
-1.355304444781514773e-05
-5.214324077138379233e-03
1.456696984769776087e-04
-4.744861200688292656e-05
-3.978751193628385165e-06
3.022193635146238057e-06
-9.330087069128398247e-03
-2.268724839059867930e-05
1.927227767072256718e-05
-3.643120125194809482e-06
5.628567879389999212e-06
-1.220531142757368473e-02
-4.371239347619536959e-05
1.671261759474985874e-05
6.388514734833905620e-07
-2.400784108441714455e-06
3.873950152919685298e-03
1.076093364191394360e-05
-5.547958691368166516e-06
-6.183765991204961611e-07
-8.350744379420945822e-07
1.895272294756323445e-03
-2.560835435431479441e-05
-9.102632568473073275e-06
-8.363877158495814160e-03
5.117738494339738373e-06
-1.420138457052674504e-05
-4.340763742692393349e-05
5.386237521632978827e-05
-4.425415861968540009e-05
-5.277071830586983758e-02
4.800155615655311847e-03
-2.509800957719790882e-06
1.096893262080136038e-05
8.430020475575178505e-05
-4.479329230155202506e-05
1.759240257862687483e-05
3.028754423619795660e-02
-4.267028238995802282e-03
1.305634147419694801e-06
-1.331203089632928155e-05
-1.423227080945153248e-04
5.311374308045412718e-05
-6.000356515400084249e-06
-2.691424076433340806e-02
-2.684133744913343203e-06
2.050518072472024371e-06
-9.435246163798653553e-07
2.753788747746290394e-06
1.765568107473338300e-03
-5.178575153542151730e-06
7.954711975137453300e-06
9.779516898816696695e-06
1.911058355469766874e-05
-2.807487667383274932e+00
1.891710701366111191e+00
-3.524432460304671721e-01
1.605077314153295465e+00
1.362190781761517755e+00
9.458403439706031257e-01
4.257372719796848615e-01
1.670570305510342246e+00
1.038772051704979905e-04
-2.180332540108469337e-04
-1.419872073398076572e-05
2.577221793303634896e-04
-1.771603519697305005e-03
-2.158600766732821473e-05
2.801105489361408698e-06
3.434725773218269378e-03
7.798046565509273646e-07
4.188926812968616155e-06
-1.694086511359002914e-03
1.310942498294362138e-05
8.628174706257557493e-06
-3.069214220357623004e-03
1.228604653625814940e-05
-1.357580337986579068e-05
6.356844789676857274e-03
2.036262662282744434e-05
-2.438321750397038745e-05
2.313974336313751588e-04
-9.359553943970767842e-02
5.278020461158301345e-05
1.434330363226902106e-04
-3.093220411569339712e-05
-6.536787689534359581e-06
-2.107326741937978060e-02
-2.345855107223253228e-05
1.016786159287159870e-05
8.187043329546102126e-06
2.378244030728171398e-05
-4.347746617875753589e-03
1.774347170130040466e-05
7.521066979723048970e-06
5.312626691171886821e-06
1.786134339361300087e-05
-2.608880840409388401e-03
1.858472628323129322e-05
1.021569433226482957e-05
4.022248140226404215e-06
3.409570987672016199e-05
-3.578062419072343251e-04
2.452766774104009811e-05
1.843164198119542446e-05
-5.338022841676618097e-06
-4.122698904299140803e-05
-5.754921430328047149e-04
-2.128492652423041688e-05
-1.493667743837925833e-05
1.004453169713643949e-02
9.252276452588254938e-05
-4.573138729699100679e-05
7.632866803460958225e-05
8.192441896912391755e-05
-6.557612369124646474e-05
6.336175959897026588e-02
-2.516351864929802697e-03
-8.048958199495726733e-05
4.124680702732357393e-05
1.563886350652638662e-04
-6.318609120667238342e-05
4.569527407484752930e-05
-1.589312576559963330e-02
6.594264630082273104e-04
8.115664851629420765e-05
-6.456340332861013249e-05
-3.072388169408749622e-04
5.651153030437783845e-05
-5.249009228206435556e-05
4.189430514512346854e-03
-4.189244451729749426e-05
-1.931905509469629092e-05
7.579250857737960026e-06
2.094708846106747900e-06
2.395805526815948487e-03
6.971630594349088644e-06
-8.178163152202138546e-06
-1.163103244180020273e-04
-1.038770171818981179e-05
-3.325507372263297068e+00
4.610001090425099868e+00
1.492329573231438111e+00
3.789315402778144215e-02
-2.043285624916407084e+00
2.509233871558598228e+00
1.331904508394659681e+00
3.618110941886471643e+00
1.681510331069340541e-05
-7.088350077070579725e-04
1.862298031637789418e-04
3.883724301481047855e-05
-1.481842713428554222e-03
2.542700947325507595e-04
4.516856898025018851e-05
-3.205766656812067926e-03
5.427707297489473145e-05
-2.327165296627011897e-05
2.747797192243874639e-03
-3.222045327263175612e-05
-4.363551573849555851e-06
4.438007899446230059e-03
-4.463169365756602480e-05
-1.284793159490720817e-05
-2.827102208967605113e-03
1.658903974887356847e-05
-3.259699571182681681e-05
-6.486857019392426420e-03
1.417851776550797226e-05
-1.109822241115137730e-04
-1.351467941180343210e-04
-2.782105567741068736e-02
-3.855191831293460717e-04
-1.310821689180687445e-04
-5.365423654305702443e-05
-5.516378604478532581e-05
-5.174509487863569734e-03
-9.558068569065868831e-05
-4.749893803200263013e-05
1.932485433128214739e-05
4.223208245283937953e-06
-9.339028040702990544e-03
2.200929396056607935e-05
1.213565446398515035e-05
1.707038442675543746e-05
9.055341525294045060e-06
-1.222925069693703640e-02
4.090540143591965750e-05
1.158625923195017822e-05
-3.408903222999129280e-06
2.657578952615987415e-06
3.889674186125446301e-03
-1.803106944820404448e-05
1.255732048973550341e-06
-2.573312439419980970e-07
2.518110000923164796e-05
1.913510780881998163e-03
-8.416696562381569970e-06
1.512293400871561345e-05
-8.369596359634867005e-03
-2.922796895430328457e-05
2.509155026317795329e-05
3.855153358163526016e-05
-1.089145947561193757e-04
6.766326528582661688e-06
-5.273359754530750759e-02
4.804302964612941484e-03
1.338426876897414730e-05
-1.634449620600925295e-05
2.493554328011129148e-05
8.338019693020078886e-05
1.359476640800794513e-06
3.026081437355650910e-02
-4.270343132990173790e-03
-6.222256208267948796e-06
2.078470829766123474e-05
-6.765852551775600188e-05
-1.011915554165726387e-04
-4.167324671024622533e-06
-2.689267588538056183e-02
-1.769877742718265357e-05
1.822584271074817508e-06
5.395053808642058136e-06
-8.866822738971878474e-06
1.748552316587904769e-03
2.101367190671719171e-05
-1.068140995265630529e-06
1.011122353472105786e-05
9.981152744853282289e-07
-2.807490770027140758e+00
1.891706148698218737e+00
-3.524463912098038665e-01
1.605079141944926180e+00
1.362188883703383535e+00
9.458379376425787299e-01
4.257373810296344319e-01
1.670572520097246327e+00
6.243198731081537798e-05
-1.690510490090387213e-04
-4.523524862773292709e-05
1.529839067525091056e-04
-1.663217355273656235e-03
-9.476934544719007268e-05
1.535357853206004606e-06
3.426519110618196726e-03
2.577951874888083176e-07
3.796216073686257343e-07
-1.699141354686463726e-03
1.563763075110769543e-05
2.991919574764028969e-06
-3.069855250173785573e-03
1.340766519014298055e-05
-1.070460816739698280e-05
6.338876262875195802e-03
2.960536724991050071e-05
-6.713370648942651323e-06
1.254802408327857052e-04
-9.352703623566019364e-02
6.765506916815198861e-06
1.867207089268003756e-04
-1.604833144875474689e-05
-1.924597938183223497e-07
-2.105639551401959630e-02
-2.823294910917437410e-05
9.037109550105947269e-06
4.770796852630863509e-06
1.101556787753440694e-05
-4.346809497829772287e-03
1.642931288747160278e-05
1.117137611819449006e-05
3.281746032795134783e-06
7.465716661505764778e-06
-2.610063388844238198e-03
1.906249152520892966e-05
1.430805755736631925e-05
2.921954248800747877e-06
1.592457255306104887e-05
-3.539291306905311568e-04
2.240291539498823756e-05
2.500871945243528832e-05
-3.581887607322021600e-06
-2.053984564807765666e-05
-5.850648993388979976e-04
-1.638138219336806342e-05
-2.059513658667977350e-05
1.004699803490052314e-02
4.679729939825556990e-05
-3.897043953496059389e-05
3.543167569477199182e-05
1.166095979735239763e-04
-7.361531408425292869e-05
6.334613728391680354e-02
-2.516314022214459836e-03
-4.105891757454676531e-05
3.342113036250214897e-05
1.973378854283220902e-04
-9.142375939706006858e-05
4.891436408315685174e-05
-1.589315138763023813e-02
6.583198056690861165e-04
4.116143879616169946e-05
-4.582737173960254055e-05
-3.603313322208951926e-04
8.896929416967387140e-05
-5.778799327439009979e-05
4.196103993465591549e-03
-2.489719232120634975e-05
-1.691220017691232166e-05
3.755340111987544478e-06
1.305286348456050213e-07
2.398325662388198741e-03
8.535296241435677816e-06
-9.864681754931221521e-06
-1.316031501293018872e-04
2.562736887186073360e-06
-3.325507838002812910e+00
4.609994233441892852e+00
1.492330580604458223e+00
3.789680544626978370e-02
-2.043291164845112196e+00
2.509238991358187398e+00
1.331903329921650947e+00
3.618108015363909580e+00
-1.179375465465560487e-05
-7.620391850997593588e-04
1.946980667571559132e-04
-9.623488953541613523e-06
-1.547613684036765582e-03
2.632959608536638652e-04
1.288686073037275027e-05
-3.208385951283030009e-03
5.028295301056644900e-05
-6.166329434483109886e-06
2.748692582382851642e-03
-3.041612343638434198e-05
2.715394397908030523e-06
4.451874550322771490e-03
-4.660745481158685261e-05
-6.812641770571336757e-06
-2.838319025461858922e-03
1.964586591151366442e-05
-1.448656215519160687e-05
-6.505678417788525111e-03
2.025933133405775886e-05
-3.914369941614870312e-05
-1.387248362107269527e-05
-2.774934036929638942e-02
-3.866446129827648685e-04
-1.478213754419126322e-04
-1.914989334658810305e-05
-1.200982114926436337e-05
-5.162663339872424102e-03
-9.233110785665827745e-05
-5.428175543341295874e-05
7.114500127515631688e-06
-5.808791782494427130e-07
-9.343846260525569269e-03
2.262659125889252346e-05
1.417547901759309381e-05
6.227178098765861173e-06
-6.094497227624785106e-07
-1.224134895092589791e-02
4.187010271527965194e-05
1.345431687378415154e-05
-1.239217247200713689e-06
2.899971708327118667e-06
3.899213837642093606e-03
-1.953862709446885289e-05
1.187804726806991238e-06
-2.381893815796784277e-07
1.081673708236648211e-05
1.929236280123895189e-03
-1.299686890497108673e-05
1.638372300640765511e-05
-8.375253688894726892e-03
-1.086101424208712714e-05
2.117161544899746092e-05
9.245806226747287689e-05
-1.193870781326757178e-04
5.770739308171486421e-06
-5.269596946492876438e-02
4.809051471128956978e-03
4.942346710095379641e-06
-1.504528322906338751e-05
-1.507704008780656009e-05
9.095743756433150539e-05
2.177295674222145904e-06
3.022970482940444403e-02
-4.275112528127279071e-03
-2.285110949537083429e-06
1.863298135824617877e-05
-1.662409539618028972e-05
-1.105751077424192388e-04
-4.816554261829940423e-06
-2.686161003662305632e-02
-8.135899874691517348e-06
2.149916875447096882e-06
1.990231834359519412e-06
-5.695524826765982051e-06
1.736000313198644883e-03
2.374602000883503885e-05
-9.457204678655841607e-07
8.344620834162391133e-06
5.576827585752674454e-06
-2.807493276312235775e+00
1.891705808567719638e+00
-3.524491408859505848e-01
1.605082527817203397e+00
1.362186899863730094e+00
9.458355053309041027e-01
4.257375025272169267e-01
1.670573986569367619e+00
-5.277563455754794636e-06
-1.401191447835475011e-04
-5.954543928511346607e-05
-1.320516571301600705e-05
-1.600539881277641355e-03
-1.307043065404446265e-04
-1.489210980314130891e-07
3.421886149540730778e-03
-1.814921141646415111e-07
-8.145037497004790304e-07
-1.704273834443501348e-03
1.455272695996151928e-05
-1.228355849491479220e-06
-3.072779362791318129e-03
1.168902945527353662e-05
6.315648894766156179e-07
6.325537776070738923e-03
3.089747444610319239e-05
-2.043128059688047960e-05
-1.631569282273792994e-05
-9.350292517006653092e-02
-2.840700600096053943e-05
1.786343856889635118e-04
1.254143529369182085e-06
1.249477380981822320e-06
-2.104229490296271113e-02
-2.644229845473850492e-05
7.038492637500030555e-06
-1.796314389947552526e-06
-2.118632916219135367e-06
-4.350469501087877826e-03
1.237291584691654369e-05
1.119994325541453031e-05
-2.108227201876459173e-06
-1.781295490946121556e-06
-2.614915314746029361e-03
1.583661028215789366e-05
1.407728443108163433e-05
-3.354023758356907483e-06
-3.008120735137306991e-06
-3.574320346771752777e-04
1.663422516602781819e-05
2.432414716437561523e-05
2.699289061443594285e-06
3.336365273397350424e-06
-5.854648368437103800e-04
-9.690839642497738634e-06
-2.012455422500107643e-05
1.005193079505319401e-02
2.456176346681601319e-06
-1.593876613288949909e-07
-4.594999031940524663e-06
1.203195151861156221e-04
-6.597555139549942738e-05
6.331342027565822761e-02
-2.519230265080264070e-03
-1.408281103629566859e-07
-3.263192577578073745e-07
2.315564701879378772e-04
-9.501774624487210473e-05
4.280360286390233015e-05
-1.587399660174701466e-02
6.610312933241532362e-04
1.266093074503560357e-06
2.032797912116477923e-06
-3.996352451461246641e-04
9.610911225571531374e-05
-5.132447585831164283e-05
4.178334165417404295e-03
9.966565432779908519e-07
-1.515135727688243376e-05
6.587151573028604086e-07
-3.327626222179029366e-07
2.397650639137053914e-03
8.131582003455460031e-06
-9.117385397160095595e-06
-1.415385004522392459e-04
1.305533390120206671e-05
-3.325507701765662461e+00
4.609984544242087701e+00
1.492331195493543650e+00
3.790241566268776063e-02
-2.043297239566283174e+00
2.509246308261416036e+00
1.331902415449278898e+00
3.618104413650977680e+00
4.916376642012008204e-06
-8.134357318565089284e-04
1.538500057569743777e-04
2.915593510185353306e-06
-1.614686166058426067e-03
2.056947093153642836e-04
-8.418397611801090369e-06
-3.220370633620321318e-03
3.369081488390453981e-05
4.211317279503976474e-06
2.753931110568022447e-03
-2.096665123366049253e-05
-1.055533749132009473e-06
4.464619530681807925e-03
-3.677217651306846386e-05
4.035270536545917804e-06
-2.845382870713494827e-03
1.769032638165467572e-05
8.898185889621653305e-06
-6.514454178642197640e-03
2.112791356315745829e-05
6.122787268252575946e-05
1.866178532124705770e-05
-2.765117609614044583e-02
-2.895082460403390970e-04
-1.243139026216102407e-04
2.585094145244496518e-05
1.033241170596494752e-05
-5.137940135706382458e-03
-6.564176382606940125e-05
-4.646505760483573351e-05
-7.892115233512212566e-06
-1.501247713768293335e-07
-9.348856744427366111e-03
1.749874935594078452e-05
1.241277323120406884e-05
-7.254651105423462429e-06
-5.921793176100954485e-07
-1.225497667982407453e-02
3.219696133891311883e-05
1.171938870860325611e-05
7.132241883327148345e-07
-1.489061526938974613e-06
3.907771834869572768e-03
-1.607400461696584243e-05
7.207744378216475449e-07
-3.340165370931913025e-06
-6.989117808818443826e-06
1.937989727596448140e-03
-1.425368942354006044e-05
1.297708547061219882e-05
-8.377732063899646572e-03
6.471882952182586232e-06
-1.113352414794261536e-05
1.359303966527559775e-04
-9.946853575651100430e-05
2.764721247922516785e-06
-5.267957471168192851e-02
4.810726076479083027e-03
-3.958055039193790462e-06
7.817438764420595385e-06
-4.635406887345757971e-05
7.538941801152824324e-05
2.555526569178514373e-06
3.021894091095916543e-02
-4.276256482256635648e-03
2.618432614356216458e-06
-9.753408440386489054e-06
2.256393094773379883e-05
-9.182161579599137501e-05
-4.202647309551510552e-06
-2.685445408780634535e-02
3.554407058689395660e-06
2.103680853513422005e-06
-1.331337034479488142e-06
3.241933733802892057e-06
1.727223056623922301e-03
2.042307896242153261e-05
-4.291336012474829813e-07
9.049711303221666793e-06
8.738938951495275239e-06
-2.807494059391629548e+00
1.891708899087663154e+00
-3.524502003593955601e-01
1.605085414082002115e+00
1.362185848537292854e+00
9.458342774726617996e-01
4.257375726723088283e-01
1.670574135872584964e+00
-7.091668090502483790e-05
-1.412591649641293764e-04
-6.459001875258427335e-05
-1.709753563000893355e-04
-1.604758103258568979e-03
-1.476953877005797173e-04
-1.498454226235347156e-06
3.422348192346829406e-03
-7.021823494856749834e-07
1.452036667290310753e-06
-1.706883660368317072e-03
9.738204000958302901e-06
-1.918897945860482157e-06
-3.076002676674030167e-03
6.682691397949127958e-06
1.613312274576815595e-05
6.322503950912283961e-03
2.550578672304187989e-05
-6.322416701892588729e-05
-1.325229020033555686e-04
-9.352532160934551309e-02
-6.831926861064610340e-05
1.213448514645160906e-04
1.386075855531599414e-05
-3.419525104138396339e-06
-2.103743191202177981e-02
-1.795341849254390493e-05
1.183287531934594072e-06
-9.070011486679848903e-06
-9.599777896584509745e-06
-4.355846126901869245e-03
4.144438870835987052e-06
8.720182631838679671e-06
-8.937565584409677094e-06
-5.488869332297550188e-06
-2.620162503987837673e-03
7.895533529822469008e-06
1.043564645349488528e-05
-1.271075039035189323e-05
-1.405509672404392193e-05
-3.648806600939225454e-04
5.143201013061472906e-06
1.743573664248937956e-05
1.133309172267305090e-05
1.973714448735770414e-05
-5.785627803933681128e-04
1.400500771769971496e-06
-1.458685755821609466e-05
1.005645185725281485e-02
-2.140580121229073628e-05
5.631654797458407837e-05
-2.385036322653463509e-05
9.722503914991032880e-05
-3.502475267005266269e-05
6.328376806968352697e-02
-2.523010849128354445e-03
2.499737723706251533e-05
-4.727275787415506571e-05
2.433785507153133449e-04
-7.782273890973629598e-05
2.027918983728229410e-05
-1.584962287455085606e-02
6.653645718873143003e-04
-2.152622393045335324e-05
6.016111400203963568e-05
-4.085196557324038513e-04
8.338815005097167010e-05
-2.617958255307182644e-05
4.150615243905282116e-03
2.378351662122272928e-05
-1.494136379632511429e-05
-3.306903938291269368e-07
1.080374679148760173e-06
2.394802429917488023e-03
5.566724221490524488e-06
-5.353650081265916420e-06
-1.424351330837654171e-04
2.216648752697630303e-05
-3.325507273589618951e+00
4.609979414127680641e+00
1.492331159882306579e+00
3.790558813092725216e-02
-2.043299671237741144e+00
2.509250218466597904e+00
1.331902267165889553e+00
3.618102745510797469e+00
6.111155850371548898e-05
-8.299774190934579342e-04
7.240928745394293643e-05
7.286794852356502249e-05
-1.638577882638949561e-03
9.215156485369805500e-05
-9.270925342775122668e-06
-3.230402985429926301e-03
3.935655259501361216e-06
3.215712877543772277e-06
2.758470708876525034e-03
-3.806273630494064301e-06
-1.437356362542302052e-05
4.468295920004672003e-03
-1.718968349393115865e-05
1.519433796239245557e-05
-2.845194591472506064e-03
1.261165113616180244e-05
2.771153445175467191e-05
-6.511139141306539375e-03
2.007566523208415696e-05
1.502746653112183538e-04
-5.383521553897873665e-05
-2.760063426834884898e-02
-1.045869687846325848e-04
-8.340805423037889351e-05
6.351563062468221200e-05
1.726880141042581403e-06
-5.121270565281431722e-03
-1.644589925880522003e-05
-3.376280041781350383e-05
-1.973945888898077480e-05
5.490063105116142254e-06
-9.350706875036132390e-03
7.488361331031427224e-06
9.942072951467221566e-06
-1.802704689951808127e-05
9.376528721570431195e-06
-1.226064138723631861e-02
1.340019777754362228e-05
9.190957103891910976e-06
1.677845996146180986e-06
-8.758134323576170598e-06
3.910099166665154981e-03
-8.817169014607675501e-06
-4.233376581531288981e-07
-8.316981827176511067e-06
-2.072071426352209528e-05
1.936596684553447412e-03
-1.457885402127183431e-05
6.095534902700433669e-06
-8.376612746558867104e-03
1.596011997219292945e-05
-5.883760835881290323e-05
1.443382933772424073e-04
-5.699442219089085969e-05
-4.929625220585532485e-06
-5.268736014926457545e-02
4.809336824078383650e-03
-9.780597476123651307e-06
4.314273689047633329e-05
-5.159862023208149030e-05
4.243424270299331672e-05
4.055480833046994023e-06
3.022805284091197031e-02
-4.274304869620948640e-03
6.497435462116688882e-06
-5.306783514049847586e-05
2.854875338772361066e-05
-5.196838519910304381e-05
-3.309873818765692331e-06
-2.686703023817543085e-02
1.206441710709169255e-05
1.803430007241770383e-06
-3.207505046369104012e-06
1.425413235636278896e-05
1.726611455411074377e-03
1.283885326219621443e-05
9.956255144824490639e-07
1.083407674466147649e-05
1.122215549482713489e-05
-2.807492839751351887e+00
1.891712586433074605e+00
-3.524490829806302683e-01
1.605085780776967619e+00
1.362186338734569180e+00
9.458349459356716338e-01
4.257375488741108049e-01
1.670573081808349736e+00
-1.072023372909105009e-04
-1.665701461107099832e-04
-6.898573940877605990e-05
-2.552099492978074109e-04
-1.661528128726747150e-03
-1.654621014390264045e-04
-1.989749831302660339e-06
3.426703129852735896e-03
-1.382283020406925544e-06
5.761890757083614097e-06
-1.705493499347974194e-03
2.506354884268135984e-06
7.346641437306904136e-07
-3.077121136535022373e-03
-6.959833262206195355e-07
2.873385073774532356e-05
6.330236147568052765e-03
1.681368691587232082e-05
-1.118035969475889078e-04
-1.779737121545878220e-04
-9.357006994322625282e-02
-1.218569852874029153e-04
3.640784891289654729e-05
1.771071014946681762e-05
-1.139989875780288511e-05
-2.104378719074590648e-02
-5.187698490599977716e-06
-9.306642808054035868e-06
-1.398296758997672794e-05
-9.066302304426877303e-06
-4.358731264699832603e-03
-7.676272426417774669e-06
5.624194591101626003e-06
-1.416148790801408746e-05
-2.859947360488052114e-06
-2.621912275938987919e-03
-3.690001264474575369e-06
5.470505827515402222e-06
-2.074528433800254361e-05
-1.366255063516876711e-05
-3.701784806825741806e-04
-1.135423555484097632e-05
7.663630793785507848e-06
1.836343904449059977e-05
2.281302993814924966e-05
-5.706201159676796680e-04
1.703671249919644346e-05
-6.854669074718619403e-06
1.005713901080726273e-02
-1.959573269854860046e-05
1.042533304871468377e-04
-1.183483432030691535e-05
6.039532896255695626e-05
1.591975569133669043e-05
6.327843825799799038e-02
-2.524762443925359853e-03
2.765852040785956521e-05
-8.597315828732409642e-05
2.280115072062222493e-04
-5.023359174255352877e-05
-1.762241686230288417e-05
-1.583870795801648954e-02
6.679276562528550266e-04
-2.175005503508063582e-05
1.028395133239486781e-04
-3.856866210237776434e-04
6.194482026253353023e-05
1.556492902172255634e-05
4.134839295278791398e-03
3.352186261559734673e-05
-1.622452273799798104e-05
7.927268767808539739e-07
3.491374706010574869e-06
2.392242572029902332e-03
1.585411529317709242e-06
5.505336562409014322e-07
-1.351251876141295997e-04
3.070095159089337116e-05
-3.325507043445978805e+00
4.609984692030922204e+00
1.492330515861789442e+00
3.790270499225563416e-02
-2.043295691248370183e+00
2.509246264392983594e+00
1.331903052631415951e+00
3.618104911566326187e+00
1.244356756349972192e-04
-7.928868344893862542e-04
-2.453407357985690454e-05
1.583416431325312468e-04
-1.592161006419039269e-03
-4.346564113339952196e-05
6.700303536556761691e-06
-3.227060756416557773e-03
-3.264716734090491437e-05
-6.496668768278269154e-06
2.757144818675110777e-03
1.721559695129640862e-05
-2.953513623177011151e-05
4.458732888490741890e-03
6.132883757989307826e-06
2.170756402014275199e-05
-2.837983350286591051e-03
6.987716538062198993e-06
3.458735704820467479e-05
-6.499536772940111423e-03
1.982160569214070486e-05
1.914513683202566797e-04
-1.791739463971972642e-04
-2.765536741135694518e-02
1.184915796143105686e-04
-4.912829496385003129e-05
7.912426868566922343e-05
-2.806569748935037789e-05
-5.131678401435902509e-03
4.348315578448165889e-05
-2.519638624037697956e-05
-2.403827664893751204e-05
1.285420594761871794e-05
-9.347290696740052224e-03
-4.492034906963675875e-06
9.211642271716305856e-06
-2.204831305287392349e-05
2.299084466937929998e-05
-1.225188983327633006e-02
-9.131723058995825040e-06
8.158052463657777741e-06
1.493555152260195318e-06
-1.515446098349735906e-05
3.903550464600568943e-03
-3.047394421603053811e-07
-2.081796111335635635e-06
-1.244187740339289763e-05
-2.513148725186386379e-05
1.926670592661922045e-03
-1.572906734477306327e-05
-1.701157799479805655e-06
-8.373172841495760133e-03
1.555149035168315445e-05
-9.802396785947513455e-05
1.081454140515346243e-04
-7.473830438038531532e-06
-1.676866839671443013e-05
-5.271036034172205814e-02
4.806491640308861897e-03
-1.083806652339508269e-05
7.297350307597175732e-05
-2.489563857843767134e-05
3.916254087392173807e-06
7.187309804308262585e-06
3.024663691342476327e-02
-4.271518372567219453e-03
7.985536110271992385e-06
-8.933096688713993295e-05
-5.399322048311690821e-06
-5.407438941220629011e-06
-2.959449820725126989e-06
-2.688501824931691792e-02
1.403119711603656020e-05
1.578966030808151443e-06
-3.148783421746619022e-06
2.205706352876172482e-05
1.734829559800306169e-03
4.116475566336286462e-06
3.126343978840264419e-06
1.167495084774659530e-05
1.343839238195431660e-05
-2.807490294868328462e+00
1.891713709926547970e+00
-3.524463394749854928e-01
1.605082788309807107e+00
1.362188247612073244e+00
9.458373013733144541e-01
4.257374333154764212e-01
1.670571517974696274e+00
-1.018942572814476085e-04
-1.984426843470438043e-04
-7.619581034154212986e-05
-2.388897478685126112e-04
-1.731023563086917958e-03
-1.902715119968971037e-04
-1.570723848195087101e-06
3.431865849524550188e-03
-2.147302027697930173e-06
9.238609322026267851e-06
-1.700526899316940743e-03
-4.909974262853215885e-06
4.427945935437190834e-06
-3.074707640937022948e-03
-8.382354815785841260e-06
3.229912415432845038e-05
6.344035782719303906e-03
8.408116408074639941e-06
-1.346428819919941720e-04
-1.458558854210875960e-04
-9.360180962395472926e-02
-1.821161167564853555e-04
-4.518641916253729137e-05
1.367227792159437255e-05
-1.750995575764629586e-05
-2.105799230534683569e-02
7.877534620580111877e-06
-2.195616773158632880e-05
-1.442729594707459198e-05
-2.849102670767774499e-06
-4.356043166334301782e-03
-2.024878365798310996e-05
3.471980118904840454e-06
-1.519788849609132835e-05
3.051181927355269214e-06
-2.617892109371508080e-03
-1.586572136398308854e-05
1.312652649014725475e-06
-2.306521163147727955e-05
-4.968543029792163923e-06
-3.681644491010684344e-04
-2.892447446984395084e-05
-1.100608073991939166e-06
2.012016587677831694e-05
1.427776582998332430e-05
-5.685084243919716644e-04
3.392926471058427636e-05
-1.098776284331956781e-07
1.005276978742072717e-02
-2.511003261264485240e-06
1.197446325751684999e-04
2.718826479894170985e-05
2.442435182345864010e-05
7.196054234333497770e-05
6.330702890727565868e-02
-2.522491670198502133e-03
1.446478496771067184e-05
-9.747245179772522636e-05
1.935556185249407508e-04
-2.347283260176569487e-05
-6.046780434086405736e-05
-1.585370510698461133e-02
6.660281724383365458e-04
-7.550121402121059070e-06
1.107966945235666021e-04
-3.449730031095618078e-04
4.201283987655440904e-05
6.207901221858695467e-05
4.147485926264722275e-03
2.772929896506615513e-05
-1.803936554175308076e-05
2.690631836717416567e-06
5.280700343318769181e-06
2.392350077077548022e-03
-2.476828762845166603e-06
6.593441030574957729e-06
-1.244584346795102206e-04
3.800816601272263823e-05
-3.325507371152957248e+00
4.610001082659489491e+00
1.492329573439258317e+00
3.789315926529042422e-02
-2.043285628374021723e+00
2.509233877424640990e+00
1.331904508228645589e+00
3.618110939365041023e+00
1.538837650299244234e-04
-7.088597318629389016e-04
-1.060717675150667417e-04
2.024906643479873968e-04
-1.481877980038126758e-03
-1.580762746640543271e-04
2.534442868012627126e-05
-3.205782077933492027e-03
-6.481443735901550615e-05
-1.669317154338535966e-05
2.747803544505150221e-03
3.559833784350507083e-05
-3.668209560071553446e-05
4.438013417522000681e-03
2.575798512371348047e-05
2.073415032484122341e-05
-2.827101911736042399e-03
2.747039064359894088e-06
2.833259800302636566e-05
-6.486852238348456839e-03
2.076117942410608268e-05
1.705229686851613996e-04
-2.662380418308129236e-04
-2.782098091870344875e-02
3.097743151622743356e-04
-3.395436862475896631e-05
6.853755858120566091e-05
-5.517631434900289094e-05
-5.174484385866881878e-03
9.555758256586691860e-05
-2.400082927102218275e-05
-2.012217012380180346e-05
1.694754805059196800e-05
-9.339030714778033537e-03
-1.465827219821866247e-05
1.055149239987920470e-05
-1.859709239705847455e-05
3.089412254814373092e-05
-1.222925900452762234e-02
-2.828862637989413450e-05
9.049462678087819381e-06
6.640696748583747435e-07
-1.694315346990231066e-05
3.889677624327103275e-03
6.711659318693890729e-06
-3.684707864373347770e-06
-1.301661282708441961e-05
-1.988149809079263543e-05
1.913508816547281359e-03
-1.759985108048984449e-05
-7.673167229092330078e-06
-8.369595535269707537e-03
8.761824217551258129e-06
-1.066523614562170028e-04
3.856422990334131082e-05
3.303814438491259982e-05
-2.870282957473060975e-05
-5.273360522063413880e-02
4.804301676789204945e-03
-7.873077848695918203e-06
8.026611491147799091e-05
2.492774383314075260e-05
-2.769578109132487455e-05
1.091565367412834649e-05
3.026082368864979610e-02
-4.270341237689006912e-03
6.723420106847926311e-06
-9.790842376500946372e-05
-6.764962171491943057e-05
3.275692613838922804e-05
-3.311057872060780557e-06
-2.689268890787865907e-02
9.794749421967254054e-06
1.822247758598087551e-06
-1.788027288850965258e-06
2.263035117261875048e-05
1.748551355765966047e-03
-2.826513585872908537e-06
5.239360907003154285e-06
1.011312254248458546e-05
1.491918279173615482e-05
-2.807494107228702518e+00
1.891708173149323491e+00
-3.524502078006019334e-01
1.605085066938834348e+00
1.362185908096099407e+00
9.458343367559841619e-01
4.257375676801707920e-01
1.670574233087918747e+00
6.775551798595252906e-05
-1.384218525562758292e-04
-5.714246710679846109e-05
1.635252592721358827e-04
-1.598218044225589544e-03
-1.286512839767386886e-04
1.458415769342750410e-06
3.421831289560253991e-03
-4.518579766617568127e-07
-2.115140292111392376e-06
-1.706754025212205150e-03
1.065361416867362888e-05
7.534147150656180265e-07
-3.075537809549647953e-03
7.925464391667398300e-06
-1.500945893503117403e-05
6.321997234768174725e-03
2.529284206784025217e-05
2.963135440685899787e-05
1.205316175551683682e-04
-9.351812177250232172e-02
-4.785933900954060407e-05
1.430083570974188790e-04
-1.232355058724075605e-05
4.284953476712780615e-06
-2.103726973624938518e-02
-1.950374253254248463e-05
-1.473721066389015915e-08
6.341021482021570265e-06
8.073268810507180883e-06
-4.354961395870289749e-03
6.790980179540744206e-06
1.074432051817755492e-05
5.597208090517819912e-06
4.213842068559414363e-06
-2.619413766432595464e-03
1.011538207454468850e-05
1.263512019606778672e-05
7.299490850134381570e-06
1.188221747875760364e-05
-3.635157347736436406e-04
8.896935924171201217e-06
2.088292656716441917e-05
-7.091770638690379305e-06
-1.731073407737091315e-05
-5.801534783087352026e-04
-2.769632890930486240e-06
-1.758318589537691593e-05
1.005574047941624506e-02
2.710589407415418144e-05
-5.629942274678337777e-05
-2.307873696889449142e-05
9.725701958188096474e-05
-3.728673540788089496e-05
6.328750347944912813e-02
-2.522475564893425157e-03
-2.666708413476291862e-05
4.683043831879264246e-05
2.437647648475988762e-04
-7.737147891828796351e-05
2.037193664286550702e-05
-1.585341127517839524e-02
6.647309019115444587e-04
2.508870340045920078e-05
-5.844874482621087366e-05
-4.100215403326514484e-04
8.082176962845360948e-05
-2.733805184368571801e-05
4.155286037951465110e-03
-2.653845499063370314e-05
-1.506040551890167308e-05
1.514162630387915691e-06
-1.288259642365243937e-06
2.395383996866813983e-03
6.024920169088381441e-06
-6.066480604768457735e-06
-1.431580183737313292e-04
1.067295582038342848e-05
-3.325507606139222361e+00
4.609978876545217652e+00
1.492331538976793937e+00
3.790570653249816790e-02
-2.043300757947900337e+00
2.509250590258846447e+00
1.331901895556297344e+00
3.618102317384138011e+00
-3.256195902843015820e-05
-8.430104303389197124e-04
1.026054351663756558e-04
-3.844663199344201988e-05
-1.653378622268895318e-03
1.359666290441124048e-04
5.629788374075444636e-06
-3.227535169868059849e-03
1.934293620101305389e-05
-1.961313108182348700e-06
2.757068176337914862e-03
-1.238470944494381169e-05
7.705690507908411656e-06
4.471934753340992344e-03
-2.448990300775842773e-05
-8.228880491908729727e-06
-2.849339611844839328e-03
1.292983425779814086e-05
-1.504262905159498243e-05
-6.519233841475078131e-03
1.677021503093486482e-05
-5.335691464711520341e-05
3.239524559386847472e-05
-2.759376780409695390e-02
-1.843135622936392171e-04
-1.098687381498991271e-04
-2.324287495088710759e-05
1.180723684324938168e-07
-5.123315915026235151e-03
-3.982650349102587753e-05
-4.286200435615586157e-05
7.786958472171523607e-06
-3.112362986990598928e-06
-9.351753220589660229e-03
1.145641312719234592e-05
1.211025326733103138e-05
6.957983406983861240e-06
-5.353615149024027443e-06
-1.226288210225338730e-02
2.097542166028328018e-05
1.128927771741367143e-05
-7.550495306978880911e-07
4.787726174184540735e-06
3.912681553600578892e-03
-1.104462796308622372e-05
1.449881570629809906e-08
2.409423296517059381e-06
1.096032440463884995e-05
1.942840676392451746e-03
-1.161455315837112776e-05
9.671900581156831519e-06
-8.379129303110287655e-03
-7.482201859755673864e-06
3.230357037115536825e-05
1.607083236144076985e-04
-6.898286459532672712e-05
-2.247762874249032453e-06
-5.267073536444738524e-02
4.811590232017577164e-03
4.151442817763038160e-06
-2.365550116543328681e-05
-6.413769906535191035e-05
5.209336881306701836e-05
3.879026566621554111e-06
3.021329256602472285e-02
-4.276753093278635141e-03
-2.505458603075225689e-06
2.906092085373775810e-05
4.481833651155426191e-05
-6.352402591929238475e-05
-4.048645504566850942e-06
-2.685096759184818146e-02
-8.051863396561088741e-06
1.952613503809288432e-06
1.423035644006472063e-06
-7.722628960411522057e-06
1.722259251822088862e-03
1.448954423965843090e-05
5.357705676955452121e-07
9.511135430858833246e-06
5.656484337868648600e-06
-2.807496403432234722e+00
1.891706586493981934e+00
-3.524526474703948420e-01
1.605087439176537289e+00
1.362184263512425719e+00
9.458322956713549612e-01
4.257376661164312126e-01
1.670575699110057100e+00
-1.047352650880764866e-06
-1.078566924927916307e-04
-4.843492590263291609e-05
-2.372083092936053770e-06
-1.531297465854542916e-03
-1.102400464212005847e-04
-4.310662245271960084e-09
3.416836716364821114e-03
-4.798851839721987817e-07
-2.776891729352199374e-07
-1.711052388209647820e-03
7.785051211929239565e-06
-5.056509722523524069e-07
-3.077294930626177198e-03
5.471966973664116844e-06
5.317416125420536457e-07
6.309338764193955784e-03
1.983244316263717093e-05
-1.227843586344481534e-05
-4.591502155339021002e-06
-9.348403907555391523e-02
-4.828810763050839694e-05
1.014278104336140064e-04
6.626103838097189110e-07
3.411031991829600309e-07
-2.102454932873364796e-02
-1.433438991984915719e-05
6.194669587144684304e-09
-9.881545290079428747e-07
-5.901607680561181217e-07
-4.356620602634736668e-03
3.852414648368900150e-06
7.581962873066591928e-06
-1.245772516107933424e-06
-4.952325142173039027e-07
-2.622370324156442310e-03
6.669816553748262428e-06
8.955801569009458769e-06
-2.021654328265407587e-06
-8.405115256177806479e-07
-3.641880907975024819e-04
4.891636785572816854e-06
1.482023569552644071e-05
1.533517847017926455e-06
9.353233282904881384e-07
-5.833322790855870969e-04
1.006762100060423510e-07
-1.243381878191585492e-05
1.005917108236466413e-02
1.975881285756035124e-06
-4.306144068919137399e-08
-5.704616686887125547e-05
7.563786705619246324e-05
-2.656625720129327260e-05
6.326526991178849091e-02
-2.524023465024669184e-03
-4.567491827587637573e-07
-1.433909255962858725e-07
2.745763733475498243e-04
-6.039396473119631244e-05
1.456293803483695034e-05
-1.584319166495759892e-02
6.658409639166664373e-04
1.185154853699480784e-06
6.325542817828691967e-07
-4.472758876289902909e-04
6.421123828504184355e-05
-1.952779298439309317e-05
4.147846311240259431e-03
-1.143063029175321152e-06
-1.337571886713459824e-05
4.251748969932958045e-07
-8.232092991892748283e-08
2.395730716944300363e-03
4.460833524463447917e-06
-4.313122342665608010e-06
-1.532061170423459993e-04
1.330781178807422451e-05
-3.325507670528142778e+00
4.609974776331192459e+00
1.492331922619334783e+00
3.790801161668987118e-02
-2.043303597348766321e+00
2.509253674950350010e+00
1.331901393564123737e+00
3.618100711213008580e+00
2.301100162712458295e-05
-8.683914180586133763e-04
5.007615713862781343e-05
2.915919908437835344e-05
-1.685703927460537824e-03
6.553791287511224627e-05
7.780704457592039467e-07
-3.231331377927695262e-03
7.300419998301419566e-06
-9.119171019562522291e-07
2.758671729378082103e-03
-4.940403667028057141e-06
-5.428501937640306433e-06
4.478374811886790680e-03
-1.192265809461044821e-05
4.240979539151143849e-06
-2.853673387806238658e-03
7.098200692267018285e-06
6.951968292203732876e-06
-6.525675120938503014e-03
1.005296964457079065e-05
4.632091737639759487e-05
-2.899060917146764542e-05
-2.755163888296549568e-02
-8.343622322803584727e-05
-5.108995175106042098e-05
1.896443745241109725e-05
-3.625827997819441586e-06
-5.114073023781697327e-03
-1.655264699419643852e-05
-2.013794738677141628e-05
-5.526923585254546824e-06
2.224998936841331393e-06
-9.354151535364061895e-03
5.423130565236945213e-06
5.669547755332320888e-06
-5.142439323665366100e-06
3.940347337121332676e-06
-1.226918657060865718e-02
9.853728640430755973e-06
5.302803921145462245e-06
3.522053587276753621e-07
-2.827707207070632000e-06
3.917061615638112865e-03
-5.609164621163089315e-06
-8.653681944692450156e-08
-3.084466112671904825e-06
-5.240525355540743101e-06
1.948607595259845742e-03
-7.165772226933125281e-06
4.250370519746818248e-06
-8.381023229309583072e-03
3.356766528691431631e-06
-1.832603649207813136e-05
1.841062168922031066e-04
-3.543944831863773791e-05
-1.592848123025329243e-06
-5.265817131584429878e-02
4.813081283573916389e-03
-2.426137885253747826e-06
1.361377955329538140e-05
-8.123561051753477869e-05
2.662808273839115041e-05
1.963706349066871971e-06
3.020365490397461730e-02
-4.278107914451608797e-03
1.824992268183147800e-06
-1.670529930786553393e-05
6.644126083034233334e-05
-3.253432389192774745e-05
-1.885140833653730032e-06
-2.684230961979600441e-02
2.716390788651866802e-06
1.994902185747983814e-06
-7.070650399294118724e-07
4.254564227809756545e-06
1.717133141438608682e-03
7.672504347178493996e-06
3.346961796898948448e-07
9.340838217617227437e-06
4.852676968696742647e-06
-2.807496342575449333e+00
1.891707533076625314e+00
-3.524526394904265447e-01
1.605087893591077730e+00
1.362184185015607563e+00
9.458322174822539896e-01
4.257376725654528071e-01
1.670575572768509431e+00
-5.860913969778444192e-05
-1.115423243784780276e-04
-3.582667618040802419e-05
-1.378850095899003243e-04
-1.539789077939305141e-03
-8.470698504797539682e-05
-9.521871997699810159e-07
3.417510079086785203e-03
-6.175401928426432167e-07
4.635560077313677530e-06
-1.711223035081189253e-03
2.448799900154961943e-06
1.797854783135556355e-06
-3.077903646687802589e-03
7.351725536934629436e-07
1.796653591963463882e-05
6.310000222785159749e-03
1.040494780751781792e-05
-7.793736417684079274e-05
-8.832576011721250512e-05
-9.349344263817553624e-02
-5.628768664834192992e-05
2.740117298094380576e-05
7.367092424937463660e-06
-8.933836326032032005e-06
-2.102475467925983901e-02
-4.765088366808979843e-06
-3.522082548298813241e-06
-8.113950054865992116e-06
-2.662290795618436196e-06
-4.357776766817117453e-03
-2.217431194402980598e-06
3.094317252004327989e-06
-8.671460898251579945e-06
7.477387105110298827e-07
-2.623349071998205221e-03
-1.376148817608205014e-07
3.277221869209446436e-06
-1.325143619408771162e-05
-4.280432285811808062e-06
-3.659711778352375128e-04
-3.436690578873417154e-06
4.919224948006082254e-06
1.143319590522302710e-05
9.552036686591111760e-06
-5.812547294655647911e-04
6.589478580263628826e-06
-4.206981183623503228e-06
1.005991018097048169e-02
2.849538589142169929e-07
6.555931709355321095e-05
-5.808773268011667911e-05
3.789283844245246581e-05
2.235256549751755552e-06
6.326025886098428364e-02
-2.524799940126708133e-03
6.880210382671274002e-06
-5.344692707593142020e-05
2.740825677133492408e-04
-3.100343646469050173e-05
-4.595405668527384626e-06
-1.583824040304342151e-02
6.668046978848571164e-04
-2.825488332674919573e-06
6.158980078213029900e-05
-4.453260920886315455e-04
3.624916018596417510e-05
3.095606751513013217e-06
4.141777645975007992e-03
1.762856141993384535e-05
-1.352636523273688889e-05
1.641708310714348371e-06
2.783996929998958602e-06
2.394960448927544675e-03
1.478221819496007398e-06
-3.527081340506543641e-07
-1.523258297589557479e-04
1.519261083804077591e-05
-3.325507605819954193e+00
4.609978874448080965e+00
1.492331539000512519e+00
3.790570796270315013e-02
-2.043300758752646384e+00
2.509250591766653660e+00
1.331901895507746403e+00
3.618102316741395263e+00
1.061548169912915546e-04
-8.430168752175760732e-04
-2.148446392982237730e-05
1.386835673371096783e-04
-1.653387881941257090e-03
-3.197691854768461018e-05
1.486118612090925827e-05
-3.227538758745994701e-03
-1.310249200464649760e-05
-1.017076132867820361e-05
2.757069926869817021e-03
7.223060893465658743e-06
-2.527393021873131437e-05
4.471936266653923908e-03
5.231333731230790923e-06
1.525556211402126613e-05
-2.849339603433923701e-03
5.780170248208604113e-07
2.179925185425722259e-05
-6.519232654073957994e-03
4.264771287923081202e-06
1.233342392721760016e-04
-1.757680059596636725e-04
-2.759374958032774147e-02
6.404705561192114709e-05
5.328630894438036893e-06
4.931350999363567439e-05
-3.453498179980443847e-05
-5.123309336056362795e-03
1.979889973038329167e-05
1.144489944335771598e-08
-1.433013566392847909e-05
1.147667556553799122e-05
-9.351753787441222446e-03
-3.027356431072431953e-06
5.739551878600955685e-07
-1.328277009988257124e-05
2.083950187594250906e-05
-1.226288426728648455e-02
-5.841960147590964398e-06
4.420080893497037744e-07
4.118937988253659279e-07
-1.195800057548130252e-05
3.912682528935669361e-03
1.372151698973457995e-06
-7.657123381236531549e-07
-9.629370766954546541e-06
-1.554017059832478733e-05
1.942840263420348833e-03
-3.686519655375193692e-06
-2.636697173619776027e-06
-8.379128416402903054e-03
5.693875101699940613e-06
-7.567750892972563339e-05
1.607114431243014262e-04
6.817190871412563653e-06
-5.363748535964153440e-06
-5.267073610306914622e-02
4.811589612918475319e-03
-5.437869930152777677e-06
5.682729949018260946e-05
-6.413947684310249663e-05
-5.713814957453322906e-06
1.660544113636140864e-06
3.021329385373419316e-02
-4.276752384171555663e-03
4.761827135448824707e-06
-6.942654448607673179e-05
4.482044020804275535e-05
6.747225347725986966e-06
-1.521304971706558333e-07
-2.685096967928510270e-02
9.004392291879452091e-06
1.952553190622798314e-06
-1.190777763397264604e-06
1.640831467595942243e-05
1.722259078572121755e-03
-5.534942879724126717e-07
9.976235822620891257e-07
9.511506707528677508e-06
4.236450256197758459e-06
