-7.363304551732556824e+00
9.723714625478052653e+00
-1.129430589814389663e+01
1.053235291293413312e+01
-7.116514949059892459e+00
-8.627364904318275407e+00
7.701547067976918015e+00
3.819875489289130677e+00
4.105277343726815076e+00
-4.493912113173584855e-01
2.954146859323253604e+00
8.016170171964089874e+00
4.527374335316446238e-06
4.313888752334640701e-05
7.240139113864489705e-06
2.034767320168274974e-06
6.952661585636640373e-05
3.408205188334608519e-06
-2.330982393790893148e-05
-3.837319988591564139e-04
-3.778871389374734467e-05
-5.019037217396081778e-05
-7.899835060415240752e-04
-8.120304870729549561e-05
-7.870727421758753786e-05
-2.306160296280819130e-03
-1.269091235491915759e-04
4.496675739355774520e-05
6.427706622034567996e-03
7.299189080511140379e-05
2.086455616890303487e-05
1.340562816015041826e-02
4.224765646168423736e-05
-1.077558736048332770e-04
-2.132355237705677031e-02
-1.983563570139633512e-04
-1.640196010976239626e-04
-2.018896006070232049e-02
-2.848825262629942024e-04
2.441289441468588164e-04
2.765768534379759933e-02
4.087332498328052053e-04
3.934859818652483311e-05
-7.627228766410827877e-06
-2.905837410298022644e-04
-7.861621539728069427e-06
1.682124991678224954e-05
-1.150947222388794809e-04
4.958815713756965305e-05
-6.587307843623359900e-04
6.593885160049493366e-05
-5.776841053309628718e-05
1.275124820905411611e-04
-5.265096361401072080e-05
1.998370425449903353e-03
-7.034849615434150014e-05
6.242468547281952165e-05
1.518625828424150957e-04
-3.705388784154300030e-05
1.111423975723216384e-02
-4.803413971688378172e-05
5.796468953733707556e-05
-3.700956014621569075e-05
5.739139106058740222e-05
-4.202983171745933860e-02
9.826653745623730861e-05
-3.808776647209002365e-06
9.344514074627761611e-06
1.515301732186536280e-05
-9.036300282126173700e-03
2.672272084830580282e-05
4.032008982706989044e-06
2.034846818202876531e-05
1.211673317056166421e-04
-5.212784839966552730e-02
2.043892607490464569e-04
1.560070500883803951e-06
3.085930583930427117e-05
-1.881501386685942051e-04
6.247746314160523839e-02
-3.109795844198295521e-04
2.491983655577498642e-05
-1.074459166777657501e-05
2.879811761526193529e-05
-9.824943834673719942e-03
4.880521753059074676e-05
-2.610213105995453460e-06
-7.027233079118244425e-05
2.352227729470639846e-04
-7.452487940597234128e-02
3.912173571761940762e-04
-3.362529793492892926e-05
-6.596337051693529417e-05
1.213879208344165559e-05
-4.981099259693140535e-05
3.698341015286108461e-05
-6.406618743682950499e-05
-1.371202037297755814e-05
8.322956117050608579e-05
-5.345817958646315862e-04
-1.068753249570566881e-04
6.799819587990802922e-06
2.361837489366367185e-03
-5.136957155313270707e-06
7.035141997721383123e-05
8.989580310651161315e-04
3.165678039869246362e-04
2.163737337198281296e-05
7.543061347660306895e-05
-8.628974425834172370e-04
1.062404650390287825e-04
7.203567112966574782e-06
-4.949013787249144499e-04
-3.174219370155374493e-04
-4.402659361837467226e-05
-3.844633621219515333e-05
1.366783779449867601e-03
-5.137793864170881212e-05
4.198963152562302256e-05
5.038784529975696069e-04
9.739230650696314518e-04
3.648978687967977821e-05
1.686733051165435380e-04
-4.834163860059978793e-03
2.498055641414505929e-04
-1.638719281408746256e-04
-1.517346128138917808e-03
7.284275692212447079e-04
-1.415217483118962153e-05
1.511170152909173056e-04
-3.852970277699324306e-03
2.232893921444869634e-04
-1.437677956473840449e-04
-1.117564466081362234e-03
9.277001092805057039e-04
-2.360235136808413255e-04
2.637309272273962607e-04
-6.407303942313409204e-03
4.776364784025345254e-04
-2.029068016263727155e-04
-1.391400051287576285e-03
2.272714081095790083e-04
-9.061613768479757848e-05
7.690993920428561086e-05
-1.803203660716425332e-03
1.527596236923417017e-04
-4.588480996776748820e-05
-3.369645093029588370e-04
-3.807413205821554730e-04
1.295818399217270637e-04
-1.357555908044086681e-04
2.930357750223958231e-03
-2.600196985177158425e-04
7.010321494962490178e-05
5.627147628957227974e-04
9.127526636341155072e-04
-1.885477914087014401e-04
3.581670496386618889e-04
-6.555839051777101641e-03
6.333633151098288150e-04
-1.425938331807455827e-04
-1.339546807050034710e-03
-1.458961691808867347e-04
2.920597830338887355e-02
-3.155860924516681442e-04
-4.696439398492361457e-04
-3.874108157426979504e-02
-1.847687386481255782e-04
1.516601554065603093e-04
-4.547030441799410766e-02
3.372430398915909899e-04
-4.334832333776202719e-05
2.056099551439219408e-02
1.204072127134580140e-04
1.138517523757065953e-04
-1.966475649780587837e-02
9.141694564873834516e-05
-8.229300072394395539e-05
-3.199198356807620575e-02
1.064256697145841215e-04
9.234393257859101098e-06
-7.392264456694213649e-03
-7.097902421543205408e-05
-1.125493254584664744e-04
5.965829256202958772e-03
-7.128152062749379110e-05
7.572910718464782810e-05
1.148978917556642970e-02
-2.744396025173508915e-05
9.403370027869420293e-06
-8.314518382896254542e-03
-7.756052727869993269e-05
-1.541872545822541691e-04
6.232293862410830110e-03
-9.571973305449061340e-05
1.085069957319433715e-04
1.291441515193316250e-02
-3.035005064302490527e-05
-1.628904133140892329e-05
9.451611281688114194e-03
-4.040263049594705424e-06
2.237825053794247846e-04
-5.696724512095154708e-03
1.957578771729069178e-04
-1.478609471380533543e-04
-1.467471545523191256e-02
8.088826080160163036e-05
3.327940514004605046e-06
1.733391710241284763e-03
5.543016696413937587e-05
3.097400741259232805e-05
-1.556308457752173576e-03
-1.629661141362588595e-05
-3.677495954680295320e-05
-2.686017290067066899e-03
-1.956441401261195827e-05
-3.119828602333228569e-05
5.502186872728758241e-03
-1.340101471694794019e-04
1.375156663557445635e-04
-2.440480793262697796e-03
2.529130739657845157e-04
-2.707715145077236571e-05
-8.564599875364248965e-03
1.427687318753313207e-04
6.389195650899780925e-06
-1.746908556290984393e-05
-3.778070168208814625e-05
1.057325793010268635e-05
-1.787499468511199899e-05
3.780899604596547523e-05
-1.732695627513030604e-05
1.541344391163003945e-05
4.233735912083580943e-05
-4.803067466093117202e-05
2.336111923415809863e-05
-4.037561113761315042e-05
1.573160563110291965e-06
-4.443474165363068228e-05
1.850545014308277480e-05
-5.677277158287416265e-07
-1.727955380262046988e-05
5.219522487445756704e-06
2.673315125450974751e-06
1.054253258978075344e-04
7.941534551344176191e-05
-3.238593909124296954e-05
6.111416555741327626e-05
7.476770253965670624e-06
7.301658482976384730e-05
-3.265590498404609431e-05
1.415099002534706777e-05
-3.204427306680170768e-06
7.487934912934644457e-06
-2.555536755389032022e-05
-1.741412165568700368e-04
-9.351239479740774626e-05
4.233970038346600187e-05
-2.910777914103620406e-04
-9.787195959142141793e-07
1.344583274587606983e-05
2.893531267176877812e-04
-2.898874961282880134e-05
6.153344239272449934e-06
3.995960825544460273e-04
7.649280236323005491e-07
8.700679309660414425e-06
-4.533850332793073123e-04
-2.214973408449178929e-05
-3.457898768874991961e-06
1.339435198055859730e-04
-5.991392350971660896e+00
7.678147106484125572e+00
-9.024718203041638631e+00
7.518307241800109786e+00
4.183728374753845181e+00
5.178968603038107688e+00
4.664636194243070300e+00
7.187219295143498776e-01
-3.587192075678514058e+00
7.657516455995497573e+00
-1.319558960241734552e-06
4.685389710639741370e-03
9.631106511135048819e-07
2.362341765621593447e-06
-8.664296142954865110e-03
-1.678357801511861394e-06
-1.600447617574179494e-06
-1.179697968510295784e-03
1.127474214656246886e-06
1.721522940019836608e-06
3.743298210107789611e-03
-1.114419516156850531e-06
-4.240092004838957940e-07
-3.434522374026606484e-02
-1.207184809160523452e-07
1.390599598037069186e-05
-8.769717539147227348e-02
-1.113382850515292458e-05
1.485196317019556495e-05
-8.772195504248925246e-02
-1.205519307479291969e-05
5.918426649071834699e-07
-3.123079498187911196e-02
-1.172662592924193677e-06
6.914897626253058006e-06
-6.560268265924001918e-02
-6.244660280776801659e-06
-3.156286601307075867e-06
9.012007695711952981e-02
4.364719656456499143e-06
-2.383504006139227707e-06
-2.853669182802193253e-06
-7.395403526618690108e-04
4.961979305674714986e-06
-4.343970956640657956e-06
2.898947246109295166e-06
-9.732588567135217299e-06
-1.955825548594428143e-03
-8.367215790305670909e-07
6.723886090866631016e-06
-1.139697003043140872e-08
2.480615141807393363e-05
6.328848901331954151e-03
-7.780476838317390369e-06
-3.547948166459489083e-06
8.998935526517586102e-06
3.723433917221124118e-05
1.569146891022313306e-02
-2.254532568977197425e-05
1.053790309817409445e-05
-1.868255750612832070e-05
-4.872434713785360141e-05
-2.165120423673871919e-02
3.548912392681996281e-05
-2.309282739376004431e-05
1.715014212366610411e-05
3.966013393633477054e-05
1.736749432543124860e-02
-2.657367988662799222e-05
1.756263852951112816e-05
-3.148015918176212192e-06
-7.908284183752405032e-06
-1.279551054143160090e-03
4.894216491762431591e-06
-2.532326742041409434e-06
2.820997839621936892e-05
7.048363422929016225e-05
1.862165930426373794e-02
-4.608188467088690927e-05
2.572871895408488009e-05
-5.450153876864740412e-05
-1.427022939712270576e-04
-2.770916597168447681e-02
9.350926027286909567e-05
-4.752655261143974065e-05
-4.619159134106804072e-03
1.559649127409353360e-05
1.602471628255288768e-05
7.561807022943385290e-03
-1.155392877422151861e-05
1.339617678090846804e-05
7.203347837370942253e-03
1.811759028459841714e-02
-6.149141332695268582e-05
-7.143267635460531437e-05
-2.978384814217056864e-02
5.186439833103750338e-05
-5.439851554094695172e-05
-2.826853498448669844e-02
-3.277824992284197880e-03
1.104920712125863126e-05
1.448831156830013711e-05
5.416515461766120351e-03
-1.057882494156187167e-05
1.005387940813968447e-05
5.116879199950613751e-03
-7.028302095051159812e-03
2.453725007758905441e-05
3.236087479662991902e-05
1.159405991447294039e-02
-2.364062410558872597e-05
2.259575788178933193e-05
1.097333492036211416e-02
3.285634666011088677e-03
-1.916020664397068241e-05
-3.570946835809761868e-05
-5.388606810564243108e-03
2.484317991937385250e-05
-2.008269078747439748e-05
-5.118613626185880214e-03
-1.389922990619058690e-02
5.627015445496870048e-05
8.283960381115489525e-05
2.285139371097472463e-02
-5.963733820842249538e-05
5.464736474039411768e-05
2.169780423254860299e-02
-7.265034768357715202e-03
3.699040747795773746e-05
7.267882436538812454e-05
1.210271552546955329e-02
-5.148169980560350466e-05
3.772265118529209927e-05
1.130852142064182539e-02
7.112613543534678472e-03
-3.397074114221808073e-05
-7.974258241594652180e-05
-1.213029248989927478e-02
5.784528626478513017e-05
-3.479209456335602830e-05
-1.104851384193100000e-02
-3.666393528870561918e-07
-1.284032092193980370e-03
6.385687005437256079e-06
8.584438198946278310e-06
1.376815044036516604e-03
-5.678639754323858958e-06
7.467232394990310938e-06
2.011864884056477256e-03
-4.376138944937556778e-07
2.952381965053787445e-06
5.436802586346396911e-03
-4.298877747661894900e-05
-5.753265950205656022e-05
-5.346160799243843825e-03
3.234100136935359244e-05
-3.659166113650187072e-05
-8.542261320807880906e-03
-2.070450535623448168e-06
-3.695023108636514086e-06
-2.338016056800907346e-03
3.352525630491919143e-05
4.279512554855101309e-05
2.117032744573393854e-03
-1.999795219491779812e-05
2.264289209803010567e-05
3.694238918415552672e-03
2.107642060211101839e-06
5.737438015708884258e-06
2.343756747462140150e-03
-3.895312742408744701e-05
-4.839994820441777663e-05
-2.136648351533090937e-03
2.076066556248973194e-05
-2.590675748118046725e-05
-3.707063374613021618e-03
-2.098146973118245279e-06
-1.306259267816223646e-06
-9.370191295054443000e-06
-6.745363139715231451e-04
2.072269403246992814e-05
2.133063682868039672e-05
3.832815452787843836e-05
-1.274255690786402468e-05
1.789574253495745466e-05
1.083259408402393979e-03
-7.371789762298799561e-06
-3.731905116927057373e-06
1.601866029567937899e-06
9.072419123837667060e-06
8.015395439045270871e-04
-1.969546800930019529e-05
-1.952801274103537591e-05
-6.879271562278221170e-05
1.099087780282228331e-05
-1.692192166493604801e-05
-1.280156211567938258e-03
7.627131128494396662e-06
3.601957270627243771e-06
-2.742429086548883190e-04
-2.320786296218555387e-07
4.767320525428036130e-06
6.983462529957548779e-05
-5.723969720659944564e-06
-7.951393411217708363e-06
3.298468563085541882e-04
3.086949696768750903e-06
-1.874314046314744651e-06
-1.164616636587475948e-04
7.468431025810988658e-07
-1.622921602246382791e-07
1.240695839753129114e-04
-5.991284868721083789e+00
7.677204833966094988e+00
-9.021221127840648890e+00
7.504396463291667985e+00
4.166576858773678005e+00
5.145787464228026131e+00
4.618035985744794125e+00
7.093641011736739888e-01
-3.540932815898519159e+00
7.549760623546447391e+00
2.040313924836332252e-05
-4.600838982236699418e-03
-2.624018548575127302e-05
-4.968906807632111509e-05
8.966416207028008942e-03
4.079133274841328520e-05
4.518510487063781718e-05
1.674772891950937850e-04
-2.127763024958894385e-05
-7.827356753308925053e-05
-1.414953247964307334e-03
6.011926450887529600e-06
1.346693485367540040e-04
2.555520292976867433e-02
-4.523450373781749841e-06
3.990687936179912167e-07
6.963146931205611845e-02
1.289401024784586570e-04
-8.530599128589762275e-06
6.875661606497185385e-02
7.271334402499418138e-05
9.823507598155683173e-05
2.431766789986960706e-02
-1.474424311994539765e-05
7.661770366414544036e-05
5.078022299925197963e-02
-2.373192678442022439e-05
-2.695699513863799896e-04
-7.038439637362968460e-02
-1.444173770214592929e-05
3.571533796120980500e-05
-7.938873402479379351e-06
-2.760249614775898584e-04
-1.422766849227001713e-04
1.545295652762028102e-05
-9.603042268964473023e-06
7.802658740092476366e-05
-3.245023343737110915e-03
5.728514840284348267e-04
-2.539836355340981914e-05
-1.745635271804206847e-04
-5.760785607638072248e-05
7.645992015453232336e-03
-7.840031059800120061e-04
-2.014494415915853219e-05
-5.968341113275423167e-04
9.139571378011056681e-05
1.531403052522607722e-02
-4.167885803154558130e-04
-1.598196041090872536e-04
8.437426211927180056e-04
-2.096458982928866384e-04
-1.974877491068367449e-02
2.922169214437537660e-05
2.580663837001041794e-04
-5.870747893865294878e-04
1.754019279492511274e-04
1.578898986804590926e-02
9.810511640659627972e-07
-1.998851054987388560e-04
2.527563573217232325e-05
-8.978981337276645497e-06
-1.147239976300360419e-03
2.429740427731162748e-05
1.322473479055847083e-05
-5.225303081629027475e-04
1.666846852885785202e-04
1.688082584235581565e-02
-1.301910427053570873e-04
-2.049291463533232211e-04
6.246580095352109946e-04
-2.204456563012089569e-04
-2.509232393456237858e-02
3.640429664179718749e-04
2.915368975533792306e-04
4.514495162686043769e-03
1.632767826518915512e-04
-1.384417880984124285e-04
-7.019294173450892245e-03
-1.095087710813373669e-04
9.862022107626921717e-06
-7.178376823082164258e-03
-1.786920659019825691e-02
-2.125474765119789058e-04
4.247182701502333823e-04
2.660452421252601507e-02
2.645686999130600911e-04
7.649159626441511098e-06
2.814638446117161477e-02
3.259902280671144164e-03
-3.959312773664015896e-05
-5.406743307618520650e-05
-4.649060206233690713e-03
-1.693610532253666395e-05
-1.047001105697369910e-05
-5.087066041532082791e-03
7.014948096315709765e-03
-1.196876221354136827e-04
-1.129409927567913511e-04
-9.808847881698307125e-03
-3.722350190746771435e-05
-2.258222630018664676e-05
-1.091323207625245068e-02
-3.566480054590361656e-03
2.693154059786610137e-04
2.554394556783932171e-05
3.417034137958070966e-03
9.147397998980428201e-05
5.629481357859351264e-05
5.119028858391336603e-03
1.419161600506503758e-02
-5.072719890266822775e-04
-1.835234743899809089e-04
-1.804307870061070546e-02
-1.350027130684977551e-04
-7.740114997657254259e-05
-2.163128958211125302e-02
7.738634055596996068e-03
-5.706896606437362063e-04
-4.172354698267668864e-05
-8.118546773379873085e-03
-1.649955798590512933e-04
-1.895678700634670973e-04
-1.121133467274241895e-02
-7.663595138343276547e-03
8.050807520773751048e-04
-3.696472991148783941e-05
7.553454859785356870e-03
1.626910829313242069e-04
3.466191998241994468e-04
1.083667573970295561e-02
-1.814210755481903130e-05
-1.200766861043112274e-03
-5.795809915570218645e-05
5.412834452494091886e-05
1.219140095975244963e-03
1.241555260225571974e-04
-4.881150316458358386e-05
1.926460975337069203e-03
5.217964100444296372e-06
2.564791474618154926e-05
4.945943509344599004e-03
4.076483896734990186e-04
-1.907694862616282150e-04
-4.820446833766517565e-03
-4.259211874558481567e-04
1.369874548209708243e-04
-8.179218478398884995e-03
-1.220813284785667334e-04
1.730608739636271286e-05
-1.994960712179919687e-03
-3.844262012439993246e-04
9.575019916562725120e-05
1.963648662047419620e-03
1.872556887902126327e-04
-3.554355175881589792e-05
3.515520701902465680e-03
1.448779283346464484e-04
-1.958475771696806169e-05
1.937120680450249606e-03
4.810725468738940745e-04
-1.174167091787410837e-04
-1.999536065904446505e-03
-2.126933966850228744e-04
3.571232335384614669e-05
-3.491820904457251361e-03
-1.830391928791103549e-04
-2.222533664094613197e-05
6.565010789162341380e-06
6.784492223321256059e-04
-1.510940885197780423e-04
5.059878845944933373e-05
9.922273973768872674e-05
6.805250011431712449e-05
-4.661822949552180221e-05
-9.794751421398786937e-04
5.859119931477901845e-06
-3.777366790711444121e-05
2.579099758586884668e-05
-5.603369735298422002e-06
-7.960424680043080023e-04
1.735304553363359380e-04
-5.469263698274290310e-05
-8.286115978033416446e-05
-7.655897376688542550e-05
5.692125373214699353e-05
1.149941748585964294e-03
-6.681167331203932344e-06
4.214750519911218696e-05
-2.375493692103973747e-04
-2.996314270416717572e-05
-8.777308285816909171e-06
5.934929843626190609e-05
3.139052446457563279e-05
-2.750551232844226232e-05
3.146732973608296047e-04
-1.350937694488826227e-05
1.414402723357779804e-05
-1.202604207934014700e-04
3.161310964938556298e-05
-1.749420385255618908e-05
1.074993329367201670e-04
-7.363291612669939923e+00
9.723684583197281128e+00
-1.129432795120682265e+01
1.053249528196831442e+01
-7.116691860676870540e+00
-8.627792288123503184e+00
7.702216563561436580e+00
3.820346112185498022e+00
4.105823447288697636e+00
-4.494426979363019825e-01
2.954558216594850961e+00
8.017273559063674782e+00
-3.500499000436001697e-06
6.576825671641396644e-05
2.787316449687345886e-06
-1.138317743936897065e-06
6.733767642624782800e-05
1.226676464705490997e-06
1.679493588417329877e-05
-4.696907692795000569e-04
-1.434446498670089381e-05
3.642812427598555704e-05
-9.786527323816824209e-04
-3.084157032935645336e-05
5.798871114705935923e-05
-2.614149656687913756e-03
-4.828731397705647203e-05
-3.342809425641582932e-05
6.647023423011051702e-03
2.803263185236342186e-05
-6.779438439203530204e-06
1.355569261991926462e-02
1.707903417003975671e-05
5.453884115853364678e-05
-2.182293488682096952e-02
-7.887424467565770907e-05
1.010433035856990751e-04
-2.091272577606251640e-02
-1.122087752746344551e-04
-1.659856880730903707e-04
2.875197230479361113e-02
1.598243665806893131e-04
-6.527615320803549482e-05
1.027135485498055452e-05
-2.749013128709526998e-04
-5.495158481285240862e-06
6.309922936591178888e-05
1.850229392526353761e-04
-5.423169010244930971e-05
-6.451908582528422973e-04
3.351291458695362946e-05
-1.833323570408428266e-04
-2.078008270960173627e-04
5.603995291542114142e-05
1.990423738843144497e-03
-3.470612901659689465e-05
2.048043771881153221e-04
-2.655009880103531127e-04
3.552437966333877966e-05
1.115580521034797642e-02
-2.293000039773044512e-05
2.537636754031308327e-04
8.419487088927993571e-05
-3.082004135944244120e-05
-4.179819242989889216e-02
3.033644554766880614e-05
-7.783148222567068441e-05
-1.355521811298598859e-05
-8.703450738038694584e-06
-8.960670444112589159e-03
8.446622780965059994e-06
1.257945332014946370e-05
-3.021309259997121262e-05
-8.222623956629507356e-05
-5.165582872197577863e-02
7.327318844000619484e-05
2.292033449361068729e-05
-5.392945146264229280e-05
1.313833789758765583e-04
6.184062012168738826e-02
-1.163534582108886948e-04
6.011110357430157503e-05
2.516485140041844373e-05
-1.389156628294515366e-05
-9.700357557681418136e-03
1.464753868099964506e-05
-2.365584045033186723e-05
1.385972427128898132e-04
-1.473938419156959083e-04
-7.367625899929723665e-02
1.376987827033376713e-04
-1.376318763449927861e-04
2.978313370504601348e-05
4.778063922999167937e-05
2.992057724856193006e-05
1.950914504915600775e-05
-1.030822932418960298e-04
3.117415360479710489e-05
5.298034017273716469e-05
-7.206191603352210453e-04
-1.596820517954788423e-04
-9.365096251597413584e-06
2.237524555427696741e-03
2.558237962761985900e-04
3.518908465037344659e-05
8.793503368802930726e-04
2.384365841212487578e-04
-3.803281113579029418e-05
-4.353689412329380759e-05
-7.716782487993334915e-04
8.650388048407266380e-05
-4.750754584665395271e-05
-4.136943381552793723e-04
-3.330473434284711518e-04
-7.599166186704416114e-05
2.014315095535348270e-05
1.311754887807197812e-03
7.454498105307551139e-05
6.596836241572385812e-05
5.004366029760334064e-04
9.714811925238194283e-04
3.266907585249886740e-04
-1.086403645805882837e-04
-4.627229163244694736e-03
-1.379371369145640817e-04
-3.089390321730886742e-04
-1.555500330811089918e-03
6.890398957831939467e-04
2.811099355555487025e-04
-1.043814135472185124e-04
-3.719697572695232924e-03
-5.851511339369953196e-05
-2.852979321482831520e-04
-1.174624143212230900e-03
8.425655933614419925e-04
5.075213218331921846e-04
-2.129814745624322378e-04
-5.957877199844747833e-03
1.218404301967770855e-04
-4.846917146544302908e-04
-1.535808313091302068e-03
2.030330468082302306e-04
1.433638837998811827e-04
-6.367784737205317493e-05
-1.620917424525491297e-03
6.252213382247009553e-05
-1.317095008234015852e-04
-3.766778126025583338e-04
-3.362892722020781300e-04
-2.312135418225192210e-04
1.025519887110435801e-04
2.604363414383542401e-03
-9.118429350057181428e-05
2.170277252015666931e-04
6.190594601067909205e-04
7.900649398964520531e-04
5.117177915648155051e-04
-2.227597008158557323e-04
-5.705839496033725255e-03
1.344163218672474766e-04
-5.038142262468647738e-04
-1.432611974072602610e-03
-8.725831637332152630e-05
2.889508626992442347e-02
-5.160556050423745645e-04
2.923373472447494373e-04
-3.851963078868069629e-02
7.860167324518841422e-04
5.979233040529184640e-04
-4.550638001701114849e-02
1.718707123072939517e-04
4.386713586883845650e-05
2.037975776709394574e-02
-7.577740345059551263e-05
-8.233754696486076795e-05
-1.949456430093640669e-02
1.387259689383484374e-05
-4.881513380944969881e-05
-3.191244482240800096e-02
-9.654522446252261614e-06
-3.382146042057008502e-05
-7.286111964339789075e-03
-2.673289388044525655e-05
7.330321024206698705e-05
5.880897141366071140e-03
4.147837247921287018e-05
1.269931540168556608e-04
1.144881878615221053e-02
2.810204583241373733e-05
-4.729789114417879255e-05
-8.158246957986435913e-03
-5.344428513349087277e-05
1.001344302335107782e-04
6.112359988334396463e-03
4.565582257777633625e-05
1.967926764179095812e-04
1.286637378287429530e-02
4.054172162169879424e-05
1.703571511135633355e-04
9.225160895732059316e-03
1.135361755441400341e-04
-1.503515026233761176e-04
-5.424366096748322805e-03
3.597080677152657464e-05
-2.978028055600415842e-04
-1.465608174924018861e-02
-8.523896092014323289e-05
-4.209354145540881406e-05
1.678079947745803784e-03
2.025356834813316829e-06
-1.872981903085974481e-05
-1.566491245763404570e-03
-4.425474815777937458e-05
-5.762692285191019920e-05
-2.661332124326509351e-03
4.598795762785620939e-06
2.824384777097834962e-04
5.468742278340125648e-03
1.080645949025323474e-04
-9.330158734452371821e-05
-2.180338346736645019e-03
1.305123323981814622e-04
-1.117407306623218084e-04
-8.598582483896465012e-03
-9.843973746439633684e-05
-3.985809416081095402e-05
-5.576945943253712695e-05
2.687834547276279256e-05
-6.522588420143499697e-05
-1.334596157301145701e-05
2.977935184934787558e-05
1.649713759747273068e-05
9.002639545279988206e-05
5.508276809899361436e-05
3.001896592311147061e-05
1.119756714908831113e-05
1.355735725091804621e-05
7.774473749286123388e-05
-1.284390384060021145e-04
3.050175953871910842e-05
3.759085045451625599e-05
7.384618702738844674e-06
-1.699828035519981205e-05
-3.936901035091980999e-05
8.230307617049604574e-05
-1.939324931517085284e-05
8.261974170382641155e-06
1.174444894739828119e-05
-1.159787143159718035e-04
1.752159710419731709e-04
-1.411961455475283563e-05
-6.003617097307179288e-05
-3.780732728631623868e-05
2.162610165591145075e-05
1.264514685296290746e-05
-1.259003738373068112e-04
3.142493045952380356e-05
-2.409410232838318693e-05
-2.883186770338739234e-04
-7.714224088745121231e-06
-1.782923792165689198e-05
2.983953182198032829e-04
3.403750835399294700e-06
-1.003057352987318779e-05
4.117562051625864566e-04
2.047227666704028046e-05
-1.012158920569818164e-05
-4.665187405664928083e-04
-1.032550092102638246e-06
-7.360584002866767627e-06
1.359472149416648945e-04
-5.991392072467851548e+00
7.678147418158274284e+00
-9.024721110395136137e+00
7.518315580078517080e+00
4.183735845371796991e+00
5.178981543305084756e+00
4.664650019781729107e+00
7.187242893891049311e-01
-3.587206591363355290e+00
7.657560799062463452e+00
2.746616282266975283e-12
4.690330951002488931e-03
-1.230341625568679113e-12
-3.664336343663799767e-12
-8.674221620319107900e-03
-1.043619476143962565e-11
-5.419831865085723181e-12
-1.172400391771485136e-03
1.099926637420031936e-10
1.164199790451921996e-11
3.733144527169243027e-03
-1.851500738546472856e-10
-5.104838418222972275e-11
-3.433503524185248929e-02
6.570840118222330283e-10
-9.343087872144575667e-11
-8.773430453933807327e-02
7.894565472681202401e-10
-7.671235391162817325e-11
-8.776305156032716825e-02
4.523743170153435687e-10
-1.668186607731679036e-11
-3.122737444234066281e-02
2.132028994100175945e-11
-4.719661506890188323e-11
-6.561796556555077320e-02
1.931685599224287205e-10
5.010495329253782917e-11
9.011410841568184837e-02
-1.002904449059369904e-10
3.720404149323769017e-11
-1.329667079440175247e-11
-7.412757337499564173e-04
1.809998826312795233e-10
-6.084029233497947524e-11
-3.713850479256227958e-10
5.226856828744064042e-11
-1.883729318510667062e-03
-7.487594675689436048e-10
5.986850582471352585e-10
7.088693359457134111e-10
-8.733385654542596470e-11
6.197192611174775524e-03
1.235438629632420916e-09
-1.134159586818082863e-09
8.266519277536315550e-10
-8.318512065876541166e-11
1.555880123981208049e-02
1.070827312629484459e-09
-1.306276915493920473e-09
-7.448528320526491655e-10
6.079625699279566114e-11
-2.152753928635932693e-02
-6.780197111767158639e-10
1.155249444013787117e-09
4.131771473734245897e-10
-3.461503750463466113e-11
1.728358153961330815e-02
3.156755838141975268e-10
-6.228374169371454854e-10
-2.018992049614288543e-11
1.265295796280030925e-12
-1.260515032453005373e-03
-1.317354144739627661e-11
2.485860224417376103e-11
3.991166419002303091e-10
-3.070494243450148161e-11
1.845600331898356039e-02
2.999169955294411262e-10
-5.716337845763006438e-10
-5.484524771878673530e-10
3.785956400505704559e-11
-2.735652140922873940e-02
-4.128613505318709562e-10
7.426425758434583127e-10
-4.624770550921892577e-03
1.432794656070266378e-10
1.592411109883709060e-11
7.552414150877382985e-03
-3.262876785392988267e-11
-2.617577001424984297e-10
7.209535038971617155e-03
1.813926300030678507e-02
-5.716853393427230515e-10
-5.290807052551321857e-11
-2.971166425317399440e-02
4.015497091227945279e-11
1.024521411964307423e-09
-2.828168291597669970e-02
-3.281652475614084494e-03
1.059068122357962160e-10
7.552013453502667042e-12
5.396649924852573756e-03
1.054559443272937500e-11
-1.857414681704505082e-10
5.117340589724073997e-03
-7.036362039613823505e-03
2.239685801248687143e-10
1.635925768421810820e-11
1.154926694731293890e-02
2.280428485527127451e-11
-3.934045815063769469e-10
1.097317135393311230e-02
3.282529292759576740e-03
-7.815663395472797881e-11
-3.021490803714767904e-12
-5.320462222880156800e-03
-2.784344332912971279e-11
1.231736423797795008e-10
-5.123553096510370317e-03
-1.390912120551120179e-02
4.126230662244407428e-10
2.826604556348437499e-11
2.272225076696012327e-02
6.180924704959913498e-11
-7.150465292336314077e-10
2.169748453362677770e-02
-7.260194238039561349e-03
1.860805273924431940e-10
7.194951736555867788e-12
1.194576374275423472e-02
6.603319223607800397e-11
-2.912020763945517844e-10
1.132340863179080899e-02
7.104615734934574024e-03
-1.734421901138970658e-10
-2.568313971694196776e-12
-1.192021863234849453e-02
-9.366575018481553004e-11
2.491806741316343955e-10
-1.107115562397918349e-02
-1.173752186294665826e-11
-1.291503535098005454e-03
3.268249466838380586e-11
9.284155711391264800e-12
1.363887634008912686e-03
-3.132216171414914942e-11
-6.777410860246126530e-11
2.010591982935153784e-03
1.675013305374653160e-11
6.304995872526344989e-11
5.477177904462876730e-03
-1.417211752659479140e-10
-3.686676250666847781e-11
-5.249953348500404661e-03
1.048661297551711703e-10
2.760110458596357298e-10
-8.529033217840579009e-03
-8.669222205375710111e-11
-3.957428853840865443e-11
-2.364698410410712940e-03
6.183917198806902157e-11
1.612507034140760916e-11
2.047415774366042988e-03
-4.304061662711670722e-11
-1.148282839646646640e-10
3.685256360387554036e-03
4.809514899428836808e-11
4.431593816293244344e-11
2.373859758291831101e-03
-6.195967942113114386e-11
-1.763402048951785975e-11
-2.061398365012750370e-03
5.402079121533982774e-11
1.186040518980902588e-10
-3.701433302004446691e-03
-5.003920716929970572e-11
-2.534939959078555127e-11
-1.974032976472053124e-11
-6.919160103558725117e-04
2.655641789188774446e-12
8.953916502448890295e-12
-1.708573765868728314e-05
-4.426214948916500116e-11
-6.066639635530915010e-12
1.077616146178176759e-03
2.244526838685112368e-11
1.357778967405664036e-11
3.244612858432832942e-11
1.876357967575323935e-11
8.178344591097733412e-04
-1.089702838953410169e-12
-9.228712531737714867e-12
-1.770177892421810660e-05
5.037710386870838116e-11
3.141815254720782077e-12
-1.274384567617803605e-03
-2.174012634907199796e-11
-1.670713786202940674e-11
-2.757416644988257845e-04
1.293444697059195447e-11
3.495506640611527514e-12
7.962526366608151920e-05
7.221191188949925767e-12
-1.504426530303124272e-12
3.474511274786687659e-04
1.841430053720224962e-11
-8.202161803278694026e-12
-1.228316077651484060e-04
-3.591381975514976800e-12
-7.132874846528965217e-12
1.258639140445803515e-04
-5.991284868842943645e+00
7.677204834585607429e+00
-9.021221131539791216e+00
7.504396473303418524e+00
4.166576866750572705e+00
5.145787470618659043e+00
4.618035985786216102e+00
7.093641006251002468e-01
-3.540932812721128364e+00
7.549760615260232122e+00
-3.292626740003235631e-05
-4.600842921821680573e-03
-4.549525026532752554e-06
6.017090807801179413e-05
8.966425573179283640e-03
2.263630489397468280e-05
-4.101935067749929494e-05
1.674685250336398451e-04
-2.849276251528866358e-05
4.434297776115321446e-05
-1.414938433426719128e-03
6.478115343899366343e-05
-7.125086573898121989e-05
2.555517414285788172e-02
-1.143662548636480988e-04
1.114678092549796734e-04
6.963146603210802754e-02
-6.481703495830839665e-05
6.723846276842791649e-05
6.875663077691719638e-02
-2.897004405561222511e-05
-6.188606214117646498e-05
2.431768096914975821e-02
-7.770220059662753408e-05
-5.886030563104435335e-05
5.078024081919676330e-02
-5.448760147949347870e-05
1.222769750210877865e-04
-7.038443140576272627e-02
2.406760487797547556e-04
-3.124038690999137645e-05
-1.192460278378458690e-04
-2.760255460046121294e-04
7.801382489993117196e-05
2.320374375724494804e-05
2.679761607387249058e-05
4.570918588309151489e-04
-3.245019089272813996e-03
-3.539997460900197587e-04
4.384146851548325824e-06
1.047269550264982320e-04
-6.501647770448218833e-04
7.645986173325272986e-03
4.418930911548189962e-04
-1.411066724355434458e-04
4.368239767167405555e-04
-4.066493508497734171e-04
1.531402866987333425e-02
1.292447953108403352e-04
-4.369667659705355378e-04
-6.453625728054386253e-04
1.301311126441519997e-04
-1.974877688700845887e-02
1.669467949386664715e-04
6.016720542268348638e-04
4.666425276888115604e-04
-8.685203653108992190e-05
1.578899222526836468e-02
-1.523925422193976641e-04
-4.084806339950942900e-04
-2.409074961838995597e-05
2.553168508817359259e-05
-1.147239941272676107e-03
-4.372700589762027254e-06
1.527704555994521360e-05
4.387385603232711660e-04
-1.960917162904747589e-04
1.688082730916055929e-02
-7.925715936614392875e-05
-3.500613821574503600e-04
-5.648067513185632983e-04
4.254940881696927949e-04
-2.509232474937778470e-02
8.889378797389398012e-06
3.952031966659952334e-04
4.514495160262226546e-03
-9.017906828854619608e-05
-2.561644070461503690e-05
-7.019293125687128473e-03
1.746485496889750143e-04
1.364712369620942219e-04
-7.178376795094388967e-03
-1.786920659855729260e-02
9.964898373711960169e-05
1.676378290222396857e-05
2.660451759401786034e-02
-5.001012381929888532e-04
-1.878978463428150516e-04
2.814638436127491622e-02
3.259902285709408241e-03
2.886394110640648998e-05
1.236669761809737337e-05
-4.649058551871508745e-03
5.529180742959746264e-05
-2.905330112533109236e-05
-5.087066025680837995e-03
7.014948108019915946e-03
7.940076483972580612e-05
2.423417057226347931e-05
-9.808844254879559021e-03
1.164214812085787102e-04
-9.236066483700524916e-05
-1.091323204130522327e-02
-3.566480087756881100e-03
-1.834105180236245461e-04
6.644670724884070340e-05
3.417033274374514304e-03
-6.785862780300634472e-05
2.050863233361609813e-04
5.119028857173750675e-03
1.419161605424817951e-02
3.206676851950990216e-04
-2.515366403767134405e-05
-1.804307186908590821e-02
2.264372138553421405e-04
-4.006084639956906078e-04
-2.163128952403608335e-02
7.738634127421666412e-03
4.495156019037942164e-04
-1.220283529408413658e-04
-8.118545749873893463e-03
1.186313023233045300e-04
-3.994472006067729323e-04
-1.121133467404376513e-02
-7.663595236470816495e-03
-7.027215945600428105e-04
1.593767166202714517e-04
7.553455969685853033e-03
-4.933296563131071930e-05
5.239101898690109657e-04
1.083667576345737592e-02
1.358991964919036274e-05
-1.200766881777934987e-03
7.125104638735914959e-05
8.045769567485195912e-05
1.219140494179505978e-03
-1.089543445585719147e-04
-2.578754144150598179e-05
1.926460963909213580e-03
1.310255278016308174e-05
-1.185493764433607290e-04
4.945943580679883905e-03
-3.224587559199835313e-04
-2.734739297293640689e-04
-4.820449130210037285e-03
3.781720402048482639e-04
2.845406215590138492e-04
-8.179218473559379463e-03
3.882888225727225895e-05
1.168148633769818971e-04
-1.994960736062464934e-03
2.229946976848492244e-04
1.142931408426668731e-04
1.963650015010952928e-03
-1.765500570908565194e-04
-3.151512896533275872e-04
3.515520727700904152e-03
-8.742645892603120980e-05
-1.487241467934500975e-04
1.937120709344611552e-03
-2.714640491444216745e-04
-1.254896026426296238e-04
-1.999537099767802976e-03
2.080326762708338236e-04
3.987650817402659041e-04
-3.491820937598781247e-03
1.084804777223479725e-04
4.382563633572698501e-05
1.791661317973727375e-06
6.784492671137217889e-04
1.159196091787526749e-04
3.363575129368409698e-05
9.922325323926352498e-05
-7.784602879386258477e-05
-1.075421744946180902e-04
-9.794750747544149483e-04
-8.615031908769702032e-06
-3.609322186170677263e-07
-4.939632642083940006e-05
-2.984389323310092075e-06
-7.960425116318699604e-04
-1.360604711222719403e-04
-3.895563969829198665e-05
-8.286180058810933423e-05
8.564463665941237291e-05
1.218211310419984580e-04
1.149941683916497030e-03
8.193248857013793354e-06
1.261980559824790118e-06
-2.375497531909356039e-04
3.013200449172254110e-05
3.176648700045751905e-05
5.934953425023845356e-05
-2.794434100961688843e-05
2.053308562637913039e-06
3.146729318011159742e-04
3.057516313230327043e-05
2.011293869951107940e-05
-1.202605081387543172e-04
-8.205242541958397310e-06
-1.720177371564906508e-05
1.074995285774761497e-04
-7.363291612645507911e+00
9.723684583128084924e+00
-1.129432795129142875e+01
1.053249528251827094e+01
-7.116691861397676178e+00
-8.627792289890157562e+00
7.702216566063712300e+00
3.820346112358419699e+00
4.105823443991826416e+00
-4.494426972975233969e-01
2.954558211865248918e+00
8.017273545785402078e+00
-6.636476795681003802e-07
6.576816588240064112e-05
-4.425118939195012797e-06
-4.931652070152140806e-07
6.733725429029134785e-05
-1.599185667776595454e-06
4.025221154326689906e-06
-4.696893504303798319e-04
2.171692688091505103e-05
8.495565547750375568e-06
-9.786497877828270915e-04
4.696812343939074321e-05
1.282377704588306107e-05
-2.614144842693774239e-03
7.436271194952910634e-05
-7.563009660885626464e-06
6.647020740942762018e-03
-4.296541308739228133e-05
-1.140109516361729847e-05
1.355569512539252057e-02
-1.441121752650045886e-05
4.103748992742480830e-05
-2.182294250555340612e-02
8.667066229740239490e-05
4.665382740861048706e-05
-2.091273203753013510e-02
1.436118954586898414e-04
-5.541888481510814181e-05
2.875197774529496958e-02
-2.236618750235313331e-04
8.728390261404486478e-05
-3.765630711771170786e-07
-2.749010958075874794e-04
1.164323372774190496e-05
2.498097425269656471e-05
-2.512821558135650913e-04
-1.907351555430640728e-06
-6.451896612567755785e-04
-6.372287187208857491e-05
-6.856823214103618253e-05
2.812664057708535092e-04
2.036595974359444909e-06
1.990422223204567180e-03
6.588554036366777583e-05
7.755846156284608136e-05
3.525172073850604045e-04
2.096406110327762245e-06
1.115580499666571877e-02
4.223159071160687000e-05
1.030481088624801131e-04
-1.095041844824657897e-04
-1.086360654685145560e-05
-4.179818860074423215e-02
-4.186289070734992428e-05
-3.399724512465421029e-05
1.767119233536445640e-05
-2.963538917917607853e-06
-8.960669343930166564e-03
-1.176140685135755223e-05
5.449818684521857333e-06
3.495314576624875767e-05
-2.234475081368372172e-05
-5.165582407958816541e-02
-1.078502035811278864e-04
1.470722457438122324e-05
7.902560555722516929e-05
3.507471156906596157e-05
6.184061963688659153e-02
1.719615357883115200e-04
1.664657597412291833e-05
-3.306915173503001550e-05
-5.739399811853546530e-06
-9.700359695738540108e-03
-1.935435713143441881e-05
-9.965382353212048089e-06
-1.884940699108853641e-04
-4.555476786254852005e-05
-7.367626609191370302e-02
-1.964989866146974395e-04
-5.121097243355873178e-05
2.978307458936769485e-05
3.107135248401080936e-06
7.431164003142130847e-05
1.951383453233403989e-05
7.745295400109207561e-05
-5.696589275924059212e-05
5.298034118826890570e-05
-7.206189824999724566e-04
1.103162562219317928e-04
-2.168674689659171072e-04
2.237513887380112535e-03
-1.360217341725836529e-04
1.206927727607154865e-04
8.793503493793628856e-04
2.384366245100452046e-04
-2.212627317511552854e-05
-5.314614722578010612e-05
-7.716825959947029058e-04
-8.095589485415122797e-05
5.669090086245876192e-05
-4.136943411745045416e-04
-3.330472830489959691e-04
9.512633576531568085e-05
-7.462945365567606043e-05
1.311752061423138507e-03
-1.982780063486631872e-05
3.282604324166571463e-05
5.004366139876231584e-04
9.714810326210321281e-04
-4.308950157834106980e-04
1.737773159878562015e-04
-4.627223706792365707e-03
-2.511728222131676813e-05
-1.284517642171277248e-04
-1.555500363232433089e-03
6.890397921863339065e-04
-3.876306073032686822e-04
1.028663175183880071e-04
-3.719695873385119728e-03
-6.113972471919617928e-05
-1.007986408976154071e-04
-1.174624171397690726e-03
8.425654903636663196e-04
-6.735163208926393721e-04
9.738528253033197248e-07
-5.957877091163372302e-03
-2.453679180994831812e-04
-1.971798240205013461e-04
-1.535808327094421045e-03
2.030330268445860759e-04
-1.857457640430911286e-04
-2.230683027583176629e-05
-1.620917211784742018e-03
-8.640778104396205114e-05
-5.830188056508118182e-05
-3.766778094707572003e-04
-3.362892402754795039e-04
3.035583684781976575e-04
2.769192083222222006e-05
2.604362458661494892e-03
1.344049216369228624e-04
9.172271549078733180e-05
6.190594530295394837e-04
7.900648656951917911e-04
-6.921749745626339795e-04
-5.028121149421735733e-06
-5.705834525971786864e-03
-2.601241374460821088e-04
-1.912529552029330448e-04
-1.432611952741911924e-03
-1.052152919321236587e-04
2.889508661668310080e-02
7.758427800746692509e-04
-8.268794121616984162e-04
-3.851963464670899590e-02
-1.398375173617505234e-04
1.479568544419007279e-04
-4.550637992713921914e-02
-1.615032718125684538e-04
-1.357252687457225540e-05
2.037975776966016381e-02
-4.387529312989960810e-06
2.915466133825027185e-05
-1.949456772126267889e-02
-7.824297909109738250e-05
9.003354150490345479e-05
-3.191244476134833669e-02
4.281749034226704103e-05
-7.426332721696326256e-06
-7.286111930231673438e-03
1.233460784278066018e-04
-7.257292775515203581e-05
5.880898590479743948e-03
4.274327894965233832e-05
-4.034547506091419838e-05
1.144881875173165038e-02
-4.334144056866857367e-05
-1.146117761697304749e-05
-8.158246901422326613e-03
1.971499296694357055e-04
-8.960633331477211368e-05
6.112361565257106930e-03
6.389103137383320738e-05
-5.211249361603300219e-05
1.286637373437026464e-02
-6.123230908326461044e-05
-1.135948177352281001e-05
9.225160781703664950e-03
-3.146729388137759582e-04
4.402413958394476207e-05
-5.424367110440135586e-03
-1.481936104443123362e-04
5.057625026156732027e-05
-1.465608167632888141e-02
1.901533447055447413e-04
1.706405262389672033e-05
1.678079940423205093e-03
-5.091927138791751473e-05
4.769067038746497455e-05
-1.566491821323007369e-03
5.906937654749819551e-06
2.705961502009813547e-05
-2.661332099677944044e-03
-3.875326919091721034e-05
-5.596778878139656429e-05
5.468742203882823345e-03
-1.508020927137411818e-04
-6.637627330255009540e-05
-2.180338252565500179e-03
-1.460579305234960669e-04
-3.771669306146467995e-05
-8.598582520542824570e-03
2.938183181894501008e-04
2.962647987975166930e-05
1.887646029148573324e-06
2.687829295018123949e-05
1.105780679237901656e-04
-7.613967279762529408e-06
2.977944021815144256e-05
-1.980654804136826124e-05
1.147416818068584126e-05
5.508274816076692620e-05
-6.330737456997197210e-05
2.891929587590760830e-05
3.763500488008835951e-07
-2.207741842230701457e-05
-1.284390038023855928e-04
-4.934543458506827234e-05
-4.074485905752923907e-06
7.384370001877073710e-06
4.105379811139737989e-05
-6.730874636972688705e-06
8.230308674501248727e-05
7.702566934208898600e-05
-1.587197488683992676e-05
-2.673827517665644887e-05
3.077467363391994031e-05
1.752159440524151757e-04
1.801082993893956576e-05
1.128934627731498160e-05
-3.780702426393902867e-05
-6.280592636244880555e-05
5.905448446591301853e-06
-1.259003803565285785e-04
-1.161531231256277463e-04
1.876042774551357317e-06
-2.883186560434591677e-04
-2.517276273451503533e-06
9.808843935258680294e-06
2.983953098587294054e-04
-1.046742257080468243e-05
-1.271421040865464532e-05
4.117564875383159721e-04
-1.892283442778683173e-05
2.113050483624140665e-06
-4.665187663151771345e-04
-1.492431095356767197e-05
1.036100133464655333e-05
1.359472030376735656e-04
-5.991392320209500966e+00
7.678146962476938064e+00
-9.024718799026105742e+00
7.518308867084132707e+00
4.183729394291090919e+00
5.178969366972882682e+00
4.664636171202708681e+00
7.187218591837438719e-01
-3.587191427582641090e+00
7.657514201955461175e+00
1.379826717091822333e-06
4.685194435043173525e-03
-8.154935250367999624e-07
-2.547555530282061774e-06
-8.663652542347686711e-03
1.552416359928745899e-06
1.774488499084046220e-06
-1.180547230658840875e-03
-1.095185711759645042e-06
-2.076127758612955408e-06
3.744952558079506395e-03
1.379462846476381063e-06
9.961952005580541498e-07
-3.434937263282805686e-02
-1.052456652161840223e-06
-1.396567907583020788e-05
-8.770035477828032333e-02
7.230790463037048483e-06
-1.544187469164810822e-05
-8.772206108279780035e-02
7.882581898428664643e-06
-1.007658164048717492e-06
-3.122993111322673598e-02
-1.680666513566424780e-07
-7.591020061903204432e-06
-6.560146831076489604e-02
3.263253497078437720e-06
4.229512788039416812e-06
9.011823892426150395e-02
-3.627883569719367964e-07
-7.930382681903755867e-06
2.266759903062372934e-06
-7.331512705590366831e-04
1.080257389691976543e-06
-4.864347764299937120e-06
1.549663148222303103e-05
1.166203536883959756e-05
-1.972182264397005867e-03
-1.326996634416886353e-05
9.470945827235296156e-06
-1.412004843553576947e-05
-2.684023430585812605e-05
6.348594905139769498e-03
2.341018564309012477e-05
-8.260071897430509505e-06
8.255476531907256652e-06
-3.708793028511123905e-05
1.569771205953096604e-02
2.399207927590223886e-05
6.026831349823692689e-06
-2.818401560402286493e-05
4.731550134820361041e-05
-2.164633312810409702e-02
-2.652730887243866492e-05
-1.980081461258292497e-05
2.027395399601368697e-05
-3.952153179029640611e-05
1.736839227328327087e-02
2.546103654079558568e-05
1.606124658603693642e-05
-2.485776287940535266e-06
8.284343779087410540e-06
-1.280584235330290603e-03
-5.937838442024073137e-06
-2.416244620842363168e-06
2.799134726541794619e-05
-7.205572535794955427e-05
1.862582474789779841e-02
4.875982430508204936e-05
2.409432089630090534e-05
-5.076978307708439922e-05
1.469162151330496676e-04
-2.771742364088095045e-02
-1.002599299150860456e-04
-4.510325779072560674e-05
-4.620708835449745255e-03
1.457463078743521924e-05
-1.767408233741511189e-05
7.560164918188420555e-03
1.145675768152136345e-05
1.431150625575857098e-05
7.200084972132056969e-03
1.813423839848806937e-02
-6.143765989917565596e-05
7.437056991525815548e-05
-2.977368124017848103e-02
-4.660029583940421077e-05
-5.747950976109741824e-05
-2.824062450733892671e-02
-3.282634458727932796e-03
1.176305911487650779e-05
-1.436469345291507198e-05
5.413994468610718036e-03
8.727279880080975643e-06
1.052783541937708474e-05
5.109274231263047361e-03
-7.039875358476362435e-03
2.674521259785002215e-05
-3.160788171924248317e-05
1.158824607252966279e-02
1.910336153686050770e-05
2.353466700697007138e-05
1.095524116761402433e-02
3.284138102398125817e-03
-2.552110364361548811e-05
3.294924259032919184e-05
-5.385326425843320851e-03
-2.078708613518230922e-05
-1.998226651025814679e-05
-5.120405188396238462e-03
-1.392085753547277725e-02
6.716505258748254378e-05
-7.764079802862451445e-05
2.283812660217447721e-02
4.726800835462195515e-05
5.576305208693590771e-05
2.166423753263123017e-02
-7.254580927287015459e-03
4.560311790332682841e-05
-7.112427204498719658e-05
1.209557801794831043e-02
4.411445554229397541e-05
3.705995640029105439e-05
1.132329414407923750e-02
7.086632920538358041e-03
-3.938710139947914610e-05
8.268243256825945646e-05
-1.212166653743346895e-02
-4.999210928493809207e-05
-3.240737295856005511e-05
-1.108716217484504059e-02
1.805105284301187963e-06
-1.288486408808954715e-03
7.638917619094137018e-06
-9.173571722690262661e-06
1.375335900813670284e-03
3.533252844347410302e-06
9.900803194143529390e-06
1.999207301941447780e-03
4.370708950072763303e-07
-1.018245220885025229e-05
5.473202554489101264e-03
-4.772804940906591041e-05
5.043398099705012302e-05
-5.346291324528289202e-03
-3.261692228091058555e-05
-5.760749560828588254e-05
-8.467870498636842491e-03
-3.952700201185524421e-06
7.457988677095541829e-06
-2.368046001396761566e-03
3.563546727100500423e-05
-3.293791915953349939e-05
2.124935871527003015e-03
2.976939302601035991e-05
4.106379422778392571e-05
3.642151745812459256e-03
1.880438443645920047e-06
-9.972028387792496881e-06
2.376120609474906102e-03
-4.076659149052869820e-05
3.820089706595163927e-05
-2.150404666263066276e-03
-3.647466347003902343e-05
-4.727207660378758059e-05
-3.650234211779223095e-03
-1.464719704822059492e-06
-9.009283851603648033e-07
3.611151988166103742e-06
-6.956841532077867509e-04
1.824243429558633275e-05
-3.027022593001555759e-05
4.896577336358348936e-05
2.154631350929162375e-05
1.603084887258291044e-05
1.053118670193790895e-03
-7.378898946404656412e-06
-4.347732931893998409e-06
6.703494399386300782e-07
-3.392668117759196481e-06
8.218801665292676823e-04
-1.673447742162760459e-05
2.852212146275431945e-05
-8.034510443804751545e-05
-2.091018982901813708e-05
-1.487632698106559902e-05
-1.250744903534401842e-03
7.949622977361815103e-06
4.285241790176281365e-06
-2.744016835375307395e-04
6.775889413284676156e-07
-1.920078814677359606e-06
7.606635200146916447e-05
-5.589339922032702859e-06
8.332446140046742797e-06
3.245610028148926450e-04
-8.294068104773596301e-06
-6.270214562026023189e-06
-1.114051948676785339e-04
9.009837959728124833e-07
7.248124556701781870e-07
1.277718598050805066e-04
-5.991310630928976977e+00
7.677259696973295355e+00
-9.021348576676256670e+00
7.504713721318107211e+00
4.166725445899338354e+00
5.145222632005841845e+00
4.616724768501639709e+00
7.091019945077803310e-01
-3.539939622740203795e+00
7.548440076974006985e+00
1.639568899447298414e-05
-4.421683867173275065e-03
2.653181687998615869e-06
-1.788055676082193644e-05
8.589395367636509446e-03
2.516240894957968565e-05
-1.495758705324910783e-06
3.988154097780944414e-04
-5.105979701488255903e-05
3.135389621673933316e-05
-1.756327000388366658e-03
1.291121462871315170e-04
-6.469984270861684882e-05
2.626655952289140214e-02
-2.442858137691359625e-04
-1.334955287482049913e-04
6.991907802214668288e-02
-2.046667530670593900e-04
-8.007506913345851488e-05
6.925965216871921015e-02
-1.152418071576559293e-04
-5.184699088279716460e-05
2.480391688447217483e-02
-1.816768863434128358e-04
-3.555512857391570920e-05
5.162148416140135976e-02
-1.390381603230192843e-04
1.950929816843041675e-04
-7.150885630806246007e-02
5.750636008700693103e-04
3.012888785833179749e-05
1.593161711811200371e-04
2.501259619165532681e-04
2.513804872427719494e-04
3.816862534988812197e-05
-2.423990054212462846e-05
-6.685602399420346748e-04
-5.218175308163286799e-03
-1.119262365225806620e-03
-6.832634081231843978e-05
-6.993150906703858268e-05
8.868891813172656438e-04
1.030390503835005786e-02
1.468939820537248009e-03
4.854247408128294897e-05
-2.920378571936630926e-04
4.080192551984514800e-04
1.666124078766074643e-02
6.252234985517840038e-04
-7.068591099153297434e-05
4.193659238644209942e-04
8.268515438399941177e-05
-1.967521002958145734e-02
2.346143013025131182e-04
1.336930323064302315e-04
-2.682972743602245582e-04
-1.056462329812525607e-04
1.560153864537067864e-02
-2.838061271887223360e-04
-3.065136782019154961e-05
8.645918780309343665e-06
-1.792189901154070115e-05
-1.176444245371041641e-03
-1.855856954337929693e-05
-1.323064721847831525e-05
-2.234425172309799086e-04
2.774971136037385002e-05
1.689537340376114777e-02
-9.227960827970350488e-05
5.211878249701895421e-05
2.423682088161572580e-04
-2.269233344059331701e-04
-2.537520600679176938e-02
-1.357919367132585421e-04
-1.927196847195048596e-04
4.453397653687118755e-03
1.886002488608984177e-04
1.572251050210594621e-04
-6.718401691797899061e-03
2.440631929728798741e-04
1.373020688903866045e-05
-6.957595453927704898e-03
-1.749955253723853646e-02
-5.682927364528959262e-04
-3.512291828154703844e-04
2.566850437577578720e-02
-6.022205108250608440e-04
1.668179637602768239e-05
2.736706772889465483e-02
3.169144331249625860e-03
7.129951974474353681e-05
1.508460092473923607e-05
-4.523421500847464756e-03
4.286523836633494779e-05
-1.524040730523525275e-05
-4.960735413064160104e-03
6.802361740737337611e-03
1.497197087867672689e-04
2.390432291685529713e-05
-9.528623053758686692e-03
8.700133440759665504e-05
-3.540364059081654337e-05
-1.065735261423469450e-02
-3.362845865899647714e-03
-1.715641915766954518e-04
4.592891784477291410e-05
3.471768778145789200e-03
1.124621262139842458e-04
-5.034388817965534057e-05
5.435197208488270169e-03
1.363506363221119767e-02
3.639623705839337207e-04
-1.046842888324409993e-05
-1.759492576627958230e-02
5.356013298241943068e-05
-2.529481155879948417e-05
-2.152308522648031103e-02
7.382520494953984970e-03
2.793311147002220979e-04
-1.590687037537595887e-04
-8.400261432712198550e-03
-3.673850433511144939e-04
1.265123848715907174e-04
-1.188634116951373977e-02
-7.347530586584885386e-03
-1.645269337187166736e-04
3.185330062547366589e-04
8.262168888502889608e-03
7.102461429605983183e-04
-2.080284549818942226e-04
1.191657642421641364e-02
4.988756780820188691e-06
-1.177082307276845546e-03
-8.961144056629724987e-05
-1.197925495766168617e-04
8.513812242919937363e-04
-2.947730506861540229e-04
-7.468984173839722095e-05
1.833606161913015108e-03
-3.141106016462226827e-05
-3.991499778757820542e-05
5.116010537322581223e-03
2.085213179493577919e-04
4.984321251980198533e-04
-3.640298018134747321e-03
1.040253792551480705e-03
2.286301833334404272e-04
-7.899881474290994590e-03
5.967942768295399556e-05
3.662742101601840791e-05
-2.353695904163583680e-03
5.882751359864284552e-06
-2.922232202257059276e-04
1.534875874142897171e-03
-4.798082891117308913e-04
-9.936722721541496627e-05
3.571505957006861770e-03
2.027401468465540751e-05
-4.686030672911374915e-05
2.443743318447980182e-03
-3.937461035552397489e-05
3.298390462358596073e-04
-1.547079668994985960e-03
5.449932605553446793e-04
1.414024107568976512e-04
-3.693189650459474845e-03
-2.775820003063069475e-05
8.195635987002660670e-06
9.815967670955589062e-06
5.949787436658725021e-04
-5.252545367222544729e-05
-1.144215780985096900e-04
-1.862812511600367795e-04
-2.111664960125903120e-04
-3.615836105881977297e-05
-9.501419861829567444e-04
-2.355441791333255977e-05
3.197938150975707436e-06
-1.413828258169272815e-05
-9.460350108636852680e-06
-7.006498001275823740e-04
8.055877487475222322e-05
1.329272514044977749e-04
2.363702622073189695e-04
2.457659486041711820e-04
4.458988503352255241e-05
1.120214430352337769e-03
1.924109063749779969e-05
-7.421520606724785348e-06
-2.767330508533359006e-04
7.320318146813816125e-06
-1.298429924260114006e-05
9.886812756710702701e-05
2.808381055866258382e-05
4.124056074425562631e-06
3.342409577546974616e-04
-2.444118537361908205e-05
5.993721594664468632e-06
-1.352755794599736785e-04
-9.627216157911258686e-05
-8.015216910016272002e-06
1.417426934644114224e-04
-7.363288031785106824e+00
9.723676518729936546e+00
-1.129433427941440904e+01
1.053253460177174183e+01
-7.116738842141264065e+00
-8.627898699064228794e+00
7.702372931266685541e+00
3.820460899796339405e+00
4.105980095000123953e+00
-4.494602012491156762e-01
2.954693151973293297e+00
8.017646543990441188e+00
-2.654094111676790747e-11
7.104716630549708274e-05
6.449034557134706058e-12
1.335007102393942124e-11
6.626923159795844746e-05
1.111402902664981455e-13
7.079705939452171781e-11
-4.885805915749096787e-04
-2.597989897844023226e-11
1.629857672730364907e-10
-1.020068358577820708e-03
-5.725738039684097579e-11
3.047730579182857926e-10
-2.677703845059759176e-03
-1.053474170887353528e-10
-2.464198607119360620e-10
6.682459851221756245e-03
9.493902306467316346e-11
1.475374667010066044e-10
1.357591284852113431e-02
1.150959833719572072e-11
-4.617787511246758059e-10
-2.191694059980113865e-02
3.731174623332989685e-11
-3.896364619864627219e-10
-2.103500106327825525e-02
-4.579359893761971629e-12
4.684626679608837331e-10
2.891162615935972263e-02
6.649605201715770209e-11
1.009537128254344294e-10
-6.750447646882643074e-12
-2.514037300877361761e-04
2.356925632976814182e-10
-1.756085636903411376e-10
-8.317761436737184453e-11
1.016938542352093839e-11
-7.181908767371902869e-04
-2.305723436901315712e-10
1.239953015940015579e-10
8.711859807551756756e-11
-1.249764133494509396e-11
2.068223490413881489e-03
2.648212629710563123e-10
-1.162509810605125173e-10
3.468330517654496902e-10
-3.669294650082795233e-11
1.123079994796236623e-02
9.185795211974648893e-10
-5.375095537512844463e-10
-9.738670449763817575e-10
9.488642841396724302e-11
-4.175848659698037230e-02
-2.179447825606753198e-09
1.588503162668749415e-09
-1.930157179246102091e-10
1.899481129548649127e-11
-8.942698208652406777e-03
-4.018278215138191082e-10
3.194848418052479842e-10
-1.056110846420618106e-09
1.107396183004393877e-10
-5.156997669465172157e-02
-2.112355086325798735e-09
1.759430867198038938e-09
1.095925744445893553e-09
-1.200623633899076316e-10
6.173602738498295411e-02
2.041803918074158314e-09
-1.834269372785442412e-09
-5.954993240646180919e-11
4.339272283644621889e-12
-9.664179778661659628e-03
-8.247246146125196802e-11
8.816280738039693843e-11
-9.579680160625762588e-10
1.002634313294809478e-10
-7.349458962740899881e-02
-1.646862618383149478e-09
1.577239239910664235e-09
-1.287322995443485540e-04
1.097550779723243524e-10
8.830827455303850975e-11
1.142353353029633221e-05
-1.563475515911141903e-11
1.257705012716591872e-10
-1.330982097682283225e-05
-3.602221087623546942e-04
-3.099955305791412069e-10
-2.595127613520184986e-10
2.285626124494995713e-03
8.738770043716446110e-11
-4.350259008765978631e-10
1.063681315482924421e-03
3.378702460434497091e-04
-7.841630559667058410e-11
-5.987253244338466399e-11
-7.684157817087450921e-04
-6.389643270232698926e-12
-6.290195909261031149e-11
-4.279880887965937988e-04
-2.918248923986784351e-04
-9.591142479417037034e-11
-8.251227073420483938e-11
1.342617753047087303e-03
3.342111215656454733e-11
-1.558610033210131400e-10
4.827463637891183930e-04
9.584922639916871505e-04
2.343603127837479740e-10
1.883611736738737315e-10
-4.697618270930943238e-03
-6.821245688889682831e-11
4.073015630862040419e-10
-1.385003202307205162e-03
7.647493726009212600e-04
1.309160801868256279e-10
9.935534001471258799e-11
-3.777444517982153725e-03
-2.687024444109355950e-11
2.579907728216436324e-10
-9.644664185009567403e-04
1.038917285141621998e-03
1.441582004487129551e-10
7.308728791934933585e-11
-5.879895109103349185e-03
-1.366692248053538876e-11
2.628013320250371865e-10
-1.162407509015753659e-03
2.557819784050029675e-04
3.792732629836543577e-11
1.412471550547967276e-11
-1.566230382326116999e-03
-7.301208975292968108e-12
5.684592020894325696e-11
-2.822326420831161044e-04
-4.151314269267861938e-04
-6.312360919529733625e-11
-2.463075143019884615e-11
2.511257677863359874e-03
2.305036142881049307e-11
-9.548267928275621331e-11
4.685243200149165864e-04
9.324019187134812868e-04
1.468506729915164967e-10
6.335916405032142623e-11
-5.492611750480794371e-03
-1.043694287055169008e-10
2.354375336946485531e-10
-1.097875883800698317e-03
-3.307625125406226103e-11
2.929879217699677546e-02
-6.519785578342238690e-10
8.945046522878173233e-11
-3.723971314617800787e-02
-4.931455037330324079e-10
1.083946172233248547e-09
-4.459138029660757868e-02
-8.469966083472880346e-11
-7.374874118297162208e-11
2.046915007354207713e-02
-3.686057886266477909e-10
3.004704476365945064e-12
-1.944592217367508563e-02
-1.720964504004676657e-10
6.583590558955256020e-10
-3.166321989116870766e-02
4.827367718175071057e-11
6.761898887999049069e-11
-7.371930266482332357e-03
1.121924743413163784e-10
1.011354100969487334e-11
5.944927619114172279e-03
1.647015433380133755e-11
-2.034947230006737960e-10
1.131185223564737038e-02
-7.222941138505241507e-11
1.055270068268731469e-10
-8.312535573175953985e-03
1.129827999218371913e-10
1.678499401989393914e-11
6.194503326480667663e-03
-4.441330988025693659e-12
-2.008414448984054980e-10
1.263987683905314768e-02
-1.194017847524212615e-10
-1.028016456917430830e-10
9.543347854127401386e-03
-3.445990511436009124e-11
-2.955178134531127522e-11
-5.448985625688007421e-03
-2.655812213946200330e-11
1.640187271966332535e-11
-1.422001652184430066e-02
1.284870959938898925e-10
-7.321642904797963591e-11
1.722749278965895288e-03
-6.869613470678323071e-11
-3.732220572297382383e-12
-1.615529274049285098e-03
4.674059237128738260e-11
1.387282195783012836e-10
-2.592223691199164147e-03
8.379557595732093410e-11
1.455805086691527573e-10
5.564227813213733047e-03
1.533915399764542620e-10
-1.544885216474673724e-11
-2.100176677292184615e-03
-1.876547420669183462e-10
-3.537927396107814126e-10
-8.491402296824374432e-03
-1.649237406606725914e-10
3.162625032446154849e-12
3.664221056729000739e-11
-9.063769577242000459e-05
4.346315706417105416e-11
-4.168632997017544054e-12
1.348438498616406390e-06
4.322177737120778052e-12
2.390925268322410799e-11
-1.027920963381659478e-04
-9.107073912451118922e-14
-1.516481612188116375e-11
-8.074469604978723565e-12
-3.906702851755924235e-11
-2.960235557680673314e-05
-3.753054558345270112e-11
-7.796855986655449873e-13
8.724782482900144613e-05
-9.009174020134869748e-12
-2.457529223373809654e-11
2.959458644688442593e-04
9.571448290771367042e-12
6.246926375249855243e-12
1.284718946349991475e-11
4.904681872222785856e-11
6.776579646174352113e-05
3.816393285368607934e-11
6.452541635582834472e-12
-1.525112595150852337e-04
1.300933409014471715e-11
2.254394068153705465e-11
-3.750359298994383923e-04
-1.812461999665206318e-11
1.026889893074514153e-12
-2.775402103478658640e-04
3.264524209493481278e-11
8.314668860058955986e-12
3.240919826471363335e-04
3.916054424611493895e-13
7.724982383028199643e-14
3.880157522918246645e-04
1.968611905226239955e-11
-4.522285637422348435e-12
-4.945740806293630071e-04
-6.844410415351876565e-12
-2.520254543247100408e-11
1.270668393910195069e-04
-5.991392319692473656e+00
7.678146959193939303e+00
-9.024718795139216709e+00
7.518308855049765427e+00
4.183729379760897871e+00
5.178969348403319017e+00
4.664636160480968741e+00
7.187218583692320806e-01
-3.587191420966199029e+00
7.657514178698845875e+00
-1.396160565406805640e-06
4.685194485773014859e-03
-7.872462041919489480e-07
2.618239657676657721e-06
-8.663652660208513712e-03
1.430071126296773188e-06
-1.835794568956741981e-06
-1.180546410435661569e-03
-9.889583190625106870e-07
2.232867750448174820e-06
3.744951276258402274e-03
1.107903653477755836e-06
-1.410032019112969683e-06
-3.434936963686801431e-02
-3.351154728792263254e-07
1.324440861880653155e-05
-8.770036258857619171e-02
8.481266207732097705e-06
1.454722919330199662e-05
-8.772208610217151203e-02
9.433254629821572425e-06
3.582808527976139445e-07
-3.122995117224472775e-02
9.569699607717206930e-07
6.621492025529265383e-06
-6.560149989895007472e-02
4.943263023240138899e-06
-2.428920969737923552e-06
9.011829160826893836e-02
-3.482332497928703156e-06
8.177867044564312378e-06
-1.979925350757240561e-07
-7.331489274424777235e-04
-2.502913790934519639e-06
-4.435895127377910488e-06
-1.595049641805615525e-05
-1.732257772653476478e-05
-1.972191647225915098e-03
-3.465976920282836651e-06
8.686266016505260791e-06
1.421363457159033527e-05
3.369300886305366677e-05
6.348615528541827653e-03
1.154153654751405166e-05
-8.100618726921753485e-06
-9.346978298643387047e-06
3.932092514804225685e-05
1.569773763351532680e-02
2.012520214347771882e-05
4.133458289073044836e-06
3.123993997953745423e-05
-4.663057533762151062e-05
-2.164635554917609603e-02
-2.771428386243117624e-05
-1.450546959751056860e-05
-2.404642672767679450e-05
4.181041626193532932e-05
1.736840196673055531e-02
2.149684588904710654e-05
9.525967903250769263e-06
3.335423786848243319e-06
-9.284475445952577885e-06
-1.280583655371248658e-03
-4.205559589465217459e-06
-9.445764510814208787e-07
-3.486199873786215088e-05
7.825484390365560145e-05
1.862582886904062124e-02
3.802283434916860146e-05
1.219298754678324662e-05
6.444553784564936239e-05
-1.602853564397726637e-04
-2.771742225470054735e-02
-7.710408283131110437e-05
-2.141490896006451939e-05
-4.620708811482257539e-03
-1.968143488650152213e-05
1.875892838130829756e-05
7.560164715635127840e-03
9.577820319371261877e-06
5.465794071315478718e-06
7.200084982261795163e-03
1.813423831489099566e-02
8.049749657186314948e-05
-7.754242261542754091e-05
-2.977368512819356799e-02
-4.110677535304107843e-05
-2.446501275562548149e-05
-2.824062455199611438e-02
-3.282634445531685749e-03
-1.499889002150900136e-05
1.474039515158873811e-05
5.413996031443734681e-03
8.076599826047118640e-06
4.922856070776282835e-06
5.109274240517799708e-03
-7.039875331357261200e-03
-3.375420195129952386e-05
3.234794183983608903e-05
1.158824987516367429e-02
1.782165455982650764e-05
1.139399440652805720e-05
1.095524118677111171e-02
3.284138108344587456e-03
3.006572168145572931e-05
-3.447674039362866284e-05
-5.385329576483919092e-03
-1.814139471172226546e-05
-1.211058463158641741e-05
-5.120405193251488345e-03
-1.392085750105135668e-02
-8.187473224142195218e-05
7.975567840561534631e-05
2.283813680929783207e-02
4.360511495341255230e-05
3.028385105490189651e-05
2.166423756437652060e-02
-7.254580932006230928e-03
-5.489644901300702351e-05
7.376631616966505909e-05
1.209558228480799545e-02
3.953834126881436195e-05
2.096297756718404196e-05
1.132329416165929990e-02
7.086632931380351143e-03
4.775919095082003087e-05
-8.463555928254036997e-05
-1.212166856260106333e-02
-4.660921149299152304e-05
-1.790611044632614110e-05
-1.108716219770034504e-02
-5.240647687660052264e-07
-1.288486394950156492e-03
-1.239381433885704991e-05
7.646702792814952373e-06
1.375335168377459427e-03
6.177872478806295824e-06
1.664984506773139339e-06
1.999207306246739580e-03
-1.781795812305997728e-06
1.668229813485972673e-06
5.473202519516853076e-03
7.375359498947030073e-05
-5.346418264176870834e-05
-5.346288821875029226e-03
-2.736847958308276946e-05
-1.252948395477687584e-05
-8.467870519867783108e-03
1.079457943521746385e-05
-2.100577558834956338e-06
-2.368046005297283832e-03
-5.338002689377698050e-05
4.225005765355496854e-05
2.124934271067225287e-03
1.364030095628353004e-05
1.032912789891591378e-05
3.642151762137467441e-03
-7.399007256598839453e-06
3.717635749736939596e-06
2.376120618967417480e-03
6.132212519794504914e-05
-5.068849134833440149e-05
-2.150402053418463705e-03
-1.484552056574334294e-05
-1.166867578867251327e-05
-3.650234235286430994e-03
9.368368079258188234e-06
4.215680587952238806e-06
-8.195928874645676363e-06
-6.956841295486391932e-04
-2.300434160020774780e-05
3.379480401161537772e-05
4.896647572417597274e-05
1.544155260486796579e-05
7.782978534663997721e-06
1.053118627442692010e-03
5.620998215846151223e-07
1.393679741268351244e-06
-4.046264866677201934e-06
8.580945122380207116e-06
8.218801426335433074e-04
2.125051730435148327e-05
-3.236985669111081351e-05
-8.034592727499224125e-05
-1.424569986197469019e-05
-7.054317339312951419e-06
-1.250744859335020708e-03
-1.036670767338554100e-06
-1.562131951086262480e-06
-2.744020762301069500e-04
-9.664841503719057789e-07
1.740320074085468655e-06
7.606627589568985240e-05
8.224840463578047829e-06
-1.134910976691025671e-05
3.245610070957759643e-04
-3.069048219075847851e-06
-1.705421497456093955e-06
-1.114051887838547679e-04
1.212352986042827633e-06
2.243854497340855190e-07
1.277717888596367052e-04
-5.991284868915801809e+00
7.677204835145041706e+00
-9.021221128567766812e+00
7.504396464565054714e+00
4.166576859757925355e+00
5.145787460517955658e+00
4.618035974979342484e+00
7.093640987986363777e-01
-3.540932808775580032e+00
7.549760622000451171e+00
1.252310064916414877e-05
-4.600839856042740830e-03
3.078977349476373588e-05
-1.048179929565252098e-05
8.966418668297655367e-03
-6.342773167555339783e-05
-4.165598327289310824e-06
1.674740646894479202e-04
4.977004462099581515e-05
3.393032978970668103e-05
-1.414947411473760830e-03
-7.079249884698364124e-05
-6.341735679299196737e-05
2.555518801387473421e-02
1.188871856853849438e-04
-1.118651210252510192e-04
6.963145911992421611e-02
-6.412702035300631284e-05
-5.870647880401378804e-05
6.875661822936662837e-02
-4.374644342382060191e-05
-3.634872201491896068e-05
2.431767561181136239e-02
9.244576108376119936e-05
-1.775653972134099147e-05
5.078023185365745235e-02
7.821756070866848760e-05
1.472920989818393928e-04
-7.038441593058533674e-02
-2.262322649583787897e-04
-4.474907877699230583e-06
1.271847023761635991e-04
-2.760271219935605223e-04
6.426340012706555917e-05
-3.865703914080507802e-05
-1.719509626899504807e-05
-5.351174136839228308e-04
-3.245016306172682132e-03
-2.188543056761861204e-04
2.101699917279150197e-05
6.983759627275059180e-05
7.077708190875096591e-04
7.645978985799994042e-03
3.421144186224110663e-04
1.612464610581638503e-04
1.600113763543349274e-04
3.152518700950579685e-04
1.531401384563864376e-02
2.875479295439667860e-04
5.967805620845711501e-04
-1.983811958968675719e-04
7.951609122398726949e-05
-1.974875790664583700e-02
-1.961714419558372726e-04
-8.597333480958256049e-04
1.204328973542936974e-04
-8.855051364135913873e-05
1.578897682443910003e-02
1.514129418980194252e-04
6.083628798163263343e-04
-1.184911959420827938e-06
-1.655268393856671068e-05
-1.147239147193048099e-03
-1.992476086233891728e-05
-2.850163846984323537e-05
8.379233475049006354e-05
2.940648249076253910e-05
1.688081302859046826e-02
2.094495356805886794e-04
5.549877657385646288e-04
-5.985202745760266109e-05
-2.050477483553573416e-04
-2.509230691519814468e-02
-3.729340874693952293e-04
-6.867363085851451408e-04
4.514495207009672738e-03
-7.309794349077313380e-05
1.640583267194847665e-04
-7.019294852496247780e-03
-6.513979109575032352e-05
-1.463325190040276559e-04
-7.178376771205244831e-03
-1.786920675293036248e-02
1.128994144516456283e-04
-4.414825210471714861e-04
2.660452438958472651e-02
2.355328808343185097e-04
1.802454909044712002e-04
2.814638428405742687e-02
3.259902308437382691e-03
1.072901602641986450e-05
4.170083615790041672e-05
-4.649059790831047007e-03
-3.835582119152279628e-05
3.952394815929196654e-05
-5.087066014241236993e-03
7.014948152967426069e-03
4.028649040641605131e-05
8.870704115033744013e-05
-9.808846851626716601e-03
-7.919824353093715241e-05
1.149442464106122000e-04
-1.091323202105021206e-02
-3.566480070811374470e-03
-8.590476890909985264e-05
-9.199075738855758339e-05
3.417033205712922267e-03
-2.361515058197591140e-05
-2.613816115015297342e-04
5.119028873998746065e-03
1.419161609981021803e-02
1.866036155358177936e-04
2.086775819671415184e-04
-1.804307580531187144e-02
-9.143511965483895577e-05
4.780121469034519580e-04
-2.163128951688042881e-02
7.738634104591093042e-03
1.211737858967502381e-04
1.637521252458053720e-04
-8.118545455569574701e-03
4.636385892657301729e-05
5.890162102693489565e-04
-1.121133469338931807e-02
-7.663595192686937195e-03
-1.023589173452292908e-04
-1.224122052394095803e-04
7.553454047154564352e-03
-1.133576495562352889e-04
-8.705305061718267854e-04
1.083667578376150235e-02
4.552153298295597566e-06
-1.200766880419372202e-03
-1.329286622871055574e-05
-1.345860459144050246e-04
1.219139281511509142e-03
-1.520125937913769936e-05
7.459887617460680520e-05
1.926460960702821180e-03
-1.832048183076638749e-05
9.290163547074938293e-05
4.945943613165921203e-03
-8.518997269746178839e-05
4.642434445149810104e-04
-4.820442994285727839e-03
4.774943154445496918e-05
-4.215272720473485068e-04
-8.179218452098449207e-03
8.325228724574268966e-05
-1.341210383766695032e-04
-1.994960775517102408e-03
1.614316560841032983e-04
-2.100433507620676470e-04
1.963645242255527244e-03
-1.070576754292474425e-05
3.506944976233287471e-04
3.515520719588981994e-03
-5.745138901174585343e-05
1.683089936496374669e-04
1.937120752072843313e-03
-2.096086577999668027e-04
2.429063177435839753e-04
-1.999530662381787671e-03
4.660884165601137348e-06
-4.344771004001266967e-04
-3.491820932058119567e-03
7.455862828013310589e-05
-2.160022764978642194e-05
-8.356662969656074237e-06
6.784492598034097110e-04
3.517445174447770748e-05
-8.423459406412043995e-05
9.922178268517391946e-05
9.793681171587498161e-06
1.541604301346779582e-04
-9.794750902576434236e-04
2.755889159562564035e-06
3.813452492766476249e-05
2.360523695541105754e-05
8.587757391991006828e-06
-7.960425044605024024e-04
-3.746995995893542526e-05
9.364834054589159793e-05
-8.286015437523253015e-05
-9.085835887325846539e-06
-1.787424001477784280e-04
1.149941691379910164e-03
-1.512063036991637198e-06
-4.340939225206477692e-05
-2.375495568728512293e-04
-1.688161270740278524e-07
-2.298917944795756454e-05
5.934939772850048116e-05
-3.446153407158016751e-06
2.545218828430492199e-05
3.146729735101654914e-04
-1.706573862732830020e-05
-3.425698694755442220e-05
-1.202604473655443122e-04
-2.340800755761122444e-05
3.469593883603053636e-05
1.074994341905851465e-04
-7.363304551429468603e+00
9.723714624844960852e+00
-1.129430589870581869e+01
1.053235291634478266e+01
-7.116514953251757092e+00
-8.627364913201002850e+00
7.701547076753784360e+00
3.819875492617878621e+00
4.105277349250182617e+00
-4.493912125570894700e-01
2.954146866609465683e+00
8.016170198678073788e+00
4.006397086820487040e-06
4.313866590148748088e-05
-7.540887858050046817e-06
1.934244869187705116e-06
6.952660429963141038e-05
-3.466252391669082704e-06
-2.107093037858210138e-05
-3.837311114086448447e-04
3.908121856800620357e-05
-4.522838021916180025e-05
-7.899815470273113989e-04
8.406758289490780375e-05
-7.055224834185848241e-05
-2.306157620206169059e-03
1.316169375502872782e-04
4.072894860648662905e-05
6.427706424531287772e-03
-7.543821962510306191e-05
2.615575316172268530e-05
1.340563104253549888e-02
-3.919302081640409734e-05
-1.179051563087462506e-04
-2.132355662338787650e-02
1.924974265135821533e-04
-1.647070860567766072e-04
-2.018896397723131397e-02
2.844862982761869798e-04
2.319107128344762546e-04
2.765769071813490437e-02
-4.157883107626519914e-04
-3.424199462638430553e-05
-2.995040092048016471e-06
-2.905863502277589161e-04
1.053650018573840942e-05
2.566590462569912017e-05
1.075763581239241396e-04
3.231093579411264450e-05
-6.587245609398517145e-04
-7.591434618127074793e-05
-7.079051100987896156e-05
-1.178176971463623538e-04
-3.459844102175781269e-05
1.998364258414405629e-03
8.077168458849967483e-05
7.921648530625477252e-05
-1.261304187575380722e-04
-2.307298864319217270e-05
1.111423364916931146e-02
5.610792094822062120e-05
1.025334294296523083e-04
2.180383878177116622e-05
5.640832994400612338e-05
-4.202983726784287333e-02
-9.883857760675779760e-05
-3.014363635173323571e-05
-8.163971248101868405e-06
1.556654445957652406e-05
-9.036302361465587893e-03
-2.648479113620813899e-05
6.077221870747845336e-06
-1.152470612412959662e-05
1.164252332928390781e-04
-5.212785834769951415e-02
-2.071314147974625652e-04
1.684575730610333427e-05
-3.701147070792037687e-05
-1.752436598484023202e-04
6.247747220499571402e-02
3.184352834615665527e-04
1.426140363973302455e-05
7.632839382695817161e-06
2.786760845395673967e-05
-9.824945192300087171e-03
-4.934261178295600350e-05
-7.999814126293919417e-06
6.425705468991650020e-05
2.211948215595768491e-04
-7.452488923405123367e-02
-3.993197219597463565e-04
-4.404188593781270208e-05
-6.596333381972399796e-05
5.805946200872714621e-06
-3.057727631275899819e-05
3.698365551816302702e-05
7.517068818971669357e-05
1.736870859491062297e-05
8.322953334422682756e-05
-5.345818874743686350e-04
-7.489665030466987940e-06
-7.849187328333013483e-06
2.361835789430836736e-03
-3.320349475925240986e-06
-1.277331698463058480e-04
8.989581167842872591e-04
3.165677708661879058e-04
-1.705739604609986921e-05
5.429152057298891674e-05
-8.628971689767111521e-04
-1.184450723351869212e-04
1.513663915665809484e-05
-4.949013663473268883e-04
-3.174219664874125308e-04
-1.435120385618307212e-05
-2.527162238483365522e-05
1.366783125290901672e-03
5.898447172189240617e-05
-5.912323414183639516e-05
5.038784748503448386e-04
9.739231430821236428e-04
1.236733866308493588e-04
1.320017934503987258e-04
-4.834163161276192749e-03
-2.709781293160902862e-04
1.135377684076146717e-04
-1.517346147411810986e-03
7.284276218777241451e-04
1.315832653806663392e-04
1.178160670992133908e-04
-3.852970209127089610e-03
-2.425158416336082700e-04
5.962823531080986496e-05
-1.117564452013852490e-03
9.277001487887294364e-04
2.937347690820235201e-04
2.817801619364544556e-04
-6.407306718949014671e-03
-4.672158914232279222e-04
-1.029484872478169543e-04
-1.391399974513189740e-03
2.272714108922184700e-04
8.504559649577406264e-05
9.383881825554385274e-05
-1.803204866522189380e-03
-1.429857740888688922e-04
-5.553338356897395131e-05
-3.369644862167387811e-04
-3.807413225964912740e-04
-1.255022786400045620e-04
-1.573059976566031895e-04
2.930359667681386310e-03
2.475776530189741456e-04
7.716941831709307493e-05
5.627147332052007296e-04
9.127526608493563218e-04
2.177642432837470000e-04
3.694255359390797851e-04
-6.555842820234586941e-03
-6.268635037474385840e-04
-9.198995240008857961e-05
-1.339546779177313001e-03
3.650090794807668180e-04
2.920597833253321673e-02
2.645169958460866233e-05
7.480801925573226871e-05
-3.874108368025616644e-02
4.991072982089603911e-04
-3.491333722318094011e-04
-4.547030410681842522e-02
-4.227167624721945227e-05
1.138413258266571688e-04
2.056099544533020532e-02
1.106444421271093950e-05
2.224370461026132888e-05
-1.966475883952285147e-02
-1.443072175844173203e-04
1.454235545364060997e-04
-3.199198349725218549e-02
-1.567201072321685831e-05
-2.838419828180092564e-05
-7.392264424210163477e-03
-3.009390289441188978e-05
-5.456959098033645081e-06
5.965830640073719812e-03
1.331113570192588220e-04
-9.933460604810636111e-05
1.148978915313951001e-02
5.724698045458348174e-06
-3.098534068314803586e-05
-8.314518348175214263e-03
-5.518964290790290918e-05
-5.802078643218684881e-06
6.232295728959856562e-03
1.813899385695035373e-04
-1.214232924144587012e-04
1.291441511195472527e-02
7.031371111754490419e-06
7.819557445161432114e-05
9.451611224116534746e-03
1.300715279835759359e-04
5.764003982018000086e-05
-5.696726227918418560e-03
-2.916803110967957843e-04
7.043153600452413507e-05
-1.467471533415439823e-02
-2.633731893018458127e-05
-1.860744405447941203e-05
1.733391718619011878e-03
4.133007632534201460e-06
-2.960033389931332722e-05
-1.556309364073319530e-03
-1.867590550022758784e-05
6.639169370863188787e-05
-2.686017295494452003e-03
6.900196466015875210e-06
1.392409172851732761e-04
5.502186780458158226e-03
9.045452459745119791e-05
1.502714967574848360e-04
-2.440480013241612747e-03
-2.455488608180788203e-04
-1.025183349559874901e-04
-8.564599775405915688e-03
-4.436600851603728307e-05
-2.342594915936543009e-05
-3.286114757183697551e-05
-3.778067317214336149e-05
-1.863496965043908251e-05
-6.068063713056887954e-06
3.780932260271136652e-05
2.414369469128109221e-05
1.450006398312741725e-06
4.233736410169718165e-05
3.914409420684854967e-05
-6.147395969481017191e-06
4.823486602274045779e-05
6.798902028960498664e-05
-4.443475723687329145e-05
-1.156797008145763351e-05
4.804070535165250026e-06
-1.727999841152582619e-05
-2.118110067001773142e-06
1.468951372864899787e-05
1.054253190712496472e-04
-4.107013496888471302e-05
-1.877329915640457873e-05
-6.722434190350452365e-05
-8.472236453358537140e-05
7.301659548369592956e-05
3.845964010508154840e-05
-5.907068516033920583e-07
-3.203708583683769710e-06
-1.599906487654838175e-05
-1.550314866336561148e-05
-1.741412063931939837e-04
4.028118543949999429e-05
3.175653850165022544e-05
-2.910777855072508159e-04
3.484017483081499830e-06
-2.590512675435630252e-05
2.893531251874390344e-04
6.959365568509700650e-06
-2.414242097478268929e-06
3.995961326714114010e-04
-5.711393340753455339e-06
-2.945534017758909894e-05
-4.533850553919050353e-04
-5.695725527729395644e-07
8.812956728624686474e-07
1.339435282032068149e-04
-5.991392351166911823e+00
7.678147107807066440e+00
-9.024718202855703808e+00
7.518307242887339648e+00
4.183728380230123278e+00
5.178968620869520478e+00
4.664636224797133579e+00
7.187219358982084305e-01
-3.587192106948116965e+00
7.657516526187214900e+00
-1.743024481914462331e-07
4.685385545382765235e-03
-1.624351799081596190e-06
2.723234723485197407e-07
-8.664286996007001043e-03
2.885055824485287165e-06
-1.760876972025956904e-07
-1.179705044677788672e-03
-1.949595717244377438e-06
1.041680483979311409e-07
3.743309316896059526e-03
2.047800970216154793e-06
3.172303396181725871e-07
-3.434524093839717851e-02
-3.056543432330374171e-07
2.690064080612264656e-06
-8.769716589759384007e-02
1.761163718803000517e-05
3.014707796117483919e-06
-8.772194233208012448e-02
1.889111483311347974e-05
7.197217159421027236e-07
-3.123079729647901259e-02
1.099155428209326712e-06
1.950902175252648945e-06
-6.560268015944507869e-02
9.111617591340952045e-06
-2.202098478879049777e-06
9.012008179205475977e-02
-4.916616603654804592e-06
-2.570107641517170202e-06
-2.870225681838500304e-06
-7.395435372378759888e-04
-4.952078641804574902e-06
4.236109096200517205e-06
4.372500546096758407e-06
5.590267850972683217e-06
-1.955819638581181991e-03
-8.011475905952856609e-06
-5.872035439582591143e-06
-3.064909455366072997e-06
-5.663878083993897772e-06
6.328845424526277456e-03
2.537499232431282689e-05
1.782957899276360355e-06
4.628860407831879428e-06
9.086736231261168630e-07
1.569148171810267126e-02
4.352040737612486172e-05
-1.306326684935600229e-05
-1.065962721479870656e-05
-6.373012185332049046e-06
-2.165122988928344649e-02
-5.994239786210884185e-05
2.772686098551850514e-05
6.635669831025395943e-06
3.183744174298939156e-06
1.736751472833645074e-02
4.763417153834248875e-05
-2.363424131619771122e-05
-6.190983285863343127e-07
-2.843873776389893024e-07
-1.279552516046412406e-03
-9.295911893261395276e-06
3.992440502702353634e-06
8.177723394306602651e-06
4.666577916972749014e-06
1.862167948109463844e-02
8.408218126872602123e-05
-3.729532351353495237e-05
-1.390975138645250517e-05
-9.630676666190134147e-06
-2.770919202563600428e-02
-1.703393013177474289e-04
7.096348952961547066e-05
-4.619159207113695403e-03
3.803535387765925121e-06
1.993658405118008059e-06
7.561807985275941814e-03
1.965472359946658873e-05
-2.020525224050352285e-05
7.203347808502015039e-03
1.811759057041140500e-02
-1.636621193885713212e-05
-9.199691803363977048e-06
-2.978384972098931105e-02
-8.779465126061479312e-05
8.045319390475054303e-05
-2.826853486141532590e-02
-3.277825043968716958e-03
3.182578759004281704e-06
1.917413932713807143e-06
5.416515358659021971e-03
1.783667670147508460e-05
-1.459598096894223107e-05
5.116879175961100250e-03
-7.028302206392739865e-03
7.300439358759826945e-06
4.293026311361925810e-06
1.159405947032625742e-02
3.984569034813397316e-05
-3.254807357573152020e-05
1.097333486763419491e-02
3.285634726375388608e-03
-7.812196225202120377e-06
-3.660131896156464337e-06
-5.388607894159743762e-03
-4.334693579680091774e-05
2.663466284033181246e-05
-5.118613595073594723e-03
-1.389923013409608520e-02
1.919195101827849448e-05
1.022781400461434973e-05
2.285139314436837252e-02
1.015599639651363321e-04
-7.605563211391655129e-05
2.169780411986757876e-02
-7.265034910407439615e-03
1.417400514938362725e-05
8.245145840870367329e-06
1.210271859772636856e-02
8.868265931356679780e-05
-5.089617111062688345e-05
1.130852135134678173e-02
7.112613707522392505e-03
-1.314586154135184217e-05
-1.022430885544709123e-05
-1.213029729623899163e-02
-9.798189379837062528e-05
4.681573975605087483e-05
-1.104851376464406100e-02
5.623012872901471218e-07
-1.284032095623310757e-03
3.274052401046654727e-06
6.256156362399538047e-07
1.376814528406659216e-03
1.027360618002871204e-05
-9.263838060647162532e-06
2.011864840873311445e-03
-9.868743960252703350e-08
3.168862564224369814e-07
5.436802614730783766e-03
-1.019528079968004373e-05
7.582338779022867750e-07
-5.346157471964566206e-03
-6.599503721965645523e-05
5.552542343581502433e-05
-8.542261159086652483e-03
3.591934344171978538e-06
2.222790688629214555e-08
-2.338016072645255749e-03
2.846842616411982856e-06
-4.078842828431226752e-06
2.117030158999617939e-03
4.706054209033368131e-05
-4.035525334514635730e-05
3.694238854378864827e-03
-4.253723566405476122e-06
-1.051654078660322844e-06
2.343756758467754973e-03
-2.959490908630486696e-06
6.220733033082749483e-06
-2.136645356443281959e-03
-5.229579857211768027e-05
4.668785750275068638e-05
-3.707063309698061492e-03
6.017744381643544242e-06
-2.578843613846513193e-06
1.106924987081900770e-05
-6.745363470725946166e-04
5.136825541837539295e-06
3.700335548530718820e-07
3.832614129890080112e-05
2.484408070978795841e-05
-2.689424841381821615e-05
1.083259401257003146e-03
-4.428899991136896334e-06
2.997209605740665811e-06
2.318515097537694755e-06
-1.114149687139382897e-05
8.015395838817008936e-04
-4.807079034178936629e-06
2.456583295434372451e-07
-6.879051670720359149e-05
-2.240711225625269506e-05
2.551773114575165224e-05
-1.280156198432730059e-03
4.043354959814700741e-06
-3.188237947454987067e-06
-2.742429781402690387e-04
-2.448846877123030545e-08
-3.030443432570181743e-06
6.983475034659942507e-05
1.238799273081830488e-06
1.302335044504100299e-06
3.298466214438711477e-04
-8.429559978277655731e-06
5.894247647048994904e-06
-1.164613777530943165e-04
3.755197401596470283e-06
2.821335675213270950e-07
1.240697917789532819e-04
-5.991310631214412652e+00
7.677259697908541014e+00
-9.021348575798098679e+00
7.504713717927499417e+00
4.166725442791388012e+00
5.145222620546774372e+00
4.616724745054001211e+00
7.091019892574400574e-01
-3.539939599764561518e+00
7.548440033290423123e+00
-1.049554569543203338e-05
-4.421684990317224437e-03
1.287252599675347208e-05
-1.285104100676347162e-05
8.589398468126018676e-03
-2.806627146138734714e-05
4.496686523333898525e-05
3.988112788235538184e-04
2.423432715237020890e-05
-1.274911861199955036e-04
-1.756319608807179692e-03
-3.740246274613241321e-05
2.439069199055109291e-04
2.626653843246043799e-02
6.610972552893532451e-05
2.439931948918387173e-04
6.991905280862426020e-02
-1.327942347141248851e-05
1.398389126108792941e-04
6.925963374230102720e-02
-1.172792904948813810e-05
1.832600894463591232e-04
2.480391694659546051e-02
4.593727039427420209e-05
1.381875457445368659e-04
5.162147508924528477e-02
3.872633489430923252e-05
-5.955655628963787539e-04
-7.150885528371850319e-02
-1.185752385311207948e-04
1.799072042729021387e-05
-2.973598462227896189e-04
2.501331020246868068e-04
1.228190682223986413e-05
-4.517681264777795725e-05
-4.705373281889223660e-05
1.303589101338055315e-03
-5.218194909228565485e-03
-1.936038840074996511e-05
5.515655545337287051e-05
7.700724909266691987e-05
-1.715582626142169147e-03
1.030393196979731071e-02
3.360111701533136314e-05
3.628933539793147828e-05
8.480592020732732818e-05
-7.454679128467010980e-04
1.666125604376920977e-02
4.074566603297367689e-05
2.882530086001220044e-04
-9.390383047857392938e-05
-2.445253833865421796e-04
-1.967521302076448084e-02
-4.570144841152421557e-05
-4.300261543133472217e-04
1.076051251475290828e-04
2.986068524430258693e-04
1.560154242460999076e-02
5.041161032329234806e-05
2.476768570931129048e-04
-1.578109991484619257e-05
2.503312765978507221e-05
-1.176445156342359336e-03
-6.241566522980124681e-06
-8.722047455022426228e-07
1.568587375479583979e-04
6.604200689642431119e-05
1.689538074605420603e-02
7.017254067355148102e-05
1.674464415590706074e-04
-2.880859912660188571e-04
2.310604506012570994e-04
-2.537522110890996774e-02
-1.286263986204140054e-04
-1.135357002161791097e-04
4.453397693829080559e-03
-8.240982268559028201e-05
-2.899775356887572065e-04
-6.718400809686033738e-03
1.412928969002482998e-05
-1.701974219694932255e-04
-6.957595473543400251e-03
-1.749955266663042949e-02
2.985949482036138330e-04
6.971530892061631249e-04
2.566850067871423446e-02
-3.062811326319243257e-06
4.838138272545983577e-04
2.736706780390928823e-02
3.169144349334872268e-03
-4.884867612503088544e-05
-4.466473108560438626e-05
-4.523420767251326059e-03
-8.369057787211260524e-06
-5.412675284086341024e-05
-4.960735425962802328e-03
6.802361777477019221e-03
-1.055210240113136434e-04
-8.729762157874313517e-05
-9.528621638699526566e-03
-2.279910629434808917e-05
-1.119587419453977803e-04
-1.065735264268249417e-02
-3.362845858533892573e-03
4.218327104396089525e-05
-1.203594935901268508e-04
3.471770751117277641e-03
-1.645532202336236300e-05
1.737507008339200538e-04
5.435197193980121147e-03
1.363506367677381169e-02
-2.038884831952245244e-04
-4.115038622998302476e-05
-1.759492551994648601e-02
-3.584642153027019793e-05
-3.025522904660998347e-04
-2.152308526444486961e-02
7.382520495649014941e-03
-3.010323130985068790e-05
3.976990717947284757e-04
-8.400263671946423677e-03
4.593471362014775374e-05
-3.051635919838047552e-04
-1.188634112535130564e-02
-7.347530586506206135e-03
-9.789387561198732810e-05
-7.743576530581076315e-04
8.262169909589247435e-03
-7.926511049703169819e-05
2.464983143617361836e-04
1.191657633674341257e-02
2.470838800126559187e-05
-1.177082327158639674e-03
-1.987749897794506584e-05
3.151772109776487980e-04
8.513821081610451445e-04
4.364312254461157243e-05
1.149506442688361726e-04
1.833606158394853651e-03
2.002595601990735187e-05
-3.172633436752902677e-05
5.116010590779617763e-03
9.373848658590599699e-05
-1.150102242644519346e-03
-3.640299405582304339e-03
-8.847199548663072367e-05
-2.948995624977179429e-04
-7.899881352199371320e-03
-6.440730716843280136e-05
-3.587157033069295374e-05
-2.353695901185145871e-03
-8.899573996222885793e-05
5.616377829748774551e-04
1.534875693977455578e-03
-1.316857949016282042e-05
4.458887183491325759e-05
3.571505805374985878e-03
2.158339087349265737e-05
4.746951375900285169e-05
2.443743300213246147e-03
1.421452228534022784e-04
-6.368975415163126777e-04
-1.547080000664924869e-03
1.315235820122846168e-05
-3.660166830379442930e-05
-3.693189453900777575e-03
-2.670325548779589565e-05
-1.328263414953252685e-06
1.549074933910297731e-05
5.949787366847500078e-04
-5.051353006672876651e-06
2.400863829644321709e-04
-1.862811407131705272e-04
6.491337866462579872e-06
6.356757442359306563e-05
-9.501419720856253692e-04
2.027807039841399779e-05
-8.696604460157863613e-06
6.418428603125496325e-07
-1.193310814594405924e-05
-7.006497965733054925e-04
-1.663398382878136301e-06
-2.793032332261097088e-04
2.363701993315914230e-04
-7.764696465235441014e-06
-9.206090120350237695e-05
1.120214417575976420e-03
-1.781343838034640120e-05
1.595487971856041884e-05
-2.767325284826406442e-04
-1.060146470855424621e-05
8.986624400664087109e-05
9.886805877155511665e-05
-8.851124244556639678e-06
1.910473892210103638e-05
3.342409281840837631e-04
1.579221575991436387e-05
-2.731821299528874956e-05
-1.352755583500871617e-04
3.689137819710125020e-05
-2.331966145709363182e-06
1.417424662290765985e-04
-7.363304551364895367e+00
9.723714624711892185e+00
-1.129430589928135653e+01
1.053235291898082870e+01
-7.116514956586212470e+00
-8.627364921004311071e+00
7.701547091635217335e+00
3.819875503998598099e+00
4.105277360965910560e+00
-4.493912138368679754e-01
2.954146875537699390e+00
8.016170225995193022e+00
-8.533827438971238618e-06
4.313862779287280119e-05
3.007754213478304635e-07
-3.968966714133925850e-06
6.952683405263394921e-05
5.804818441172705595e-08
4.438085766386664938e-05
-3.837315131902420406e-04
-1.292612341995975327e-06
9.541900492865725686e-05
-7.899823325273558567e-04
-2.864771877239040350e-06
1.492600290151335210e-04
-2.306157230963959848e-03
-4.708240397685495277e-06
-8.569611240085603886e-05
6.427701594206777606e-03
2.446679155134296327e-06
-4.701974572797070585e-05
1.340562513172375257e-02
-3.054687336458813147e-06
2.256594757079170301e-04
-2.132355293525242668e-02
5.859294490770653532e-06
3.287252157031092178e-04
-2.018896268071754610e-02
3.965366773817649942e-07
-4.760377356083927850e-04
2.765769035307259760e-02
7.054726705118107072e-06
-5.106395244669028171e-06
1.062213343366122606e-05
-2.905835586709174358e-04
-2.674216454496032580e-06
-4.248768969533937498e-05
7.518286123224009122e-06
-8.189895110103982505e-05
-6.587291761155742061e-04
9.974839936230574871e-06
1.285592818118647107e-04
-9.694732911974449747e-06
8.724924252199679276e-05
1.998368790737765129e-03
-1.042243032356312734e-05
-1.416415046052053525e-04
-2.573160151475962384e-05
6.012634178432324191e-05
1.111423882314020381e-02
-8.071147359786593820e-06
-1.604997573734627829e-04
1.520381080112231042e-05
-1.137984581944332790e-04
-4.202983981858132712e-02
5.658495039575128822e-07
3.395732651371875240e-05
-1.180936954063931718e-06
-3.071932908564402488e-05
-9.036302380251177296e-03
-2.390662071770718550e-07
-1.010824042258143935e-05
-8.825928407682755869e-06
-2.375913494293503865e-04
-5.212785763107458809e-02
2.736174776543426411e-06
-1.840037585781037678e-05
6.154413043651950127e-06
3.633926319186299783e-04
6.247746875819941426e-02
-7.449920717790541887e-06
-3.918693809559442381e-05
3.111653491983872131e-06
-5.666567315641976652e-05
-9.824943212826738048e-03
5.371681528551519748e-07
1.061031878198584653e-05
6.013370310671083001e-06
-4.564166429667460500e-04
-7.452488036481311195e-02
8.097724662392884675e-06
7.767213626700042093e-05
-6.596337690606006486e-05
-1.794436534777325073e-05
8.038844552411308875e-05
3.698402663220398028e-05
-1.110455693725629133e-05
-3.656292982456834723e-06
8.322954212554822785e-05
-5.345817621444658206e-04
1.143638947016904230e-04
1.048794612580290160e-06
2.361837429313803135e-03
8.457517280626384172e-06
5.738037535946973952e-05
8.989581019802698721e-04
3.165678026413504308e-04
-4.580231127547655655e-06
-1.297222409045118634e-04
-8.628982384393738946e-04
1.220463028277088591e-05
-2.234040759114357857e-05
-4.949013718293311702e-04
-3.174219236905649762e-04
5.837744623971527784e-05
6.371775611297001882e-05
1.366784429168095821e-03
-7.606457324435782914e-06
1.713310269463594741e-05
5.038784777671861947e-04
9.739230324564414169e-04
-1.601623376853231878e-04
-3.006745801986166508e-04
-4.834167201344162154e-03
2.117242395225225107e-05
5.033544673284093068e-05
-1.517346177719448245e-03
7.284275494441289989e-04
-1.174306289282915590e-04
-2.689327635444077060e-04
-3.852973358972563902e-03
1.922640918715217098e-05
8.414037836142062188e-05
-1.117564487866786393e-03
9.277000939196777514e-04
-5.771083721791895579e-05
-5.455107563757375690e-04
-6.407311303119923862e-03
-1.042059018155072523e-05
3.058560356271424786e-04
-1.391400046112094497e-03
2.272714055001091578e-04
5.570636947357303863e-06
-1.707486808765084935e-04
-1.803206029501195663e-03
-9.773862752144691984e-06
1.014183305603516848e-04
-3.369645051070879185e-04
-3.807413156715378790e-04
-4.079726915679520744e-06
2.930614598458162155e-04
2.930361336077346758e-03
1.244209598551074054e-05
-1.472728559480177815e-04
5.627147600712470096e-04
9.127526488208273243e-04
-2.921603189699605057e-05
-7.275922721755512983e-04
-6.555845417847298677e-03
-6.500059840374101247e-06
2.345843136449212081e-04
-1.339546821190358821e-03
-2.191128069737312311e-04
2.920597843923446180e-02
2.891327611746098290e-04
3.948360663893208788e-04
-3.874106524635580889e-02
-3.143398960730384292e-04
1.974768134697750250e-04
-4.547030471786007999e-02
-2.949713644196305315e-04
-7.049314962496052415e-05
2.056099543517429101e-02
-1.314725295630269112e-04
-1.360954016798952143e-04
-1.966475698940049754e-02
5.288976881059523192e-05
-6.312849727438453484e-05
-3.199198359448143791e-02
-9.075348122329523798e-05
1.914998594771181556e-05
-7.392264402620096937e-03
1.010731797894111821e-04
1.180062885687022535e-04
5.965831321094175119e-03
-6.182978338209204510e-05
2.360488285921637003e-05
1.148978916105997290e-02
2.171905963164711361e-05
2.158226310060803625e-05
-8.314518316621107713e-03
1.327504108100653829e-04
1.599893550556906615e-04
6.232296947374716886e-03
-8.567021300328978180e-05
1.291569663868165627e-05
1.291441512448972435e-02
2.331835330514179811e-05
-6.190680653928024089e-05
9.451611187376907780e-03
-1.260312443970652212e-04
-2.814225837568397185e-04
-5.696728601014557428e-03
9.592235027156460899e-05
7.742943891918729806e-05
-1.467471539219379270e-02
-5.455065263224579655e-05
1.527928149571947559e-05
1.733391700644794494e-03
-5.956335383065745350e-05
-1.373694000319833201e-06
-1.556309702267761165e-03
3.497265333860999554e-05
-2.961631207871090848e-05
-2.686017284161245928e-03
1.266447207250193135e-05
-1.080421434915211621e-04
5.502186807115923631e-03
4.355611871122493323e-05
-2.877871193810872786e-04
-2.440480669674922800e-03
-7.364769246668118223e-06
1.295943808127741296e-04
-8.564599853044092825e-03
-9.840330010622422698e-05
1.703672743094740175e-05
5.033040564856684827e-05
-3.778072082993399854e-05
8.061819521771899032e-06
2.394310138336917251e-05
3.780948687225074386e-05
-6.816710745242923763e-06
-1.686339503409339954e-05
4.233734549815041867e-05
8.886667054218393152e-06
-1.721380725145127839e-05
-7.859258133931953014e-06
-6.956234997667284123e-05
-4.443472354369698395e-05
-6.937580263208514474e-06
-4.236387006988730003e-06
-1.728020922743718490e-05
-3.101440043811835506e-06
-1.736288594543383712e-05
1.054253339373496703e-04
-3.834524966048721611e-05
5.115930491222311775e-05
6.110201980985587576e-06
7.724578325874803173e-05
7.301656691191944727e-05
-5.803619318945929753e-06
-1.356022751792490912e-05
-3.203504036478641102e-06
8.511166675982491576e-06
4.105856831495881276e-05
-1.741412217117125727e-04
5.323122208944318237e-05
-7.409629020330777197e-05
-2.910777904685760034e-04
-2.505199762084421176e-06
1.245931424162160081e-05
2.893531242868246532e-04
2.202939386891249985e-05
-3.739108932918321906e-06
3.995962804939303835e-04
4.946516458425263242e-06
2.075464458512923493e-05
-4.533850373858209441e-04
2.271927479793371348e-05
2.576541210273476456e-06
1.339435431638239785e-04
-5.991392319908530162e+00
7.678146959892851342e+00
-9.024718796008258437e+00
7.518308858073742940e+00
4.183729383541900937e+00
5.178969350446531728e+00
4.664636155109008087e+00
7.187218564903826712e-01
-3.587191410316437068e+00
7.657514149779797386e+00
1.631590583785010241e-08
4.685194290128917582e-03
1.602698431977661148e-06
-7.065659447618642981e-08
-8.663651324769705564e-03
-2.982448148512031185e-06
6.136830729340910200e-08
-1.180550540788619877e-03
2.084514451712910066e-06
-1.568495746955908097e-07
3.744958980097021824e-03
-2.487996303503587319e-06
4.143325853453529997e-07
-3.434939606575426047e-02
1.390048070361875897e-06
7.220920780840032187e-07
-8.770039689967620844e-02
-1.570856854444282720e-05
8.953001721689408455e-07
-8.772210308854257177e-02
-1.731337162804860795e-05
6.495162620336041280e-07
-3.122994438190239419e-02
-7.884894454025707122e-07
9.699302915267885311e-07
-6.560149961370009830e-02
-8.205124372290937513e-06
-1.801013750657695781e-06
9.011827713598594136e-02
3.843819388650771147e-06
-2.472896942684983679e-07
-2.068715692816347009e-06
-7.331465405510489671e-04
1.423219880652941591e-06
9.300047336730222529e-06
4.524440377921054281e-07
5.660189813890024772e-06
-1.972196705824923527e-03
1.673338074242810186e-05
-1.815552421432828882e-05
-9.098375190848688099e-08
-6.852124770885964985e-06
6.348618177184382066e-03
-3.494736587345330191e-05
1.635754690139846576e-05
1.094310363751681234e-06
-2.232331178592717674e-06
1.569773211155466031e-02
-4.411329185619812700e-05
-1.016380648751780937e-05
-3.058263437954467897e-06
-6.854336902031771138e-07
-2.164634631942109755e-02
5.423886113665446138e-05
3.430931581101005361e-05
3.773694403370888724e-06
-2.288671338898252820e-06
1.736840043237385112e-02
-4.695660470117436292e-05
-2.558883312936344396e-05
-8.496970275099987564e-07
1.000129560993995746e-06
-1.280584943567381322e-03
1.014334917045390738e-05
3.360886252845965663e-06
6.871778126105835562e-06
-6.198953007464937828e-06
1.862583473687291075e-02
-8.678147131178706448e-05
-3.628879295115629039e-05
-1.367722766246805163e-05
1.336896686329545525e-05
-2.771744081025047726e-02
1.773624190491742130e-04
6.652008899874444327e-05
-4.620708813875443015e-03
5.107239364691110335e-06
-1.084764237303174212e-06
7.560167673418743094e-03
-2.103462696402373655e-05
-1.977795531503898638e-05
7.200084968879675099e-03
1.813423831071868733e-02
-1.906160691978147002e-05
3.171527467047372271e-06
-2.977368939502319373e-02
8.770698194411915931e-05
8.194711849677144321e-05
-2.824062450697846852e-02
-3.282634442316279509e-03
3.236166082408422374e-06
-3.756420149428767311e-07
5.413995420349888149e-03
-1.680380644537264403e-05
-1.545116848025273725e-05
5.109274233584726668e-03
-7.039875323263603511e-03
7.009693306260361046e-06
-7.399328769124034951e-07
1.158824806060705821e-02
-3.692486116421640806e-05
-3.492967132271303346e-05
1.095524117287129638e-02
3.284138087557837964e-03
-4.544807528780198107e-06
1.527466590272414184e-06
-5.385325721197151312e-03
3.892838635673911323e-05
3.209316334759930098e-05
-5.120405189178880642e-03
-1.392085746739057765e-02
1.471091699163384360e-05
-2.114654507516171810e-06
2.283812933940696649e-02
-9.087280105946640664e-05
-8.604873470938569687e-05
2.166423754259045806e-02
-7.254580894347038324e-03
9.293815699375417865e-06
-2.641970491790931911e-06
1.209557505435641944e-02
-8.365255094272781844e-05
-5.802367462086721568e-05
1.132329414205829679e-02
7.086632890122090446e-03
-8.372514629430379462e-06
1.953076667364632592e-06
-1.212165977765599680e-02
9.660098862220757999e-05
5.031411530476619592e-05
-1.108716216481313126e-02
-1.281069813861577965e-06
-1.288486405850573129e-03
4.754986424587021879e-06
1.526882109618062311e-06
1.375335435252646741e-03
-9.711223596037144853e-06
-1.156595381020807178e-05
1.999207317143873470e-03
1.344760405519515872e-06
8.514375415505504634e-06
5.473202575766850791e-03
-2.602596251023869229e-05
3.030139998571472847e-06
-5.346289382499584686e-03
5.998575293060551353e-05
7.013766972428888064e-05
-8.467870550594761361e-03
-6.842073895764988446e-06
-5.357511345305822857e-06
-2.368046036158299398e-03
1.774473942802218718e-05
-9.312107389323977160e-06
2.124934312836672997e-03
-4.340985346911869868e-05
-5.139320253667290606e-05
3.642151767136979964e-03
5.518691375947754421e-06
6.254512417916789121e-06
2.376120651342639341e-03
-2.055570111500826651e-05
1.248756133369299398e-05
-2.150402201579665329e-03
5.132037761741574026e-05
5.894102908945049051e-05
-3.650234236521414030e-03
-7.903787117365847288e-06
-3.314832936233504590e-06
4.584731625874403300e-06
-6.956841551315610418e-04
4.761916066336951967e-06
-3.524580421393915761e-06
4.896759212629479439e-05
-3.698801252298496725e-05
-2.381383503200355223e-05
1.053118628320836355e-03
6.816836523156552157e-06
2.954083782945206661e-06
3.376017769704502639e-06
-5.188234845426967944e-06
8.218801704214351951e-04
-4.516042563939677141e-06
3.847740598167243811e-06
-8.034688052499882704e-05
3.515605881289109440e-05
2.193064228097939348e-05
-1.250744863531582426e-03
-6.912981585566497474e-06
-2.723150150134512899e-06
-2.744020390042848615e-04
2.889365025203526238e-07
1.797680976142357421e-07
7.606633861864901672e-05
-2.635478362939893248e-06
3.016668857127447392e-06
3.245608996989530841e-04
1.136317021144579804e-05
7.975607805227732185e-06
-1.114053343719393924e-04
-2.113331331244268204e-06
-9.492098371631196514e-07
1.277717786953010777e-04
-5.991310630891070410e+00
7.677259696140129819e+00
-9.021348574085923389e+00
7.504713712619815347e+00
4.166725436042137076e+00
5.145222612065362355e+00
4.616724739232521024e+00
7.091019885561136160e-01
-3.539939595096501357e+00
7.548440019089853514e+00
-5.900158741730897960e-06
-4.421684691609248548e-03
-1.552563416367558035e-05
3.073162377165744894e-05
8.589397578984596729e-03
2.903748356126939226e-06
-4.347104489171795157e-05
3.988139376642183291e-04
2.682509615255337219e-05
9.613718752773847318e-05
-1.756324011662197546e-03
-9.170906144142623229e-05
-1.792066072073169843e-04
2.626655204538296678e-02
1.781733283629898510e-04
-1.104969148585021536e-04
6.991906448483140024e-02
2.179417645664959494e-04
-5.976325829482391461e-05
6.925963704865167880e-02
1.269661874656403456e-04
-1.314129823493626569e-04
2.480391677830605726e-02
1.357388551465311900e-04
-1.026320630715421594e-04
5.162147530024431552e-02
1.003095983584178044e-04
4.004722297770413309e-04
-7.150885591442311673e-02
-4.564860936854862146e-04
-4.811948856395883192e-05
1.380435528894044181e-04
2.501216816858011362e-04
-2.636618656979717993e-04
7.007869761279170371e-06
7.129269115671479484e-05
-6.350283278597115399e-04
-5.218157873513632264e-03
1.138620173172452199e-03
1.317240873977498254e-05
-7.073991344768990186e-06
8.286925602503437439e-04
1.030388050849860397e-02
-1.502536420215709080e-03
-8.483670143587586658e-05
2.072338933777579468e-04
3.374478749672954448e-04
1.666122164023146543e-02
-6.659647603746984357e-04
-2.175726481066625993e-04
-3.254637824558145615e-04
1.618407414773066733e-04
-1.967519927685499811e-02
-1.889161271776208296e-04
2.963380115776028572e-04
1.606930665774629720e-04
-1.929608661101580084e-04
1.560153082064837278e-02
2.333961444395381832e-04
-2.170282287772815934e-04
7.135143951408482874e-06
-7.111218613814039596e-06
-1.176443611272266418e-03
2.480007885547895309e-05
1.410298456699502192e-05
6.658462102886475193e-05
-9.379194558505110689e-05
1.689536480030858628e-02
2.210852655003755249e-05
-2.195678533848618476e-04
4.571669450557438872e-05
-4.136819875587917235e-06
-2.537519308042859162e-02
2.644164835994086303e-04
3.062589633207690276e-04
4.453397690047261950e-03
-1.061907418389287309e-04
1.327524102164803375e-04
-6.718403221395614910e-03
-2.581925941056450752e-04
1.564679755400044951e-04
-6.957595480356363639e-03
-1.749955264447585271e-02
2.696991088560972394e-04
-3.459239292352155092e-04
2.566850880721515196e-02
6.052839724641413026e-04
-5.004988226483698260e-04
2.736706784504457091e-02
3.169144343793071743e-03
-2.245109863799748813e-05
2.958015391772451445e-05
-4.523421980198531409e-03
-3.449634054353118936e-05
6.936778197894107457e-05
-4.960735436288147074e-03
6.802361766346839110e-03
-4.419922948142441090e-05
6.339335430595865746e-05
-9.528624047344343151e-03
-6.420257624268228000e-05
1.473637057427304691e-04
-1.065735266540341654e-02
-3.362845849749649275e-03
1.293811030057004320e-04
7.443050842734141035e-05
3.471768414700211747e-03
-9.600661165492015571e-05
-1.234072604363140545e-04
5.435197192793242427e-03
1.363506365486441378e-02
-1.600748993610268535e-04
5.161897190017216460e-05
-1.759492697697827637e-02
-1.771444955299702166e-05
3.278495562778122366e-04
-2.152308530144965426e-02
7.382520468805633257e-03
-2.492283136237797713e-04
-2.386302256507775879e-04
-8.400260715147237975e-03
3.214499278342416934e-04
1.786522633278619942e-04
-1.188634113024266900e-02
-7.347530546120783698e-03
2.624212031106793581e-04
4.558244686233714092e-04
8.262167498153887013e-03
-6.309806250263540845e-04
-3.847083131920787203e-05
1.191657634592926431e-02
-2.969718465710139129e-05
-1.177082309237346535e-03
1.094890143422564625e-04
-1.953846485978693399e-04
8.513812175913430683e-04
2.511298995578395139e-04
-4.026097478758070263e-05
1.833606211043119173e-03
1.138514945406037787e-05
7.164153394825831624e-05
5.116010498098977691e-03
-3.022601546581627917e-04
6.516700714272740617e-04
-3.640297575315758379e-03
-9.517817146585319651e-04
6.627021075681855994e-05
-7.899881596657653063e-03
4.727659657758203910e-06
-7.559666053814524258e-07
-2.353695860864572602e-03
8.311313795583623689e-05
-2.694145348400694149e-04
1.534875763469932888e-03
4.929768438075966082e-04
5.477796933219265238e-05
3.571505949073846848e-03
-4.185727765637498586e-05
-6.090782549115298652e-07
2.443743273549287779e-03
-1.027707465215965405e-04
3.070584592370107510e-04
-1.547079894772836368e-03
-5.581455794114316112e-04
-1.048003726180039293e-04
-3.693189619174093875e-03
5.446130896524700840e-05
-6.867290903776592859e-06
-2.530670658391123143e-05
5.949787471858781866e-04
5.757678478805515812e-05
-1.256648007808768247e-04
-1.862811071348193274e-04
2.046753098754388678e-04
-2.740918140332436668e-05
-9.501419932431554157e-04
3.276342743798837638e-06
5.498599229189046556e-06
1.349633880086897956e-05
2.139345301171650786e-05
-7.006498082111170837e-04
-7.889535774295825899e-05
1.463759787846576196e-04
2.363701483613282566e-04
-2.380014336283313491e-04
4.747099752037746109e-05
1.120214437887903907e-03
-1.427655181699107804e-06
-8.533275969539549471e-06
-2.767332379443084435e-04
3.281300933427995720e-06
-7.688197206631838723e-05
9.886804247870097941e-05
-1.923266806780463047e-05
-2.322878349214571602e-05
3.342407523894150106e-04
8.649226295442377687e-06
2.132439705875686337e-05
-1.352756027336636470e-04
5.938087870774410410e-05
1.034715515158112501e-05
1.417426770494925191e-04
-7.363291612501376093e+00
9.723684582805148580e+00
-1.129432795141002366e+01
1.053249528348136543e+01
-7.116691862458178974e+00
-8.627792292002393282e+00
7.702216567386694024e+00
3.820346113084508222e+00
4.105823447222996414e+00
-4.494426978547125251e-01
2.954558215958913436e+00
8.017273557629401637e+00
4.164080953081837271e-06
6.576823396518962717e-05
1.637832896736624657e-06
1.631530671704229913e-06
6.733750547969528737e-05
3.724913238992502029e-07
-2.082002122343714877e-05
-4.696902831908707481e-04
-7.372535761992782491e-06
-4.492336452540495460e-05
-9.786517128128797722e-04
-1.612672571099026833e-05
-7.081185967078160648e-05
-2.614148374774334562e-03
-2.607572047891384100e-05
4.099062638868491146e-05
6.647023357018557246e-03
1.493302044545785980e-05
1.818118143493596789e-05
1.355569306729252112e-02
-2.668089214392938550e-06
-9.557810128983223324e-05
-2.182293481489358186e-02
-7.795644491394635280e-06
-1.476988307341833015e-04
-2.091272543214804311e-02
-3.140243684300486637e-05
2.214068293046596943e-04
2.875197155300553489e-02
6.383672085462034271e-05
-2.200751235151483277e-05
-9.894894321594070749e-06
-2.748977652997474774e-04
-6.147335109130212450e-06
-8.808077524268173293e-05
6.625910104533536495e-05
5.613914151714436302e-05
-6.452014276301894832e-04
3.020922938420545232e-05
2.519009850080527677e-04
-7.346547935927912032e-05
-5.807666663775831891e-05
1.990434663177661784e-03
-3.117857684703122028e-05
-2.823632131802888447e-04
-8.701549379211579122e-05
-3.762120984173334960e-05
1.115581530880098773e-02
-1.929871134721337624e-05
-3.568135489039901730e-04
2.530702607885836547e-05
4.168466009335978318e-05
-4.179819480829236739e-02
1.151966011410807881e-05
1.118339385601557128e-04
-4.116438151181590414e-06
1.166717575725520416e-05
-8.960670116301486243e-03
3.313537796919551682e-06
-1.802822621560180033e-05
-4.742613471107962369e-06
1.045719648045395227e-04
-5.165582886284458136e-02
3.457048807773549086e-05
-3.762181339538674162e-05
-2.509346782978026435e-05
-1.664590333607193111e-04
6.184062294008465382e-02
-5.560181675441745400e-05
-7.676366090065246607e-05
7.904162977199799314e-06
1.963101200862085239e-05
-9.700358439432675214e-03
4.706584137653808977e-06
3.362151735129625892e-05
4.989448798288583002e-05
1.929493912238944926e-04
-7.367626399501127354e-02
5.879522219081480776e-05
1.888480090055806831e-04
2.978311897279262900e-05
-5.088742760731007750e-05
-1.042320123449114709e-04
1.950881903100475396e-05
2.562927625305135024e-05
2.579227380176503983e-05
5.298034701439905883e-05
-7.206191129566716109e-04
4.936479691714500286e-05
2.262319113706239568e-04
2.237523166179203153e-03
-1.198017151365100282e-04
-1.558837118018263006e-04
8.793503287680149707e-04
2.384365968645250542e-04
6.015883875499413174e-05
9.668291126281974000e-05
-7.716775246232099100e-04
-5.547998848529668468e-06
-9.183624547058416308e-06
-4.136943469432337317e-04
-3.330473218424439153e-04
-1.913499220329157368e-05
5.448607040715012801e-05
1.311753564516801498e-03
-5.471703242355849218e-05
-9.879507244695306435e-05
5.004366025637938279e-04
9.714811136769431347e-04
1.042050228534485132e-04
-6.513635353964938673e-05
-4.627223581520203272e-03
1.630540429069381354e-04
4.373924740792847700e-04
-1.555500320832565835e-03
6.890398298070132647e-04
1.065211001255199412e-04
1.515468222081939704e-06
-3.719693094422920482e-03
1.196546121540623342e-04
3.860976104425041218e-04
-1.174624132184659466e-03
8.425654975647883967e-04
1.659954106943818219e-04
2.120079964216425481e-04
-5.957866141166074520e-03
1.235272627876090137e-04
6.818724397330087200e-04
-1.535808284688651611e-03
2.030330243815084825e-04
4.238197673383782517e-05
8.598475921033005623e-05
-1.620913584799968735e-03
2.388558712235235907e-05
1.900115436382535214e-04
-3.766778043830348562e-04
-3.362892390740327927e-04
-7.234498758399878881e-05
-1.302440462585827477e-04
2.604357170288459401e-03
-4.322049829126314651e-05
-3.087507113139160227e-04
6.190594490200251919e-04
7.900648794830815664e-04
1.804575631018229525e-04
2.277881571376056975e-04
-5.705826193148237635e-03
1.257073625707310553e-04
6.950678553556313265e-04
-1.432611960214858014e-03
1.924736038934439031e-04
2.889508603902530420e-02
-2.597888196376890464e-04
5.345422611529230096e-04
-3.851963029123789406e-02
-6.461806049309760762e-04
-7.458765800724279429e-04
-4.550637988512135079e-02
-1.036745695168593963e-05
-3.029476345666517459e-05
2.037975760945406542e-02
8.016402215548076512e-05
5.318296390558333503e-05
-1.949456649647410278e-02
6.436987687606708468e-05
-4.121628792052239127e-05
-3.191244478073926999e-02
-3.316272173220193497e-05
4.124796771196277483e-05
-7.286111898780689260e-03
-9.661291956475617153e-05
-7.302891387964233704e-07
5.880898165170618357e-03
-8.422160974108619980e-05
-8.664832447006660661e-05
1.144881875768350571e-02
1.523915253350081861e-05
5.875935044984690117e-05
-8.158246872184648363e-03
-1.437053924148658137e-04
-1.052809105358651324e-05
6.112361067045614035e-03
-1.095468846389524353e-04
-1.446808149030758494e-04
1.286637374184531474e-02
2.069020838989302214e-05
-1.589978991648683987e-04
9.225160758721802010e-03
2.011367823819967067e-04
1.063273529412299802e-04
-5.424367469292800184e-03
1.122228092136150993e-04
2.472266262438912923e-04
-1.465608169531087100e-02
-1.049140123925681241e-04
2.502925552036202762e-05
1.678079936345032181e-03
4.889372716304025897e-05
-2.896086766607737414e-05
-1.566491158687025910e-03
3.834793156780265172e-05
3.056772989076204103e-05
-2.661332109092728968e-03
3.415473776104961770e-05
-2.264701278942136031e-04
5.468742179321310799e-03
4.273801631153855557e-05
1.596779135489237878e-04
-2.180340507469304221e-03
1.554516130565182020e-05
1.494563709575515013e-04
-8.598582478452836825e-03
-1.953791081148646366e-04
1.023163428567339476e-05
5.388207941608656444e-05
2.687834066459265448e-05
-4.535208738327312528e-05
2.095997792730754680e-05
2.977863093552135629e-05
3.309362319549225722e-06
-1.015004754948770072e-04
5.508277812123720169e-05
3.328839627979491862e-05
-4.011696614248886082e-05
-1.393374014050158964e-05
-5.566757312868968340e-05
-1.284390417309585271e-04
1.884358116641666309e-05
-3.351641017308096130e-05
7.385182863513527511e-06
-2.405549680390688076e-05
4.609980566750709473e-05
8.230306711459571545e-05
-5.763239151418818209e-05
7.610078492387292796e-06
1.499387445219262101e-05
8.520431546292766417e-05
1.752159783222739635e-04
-3.891107525218486201e-06
4.874687878377622751e-05
-3.780789898360196891e-05
4.117981631811723541e-05
-1.855052088162417300e-05
-1.259003652746481182e-04
8.472815029710746148e-05
2.221799610233737087e-05
-2.883186726441373023e-04
1.023159710403845200e-05
8.020418930261765539e-06
2.983953228430430622e-04
7.063677758150878398e-06
2.274477243699860851e-05
4.117565188116622979e-04
-1.549377794014345839e-06
8.008524554960627249e-06
-4.665187547378690661e-04
1.595684099546824320e-05
-3.000482587261610307e-06
1.359471873489624390e-04
-5.991392351131896277e+00
7.678147107108108216e+00
-9.024718204655652443e+00
7.518307247604395727e+00
4.183728382390053291e+00
5.178968619250304606e+00
4.664636218018735292e+00
7.187219342826187685e-01
-3.587192096878381697e+00
7.657516496921757287e+00
1.493873057749367290e-06
4.685385427112580790e-03
6.612128168974998325e-07
-2.634685524738325115e-06
-8.664287021454971163e-03
-1.206688375107147228e-06
1.776525498026601719e-06
-1.179707405163264592e-03
8.225039793042096539e-07
-1.825669144216660262e-06
3.743312332205031220e-03
-9.340331494604061825e-07
1.066369231814456698e-07
-3.434524951208969140e-02
4.288494690560977859e-07
-1.659638300347814025e-05
-8.769716200180596721e-02
-6.474420062244384611e-06
-1.786698524590331653e-05
-8.772192599822882519e-02
-6.833562268897826994e-06
-1.311666947012182168e-06
-3.123078878966876332e-02
7.391010836515708090e-08
-8.866028112067865784e-06
-6.560266446028248377e-02
-2.865624434400051170e-06
5.358682158155893778e-06
9.012005726543474704e-02
5.506273487039953037e-07
4.953777945046592578e-06
5.723868478173295906e-06
-7.395429786868309464e-04
-9.345901034676764200e-09
1.076314561106362201e-07
-7.272744822490407528e-06
4.142438436106550411e-06
-1.955825522608425730e-03
8.845715943876758498e-06
-8.499506795115976684e-07
3.078677514177849197e-06
-1.914248201239747494e-05
6.328857277294154884e-03
-1.759030565177289323e-05
1.761458398847054398e-06
-1.362519692114438498e-05
-3.814323186780429825e-05
1.569148979394979770e-02
-2.097122800556657516e-05
2.521429543728482034e-06
2.933996189702582481e-05
5.509753745151034347e-05
-2.165122895794697327e-02
2.445062627793819537e-05
-4.630656570817906224e-06
-2.378458082115800286e-05
-4.284397949147546620e-05
1.736750369900853103e-02
-2.105922208556639427e-05
6.069801588642730439e-06
3.767050357156877408e-06
8.192675140875550386e-06
-1.279550126621650189e-03
4.401641415874455974e-06
-1.460042421857028397e-06
-3.638649709789176692e-05
-7.515030330166347187e-05
1.862166115769418526e-02
-3.799908908600257214e-05
1.156495910425114623e-05
6.840961730488335948e-05
1.523330871696962590e-04
-2.770915845571682995e-02
7.682838139275653233e-05
-2.343481612491792718e-05
-4.619159189935509446e-03
-1.939966059313276526e-05
-1.801833863015178119e-05
7.561808848703699924e-03
-8.100836621512675349e-06
6.808371975635284440e-06
7.203347831574154723e-03
1.811759048833569419e-02
7.785612548169507042e-05
8.063224924136266610e-05
-2.978385278504697489e-02
3.593013913969485236e-05
-2.605188160781078698e-05
-2.826853495383613302e-02
-3.277825026367412863e-03
-1.423149998430555948e-05
-1.640570864072488942e-05
5.416515841324813854e-03
-7.257774869823616291e-06
4.541585713743700869e-06
5.116879193370324486e-03
-7.028302167569306681e-03
-3.183708738183557295e-05
-3.665386421412416895e-05
1.159406044285488796e-02
-1.620490209407128272e-05
9.951225635815644910e-06
1.097333490407779999e-02
3.285634708319099071e-03
2.697219490479039865e-05
3.936958695593530073e-05
-5.388604858821343865e-03
1.850364701184454492e-05
-6.551654205759878438e-06
-5.118613616140747086e-03
-1.389923005431211757e-02
-7.546100426356961485e-05
-9.306734720512041677e-05
2.285139217124029787e-02
-4.192227271279033447e-05
2.140631119680983199e-05
2.169780419202663180e-02
-7.265034866431267953e-03
-5.116390664737701852e-05
-8.092394307540219244e-05
1.210271168285039639e-02
-3.720069252557450026e-05
1.317274977653297964e-05
1.130852140484637537e-02
7.112613654115595291e-03
4.711611807102938806e-05
8.996687306431590996e-05
-1.213028680537465119e-02
4.013626095362293078e-05
-1.202298962206812492e-05
-1.104851383043592775e-02
-1.956926573514296327e-07
-1.284032092233293974e-03
-9.659660384130999044e-06
-9.210033407628698845e-06
1.376816127649496983e-03
-4.595057776192464937e-06
1.796431151673042314e-06
2.011864851728236477e-03
5.363399247439449473e-07
-3.269105192234286724e-06
5.436802588794920066e-03
5.318369553304053409e-05
5.677433586184362863e-05
-5.346164729827088992e-03
3.365435786387458117e-05
-1.893302891079968792e-05
-8.542261222914165203e-03
-1.521695305962133491e-06
3.672687134851263586e-06
-2.338016055049381772e-03
-3.637193801454438288e-05
-3.871623877245611880e-05
2.117034188698787775e-03
-2.706273707444615482e-05
1.771206167018992287e-05
3.694238894425603756e-03
2.146211793521247339e-06
-4.685655556755697402e-06
2.343756741183014494e-03
4.191246373785835678e-05
4.217916886037068389e-05
-2.136649573234787342e-03
3.153531608715960205e-05
-2.078080740549388100e-05
-3.707063351099970303e-03
-3.919745451816675021e-06
3.885026197138155438e-06
-1.699095287482585498e-06
-6.745363540306693580e-04
-2.585951425408891194e-05
-2.170065178970725128e-05
3.832748381522617777e-05
-1.210165997919043872e-05
8.998496422440924113e-06
1.083259418382311046e-03
1.180073976235080163e-05
7.347410199708168242e-07
-3.920282786984832923e-06
2.069109161316518323e-06
8.015395878972640577e-04
2.450254824482705284e-05
1.928233429224314791e-05
-6.879194471713175236e-05
1.141639193287408002e-05
-8.595809941672376758e-06
-1.280156213135501177e-03
-1.167053174288004908e-05
-4.137747315335014664e-07
-2.742430056048221314e-04
2.566049317530457496e-07
-1.736872928671300181e-06
6.983465090429158905e-05
4.485187258612103280e-06
6.649060506210719026e-06
3.298469037621074278e-04
5.342666747927202367e-06
-4.019965732236570631e-06
-1.164615372649596079e-04
-4.502044089285297216e-06
-1.198604577763767735e-07
1.240696785124636970e-04
-5.991285315990459992e+00
7.677220232113582732e+00
-9.021070840978499206e+00
7.503966532627023511e+00
4.166260891303632974e+00
5.145441968487907580e+00
4.617588683522901860e+00
7.092565336970516610e-01
-3.540364900754984223e+00
7.548297724419832377e+00
-9.599995027968141177e-12
-4.599691370091710252e-03
5.559574499904195361e-12
1.420001405148464229e-11
8.931281660090906530e-03
-3.626472090661582033e-12
5.027933517689542757e-11
2.799688808973813114e-04
-8.991390200440462685e-11
-8.465034705653910002e-11
-1.636697926474149026e-03
1.468878333547042546e-10
3.706061762218907757e-10
2.612595535531733043e-02
-5.754424387255322684e-10
5.911308402818793959e-10
7.014594011511808558e-02
-7.936862195391030183e-10
4.722523226650988953e-10
6.894546361161364711e-02
-5.685006578222593655e-10
9.619001924037630539e-11
2.436346731104216054e-02
-9.735217894154692286e-11
2.913114861187073375e-10
5.083295072689839045e-02
-3.263255461477613408e-10
-2.900111137462686790e-10
-7.060136719017991169e-02
3.044663833709892857e-10
5.379728954356288877e-12
-6.653496970965247215e-11
-3.078950280291926607e-04
1.492334015430996774e-10
-9.548593625523192021e-11
-1.028180384777360739e-10
3.483687739845491301e-10
-3.016517756911875001e-03
-6.670651658595597937e-10
8.150862525930525761e-10
2.038572857515449339e-10
-6.132029084830098475e-10
7.442116822423344193e-03
1.112188021049876795e-09
-1.531552497257896187e-09
2.578058820095810784e-10
-5.972606442169423823e-10
1.547678223548932738e-02
9.891521503875751703e-10
-1.760383955779748023e-09
-2.498058282602737079e-10
4.397692265629504607e-10
-2.020824581152446536e-02
-6.544883145366279189e-10
1.569526989032710594e-09
1.494480984513706294e-10
-2.059545880346522850e-10
1.616617644510124144e-02
3.130800743035119509e-10
-8.854345122197748897e-10
-8.091385459735285445e-12
5.665002525303322887e-12
-1.162965845926078930e-03
-1.447549982896593579e-11
4.324667727048797664e-11
1.483485490238599919e-10
-1.775158758003354495e-10
1.722365693436870779e-02
2.993207526177757317e-10
-8.516459351491439085e-10
-2.095402270770977466e-10
2.158442498874909115e-10
-2.552518202927959654e-02
-4.081281459860985250e-10
1.161434199121849226e-09
4.749214431434821762e-03
-6.163187682773316459e-11
3.033861481369976253e-11
-7.278148776745245289e-03
3.644615042439562582e-11
2.785162994093954157e-10
-7.064050891910304830e-03
-1.846532314613155701e-02
2.440914518575002697e-10
-1.431496254338634446e-10
2.738778328065331197e-02
-3.988216383719544685e-11
-1.119129473704440235e-09
2.802449870353478784e-02
3.308946623444270711e-03
-4.420911686548964273e-11
3.072549583578860684e-11
-4.747790180830940496e-03
-1.286333019937547338e-11
2.082496957846913849e-10
-5.124563730873126291e-03
7.084225120199958044e-03
-9.587349481613963994e-11
6.609067376479618441e-11
-1.000344067145431115e-02
-3.140922056689084276e-11
4.409710071879458749e-10
-1.102469623800912332e-02
-3.217464173778042044e-03
3.433067070814845480e-11
-2.738098225027943842e-11
3.272897274742871121e-03
6.589865094071037222e-11
-1.346771807946756403e-10
5.445915284766361490e-03
1.390938702704796158e-02
-1.844693854094104441e-10
1.300250893864730683e-10
-1.818157064848656412e-02
-1.174110585536476374e-10
7.985149154825929286e-10
-2.216066807265716643e-02
7.099507948006253052e-03
-7.640608906353608723e-11
5.952639009906212625e-11
-7.822795306894668108e-03
-1.380352407612235709e-10
3.348154096582093976e-10
-1.192812309538682745e-02
-6.816982457177685542e-03
6.859155379334709403e-11
-5.602949647372413883e-11
7.022948316591929099e-03
1.844243980571250807e-10
-3.138237817536650262e-10
1.186871152837466574e-02
-1.381692686831514593e-11
-1.234230371524644388e-03
1.975722006373876005e-11
6.194253232522627301e-12
1.288925849030084963e-03
-3.182190726074887651e-11
-7.118093873960508045e-11
1.870704719099899578e-03
1.373195003065214076e-11
5.484402718465203180e-11
5.409523885784240510e-03
-6.668263755332387190e-11
-1.131987557647148595e-11
-5.123024048428725767e-03
1.094674014411854683e-10
3.132835077064872756e-10
-7.644633375249484768e-03
-7.243810438032415386e-11
-1.838050198122205440e-11
-2.442075188469708738e-03
2.047403705117470369e-11
-2.933330316189611012e-12
2.151655944532494466e-03
-4.779851977917147996e-11
-1.357362405615568545e-10
2.968288327769499392e-03
3.980441273969344306e-11
1.455619705457936197e-11
2.452023572504011869e-03
-2.186396908527472427e-11
3.495517221407700858e-12
-2.225731126611464692e-03
5.898232815751069748e-11
1.312309037649058353e-10
-2.789568783746189991e-03
-3.972478932785857870e-11
3.151002066850391422e-11
8.719248911560814577e-12
5.809919620661486376e-04
-5.503229045783310739e-14
-1.665898645051449206e-11
1.528191267855996530e-04
4.202342171671826535e-11
1.166881305942511075e-12
-1.121876079370774659e-03
-1.596029738914878570e-11
-1.864421673099724364e-11
-3.801976537985015355e-11
-7.371744375391787101e-12
-6.864402367349011803e-04
-3.355365753734393753e-14
1.925979460534729705e-11
-1.466469724432289739e-04
-4.837509400220750948e-11
3.595883206755323197e-12
1.314637305272813982e-03
1.641629304904067472e-11
2.401787937255337048e-11
-2.383688986684117186e-04
1.624986246122156308e-11
-9.710498355519659632e-12
8.574755070692407751e-05
5.507126182761104487e-12
-1.086500197705436907e-11
3.711956838124106121e-04
1.801044919403219743e-11
-1.941661098967956898e-11
-3.948685880226205329e-05
2.978669750062485383e-12
-1.491694011260169567e-11
1.288309020032633119e-04
-7.363291612477426362e+00
9.723684582781578101e+00
-1.129432795140543355e+01
1.053249528370606214e+01
-7.116691863011215702e+00
-8.627792293591772577e+00
7.702216568019458087e+00
3.820346111042926651e+00
4.105823442613550256e+00
-4.494426972916674146e-01
2.954558211452192218e+00
8.017273545829763037e+00
6.636456140390116525e-07
-6.576829400790493369e-05
-4.425179551308891359e-06
4.931684960925130033e-07
-6.733706020693711503e-05
-1.599151441915388938e-06
-4.025222038853100796e-06
4.696893644846924501e-04
2.171707762130791258e-05
-8.495565264849756811e-06
9.786499158404991967e-04
4.696847443416773493e-05
-1.282377248018235863e-05
2.614145580005551844e-03
7.436336885120387236e-05
7.563013094850084501e-06
-6.647021841127838740e-03
-4.296590890433262883e-05
1.140117292132947689e-05
-1.355569261938706187e-02
-1.441069048648226705e-05
-4.103768630281846993e-05
2.182293334378982222e-02
8.666915187584011717e-05
-4.665402741636440328e-05
2.091272188678630281e-02
1.436104671835438469e-04
5.541913858070623571e-05
-2.875196443021261344e-02
-2.236600250155490227e-04
-8.728394152031605454e-05
-3.762911761975135986e-07
-2.749043322183473644e-04
-1.164288871369164049e-05
2.498134332203422037e-05
2.512821704546925944e-04
-1.907618093787539519e-06
-6.451853890934614944e-04
6.372252709936819201e-05
-6.856849485282626242e-05
-2.812664184489625601e-04
2.036902115451149313e-06
1.990417942511488094e-03
-6.588514505547065649e-05
7.755871085941647473e-05
-3.525173156220414686e-04
2.097465234060931444e-06
1.115579632539891869e-02
-4.223024020246958244e-05
1.030492342406232720e-04
1.095045211759224606e-04
-1.086608091361468475e-05
-4.179819364126395598e-02
4.185970764640956928e-05
-3.400052837508524804e-05
-1.767112492358509138e-05
-2.963990985953920597e-06
-8.960672106195076425e-03
1.176082189036537752e-05
5.449161409529576375e-06
-3.495277932754442643e-05
-2.234710959142414968e-05
-5.165583685861412089e-02
1.078471401805639198e-04
1.470361420986141759e-05
-7.902597206668345010e-05
3.507695980751003513e-05
6.184062811044200442e-02
-1.719585895027611632e-04
1.665032840880056238e-05
3.306915501804219684e-05
-5.739480552885730102e-06
-9.700359913730699155e-03
1.935423618003423419e-05
-9.965559613912462709e-06
1.884943429989346898e-04
-4.555654213047539481e-05
-7.367627061969529711e-02
1.964966112925520020e-04
-5.121418809564686777e-05
-2.978310840544457649e-05
3.107292745868596002e-06
-7.431164464115816285e-05
-1.951487429922513646e-05
7.745313308754572291e-05
5.696630850267241298e-05
5.298025004344050635e-05
7.206191447323906027e-04
1.103157666811022613e-04
2.168674335973394117e-04
-2.237507369989840973e-03
-1.360223091169445451e-04
-1.206941634870447775e-04
8.793507292415234924e-04
-2.384366158168066386e-04
-2.212637196499237446e-05
5.314616657135277597e-05
7.716818604233131916e-04
-8.095600842377152946e-05
-5.669113340468269637e-05
-4.136943057571749365e-04
3.330473576669547536e-04
9.512617154868611492e-05
7.462943049877605178e-05
-1.311749371390282535e-03
-1.982800639975622399e-05
-3.282653975587579838e-05
5.004367746834166358e-04
-9.714812393780490173e-04
-4.308946085882171730e-04
-1.737772555093153250e-04
4.627214439664369301e-03
-2.511675569318110149e-05
1.284530235507102625e-04
-1.555500796939489469e-03
-6.890399379756524580e-04
-3.876303673250989135e-04
-1.028662802933178670e-04
3.719688417432383872e-03
-6.113940366325657362e-05
1.007994246406523480e-04
-1.174624468001068435e-03
-8.425656457814943408e-04
-6.735160820744059539e-04
-9.738148186558386224e-07
5.957866511441557537e-03
-2.453675822800546551e-04
1.971805329464191528e-04
-1.535808624596841313e-03
-2.030330576312988275e-04
-1.857457097786647073e-04
2.230684207116778226e-05
1.620914744447255786e-03
-8.640770059485533778e-05
5.830201341837661745e-05
-3.766778655238014052e-04
3.362892849350073701e-04
3.035582802868124733e-04
-2.769195052805914519e-05
-2.604358879699766351e-03
1.344047785048969911e-04
-9.172293191998269805e-05
6.190595354924469714e-04
-7.900649423435384235e-04
-6.921747764252499839e-04
5.028240487459992676e-06
5.705828415658148120e-03
-2.601237506197571765e-04
1.912534658027596247e-04
-1.432612102853279704e-03
1.052153031096492251e-04
2.889508637164622112e-02
-7.758424369843074661e-04
-8.268799225735873858e-04
-3.851964323325107048e-02
1.398369206153114491e-04
1.479547696471331889e-04
4.550638022161720975e-02
-1.615032696212253182e-04
1.357236510314437084e-05
2.037975780120203709e-02
4.387643234974233637e-06
2.915446670431451990e-05
-1.949456446239966612e-02
7.824275388884769820e-05
9.003221994475477281e-05
3.191244491672464573e-02
4.281742252482578955e-05
7.426496001215224468e-06
-7.286111984170526822e-03
-1.233460982473295778e-04
-7.257290747995697941e-05
5.880896340667992120e-03
-4.274326127185263031e-05
-4.034505972961362381e-05
-1.144881882583629641e-02
-4.334138020174966509e-05
1.146143436406746088e-05
-8.158246987415716106e-03
-1.971499403071289870e-04
-8.960633729594563170e-05
6.112358865918919928e-03
-6.389104817264488448e-05
-5.211208247366176205e-05
-1.286637383868676106e-02
-6.123221714489414662e-05
1.135923690096472398e-05
9.225160957918612098e-03
3.146728818222812099e-04
4.402411868299555068e-05
-5.424364709880663896e-03
1.481936271613438767e-04
5.057618471064091866e-05
1.465608186379326050e-02
1.901532683731172206e-04
-1.706423826534141466e-05
1.678079947838541017e-03
5.091930188161891007e-05
4.769071982759200893e-05
-1.566491054278444086e-03
-5.906886415202732777e-06
2.705934894700470363e-05
2.661332118112179953e-03
-3.875333661842379524e-05
5.596817819595541118e-05
5.468742332970595935e-03
1.508019549539791151e-04
-6.637647093037498053e-05
-2.180337087311086820e-03
1.460577559789453519e-04
-3.771605484384224575e-05
8.598582619930005347e-03
2.938184615350113247e-04
-2.962643380255426640e-05
1.887510238296285569e-06
-2.687824486090139393e-05
1.105781224306787787e-04
7.613986471763638337e-06
-2.977948793837716275e-05
-1.980652011827278478e-05
-1.147409182348810915e-05
5.508276595347834934e-05
6.330729941334022667e-05
2.891935769233665906e-05
-3.763839729340666363e-07
-2.207728215135358680e-05
1.284389698404935919e-04
-4.934547237263309759e-05
4.074479916921827763e-06
-7.384386955044865836e-06
4.105377355786469736e-05
6.730806793609152609e-06
8.230308153942592867e-05
-7.702559574006669551e-05
-1.587203438103733713e-05
2.673830335159086674e-05
3.077452180880773167e-05
-1.752159156883427730e-04
1.801085715729045704e-05
-1.128934839313839434e-05
3.780708602546276683e-05
-6.280589683457571187e-05
-5.905387254420240957e-06
-1.259003854282238666e-04
1.161530378539868966e-04
1.876107614724874289e-06
2.883186390420478212e-04
-2.517304054342777410e-06
-9.808823002228665239e-06
2.983953271622555303e-04
1.046742477097049965e-05
-1.271418701672829977e-05
4.117565896900468396e-04
1.892286538983479018e-05
2.113060040649076301e-06
4.665187510750929832e-04
-1.492430872518867127e-05
-1.036105722596372184e-05
1.359472138132069988e-04
-5.991284868869283464e+00
7.677204834630689589e+00
-9.021221127660904671e+00
7.504396462851902427e+00
4.166576859152818280e+00
5.145787463847009136e+00
4.618035984882872924e+00
7.093641010940853198e-01
-3.540932817355253448e+00
7.549760632632390056e+00
3.292623836004553075e-05
4.600839571271809168e-03
-4.549552993210680470e-06
-6.017086588123210012e-05
-8.966418613013272393e-03
2.263634623738392903e-05
4.101950492209385622e-05
-1.674726470748060891e-04
-2.849261444347280420e-05
-4.434323831550067381e-05
1.414944368193719014e-03
6.478090432432710558e-05
7.125198695422852075e-05
-2.555517734734953639e-02
-1.143651818216505567e-04
-1.114660344336103071e-04
-6.963144563386147734e-02
-6.481534865517215194e-05
-6.723703042683468341e-05
-6.875661742674872567e-02
-2.896869444481611953e-05
6.188639326006827826e-05
-2.431768849170295316e-02
-7.770188825036617071e-05
5.886121978513913524e-05
-5.078024388035284886e-02
-5.448674298339956258e-05
-1.222779634825837090e-04
7.038444818265184033e-02
2.406751150729297367e-04
3.124033768843419422e-05
-1.192457974712510233e-04
-2.760248647146931722e-04
-7.801357696991237161e-05
2.320392583090072529e-05
-2.679730760080886956e-05
4.570907253564305758e-04
-3.245020299683162770e-03
3.539985998458171769e-04
4.382628454186939603e-06
-1.047274939024350792e-04
-6.501628315331648344e-04
7.645987670565086020e-03
-4.418911600080900311e-04
-1.411038551055773913e-04
-4.368245250584789447e-04
-4.066475187659468102e-04
1.531402622408940643e-02
-1.292430360786454380e-04
-4.369635854562884942e-04
6.453630067637389093e-04
1.301298063081448046e-04
-1.974877090933824936e-02
-1.669479980257136393e-04
6.016692641132378875e-04
-4.666427622412605298e-04
-8.685140322357518818e-05
1.578898600477064706e-02
1.523931264499884359e-04
-4.084790701760350170e-04
2.409076116121408996e-05
2.553165961231766392e-05
-1.147239435425201088e-03
4.372675229697909734e-06
1.527696940315549713e-05
-4.387387833208321753e-04
-1.960911306991679768e-04
1.688081980383730404e-02
7.925770868251646908e-05
-3.500598785604581119e-04
5.648070479988497559e-04
4.254933174249325711e-04
-2.509231182991310954e-02
-8.890114167501322437e-06
3.952011462158381834e-04
-4.514495234763915218e-03
-9.017914809293452703e-05
2.561645432380590175e-05
7.019294311161702014e-03
1.746485245286497480e-04
-1.364708490553626107e-04
-7.178376820789103552e-03
1.786920690429620595e-02
9.964931556089423592e-05
-1.676396832153004409e-05
-2.660452274957688518e-02
-5.001012963880940550e-04
1.878961450967398580e-04
2.814638453290028638e-02
-3.259902344031194443e-03
2.886387710830818899e-05
-1.236663854955658903e-05
4.649059582248091411e-03
5.529184819825499618e-05
2.905364391610367982e-05
-5.087066069970403934e-03
-7.014948231075113921e-03
7.940062948411753330e-05
-2.423404022953486457e-05
9.808846394724513029e-03
1.164215736226454522e-04
9.236139776296215388e-05
-1.091323214043996188e-02
3.566480122069274304e-03
-1.834104696525178655e-04
-6.644679868860893621e-05
-3.417033588544859425e-03
-6.785871458096643370e-05
-2.050865855027757332e-04
5.119028919576915776e-03
-1.419161627338472176e-02
3.206674355836506489e-04
2.515395844958801409e-05
1.804307549563075735e-02
2.264374490044848654e-04
4.006098464654009317e-04
-2.163128974816248135e-02
-7.738634215799429852e-03
4.495154875764132123e-04
1.220285517155300100e-04
8.118546053519625286e-03
1.186314865140553976e-04
3.994478282652444618e-04
-1.121133476853848274e-02
7.663595319619195302e-03
-7.027214894773028834e-04
-1.593769451796702352e-04
-7.553454967235664202e-03
-4.933319019160626917e-05
-5.239108168008385982e-04
1.083667580451722415e-02
-1.358994466358893695e-05
-1.200766902172327325e-03
-7.125105679251997272e-05
8.045765681815187503e-05
1.219141070872129537e-03
1.089542931399939689e-04
-2.578744342433348511e-05
-1.926460985893646300e-03
1.310254310243024720e-05
1.185494906387954536e-04
4.945943677809149473e-03
3.224588183972188307e-04
-2.734737789956975806e-04
-4.820450165886001545e-03
-3.781718483395422317e-04
2.845401533453761748e-04
8.179218520201302425e-03
3.882891908368444505e-05
-1.168149216514818416e-04
-1.994960789636836002e-03
-2.229947283109215135e-04
1.142930620700254550e-04
1.963650980193478845e-03
1.765499637628335295e-04
-3.151510832671166229e-04
-3.515520732391060402e-03
-8.742647110007436900e-05
1.487242119244845337e-04
1.937120766535012188e-03
2.714640749091307256e-04
-1.254895081085243079e-04
-1.999539518458319509e-03
-2.080325677640965912e-04
3.987648910370349196e-04
3.491820951195989241e-03
1.084804864139803337e-04
-4.382562147564982697e-05
1.791643240453736990e-06
-6.784492507011545201e-04
1.159196044542085819e-04
-3.363580688370720092e-05
-9.922250972438199923e-05
-7.784609814119772362e-05
1.075421801004874424e-04
-9.794751589074694818e-04
8.615030301914994011e-06
-3.608721125685156628e-07
4.939630424411452030e-05
-2.984376688831044244e-06
7.960424964556496539e-04
-1.360604686816497459e-04
3.895570463761321392e-05
8.286091414918709619e-05
8.564471359524594490e-05
-1.218211326267009201e-04
1.149941764582069342e-03
-8.193249747136824518e-06
1.261906659395865353e-06
2.375498360254820363e-04
3.013199119147254063e-05
-3.176644365225025928e-05
5.934926443323679940e-05
2.794444312693204839e-05
2.053264173997891898e-06
3.146728949324846167e-04
-3.057516266238785661e-05
2.011295840204164781e-05
1.202603449246223018e-04
-8.205201599756369290e-06
1.720172364071272759e-05
1.074995284643860840e-04
-5.991392351471349187e+00
7.678147110147924614e+00
-9.024718204206594763e+00
7.518307247293658513e+00
4.183728387070439148e+00
5.178968629821005365e+00
4.664636225767771371e+00
7.187219347746089948e-01
-3.587192101353639195e+00
7.657516512439832113e+00
-1.493871942403941621e-06
-4.685388135293786990e-03
6.612301611364710375e-07
2.634706428577896671e-06
8.664292862954853930e-03
-1.206703627974719300e-06
-1.776703787619711268e-06
1.179699638773021222e-03
8.223309185742836535e-07
1.825972665180431588e-06
-3.743300650758651146e-03
-9.337405684918150077e-07
-1.076987739996920021e-07
3.434522783548944747e-02
4.277091687803149240e-07
1.659507936930877290e-05
8.769717783210406736e-02
-6.475995199052794262e-06
1.786617745226604128e-05
8.772196058510835226e-02
-6.834649912721251484e-06
1.311572359770860828e-06
3.123079589370094181e-02
7.373938623325439118e-08
8.865622363337840993e-06
6.560268787400802548e-02
-2.866224364308802432e-06
-5.358358115790684945e-06
-9.012007842001175384e-02
5.511720613925076463e-07
-4.953814130164965721e-06
5.724109429024958854e-06
-7.395411108529585664e-04
9.610049070711482150e-09
1.078171412388848116e-07
7.273037387479062208e-06
4.141337003762124808e-06
-1.955826625909115254e-03
-8.846912286468898640e-06
-8.513951336283772558e-07
-3.079215676451268448e-06
-1.914062506930161610e-05
6.328852374265515543e-03
1.759233162911317839e-05
1.764121904636227009e-06
1.362460003036605828e-05
-3.814155621862873839e-05
1.569147626418392755e-02
2.097306651954326511e-05
2.524352601100260148e-06
-2.933944630195855667e-05
5.509641255944897428e-05
-2.165121319117178922e-02
-2.445186560172269834e-05
-4.633133620993623155e-06
2.378429404481403198e-05
-4.284345924230793546e-05
1.736749952897389745e-02
2.105979057644847267e-05
6.071116157748447888e-06
-3.767036034250762570e-06
8.192653832781081010e-06
-1.279551152036078254e-03
-4.401661227824256013e-06
-1.460096724007893056e-06
3.638622020319303498e-05
-7.514981267204876394e-05
1.862166292746904664e-02
3.799960683972499528e-05
1.156617311378446229e-05
-6.840923882860675464e-05
1.523324188849128175e-04
-2.770916830524376706e-02
-7.682906076657228126e-05
-2.343640172064597959e-05
4.619159119865202251e-03
-1.939956732944595957e-05
1.801832136766177671e-05
-7.561804563520118684e-03
-8.100831892323351942e-06
-6.808867446821632979e-06
7.203347768311106278e-03
-1.811759021348992998e-02
7.785575080226900843e-05
-8.063207687515879592e-05
2.978384096733795172e-02
3.593024361656812463e-05
2.605386732855050172e-05
-2.826853467852276022e-02
3.277824976306523835e-03
-1.423142994322084829e-05
1.640565608105721510e-05
-5.416514634214181917e-03
-7.257818650747460720e-06
-4.541955364950227143e-06
5.116879137877663672e-03
7.028302062327412489e-03
-3.183693983954996690e-05
3.665375178755402665e-05
-1.159405842764820935e-02
-1.620499516317663283e-05
-9.952005939554653494e-06
1.097333478715438460e-02
-3.285634679103587984e-03
2.697214519814657854e-05
-3.936952267777304689e-05
5.388609126520269021e-03
1.850369223678403378e-05
6.551886162797228569e-06
-5.118613580593011324e-03
1.389922986837100263e-02
-7.546073500795506556e-05
9.306711423077728459e-05
-2.285139413077112019e-02
-4.192245787773593959e-05
-2.140771231880071214e-05
2.169780398227923179e-02
7.265034792653878373e-03
-5.116378814096580498e-05
8.092379090957842788e-05
-1.210271925532728846e-02
-3.720080768244574197e-05
-1.317331374007537155e-05
1.130852131849214605e-02
-7.112613589221561568e-03
4.711601037209917650e-05
-8.996669167665929262e-05
1.213029730064617805e-02
4.013640477254182910e-05
1.202347814230898986e-05
-1.104851375573115933e-02
1.956610673056086923e-07
-1.284032097699227453e-03
9.659636930211643616e-06
-9.210061598290338283e-06
1.376815293424119187e-03
4.595021692439557125e-06
1.796548251326051660e-06
-2.011864864989710861e-03
5.363328277288768507e-07
3.269280299276428761e-06
5.436802616083953078e-03
-5.318359309115187618e-05
5.677442428825829737e-05
-5.346160801343083878e-03
-3.365423204529329924e-05
-1.893354620890284478e-05
8.542261235290438820e-03
-1.521661670906698641e-06
-3.672800572026958699e-06
-2.338016085053053628e-03
3.637189241075030607e-05
-3.871627154352233431e-05
2.117032025508319877e-03
2.706268101750632343e-05
1.771228886174893886e-05
-3.694238885618717112e-03
2.146190533645642133e-06
4.685785992113137449e-06
2.343756787439624581e-03
-4.191241771654053057e-05
4.217921131529806135e-05
-2.136647435991534741e-03
-3.153524729542181329e-05
-2.078103319808791789e-05
3.707063347218886914e-03
-3.919719615953920494e-06
-3.885050508029581686e-06
-1.699055762633399381e-06
6.745363254162305231e-04
-2.585950656517899194e-05
2.170070130207460866e-05
-3.832823167860035238e-05
-1.210159258356009057e-05
-8.998506768163498849e-06
1.083259429565357722e-03
-1.180073285731242685e-05
7.346963649736716522e-07
3.920313396357062789e-06
2.069074658631701072e-06
-8.015395614477402800e-04
2.450254216212506344e-05
-1.928239253561629858e-05
6.879241584748711606e-05
1.141631391515833507e-05
8.595813484675390330e-06
-1.280156227826806641e-03
1.167052638896458239e-05
-4.137180589016763376e-07
2.742428356844261268e-04
2.565935414720438156e-07
1.736872709411300612e-06
6.983474672920834329e-05
-4.485189731832233561e-06
6.649083785325234762e-06
3.298467907891353048e-04
-5.342637139613065969e-06
-4.019943010842952997e-06
1.164615764959698533e-04
-4.502045799299433834e-06
1.198344255520841564e-07
1.240698131247894862e-04
-7.363304551099274065e+00
9.723714624098523274e+00
-1.129430589966878529e+01
1.053235292149714297e+01
-7.116514959451761158e+00
-8.627364926391432931e+00
7.701547094143716521e+00
3.819875502344819651e+00
4.105277359314351671e+00
-4.493912137552841246e-01
2.954146874739519202e+00
8.016170224669716404e+00
-4.527383075663565363e-06
-4.313897902475248201e-05
7.240111754862401945e-06
-2.034760694618099761e-06
-6.952657927646186591e-05
3.408216695305253241e-06
2.330984115163244719e-05
3.837322490814476517e-04
-3.778863473868107441e-05
5.019041387022302409e-05
7.899841006456741720e-04
-8.120286846331245371e-05
7.870735706738044132e-05
2.306161860348075916e-03
-1.269087877618725374e-04
-4.496682510158895029e-05
-6.427708553327570254e-03
7.299160567576149069e-05
-2.086447055113550695e-05
-1.340562547622244777e-02
4.224774778168648376e-05
1.077556144517775725e-04
2.132353972247824289e-02
-1.983567420149146910e-04
1.640193548325401707e-04
2.018894559810779921e-02
-2.848828294735749234e-04
-2.441286435735338792e-04
-2.765766723474812755e-02
4.087335631816779876e-04
-3.934863470618268211e-05
-7.626986662465216005e-06
-2.905849934200161518e-04
7.861918352817173907e-06
1.682156905225625456e-05
1.150947484398834124e-04
4.958790937378300661e-05
-6.587237781727734538e-04
-6.593914896137332670e-05
-5.776861975376046393e-05
-1.275125064541574559e-04
-5.265067761350537856e-05
1.998363014618070605e-03
7.034883794203231468e-05
6.242487798495753419e-05
-1.518627025115209649e-04
-3.705292543643017597e-05
1.111423518210927393e-02
4.803530601802795153e-05
5.796567857954882568e-05
3.700996630758772270e-05
5.738915952585806789e-05
-4.202982672156969912e-02
-9.826929853107947222e-05
-3.811782153067300611e-06
-9.344428162673798762e-06
1.515260892186820459e-05
-9.036299085605315612e-03
-2.672323074229710711e-05
4.031401177936853581e-06
-2.034798201999923369e-05
1.211651798186095023e-04
-5.212784028700930689e-02
-2.043919532872675129e-04
1.556719595880563480e-06
-3.085984223688694009e-05
-1.881480646550081151e-04
6.247745068969973864e-02
3.109821972245108775e-04
2.492335211457866987e-05
1.074463331952941577e-05
2.879804829148157992e-05
-9.824939963461849779e-03
-4.880531683448070725e-05
-2.610402572549249238e-06
7.027284474033232496e-05
2.352211407449428845e-04
-7.452485896644972518e-02
-3.912194520278775272e-04
-3.362838323096632666e-05
6.596324845473140318e-05
1.213878739753127225e-05
4.981100723803173562e-05
-3.698145777709964448e-05
-6.406611333418393579e-05
1.371219647244033060e-05
8.322939843240116577e-05
5.345821976393600903e-04
-1.068752792892364547e-04
-6.799921202254232219e-06
-2.361842791640901551e-03
-5.137229379126145733e-06
-7.035207254411095679e-05
8.989585915811381832e-04
-3.165677220250668711e-04
2.163736637286401947e-05
-7.543060376870831612e-05
8.628959391761561407e-04
1.062404352160586121e-04
-7.203639560423742931e-06
-4.949012813595276465e-04
3.174220927418397995e-04
-4.402657119289171320e-05
3.844628961362164273e-05
-1.366785426986264623e-03
-5.137803543920916585e-05
-4.198987285426963016e-05
5.038786688424156182e-04
-9.739235076789495718e-04
3.648974362259484568e-05
-1.686731839176903384e-04
4.834169253501171583e-03
2.498057815806306982e-04
1.638725482136127356e-04
-1.517346699402689989e-03
-7.284278806464911929e-04
-1.415220010376998413e-05
-1.511169416068007174e-04
3.852974223067613755e-03
2.232895019956914037e-04
1.437681914272073474e-04
-1.117564841007377381e-03
-9.277004696803252837e-04
-2.360234858974117429e-04
-2.637308470091556819e-04
6.407311487101389341e-03
4.776365511499656514e-04
2.029071455524437690e-04
-1.391400436212084134e-03
-2.272714845017223789e-04
-9.061611886562108246e-05
-7.690991591264030570e-05
1.803205881182547718e-03
1.527596416212055532e-04
4.588486838708082712e-05
-3.369645881758447071e-04
3.807414318095970638e-04
1.295818073503469546e-04
1.357555400333710391e-04
-2.930361002023394723e-03
-2.600197436809949920e-04
-7.010331157752617952e-05
5.627148839605482797e-04
-9.127528581624337655e-04
-1.885477132072516484e-04
-3.581668715557836382e-04
6.555844501094307449e-03
6.333634946453800627e-04
1.425940742081565574e-04
-1.339547050908226596e-03
1.458962942334571656e-04
2.920597845119175459e-02
3.155864062865031626e-04
-4.696444298001167935e-04
-3.874107561390979088e-02
1.847681650019574948e-04
1.516578642077186267e-04
4.547030430822270042e-02
3.372429569831831490e-04
4.334823005317943369e-05
2.056099541928430030e-02
-1.204070589413020083e-04
1.138515526186924156e-04
-1.966475659474185497e-02
-9.141715509864007641e-05
-8.229425768759105484e-05
3.199198362107254223e-02
1.064255941228410784e-04
-9.234253526865650750e-06
-7.392264397218021449e-03
7.097898366005719981e-05
-1.125492953022886808e-04
5.965829979852056014e-03
7.128153530129107036e-05
7.572947491111273405e-05
-1.148978920643409229e-02
-2.744390201214896857e-05
-9.403138562854794876e-06
-8.314518310459111453e-03
7.756048875179010729e-05
-1.541872426341078664e-04
6.232294979625858065e-03
9.571971575694097672e-05
1.085073504391370424e-04
-1.291441519195247328e-02
-3.034996214340975087e-05
1.628882264559299050e-05
9.451611189206917882e-03
4.040275983502759693e-06
2.237824598453661646e-04
-5.696726069519882085e-03
-1.957578751780555308e-04
-1.478609430552455591e-04
1.467471553233780195e-02
8.088817772967096191e-05
-3.328119343657676110e-06
1.733391691040850552e-03
-5.543014570659078447e-05
3.097404996848714413e-05
-1.556308965795088171e-03
1.629666800672813361e-05
-3.677521824101264987e-05
2.686017279883746566e-03
-1.956447656064083478e-05
3.119868187076147548e-05
5.502186843244608744e-03
1.340101013837566681e-04
1.375154706669184175e-04
-2.440480523055453630e-03
-2.529132761174420168e-04
-2.707644947577465025e-05
8.564599999635283401e-03
1.427688623327872481e-04
-6.389199368594234265e-06
-1.746915554885871403e-05
3.778069559331597316e-05
1.057326501031995820e-05
1.787501382342295724e-05
-3.780939017980456621e-05
-1.732695694494735888e-05
-1.541342027213581448e-05
4.233735825532057616e-05
4.803067613028287125e-05
2.336114160078739247e-05
4.037561556767364909e-05
1.573240260578249449e-06
4.443473305295335591e-05
1.850544400880194736e-05
5.677154788104175247e-07
1.728018883931356823e-05
5.219522161901599643e-06
-2.673339935231804976e-06
1.054253175281564522e-04
-7.941533857336588789e-05
-3.238596469720694007e-05
-6.111417269613777007e-05
7.476673812686564466e-06
-7.301656852707458689e-05
-3.265590080033457094e-05
-1.415098138416992491e-05
3.203402463727752754e-06
7.487937445717167666e-06
2.555538969520992752e-05
-1.741411986162479586e-04
9.351237763150706023e-05
4.233972957546868528e-05
2.910777896535905003e-04
-9.787476940202331278e-07
-1.344581268379635796e-05
2.893531336099642985e-04
2.898874328425260540e-05
6.153367609234875412e-06
3.995960310193844901e-04
-7.649076727905747709e-07
8.700689684251151023e-06
4.533850371563911876e-04
-2.214972671387976114e-05
3.457834298875811594e-06
1.339435419048403656e-04
-5.991285316525482685e+00
7.677220235622669975e+00
-9.021070844062448302e+00
7.503966542466526946e+00
4.166260904249520003e+00
5.145441984251967860e+00
4.617588687569943673e+00
7.092565326897585232e-01
-3.540364896881547541e+00
7.548297718414637814e+00
-1.521556971338289554e-11
4.599691454148069347e-03
-1.783416926186394386e-11
2.360847245565445972e-11
-8.931281972703000727e-03
3.071507347426624424e-11
8.099295791131120480e-11
-2.799671957779954301e-04
4.670321345053330172e-11
-1.343084233718867293e-10
1.636695133620722853e-03
-8.079403021264781747e-11
5.913545592187707965e-10
-2.612594134600698670e-02
4.008738593924863624e-10
9.264739519510560470e-10
-7.014591444049313174e-02
7.185115225490423419e-10
7.263520699167215211e-10
-6.894544338317692977e-02
6.263302062558851944e-10
1.515921054734667155e-10
-2.436346853007638480e-02
1.710308282893931595e-10
4.464793865297610896e-10
-5.083294217077050786e-02
4.252520856547069796e-10
-4.578706453871329558e-10
7.060136970508500143e-02
-5.007009315129855579e-10
-3.154491301138794498e-11
1.321605681224215713e-10
-3.078848488894254097e-04
6.757153621744642223e-11
7.645480620388270226e-11
3.922318660870121402e-10
-6.168556929524620770e-10
-3.016549640630254020e-03
-3.656225809135262644e-10
-5.919867164721046817e-10
-7.664638575078896771e-10
1.056184240669941471e-09
7.442156849039658142e-03
6.402770846814326114e-10
1.095286686665466608e-09
-9.409563654554142794e-10
9.907852956897849589e-10
1.547679945549250945e-02
6.216623858211549917e-10
1.221828132709749649e-09
8.863927261782754763e-10
-7.052365570152431636e-10
-2.020824090349405966e-02
-4.584246626700786659e-10
-1.057048081037881209e-09
-5.129628432840367859e-10
3.491689812856697659e-10
1.616617594916604922e-02
2.179185742831914861e-10
5.833459737266816084e-10
2.546320340901597094e-11
-1.483480706088979378e-11
-1.162966702706215135e-03
-7.808515184526923432e-12
-2.655466923991758957e-11
-4.956444024780375006e-10
3.273131710868233395e-10
1.722366015075130208e-02
1.965576824315315797e-10
5.501227404284958563e-10
6.793577220143869299e-10
-4.378019401571532900e-10
-2.552519057251747409e-02
-2.515746440588701428e-10
-7.337340038330736278e-10
-4.749214417341768649e-03
-1.754334996945359642e-10
-2.932756098833317127e-11
7.278150434364441708e-03
-7.435309610421137731e-13
1.753193291018125327e-10
-7.064050945142929736e-03
1.846532314137392175e-02
6.812094693127242542e-10
3.102397334811461733e-11
-2.738778540499837294e-02
-5.302582469549013397e-11
-7.262596704868052108e-10
2.802449897416831731e-02
-3.308946632612002389e-03
-1.221568424882288493e-10
1.093016709332982153e-11
4.747789757793573207e-03
2.019532844529104339e-11
1.390759413450349752e-10
-5.124563791547884911e-03
-7.084225139846508923e-03
-2.588894328667742901e-10
2.561679021288746390e-11
1.000343934417487896e-02
4.509041551657204685e-11
2.953108276700477080e-10
-1.102469636820420026e-02
3.217464182078239379e-03
8.774115557695780522e-11
-4.086499805122121236e-11
-3.272893613325723785e-03
-2.829402350598833147e-11
-8.126865501948421339e-11
5.445915332281743744e-03
-1.390938706488631209e-02
-4.758181429885050188e-10
8.372019723512554641e-11
1.818156431998022016e-02
9.996549757442691360e-11
5.308716266245096716e-10
-2.216066831991149108e-02
-7.099507976612993293e-03
-2.117652260192343852e-10
8.338149389282835722e-11
7.822790429210618041e-03
6.355405427401115550e-11
1.989603331432675096e-10
-1.192812319790475736e-02
6.816982502821802500e-03
1.996067349513602856e-10
-1.074261786716673372e-10
-7.022945632304593289e-03
-7.507951639682478270e-11
-1.698707084250466016e-10
1.186871161122566264e-02
-1.323590279799212183e-11
-1.234230380067139442e-03
-5.018326668870111047e-11
-3.228443152962834903e-11
1.288926017197789767e-03
-1.008883712991207395e-11
4.427943942355455667e-11
-1.870704717156772496e-03
7.691216030943378070e-12
5.289718161903663233e-11
5.409523954117106785e-03
2.060070999951726524e-10
1.156075722066882104e-10
-5.123024422493713953e-03
4.916004139560685610e-11
-2.069056085442623644e-10
7.644633440510041275e-03
-2.537872851326464890e-11
-1.972820069730783194e-11
-2.442075239208168613e-03
-8.606941938714668670e-11
-4.996575582805986201e-11
2.151656874558709794e-03
-3.403644544871570621e-11
9.132860858823268465e-11
-2.968288405765389520e-03
4.618767200108916541e-12
1.862391489896942096e-11
2.452023626714229347e-03
8.566641822635113753e-11
5.873082031936115635e-11
-2.225733125852624034e-03
4.087540979729196425e-11
-8.418415985175182246e-11
2.789568874264172424e-03
-1.409028180194775896e-12
5.002832711909365931e-12
-5.802568776123635280e-12
-5.809919998319653701e-04
-6.900938274790511351e-12
-4.419409787340542121e-11
-1.528163089531492055e-04
-2.038454465174803595e-11
-3.326944632650854607e-12
-1.121876058437511941e-03
5.438120536260858969e-12
3.487653888289349348e-11
-4.883185339145011874e-12
4.121061260707679885e-12
6.864402706459723971e-04
3.812386688551061590e-12
5.009231950582716074e-11
1.466442719942318527e-04
2.345487317536832157e-11
6.945865810826331069e-12
1.314637283739825916e-03
-6.219080303071773538e-12
-4.223348025351472600e-11
2.383690938063810869e-04
8.797958811914375843e-13
-7.827991415111091385e-12
8.574755409249262285e-05
-8.928313244108734665e-12
1.738660586396073553e-11
3.711961763136554767e-04
4.814814702642571896e-12
1.500842666259563729e-11
3.948674899704684668e-05
-1.180918167092192055e-12
-1.970279511099689289e-11
1.288310736994894776e-04
-5.991392350758083296e+00
7.678147104594027716e+00
-9.024718201275502949e+00
7.518307237260956732e+00
4.183728369826740234e+00
5.178968600384493470e+00
4.664636201495572010e+00
7.187219318673906399e-01
-3.587192083365776885e+00
7.657516461031695698e+00
1.742998115807097165e-07
-4.685389429515865456e-03
-1.624328541010176613e-06
-2.722959580363841134e-07
8.664295835767003157e-03
2.885031045437548182e-06
1.759183007046756175e-07
1.179698022673257010e-03
-1.949759885072099885e-06
-1.038798486230163229e-07
-3.743297826726288587e-03
2.048085380301589298e-06
-3.182168446773323181e-07
3.434522302418503703e-02
-3.067970535293445827e-07
-2.691234597859553144e-06
8.769717371767994651e-02
1.760995042106102914e-05
-3.015402798164169968e-06
8.772195586355513441e-02
1.888986867133159110e-05
-7.197917372257090446e-07
3.123079874701624806e-02
1.098918593642651918e-06
-1.951235374161148702e-06
6.560268665981063008e-02
9.110884445759015734e-06
2.202351309419661793e-06
-9.012008628461701254e-02
-4.915886276685394920e-06
2.570077497432258458e-06
-2.870004899036065955e-06
-7.395451682471118615e-04
4.952325533792919590e-06
4.236266414123008590e-06
-4.372210402512186929e-06
5.589271156950825802e-06
-1.955808452691917658e-03
8.010369528749177769e-06
-5.873344896607486492e-06
3.064356836929046868e-06
-5.662200887056619190e-06
6.328825290167674339e-03
-2.537310252044289578e-05
1.785392372180166823e-06
-4.629500733770544504e-06
9.101807975780801812e-07
1.569145714447874040e-02
-4.351864958556248339e-05
-1.306055085420469374e-05
1.066019994236715662e-05
-6.374018722626494605e-06
-2.165120522166157080e-02
5.994116183584897626e-05
2.772452244571340106e-05
-6.635984406316109357e-06
3.184211011690114341e-06
1.736749679642066863e-02
-4.763356508457989392e-05
-2.363298592496677959e-05
6.191131612310878677e-07
-2.844068799327040811e-07
-1.279550689831641854e-03
9.295885978815170925e-06
3.992388356221398103e-06
-8.178025185488294667e-06
4.667021352369745034e-06
1.862165891183529057e-02
-8.408160610906191708e-05
-3.729416329266531106e-05
1.391016408176597345e-05
-9.631286585398802117e-06
-2.770916132421054334e-02
1.703385156585013533e-04
7.096197340430487400e-05
4.619159150600669374e-03
3.803656442467015710e-06
-1.993676292377069467e-06
-7.561805099077543481e-03
1.965476315602238710e-05
2.020476817759838658e-05
7.203347763334540244e-03
-1.811759031049393204e-02
-1.636668952658396130e-05
9.199855607664992233e-06
2.978384391205573731e-02
-8.779467244911945216e-05
-8.045127177804987321e-05
-2.826853463965950386e-02
3.277824989463901367e-03
3.182666277718833662e-06
-1.917462724406505670e-06
-5.416515329715575373e-03
1.783665337654383423e-05
1.459562661012676550e-05
5.116879127096331248e-03
7.028302088387452899e-03
7.300623742690125147e-06
-4.293130896143778632e-06
-1.159405968076432196e-02
3.984564049219210883e-05
3.254732610440164598e-05
1.097333476317836898e-02
-3.285634654866131758e-03
-7.812252932871210318e-06
3.660193483013670995e-06
5.388606881777600367e-03
-4.334689005067960343e-05
-2.663444578855027917e-05
-5.118613556182287014e-03
1.389922988451679393e-02
1.919228207661903267e-05
-1.022803331441118927e-05
-2.285139354909576301e-02
1.015598450250069801e-04
7.605429565234146302e-05
2.169780392102062250e-02
7.265034751039993292e-03
1.417414605261788781e-05
-8.245288474013832869e-06
-1.210271605340506804e-02
8.868255056452748310e-05
5.089563842902493048e-05
1.130852127075016554e-02
-7.112613531226593365e-03
-1.314599111618657888e-05
1.022447640645085136e-05
1.213029403005290614e-02
-9.798174780722922173e-05
-4.681527804954635741e-05
-1.104851370460452169e-02
-5.623318851741529804e-07
-1.284032096206689372e-03
-3.274081985847055712e-06
6.255900758265216073e-07
1.376813229199876478e-03
-1.027365724920873669e-05
-9.263721394281158425e-06
-2.011864866896400077e-03
-9.869029089369648077e-08
-3.167175117118176539e-07
5.436802575972415723e-03
1.019540869700820387e-05
7.583144356915658331e-07
-5.346152940408995316e-03
6.599522110198616047e-05
5.552493212369117957e-05
8.542261233744609383e-03
3.591952170845989413e-06
-2.233370257491211611e-08
-2.338016035198695573e-03
-2.846899794571558036e-06
-4.078874254022446394e-06
2.117029207586827375e-03
-4.706062517792588732e-05
-4.035505351575754913e-05
-3.694238883584784194e-03
-4.253738437129290282e-06
1.051772832034328290e-06
2.343756721323701081e-03
2.959549500115353805e-06
6.220775411205900652e-06
-2.136645088147842275e-03
5.229589913115343546e-05
4.668766314854104650e-05
3.707063348001481823e-03
6.017764065141058716e-06
2.578819976687102352e-06
1.106929133785227552e-05
6.745363410089518647e-04
5.136833688589849086e-06
-3.699855481164413976e-07
-3.832861200777318452e-05
2.484414599548978066e-05
2.689423876877791925e-05
1.083259369967510665e-03
4.428902567151689791e-06
2.997160747420899448e-06
-2.318486575817837860e-06
-1.114153462480908100e-05
-8.015395743481219977e-04
-4.807086578720505192e-06
-2.457138781133859280e-07
6.879296603413804730e-05
-2.240718722927011341e-05
-2.551772795500177913e-05
-1.280156166941752265e-03
-4.043355911358890355e-06
-3.188177195557811636e-06
2.742429147594567214e-04
-2.449908968711642738e-08
3.030448089051331981e-06
6.983461377339840741e-05
-1.238800533839308883e-06
1.302359426669136764e-06
3.298470585800007964e-04
8.429582595219090377e-06
5.894267636815560974e-06
1.164615760451286660e-04
3.755196973511539278e-06
-2.821570272820558258e-07
1.240698110271491197e-04
-7.363304551502948492e+00
9.723714624997160882e+00
-1.129430589882584535e+01
1.053235291654700845e+01
-7.116514953460274739e+00
-8.627364913226690746e+00
7.701547076640880896e+00
3.819875491287331837e+00
4.105277344607558554e+00
-4.493912117165270725e-01
2.954146860774686356e+00
8.016170180957235658e+00
8.533810906964023338e-06
-4.313853875106751366e-05
3.007630721721653503e-07
3.968975731053150240e-06
-6.952714344819723640e-05
5.804887285881737065e-08
-4.438081584054153210e-05
3.837320101541703290e-04
-1.292565759162446422e-06
-9.541890759495580117e-05
7.899832368773242490e-04
-2.864668146220725496e-06
-1.492598423855407731e-04
2.306159458864412079e-03
-4.708048772492387836e-06
8.569595760864225629e-05
-6.427706081806279677e-03
2.446512702856832605e-06
4.701986801934810887e-05
-1.340563232074414718e-02
-3.054654011118291848e-06
-2.256598724424219518e-04
2.132356194924501375e-02
5.859072832762888764e-06
-3.287255893276608168e-04
2.018897003886545999e-02
3.963133298016899887e-07
4.760382083487073443e-04
-2.765769976123692853e-02
7.055016660240703133e-06
5.106337421973380443e-06
1.062239701320381413e-05
-2.905831980744547527e-04
2.674477733325736247e-06
-4.248737668960520973e-05
-7.518232606065282715e-06
-8.189921062560079205e-05
-6.587329058408170502e-04
-9.975084902964723177e-06
1.285590972807438312e-04
9.694674915694809550e-06
8.724954235650563071e-05
1.998372604394192242e-03
1.042271867588593913e-05
-1.416413417025877419e-04
2.573139594788308060e-05
6.012738544503992840e-05
1.111423950468649197e-02
8.072207384416471785e-06
-1.604988199584610133e-04
-1.520327481963039581e-05
-1.138009355509144360e-04
-4.202983538041789313e-02
-5.683702618755647695e-07
3.395441204337079828e-05
1.181040293182003184e-06
-3.071978526745844157e-05
-9.036301494031109480e-03
2.386024023626616666e-07
-1.010883164220454141e-05
8.826485620044241417e-06
-2.375937404034331440e-04
-5.212785363297535446e-02
-2.738624475788617613e-06
-1.840362129749021771e-05
-6.154983004431001823e-06
3.633949368897963317e-04
6.247746497275350613e-02
7.452304535960618194e-06
-3.918356462508175675e-05
-3.111619426686185144e-06
-5.666577296714714438e-05
-9.824942381095191565e-03
-5.372639504732493942e-07
1.061015280673433583e-05
-6.012867179019474253e-06
-4.564185162712562616e-04
-7.452487545279214143e-02
-8.099652973357794462e-06
7.766922888183482216e-05
6.596325603271712746e-05
-1.794442184894660605e-05
-8.038840416744892886e-05
-3.698383867194652804e-05
-1.110452367498215445e-05
3.656439499930234108e-06
8.322939811460257614e-05
5.345821920928939177e-04
1.143640832965686491e-04
-1.048943518313643725e-06
-2.361837269495630550e-03
8.457412853264339130e-06
-5.738091230405204885e-05
8.989585981483727865e-04
-3.165677372346191844e-04
-4.580199877317662848e-06
1.297222207754645086e-04
8.628980775722472005e-04
1.220460849376150570e-05
2.234034059214119709e-05
-4.949012798791030312e-04
3.174220881805420624e-04
5.837751339529206554e-05
-6.371781110874787514e-05
-1.366783964666235885e-03
-7.606492811854836880e-06
-1.713330529187080044e-05
5.038786767121248428e-04
-9.739234418460204030e-04
-1.601625127427450611e-04
3.006747119210453510e-04
4.834165752523985476e-03
2.117248789933436751e-05
-5.033492168538192252e-05
-1.517346730573715385e-03
-7.284278057856896074e-04
-1.174307396540537904e-04
2.689328357924882710e-04
3.852972289392043396e-03
1.922642603198326331e-05
-8.414003586487945696e-05
-1.117564876920441571e-03
-9.277002943591585197e-04
-5.771094558784800057e-05
5.455108290940963557e-04
6.407309569034878166e-03
-1.042059840533398748e-05
-3.058557437228220477e-04
-1.391400448279028366e-03
-2.272714343159188137e-04
5.570614471433365935e-06
1.707487016699922090e-04
1.803205473804957290e-03
-9.773860994213773637e-06
-1.014182857488559163e-04
-3.369645779054525857e-04
3.807413605930501897e-04
-4.079688716474702065e-06
-2.930615018774433093e-04
-2.930360377220171675e-03
1.244208107812099191e-05
1.472727857903584770e-04
5.627148581986650931e-04
-9.127527494690369260e-04
-2.921612867101407941e-05
7.275924058840119429e-04
6.555843159461624894e-03
-6.499969982379993569e-06
-2.345841525908699550e-04
-1.339546955542600610e-03
2.191128203409657693e-04
2.920597855353904496e-02
-2.891324926175502089e-04
3.948355775646979551e-04
-3.874108012039707144e-02
3.143392968577917801e-04
1.974745404244941096e-04
4.547030449166380994e-02
-2.949713466911390051e-04
7.049303407708328180e-05
2.056099545942377885e-02
1.314727266389618824e-04
-1.360955780447238800e-04
-1.966475828819873317e-02
-5.289000708034132165e-05
-6.312977448042167384e-05
3.199198367661287845e-02
-9.075346365276481240e-05
-1.914984768107291056e-05
-7.392264414766418212e-03
-1.010732487341397840e-04
1.180063025986585816e-04
5.965830174498008148e-03
6.182981879916411155e-05
2.360526133356184139e-05
-1.148978923039607226e-02
2.171907590864280185e-05
-2.158203897827398884e-05
-8.314518334263951496e-03
-1.327504839177062821e-04
1.599893434135641083e-04
6.232295000940192911e-03
8.567022769134974064e-05
1.291606417681118689e-05
-1.291441522529608588e-02
2.331838942300051888e-05
6.190662443059852303e-05
9.451611210771530824e-03
1.260312763702140675e-04
-2.814225939478313780e-04
-5.696726606298793336e-03
-9.592242293530569490e-05
7.742941635681258646e-05
1.467471554483819503e-02
-5.455066480593253784e-05
-1.527946784231229514e-05
1.733391713057820830e-03
5.956339665348504673e-05
-1.373643220987083431e-06
-1.556308335651542104e-03
-3.497259399912509777e-05
-2.961656569852572137e-05
2.686017306605576176e-03
1.266442278891058700e-05
1.080425930083526754e-04
5.502186777017096554e-03
-4.355620620222477044e-05
-2.877873102968811405e-04
-2.440483347582441797e-03
7.364494036688844813e-06
1.295950364104435707e-04
8.564599939802802417e-03
-9.840314307697656270e-05
-1.703673160001224147e-05
5.033035973741447955e-05
3.778067372959721128e-05
8.061807424221471458e-06
-2.394309639340909434e-05
-3.780890519865863866e-05
-6.816727501103094937e-06
1.686340612047244739e-05
4.233736313822027055e-05
-8.886655820594004102e-06
-1.721378448194999422e-05
7.859253182743861023e-06
-6.956229307904197444e-05
4.443475858719903325e-05
-6.937567582938342047e-06
4.236389960299611441e-06
1.727977386771660713e-05
-3.101416431777143052e-06
1.736287884797146235e-05
1.054253137291176912e-04
3.834525229691185049e-05
5.115927843650241340e-05
-6.110189713258189003e-06
7.724571233718157412e-05
-7.301659074792981544e-05
-5.803635044284968428e-06
1.356021759150462767e-05
3.203926865350870991e-06
8.511131689655701538e-06
-4.105857045743200977e-05
-1.741411959059661440e-04
-5.323123140507224750e-05
-7.409626102330402176e-05
2.910777434267643681e-04
-2.505233392310098937e-06
-1.245929536003452462e-05
2.893531290370555693e-04
-2.202939061569862927e-05
-3.739093137709214231e-06
3.995963433050063853e-04
-4.946493400667517632e-06
2.075465704975588293e-05
4.533850395457064957e-04
2.271928958428953515e-05
-2.576601316947265042e-06
1.339435306208900289e-04
-5.991310630924790104e+00
7.677259696102210818e+00
-9.021348574608289539e+00
7.504713713771858252e+00
4.166725436330438015e+00
5.145222609808819847e+00
4.616724734533838692e+00
7.091019876169160074e-01
-3.539939591058583357e+00
7.548440012066953031e+00
1.049552649699322502e-05
4.421682109544008976e-03
1.287250593623730341e-05
1.285106759245768731e-05
-8.589391973845351622e-03
-2.806624551862804025e-05
-4.496674108648795565e-05
-3.988170662049810998e-04
2.423450768964146828e-05
1.274909788143896623e-04
1.756328894852762779e-03
-3.740275741849401832e-05
-2.439060372697342879e-04
-2.626655459630311551e-02
6.611095696864766513e-05
-2.439918301857194201e-04
-6.991904529287847059e-02
-1.327759054770357464e-05
-1.398378376517495547e-04
-6.925961456071709488e-02
-1.172652480420432982e-05
-1.832598625992529196e-04
-2.480390916426429906e-02
4.593752962452301414e-05
-1.381868788553278899e-04
-5.162145985712544155e-02
3.872718124735006540e-05
5.955648808050755015e-04
7.150883264443215481e-02
-1.185760177945262262e-04
-1.799072093590907027e-05
-2.973596703825704974e-04
2.501314088555572739e-04
-1.228166420494645835e-05
-4.517662376481139809e-05
4.705374788026975611e-05
1.303588256301878431e-03
-5.218190455655906390e-03
1.935922919072593972e-05
5.515490909719795976e-05
-7.700730737477818049e-05
-1.715581167762440318e-03
1.030392832004412181e-02
-3.359908024294112476e-05
3.629242569797545029e-05
-8.480602098298333673e-05
-7.454665272844361330e-04
1.666125522961255101e-02
-4.074366686839898867e-05
2.882565590853967117e-04
9.390393888501122582e-05
-2.445263823530359070e-04
-1.967521272900047205e-02
4.569994934430366681e-05
-4.300293186714326788e-04
-1.076051732770624548e-04
2.986073425680947093e-04
1.560153714654155706e-02
-5.041085630369081044e-05
2.476786420329489232e-04
1.578109794314809888e-05
2.503310909216889798e-05
-1.176443811041511618e-03
6.241540492264277041e-06
-8.722922208569260180e-07
-1.568587611481177409e-04
6.604245381497728497e-05
1.689537093338132692e-02
-7.017186978987162676e-05
1.674481620878027338e-04
2.880859912695561752e-04
2.310598715484671968e-04
-2.537520219881850281e-02
1.286255574528739779e-04
-1.135380543451501210e-04
-4.453397706372054163e-03
-8.240986371134282002e-05
2.899775443426391795e-04
6.718401696292921471e-03
1.412934605990090411e-05
1.701979301608561588e-04
-6.957595528791896133e-03
1.749955275045127212e-02
2.985950719593109294e-04
-6.971532195079445339e-04
-2.566850213597447750e-02
-3.063129642674409014e-06
-4.838159442494551171e-04
2.736706808520615944e-02
-3.169144371114587886e-03
-4.884869148278130296e-05
4.466477349229577170e-05
4.523420647830600147e-03
-8.368980905643774178e-06
5.412716068114864910e-05
-4.960735489716722006e-03
-6.802361826509489146e-03
-1.055210541684749846e-04
8.729771575368355059e-05
9.528621161447377308e-03
-2.279893607072999684e-05
1.119596094100270157e-04
-1.065735277922890030e-02
3.362845910410497581e-03
4.218322651010072771e-05
1.203594227982874193e-04
-3.471767040273044183e-03
-1.645544378983001982e-05
-1.737509953688734466e-04
5.435197253993879866e-03
-1.363506380533646700e-02
-2.038884885011201669e-04
4.115060807743657254e-05
1.759492126635511453e-02
-3.584602946489550492e-05
3.025538987084250633e-04
-2.152308553038191630e-02
-7.382520597859000208e-03
-3.010314820502129704e-05
-3.976989262173320381e-04
8.400257025134022851e-03
4.593494855910478230e-05
3.051642865011964861e-04
-1.188634126355806071e-02
7.347530699049557509e-03
-9.789398974153431415e-05
7.743574894837997784e-04
-8.262162719930528365e-03
-7.926533945432834218e-05
-2.464989529211569644e-04
1.191657647682687823e-02
-2.470842381992222972e-05
-1.177082300711588961e-03
1.987747309947619323e-05
3.151771958471500561e-04
8.513820399750898901e-04
-4.364311591882574207e-05
1.149507634332215766e-04
-1.833606193952883913e-03
2.002593852540695261e-05
3.172651175032602879e-05
5.116010496038389879e-03
-9.373838228864871070e-05
-1.150102177529383190e-03
-3.640300180212911827e-03
8.847195600091653262e-05
-2.949001111838029537e-04
7.899881600554067504e-03
-6.440720021479307683e-05
3.587147005088732877e-05
-2.353695871301018146e-03
8.899568800528038939e-05
5.616377436004849283e-04
1.534876534032225681e-03
1.316860813793964900e-05
4.458911353755135916e-05
-3.571506003539309804e-03
2.158331816995744183e-05
-4.746940335612295932e-05
2.443743278384675078e-03
-1.421451643765692021e-04
-6.368974907701343679e-04
-1.547080751985289515e-03
-1.315238365173334137e-05
-3.660189713367729416e-05
3.693189695895426720e-03
-2.670317264122654548e-05
1.328284035787238621e-06
1.549075011593989187e-05
-5.949787447494404163e-04
-5.051346692111816604e-06
-2.400864148994655376e-04
1.862819231249273027e-04
6.491245181686069679e-06
-6.356754413068133188e-05
-9.501420112454550451e-04
-2.027808627796232171e-05
-8.696540975608350670e-06
-6.418701906853540684e-07
-1.193311127948580482e-05
7.006498051397433077e-04
-1.663408234104616235e-06
2.793032724536299210e-04
-2.363709013809390342e-04
-7.764588960158196035e-06
9.206087932309781139e-05
1.120214450231100684e-03
1.781345291456715196e-05
1.595480255575631166e-05
2.767328259126057956e-04
-1.060150382904832521e-05
-8.986629990791199132e-05
9.886819349611823302e-05
8.851147398538613046e-06
1.910468931180466954e-05
3.342405709863554989e-04
-1.579217148221046468e-05
-2.731818630826338438e-05
1.352753459923147902e-04
3.689136439642211774e-05
2.331899324579746777e-06
1.417425104591577033e-04
-5.991392320039763852e+00
7.678146962111618734e+00
-9.024718799210880604e+00
7.518308866338965224e+00
4.183729391311175938e+00
5.178969359962391827e+00
4.664636161733740849e+00
7.187218574853427855e-01
-3.587191422094811344e+00
7.657514199264220167e+00
-1.379811622064448751e-06
-4.685195579621825000e-03
-8.154931745205002418e-07
2.547535232933622236e-06
8.663655205027605277e-03
1.552428199071617552e-06
-1.774584505227215247e-06
1.180545399058494658e-03
-1.095299839567491606e-06
2.076289660320560575e-06
-3.744949358052216803e-03
1.379653378677589268e-06
-9.968638835523947578e-07
3.434936781056957544e-02
-1.053130833205305181e-06
1.396471619900190614e-05
8.770036059210291335e-02
7.229989426001128877e-06
1.544120624927594870e-05
8.772207476425195050e-02
7.882122715807813432e-06
1.007566906936048819e-06
3.122993821361237654e-02
-1.680920907439809100e-07
7.590662990596546476e-06
6.560148193943980688e-02
3.263052926448837954e-06
-4.229215363200275887e-06
-9.011825713886499611e-02
-3.626776576388492821e-07
7.930368408640791524e-06
2.266945779533743830e-06
-7.331561614452061608e-04
-1.080054482274244168e-06
-4.864239796959962656e-06
-1.549650500001638174e-05
1.166126437536374951e-05
-1.972169916614865352e-03
1.326914208556113543e-05
9.469912877876108810e-06
1.411980407153298357e-05
-2.683895064380912803e-05
6.348582363568828005e-03
-2.340883243057362631e-05
-8.258135331774848925e-06
-8.255749507582742274e-06
-3.708679493022320632e-05
1.569771026924244098e-02
-2.399091427547925753e-05
6.029050465079464182e-06
2.818424496514482127e-05
4.731475851164137640e-05
-2.164633915378230342e-02
2.652657544332640523e-05
-1.980278364826562734e-05
-2.027405836219322086e-05
-3.952117580402828012e-05
1.736839037192822177e-02
-2.546068742908052748e-05
1.606234467676114487e-05
2.485777959436952292e-06
8.284328857269058742e-06
-1.280583430151184489e-03
5.937821708291338362e-06
-2.416296475599693056e-06
-2.799143240239797907e-05
-7.205538830816554327e-05
1.862582182444812509e-02
-4.875948085540892225e-05
2.409536517603768580e-05
5.076988044522892505e-05
1.469157543517621116e-04
-2.771742109208066504e-02
1.002594401746871762e-04
-4.510466216599811332e-05
4.620708767006897512e-03
1.457469131213967765e-05
1.767414108297099670e-05
-7.560167252366239467e-03
1.145682295531340948e-05
-1.431192002099097807e-05
7.200084917469476951e-03
-1.813423812819614511e-02
-6.143789768799640789e-05
-7.437069583674871601e-05
2.977369018582296661e-02
-4.660044134045100933e-05
5.748114488665143746e-05
-2.824062426682414154e-02
3.282634409337145329e-03
1.176310243487932038e-05
1.436469520226327991e-05
-5.413996010459149084e-03
8.727283816691400826e-06
-1.052813472332009027e-05
5.109274182650088217e-03
7.039875253904505185e-03
2.674530402610285899e-05
3.160788533380585726e-05
-1.158824953200470603e-02
1.910336988973962945e-05
-2.353530215215258279e-05
1.095524106386707233e-02
-3.284138076598260535e-03
-2.552112477928470863e-05
-3.294922428172244528e-05
5.385329271311440659e-03
-2.078706571248533857e-05
1.998248731672465177e-05
-5.120405152769152111e-03
1.392085735072850008e-02
6.716521107402266533e-05
7.764078662744760976e-05
-2.283813497332520814e-02
4.726800270223501042e-05
-5.576422821059133755e-05
2.166423733775795293e-02
7.254580868446952428e-03
4.560317210917831930e-05
7.112422527823624298e-05
-1.209558210007339457e-02
4.411440236236713683e-05
-3.706046715599218124e-05
1.132329406554614427e-02
-7.086632884703053699e-03
-3.938714272412188272e-05
-8.268235234256074580e-05
1.212166807634160182e-02
-4.999201497047787903e-05
3.240782485021063942e-05
-1.108716210971557627e-02
-1.805131965042320624e-06
-1.288486418372457483e-03
-7.638930198463473025e-06
-9.173613992103170806e-06
1.375334027131332962e-03
-3.533296499015633495e-06
9.900910381179887571e-06
-1.999207306316858838e-03
4.370605399279178378e-07
1.018259672298753401e-05
5.473202583161699414e-03
4.772810246137326284e-05
5.043412999207284994e-05
-5.346284800294389544e-03
3.261707708198059903e-05
-5.760793303349826731e-05
8.467870464021401769e-03
-3.952641766222154888e-06
-7.458077469223329674e-06
-2.368046023389193313e-03
-3.563548905554548435e-05
-3.293798511210666832e-05
2.124931732242521434e-03
-2.976946070740202306e-05
4.106397242782640962e-05
-3.642151715511297936e-03
1.880401393842399995e-06
9.972127750327781280e-06
2.376120644608261528e-03
4.076661368228997131e-05
3.820097724421754165e-05
-2.150398457538000088e-03
3.647474553944921722e-05
-4.727225562158615142e-05
3.650234194104740992e-03
-1.464677067148331627e-06
9.009110841439920011e-07
3.611191956050981517e-06
6.956841339942889876e-04
1.824243189588644476e-05
3.027027506294527697e-05
-4.896648184684542859e-05
2.154636566843522210e-05
-1.603085578796883452e-05
1.053118627775171496e-03
7.378915328368655316e-06
-4.347775161268856842e-06
-6.703270504662023156e-07
-3.392706055667817485e-06
-8.218801484734543274e-04
-1.673447475723484015e-05
-2.852217789792644401e-05
8.034580903195337302e-05
-2.091024905908102496e-05
1.487632751365056317e-05
-1.250744862706653542e-03
-7.949638995770931464e-06
4.285295750078970059e-06
2.744020472337835412e-04
6.775823656869239863e-07
1.920087069018712697e-06
7.606642032561287048e-05
5.589336003776966647e-06
8.332462203774779826e-06
3.245611949972579901e-04
8.294087082494061897e-06
-6.270201180376813786e-06
1.114052925103307576e-04
9.009884129709481830e-07
-7.248330912667341712e-07
1.277718613738098924e-04
-7.363288032233379354e+00
9.723676519732160628e+00
-1.129433427883171781e+01
1.053253459765141997e+01
-7.116738837176495913e+00
-8.627898688215879019e+00
7.702372919799480577e+00
3.820460894527137441e+00
4.105980087132792278e+00
-4.494601998939517506e-01
2.954693143330723970e+00
8.017646514658355983e+00
4.413121119328425956e-12
-7.104712761591777822e-05
-1.562833867612319179e-11
-7.332879932414160093e-12
-6.626953105374347257e-05
1.127851418784146986e-11
1.838558843625407266e-12
4.885811849007289272e-04
3.305510623608817026e-11
2.879657079064094782e-14
1.020069540764861893e-03
7.852939304322824332e-11
-7.303632407456472434e-12
2.677705917356457566e-03
1.517968723143245606e-10
-4.828572605136433528e-13
-6.682462520516097362e-03
-1.239764051416057280e-10
-9.769501730347996047e-11
-1.357591671435305104e-02
1.056453025902445817e-10
2.173736267905134868e-10
2.191694461180524606e-02
-3.008599597301016273e-10
2.359166050104292704e-10
2.103500440413591174e-02
-2.476184908089204077e-10
-3.614764527025761629e-10
-2.891163211129134727e-02
2.819172754695706376e-10
-1.364016532417157780e-10
2.547904184760199297e-10
-2.514044679959304683e-04
7.281112675313463113e-11
1.673928383026573210e-10
9.366530911386383904e-11
-2.527156296253924461e-10
-7.181892029456187973e-04
-7.996148185851595541e-11
-1.091547989430895509e-10
-9.265182482534636943e-11
2.876339647460182779e-10
2.068222201290563413e-03
9.149604928409202241e-11
1.015419261321100425e-10
-4.446757860304358456e-10
9.791603917928540465e-10
1.123080013162408401e-02
2.933729992277130741e-10
4.798337535095463339e-10
1.282501311185709549e-09
-2.292447189034078423e-09
-4.175848763952963449e-02
-6.772264318642598220e-10
-1.442219218960132277e-09
2.551685260699001722e-10
-4.194706293352361087e-10
-8.942698226714541898e-03
-1.240548869752156374e-10
-2.911248470812354290e-10
1.407298199581768109e-09
-2.183926304802684653e-09
-5.156997654731024922e-02
-6.532733539491436634e-10
-1.596013009315234578e-09
-1.471488192715604436e-09
2.081558301096268124e-09
6.173602798082281767e-02
6.330357525535882428e-10
1.657233800244358506e-09
6.999438961047516604e-11
-8.306761881279291598e-11
-9.664180455180665374e-03
-2.670614058411678391e-11
-7.904587075149131975e-11
1.266258232830541232e-09
-1.664233723682539822e-09
-7.349459240987342434e-02
-5.138622679145517392e-10
-1.422244144264339064e-09
1.287322080049190345e-04
1.119585879403391778e-10
-2.376085337708273376e-11
-1.142596372255171562e-05
4.658250852225932642e-11
6.903196866930458964e-11
-1.330993024540069122e-05
3.602224374116699216e-04
-3.143041317908757360e-10
2.792774385439544926e-11
-2.285616911527198637e-03
-1.720720752836601320e-10
-2.569242469574430622e-10
1.063681724433961084e-03
-3.378701931979490557e-04
-8.036341822522685981e-11
3.394923761862895626e-11
7.684162654316884118e-04
-1.880562917266973088e-11
-2.678478160552302781e-11
-4.279880324108753303e-04
2.918250248448274811e-04
-9.639804968130244157e-11
4.024895313487700569e-12
-1.342614852900458813e-03
-6.249900575098306563e-11
-9.436604998147556217e-11
4.827465291080445305e-04
-9.584926263473641898e-04
2.262490727265826559e-10
-2.757925270737958035e-11
4.697612517140393323e-03
1.563206592798840908e-10
2.483192541713656868e-10
-1.385003636889202503e-03
-7.647496247999030104e-04
1.204517744726143844e-10
-2.998113364649295735e-11
3.777442371975474941e-03
9.272617539229856881e-11
1.571627303217925572e-10
-9.644667095270664185e-04
-1.038917531920667547e-03
1.126822595383733297e-10
-5.669813832606960837e-11
5.879895159977844774e-03
8.907925316602817000e-11
1.595141396109677417e-10
-1.162407769735633806e-03
-2.557820204631841782e-04
2.779609257239799436e-11
-1.173908337341279836e-11
1.566230356180241820e-03
2.107446921101716638e-11
3.581820241440233403e-11
-2.822326837167775208e-04
4.151314848997843406e-04
-4.818118422898935285e-11
8.243009429878473866e-12
-2.511256929850737112e-03
-4.027600365985919210e-11
-6.492904876767618162e-11
4.685243793068112768e-04
-9.324020079509956916e-04
1.217064909545763162e-10
3.301685984579310263e-11
5.492606726902294137e-03
1.212562052837360589e-10
1.823187251144367713e-10
-1.097875986222948685e-03
5.391679063215616331e-11
2.929879243757994856e-02
8.725383620904350266e-10
-4.303886014166687750e-10
-3.723970717905410871e-02
-1.306895363844803280e-10
-8.516702310074036303e-10
4.459137980935305029e-02
-3.887349706402865181e-11
-1.295604421918307316e-10
2.046915019635955554e-02
4.602503835854589036e-10
-1.582687374560809728e-10
-1.944591817300020398e-02
-6.007015431843184034e-11
-5.809279119414897548e-10
3.166321988580862723e-02
1.050671264075624220e-11
1.194050426000982073e-10
-7.371930316166530085e-03
-1.299350566436380056e-10
1.222545833288066009e-11
5.944925875988315948e-03
9.691321474466541601e-12
1.900470202125266789e-10
-1.131185228409924137e-02
-2.193607206527199959e-11
1.830672031014485729e-10
-8.312535643708512945e-03
-1.217033916965609387e-10
-1.021254831977060898e-11
6.194501181532101677e-03
4.002700367055820115e-12
1.906609345248522252e-10
-1.263987692086268426e-02
-3.814809768855561622e-11
-2.066005810651423169e-10
9.543348010417403160e-03
-2.677352901308117956e-11
-7.463060363326238438e-12
-5.448985003236888128e-03
-9.019545057113791076e-12
-4.087675013973641239e-11
1.422001671816586557e-02
7.145792727648596320e-11
-1.089508346815900256e-10
1.722749276402132934e-03
9.953364055711946667e-11
4.266826827753441285e-11
-1.615527814308474882e-03
1.047483971378403519e-11
-1.189525513885463464e-10
2.592223691817639904e-03
1.277258189632859679e-11
1.703528878092772489e-10
5.564227952838197815e-03
-2.954288651029361053e-10
-1.579283926328348056e-10
-2.100179618306105295e-03
-4.850575609782089453e-11
2.712483801658727081e-10
8.491402445021256282e-03
1.289828886427492211e-11
1.958924618073038959e-11
-1.961456287811882192e-11
9.063769063813737067e-05
3.228780746858290818e-11
-1.487989045309672933e-12
-1.348407478738279739e-06
9.634351124188930307e-12
8.444883114752252500e-12
-1.027920636547473678e-04
-4.140723870158990700e-11
7.088464217593275641e-12
-9.567268699255837082e-12
2.740040130984173293e-11
2.960236075885209128e-05
-2.884466155749804822e-11
4.984374857495893412e-12
-8.724731280447114100e-05
-1.013488597467573262e-11
-1.117856928229402783e-11
2.959458318129872369e-04
2.732770280020956707e-11
-7.028605154792081758e-12
1.779478189723990360e-12
-3.887660508902991848e-11
-6.776580408452692063e-05
3.374431083063357909e-11
-8.488628436437462124e-12
1.525103664871025624e-04
1.598551038621822834e-11
1.097469615316887428e-11
-3.750358929611858597e-04
-2.219404606079695677e-11
8.914828777070515055e-12
2.775402148505370491e-04
2.992999128058182619e-12
8.191949043929812928e-12
3.240920013141372754e-04
1.448633522489970588e-12
1.925163477825722638e-11
3.880154580644202341e-04
6.588404107796029873e-12
2.111874106226684366e-12
4.945741030297769961e-04
-3.919276835122951944e-12
-3.394300516757557096e-11
1.270668585419891896e-04
-5.991310631249494811e+00
7.677259698513950958e+00
-9.021348574942841481e+00
7.504713716262610745e+00
4.166725443176144239e+00
5.145222625650381687e+00
4.616724753999198683e+00
7.091019909673346167e-01
-3.539939608835419360e+00
7.548440055725675002e+00
-1.639570739151581153e-05
4.421683129508939200e-03
2.653139467463492377e-06
1.788058280442685150e-05
-8.589394168050757533e-03
2.516247571748951047e-05
1.495890765973923570e-06
-3.988158444059668704e-04
-5.105960193630726976e-05
-3.135411316824968553e-05
1.756327019625429338e-03
1.291118198616756513e-04
6.470076669561171596e-05
-2.626655434330528102e-02
-2.442843433801593703e-04
1.334969473204167018e-04
-6.991905712831461561e-02
-2.046643711983861470e-04
8.007619920608665472e-05
-6.925962874439950401e-02
-1.152398867798910538e-04
5.184724223474314884e-05
-2.480391020361434953e-02
-1.816764742899197030e-04
3.555584710989786068e-05
-5.162146762644206216e-02
-1.390369584921694924e-04
-1.950937263616553906e-04
7.150883665174916082e-02
5.750623678588376742e-04
-3.012889069863962718e-05
1.593163535919497778e-04
2.501361831125810116e-04
-2.513802113493553841e-04
3.816884414356818810e-05
2.423996667700977067e-05
-6.685611066732707192e-04
-5.218207222976188608e-03
1.119261003175308624e-03
-6.832808529719622715e-05
6.993138753205569943e-05
8.868906866052764194e-04
1.030395424661808938e-02
-1.468937431969064922e-03
4.854569611907671924e-05
2.920377059555873730e-04
4.080207027422081073e-04
1.666127535212617861e-02
-6.252211609235303839e-04
-7.068230552532435819e-05
-4.193657744720954441e-04
8.268409551223788567e-05
-1.967522237421163306e-02
-2.346160458303846175e-04
1.336898950635592536e-04
2.682971722583248693e-04
-1.056457074361900683e-04
1.560154012849588462e-02
2.838069931017955685e-04
-3.064961578856249987e-05
-8.645911220181260953e-06
-1.792191757411325497e-05
-1.176443404547243251e-03
1.855853960517839176e-05
-1.323073228669650823e-05
2.234424084503001322e-04
2.775018140523971040e-05
1.689536996650373851e-02
9.228038313784784111e-05
5.212046472060020676e-05
-2.423680487158313306e-04
-2.269239276287292513e-04
-2.537519434971341123e-02
1.357909539121838886e-04
-1.927219741966235448e-04
-4.453397735114616313e-03
1.886002693129962781e-04
-1.572250793216431529e-04
6.718401242869617360e-03
2.440632735732560195e-04
-1.372972992862754062e-05
-6.957595514226671239e-03
1.749955283082692964e-02
-5.682927762968734359e-04
3.512289929212429802e-04
-2.566850294786809233e-02
-6.022209184080927306e-04
-1.668384480544654141e-05
2.736706801556513038e-02
-3.169144379620381178e-03
7.129951962893105297e-05
-1.508454914198527848e-05
4.523421280996435881e-03
4.286533033235058156e-05
1.524081290294797836e-05
-4.960735474284420736e-03
-6.802361841589045673e-03
1.497197047927415641e-04
-2.390420815008699018e-05
9.528622703637648628e-03
8.700153300691764423e-05
3.540450580417436416e-05
-1.065735274785112666e-02
3.362845874356829717e-03
-1.715641630675241640e-04
-4.592899604358833843e-05
-3.471768875636309631e-03
1.124620239056361461e-04
5.034356595205861679e-05
5.435197255921796027e-03
-1.363506379123745164e-02
3.639623275014435087e-04
1.046868920316630067e-05
1.759492565874496914e-02
5.356054096654934963e-05
2.529644629165587970e-05
-2.152308548831568386e-02
-7.382520532637702228e-03
2.793310783407686182e-04
1.590688621303481523e-04
8.400260801896092602e-03
-3.673848289104345455e-04
-1.265116370211482287e-04
-1.188634125081691056e-02
7.347530613289502202e-03
-1.645269088080373600e-04
-3.185331712253566686e-04
-8.262167275478515815e-03
7.102459374535528011e-04
2.080277445073004606e-04
1.191657645543933372e-02
-4.988789293627858523e-06
-1.177082306862127807e-03
8.961143640551385127e-05
-1.197925542800589924e-04
8.513808809743527101e-04
2.947730316439937047e-04
-7.468974787088887742e-05
-1.833606166712113726e-03
-3.141107360158878033e-05
3.991517677044337568e-05
5.116010502397803743e-03
-2.085212998765459088e-04
4.984321338002135719e-04
-3.640295459741810149e-03
-1.040253748398479788e-03
2.286297066691852413e-04
7.899881451320108980e-03
5.967948473978488096e-05
-3.662753780938600120e-05
-2.353695849106350602e-03
-5.882762032007207558e-06
-2.922232197782028904e-04
1.534873684483037707e-03
4.798082892741960389e-04
-9.936700608942900903e-05
-3.571505887469013200e-03
2.027398559624341359e-05
4.686044355869610197e-05
2.443743239135122251e-03
3.937462399107833044e-05
3.298390496628926787e-04
-1.547076988401679823e-03
-5.449932601059939447e-04
1.414022054891632548e-04
3.693189545716303677e-03
-2.775816641327246898e-05
-8.195606081661859974e-06
9.815949492782768423e-06
-5.949787231803180601e-04
-5.252545687458286001e-05
1.144215355385099625e-04
1.862824990062766375e-04
-2.111665626418086493e-04
3.615838950144675655e-05
-9.501419811225205164e-04
2.355442408227150885e-05
3.197989833923999854e-06
1.413824475874172934e-05
-9.460336628799536599e-06
7.006497817072328185e-04
8.055877712303266959e-05
-1.329271989359641880e-04
-2.363713415879522097e-04
2.457660288444378700e-04
-4.458990726223723027e-05
1.120214423892480597e-03
-1.924109996903506514e-05
-7.421583577831795936e-06
2.767331063485698513e-04
7.320280905619163834e-06
1.298428658897915270e-05
9.886802318579985399e-05
-2.808386553681801453e-05
4.124007058008179595e-06
3.342406597388510319e-04
2.444134484868006003e-05
5.993756897516297000e-06
1.352755684214608826e-04
-9.627216677951447711e-05
8.015109234571404155e-06
1.417424556507395370e-04
-5.991392351085607970e+00
7.678147106923128185e+00
-9.024718203800238925e+00
7.518307245637870118e+00
4.183728381733474500e+00
5.178968621629229219e+00
4.664636223406928295e+00
7.187219353365008612e-01
-3.587192099935879064e+00
7.657516496699376063e+00
1.319581115127735992e-06
-4.685386546783186154e-03
9.631168677743988413e-07
-2.362370909684906036e-06
8.664289127664006468e-03
-1.678348569263488644e-06
1.600325151609556696e-06
1.179705875912324085e-03
1.127307259710067042e-06
-1.721311664553211300e-06
-3.743310527259761586e-03
-1.114134263046636301e-06
4.231209323368168139e-07
3.434525085557933732e-02
-1.217589749938626248e-07
-1.390736971917546032e-05
8.769718343383253734e-02
-1.113519958716892972e-05
-1.485302957682303445e-05
8.772195288292640447e-02
-1.205612996674992838e-05
-5.920744518943158946e-07
3.123079395611337225e-02
-1.172829151668661141e-06
-6.915557433194701931e-06
6.560268245043739122e-02
-6.245191994725900791e-06
3.156986528403135438e-06
-9.012007217463399722e-02
4.365244168972331424e-06
2.383504311769815938e-06
-2.853481511833503959e-06
-7.395399333657275837e-04
-4.961756244713198951e-06
-4.343822037042521080e-06
-2.898897906782011865e-06
-9.733445392106317216e-06
-1.955824713547699763e-03
8.357034121823279593e-07
6.722713803956046315e-06
1.129165642156556054e-08
2.480762529235246749e-05
6.328849978247291438e-03
7.782207128227590367e-06
-3.545782736380997593e-06
-8.999081596284756911e-06
3.723572724926800038e-05
1.569147684336505075e-02
2.254691769280489251e-05
1.054028315029420057e-05
1.868270440304312230e-05
-4.872533837945242021e-05
-2.165121675823883374e-02
-3.549022508155166421e-05
-2.309484220691858134e-05
-1.715022526744542074e-05
3.966062073969227596e-05
1.736750509112283333e-02
2.657420781163120143e-05
1.756369972855854363e-05
3.148018156700169269e-06
-7.908304607022945736e-06
-1.279551264530818990e-03
-4.894238951885743230e-06
-2.532367404951408599e-06
-2.821004803555395444e-05
7.048409508610759195e-05
1.862166616535811808e-02
4.608238784710462884e-05
2.572968197889519774e-05
5.450161820856547418e-05
-1.427029236857806711e-04
-2.770916830027785049e-02
-9.350995445952174189e-05
-4.752778509350922696e-05
4.619159121746668588e-03
1.559651975321199420e-05
-1.602468225553726683e-05
-7.561802878429214197e-03
-1.155392746215527927e-05
-1.339658605830807924e-05
7.203347780781883293e-03
-1.811759020306513354e-02
-6.149152925523132703e-05
7.143264604198617325e-05
2.978383606442055326e-02
5.186449892417478469e-05
5.440014987979963941e-05
-2.826853469893860285e-02
3.277824971060354885e-03
1.104922899555643824e-05
-1.448832698172187979e-05
-5.416514057715253461e-03
-1.057886471727281689e-05
-1.005418233653840601e-05
5.116879135958818381e-03
7.028302049490926275e-03
2.453729689231574747e-05
-3.236090699213305235e-05
-1.159405710761599040e-02
-2.364070870510319593e-05
-2.259639741580628285e-05
1.097333478167460651e-02
-3.285634647544285504e-03
-1.916022314965796838e-05
3.570949298812886211e-05
5.388607359383283668e-03
2.484322956063806238e-05
2.008287118815383189e-05
-5.118613552937112052e-03
1.389922981756643548e-02
5.627024264948422036e-05
-8.283967401396972942e-05
-2.285139027642392115e-02
-5.963751338960124906e-05
-5.464850606095495751e-05
2.169780394579023941e-02
7.265034732126933806e-03
3.699044231706730102e-05
-7.267889152885177154e-05
-1.210271528397005580e-02
-5.148182345405842363e-05
-3.772309228458328647e-05
1.130852127046916636e-02
-7.112613518658076825e-03
-3.397076695964613725e-05
7.974268084773564918e-05
1.213029181124972850e-02
5.784544397472554704e-05
3.479246675053590765e-05
-1.104851370353530579e-02
3.666167503655314035e-07
-1.284032080352135374e-03
-6.385692889102441487e-06
8.584398913158827255e-06
1.376814621299467028e-03
5.678605705962600411e-06
7.467333676019225356e-06
-2.011864878202409591e-03
-4.376243366767695604e-07
-2.952261236500686341e-06
5.436802531322600628e-03
4.298880397792800368e-05
-5.753251074061951285e-05
-5.346158538917972908e-03
-3.234087772722098837e-05
-3.659208772666066412e-05
8.542261301225108003e-03
-2.070390790163393456e-06
3.694943846621828909e-06
-2.338016030574414147e-03
-3.352526586241370350e-05
4.279505431783196318e-05
2.117031196811829975e-03
1.999789389775010335e-05
2.264306486363572301e-05
-3.694238911113562496e-03
2.107601242025120038e-06
-5.737343745724833914e-06
2.343756720472755465e-03
3.895313489688898581e-05
-4.839986445382703814e-05
-2.136646479329492188e-03
-2.076059374691994119e-05
-2.590692462937797867e-05
3.707063356874575055e-03
-2.098098258249405153e-06
1.306241654273822029e-06
-9.370166251352226959e-06
6.745363502298314584e-04
2.072269340417201125e-05
-2.133058417255155666e-05
-3.832823293359323392e-05
-1.274250391758329917e-05
-1.789574573853272118e-05
1.083259427257326135e-03
7.371807418027741067e-06
-3.731946488787465225e-06
-1.601843004316028410e-06
9.072398587846812519e-06
-8.015395829990875753e-04
-1.969546657018948657e-05
1.952795199373439776e-05
6.879238438081252674e-05
1.099081630174471351e-05
1.692191867328769305e-05
-1.280156223056760304e-03
-7.627148039874933030e-06
3.602009767149937061e-06
2.742429581419748939e-04
-2.320868332185735254e-07
-4.767320419043626995e-06
6.983471163604139127e-05
5.723965559875822604e-06
-7.951376472342191147e-06
3.298470566167407839e-04
-3.086927088612355739e-06
-1.874294320483402693e-06
1.164616465086460519e-04
7.468460262878680427e-07
1.622759100891461756e-07
1.240697668236713004e-04
-7.363291612610464831e+00
9.723684583027930373e+00
-1.129432795119407729e+01
1.053249528212337793e+01
-7.116691860681175541e+00
-8.627792288112829056e+00
7.702216563764268997e+00
3.820346112653487669e+00
4.105823447706759666e+00
-4.494426978391239391e-01
2.954558216352653144e+00
8.017273557070508261e+00
3.500485327283943248e-06
-6.576794388376350296e-05
2.787256855774517886e-06
1.138323418112131918e-06
-6.733760586833604698e-05
1.226711922306116107e-06
-1.679489743038306400e-05
4.696893847403657281e-04
-1.434432148114948133e-05
-3.642803556551131502e-05
9.786496847717508600e-04
-3.084123460188403987e-05
-5.798854737182334451e-05
2.614144623446018438e-03
-4.828667734565506053e-05
3.342798115470389369e-05
-6.647020332610408845e-03
2.803213298864221562e-05
6.779605979905206372e-06
-1.355569436033860799e-02
1.707953388546800403e-05
-5.453929890865410893e-05
2.182293957883388660e-02
-7.887573593442809587e-05
-1.010437423912431947e-04
2.091272977189956653e-02
-1.122102162990290194e-04
1.659862539724998431e-04
-2.875197705242255042e-02
1.598262605784376905e-04
6.527614194905596054e-05
1.027157880798213463e-05
-2.748976024651008320e-04
5.495486843823117786e-06
6.309956886476875387e-05
-1.850229511033732693e-04
-5.423192093384649208e-05
-6.452046669362384657e-04
-3.351322862098660583e-05
-1.833326105694391367e-04
2.078008469948798955e-04
5.604021895803461105e-05
1.990437747962156469e-03
3.470649190396694363e-05
2.048046195034751297e-04
2.655009906402834032e-04
3.552526787645395219e-05
1.115581485152072373e-02
2.293129122991139008e-05
2.537647493349801521e-04
-8.419475789975064959e-05
-3.082210315910518389e-05
-4.179819421990069173e-02
-3.033953973958068180e-05
-7.783461285233694014e-05
1.355524809908579716e-05
-8.703829081515000618e-06
-8.960670498796657196e-03
-8.447194157856478288e-06
1.257882600928550216e-05
3.021327024266832117e-05
-8.222824204738792377e-05
-5.165583188928720565e-02
-7.327618229624172205e-05
2.291688181311356246e-05
5.392924016506223339e-05
1.313853223199863240e-04
6.184062645541443803e-02
1.163563390991482788e-04
6.011470626425884187e-05
-2.516483086197103948e-05
-1.389163245555075332e-05
-9.700358762006993166e-03
-1.464765690437479081e-05
-2.365602237248061964e-05
-1.385970237048957544e-04
-1.473953800097498848e-04
-7.367626711084838964e-02
-1.377011056138287466e-04
-1.376349979747978024e-04
-2.978318264278204526e-05
4.778074044056512338e-05
-2.992053981195745785e-05
-1.951252244169672477e-05
-1.030821177086400627e-04
-3.117371350889033886e-05
5.298021099983367811e-05
7.206193540615544145e-04
-1.596823669013679235e-04
9.364953083085760682e-06
-2.237513708076156738e-03
2.558232379788002607e-04
-3.519056652277933144e-05
8.793508230521783747e-04
-2.384365597707700931e-04
-3.803287459628350222e-05
4.353687791068551856e-05
7.716803040575401706e-04
8.650376776929674227e-05
4.750730271531666474e-05
-4.136942697209226123e-04
3.330474262352719019e-04
-7.599176816345143849e-05
-2.014320645732462509e-05
-1.311751050752852114e-03
7.454478292204636360e-05
-6.596889310434201660e-05
5.004368030203820055e-04
-9.714814155103735629e-04
3.266910264686855264e-04
1.086405040858725749e-04
4.627219946107763437e-03
-1.379366356841298081e-04
3.089403755746961871e-04
-1.555500866149373386e-03
-6.890400492226918163e-04
2.811100967276159313e-04
1.043814942057683792e-04
3.719692372631967087e-03
-5.851481119293742999e-05
2.852987687405694295e-04
-1.174624507161612166e-03
-8.425657459348131388e-04
5.075214849611699988e-04
2.129815690090476154e-04
5.957873489290510700e-03
1.218407367825041060e-04
4.846924671723947908e-04
-1.535808660977393963e-03
-2.030330743648309493e-04
1.433639205610756130e-04
6.367787553073868195e-05
1.620916712638398186e-03
6.252220593141538879e-05
1.317096396690628447e-04
-3.766778734524247664e-04
3.362893095126821721e-04
-2.312136015260342207e-04
-1.025520439408346846e-04
-2.604361791833122424e-03
-9.118442172455951632e-05
-2.170279469436666624e-04
6.190595485866169255e-04
-7.900649902021997933e-04
5.117179259647202305e-04
2.227598703511298437e-04
5.705833520261154902e-03
1.344166681312412999e-04
5.038147279219245579e-04
-1.432612133672686843e-03
8.725837929083392645e-05
2.889508633592026768e-02
5.160557664744990685e-04
2.923368699570005089e-04
-3.851964108431121803e-02
-7.860173353057233652e-04
5.979210701324272738e-04
4.550637970915428349e-02
1.718706719162705536e-04
-4.386724205242983573e-05
2.037975769506554166e-02
7.577746745206836239e-05
-8.233772182307188972e-05
-1.949456648716805726e-02
-1.387280972590106433e-05
-4.881643958432614188e-05
3.191244474636945050e-02
-9.654550307015762555e-06
3.382159914595387902e-05
-7.286111936362414318e-03
2.673287908159726424e-05
7.330322786999489946e-05
5.880897670445546684e-03
-4.147836052902780668e-05
1.269935489741369234e-04
-1.144881879247789357e-02
2.810208188451692788e-05
4.729811778466720581e-05
-8.158246929217368923e-03
5.344427305436444349e-05
1.001344257320224034e-04
6.112360704203743771e-03
-4.565584630295673265e-05
1.967930631701708742e-04
-1.286637381853520355e-02
4.054178244501820453e-05
-1.703573329903746900e-04
9.225160838729800500e-03
-1.135361862664929577e-04
-1.503515253601281061e-04
-5.424368433433369649e-03
-3.597078932537263745e-05
-2.978028407982517747e-04
1.465608187111629157e-02
-8.523901208862220556e-05
4.209335153088094748e-05
1.678079957175943613e-03
-2.025343961855691766e-06
-1.872977309384778546e-05
-1.566490934739014299e-03
4.425480635107035377e-05
-5.762718584072844892e-05
2.661332123074794907e-03
4.598741905454483554e-06
-2.824380192754468886e-04
5.468742194293311869e-03
-1.080646412549550071e-04
-9.330176905451414288e-05
-2.180340950044177238e-03
-1.305125286086543260e-04
-1.117400638798351077e-04
8.598582577042152356e-03
-9.843960053673314560e-05
3.985812779252231571e-05
-5.576958802045494713e-05
-2.687830913180363351e-05
-6.522584888106643239e-05
1.334596915986541296e-05
-2.977875813779448503e-05
1.649716497843761704e-05
-9.002630461508927826e-05
5.508276681949640847e-05
-3.001905051425719746e-05
1.119762232944696589e-05
-1.355738363064881804e-05
7.774487403707435818e-05
1.284390133905016741e-04
3.050172329698369275e-05
-3.759084992247129398e-05
-7.384975879675282490e-06
-1.699830196476750363e-05
3.936893146664450453e-05
8.230307104262335059e-05
1.939333312622282344e-05
8.261919640873545639e-06
-1.174442679411003228e-05
-1.159788704630355070e-04
-1.752159502332251086e-04
-1.411957189412937517e-05
6.003616307852149077e-05
3.780758197116640667e-05
2.162612312602226231e-05
-1.264507349180781187e-05
-1.259003652711214254e-04
-3.142502606232383988e-05
-2.409404380402222458e-05
2.883186608455630320e-04
-7.714254908833420595e-06
1.782925387046702885e-05
2.983953131407181270e-04
-3.403757963592905702e-06
-1.003055204082221809e-05
4.117562465673382625e-04
-2.047225206740113483e-05
-1.012157836085028731e-05
4.665187551301668055e-04
-1.032541267526912671e-06
7.360523274595262165e-06
1.359472102108677603e-04
-5.991284868840320854e+00
7.677204834952044088e+00
-9.021221130368644481e+00
7.504396470538672759e+00
4.166576865500254634e+00
5.145787471395095736e+00
4.618035989576944722e+00
7.093641015398348681e-01
-3.540932818323925702e+00
7.549760631295047375e+00
-2.040316510530720414e-05
4.600841828624975538e-03
-2.624019984671282016e-05
4.968911071977614606e-05
-8.966424078579983414e-03
4.079134768716336483e-05
-4.518497292547575230e-05
-1.674684025022719533e-04
-2.127749095958378180e-05
7.827335224495924877e-05
1.414936860300834579e-03
6.011694173328283194e-06
-1.346683771518856826e-04
-2.555516083533093674e-02
-4.522519262798818241e-06
-3.975288326985699208e-07
-6.963142718701911815e-02
1.289414519910245076e-04
8.531814926148984128e-06
-6.875659477564771693e-02
7.271435419262006652e-05
-9.823484602811324298e-05
-2.431767998741640388e-02
-1.474404713470251629e-05
-7.661696610083564246e-05
-5.078022301612451772e-02
-2.373132305737704677e-05
2.695692586825627771e-04
7.038442656342480674e-02
-1.444233861926405087e-05
-3.571538345104558696e-05
-7.938677942642105752e-06
-2.760245497197623714e-04
1.422769121259751912e-04
1.545313179675471911e-05
9.603331120304360371e-06
7.802565204961953843e-05
-3.245018159969634448e-03
-5.728525347111657496e-04
-2.539986058327729356e-05
1.745630216391071750e-04
-5.760621666031249063e-05
7.645987132105234660e-03
7.840048679391142805e-04
-2.014214977544958864e-05
5.968335925929700927e-04
9.139731204323625407e-05
1.531403101600216018e-02
4.167901745597368357e-04
-1.598164201289378945e-04
-8.437422055410721995e-04
-2.096470858506697065e-04
-1.974877741692072919e-02
-2.922277149111692781e-05
2.580635621103760397e-04
5.870745596038736943e-04
1.754025184591422482e-04
1.578898866217475980e-02
-9.805303304900389328e-07
-1.998835103360565733e-04
-2.527562376833077793e-05
-8.979001445259829025e-06
-1.147238148913837935e-03
-2.429742668486205200e-05
1.322465393545918595e-05
5.225300852553787113e-04
1.666852105899452969e-04
1.688081565251438321e-02
1.301915318453451223e-04
-2.049275957087455817e-04
-6.246577052237732922e-04
-2.204463163690825798e-04
-2.509229761485937127e-02
-3.640436209438410882e-04
2.915347586882019752e-04
-4.514495182349862953e-03
1.632767503775689596e-04
1.384418462548622449e-04
7.019291753796272348e-03
-1.095087827857900680e-04
-9.861554887479891696e-06
-7.178376855228959900e-03
1.786920669456992447e-02
-2.125472841160613217e-04
-4.247185657280602451e-04
-2.660451422773703334e-02
2.645686163017112354e-04
-7.651105279515975718e-06
2.814638465954460295e-02
-3.259902305134118345e-03
-3.959317525787754493e-05
5.406750003651329011e-05
4.649058317036700028e-03
-1.693606497224904201e-05
1.047038560322840934e-05
-5.087066091232608604e-03
-7.014948146969721132e-03
-1.196877251395963128e-04
1.129411381157943565e-04
9.808843815571833408e-03
-3.722341139719891957e-05
2.258302396687294065e-05
-1.091323218568385038e-02
3.566480078773710555e-03
2.693154557486274279e-04
-2.554402666685135588e-05
-3.417032763777199007e-03
9.147388289322642019e-05
-5.629510462695520710e-05
5.119028953855617181e-03
-1.419161610211015258e-02
-5.072721984423896003e-04
1.835237807315291474e-04
1.804307110677191850e-02
-1.350024752646324512e-04
7.740264630278451293e-05
-2.163128984449969386e-02
-7.738634111547838118e-03
-5.706897588743401958e-04
4.172371387528561997e-05
8.118542818766002339e-03
-1.649953718284386461e-04
1.895685621506818376e-04
-1.121133486200947237e-02
7.663595196142103903e-03
8.050808316185737107e-04
3.696456810389871564e-05
-7.553449813557151608e-03
1.626908242844826052e-04
-3.466198751171198789e-04
1.083667593638154049e-02
1.814207611706315985e-05
-1.200766866168429328e-03
5.795809306879525446e-05
5.412834164759805755e-05
1.219139503626289704e-03
-1.241555675909228090e-04
-4.881139143298743392e-05
-1.926460968286014151e-03
5.217960324249929271e-06
-2.564775797202380661e-05
4.945943573243958766e-03
-4.076483529959223527e-04
-1.907694826812953261e-04
-4.820443322068069039e-03
4.259213335780970061e-04
1.369869440601036571e-04
8.179218507913125005e-03
-1.220812919919628476e-04
-1.730617153774619959e-05
-1.994960762029255284e-03
3.844261933109991477e-04
9.575020197894459288e-05
1.963645983928639493e-03
-1.872557587570791075e-04
-3.554333375618792432e-05
-3.515520747879299999e-03
1.448779022293791678e-04
1.958484653526124615e-05
1.937120732340636992e-03
-4.810725511858797388e-04
-1.174167084038509491e-04
-1.999532516000559600e-03
2.126934836854420317e-04
3.571212313750136156e-05
3.491820953154724065e-03
-1.830391672120504874e-04
2.222535909737167215e-05
6.564990289497949985e-06
-6.784492424176866415e-04
-1.510940753562384480e-04
-5.059886907627233826e-05
-9.922296402408424011e-05
6.805246025966245956e-05
4.661824909943512995e-05
-9.794751077809257279e-04
-5.859141885745461570e-06
-3.777361323351494473e-05
-2.579102661876545759e-05
-5.603351494022192281e-06
7.960424872080753764e-04
1.735304374919176122e-04
5.469272869448959346e-05
8.286126540640200680e-05
-7.655892568342606509e-05
-5.692126663340763329e-05
1.149941712884036118e-03
6.681188164463122388e-06
4.214743765319880537e-05
2.375495592098290627e-04
-2.996309166342668378e-05
8.777304843614246806e-06
5.934944272648218775e-05
-3.139047715100406089e-05
-2.750549423111116063e-05
3.146731397418822511e-04
1.350943428259138341e-05
1.414406170057750728e-05
1.202605175100401419e-04
3.161310713230469280e-05
1.749415400084917101e-05
1.074992813479062984e-04
-5.991392320173564379e+00
7.678146960806992105e+00
-9.024718799028510929e+00
7.518308867230635073e+00
4.183729392688613657e+00
5.178969361236624991e+00
4.664636161160961692e+00
7.187218569045350502e-01
-3.587191410275313963e+00
7.657514143054631184e+00
-1.630973510049100620e-08
-4.685193902909732915e-03
1.602713027469017871e-06
7.065751211314810346e-08
8.663651524066966550e-03
-2.982459955454876527e-06
-6.148665253078245779e-08
1.180547488750008454e-03
2.084363457852777318e-06
1.570485548384542396e-07
-3.744952749514592494e-03
-2.487740381410288115e-06
-4.150765916955613312e-07
3.434937184181677261e-02
1.389056727735035086e-06
-7.230779117714415361e-07
8.770035489805054485e-02
-1.570992717404914721e-05
-8.959724833716828245e-07
8.772206834037603318e-02
-1.731429414282533504e-05
-6.496285997879670910e-07
3.122993758022518315e-02
-7.886192366074614951e-07
-9.703077291728572216e-07
6.560147912136667092e-02
-8.205618653198255318e-06
1.801367886459334318e-06
-9.011825504797429942e-02
3.844241249834273662e-06
2.472717418571342179e-07
-2.068542139797241647e-06
-7.331484605644760779e-04
-1.422985157186481100e-06
9.300187936524985710e-06
-4.523523235168025481e-07
5.659405133976743615e-06
-1.972185265054526068e-03
-1.673443309496984278e-05
-1.815670068425015730e-05
9.081876488054239620e-08
-6.850795195437028504e-06
6.348605577938332828e-03
3.494914662269583039e-05
1.635972978188114611e-05
-1.094471795013205382e-06
-2.231122056189306864e-06
1.569772889547891431e-02
4.411490672072677872e-05
-1.016137506879557613e-05
3.058377838583751906e-06
-6.862548540959539300e-07
-2.164634963847540325e-02
-5.423995124530302009e-05
3.430722303615728731e-05
-3.773736910421553716e-06
-2.288287725606742000e-06
1.736839971905088445e-02
4.695711021587123103e-05
-2.558770631200829823e-05
8.496949217103783599e-07
1.000113740036766988e-06
-1.280583278254626006e-03
-1.014336838816475325e-05
3.360837921021309542e-06
-6.871797305470939170e-06
-6.198589248398335241e-06
1.862582633969383020e-02
8.678194131847147481e-05
-3.628774414165566428e-05
1.367722329687828498e-05
1.336846676049714874e-05
-2.771741953051529150e-02
-1.773630512313045880e-04
6.651870829869319145e-05
4.620708767380242096e-03
5.107280972793154250e-06
1.084782280648321839e-06
-7.560165243050755504e-03
-2.103460362618921994e-05
1.977753005974407338e-05
7.200084926968082846e-03
-1.813423811237641764e-02
-1.906176268317963835e-05
-3.171511740098018931e-06
2.977368494784320835e-02
8.770700725612464842e-05
-8.194541972834095301e-05
-2.824062429898038795e-02
3.282634403139012610e-03
3.236192866689720072e-06
3.756215537823710806e-07
-5.413995547946045747e-03
-1.680383475209854446e-05
1.545085355733164277e-05
5.109274187560299343e-03
7.039875240522811863e-03
7.009749494661637085e-06
7.398899463298378649e-07
-1.158824875888016769e-02
-3.692492116326014594e-05
3.492900531108762637e-05
1.095524107364773646e-02
-3.284138067330327759e-03
-4.544808531604894830e-06
-1.527439466622757462e-06
5.385329993313380664e-03
3.892842609075583570e-05
-3.209295347162428310e-05
-5.120405158810278912e-03
1.392085732214636516e-02
1.471100415640858550e-05
2.114565423090090089e-06
-2.283813512194319412e-02
-9.087292912390783654e-05
8.604752557339520038e-05
2.166423735603230372e-02
7.254580845500774484e-03
9.293826930101168691e-06
2.641895604395726806e-06
-1.209558186723405648e-02
-8.365265283637289692e-05
5.802317377517993841e-05
1.132329408572214403e-02
-7.086632855499267608e-03
-8.372515144812788860e-06
-1.952969095449169287e-06
1.212166628939828975e-02
9.660112722581371144e-05
-5.031367739875269580e-05
-1.108716214170832326e-02
1.281042777813318022e-06
-1.288486409025061579e-03
-4.754997764147709990e-06
1.526849945460901493e-06
1.375335180336108992e-03
9.711185572129129377e-06
-1.156585006453479522e-05
-1.999207296925715159e-03
1.344751235699663244e-06
-8.514231704177947609e-06
5.473202574373922484e-03
2.602600160982490479e-05
3.030258625344557087e-06
-5.346288114288695950e-03
-5.998561780958982560e-05
7.013722723609170154e-05
8.467870503248826897e-03
-6.842023455054398942e-06
5.357420198433445760e-06
-2.368046042270156946e-03
-1.774474795082074633e-05
-9.312164097634703029e-06
2.124933467611963764e-03
4.340979258009900165e-05
-5.139301850507923104e-05
-3.642151777150891105e-03
5.518660054456799293e-06
-6.254406670834113627e-06
2.376120668663841973e-03
2.055570629237312726e-05
1.248763015335147218e-05
-2.150401251891487404e-03
-5.132030363360883934e-05
5.894084926894583963e-05
3.650234253966213108e-03
-7.903751567403269630e-06
3.314811095112036329e-06
4.584765520712404677e-06
6.956841338955570926e-04
4.761911541299110555e-06
3.524627939434620988e-06
-4.896718306239897364e-05
-3.698795196929133646e-05
2.381382944666225699e-05
1.053118643148445114e-03
-6.816826163844363775e-06
2.954042938683612886e-06
-3.375989948292153853e-06
-5.188265302255276746e-06
-8.218801484280928264e-04
-4.516038027350451863e-06
-3.847794930857300532e-06
8.034656514093070894e-05
3.515598913451399902e-05
-2.193064279817772802e-05
-1.250744880848747706e-03
6.912972572820160570e-06
-2.723097464959993192e-06
2.744020512213343364e-04
2.889252668054098146e-07
-1.797652761787890582e-07
7.606629865880866199e-05
2.635476496028087487e-06
3.016687701394832994e-06
3.245603509507265379e-04
-1.136314802926050683e-05
7.975626666919136083e-06
1.114053305630233870e-04
-2.113330757834642792e-06
9.491901102874445151e-07
1.277717860983614202e-04
-7.363291612859073965e+00
9.723684583572968165e+00
-1.129432795072054851e+01
1.053249527931706453e+01
-7.116691857380876840e+00
-8.627792280992609975e+00
7.702216554760012102e+00
3.820346107013703474e+00
4.105823439497453542e+00
-4.494426965694580667e-01
2.954558207913794199e+00
8.017273529840409196e+00
-4.164104434517744087e-06
-6.576828942681302596e-05
1.637840529681969275e-06
-1.631522730195706159e-06
-6.733731613724096082e-05
3.724827626214606332e-07
2.082009371979906263e-05
4.696900289813528916e-04
-7.372543709011063291e-06
4.492352861140686123e-05
9.786512347662932980e-04
-1.612674765014964018e-05
7.081215958701668261e-05
2.614147722616901037e-03
-2.607576621066191083e-05
-4.099086475690520850e-05
-6.647023637252183481e-03
1.493304966469990815e-05
-1.818106869687569001e-05
-1.355569557553849488e-02
-2.668201204428933517e-06
9.557770977611000716e-05
2.182294113010180281e-02
-7.795355588445194780e-06
1.476985039560497776e-04
2.091273174879372185e-02
-3.140210248110188748e-05
-2.214064576625154434e-04
-2.875197891842463591e-02
6.383620128756485297e-05
2.200747417670609018e-05
-9.894657583978428380e-06
-2.748994823000544931e-04
6.147644896437997808e-06
-8.808045626829995377e-05
-6.625906346345660739e-05
5.613891594960768156e-05
-6.451993889684723947e-04
-3.020953469952077276e-05
2.519007908556764085e-04
7.346544158018035551e-05
-5.807640526024179843e-05
1.990432502063207727e-03
3.117892573982185495e-05
-2.823630370572940756e-04
8.701535015609519253e-05
-3.762027436685148581e-05
1.115581026314664374e-02
1.929990929289322494e-05
-3.568125668269637551e-04
-2.530662746123195708e-05
4.168242623814915802e-05
-4.179819355538531150e-02
-1.152247216759081199e-05
1.118309527831484442e-04
4.116516326805189127e-06
1.166676310010460203e-05
-8.960670652420085411e-03
-3.314053658108280445e-06
-1.802882903586454922e-05
4.743030882513932322e-06
1.045697862633317941e-04
-5.165583094849332535e-02
-3.457318935982919746e-05
-3.762514693524965245e-05
2.509304806476120818e-05
-1.664569204269896645e-04
6.184062407907743586e-02
5.560440377006656732e-05
-7.676015501760638038e-05
-7.904135550071632571e-06
1.963093352011617565e-05
-9.700359300738314872e-03
-4.706677066009812666e-06
3.362133986308467846e-05
-4.989411561408974721e-05
1.929477018328889051e-04
-7.367626653650774515e-02
-5.879726848566546235e-05
1.888449569773292998e-04
-2.978319944430902200e-05
-5.088755652864579518e-05
1.042320851876574525e-04
-1.951335345309339369e-05
2.562924273746539685e-05
-2.579223536525920691e-05
5.298018916066899868e-05
7.206193925574246430e-04
4.936521325413819049e-05
-2.262321535259109360e-04
-2.237511620313650459e-03
-1.198016887007620691e-04
1.558834859159229482e-04
8.793508830730948885e-04
-2.384365430860395916e-04
6.015891600340706608e-05
-9.668295116696194573e-05
7.716806507254486344e-04
-5.547944828203082341e-06
9.183641031607375053e-06
-4.136942548764514739e-04
3.330474382311843034e-04
-1.913484691545074031e-05
-5.448615412323782643e-05
-1.311750916410550074e-03
-5.471703171378783712e-05
9.879497759257631047e-05
5.004368199983583220e-04
-9.714814411588525633e-04
1.042046572897777887e-04
6.513654452180111078e-05
4.627220722238744102e-03
1.630540158948339121e-04
-4.373922271504381508e-04
-1.555500905535011800e-03
-6.890400641435139896e-04
1.065208754218056468e-04
-1.515370298616129402e-06
3.719693769618539082e-03
1.196545763312782776e-04
-3.860974458620201151e-04
-1.174624530022685010e-03
-8.425657355483652522e-04
1.659952024179416465e-04
-2.120079245100070747e-04
5.957875618533257228e-03
1.235271927240392674e-04
-6.818723143976186500e-04
-1.535808667894396524e-03
-2.030330657933507538e-04
4.238193636043104541e-05
-8.598474096308314886e-05
1.620917125049820690e-03
2.388557385055391748e-05
-1.900115282612677581e-04
-3.766778705575268490e-04
3.362892953552078798e-04
-7.234492479328966032e-05
1.302440031106890425e-04
-2.604362433876219497e-03
-4.322049191381058470e-05
3.087506825845578290e-04
6.190595422046445010e-04
-7.900649606634140964e-04
1.804574314681248431e-04
-2.277879938513946477e-04
5.705834957260473919e-03
1.257074198483234737e-04
-6.950677615599181597e-04
-1.432612113652918665e-03
-1.924735716796918922e-04
2.889508608334485917e-02
2.597892541585288201e-04
5.345418087350946573e-04
-3.851962628255987953e-02
6.461800340462127857e-04
-7.458788423374285983e-04
4.550637965977651078e-02
-1.036743474348310648e-05
3.029465406460493150e-05
2.037975764162707620e-02
-8.016380804159413734e-05
5.318277731220770346e-05
-1.949456544832529892e-02
-6.437006857592932703e-05
-4.121748634541754701e-05
3.191244471025584534e-02
-3.316280591776044301e-05
-4.124782840490632456e-05
-7.286111921676715480e-03
9.661285977857662444e-05
-7.302659058251209547e-07
5.880898246839079413e-03
8.422161572091463506e-05
-8.664798298289210421e-05
-1.144881874030939488e-02
1.523922099071028355e-05
-5.875912190197262434e-05
-8.158246911433483448e-03
1.437053334818938943e-04
-1.052808963083343375e-05
6.112361574546982222e-03
1.095468559026912620e-04
-1.446804912559389268e-04
-1.286637371786742215e-02
2.069031018040460223e-05
1.589976966095025808e-04
9.225160846829255634e-03
-2.011367680110246836e-04
1.063273257681645061e-04
-5.424369285972882593e-03
-1.122227805616278224e-04
2.472266491749734556e-04
1.465608161369208115e-02
-1.049141376416878614e-04
-2.502943921736919782e-05
1.678079940096670938e-03
-4.889368952713185146e-05
-2.896082264522669276e-05
-1.566491151745181675e-03
-3.834787870278766027e-05
3.056748774045107552e-05
2.661332125184823639e-03
3.415468723535109059e-05
2.264705548033041740e-04
5.468742238423336156e-03
-4.273810764715370628e-05
1.596777266864160885e-04
-2.180341747077835929e-03
-1.554532529314222976e-05
1.494570477825475608e-04
8.598582360221313295e-03
-1.953790594701602695e-04
-1.023163538033846719e-05
5.388204896550001348e-05
-2.687830000932574107e-05
-4.535212436833106552e-05
-2.095997396416473103e-05
-2.977922761244764850e-05
3.309356376668448933e-06
1.015004665316872519e-04
5.508275791838188962e-05
-3.328837466262511311e-05
-4.011695895230348339e-05
1.393373754032207106e-05
-5.566752497627530877e-05
1.284390051768839812e-04
1.884361071749577612e-05
3.351641248992610911e-05
-7.384610888103621028e-06
-2.405548229785818494e-05
-4.609979701530712588e-05
8.230308366435818465e-05
5.763237053887132109e-05
7.610068222744260236e-06
-1.499387106722262980e-05
8.520424977725913056e-05
-1.752159411168143573e-04
-3.891133815659650894e-06
-4.874688471311853111e-05
3.780718373249194759e-05
4.117979412914221280e-05
1.855050364779289472e-05
-1.259003796594111116e-04
-8.472812481523660276e-05
2.221800845511009607e-05
2.883186562201336522e-04
1.023157253723488247e-05
-8.020399574270610770e-06
2.983953181521067834e-04
-7.063680905990011579e-06
2.274479410605762187e-05
4.117561473352663757e-04
1.549403992717612261e-06
8.008531017901215768e-06
4.665187528793926942e-04
1.595684097213531799e-05
3.000421961343123349e-06
1.359472339677455729e-04
-5.991310630911898194e+00
7.677259696788579113e+00
-9.021348577957704507e+00
7.504713723328508834e+00
4.166725444875028828e+00
5.145222622144188129e+00
4.616724746844651506e+00
7.091019897508862302e-01
-3.539939602171338073e+00
7.548440039928474121e+00
5.900127962318590325e-06
4.421684454099265513e-03
-1.552568095953748764e-05
-3.073157410459087399e-05
-8.589396026116752000e-03
2.903833462054957286e-06
4.347116957614126007e-05
-3.988156795066349967e-04
2.682521851942436540e-05
-9.613739792003914110e-05
1.756328379693513101e-03
-9.170926537987642534e-05
1.792075640791218117e-04
-2.626656504102594866e-02
1.781743856182032139e-04
1.104984801406855906e-04
-6.991908778032274174e-02
2.179436546781864017e-04
5.976452432368961479e-05
-6.925965228761642167e-02
1.269678019148864836e-04
1.314132637990442784e-04
-2.480390673407104063e-02
1.357392334199540292e-04
1.026328609504189785e-04
-5.162147358690956367e-02
1.003106479178324164e-04
-4.004730706608120938e-04
7.150883168654302569e-02
-4.564872061170720816e-04
4.811946386886124832e-05
1.380437551454217994e-04
2.501289009984508302e-04
2.636620604831541948e-04
7.008025128161288794e-06
-7.129244479003446955e-05
-6.350292795400254127e-04
-5.218179208114854216e-03
-1.138621126828003429e-03
1.317109252909130199e-05
7.073517258927782126e-06
8.286941916267554159e-04
1.030390881752102361e-02
1.502538112628126971e-03
-8.483422347568584060e-05
-2.072344487241751555e-04
3.374494127853854908e-04
1.666123573723985243e-02
6.659664473423954805e-04
-2.175698012331582477e-04
3.254642851573532692e-04
1.618396413915164432e-04
-1.967519879930677493e-02
1.889148408531018421e-04
2.963354842381907251e-04
-1.606933457041054259e-04
-1.929603197008115825e-04
1.560153148089207624e-02
-2.333954967655633202e-04
-2.170268216363516124e-04
-7.135129782964673459e-06
-7.111240620927965419e-06
-1.176444158232353016e-03
-2.480010052477752092e-05
1.410292147770547509e-05
-6.658489799514852184e-05
-9.379143997679655629e-05
1.689536678082670385e-02
-2.210795182056655414e-05
-2.195665293256251387e-04
-4.571629812654797852e-05
-4.137486344874508366e-06
-2.537519612906755095e-02
-2.644172043688380143e-04
3.062571990642076552e-04
-4.453397713389634256e-03
-1.061908559454408118e-04
-1.327524093390814624e-04
6.718398659441007434e-03
-2.581925821407219366e-04
-1.564675828814168302e-04
-6.957595500917478949e-03
1.749955276693453826e-02
2.696995664697902180e-04
3.459238165043138557e-04
-2.566849321578456092e-02
6.052838150391791306e-04
5.004971795750585203e-04
2.736706798641886165e-02
-3.169144371917948736e-03
-2.245118350458282533e-05
-2.958011224625697167e-05
4.523419610872627533e-03
-3.449629055095786232e-05
-6.936746434375100595e-05
-4.960735473358754942e-03
-6.802361827326841408e-03
-4.419940977155917456e-05
-6.339326216707596583e-05
9.528619059575780398e-03
-6.420246547756964899e-05
-1.473630294638957517e-04
-1.065735274825329627e-02
3.362845903060974247e-03
1.293811637777662242e-04
-7.443058115654684027e-05
-3.471768436282416086e-03
-9.600668961078353213e-05
1.234070448049435478e-04
5.435197284584393496e-03
-1.363506379844062026e-02
-1.600752313572157760e-04
-5.161875494172014683e-05
1.759491927693453833e-02
-1.771419390477477137e-05
-3.278483117276670042e-04
-2.152308552082363852e-02
-7.382520567022674528e-03
-2.492284661910935885e-04
2.386303789493020701e-04
8.400259293720182055e-03
3.214500744923462451e-04
-1.786517511258751696e-04
-1.188634129613162435e-02
7.347530631976148183e-03
2.624213585132525463e-04
-4.558246442487512624e-04
-8.262165778821306192e-03
-6.309807625889825820e-04
3.847037074764748981e-05
1.191657650241534361e-02
2.969716068648700831e-05
-1.177082305114303265e-03
-1.094890321320935844e-04
-1.953846844651335496e-04
8.513826570005598874e-04
-2.511299172866362974e-04
-4.026087492186101172e-05
-1.833606175895739375e-03
1.138514289147641061e-05
-7.164143486391451841e-05
5.116010508743063130e-03
3.022602368864103317e-04
6.516701858144678975e-04
-3.640303081197548800e-03
9.517817742654823086e-04
6.626973731685005639e-05
7.899881549406980938e-03
4.727675215653295389e-06
7.559234217556066235e-07
-2.353695865198947908e-03
-8.311317660006782332e-05
-2.694145770105831322e-04
1.534878467188807109e-03
-4.929768755858579456e-04
5.477818965260117598e-05
-3.571506005952356129e-03
-4.185727653960985144e-05
6.091235506549289496e-07
2.443743263983009020e-03
1.027707881802510261e-04
3.070585091135113044e-04
-1.547083177164099458e-03
5.581456262487557779e-04
-1.048005856636883898e-04
3.693189708955049982e-03
5.446130779421615934e-05
6.867318149965276168e-06
-2.530671031620957632e-05
-5.949787032539624642e-04
5.757677916365475795e-05
1.256647599223789517e-04
1.862822055584341689e-04
2.046752378407845575e-04
2.740919094521880868e-05
-9.501419860635122510e-04
-3.276330027502807283e-06
5.498654701554297805e-06
-1.349637191758880199e-05
2.139345305033299742e-05
7.006497621848346890e-04
-7.889535388659653652e-05
-1.463759311662044937e-04
-2.363712666700079927e-04
-2.380013493314104514e-04
-4.747099816245043086e-05
1.120214427923772391e-03
1.427641040238630680e-06
-8.533344643201335020e-06
2.767324567513846723e-04
3.281249664267529191e-06
7.688199429155072968e-05
9.886814620781843798e-05
1.923264004581667506e-05
-2.322873908518597482e-05
3.342408990953869255e-04
-8.649059225514647603e-06
2.132444431480255519e-05
1.352757274151126501e-04
5.938081432963287728e-05
-1.034718787061028475e-05
1.417424676301372896e-04
-5.991392320160644935e+00
7.678146962247165419e+00
-9.024718799665098601e+00
7.518308868371641474e+00
4.183729394259521506e+00
5.178969364051169144e+00
4.664636163261057789e+00
7.187218572388924809e-01
-3.587191417223744683e+00
7.657514175999338590e+00
1.396164356310858288e-06
-4.685191161809095645e-03
-7.872305365134599123e-07
-2.618236648987404241e-06
8.663645541617468956e-03
1.430058588692406019e-06
1.835694898325477467e-06
1.180552301165057813e-03
-9.891121181172542425e-07
-2.232701346677339465e-06
-3.744960198596406983e-03
1.108166257483141800e-06
1.409417205813588331e-06
3.434938169100526517e-02
-3.361349689276325808e-07
-1.324519012830075389e-05
8.770034252959418852e-02
8.479828504626135818e-06
-1.454772291374130975e-05
8.772205495019795574e-02
9.432219485124447288e-06
-3.583353802143869383e-07
3.122994183642040233e-02
9.567774011241531831e-07
-6.621739383515742995e-06
6.560147695238870147e-02
4.942658262359314471e-06
2.429108844042589306e-06
-9.011826599702583984e-02
-3.481738433437786465e-06
-8.177865991014066744e-06
-1.978241765612341725e-07
-7.331478811859895930e-04
2.503148317036387742e-06
-4.435774976177734425e-06
1.595059221344548664e-05
-1.732328322363717337e-05
-1.972192967688653382e-03
3.464911504642185942e-06
8.685218147885444357e-06
-1.421382819893471291e-05
3.369418197117525618e-05
6.348613691404444460e-03
-1.153972635106969663e-05
-8.098658259032393456e-06
9.346720839789229420e-06
3.932195773579098168e-05
1.569772789598908314e-02
-2.012353893604574773e-05
4.135661382768845824e-06
-3.123967949474699881e-05
-4.663124749218624469e-05
-2.164634141779606460e-02
2.771313673605279568e-05
-1.450737157743354611e-05
2.404626713823001060e-05
4.181073656070766366e-05
1.736839333621115200e-02
-2.149629921549219192e-05
9.526974818492776171e-06
-3.335413553328750220e-06
-9.284490347379907438e-06
-1.280583587651013856e-03
4.205536997784950583e-06
-9.446140835848360960e-07
3.486183118048947040e-05
7.825515653089631972e-05
1.862582287439589965e-02
-3.802231835012754625e-05
1.219389691250049236e-05
-6.444528788555001773e-05
-1.602857988186011655e-04
-2.771741790359601165e-02
7.710337975489526500e-05
-2.141606687240864504e-05
4.620708790525336444e-03
-1.968139313177172145e-05
-1.875888771681719536e-05
-7.560165902864799184e-03
9.577857442089081412e-06
-5.466221657141620907e-06
7.200084907904499669e-03
-1.813423819392416189e-02
8.049732922734904904e-05
7.754235314590907850e-05
2.977368278038475952e-02
-4.110680055913537031e-05
2.446669852118520875e-05
-2.824062422767679992e-02
3.282634415978420098e-03
-1.499885899140042602e-05
-1.474040081164228477e-05
-5.413994271882599865e-03
8.076579844987780217e-06
-4.923164152727750505e-06
5.109274175220375989e-03
7.039875268108676878e-03
-3.375413546590084866e-05
-3.234795389379832819e-05
-1.158824568770613732e-02
1.782161286853935274e-05
-1.139464621400016037e-05
1.095524104764265989e-02
-3.284138080841127010e-03
3.006568237569118068e-05
3.447676438675908230e-05
5.385327325898078138e-03
-1.814136094820699693e-05
1.211077549885128336e-05
-5.120405136238940884e-03
1.392085737668535307e-02
-8.187459398169633020e-05
-7.975571834353274009e-05
-2.283812698556459547e-02
4.360502218590014403e-05
-3.028502279786311402e-05
2.166423729758890776e-02
7.254580874080939629e-03
-5.489636214714070330e-05
-7.376637823843105242e-05
-1.209557911985598665e-02
3.953825044731254675e-05
-2.096343593794338308e-05
1.132329403285420831e-02
-7.086632880611534041e-03
4.775909784833476233e-05
8.463565678517442903e-05
1.212166736261553225e-02
-4.660907814243124688e-05
1.790649427956175278e-05
-1.108716207562917763e-02
5.240406247533983913e-07
-1.288486408652317859e-03
1.239380285318464969e-05
7.646670909186222969e-06
1.375335984316314103e-03
-6.177922986611702544e-06
1.665092217213095899e-06
-1.999207292825690152e-03
-1.781802158106660956e-06
-1.668106011927634546e-06
5.473202543520580901e-03
-7.375354570760172992e-05
-5.346407188070391903e-05
-5.346291241119653301e-03
2.736866571709156961e-05
-1.252992557177138337e-05
8.467870437712209097e-03
1.079461729067895259e-05
2.100501001945651908e-06
-2.368046014664770653e-03
5.338000227352979432e-05
4.225000931799015628e-05
2.124934991773473007e-03
-1.364038585074655960e-05
1.032930255283940063e-05
-3.642151703380661597e-03
-7.399034591759652630e-06
-3.717547349738070740e-06
2.376120644828321610e-03
-6.132209789970289118e-05
-5.068843163842123341e-05
-2.150402916825236432e-03
1.484562101128438611e-05
-1.166884693795832407e-05
3.650234165212864253e-03
9.368399462147539495e-06
-4.215701713654349790e-06
-8.195895157262217542e-06
6.956841572436502997e-04
-2.300433977333961986e-05
-3.379476108108841261e-05
-4.896810169322978791e-05
1.544162057380561354e-05
-7.782983016022651431e-06
1.053118646207622158e-03
-5.620927351033262613e-07
1.393641932933935296e-06
4.046291134709435768e-06
8.580914910719654820e-06
-8.218801734061055402e-04
2.125051638232194410e-05
3.236980743754531330e-05
8.034732270551055622e-05
-1.424577711347276078e-05
7.054316274447871963e-06
-1.250744875544369458e-03
1.036666117743127390e-06
-1.562082619269863632e-06
2.744020538602674622e-04
-9.664942138310401748e-07
-1.740315914782532245e-06
7.606634417061018346e-05
-8.224840782203882028e-06
-1.134909281090810431e-05
3.245608344424580523e-04
3.069070717011605145e-06
-1.705405456303586247e-06
1.114052809519333435e-04
1.212351761770573886e-06
-2.244041006205742098e-07
1.277718654080438310e-04
-7.363304551783992125e+00
9.723714625617191132e+00
-1.129430589812301200e+01
1.053235291248473615e+01
-7.116514948349792036e+00
-8.627364901802419439e+00
7.701547062032376267e+00
3.819875484593509007e+00
4.105277339938598224e+00
-4.493912111197549963e-01
2.954146857630141287e+00
8.016170167602130192e+00
-4.006414979670098461e-06
-4.313889712074016889e-05
-7.540878652051497212e-06
-1.934238530902324984e-06
-6.952694104964799479e-05
-3.466253691407719734e-06
2.107098524530623808e-05
3.837328796434442578e-04
3.908118455298355959e-05
4.522850428106787323e-05
7.899852781943662991e-04
8.406750800208577078e-05
7.055247658301382811e-05
2.306163043356921748e-03
1.316168006908412474e-04
-4.072913837045730661e-05
-6.427708911322545932e-03
-7.543808915452138999e-05
-2.615569218309684663e-05
-1.340563082533573723e-02
-3.919297176271127441e-05
1.179048950378366260e-04
2.132355445676696257e-02
1.924974146890055164e-04
1.647068701006245306e-04
2.018895994664780119e-02
2.844862946592042357e-04
-2.319104779902171707e-04
-2.765768435465283323e-02
-4.157883238799683066e-04
3.424193087526590756e-05
-2.994748701514449536e-06
-2.905822584447021665e-04
-1.053618917383355202e-05
2.566625556204383879e-05
-1.075763180472490068e-04
3.231066022179729781e-05
-6.587324657898274791e-04
7.591402843559123511e-05
-7.079075417159083746e-05
1.178176605421323172e-04
-3.459812366901903217e-05
1.998372005890005493e-03
-8.077131872673329576e-05
7.921671754281148583e-05
1.261302346710781836e-04
-2.307185165134135446e-05
1.111424359629619926e-02
-5.610669360602346119e-05
1.025345207917211540e-04
-2.180331688990228646e-05
5.640559828881399159e-05
-4.202983867796336592e-02
9.883574981686315197e-05
-3.014685185527874212e-05
8.164074043695869194e-06
1.556604005542261169e-05
-9.036301394981864979e-03
2.648427643671609385e-05
6.076577560915945322e-06
1.152526333145741100e-05
1.164225929668192731e-04
-5.212785332376084629e-02
2.071287256374322757e-04
1.684222695560101300e-05
3.701091341217061355e-05
-1.752411094867761701e-04
6.247746563398466624e-02
-3.184327163625457835e-04
1.426506498685679739e-05
-7.632826495196054327e-06
2.786749009210542390e-05
-9.824942727528544056e-03
4.934251843057691324e-05
-7.999995237852566656e-06
-6.425662127238782669e-05
2.211927245733414228e-04
-7.452487730768643515e-02
3.993176923714613778e-04
-4.404504070559245028e-05
6.596324414561352133e-05
5.805913067841184015e-06
3.057731002218830942e-05
-3.698306882089122773e-05
7.517063554739323694e-05
-1.736861625142085150e-05
8.322941115014672361e-05
5.345822218243793120e-04
-7.489531840410627513e-06
7.849029927079544415e-06
-2.361838191413394034e-03
-3.320267834579749368e-06
1.277327658580694296e-04
8.989585538039938147e-04
-3.165677258054711376e-04
-1.705738701827265363e-05
-5.429152309078084059e-05
8.628969463141995680e-04
-1.184450100913010537e-04
-1.513665688958150766e-05
-4.949012910097277734e-04
3.174220994413066272e-04
-1.435115359699382941e-05
2.527155957066760605e-05
-1.366784146797686214e-03
5.898448318611210965e-05
5.912307158439696883e-05
5.038786554927246909e-04
-9.739234962591737481e-04
1.236732443182744128e-04
-1.320016384684157766e-04
4.834165184561242667e-03
-2.709781481434958496e-04
-1.135373360787600574e-04
-1.517346653351560283e-03
-7.284278577849792472e-04
1.315831707639669897e-04
-1.178159794348109879e-04
3.852971611996631063e-03
-2.425158485913344675e-04
-5.962794452447065023e-05
-1.117564810534496219e-03
-9.277003794515725375e-04
2.937346456421457345e-04
-2.817800652355581417e-04
6.407304767344089262e-03
-4.672158702428174152e-04
1.029487397814867112e-04
-1.391400355036086353e-03
-2.272714538597389892e-04
8.504556367260855817e-05
-9.383878901651011894e-05
1.803203490256657937e-03
-1.429857595863048120e-04
5.553342309977479135e-05
-3.369645579889756436e-04
3.807413864569360383e-04
-1.255022228549313053e-04
1.573059380437813763e-04
-2.930357150126094469e-03
2.475776178486441183e-04
-7.716948498639947588e-05
5.627148329273645245e-04
-9.127527813768533758e-04
2.177641064071121093e-04
-3.694253449472096251e-04
6.555836260516458881e-03
-6.268633706293907492e-04
9.199012984881386253e-05
-1.339546931442751757e-03
-3.650091467262333916e-04
2.920597879947645775e-02
-2.645152307418680335e-05
7.480750031446894879e-05
-3.874108640843589718e-02
-4.991079552080081132e-04
-3.491356265493752997e-04
4.547030419926192252e-02
-4.227157304926075596e-05
-1.138415035429001491e-04
2.056099563145454001e-02
-1.106419842877993576e-05
2.224352090359934511e-05
-1.966476087108121398e-02
1.443069919041364065e-04
1.454222401859541110e-04
3.199198351894824016e-02
-1.567203313588219632e-05
2.838436531533520413e-05
-7.392264486244175953e-03
3.009380388768255100e-05
-5.456947332193615182e-06
5.965831697483439493e-03
-1.331113369637444710e-04
-9.933420572655205362e-05
-1.148978914684246899e-02
5.724745383255035262e-06
3.098560222738127408e-05
-8.314518421505981069e-03
5.518953494308810679e-05
-5.802095767941501154e-06
6.232297292974916386e-03
-1.813899463429191020e-04
-1.214228987233119205e-04
-1.291441509692775082e-02
7.031451716010998841e-06
-7.819582407483547607e-05
9.451611327905250215e-03
-1.300714557369833299e-04
5.764004829411679699e-05
-5.696729330460837716e-03
2.916802737593273266e-04
7.043149699602582639e-05
1.467471533367695549e-02
-2.633740654074894996e-05
1.860725661151639869e-05
1.733391734432549423e-03
-4.132962177143604676e-06
-2.960028528336370942e-05
-1.556309523735967216e-03
1.867596919757964790e-05
6.639142511282786945e-05
2.686017264557772136e-03
6.900137079363446324e-06
-1.392405290106013853e-04
5.502186822145354456e-03
-9.045456289831832800e-05
1.502713278558164955e-04
-2.440482107427588854e-03
2.455486079203173314e-04
-1.025176544365588262e-04
8.564599894733893742e-03
-4.436588375660840749e-05
2.342598734540398981e-05
-3.286121345619405466e-05
3.778066684565072769e-05
-1.863498618043921595e-05
6.068067229140233928e-06
-3.780926820210457162e-05
2.414372578062268324e-05
-1.450027589376931048e-06
4.233738730842002062e-05
-3.914416776179718740e-05
-6.147378975487666799e-06
-4.823490415986813674e-05
6.798909024222345924e-05
4.443476386760541476e-05
-1.156796359740321057e-05
-4.804077895751308327e-06
1.727992702075351766e-05
-2.118126589848259335e-06
-1.468950189280586737e-05
1.054252966181790893e-04
4.107019686275709846e-05
-1.877331643621761315e-05
6.722438200952173155e-05
-8.472244634462241511e-05
-7.301660032868503131e-05
3.845964597295804561e-05
5.907196550449265787e-07
3.203878962651946502e-06
-1.599905710612001090e-05
1.550313830737502384e-05
-1.741411819612174409e-04
-4.028124214214204703e-05
3.175655261947211365e-05
2.910777907950210376e-04
3.483990393479535210e-06
2.590514631121971476e-05
2.893531291478433588e-04
-6.959367868580878819e-06
-2.414218820635962272e-06
3.995962265390996544e-04
5.711422283227388227e-06
-2.945533414447792399e-05
4.533850354723292808e-04
-5.695703268330075132e-07
-8.813541029608507675e-07
1.339435335376485520e-04
-5.991284868820637044e+00
7.677204833873782164e+00
-9.021221125504458982e+00
7.504396456504434987e+00
4.166576853000702130e+00
5.145787454583845566e+00
4.618035972746069362e+00
7.093640985074467498e-01
-3.540932801821822018e+00
7.549760587423842928e+00
-1.252311519854480214e-05
4.600841304581197548e-03
3.078974029470713360e-05
1.048181617954822227e-05
-8.966421780118310689e-03
-6.342768589850116435e-05
4.165727528328436707e-06
-1.674721948084668282e-04
4.977027404131617572e-05
-3.393054442242326936e-05
1.414944549500951913e-03
-7.079287945699438056e-05
6.341822949090260807e-05
-2.555518393829288304e-02
1.188887940974085614e-04
1.118664011103384821e-04
-6.963145766687926785e-02
-6.412457593067746864e-05
5.870744532070935683e-05
-6.875661224968260266e-02
-4.374456012962824020e-05
3.634890736273964319e-05
-2.431767214538654506e-02
9.244611834924207046e-05
1.775711886499112895e-05
-5.078022502025845986e-02
7.821869280459007971e-05
-1.472926644257122964e-04
7.038440555195696335e-02
-2.262333523576849951e-04
4.474924972083152041e-06
1.271848988847664732e-04
-2.760273669904936365e-04
-6.426308656033251473e-05
-3.865680323811641184e-05
1.719502162051878797e-05
-5.351183413381490521e-04
-3.245009854972842611e-03
2.188527606906511870e-04
2.101507726821396718e-05
-6.983746761900503015e-05
7.077723992961486212e-04
7.645968937325663649e-03
-3.421117301903809564e-04
1.612500199970388177e-04
-1.600112479628739174e-04
3.152533390478644759e-04
1.531400873615715308e-02
-2.875453476712235153e-04
5.967845635113621901e-04
1.983810941957762030e-04
7.951505940476073309e-05
-1.974875863036722190e-02
1.961695610550990253e-04
-8.597368516309090731e-04
-1.204328363073549395e-04
-8.855000894489666009e-05
1.578898097714905718e-02
-1.514120309549520820e-04
6.083648500999443414e-04
1.184907992990285339e-06
-1.655270495134076792e-05
-1.147239107319944582e-03
1.992472945208090319e-05
-2.850173841230565290e-05
-8.379227461553376353e-05
2.940695150785131322e-05
1.688081497630548183e-02
-2.094487207555023644e-04
5.549896808375805223e-04
5.985194791924607430e-05
-2.050483675485694531e-04
-2.509230584738021685e-02
3.729330541562714155e-04
-6.867389491134156783e-04
-4.514495219111417691e-03
-7.309792379636555714e-05
-1.640583232839934002e-04
7.019294509558919939e-03
-6.513968536953734215e-05
1.463330504945371368e-04
-7.178376849248922255e-03
1.786920683171536878e-02
1.128993594243691103e-04
4.414823945974896517e-04
-2.660452310997379888e-02
2.355323424049027379e-04
-1.802477578403051015e-04
2.814638461674257713e-02
-3.259902328468571205e-03
1.072902235255992423e-05
-4.170079141396595453e-05
4.649059557133433662e-03
-3.835569948738069108e-05
-3.952350171218965041e-05
-5.087066079611045517e-03
-7.014948197954546001e-03
4.028650087479378932e-05
-8.870694125050066479e-05
9.808846364734655210e-03
-7.919797897514460985e-05
-1.149432969363911524e-04
-1.091323216023050262e-02
3.566480113061307189e-03
-8.590476469308138134e-05
9.199067774073059402e-05
-3.417034889828611186e-03
-2.361528503722131755e-05
2.613812981792590991e-04
5.119028925937544813e-03
-1.419161621316668287e-02
1.866036203027547744e-04
-2.086773442460705273e-04
1.804307646310635005e-02
-9.143457245872883647e-05
-4.780103937159042925e-04
-2.163128978075164535e-02
-7.738634199416657977e-03
1.211737682073192905e-04
-1.637519540186424712e-04
8.118547753327265415e-03
4.636414100040088814e-05
-5.890154517015478266e-04
-1.121133479153254425e-02
7.663595316183918066e-03
-1.023588678656794525e-04
1.224120018132070209e-04
-7.553455499169486713e-03
-1.133579240067839885e-04
8.705297820062259280e-04
1.083667583593040697e-02
-4.552186016752778828e-06
-1.200766867933928100e-03
1.329286809524715598e-05
-1.345860670894789531e-04
1.219139802319490736e-03
1.520125127822130950e-05
7.459898889347653861e-05
-1.926460952277928886e-03
-1.832049296339652764e-05
-9.290146816603573438e-05
4.945943538982059025e-03
8.518994183935643791e-05
4.642435227222096268e-04
-4.820446666772588463e-03
-4.774941400807665453e-05
-4.215278119643377707e-04
8.179218428260305943e-03
8.325234172469295776e-05
1.341209505409458641e-04
-1.994960717044925221e-03
-1.614316265202389209e-04
-2.100433888144655767e-04
1.963649397188071966e-03
1.070576563856597993e-05
3.506947294106490956e-04
-3.515520698719710405e-03
-5.745141620016827887e-05
-1.683089042900540676e-04
1.937120680788916851e-03
2.096086277177907676e-04
2.429063640891442586e-04
-1.999536732307660800e-03
-4.660878319620078457e-06
-4.344773063802704997e-04
3.491820898782853344e-03
7.455865650323981891e-05
2.160025720401825936e-05
-8.356668305642108233e-06
-6.784492293128621242e-04
3.517444665154655119e-05
8.423452515963690773e-05
-9.922210598394436479e-05
9.793596233337190180e-06
-1.541604176254003547e-04
-9.794751180091313802e-04
-2.755892102537813926e-06
3.813457938427831099e-05
-2.360527458036986337e-05
8.587759378097354571e-06
7.960424757752621299e-04
-3.746995130354842379e-05
-9.364826494915112830e-05
8.286054445049018796e-05
-9.085737278218557385e-06
1.787423914471370108e-04
1.149941722648660991e-03
1.512063489030041194e-06
-4.340946028317849869e-05
2.375499438612070863e-04
-1.688357497807398673e-07
2.298914305072428086e-05
5.934948794120968477e-05
3.446149888521029072e-06
2.545226505875627454e-05
3.146730430885786179e-04
1.706581863779894085e-05
-3.425699312282446822e-05
1.202604210877121342e-04
-2.340796811003502387e-05
-3.469598166548206955e-05
1.074995025529670097e-04
-5.991392072570541849e+00
7.678147418979944128e+00
-9.024721107211229665e+00
7.518315570744388943e+00
4.183735838554746955e+00
5.178981534823117627e+00
4.664650013000644968e+00
7.187242885317932650e-01
-3.587206591988383764e+00
7.657560815393884113e+00
2.550282829962813397e-11
-4.690329157008285739e-03
6.560432011802946547e-12
-3.912974040624671639e-11
8.674217189078728060e-03
-1.257293255256874768e-11
-1.089377917610534148e-10
1.172402381211053298e-03
-1.990125850841937133e-12
1.863182801918940615e-10
-3.733148553533414786e-03
5.128764584560105462e-12
-8.274255488745836917e-10
3.433503793374471230e-02
-6.543222484930529473e-11
-1.315901196929183323e-09
8.773429889387167335e-02
-1.842761699075328478e-10
-1.021646795461265455e-09
8.776304744907084676e-02
-2.045138709020532515e-10
-2.082622644507196796e-10
3.122737418928886108e-02
-7.746365243317318503e-11
-6.197456177379268442e-10
6.561796361941699129e-02
-1.622426707613939596e-10
6.337795666561916550e-10
-9.011410925582634401e-02
2.197764391561730264e-10
-8.663650403319711890e-11
1.774188663901062587e-10
-7.412759760878988823e-04
5.679899575874607201e-12
3.647043530734584242e-11
6.185342989038540208e-10
-7.987959608055387415e-10
-1.883729628458463441e-03
-1.554597476696266502e-11
-3.432813197183486870e-10
-1.119452120071065392e-09
1.373095393196068808e-09
6.197196781694537526e-03
3.847010511143801112e-11
6.538932205315161480e-10
-1.201592713492607450e-09
1.285618749091942803e-09
1.555881061206198547e-02
6.486454190020927435e-11
7.421665519950296344e-10
1.006179358116140591e-09
-9.065182151195609940e-10
-2.152754918271422568e-02
-7.833614934330989206e-11
-6.396316579230086714e-10
-5.514447747248451753e-10
4.351987872789464583e-10
1.728358424686445710e-02
6.185974780640771258e-11
3.216849095112316147e-10
2.811390282743864518e-11
-1.541194954880736158e-11
-1.260513935497734831e-03
-4.775507086867923394e-12
-8.368232803819183541e-12
-5.352046068284522544e-10
3.972356436191733959e-10
1.845599928354901484e-02
6.942868320454870698e-11
2.733649181309862557e-10
7.349605768514140421e-10
-5.222601795483000242e-10
-2.735650625824968124e-02
-1.097721149458680459e-10
-3.244910983729423240e-10
4.624770520478327374e-03
1.672613057101365946e-10
3.115883922263779522e-11
-7.552411281877065286e-03
2.659800344415346474e-11
-1.440145972495233355e-10
7.209534964746754787e-03
-1.813926288682803437e-02
-6.895608439260725331e-10
-2.463461898326454054e-11
2.971165568019787373e-02
-8.859093623524496913e-11
5.711907937774437993e-10
-2.828168258497790535e-02
3.281652456055942930e-03
1.321776337561897233e-10
-1.518118098589757819e-11
-5.396648871984969890e-03
1.285414119385733161e-11
-1.049125246955269979e-10
5.117340521921203041e-03
7.036361999044045065e-03
2.786170786576570253e-10
-3.185588717479405976e-11
-1.154926499324514765e-02
2.761524216199481581e-11
-2.222827287897566917e-10
1.097317120887201895e-02
-3.282529287115595797e-03
-9.201225708338150357e-11
1.645849615187390659e-11
5.320465476945862929e-03
-4.134076785212302218e-12
6.117538706790024038e-11
-5.123553040379937550e-03
1.390912113939463124e-02
5.069563290324905369e-10
-6.347579156758206538e-11
-2.272225101761755212e-02
4.738053289899308483e-11
-3.977270443846163980e-10
2.169748425569689720e-02
7.260194223524017200e-03
2.217961653038818089e-10
-4.869651114642050629e-11
-1.194576774528358434e-02
7.623359308662832275e-12
-1.482148838684206382e-10
1.132340850543289701e-02
-7.104615732203031601e-03
-2.029680848499042498e-10
7.221742518400048885e-11
1.192022101001723525e-02
4.208667990692667282e-12
1.217143701152508305e-10
-1.107115550599630655e-02
-1.061522461143622666e-11
-1.291503549145372456e-03
-3.400844318560193943e-11
-3.553512043630259346e-11
1.363887479846897068e-03
-1.149787534935136319e-11
3.723440135221078208e-11
-2.010591983303145012e-03
5.323872873789180912e-12
5.097741605760225596e-11
5.477177953737246037e-03
1.587951980609505617e-10
1.353938911688618532e-10
-5.249953541831623750e-03
5.027026133481546032e-11
-1.527924097976230043e-10
8.529033178010212574e-03
-3.692975518746417759e-11
-3.138175163995608925e-11
-2.364698427721753995e-03
-6.919869495539199166e-11
-6.955917241521773597e-11
2.047416896077364473e-03
-2.820434990068629881e-11
5.861842577485151487e-11
-3.685256355977719559e-03
2.358500930054024011e-11
3.861881473604353145e-11
2.373859772331617796e-03
6.434936352910171358e-11
8.457902782819573848e-11
-2.061400335720778125e-03
3.306485510317576097e-11
-5.524335179480844393e-11
3.701433329671720545e-03
-2.479367905309886261e-11
1.048299716255914992e-11
9.134455516851888958e-12
6.919160005865675721e-04
-3.327070968085974940e-14
5.217512997997946415e-11
1.708575207220762785e-05
6.294086002738108389e-12
1.528568719110254611e-12
1.077616162044744801e-03
-5.037347849604737832e-12
-3.309894768216950547e-11
-1.298699073404412523e-11
-6.809443674874725570e-12
-8.178344496953697312e-04
3.380141698839050340e-12
-5.975426742514528423e-11
1.770209646033218151e-05
-6.928985888532714388e-12
-4.023226402900073372e-12
-1.274384585949753495e-03
4.017583857808279367e-12
4.114337722465422552e-11
2.757416173430457442e-04
6.469503624076009288e-12
-1.000996149334112008e-13
7.962523738696514436e-05
-9.630960544786802741e-12
1.716529116863381498e-11
3.474511508339319103e-04
2.896798924980788772e-13
8.767038144095068117e-12
1.228316339739296179e-04
9.163409397291696054e-13
-1.184265735473604080e-11
1.258638298025239598e-04
