-3.152631722874954079e+00
2.392110970019996063e+00
-5.177759538928983218e-01
2.298328576988650784e+00
2.110236758750418051e+00
1.710807047331442288e+00
8.073924738142423951e-01
2.649026399880419103e+00
-3.830223359094716315e-05
-3.481421152231570400e-05
2.560988482229912080e-05
-7.403091706068710813e-05
-5.889243561362546026e-04
1.416745707171843398e-05
-1.113431238707498910e-05
8.994894114984874726e-04
8.342340494867767596e-05
4.450901096932976064e-06
-3.069212537732689846e-04
-1.737508325510200968e-05
1.206597821795807837e-06
-2.366078962563859540e-04
-2.040581705071249971e-05
9.207149965684207162e-06
-2.577239872551012503e-04
4.326543221711480036e-05
-3.861588915207425632e-05
1.246555920465057250e-05
-6.923430889061697735e-02
-1.118180989905425077e-04
9.338482569632008609e-05
3.395284075464377111e-05
-2.610813995389006512e-05
-1.870791886224113659e-02
-4.397229276438389435e-06
1.599325139180811860e-04
-4.704489177908634729e-06
3.487340948905222777e-06
-5.805861376750496954e-03
3.058020982839477364e-05
-6.788653905901212947e-05
-7.432970024582548948e-06
6.469660141894319633e-06
-4.763071522944023820e-03
3.373374732111433111e-05
-5.542476413913725029e-05
-9.726619351208064083e-06
9.526794092058314147e-06
-1.503878230172175099e-03
2.498442787395022932e-05
-5.864958763539569330e-05
-3.564193867146377875e-06
2.116934281673731868e-06
-2.565693876917861643e-03
1.348491190022670479e-05
5.541827830345740446e-05
-1.085439065489954627e-02
4.884600080009990830e-06
2.408880310514573055e-05
2.288148717173241198e-05
-7.919088898588594176e-05
-6.023329864649775399e-05
6.892057642257601313e-02
4.903579867679962526e-03
-4.965210246526166301e-06
-1.550457901207772740e-05
3.201370560697303080e-05
5.451502164928039322e-05
6.447744358839633400e-05
-3.125397468388631944e-02
-3.366767730567513280e-03
1.222191165915558373e-05
1.692529898452820053e-05
-5.054243774916568344e-05
-6.062966093785176954e-05
-7.040877601443646045e-05
2.151961924736639845e-02
-6.587124236822140594e-06
-1.627007072153085362e-05
5.366422418806913010e-06
-4.440849106013038323e-06
1.871281160123005379e-03
1.014950944271765304e-05
5.762364193083490457e-06
3.330590482777725917e-05
1.105846679708803195e-05
-3.152581982125698179e+00
2.392023433507481478e+00
-5.177378387809651317e-01
2.298301390413268308e+00
2.110423104410255046e+00
1.710902226416935346e+00
8.073783485746169886e-01
2.649001592107232739e+00
4.439217519093026235e-05
2.207541685713158494e-05
5.349208919816924549e-05
1.453378081180046913e-04
-4.735895732805844166e-04
2.139944925232070715e-04
-1.090092980349971664e-04
9.105314627450371810e-04
-1.952444024725812392e-04
2.252705181243439488e-05
-3.216050250116350511e-04
6.053332564616264848e-05
1.247719181697872593e-05
-2.853373654412536833e-04
3.877533240068028455e-05
1.483090909556842880e-05
-1.224651372521635062e-04
2.774473108132786536e-05
-3.121815349397101752e-05
-4.615051345623522212e-05
-6.870441350317384177e-02
-6.503859292765544302e-05
1.051270729393416850e-04
4.851513023913411242e-05
-3.267884128952631214e-05
-1.866971295140189280e-02
-2.050336176850452700e-05
1.616916682497207032e-05
-4.879041787355564892e-05
1.134832469023062148e-05
-5.829688283163871228e-03
2.596214169182195117e-05
-2.733227937810628694e-06
-5.116118263719521004e-05
1.570999182966574190e-05
-4.815772912445919450e-03
2.834096968710492456e-05
5.563182570898775260e-07
-5.942456178082658903e-05
-3.573188926314586813e-05
-1.669995059455374074e-03
-5.804207600360099337e-05
-1.306303038886474761e-05
3.298062416992838847e-05
1.351288632228692544e-04
-2.347332123197242923e-03
2.128390958956263325e-04
3.946566856120587005e-05
1.086289803155480842e-02
1.616657311464053193e-04
-5.275183534613424839e-05
4.869879668993604138e-05
-1.874723500592634200e-05
-9.125981840295526977e-05
-6.844828673691105703e-02
-4.917463075188818235e-03
-8.477148396420554908e-05
2.710897460260470017e-05
-4.258980181091540085e-05
-7.510818358382430338e-07
5.974544182752253036e-05
3.090585991518667378e-02
3.368363680242522119e-03
5.530586910098048668e-05
-4.400162709862644574e-06
8.356661432845462201e-05
3.247922473865804760e-05
-3.761204769015880685e-05
-2.112066683812603360e-02
-6.386148220787535389e-06
-1.026104223252275187e-06
6.927840744155579168e-06
2.205187442636925377e-05
1.942878375703490984e-03
2.356451573532557351e-05
1.174349480860099963e-05
-1.109194968934133542e-05
-2.345402555806838012e-05
-3.152630070113269678e+00
2.392106436836423100e+00
-5.177741392595235359e-01
2.298322162195342688e+00
2.110230739058463811e+00
1.710804063551537135e+00
8.073930977800574116e-01
2.649028107884979999e+00
-2.849159071134310336e-05
-3.163162660494198792e-05
-1.447881576528224206e-05
-8.795519651759312659e-05
-5.772268103647619671e-04
-3.233697472877699133e-05
6.034210946343234979e-05
8.923138995111216682e-04
9.409469135138909832e-06
1.104470895780668420e-05
-3.068007336087201346e-04
5.640684339868754359e-06
7.180469454423633847e-06
-2.380477376068954498e-04
5.854358831239914104e-07
4.658565712802512608e-05
-2.543450319123814881e-04
2.408976162613994898e-05
8.875579470979063669e-05
-4.034288947919338533e-05
-6.928175161731284226e-02
-4.379305524519329991e-05
-4.756742561499625009e-05
4.029187132851205235e-05
4.884485002376535968e-05
-1.871741370654989717e-02
3.286361206608840509e-05
-4.184597210799158697e-05
-5.537771424762862694e-05
3.106835298270614219e-05
-5.807679475950068039e-03
1.486471554247717009e-05
3.149638612304773142e-05
-4.562684478538570841e-05
3.710299014926775058e-05
-4.763290140929026147e-03
1.751391210678776247e-05
2.655756390397359543e-05
-6.086455318910032714e-05
5.265885996062233496e-05
-1.505684560657886192e-03
1.885735732522062684e-05
3.983879660986180894e-05
6.990406772148900706e-05
-4.819026696931783893e-05
-2.557880301673459873e-03
-1.128796090076948476e-05
-4.774035457389765480e-05
-1.083848779785234924e-02
7.780706874691706298e-05
2.421871028906443998e-05
3.642666226530422158e-05
2.429242967668142889e-05
-6.886628849313422215e-05
6.889360418723365631e-02
4.894269402028341744e-03
-4.858976370351137872e-05
-1.162199636458845307e-05
2.769268236600674893e-05
-1.600735795395078653e-05
4.153322111986613432e-05
-3.124558369319871409e-02
-3.359202911140473334e-03
3.426329064084920406e-05
3.234762820246029350e-06
-5.175251080898404799e-05
7.370136737248421767e-06
-2.980002095455327061e-05
2.152211633813736272e-02
1.953696783668483640e-05
-1.751606921939651744e-05
1.377958138437542065e-05
-1.104974532566502531e-05
1.872991579291668086e-03
-1.043858123110510630e-05
-4.981337043818268419e-06
3.110602860883704347e-05
7.129657697052145753e-06
-3.152550470028379959e+00
2.391897147390663392e+00
-5.176940122188237181e-01
2.298143160908887594e+00
2.110310062699223277e+00
1.710855036374263616e+00
8.073849607891155911e-01
2.649022573761651067e+00
-4.247286473599940913e-05
7.621180570456412111e-05
5.737157757424428081e-05
-4.796080257603578968e-05
-3.296006551741208906e-04
1.128225895045988206e-04
-8.230472868156284670e-05
8.381083417425337460e-04
1.679970535567231409e-05
4.670841884051423333e-05
-3.093144977992583981e-04
7.892760444171240553e-08
1.749130829349105300e-05
-2.697075733627727853e-04
-4.979196040758595659e-06
1.236122314550644734e-04
-1.526760317416557176e-04
2.541353432426987684e-05
3.812940428097114087e-06
-1.387348360811903412e-04
-6.905132365242686032e-02
-5.815561844969147076e-05
-7.111707858769504391e-05
1.700201348048127137e-04
-1.760942577705581656e-04
-1.875923231964283372e-02
-5.709820659891156366e-05
-1.926550117414411165e-04
-7.734808794769456979e-05
7.179707154660723860e-05
-5.829936969076090179e-03
1.703429812928654362e-05
9.432418467135431279e-05
-7.480149551948691081e-05
6.921583382110674514e-05
-4.798116419404443306e-03
1.334768677287522898e-05
8.115477746944676205e-05
-8.754374622170234862e-05
-2.425109770138858718e-06
-1.613725177473320860e-03
-1.488250128786604580e-05
1.000824029919273803e-04
5.697122526138271507e-05
1.729483572130400973e-04
-2.400501237600435184e-03
6.193099526209429469e-05
-8.985806499027228439e-05
1.077898900840795759e-02
1.543002003835324768e-04
-1.539846181357067861e-04
7.349138420545756056e-05
-1.317611011613382184e-04
-9.007740627642790363e-05
-6.836126150764822162e-02
-4.866951590875072398e-03
-6.441680926114678411e-05
8.246575698776274711e-05
-1.158927718656992123e-05
8.252349098253247196e-05
4.265502697301589308e-05
3.091400652810128574e-02
3.333662713128699145e-03
1.867519363185789595e-05
-3.359868900286360556e-05
-1.769977143736140013e-06
-5.818031846184392017e-05
-2.295368704225916618e-05
-2.123292168803504743e-02
-2.040183510015682890e-05
7.885977893135618158e-06
5.776842318996514665e-06
4.633173047916625128e-05
1.941033686075426283e-03
3.843348820285812052e-05
-1.298409684608156558e-05
-2.251811048571271835e-05
-1.779680926206534980e-05
-3.152538077914035064e+00
2.391776981721586814e+00
-5.176625726238355263e-01
2.297921271090227258e+00
2.110033781318863877e+00
1.710738480850225063e+00
8.073945738234342695e-01
2.649050534983015126e+00
-1.013552546480298434e-04
1.215696079696409679e-04
-8.884072232640785778e-05
-2.673642492523936511e-04
-2.452098407310933890e-04
-2.183358992775281514e-04
1.219079294897119068e-04
8.352327925092214306e-04
6.048611413520291972e-05
-1.140192634749622156e-05
-2.728771001808686291e-04
-1.067003963211902941e-05
-2.413304348375361992e-05
-1.921760918984985608e-04
-1.812314000832410661e-05
8.901196631270158705e-05
-2.982166009947917126e-04
5.745872328704726401e-05
-2.727364870989002626e-07
-8.095716207072163433e-05
-6.903054726540697184e-02
-2.740415637703336269e-05
-3.107618271168415989e-05
9.449116195954379918e-05
-1.378602081356347154e-05
-1.867961571800802120e-02
-2.767009821079657568e-05
-7.105250917981489889e-05
-7.773734509467381611e-05
4.844104765948782599e-05
-5.762211593007529088e-03
2.633769285226788366e-05
4.968330045500847335e-05
-7.776358213592893297e-05
5.501589383485164827e-05
-4.714739644286759269e-03
3.021557135662129769e-05
4.001063150608245779e-05
-1.120259285634112739e-04
8.960254349019573295e-05
-1.435305844563771567e-03
6.407338712470513032e-05
5.219020638761451823e-05
9.747315482948970360e-05
-9.785180058146237918e-05
-2.624836695166605019e-03
-9.219411139166236533e-05
-6.484099818702841799e-05
-1.077343296463090065e-02
2.024859034333219374e-04
4.813506207209652596e-05
-3.092760173498132481e-05
2.620406812711023083e-05
-4.380347193086637538e-05
6.837622546194416229e-02
4.868125124532318541e-03
-1.492797964240591803e-04
-2.029935784326103486e-05
1.008242575780068928e-04
-1.561587202084411619e-05
3.179575722864094560e-05
-3.101812892372148717e-02
-3.352919427329478438e-03
1.453036096709490891e-04
-8.956081332959315786e-06
-1.627027711017439010e-04
7.610102211941672645e-06
-2.177303839389949265e-05
2.144852346649174513e-02
-6.216895833810421809e-06
-2.261780151727329179e-05
1.649159332474213610e-05
-2.014651348380947470e-05
1.869118569632889377e-03
-1.665295882018029156e-05
-3.405877870202609703e-06
3.645484546587480080e-05
-1.156839462074686159e-05
-3.152522764403524302e+00
2.391748825390075606e+00
-5.176537041079865009e-01
2.297977783048263056e+00
2.110221988185047692e+00
1.710821634143314673e+00
8.073845630430799281e-01
2.649031670472189237e+00
-7.741226258822092587e-05
1.174977671833282890e-04
9.087173027863724929e-05
-8.817479777276687378e-05
-2.352034272323694003e-04
1.709628802003640999e-04
-1.463332095225745660e-04
7.932228158765051388e-04
3.605493446543194544e-05
6.480763279738440265e-05
-2.944101622350025539e-04
-1.499856730110813956e-05
3.514197750469091430e-05
-2.487562975862907754e-04
-5.963277717274728039e-06
9.568006072988873402e-05
-1.828639053992455539e-04
-2.717567305052383226e-05
-8.731142123408699063e-05
-7.106786962763776607e-05
-6.911784752569533063e-02
-1.037633243311498164e-05
-3.549052913720724973e-05
2.279561113911145575e-05
-1.677679768283353774e-04
-1.878010615524368029e-02
2.216783023856028049e-05
-1.752494964508504425e-04
-2.523617130789131846e-06
5.486040799914415384e-05
-5.820646515957567102e-03
-1.072833774752661147e-05
8.087186575871400593e-05
-6.843001683571290505e-06
4.609253465949025678e-05
-4.781708737567654487e-03
-1.527833515052175422e-05
6.929053013242309010e-05
8.875292286279335942e-07
-2.737752570662943855e-05
-1.556317909863270650e-03
-1.993101911004072145e-05
1.045541506795408005e-04
-3.133279948139957108e-05
1.784362427671981599e-04
-2.491160028198419370e-03
1.278836528442026566e-06
-1.225184200002452301e-04
1.081398345564663771e-02
9.912886859455972521e-05
-5.503413701687562379e-05
2.806704547854421694e-05
-1.067912357408831552e-04
-3.458776464568833267e-05
-6.839031238200082852e-02
-4.899714032911188857e-03
-4.547261138385832232e-05
2.043662629734657721e-05
3.450033044428112150e-05
6.213179089617998721e-05
4.381072655811968711e-05
3.094106814086185209e-02
3.378118620598019421e-03
6.083031702649446468e-06
1.491322086773295475e-05
-6.828813516080063650e-05
-3.699378388037441879e-05
-6.257706638245581418e-05
-2.128946219645952431e-02
-6.543174203773331769e-06
-1.527002376652938833e-06
-1.780084742785291907e-06
3.170711918519198899e-05
1.922675399955716975e-03
2.687318668559791074e-05
-7.770463059101955991e-06
-3.010501652304921566e-05
-1.242429105650685981e-05
-3.152566219405909642e+00
2.391902877924029003e+00
-5.177085610213396638e-01
2.298089611067607230e+00
2.110138442938705783e+00
1.710774518636498209e+00
8.073926698729012585e-01
2.649038755720008798e+00
1.651651786998831195e-04
5.615039200318591630e-05
-8.317611335133940059e-05
4.448872458156826262e-04
-3.807557571025180308e-04
-1.720535319664598427e-04
-1.960464933511872274e-04
8.322939760376796151e-04
1.070792394647545129e-05
3.698923500312339393e-05
-2.929397957050498998e-04
1.241535883896246801e-05
4.580018197492172590e-05
-2.206647233381719389e-04
6.887124693758306447e-06
-1.094553884717352772e-04
-2.735850118187785037e-04
1.642378567035467058e-05
3.357033999654737396e-05
5.055037544499096924e-05
-6.888116309902479750e-02
9.599729819408466848e-06
-2.887548755599366260e-06
-5.181708168532783579e-05
6.464305941428826548e-05
-1.865725567517378600e-02
1.121139685748660927e-05
-1.855993611374124512e-04
6.425404449738271917e-05
-4.659737302890626810e-05
-5.770351522696975065e-03
1.120933862126840251e-05
1.025703819460853708e-04
5.726305991050378077e-05
-5.069203915189708539e-05
-4.728114701276485074e-03
1.091570887979149561e-05
1.040210452735815271e-04
6.919823559434684418e-05
-1.316015019695197861e-04
-1.472380478298113268e-03
2.206026940434674725e-05
1.399622371865342607e-04
-6.195980166168757485e-05
2.164686940957305592e-04
-2.582162626474488430e-03
-2.453572152016449180e-05
-1.033569477513427695e-04
-1.082261640238444539e-02
-1.779456164887004664e-04
-2.525025199055612457e-05
-5.680192416699855751e-05
1.269552087116064759e-04
-1.660728926475779979e-04
6.844603853363352697e-02
4.889889068292396605e-03
1.233838342264050448e-04
7.269790124311207961e-06
8.249843000842499441e-05
-7.180084475920861303e-05
1.252766411647700511e-04
-3.101028201708939253e-02
-3.360520454217300577e-03
-1.010038584227054045e-04
1.776919736961956155e-05
-1.043856997033926898e-04
3.661886333119366503e-05
-1.347525707067828574e-04
2.138185766367529245e-02
2.562810273827150951e-05
-1.920801844078332053e-05
-5.194044326094150905e-06
2.259673975466306925e-05
1.877924612267990647e-03
-2.707990119523240796e-05
-1.676273378615000613e-05
3.210086536210731052e-05
-7.713105159180583693e-06
-3.152530807756611431e+00
2.391779426013786569e+00
-5.176642548256257248e-01
2.298011895873134147e+00
2.110226528869129758e+00
1.710816685566418194e+00
8.073847007302129564e-01
2.649031374560094410e+00
-3.370224225382803789e-05
9.378605407538605492e-05
-6.088294889545640878e-05
-1.171938398978574544e-04
-2.810878185860299751e-04
-2.779440662109851205e-05
8.649865500374865203e-05
7.905909809647114570e-04
-1.874488723030614873e-04
-1.118595920466173598e-05
-2.998836799272820404e-04
8.861418761960319196e-05
-7.853190770931726733e-06
-2.525626292754999929e-04
5.916770422035321934e-05
3.047760813873095543e-05
-1.941331343235161563e-04
6.541927576202542934e-05
1.548495059213239665e-05
-8.725336385323440675e-07
-6.906268237926246889e-02
-4.084115637374144056e-06
1.887358251878611722e-04
3.300915793456307354e-05
-3.114686540816398366e-05
-1.877941562351452195e-02
-1.009047735027092391e-04
9.980910767170037847e-05
-1.721965254201230619e-06
1.378542601718851228e-05
-5.815244689462311690e-03
4.087249446063302607e-05
-6.580088656613972934e-05
-4.615011108219847322e-06
1.277724363375331852e-05
-4.771290164234161073e-03
2.931942713460988277e-05
-5.236864049884466685e-05
-2.594757764980046572e-06
3.651001178811138169e-05
-1.541047818495116552e-03
-4.637635424509828661e-05
-9.494214188483012461e-05
-1.241521073742601483e-05
-5.990561910530067943e-05
-2.496155332497626122e-03
1.786482360441129136e-04
1.594763768590398809e-04
1.083721161553880853e-02
-1.116903577356087915e-05
-2.173270661245019393e-05
-2.955486903800930154e-06
5.068275526769617633e-05
-1.041927234969454268e-04
-6.836209912196182514e-02
-4.901249453588155634e-03
2.048147457656356279e-05
2.283543881857893424e-05
4.616184553790127210e-05
-3.489864487355294432e-05
4.239388291304025790e-05
3.092229185397867702e-02
3.367405601496800682e-03
-2.328019355634366268e-05
-3.379264049789359146e-05
-6.939926200320509220e-05
4.431577560449313172e-05
7.849530460291779914e-06
-2.127039772192883260e-02
-4.487200889003700841e-06
2.385292936719797219e-06
-1.591231057774547691e-06
-1.365228226101711478e-06
1.919483674401375930e-03
1.365807372230142674e-05
8.710748543688015110e-06
-2.853822790029053461e-05
-1.923872960884388279e-05
-3.152574192522327401e+00
2.391930879236450647e+00
-5.177109279972851308e-01
2.298104532550663492e+00
2.110123537448270969e+00
1.710766989041380359e+00
8.073948276088638298e-01
2.649039767384193667e+00
-2.448126251807352787e-05
7.541720357485558104e-05
3.200894414493696445e-05
-3.973166877557727177e-05
-3.679611400194237724e-04
4.746023774113708937e-05
-2.080506179184704488e-05
8.924111062995810804e-04
5.680402671013487048e-05
1.827865985272279233e-06
-2.897881289138291806e-04
-2.076614943496478288e-05
-1.821816369157546065e-06
-2.022945043216398402e-04
-2.289708768618473717e-05
3.918433081901584068e-06
-3.077934466044988785e-04
9.862674611405791405e-06
-8.843575798027711191e-05
4.770247267801459314e-06
-6.919910572253520908e-02
-1.002744285543970162e-04
1.298699022876799144e-04
2.458246331260321749e-05
-3.537829850289696683e-05
-1.873305432111363120e-02
1.066331516115183095e-05
1.146575253453249645e-04
1.538739382383615915e-05
1.241476828898387818e-06
-5.789946375446304930e-03
7.785876850859557973e-06
-6.134951652907671103e-05
6.523822096314190581e-06
5.021855519416358458e-06
-4.740390842086803641e-03
1.341350783978112758e-05
-4.265429458112265351e-05
5.113992794936710429e-06
-1.097698273525101636e-06
-1.449157592457350719e-03
-2.738745233321030360e-07
-3.525649812950433590e-05
-3.001211517788605117e-05
2.912096110280328886e-05
-2.630950606502044722e-03
3.763407401539974501e-05
4.569545221884264269e-05
-1.091881174129904174e-02
8.209646842146918304e-06
1.270292007165987978e-05
-9.024552137444630251e-05
-3.422516756465044697e-05
-1.322593193433688284e-04
6.881955289458066560e-02
4.948657794739246170e-03
-5.483882428968181867e-06
-8.691691690695810745e-06
1.052363592298852929e-04
2.816109565073778151e-05
1.092943479744715174e-04
-3.120313703577062142e-02
-3.414917556081800785e-03
1.638227826873247194e-05
1.240659881072471595e-05
-1.213243405783562268e-04
-5.088708889892460123e-05
-1.183791376890708106e-04
2.152881447646644644e-02
-6.441223018970087047e-06
-5.851665929640039896e-06
5.536558037824231449e-06
-2.498974410213340758e-07
1.867421514055236931e-03
4.035336428979331594e-06
3.544494104668630347e-06
3.473050887298800610e-05
-6.397751496317811200e-06
-3.152539252251993052e+00
2.391833980193164955e+00
-5.176791273437982843e-01
2.298082646260187101e+00
2.110293129554714042e+00
1.710850084507386182e+00
8.073822816238228617e-01
2.649021359802355757e+00
3.060179214323985834e-05
9.069003656385213937e-05
-8.916779860015244677e-05
5.509454355710657653e-05
-3.106611739534588957e-04
-8.455139204219133762e-05
3.134078770970006092e-06
8.355794230837005915e-04
-1.900485228099458690e-04
-1.641882578207210110e-06
-3.032321547762834371e-04
8.477173684881609932e-05
1.292186789494781092e-06
-2.562094032918898188e-04
4.981103264572767520e-05
1.857055343455878084e-05
-1.752368364248221995e-04
8.918793069135015747e-05
2.263885857537199439e-05
-3.797333529564851564e-05
-6.893605664201137018e-02
-4.597580110704026224e-05
1.343155239094693870e-04
1.265524694730907644e-04
-5.360210853020422545e-05
-1.874442752138723994e-02
-1.327168216186931193e-04
1.448364906502567996e-04
-6.572173859464794257e-05
1.085723230839950805e-05
-5.821580685013364419e-03
5.265434743474002295e-05
-7.233501746565509320e-05
-6.402930668840043065e-05
1.086231251242364589e-05
-4.789296302701230579e-03
4.868177009114858859e-05
-6.115171611947217754e-05
-8.859027602302452275e-05
-9.859327534622770728e-06
-1.579871482256988736e-03
-2.840777446134404164e-05
-1.036477210411740932e-04
8.427329411239453845e-05
5.639406961032886293e-05
-2.464487590971318771e-03
1.918655025048583826e-04
1.463546212162696568e-04
1.089046945171017258e-02
9.053047751825487981e-05
-1.138677145382379849e-04
-4.457568654286231391e-06
3.459031116639720667e-05
-6.081184378787379829e-05
-6.835460057684072943e-02
-4.938723875553661588e-03
-4.910186012585830359e-05
6.645946629827947081e-05
2.585568181441046109e-05
-3.048856836705183832e-05
2.122981698406091119e-05
3.090137859404091386e-02
3.403706672835017568e-03
3.932744924541438586e-05
-4.342443066642860178e-05
-2.606638913163310256e-05
5.054009388168819068e-05
2.702554197204381538e-05
-2.121179526024106338e-02
-7.854031597526254637e-06
-5.274896415479867363e-07
5.284853036776265356e-06
2.626565136756610962e-05
1.927054709814304215e-03
1.345317989475948396e-05
1.724311973101900130e-05
-2.116263144934728656e-05
-1.253336648274899767e-05
-3.152553764265174419e+00
2.391837599522891100e+00
-5.176817829979061258e-01
2.297993761008147118e+00
2.110062639487430669e+00
1.710743856108247529e+00
8.073955067273965724e-01
2.649049046225595117e+00
-1.365992173227312061e-04
9.674428267149163575e-05
-1.729455817156536524e-05
-3.359394711738598535e-04
-2.910235303187976193e-04
-4.480755932143932248e-05
9.545187021913000989e-05
8.375263155268645142e-04
2.869730755132156129e-05
-9.044881862769359242e-06
-2.808974531703265724e-04
1.016175275920872089e-06
-1.926023564365315183e-05
-2.039358647109140157e-04
-4.114959663612736320e-06
8.657928883913480560e-05
-2.917190847634049166e-04
2.487610036280426962e-05
-4.558181839890799178e-05
-4.242520560482484701e-05
-6.917081322305340674e-02
-5.687698862916711322e-05
-3.107202419517303589e-05
1.141110743249421891e-04
-4.787479922554237839e-05
-1.872008056549645874e-02
3.162610171521632616e-05
-3.369691760886456776e-05
-6.084968430114441493e-05
4.537739570980439739e-05
-5.776863330641979211e-03
1.544476925781438628e-05
2.842385403080138908e-05
-5.881033352111234702e-05
5.735287893231629441e-05
-4.723282820178400544e-03
1.637840048757665276e-05
3.069963518954617576e-05
-7.911618379960336450e-05
9.800396413697062185e-05
-1.442647337776120468e-03
1.548491496662461738e-05
5.080831294389043858e-05
6.141434731878601429e-05
-9.397111939956681104e-05
-2.609674575336150010e-03
-6.197730204032231142e-06
-4.604321482774210208e-05
-1.080546529936345437e-02
1.060948595974213916e-04
3.917439224323236192e-05
-1.334881537302240462e-05
4.304304337812260784e-05
-1.378756532317729037e-04
6.852162839543862738e-02
4.899578472149983960e-03
-8.018524163540534811e-05
-1.934483796225191111e-05
8.928406820770187768e-05
-2.263529485185605130e-05
9.232098468782101133e-05
-3.107859225840639908e-02
-3.392153507748379114e-03
7.985517642177252266e-05
8.998397859585091467e-06
-1.499209695224740235e-04
-2.187049546975759436e-06
-8.162416496990175605e-05
2.147961711322738526e-02
-7.318150451982483279e-06
-4.782471568338952667e-06
1.777576568532589175e-05
-1.896174840922693603e-05
1.874035724885293741e-03
-1.370356836501262067e-05
-6.596646906821224891e-06
3.829004938523468578e-05
-2.687674445184701525e-06
-3.152538604563831726e+00
2.391821104008097887e+00
-5.176759137985047499e-01
2.298057890516809643e+00
2.110259667887665724e+00
1.710836823221471903e+00
8.073846592736184657e-01
2.649027322670327145e+00
5.361089183080564659e-05
9.482512225264787958e-05
-4.957355752672416350e-05
1.367904939735771269e-04
-2.882133651980042701e-04
-5.827862845002640727e-05
-4.727485021973589825e-05
8.113834728034317618e-04
-8.368429899578496583e-05
1.603900423718435767e-05
-3.002206714743108551e-04
4.226906789695887296e-05
2.875527122078772962e-06
-2.562677882416276951e-04
1.806134739265749254e-05
5.054239795964627328e-05
-1.724842066331617367e-04
8.247730729896214532e-05
2.806823701957520713e-05
-1.018097545189143756e-04
-6.909676167743439290e-02
-8.776746233732075995e-05
5.580712089112255486e-06
2.214305789976332576e-04
-1.159670662782082053e-04
-1.875969690699584233e-02
-1.386312578966002694e-04
-2.472387367589505977e-06
-1.129878389791836327e-04
2.805602878168939724e-05
-5.824794560380090747e-03
4.988215400232852989e-05
3.690968192022044590e-06
-1.019128651713390805e-04
2.218154468718422812e-05
-4.791392097781341404e-03
4.703677155457148884e-05
-9.168559542269554436e-08
-1.275532707414924881e-04
-3.819434081701907741e-05
-1.581348780370444912e-03
-1.270619485597102933e-05
-1.124111557447787968e-05
1.173452024215664155e-04
1.430078056439000708e-04
-2.463532255268531188e-03
1.492131329112926042e-04
1.210454701038752854e-05
1.087234677124252792e-02
9.740921711591347953e-05
-1.825227237466769134e-04
4.363077767406686736e-05
-6.934952683476736991e-05
-3.606245711427447337e-05
-6.842770515722725044e-02
-4.920345225718161623e-03
-5.652513937669180651e-05
1.020367005061295401e-04
1.306132365476615764e-05
3.391594516524464367e-05
9.121602604681381006e-06
3.095738768167664162e-02
3.382728497369576724e-03
3.695051901926593718e-05
-5.759070680782518172e-05
-3.533498736639842375e-05
-3.957427423404425684e-06
2.742691232775816169e-05
-2.128720133265570025e-02
-1.414075958350618416e-05
6.603656377750735068e-06
6.452033501680432253e-06
5.169674251887643635e-05
1.929250544173264584e-03
2.977629689378898017e-05
7.709261651870549911e-06
-2.714890494348233703e-05
-1.428277606954906135e-05
-3.152544356657301261e+00
2.391788670542155604e+00
-5.176694913325776692e-01
2.297975953217758160e+00
2.110120055490567026e+00
1.710774436677475530e+00
8.073903717491238696e-01
2.649042098607680362e+00
-9.727215233146398448e-05
9.584639544793732528e-05
-6.715751644865815208e-05
-2.627476082499137847e-04
-2.887085543085269636e-04
-1.432736910679424495e-04
1.236594991209672703e-04
8.174075178475905760e-04
6.066401594727801748e-06
-1.563641987130466303e-05
-2.803473873424507210e-04
3.444680669995220829e-06
-1.491614736343980764e-05
-2.153672869734825205e-04
1.514769301471798844e-06
3.445401294763586215e-05
-2.499968715591948743e-04
1.270449187601033109e-05
6.258044981236445328e-05
2.400142623209741699e-05
-6.892886335638345741e-02
1.660207705694882220e-05
-8.482627566001920208e-05
2.172308914091302182e-04
6.074770944188001825e-05
-1.866366735560412438e-02
5.189582755798973629e-05
-1.651314221944649913e-04
-1.346833760056751340e-04
1.480336601958405387e-05
-5.774863306121444904e-03
3.029361675678380380e-06
8.817483920890339174e-05
-1.227223624928095542e-04
2.483929092906162752e-05
-4.731156844930974395e-03
8.568070686921095747e-06
7.558668041260477614e-05
-1.582963694788934342e-04
9.286129808732930622e-05
-1.474949920335246953e-03
3.643390125616088264e-05
1.005372261308357801e-04
1.419569712833068154e-04
-1.727709801624901132e-04
-2.573856478699831311e-03
-7.032691652660792150e-05
-1.077901064225910593e-04
-1.077333445624225824e-02
1.675783742259868286e-04
1.318211353823520952e-04
1.778892213750646323e-05
1.216110974894918330e-04
-7.299662780511180157e-05
6.819334417929429071e-02
4.874827581580825145e-03
-1.106898848459475677e-04
-6.947374530722334436e-05
6.334324233747343214e-05
-7.286575939655856322e-05
4.996779873264083679e-05
-3.091240937503546629e-02
-3.360301354256963607e-03
9.347916479290625368e-05
2.995725248440959834e-05
-1.235655916371012492e-04
4.477263985135624975e-05
-3.773202459443202473e-05
2.133910898650732274e-02
-9.889761457199607551e-06
-1.087516559327603840e-05
1.935104511507738934e-05
-4.173486879815844651e-05
1.884208451581721733e-03
-3.512766325968037730e-05
-8.574436926412140744e-06
3.403673608006819225e-05
-1.144472107533699395e-05
-3.152528169631634292e+00
2.391754780807759051e+00
-5.176566394493202772e-01
2.297983487356396015e+00
2.110224295515823023e+00
1.710825254380832661e+00
8.073836929777356008e-01
2.649029776035144668e+00
1.040417288062971747e-05
1.227813659105705902e-04
1.647296400710374466e-05
9.669619536426012616e-05
-2.404476447851521068e-04
4.245406514729251914e-05
-1.487553011723553463e-04
8.197299479540435477e-04
-6.583146134574209963e-06
3.306975987805189780e-05
-2.892848607966509765e-04
6.776812598156424353e-06
1.205124305487674562e-05
-2.369531256850717043e-04
-4.142752689821334149e-06
4.672983761647775739e-05
-1.941251165000930628e-04
3.576333348977614148e-05
3.548264174116930268e-05
-1.058116424843406119e-04
-6.907712545660603387e-02
-6.952502009834027850e-05
-3.745441575559371392e-05
1.298944248832096973e-04
-1.452333985271981502e-04
-1.874959646455240034e-02
-8.890289496092307537e-05
-1.080735889255439724e-04
-9.049970540640852625e-05
2.655673335495649487e-05
-5.816665046699796317e-03
2.150344773480668238e-05
5.203955214424687604e-05
-7.997971598657012296e-05
2.247427641279938279e-05
-4.782300010608302177e-03
1.595952495228461845e-05
3.989930942281838696e-05
-9.355242574650806373e-05
-6.270266533287045959e-05
-1.548866218023960952e-03
-1.676434763551282154e-05
5.171197021756182891e-05
8.629274132310537997e-05
2.182692116219816505e-04
-2.517806303942447203e-03
7.508102164568522551e-05
-6.843191471877710505e-05
1.083253467989304247e-02
1.023030526708698217e-04
-1.327959699143718047e-04
1.389144857967539171e-05
-1.128522108780023801e-04
2.148238663157589837e-06
-6.848639510088418147e-02
-4.903232275619632576e-03
-5.831424325542303166e-05
6.367543616477065824e-05
3.840789009645385887e-05
6.312676308420651894e-05
6.998238037880886303e-06
3.100059394732572471e-02
3.374441954273259096e-03
2.549009759021799923e-05
-1.665702093110550870e-05
-6.813623854201242280e-05
-3.280409402701488610e-05
1.116496002477487641e-06
-2.133515608945745629e-02
9.470520379077992804e-07
4.208917507832768629e-06
4.088325976002828762e-06
4.543354436169830658e-05
1.914188921649543186e-03
3.401087372337385789e-05
7.834428515404549820e-07
-2.859513931251918240e-05
-4.742350731676512307e-06
-3.152522085240275107e+00
2.391731377881512355e+00
-5.176492345739956980e-01
2.297924431355879982e+00
2.110143483476141224e+00
1.710791925269356417e+00
8.073867150830322803e-01
2.649037166663198661e+00
-3.578696362536464199e-05
1.414353824252389136e-04
-3.010816291477324191e-05
-1.564032514630481381e-04
-2.128651783171470885e-04
-1.224781121424794138e-04
1.673810891891346498e-04
8.314008932395102868e-04
1.069038713653375130e-04
-3.124682099123092998e-05
-2.797012976123864334e-04
-3.634620382553774059e-05
-2.248359807408137337e-05
-2.113716569951087812e-04
-2.504442095741803192e-05
6.220214422091401821e-06
-2.437331285549041273e-04
-2.644299553274895862e-06
-4.709947314897214125e-05
3.529533386569428006e-05
-6.906740512053242964e-02
1.477521684884255948e-05
2.654980423832127687e-05
2.154137452172227889e-05
7.025041741543170066e-05
-1.873577051844696820e-02
5.059889474704172216e-05
-8.466259678624764090e-06
-4.462599337141315634e-05
1.803135704474089071e-06
-5.797118321482818207e-03
-6.188368603243755376e-06
1.423057475047900714e-05
-4.339643510944819592e-05
4.149516938968441640e-06
-4.760312334519825085e-03
-6.218096564993682776e-07
8.149933698794315889e-06
-6.629175336747738969e-05
7.283518436208415527e-05
-1.500101958883590797e-03
5.595351796550610934e-05
1.288083741299879940e-06
8.096433907430684624e-05
-1.838483833220725620e-04
-2.583264913409873392e-03
-1.422689005938118742e-04
-1.987788756782448089e-06
-1.083145520210664070e-02
1.087641472223895706e-04
7.997258814331008152e-05
-4.054956959193001254e-05
1.667075641665781340e-05
-3.445300559615657135e-05
6.853361819368870844e-02
4.898621145111779068e-03
-9.235300608028746598e-05
-2.700158687189582827e-05
7.893303350568585397e-05
-5.918859284971241322e-06
2.245217700632116839e-05
-3.104494779211200428e-02
-3.372748094610376890e-03
8.546417646633551555e-05
-2.068626316051026771e-05
-1.120124007014406536e-04
-1.115968864109012160e-05
1.214271897292690944e-06
2.140085395028634360e-02
2.133547975036469060e-06
-1.481869063683907890e-05
-5.677712199022677368e-08
-2.947833576032071507e-05
1.893920767101635793e-03
-2.149467800152866665e-05
4.971170868581245586e-06
3.042045950064301701e-05
-6.808423071941039468e-06
-3.152540882199126315e+00
2.391801613314718633e+00
-5.176748563948904147e-01
2.298002829170677774e+00
2.110161005940685897e+00
1.710792249363766393e+00
8.073882847302021881e-01
2.649036179019016224e+00
6.685850702402125413e-05
1.045216816250080618e-04
6.839774464585416324e-05
2.560876781516948503e-04
-2.796634548595505060e-04
1.647289270595755895e-04
-2.315330463854117814e-04
8.238234898630795739e-04
-4.414429065063068202e-05
5.392885929622690254e-05
-2.873234429564305685e-04
1.073268420073575572e-06
4.398630463390438758e-05
-2.234638496307566171e-04
2.035002108378683465e-06
-3.313480462427146537e-05
-2.395417729530733078e-04
-2.087142948500327028e-05
-1.283654828430784217e-04
-6.009095504481889310e-06
-6.903610753434037683e-02
-1.836530243933638326e-05
-3.299838185915867153e-06
-6.183350586993692532e-07
-2.318825404021235086e-05
-1.872215495621708248e-02
3.453995703905809902e-06
-8.839582369142619266e-05
-2.095895769353350386e-05
-1.048688623787705123e-05
-5.795541470230639557e-03
-7.225758879067793912e-06
4.859979564407295154e-05
-2.531929991024487202e-05
-1.893026796749366710e-05
-4.755338210130964291e-03
-7.587139494223037401e-06
4.294241942814350563e-05
-2.801884027441087823e-05
-1.089694108061106117e-04
-1.501840733578653497e-03
-3.174228281426947577e-05
7.055678790005930317e-05
3.200675665915386642e-06
2.264918292928864204e-04
-2.567459071924288808e-03
5.951098880166712343e-05
-9.341404674414753085e-05
1.085051366700705289e-02
1.506893082742076138e-04
-1.318089257553670818e-05
-2.235971958227528367e-05
-8.514935295929229424e-05
-5.033869085837379583e-05
-6.854365862498641715e-02
-4.923052403546061828e-03
-1.006692598567336054e-04
-8.235279570280003639e-06
6.789171554979871182e-05
3.906022784821305696e-05
5.921486059939679199e-05
3.103972727939599205e-02
3.403771165568390475e-03
7.685752876445509931e-05
3.782563750052324791e-05
-1.014383213089973396e-04
-1.595096959653089365e-06
-6.999265439050982810e-05
-2.138561557466751514e-02
-3.495083092116550754e-06
-3.812779436689842788e-06
6.040216137952667043e-06
2.215478162944533626e-05
1.894035256494786858e-03
2.364439265770435796e-05
-2.593439835444033515e-06
-3.386310184684223658e-05
-7.128134944422732239e-06
-3.152537577626111975e+00
2.391781276862208649e+00
-5.176706067167250458e-01
2.298012760030043733e+00
2.110219523833065658e+00
1.710818133165856958e+00
8.073838901757399711e-01
2.649029329308069336e+00
-6.490313142319299191e-05
8.545095062252992964e-05
-1.770549029071131738e-05
-1.506710917713668810e-04
-3.081252108676172806e-04
-1.339578320409960839e-04
4.021431246407278893e-05
7.944387681462353797e-04
1.836915655799259515e-04
-4.616049128420135811e-06
-2.954585448802600684e-04
-5.847062139392618363e-05
-4.779542036466407002e-06
-2.442293005597888042e-04
-4.366584397247769551e-05
-4.886737725452646461e-06
-2.030484325792423356e-04
2.059611989639793545e-06
-2.186706591568183394e-06
3.963477118880246765e-05
-6.901915328461381838e-02
1.289643497157382142e-06
5.535317932431555246e-05
1.524676409211950115e-04
6.365503896257996099e-05
-1.873702224247590989e-02
5.317565210625005293e-05
6.645213140590047708e-05
-8.552969644159749414e-05
-3.132642985149468122e-06
-5.808228835112194156e-03
-6.279101743979010654e-06
-1.493784064217197499e-05
-8.144605363136458694e-05
7.627022113126203729e-07
-4.771720013911268099e-03
-2.137413123317925690e-06
-1.686004607771526310e-05
-1.096600249136451253e-04
4.032109742014302028e-05
-1.534527497472403922e-03
7.655712259616887243e-05
-4.193608630881816496e-05
1.037640035725881935e-04
-9.850581575834805800e-05
-2.531609899045036971e-03
-2.052964036929185246e-04
5.837086596444914031e-05
-1.085331103517072487e-02
9.454450938158227846e-05
1.365874527891331445e-04
-2.118222717150536338e-05
-2.645291199373503085e-05
-7.955148639255272408e-05
6.845461245648135074e-02
4.907950703496757709e-03
-7.565729657077122083e-05
-7.486592277164449191e-05
5.102124585560675885e-05
2.234352275069676017e-05
3.763526794632268300e-05
-3.097674349244957173e-02
-3.373105786278048687e-03
7.452853525517528100e-05
3.753783982176070114e-05
-6.784028000372636924e-05
-3.490372278996961434e-05
5.807371444836837045e-06
2.130963882987634700e-02
-1.049822897354843487e-05
-1.158051133698902104e-05
4.763249643396417522e-06
-3.598363281702244090e-05
1.905600942768160980e-03
-1.590917240189875979e-05
8.969832757106939816e-06
2.895477646659533300e-05
-1.290155981206076591e-05
-3.152564914375652450e+00
2.391906875550852796e+00
-5.177053649846191652e-01
2.298071573021437608e+00
2.110086637818604505e+00
1.710746198044635680e+00
8.073970455010679448e-01
2.649047264917732125e+00
1.274364130693538184e-04
5.700672330783069282e-05
6.087163435673539463e-05
3.455835426599391212e-04
-3.671022765915467681e-04
9.442011640016043247e-05
-1.579028196580331176e-04
8.253192858595902615e-04
5.417167391820993343e-05
3.367657538781965957e-05
-2.930898994531798635e-04
-2.025377050365997016e-05
4.528600581553756543e-05
-2.174768848154316737e-04
-1.525138352534806326e-05
-9.498098937199195486e-05
-2.941069254649457052e-04
6.163399541585351505e-07
-1.255384455569307227e-04
4.740607928067875568e-05
-6.900788096147240924e-02
5.409033156298075767e-06
-8.882431770696396986e-05
6.911804122351490175e-05
9.624826531348415850e-05
-1.869541296154688531e-02
-3.673154646394864752e-05
-2.302429806772640002e-04
-2.389732811406474551e-05
-4.053991758407687570e-05
-5.767556319283665550e-03
-1.560173731765402273e-06
1.089517133774770935e-04
-2.992380321440334578e-05
-4.783582330883396890e-05
-4.711997141872504083e-03
-2.401812587471329418e-06
1.043174414375727590e-04
-4.925060054248927709e-05
-1.015418821146070493e-04
-1.443637902366424206e-03
7.523397821718332511e-06
1.383223757193281214e-04
3.248056858679549238e-05
1.337508610739194409e-04
-2.585036155169801245e-03
-3.088071208895105328e-05
-1.015421853312716623e-04
1.080507322237654610e-02
1.632717004865499389e-04
-5.608176205611345097e-06
-4.612125556390997416e-05
-1.485856922774137943e-04
-1.483742698680685923e-04
-6.833921292154135352e-02
-4.903607751191925435e-03
-1.109453988922243619e-04
-1.066951795354565639e-05
9.493912307030269448e-05
9.122338432743015485e-05
9.994138860280974562e-05
3.096793465160961253e-02
3.396764312077072551e-03
1.063334008044643111e-04
2.922049125771961119e-05
-1.342876227191300287e-04
-5.483885814795596745e-05
-9.911383787320003202e-05
-2.137984592826396371e-02
-1.758899356687143112e-05
-3.487479039320732360e-06
1.377741521823498509e-05
8.297212018356097014e-06
1.874090182175251577e-03
3.251394166294357632e-05
-1.554061553224624342e-05
-3.675208554965343766e-05
-1.457135658140725756e-05
-3.152544403409116125e+00
2.391807061536323165e+00
-5.176778035533770028e-01
2.298034093551818646e+00
2.110202474231031466e+00
1.710801460029148569e+00
8.073855904857342169e-01
2.649033457902719935e+00
6.452922927932202798e-05
5.848245495468853299e-05
-4.399477827587073740e-05
2.470196361285133778e-04
-3.489034509767065164e-04
-6.220207329102750155e-05
-2.174587620317837205e-04
7.755617674447573984e-04
-4.564341721149626368e-05
7.645765449264407148e-05
-3.015245333721881132e-04
3.538551832341898308e-05
6.731953530031721251e-05
-2.497454214765654017e-04
2.402468185023012587e-05
-2.818091357663512304e-05
-2.175118674505222048e-04
1.886765955978118137e-05
2.114727284559854035e-04
4.480376229366568814e-05
-6.902358432871413818e-02
1.900790869444049709e-05
-3.235390434476253466e-05
7.938329020426175336e-05
1.213886558775156528e-05
-1.875245911785169278e-02
-2.555270181210456744e-05
-4.346715842125907113e-05
-4.654387543727928685e-05
-6.511090784215098760e-06
-5.801048543698502508e-03
1.537356775255478496e-05
4.136379120649850169e-05
-3.430226900122389526e-05
-1.390511195073923658e-05
-4.754671728376605802e-03
6.055238953075922333e-06
4.305169848506407734e-05
-6.220342944681343800e-05
-9.669542509978292497e-05
-1.513412424859854766e-03
-1.143112650965234924e-05
7.199339287760161315e-05
1.078809934232042981e-04
2.049284868036206620e-04
-2.525917618185964143e-03
3.318938917139419053e-05
-9.246131752003232895e-05
-1.088999194828770174e-02
-1.213221362509320743e-04
6.127441261137307055e-05
-3.732071002933781689e-05
5.825159748007067637e-05
-1.330701549774495999e-05
6.838575773126133461e-02
4.930333051512136855e-03
7.554670955739581535e-05
-4.217938753124563650e-05
6.186900257900557198e-05
-3.256789889158540801e-05
2.863285463115404668e-05
-3.094587574987186368e-02
-3.392457827776712825e-03
-4.263724923815571336e-05
5.034042907310295762e-05
-7.739906277747996000e-05
2.298144816044161428e-05
-5.315205070862094551e-05
2.129984408315745495e-02
2.653207953559029518e-05
-7.094496691085196659e-06
1.000737446703637320e-05
9.903168445201001018e-06
1.904110096913303428e-03
-3.549273785316496544e-06
-4.687184070773181641e-06
3.300368581999905330e-05
7.592005984216710848e-06
-3.152545942730078377e+00
2.391853519740486878e+00
-5.176859018328756612e-01
2.298015282090463351e+00
2.110079942305902012e+00
1.710743031000655945e+00
8.073942563527318761e-01
2.649045583074161936e+00
-7.941725035581502002e-05
8.165664512586911280e-05
3.221741840954593585e-05
-2.268013519183895025e-04
-3.225292348269762251e-04
1.308810961175500181e-04
1.225088793596341952e-04
8.272853439560213032e-04
-1.191846455104564643e-04
-1.444246328565211194e-05
-2.954642716175553269e-04
3.244187683496711154e-05
-1.837479950628190901e-05
-2.149101540898095569e-04
3.836141013263736596e-05
6.890947994624774329e-05
-3.104339230399770131e-04
-5.824798414557701652e-05
1.084601906144702817e-04
-5.523085042273003734e-05
-6.901919075528947789e-02
5.587313315237169540e-05
1.446764200498727553e-04
4.571097743194603067e-05
-8.899812042242469451e-05
-1.875475496259634139e-02
4.818557934370114597e-05
1.095453272448527934e-04
-1.212903451317808739e-05
3.482661946133187489e-05
-5.772370171353413855e-03
-2.652449011176508857e-05
-6.066196661303256368e-05
-2.922528120955602998e-06
3.344027741668609760e-05
-4.712895512334972989e-03
-3.125416831260875998e-05
-5.488982190095305380e-05
-2.630457744585698381e-06
5.473517240879563809e-05
-1.427902165850083007e-03
-6.293973261549331037e-05
-6.413466647302696027e-05
2.915179196094264580e-05
-5.229750653115933321e-05
-2.615292847369233772e-03
8.591532547398747618e-05
5.258896119473741547e-05
1.091704262016950436e-02
-1.149281229750933600e-04
-2.951723510587883886e-05
-1.434620106993758637e-04
8.086040644374528630e-05
-3.060747186174616902e-05
-6.843669460998066945e-02
-4.953763228142378169e-03
9.776959877964101482e-05
3.276663962324623171e-05
1.356579480289391709e-04
-5.661641591168898799e-05
1.564265211841841174e-05
3.098859774836040804e-02
3.424010639686425259e-03
-1.062492003749774394e-04
-5.341191524432627115e-05
-1.487232306097326096e-04
4.786003692050508416e-05
-3.564931355060411110e-06
-2.137131333615635911e-02
4.057775426486820262e-07
-6.579220416620765871e-06
-1.623203066846725350e-06
2.939208308457458589e-06
1.879761753208856589e-03
-1.202343997404106278e-05
1.957982403736697108e-06
-3.895796518783562043e-05
6.204761500290908354e-07
-3.152524976989951710e+00
2.391756545446630522e+00
-5.176556537548565595e-01
2.297913048029266214e+00
2.110054507264636836e+00
1.710741495981840332e+00
8.073920647713479504e-01
2.649047845172753490e+00
5.478962798275701599e-05
1.061562579432267193e-04
-9.700226052683716817e-05
2.188727289113936471e-04
-2.673121824997106745e-04
-1.914359742466126366e-04
-1.967343170787532857e-04
8.041361239430296678e-04
-7.740796961908634217e-06
4.727952246828519430e-05
-2.848715209725915815e-04
2.883889708028044554e-05
4.384703721082193679e-05
-2.066427267312607454e-04
1.782609421594127401e-05
-5.903535214423502944e-05
-2.997051476179474249e-04
4.128072551221341458e-05
1.128438886952518863e-04
3.703475435363768600e-05
-6.890418541103490724e-02
-2.142740150076923294e-06
-2.424373314592338357e-05
1.472531089083791084e-04
2.103562112270844649e-05
-1.871312063485255570e-02
-3.566493972360668552e-05
-1.152149236987103190e-04
-4.194133291173108419e-05
-2.816684611762385897e-05
-5.760438593625893770e-03
2.697481927746493723e-05
7.312888110710101270e-05
-4.158702387548370282e-05
-2.883009228025928722e-05
-4.707864811026258277e-03
2.302905247336052195e-05
7.571764530010948358e-05
-6.429743560412972347e-05
-9.406496486616463951e-05
-1.431120405547955813e-03
2.308340514327012437e-05
1.022683866926950535e-04
5.955626366988892506e-05
1.795451081394371052e-04
-2.611923587855585326e-03
-6.521839673986470020e-07
-8.641072033995845277e-05
-1.082989487609854577e-02
-4.869017782096682345e-05
6.948295583759879143e-05
-1.231480798817505273e-04
8.859957502832391729e-05
-7.549434920888463407e-05
6.819020757148033796e-02
4.899731502680441594e-03
4.156946288665466002e-05
-5.419735250477219438e-05
1.309457218075082280e-04
-4.987807798095985051e-05
8.056982649094280354e-05
-3.088683065014762724e-02
-3.374019123852201735e-03
-2.062946576009074169e-05
6.302508839460335081e-05
-1.564724424424745325e-04
3.002268952518272421e-05
-1.039770145620369035e-04
2.131939671962686939e-02
-5.651933349867652905e-07
-1.539091009784184232e-05
1.468270480223704587e-05
-2.374094780042512558e-06
1.877120456258337018e-03
-1.788337648125439309e-05
-9.640432534195223857e-06
3.659494748891758780e-05
-3.437551552053609918e-06
-3.152526734894731231e+00
2.391754023616082581e+00
-5.176560323982430933e-01
2.297934384132406915e+00
2.110097039054751988e+00
1.710756844628776419e+00
8.073896955857655655e-01
2.649044607913672689e+00
6.560377130597948249e-06
8.620570688949507829e-05
-2.430075813344432297e-05
-1.977052388076703669e-05
-2.926595023219273443e-04
5.614431813898959536e-05
6.719319151054656215e-05
7.771136327763207736e-04
-2.033428972781443282e-04
-1.362284894944460319e-05
-2.916026163627899264e-04
7.230121705038424179e-05
-8.509289862262277678e-06
-2.252689092998886797e-04
6.056068001743179882e-05
6.019562276417183091e-06
-2.706653506667986158e-04
-1.215319506464639186e-05
2.014454333666268520e-05
1.724891615214893070e-06
-6.894015933947039709e-02
4.804320537112288618e-05
2.061953270722624489e-04
1.857145392727763139e-05
-1.408952443907935574e-05
-1.873684265704072052e-02
-1.307302018501990345e-05
2.038603728935143146e-04
-3.790492076918670775e-06
-3.906410751817141283e-07
-5.772529374876224882e-03
1.281092696753793338e-06
-1.053170378730768753e-04
-3.581389860209419776e-06
3.551447098156729004e-07
-4.717769849637038805e-03
-4.598283270267105238e-06
-9.343712096539512390e-05
-3.582091878068569381e-06
1.495173076205071094e-05
-1.451572585007582889e-03
-6.691627763934831423e-05
-1.332645426404231454e-04
9.342285096841553959e-06
-3.478343235834192051e-05
-2.579363694154612145e-03
1.618963278686633405e-04
1.522560796822569141e-04
1.085560985192749253e-02
-3.338813479669900308e-05
-1.613844552623467949e-05
-9.570280943400205631e-05
1.208884765130765950e-04
-7.154660772468266622e-05
-6.812738600276843637e-02
-4.923784154242874175e-03
2.709526485685969440e-05
2.013487092383464488e-05
1.107691868725401568e-04
-8.306096491578017884e-05
2.750153548221117780e-05
3.084170890585026525e-02
3.401448226804844061e-03
-2.901479448804359501e-05
-3.393759205732442845e-05
-1.363487057547407844e-04
8.075766966258920163e-05
1.320705109787419316e-05
-2.126847847445820922e-02
-3.139758428091713724e-06
-5.221022098619073487e-06
-1.541339106065365688e-06
3.822374103034769646e-07
1.889313900499656283e-03
-1.294961249584232151e-05
1.354090718850593919e-05
-3.929690964125978874e-05
-1.666175539597323954e-06
-3.152583056307636244e+00
2.391962956922609074e+00
-5.177261280035667657e-01
2.298173225509599238e+00
2.110191739810947542e+00
1.710787844603447239e+00
8.073920201763240545e-01
2.649031858315799681e+00
-4.497510843118855683e-05
3.590280200226731409e-05
-5.044511889034768983e-06
-9.075621974329831521e-05
-4.419516514733607695e-04
2.287115700790097548e-05
-1.749062323938747692e-06
8.734926697048437912e-04
-4.705588560484580754e-05
-3.412059659044589722e-06
-3.057114017205914309e-04
-2.850340651438072547e-06
-1.208076760224179871e-05
-2.264923146791716761e-04
-5.035697488114372438e-06
2.550375820564655506e-05
-2.869791769561586339e-04
-2.508661916608299815e-05
-1.166157050431463634e-04
-1.438925612442823964e-05
-6.915566151350648061e-02
-5.082151531146281934e-05
9.646053345715635942e-05
4.074131728334264008e-05
-7.680658665992980583e-05
-1.876224745268238042e-02
1.748116028783492976e-05
-6.294570194115002267e-05
1.660853594890222969e-05
8.438371303711033494e-06
-5.800873418386875285e-03
-1.068049202949846306e-05
3.010946933672540074e-06
4.770978074952016346e-06
1.153318069631754781e-05
-4.747625824227274215e-03
-3.607518052466628360e-06
1.630302720950981509e-05
-5.503943265022053001e-06
6.936395067197790015e-06
-1.464022487006362691e-03
-2.758516581771306342e-05
2.965109811931682104e-05
-1.562783801750035491e-05
2.441171062761607173e-05
-2.603952644494231510e-03
8.257028450449258700e-05
1.412637352062825921e-05
-1.097282277696027750e-02
3.841189290066015702e-05
1.737632898629297841e-06
-1.319944090757037281e-04
5.888074831496325004e-05
-1.062751899434339416e-04
6.884453270699507355e-02
4.971745566671527047e-03
-2.831828241640259322e-05
1.303227121425830663e-06
1.103253696732777595e-04
-3.656750975094028803e-05
9.334307817248982050e-05
-3.117423282686224151e-02
-3.424450884008480023e-03
4.462206777911709740e-05
-1.586281173104379613e-06
-9.508335665727937758e-05
1.049505891444411075e-05
-1.139188749203611114e-04
2.145808217739474458e-02
-9.007238705982501502e-06
-4.352047806952546140e-06
7.193844302662104939e-06
2.421676984916363846e-06
1.868484354036203899e-03
-1.335017772800504852e-05
-3.458833147407766628e-07
2.906900013883376431e-05
-2.510490589095217256e-05
-3.152544403955455543e+00
2.391807065525144438e+00
-5.176778053217183651e-01
2.298034096890514633e+00
2.110202473075858176e+00
1.710801459577421690e+00
8.073855904009880069e-01
2.649033458023508647e+00
7.037560775784474526e-05
5.848287663569952432e-05
3.390377018182497691e-05
1.774091331072890341e-04
-3.489017518006776869e-04
1.828771025220712540e-04
-6.920641965334889661e-05
7.755597751839610676e-04
-2.111552646893241766e-04
7.583883128954329287e-06
-3.015242445903634338e-04
8.390657561446266256e-05
1.285150457094005576e-05
-2.497456185134304700e-04
7.030788823971566921e-05
-3.042421499865073772e-05
-2.175107101947922669e-04
-1.495774762626619252e-05
-7.773641319646468987e-05
5.939601777003389663e-06
-6.902359148584323589e-02
4.830534228472769392e-05
1.993432155573707188e-04
-2.052955062412630739e-06
2.819668763465466032e-05
-1.875246668443806414e-02
-2.263592627473233346e-06
9.048622411056920091e-05
-1.254879198213068359e-05
-1.656933288584852169e-05
-5.801048113059396535e-03
2.048040228275478349e-06
-6.099191695571408965e-05
-2.013166325615765189e-05
-1.219694683522537325e-05
-4.754672287344401463e-03
-9.014403342952108324e-06
-5.123445334979243038e-05
-3.124778417490297824e-05
-3.845034241136721073e-05
-1.513415514012606293e-03
-8.945595404005801719e-05
-8.986615927135169191e-05
2.613902257504729514e-05
7.372568213409687787e-05
-2.525912210342489035e-03
1.940675011508993407e-04
1.396528945667464545e-04
1.088999360098534021e-02
7.218476239278246234e-05
-1.981080520287474209e-05
-3.732071677293655187e-05
8.219084168489538926e-05
-9.841355722523198804e-05
-6.838576900185294738e-02
-4.930333992761892076e-03
-6.257002023834270501e-05
7.114407926621043893e-06
6.186885094614825997e-05
-5.281423273801580300e-05
5.110828395786743208e-05
3.094588121798520775e-02
3.392458657488715487e-03
6.735011039523442790e-05
5.268715445976961944e-06
-7.739900036961809560e-05
5.508978626450773946e-05
-1.034849194640047581e-05
-2.129984872048945599e-02
-6.688789653796440378e-06
7.094532621907580629e-06
-9.451382855172283119e-07
8.025186066422244132e-06
1.904110440194236187e-03
6.801766901195073316e-06
1.101069807027231376e-05
-3.300376734604145356e-05
-2.676497891999431741e-05
-3.152564913687438963e+00
2.391906870238938776e+00
-5.177053630794440364e-01
2.298071568836201894e+00
2.110086638700780615e+00
1.710746198394465178e+00
8.073970455452571526e-01
2.649047264915037392e+00
-1.274373713406603626e-04
5.700523314692662429e-05
-6.087116515415384878e-05
-3.455848731846672753e-04
-3.671056737584812470e-04
-9.441907703216533324e-05
1.579010823328798308e-04
8.253196467489998722e-04
-5.417205853193430670e-05
-3.367627696284856422e-05
-2.930897907871176039e-04
2.025346742805090344e-05
-4.528593232286811613e-05
-2.174767053018620286e-04
1.525109316095840607e-05
9.498099535921078647e-05
-2.941068917610927371e-04
-6.166757105923264767e-07
-1.255404248938621131e-04
-4.740628152574070768e-05
-6.900787619296681885e-02
-5.409041703491844488e-06
-8.882494460696116131e-05
6.912005987351872932e-05
-9.625014728591562286e-05
-1.869540622277134079e-02
3.673236549008032583e-05
-2.302418509435250960e-04
-2.389797445013824425e-05
4.054013851035721090e-05
-5.767556890463060131e-03
1.559838664432188762e-06
1.089516292659504170e-04
-2.992439626928087789e-05
4.783572371956290110e-05
-4.711996844888768736e-03
2.401374087196975942e-06
1.043176871942997936e-04
-4.925180683881108783e-05
1.015403945404248873e-04
-1.443635464914740357e-03
-7.524543549903726578e-06
1.383234058228307813e-04
3.248241444717467731e-05
-1.337475229372822409e-04
-2.585040312691454581e-03
3.088229718180696126e-05
-1.015439104009733043e-04
-1.080506860523910810e-02
1.632706688183275167e-04
5.609619742021109204e-06
-4.611830589719770335e-05
1.485860020943577582e-04
-1.483727715218844875e-04
6.833919330710193363e-02
4.903605520273531838e-03
-1.109448254825522954e-04
1.066834254611031922e-05
9.493819066537165230e-05
-9.122434972530171641e-05
9.994073129632424606e-05
-3.096792572722387865e-02
-3.396762691810969407e-03
1.063330029694573486e-04
-2.921883538286972190e-05
-1.342877999402896511e-04
5.484103811398046292e-05
-9.911318056132442135e-05
2.137983978944803937e-02
-1.758967696419258585e-05
3.487335611435007487e-06
1.377761634800166233e-05
-8.297548787069653018e-06
1.874089795072035776e-03
-3.251403526245218612e-05
-1.554038240557202837e-05
3.675208143972047621e-05
-1.457180901929177805e-05
-3.152537576823052135e+00
2.391781271974020573e+00
-5.176706047171812930e-01
2.298012756359648634e+00
2.110219526033246140e+00
1.710818134176299798e+00
8.073838901541643409e-01
2.649029329088451234e+00
6.490228641406543451e-05
8.545091458576377494e-05
1.770339792602474869e-05
1.506699075633142993e-04
-3.081260324492991992e-04
1.339531067854888950e-04
-4.021477998712425747e-05
7.944403554764189069e-04
-1.836910197817896370e-04
4.616266717302719866e-06
-2.954587976574058004e-04
5.847094370213016086e-05
4.779419497414957451e-06
-2.442293350981013353e-04
4.366600970282616021e-05
4.887979095246097500e-06
-2.030485521170306677e-04
-2.058262880067472395e-06
-2.188261158909358267e-06
-3.963659404319528831e-05
-6.901914873463171896e-02
-1.289949098873081901e-06
5.535330070314300587e-05
1.524667178113827889e-04
-6.365685475495378907e-05
-1.873701595263653139e-02
-5.317807739894311479e-05
6.645479515353181551e-05
-8.552915671173339364e-05
3.133283401979074755e-06
-5.808229984728368982e-03
6.280030144986507179e-06
-1.493830469440457773e-05
-8.144546810069725937e-05
-7.621954386422566483e-07
-4.771720225785639445e-03
2.138374288746496536e-06
-1.685993220465577933e-05
-1.096591836758441349e-04
-4.032122565631833381e-05
-1.534525584101991726e-03
-7.655573764943171837e-05
-4.193490122230009718e-05
1.037632716815382579e-04
9.850716961597179137e-05
-2.531614044841468819e-03
2.052954913067156668e-04
5.836881081282678540e-05
1.085330958819506579e-02
9.454254420695595157e-05
-1.365882971000466459e-04
-2.118100082545287810e-05
2.645270320679503698e-05
-7.955025171772875554e-05
-6.845460098230364554e-02
-4.907949863092765652e-03
-7.565615860424140283e-05
7.486610538476902432e-05
5.102047512952484487e-05
-2.234278930037295573e-05
3.763448995568879907e-05
3.097673747983180348e-02
3.373104976767567036e-03
7.452762256752673304e-05
-3.753767651534494084e-05
-6.783947446663274317e-05
3.490198797485123206e-05
5.808164678280664916e-06
-2.130963327331674914e-02
-1.049834365117241269e-05
1.158052626519219877e-05
4.762956109805022544e-06
3.598382631469521380e-05
1.905601174807814964e-03
1.590917658070555582e-05
8.970024737384318264e-06
-2.895450401474769365e-05
-1.290200635794808268e-05
-3.152540880177929772e+00
2.391801604032981032e+00
-5.176748529928337783e-01
2.298002819456134826e+00
2.110161003725294471e+00
1.710792248727483367e+00
8.073882847418316633e-01
2.649036179245579881e+00
-6.685729192109799920e-05
1.045236320741182805e-04
-6.839087182786943338e-05
-2.560844980682530463e-04
-2.796601245021706605e-04
-1.647147554931482883e-04
2.315320382840644817e-04
8.238242876078692885e-04
4.414389584097067379e-05
-5.392880319720292357e-05
-2.873228508941048616e-04
-1.073773945722706751e-06
-4.398635198086529353e-05
-2.234626404269881433e-04
-2.034557578284755567e-06
3.313486251293334701e-05
-2.395431940679696413e-04
2.086719702939437515e-05
-1.283606965341664964e-04
6.009321316283113175e-06
-6.903610615927059657e-02
1.836880777089839895e-05
-3.297851286663752712e-06
-6.184301061104696402e-07
2.318548032260708944e-05
-1.872215147249583003e-02
-3.447636708100816822e-06
-8.838799345452134448e-05
-2.095939949763966128e-05
1.048700302037444709e-05
-5.795541748086588743e-03
7.223594628221439995e-06
4.859636739709789972e-05
-2.531969111376444244e-05
1.892973038923379911e-05
-4.755337676851086569e-03
7.585039700265918186e-06
4.293931387697760794e-05
-2.801939086367830078e-05
1.089670792053974241e-04
-1.501837264421340516e-03
3.174055449186531023e-05
7.055282357618775481e-05
3.201695921698271207e-06
-2.264877559638003358e-04
-2.567465025726313119e-03
-5.951214851846947716e-05
-9.341092861265664748e-05
-1.085051395289480386e-02
1.506868561799431594e-04
1.318124034008476969e-05
-2.236048698836534676e-05
8.514803178544293541e-05
-5.033551814359279487e-05
6.854364781637779791e-02
4.923052774564666556e-03
-1.006679688984587280e-04
8.234683904976571565e-06
6.789306769059907931e-05
-3.905897454107979706e-05
5.921219105962016640e-05
-3.103972261324732321e-02
-3.403771629596354965e-03
7.685656244988889330e-05
-3.782414374015681709e-05
-1.014406474008945624e-04
1.593243695148665348e-06
-6.998938583609051831e-05
2.138561316038530696e-02
-3.495031300106962507e-06
3.813073997583585773e-06
6.039759254817728963e-06
-2.215503468911068138e-05
1.894034772214429722e-03
-2.364381264119525222e-05
-2.593099019345112286e-06
3.386307436231862774e-05
-7.127186545729711185e-06
-3.152522084891634435e+00
2.391731375622171640e+00
-5.176492336313264220e-01
2.297924430499090676e+00
2.110143486237485710e+00
1.710791926419703346e+00
8.073867150490759981e-01
2.649037166423806600e+00
3.578650876579221704e-05
1.414348395847491238e-04
3.010747805421698227e-05
1.564022750394614050e-04
-2.128669932240769089e-04
1.224769535154843951e-04
-1.673808305052792533e-04
8.314021756057226372e-04
-1.069047674339182854e-04
3.124641090358460077e-05
-2.797016014333551424e-04
3.634623799241931094e-05
2.248271127074443642e-05
-2.113719465352351936e-04
2.504420062467432336e-05
-6.218429308191969485e-06
-2.437327098522415795e-04
2.645339488117277632e-06
-4.709882882564790001e-05
-3.529954111190368622e-05
-6.906740246782044901e-02
-1.477787595123168565e-05
2.654929191289422661e-05
2.154313451288998290e-05
-7.025499287832099129e-05
-1.873576587104753069e-02
-5.059955497364041540e-05
-8.467281692100528720e-06
-4.462615369395386096e-05
-1.802123596479629562e-06
-5.797119619866927635e-03
6.188934290939985313e-06
1.423094305646965256e-05
-4.339650486179110850e-05
-4.149050541054906220e-06
-4.760312977819459133e-03
6.225758088518306419e-07
8.150386240906863953e-06
-6.629140127353915608e-05
-7.283698489105603149e-05
-1.500101238653128071e-03
-5.595359348493651985e-05
1.288620910870481016e-06
8.096377490364288433e-05
1.838533856963269712e-04
-2.583267432167273524e-03
1.422710414582918170e-04
-1.988095431701028307e-06
1.083145471701560739e-02
1.087621544080758298e-04
-7.997455697640446816e-05
-4.054814269644629876e-05
-1.667214181870827188e-05
-3.445382699638237570e-05
-6.853361028507287678e-02
-4.898621061274870299e-03
-9.235135863994251579e-05
2.700219832817255276e-05
7.893173860128166464e-05
5.919242220699886658e-06
2.245243797222236696e-05
3.104494339320338497e-02
3.372748084671479095e-03
8.546251052094760840e-05
2.068681895568073425e-05
-1.120108646317057033e-04
1.116023472514320698e-05
1.214196416851752485e-06
-2.140084954816389926e-02
2.133658568057788878e-06
1.481844046317230281e-05
-5.659915884111317314e-08
2.947858262303672088e-05
1.893921386236609552e-03
2.149516730587180350e-05
4.971035160731460372e-06
-3.042009688116272979e-05
-6.808623144646634706e-06
-3.152528169824673654e+00
2.391754779625555383e+00
-5.176566389889828423e-01
2.297983486548307752e+00
2.110224296259971766e+00
1.710825254774948734e+00
8.073836929383289007e-01
2.649029775900917816e+00
-1.040327214613389088e-05
1.227812104476783562e-04
-1.647405818131213607e-05
-9.669408547286417136e-05
-2.404477857825804393e-04
-4.245696192537461481e-05
1.487553988295102784e-04
8.197301777601701499e-04
6.584696437802291317e-06
-3.307008544139330660e-05
-2.892850093818081212e-04
-6.777171724515214160e-06
-1.205180163427379679e-05
-2.369533774871311052e-04
4.142182046354558894e-06
-4.672899462349493812e-05
-1.941249942240634834e-04
-3.576182762827739251e-05
3.548379633325801467e-05
1.058113173858104845e-04
-6.907712435350567282e-02
6.952290663283556844e-05
-3.745452238082297609e-05
1.298930344481811897e-04
1.452283110142817244e-04
-1.874959426795482637e-02
8.890093697155660899e-05
-1.080737143826883200e-04
-9.049924770219813753e-05
-2.655615581240922043e-05
-5.816664700163043898e-03
-2.150260970955275520e-05
5.203957278438397713e-05
-7.997928674328260237e-05
-2.247456463362454605e-05
-4.782299538192343394e-03
-1.595885621958572276e-05
3.989935943464582998e-05
-9.355189520236236551e-05
6.270085063902314758e-05
-1.548865413062510375e-03
1.676511410736749566e-05
5.171169080940361113e-05
8.629242698828814445e-05
-2.182660174248685688e-04
-2.517807348809242285e-03
-7.508146233780465953e-05
-6.843091105031474551e-05
-1.083253485481411663e-02
1.023051573924259328e-04
1.327947465948869227e-04
1.389176048745277559e-05
1.128509356460456726e-04
2.145907051335138246e-06
6.848639510238521688e-02
4.903232283160568333e-03
-5.831548363134707400e-05
-6.367442299355202369e-05
3.840798804812667333e-05
-6.312602622401843175e-05
6.999518317136869429e-06
-3.100059404617124328e-02
-3.374441827118275072e-03
2.549127065318805693e-05
1.665563870335530971e-05
-6.813637714240400323e-05
3.280341964747484821e-05
1.115554141119050845e-06
2.133515558139292140e-02
9.473122093162168245e-07
-4.209087990410496645e-06
4.088293879099785377e-06
-4.543351158865515684e-05
1.914188407556847039e-03
-3.401084144721786006e-05
7.834351204792210782e-07
2.859537841796769004e-05
-4.742323489685671769e-06
-3.152544355858716507e+00
2.391788666431480248e+00
-5.176694897932229145e-01
2.297975949932716588e+00
2.110120056959146062e+00
1.710774437485149901e+00
8.073903716419436050e-01
2.649042098450573590e+00
9.727305876334780025e-05
9.584732148943406541e-05
6.715623863441899351e-05
2.627493651456334033e-04
-2.887065748686120335e-04
1.432699339910088960e-04
-1.236589380124121160e-04
8.174074253300087642e-04
-6.064053070941997524e-06
1.563614005149946803e-05
-2.803475450799443065e-04
-3.444826078899861099e-06
1.491571624541449868e-05
-2.153676321800643734e-04
-1.515031228147903906e-06
-3.445321420543870936e-05
-2.499961306205241590e-04
-1.270304466259805924e-05
6.257809964189833905e-05
-2.400270278224425624e-05
-6.892886299156694707e-02
-1.660164285518096576e-05
-8.482624822416678402e-05
2.172307817275889708e-04
-6.075254166190656164e-05
-1.866366622022277294e-02
-5.189673046098472811e-05
-1.651311098651853375e-04
-1.346828693129340925e-04
-1.480267605128939750e-05
-5.774863822111706707e-03
-3.028882180054144114e-06
8.817450915355281487e-05
-1.227219545150532668e-04
-2.483948205610595373e-05
-4.731157202192639959e-03
-8.567360396858977206e-06
7.558635022003430616e-05
-1.582962569279782318e-04
-9.286321801520430047e-05
-1.474949933655996187e-03
-3.643204600479031554e-05
1.005367843765222308e-04
1.419576679850990475e-04
1.727745705481598473e-04
-2.573857179127609154e-03
7.032413866236351908e-05
-1.077898629649379062e-04
1.077333250036376262e-02
1.675750435459907005e-04
-1.318221765124858065e-04
1.778943841816357785e-05
-1.216108135723529562e-04
-7.299633031021763099e-05
-6.819334017782965884e-02
-4.874826724589637061e-03
-1.106882086111731032e-04
6.947450004151495533e-05
6.334296797182517591e-05
7.286586055854036301e-05
4.996718794781707714e-05
3.091240708897090642e-02
3.360300678314875281e-03
9.347790293626244765e-05
-2.995815860887935354e-05
-1.235651861075763580e-04
-4.477278237212423026e-05
-3.773100854149189030e-05
-2.133910666245562859e-02
-9.890124994888600460e-06
1.087500979262364834e-05
1.935087661025742872e-05
4.173479581217134655e-05
1.884208627999791556e-03
3.512771432947301174e-05
-8.574452981300272579e-06
-3.403671951319252689e-05
-1.144437094484343953e-05
-3.152538604026322133e+00
2.391821102112679842e+00
-5.176759132308783595e-01
2.298057887519783904e+00
2.110259664898765930e+00
1.710836821965436849e+00
8.073846593487442602e-01
2.649027323014455426e+00
-5.361168229146318109e-05
9.482622340718083317e-05
4.957879205181263795e-05
-1.367936504420871706e-04
-2.882110548630848011e-04
5.828962797970686088e-05
4.727723079089942061e-05
8.113829207549779366e-04
8.368484576687094706e-05
-1.603990283002080296e-05
-3.002202985834118696e-04
-4.226936624250771395e-05
-2.876541816429593483e-06
-2.562669826417743216e-04
-1.806125072424466860e-05
-5.054127675236205113e-05
-1.724857204149105061e-04
-8.247901971816010939e-05
2.806475612926722513e-05
1.018070747440113100e-04
-6.909676565358532918e-02
8.776874847444030795e-05
5.578273908215925880e-06
2.214269638451549379e-04
1.159608089715963839e-04
-1.875969858315893954e-02
1.386353608244131439e-04
-2.468830460716530515e-06
-1.129866865937013731e-04
-2.805495472998684029e-05
-5.824794180397978131e-03
-4.988323553460988566e-05
3.689000059158656962e-06
-1.019118238769086110e-04
-2.218134763720475881e-05
-4.791391582708464693e-03
-4.703756173943731832e-05
-9.355607296815626707e-08
-1.275521194817455842e-04
3.819314146868491629e-05
-1.581347233680641768e-03
1.270560621665662719e-05
-1.124374400833817451e-05
1.173440845296043922e-04
-1.430050790780851484e-04
-2.463534350774272338e-03
-1.492137233999572148e-04
1.210697967529292130e-05
-1.087234603816705260e-02
9.741186579361208950e-05
1.825199668491603224e-04
4.362835456323335692e-05
6.934852971705764005e-05
-3.605893624715357504e-05
6.842771204229597393e-02
4.920344495747625349e-03
-5.652714594055175366e-05
-1.020345623068347679e-04
1.306300912274314940e-05
-3.391512774984874786e-05
9.119516026234396040e-06
-3.095739173524777316e-02
-3.382727909285935912e-03
3.695266218324555485e-05
5.758811813545457582e-05
-3.533691098017710530e-05
3.956693128369669120e-06
2.742899692579324895e-05
2.128720586493513395e-02
-1.414071495721243494e-05
-6.603996841379597475e-06
6.451893097213082847e-06
-5.169673472260962361e-05
1.929250127637976769e-03
-2.977583978334962938e-05
7.709617494014666363e-06
2.714889137811607239e-05
-1.428215767547675685e-05
-3.152553764206148301e+00
2.391837600102116657e+00
-5.176817832259511531e-01
2.297993761440747296e+00
2.110062639254602246e+00
1.710743855949490078e+00
8.073955067307201361e-01
2.649049046270896213e+00
1.365997101081654094e-04
9.674411513049363358e-05
1.729242695034242022e-05
3.359402505556665589e-04
-2.910239095230129566e-04
4.480207275661367695e-05
-9.545144357428559712e-05
8.375259722098254370e-04
-2.869596746908628453e-05
9.044492617821563702e-06
-2.808975294941319753e-04
-1.016581610293617756e-06
1.925974376036407079e-05
-2.039358716338096492e-04
4.114448989679267576e-06
-8.657895600816322779e-05
-2.917192495586784810e-04
-2.487507045707668100e-05
-4.558170648098807320e-05
4.242574632211133095e-05
-6.917081518713337485e-02
5.687542124945969878e-05
-3.107519257990084801e-05
1.141123106516556390e-04
4.786951346401376452e-05
-1.872008176585275227e-02
-3.162839875971345724e-05
-3.369735467299518259e-05
-6.084976961013035098e-05
-4.537709106108730973e-05
-5.776863646186019760e-03
-1.544408217933116015e-05
2.842363183635147032e-05
-5.881024321220852539e-05
-5.735348113906327434e-05
-4.723283145952924221e-03
-1.637785885754153916e-05
3.069939328899838561e-05
-7.911587677334638012e-05
-9.800577455298714515e-05
-1.442647660134729025e-03
-1.548417160389923170e-05
5.080794453496187131e-05
6.141403782326408439e-05
9.397352554124390833e-05
-2.609674398758942727e-03
6.197077829794941554e-06
-4.604292980665882222e-05
1.080546628777112605e-02
1.060918768447261656e-04
-3.917551424262679695e-05
-1.334964067998406501e-05
-4.304403227807333132e-05
-1.378738295560864207e-04
-6.852162896225763578e-02
-4.899579007634793232e-03
-8.018383901772817898e-05
1.934580716637598636e-05
8.928411390082303944e-05
2.263591484730346877e-05
9.232008440257776513e-05
3.107859242208025133e-02
3.392153924893111933e-03
7.985409621917279131e-05
-8.999683402621913748e-06
-1.499206095406553640e-04
2.186497494515261749e-06
-8.162346245774713309e-05
-2.147961740234168027e-02
-7.318164842692583081e-06
4.782295102712769922e-06
1.777566162654037763e-05
1.896176341545938518e-05
1.874036048093925908e-03
1.370359043475276686e-05
-6.596520784358944904e-06
-3.828986680275207844e-05
-2.687427783576624854e-06
-3.152539252999757124e+00
2.391833984031257465e+00
-5.176791289963412757e-01
2.298082649435276181e+00
2.110293128045822808e+00
1.710850083711168423e+00
8.073822816418003701e-01
2.649021359933905639e+00
-3.060122890046729324e-05
9.068931043247521577e-05
8.916567731191588097e-05
-5.509275628984006671e-05
-3.106622243323902983e-04
8.454660841325928051e-05
-3.134381754027248728e-06
8.355782983629075292e-04
1.900491057149004525e-04
1.641676928122605525e-06
-3.032319379221155679e-04
-8.477199102543581956e-05
-1.292854211356648267e-06
-2.562092940514888598e-04
-4.981162083005013044e-05
-1.856897758644502795e-05
-1.752369317070154135e-04
-8.918639876624392558e-05
2.264132569829917056e-05
3.797015801006110771e-05
-6.893606077789601883e-02
4.597401634940870155e-05
1.343160124336717064e-04
1.265524685380646464e-04
5.359805436441163792e-05
-1.874443200275064531e-02
1.327144411624370701e-04
1.448361873072253063e-04
-6.572186013184522745e-05
-1.085621943438776693e-05
-5.821579903381997149e-03
-5.265363905818070788e-05
-7.233492960771682918e-05
-6.402936590542001065e-05
-1.086189685449372275e-05
-4.789296129465533958e-03
-4.868100621981612903e-05
-6.115157903343324593e-05
-8.859075170613138635e-05
9.857450325392038369e-06
-1.579872370319312502e-03
2.840843282440852594e-05
-1.036473231680100989e-04
8.427452144214360062e-05
-5.638897578512323794e-05
-2.464485514972999339e-03
-1.918652142131615525e-04
1.463539368510479648e-04
-1.089047085638926091e-02
9.053056416292006373e-05
1.138665087050520785e-04
-4.458664317225080609e-06
-3.459125372583672208e-05
-6.081176886997899378e-05
6.835460987470362570e-02
4.938724562823642097e-03
-4.910235279200066919e-05
-6.645908890539237472e-05
2.585642349389044581e-05
3.048884706351794407e-05
2.123018068240210311e-05
-3.090138337194001106e-02
-3.403707190589299290e-03
3.932805346459563884e-05
4.342482951711631534e-05
-2.606721760615299255e-05
-5.053987443785052346e-05
2.702482492207872958e-05
2.121179959125311931e-02
-7.853972700418957072e-06
5.273610133031176759e-07
5.284844902083096719e-06
-2.626574183402492719e-05
1.927054294316468642e-03
-1.345299332214803839e-05
1.724326914785906731e-05
2.116291108032913903e-05
-1.253338308295070679e-05
-3.152574193746563669e+00
2.391930887439612796e+00
-5.177109310396135200e-01
2.298104539752751752e+00
2.110123536116905729e+00
1.710766988141542377e+00
8.073948277608838930e-01
2.649039767582132221e+00
2.448044466398102697e-05
7.541655707732472427e-05
-3.200671584373066469e-05
3.973001779586014353e-05
-3.679624003526489259e-04
-4.745533803891306300e-05
2.080447989164753767e-05
8.924109309785342291e-04
-5.680458079473552730e-05
-1.828095562612941111e-06
-2.897879575797467880e-04
2.076592755599403022e-05
1.821324781361881947e-06
-2.022944645550525731e-04
2.289685933398974855e-05
-3.917797254652991663e-06
-3.077933324386464883e-04
-9.863349726182817914e-06
-8.843321552086237203e-05
-4.772444489398136147e-06
-6.919911554207920645e-02
1.002736714932855704e-04
1.298704173769387035e-04
2.458550082393531796e-05
3.537539436516535347e-05
-1.873306204987876256e-02
-1.066484108049751061e-05
1.146546891731022163e-04
1.538678906982014289e-05
-1.241012644414167112e-06
-5.789946183766820145e-03
-7.785828348728349212e-06
-6.134850939396073802e-05
6.523609036003338003e-06
-5.021809999238419753e-06
-4.740391415094497019e-03
-1.341405691613994342e-05
-4.265361042910785505e-05
5.114875607804126564e-06
1.096348458777543435e-06
-1.449160106964794345e-03
2.718781284506013667e-07
-3.525588651944724840e-05
-3.001460808313472265e-05
-2.911787235888823371e-05
-2.630946021489380914e-03
-3.763116666595801830e-05
4.569512997442290946e-05
1.091881409268124353e-02
8.211280847036754593e-06
-1.270434708708416361e-05
-9.024547945707395158e-05
3.422240361677594562e-05
-1.322590144431428846e-04
-6.881956899840610542e-02
-4.948659068378475842e-03
-5.484832869763638422e-06
8.692088495348870478e-06
1.052363140454787294e-04
-2.815964738498501511e-05
1.092951257651301111e-04
3.120314463220561288e-02
3.414918701390716200e-03
1.638293083302870491e-05
-1.240593281022295887e-05
-1.213242672449214160e-04
5.088611732704206408e-05
-1.183807353261562083e-04
-2.152882070135765658e-02
-6.441004487329820768e-06
5.851539063389692478e-06
5.536600324940297598e-06
2.500749562323959234e-07
1.867421627234677577e-03
-4.035210407475633651e-06
3.544839447981631541e-06
-3.473080190519033680e-05
-6.398190426903861867e-06
-3.152530808693533526e+00
2.391779432994702415e+00
-5.176642577256038713e-01
2.298011901176959526e+00
2.110226525619551374e+00
1.710816684033951152e+00
8.073847008167356343e-01
2.649031374903122238e+00
3.370149622745479225e-05
9.378654861095505821e-05
6.088301786736730081e-05
1.171924358739072922e-04
-2.810865889495079220e-04
2.779406772395820804e-05
-8.649826246398954516e-05
7.905899694695198154e-04
1.874499808027781198e-04
1.118596983079463397e-05
-2.998830682789702887e-04
-8.861433123380876202e-05
7.853043528162957659e-06
-2.525621061976222686e-04
-5.916783157714930827e-05
-3.047703081624462962e-05
-1.941332607299022471e-04
-6.541889077077742793e-05
1.548616615109331824e-05
8.722865757065798508e-07
-6.906269040075473098e-02
4.085037590991706224e-06
1.887357195234204334e-04
3.301146816902604102e-05
3.114640187597202429e-05
-1.877942441534130244e-02
1.009004603001944985e-04
9.980795752824477875e-05
-1.722621881964288032e-06
-1.378532812687058526e-05
-5.815243856241259640e-03
-4.087191712760676436e-05
-6.580086340502497961e-05
-4.615496484464518435e-06
-1.277719242685455088e-05
-4.771290382935197520e-03
-2.931948930846577664e-05
-5.236909665661101856e-05
-2.594834712306088745e-06
-3.650979971673352806e-05
-1.541050241661756984e-03
4.637572966805900870e-05
-9.494348659757488498e-05
-1.241581433021409762e-05
5.990509953687637090e-05
-2.496150621841792400e-03
-1.786472118990319437e-04
1.594780178694377073e-04
-1.083721414001002047e-02
-1.116735429511561483e-05
2.173258371059071450e-05
-2.956226766485936519e-06
-5.068309243867671074e-05
-1.041933988573788029e-04
6.836211459746779906e-02
4.901250660225814348e-03
2.048049153800128437e-05
-2.283561833836197930e-05
4.616243912659336035e-05
3.489967254336357599e-05
4.239422469581020404e-05
-3.092229969149826174e-02
-3.367406622284566196e-03
-2.327977238865859148e-05
3.379287825146701208e-05
-6.940017730400031837e-05
-4.431777938436121046e-05
7.849261131808653140e-06
2.127040499353792524e-02
-4.487321835943972390e-06
-2.385264585494173866e-06
-1.591034678959704743e-06
1.365119425516105132e-06
1.919483601120907431e-03
-1.365834211044332416e-05
8.710537519838090943e-06
2.853847696822971354e-05
-1.923881359922357374e-05
-3.152566220149048970e+00
2.391902884082486302e+00
-5.177085637911706950e-01
2.298089615453447809e+00
2.110138439223576245e+00
1.710774517042470189e+00
8.073926697985424061e-01
2.649038756112516158e+00
-1.651653631971475365e-04
5.615068975931946770e-05
8.317698219188269420e-05
-4.448881821868778345e-04
-3.807534226106029304e-04
1.720556726311901177e-04
1.960473342004162036e-04
8.322899773537603685e-04
-1.070811524656019927e-05
-3.698931635921090338e-05
-2.929392036085159880e-04
-1.241572911689563203e-05
-4.580021644811520433e-05
-2.206647704141271064e-04
-6.887759802549941242e-06
1.094555854530105082e-04
-2.735839740716749765e-04
-1.642312775242822621e-05
3.357230283350598954e-05
-5.055107000707513999e-05
-6.888117681773178735e-02
-9.601527093841370764e-06
-2.887022144594888519e-06
-5.181665963682955387e-05
-6.464467388437379917e-05
-1.865726862793761279e-02
-1.121581466394706730e-05
-1.855992842565672824e-04
6.425352924209330220e-05
4.659767887684196374e-05
-5.770350556615901419e-03
-1.120872494190864579e-05
1.025702450320872740e-04
5.726223341328207843e-05
5.069205323379930819e-05
-4.728115148801118744e-03
-1.091597469473555332e-05
1.040208700354290877e-04
6.919665185220695688e-05
1.316010451978558366e-04
-1.472384498226534874e-03
-2.206300774372297582e-05
1.399617408251661020e-04
-6.195803843440326206e-05
-2.164677144695998018e-04
-2.582154821836387705e-03
2.454112934578125873e-05
-1.033560051445913276e-04
1.082261996420649797e-02
-1.779451558087969537e-04
2.524959342337703555e-05
-5.680275736377748963e-05
-1.269566166212565325e-04
-1.660732890659379415e-04
-6.844606045098722280e-02
-4.889890843098786133e-03
1.233836337102374643e-04
-7.269081915390121496e-06
8.249891669986735010e-05
7.180114590273211522e-05
1.252771453601534118e-04
3.101029269385237319e-02
3.360522004232739494e-03
-1.010035622125478468e-04
-1.776990222471350363e-05
-1.043865794080663795e-04
-3.661805685229637671e-05
-1.347535688456016336e-04
-2.138186706356502709e-02
2.562842722658534593e-05
1.920815549368769205e-05
-5.193965507157408449e-06
-2.259672818841180304e-05
1.877925010855966423e-03
2.707959281081201138e-05
-1.676249689480438228e-05
-3.210123851634760599e-05
-7.712723053597189942e-06
-3.152550837037878306e+00
2.391835283280443036e+00
-5.176891236840848176e-01
2.298061255485298826e+00
2.110208196891588006e+00
1.710806208737258860e+00
8.073862264097763086e-01
2.649030878521358545e+00
2.952709570457382696e-05
6.048957978612443456e-05
6.668388383069111399e-05
1.724165874830283678e-04
-3.578811159156538094e-04
2.100733905519441575e-04
-2.127029355924029189e-04
7.987157084755594407e-04
-1.433825525225201989e-04
6.025729980153156433e-05
-2.991347325776536493e-04
3.688732068348076805e-05
5.357189980523336726e-05
-2.442188097256136931e-04
3.311643967507336690e-05
-4.320589909616656741e-05
-2.214939021427540160e-04
-2.712306724364011747e-05
1.515285018305521057e-04
4.313823560817551302e-05
-6.892949292724168120e-02
-1.523828348155712234e-06
-6.644541643896004885e-05
1.513644342851411836e-04
4.832798548163008386e-05
-1.871411666810181978e-02
-1.644523310742627487e-05
9.795794477017321126e-05
-6.413937674921966169e-05
-1.620175588238138197e-05
-5.795682267181153854e-03
-4.234518925133129658e-06
-4.011724323026060802e-05
-5.338328379896105716e-05
-1.761490109727627479e-05
-4.754366559771411836e-03
-1.433390918448609988e-05
-3.862647764412148574e-05
-8.610227620996680105e-05
-8.204572570386731102e-05
-1.513199091608934642e-03
-7.818717351027796550e-05
-4.771303007505111455e-05
1.163022273240713631e-04
1.702074996829400092e-04
-2.540350915147408187e-03
1.524686340767070246e-04
2.396929319031887939e-05
-1.084525166812533130e-02
-8.154789703189316633e-05
1.263751231048932180e-04
-3.769558345117010600e-05
-5.423086211490176639e-05
1.180224246043200904e-04
6.843632852960444823e-02
4.916762092003770790e-03
3.728184959902818528e-05
-8.263135645395066828e-05
6.189164213993986197e-05
1.938600062403774815e-05
-8.064597052832948041e-05
-3.096414673923920946e-02
-3.392989551001499536e-03
-7.427954205867053072e-06
6.967917338126914826e-05
-7.673698470450802944e-05
1.358456524955608895e-05
6.685271251378612054e-05
2.129957954662005035e-02
5.091534784329703606e-06
3.707055388024662213e-06
8.388913017048102525e-06
-1.357563476474873011e-05
1.897477679403651672e-03
2.458006829675286799e-05
6.186061490644320822e-06
3.165473918603362296e-05
1.100119346592020317e-05
-3.152524977093551062e+00
2.391756545742096840e+00
-5.176556538650766148e-01
2.297913049270943198e+00
2.110054509344283957e+00
1.710741496886042157e+00
8.073920646811182378e-01
2.649047844879300673e+00
-5.659250968418973350e-05
1.061550661127952811e-04
-9.594767402329251000e-05
-5.629340331950736034e-05
-2.673149606704739931e-04
-2.852602066920568785e-04
-1.050816112152852858e-04
8.041364853077998063e-04
1.665048099079882130e-04
4.861493780638457022e-05
-2.848716590798541868e-04
-2.652573069876478453e-05
3.735739153811586859e-05
-2.066429449396365659e-04
-2.905963547126098103e-05
6.243778994371342712e-06
-2.997046826307537106e-04
7.176589941936421043e-05
-7.744592050163063603e-05
1.666816138459596437e-05
-6.890418520545767145e-02
-3.314279731003120502e-05
-8.560523604522610793e-05
-1.734175373609319660e-04
-2.036148274148728425e-05
-1.871312033411574524e-02
-3.604793252521136288e-05
-6.991848424344809180e-05
8.430488433111568507e-05
9.275340685832397954e-06
-5.760438837568931415e-03
3.787977669723026835e-05
-2.421373053594129019e-07
8.636892012864714086e-05
5.527761729946930550e-06
-4.707865099239993273e-03
3.648121179449731000e-05
-1.843530690036195789e-06
1.207128417444667233e-04
-2.703902631795682989e-05
-1.431120406458831137e-03
9.300325843537736372e-05
4.548014611481484944e-06
-1.046008214984457609e-04
8.920021318246457382e-05
-2.611924208486155266e-03
-1.558163462207661680e-04
-8.369819861837376606e-06
1.082989483005543548e-02
-4.103550858239237570e-05
1.114754877417817357e-04
-1.231494999956658787e-04
-1.587283886740793737e-05
7.991265261531125532e-05
-6.819020668983635791e-02
-4.899731722403159045e-03
4.899077134057599602e-05
-7.029782764432656217e-05
1.309460379441303168e-04
2.199621298862894196e-05
-7.628414057938705619e-05
3.088682947657062083e-02
3.374019518239783355e-03
-7.973156883030099035e-05
5.751459658340151381e-05
-1.564721720055933102e-04
-3.956896346768489035e-05
6.985335365045067702e-05
-2.131939463990345507e-02
3.268294469762738621e-06
1.539061291732588812e-05
-1.569102938125464092e-05
-1.667515216670456915e-05
1.877120373755509315e-03
-6.885762811160306158e-06
-7.895655471165122718e-06
-3.659492014833438733e-05
1.231033553762511556e-06
-3.152526735737974484e+00
2.391754026374353082e+00
-5.176560331927280156e-01
2.297934387568746128e+00
2.110097040937494395e+00
1.710756845074224319e+00
8.073896957217813197e-01
2.649044607749924563e+00
-1.778243789928230564e-05
8.620412391036785024e-05
-1.783095970065416182e-05
3.868305841513044845e-05
-2.926639956460836724e-04
4.519556249621241306e-05
-1.424961630054599998e-04
7.771159878014753707e-04
-1.598631020779520725e-04
5.580431076375898778e-05
-2.916031887612981297e-04
4.794819412001306901e-05
4.819842638084983197e-05
-2.252688956011209193e-04
3.764940148155651470e-05
-7.531320898355257898e-06
-2.706667240665264901e-04
-1.128990870455907512e-05
1.684689643486291227e-04
4.246889329380431136e-05
-6.894015459096039522e-02
2.252302644858449380e-05
-1.205468835808907666e-04
1.672533979151315014e-04
-1.836029971629450788e-05
-1.873683682057486130e-02
5.663313318049012588e-06
-1.180114402761164600e-04
-8.930956435694054226e-05
9.132251395534299679e-07
-5.772530403286229607e-03
9.795778236671744263e-07
5.594043988575282629e-05
-7.912637207869820241e-05
-3.804976375804133642e-06
-4.717770081634225024e-03
-2.606463715473594052e-06
4.981951462438524600e-05
-1.136219511251260346e-04
-5.047543602517562140e-05
-1.451570968486559296e-03
-4.640940665616324727e-05
6.973383711026246063e-05
1.271965353746201720e-04
1.228144222313494460e-04
-2.579367557313370744e-03
1.110781302377290039e-04
-8.421816155296978556e-05
-1.085560898777420367e-02
-4.527085547135828100e-05
9.662307811759886927e-05
-9.570302120767704146e-05
7.441808632756524537e-05
6.468843392135590654e-05
6.812738995119829721e-02
4.923783630324793381e-03
1.027215575048214501e-05
-6.186457248058706737e-05
1.107683555755193533e-04
-5.896698381579795669e-05
-3.721586851986979482e-05
-3.084171046855915116e-02
-3.401447608866962208e-03
2.594236377467579093e-05
5.296894900769284916e-05
-1.363468711963519014e-04
6.977038640809730984e-05
1.852398874210815175e-05
2.126847855986934571e-02
3.021830532502401312e-06
5.221030151492030711e-06
1.249683948769932324e-05
-1.102329292276848539e-05
1.889314146037178021e-03
-6.805476300189745864e-06
-5.435588630263649742e-06
3.929627941212516227e-05
-1.883724474873127398e-06
-3.152593767962804883e+00
2.392027565910444853e+00
-5.177452169068984533e-01
2.298243459960688906e+00
2.110226307188566075e+00
1.710797508502775788e+00
8.073891647309598962e-01
2.649025262542121784e+00
1.249705557157305849e-05
-7.895152117022650583e-06
2.024931789197473590e-05
1.338132524622239654e-05
-5.362610664422751919e-04
7.541015452133456847e-06
3.926822013261895168e-05
8.772666934392632856e-04
6.174664274106578916e-05
-1.076652340875840573e-05
-3.176645937615505603e-04
-1.454497842263084509e-05
-5.184808413819920082e-06
-2.374587634697768895e-04
-4.252870013416807905e-06
-2.154726477721200214e-05
-2.959593842781215746e-04
-4.599550133813328900e-06
9.060385178105256464e-05
8.774812566180121014e-06
-6.901908220342867217e-02
-1.685171458053267689e-05
-5.750091290643842036e-05
6.574884586987722883e-05
-2.260403284054231330e-05
-1.876537000856836127e-02
8.410733266333973203e-06
-1.484516074041990056e-04
-3.101302385228007813e-05
-1.425830657663814156e-05
-5.796656713050221156e-03
2.313261124348912727e-06
5.430154851957681971e-05
-1.353174834231861716e-05
-1.956114051790461861e-05
-4.744872654907965337e-03
4.689286852800338026e-07
4.862876660162614162e-05
-1.311876154847759141e-05
-2.074206039085579433e-05
-1.465736033584846311e-03
6.640490009660930345e-06
7.287408556999621875e-05
4.703512331710850436e-05
7.596816211026852944e-06
-2.601885423150064429e-03
-1.484256957011311059e-05
-7.635338697058852674e-05
1.102368906867223254e-02
-9.968400889527324719e-05
9.598217119956303387e-06
-2.024074827000968413e-04
-6.916945419592964730e-05
-4.592679728881391560e-05
-6.876205661839779326e-02
-5.002289424490343091e-03
7.894226840664513977e-05
2.896127571282545055e-06
1.207961899364340397e-04
4.488044172577735204e-05
2.245881304525128991e-06
3.111368269665821043e-02
3.447463452076024622e-03
-9.188483052940244313e-05
-2.685450281151745608e-05
-7.101633220893931175e-05
-4.509593590920220985e-05
6.472738896775621659e-06
-2.137524875821143061e-02
6.849586881231480321e-06
-5.746644671126698457e-06
2.130595105520778632e-06
3.244025530558839149e-06
1.878068999822561863e-03
1.354301998516784354e-05
-1.573809612655921778e-05
-2.900928096084174978e-05
-6.230819248010969146e-06
-3.152544623204661445e+00
2.391827792134350261e+00
-5.176798002651413766e-01
2.298003194060907362e+00
2.110098913339251592e+00
1.710752830862392271e+00
8.073909010122595209e-01
2.649042515512468832e+00
8.144759050570938826e-05
5.599936195868572466e-05
-2.387060920295687948e-05
2.796419093291835269e-04
-3.663686283569109366e-04
-1.891306048381691599e-06
-2.069606594927500803e-04
8.004389879633250779e-04
-8.127278236452471793e-05
5.082512290168937023e-05
-2.966069334788631493e-04
3.144500831362663713e-05
5.825385788923955930e-05
-2.207274709178852425e-04
3.191277903239074287e-05
-1.069348894222315195e-04
-3.009325986934295876e-04
-3.852840093054709779e-05
2.080058246606746389e-04
9.932788434116878199e-05
-6.875457728747065567e-02
6.230452290776483659e-05
-8.839912312758730056e-05
2.287636882503213637e-04
9.996289301445338959e-05
-1.868749257145490769e-02
3.581976933752050569e-05
-1.466198713292444198e-04
-9.900494211338080092e-05
-5.111703641837167392e-05
-5.752130562465964693e-03
-1.699072326314685435e-05
8.285649197847146509e-05
-8.698939132085072685e-05
-5.370094884091746162e-05
-4.697931604207715786e-03
-2.318066925617958719e-05
8.055796511816266936e-05
-1.174285681487841646e-04
-1.057415625373485607e-04
-1.427884818780398657e-03
-3.275552107282866444e-05
1.027694908191498409e-04
1.182795177549223202e-04
1.421061733267239293e-04
-2.600110565390491464e-03
2.493821307176360955e-05
-8.635506462827645391e-05
-1.089225344132066162e-02
-4.825344182654220382e-05
1.444745203191570224e-04
-1.643597218715375785e-04
1.183375141497335461e-04
-4.779982012220848793e-05
6.812372771586691633e-02
4.935968973672075905e-03
4.507817307432444853e-05
-9.681431233199357285e-05
1.355048430819148775e-04
-7.696116752103434081e-05
3.510627351149093415e-05
-3.084236424653290232e-02
-3.402268335568881669e-03
-3.147822886009009856e-05
8.800417960402981583e-05
-1.365188702661356002e-04
6.304455897365474504e-05
-4.338249921229824814e-05
2.126164634606864459e-02
4.100336169163298385e-07
-3.404879478187470936e-06
1.511342037102409840e-05
-2.299611265921323823e-05
1.875908655477857455e-03
-2.330142016780930377e-05
-9.840485118492090216e-06
3.764549969796439940e-05
-7.577845592657376237e-06
-3.152575619145199237e+00
2.391976643103288502e+00
-5.177263626770077787e-01
2.298170347375686706e+00
2.110177325566215512e+00
1.710779699587505753e+00
8.073905673397054894e-01
2.649030607590052711e+00
3.833323494961046729e-05
2.356829553439414586e-05
5.689090702974263381e-05
7.583808025194883223e-05
-4.662599552756451632e-04
1.438107098130614846e-04
1.388703882109353392e-05
8.640674689095344035e-04
-4.745428506157348423e-05
-6.168186803664461946e-06
-3.136903114627605715e-04
1.310407016030477833e-05
2.174950322670354931e-06
-2.297508950619419092e-04
2.909383706873444386e-05
-3.342022381092968428e-05
-3.122708606941423308e-04
-7.537488145672259477e-05
6.314588353765413766e-06
2.724807183725421773e-05
-6.907004999375404575e-02
9.929054929487658536e-05
7.879095755979715699e-05
9.032384946521731996e-06
2.399548436221863771e-05
-1.879327098669591328e-02
5.049148701735550900e-05
2.304425356287541327e-05
-5.460208144782099129e-06
-2.021235810280482410e-05
-5.789892851925410033e-03
-3.880660852483700706e-05
-3.222941963932402811e-05
-2.325803573214746541e-06
-2.003404518169411497e-05
-4.734885048357077332e-03
-4.616257152776869057e-05
-2.889512338278386210e-05
-8.295266981615845878e-06
-1.795067953781072882e-05
-1.447444489566207873e-03
-5.458697195758193278e-05
-2.574043171843809236e-05
2.906154785498725213e-05
6.612436384947017830e-07
-2.620091073399722671e-03
2.439359654815399596e-05
1.142899895887715259e-05
1.102357687282683185e-02
-2.886250211247122586e-05
1.395805210113070568e-05
-2.384582284480421532e-04
5.772897220392961184e-05
-1.592699689567802319e-05
-6.875236672081530553e-02
-5.006387217080325233e-03
1.728875791988900078e-05
-2.748449907748759871e-06
1.468032994016016390e-04
-3.430115167888850682e-05
9.288328837451094140e-06
3.110896888944001196e-02
3.455743441207483578e-03
-1.712225135241232979e-05
-1.094115904933088787e-05
-9.936217475207780037e-05
2.023438050528067505e-05
-2.948447682331106420e-06
-2.138775841784299261e-02
2.363317922962632081e-07
-1.163097123392379303e-05
1.808730237522286058e-06
-1.457619863957983230e-06
1.877454994924012506e-03
-7.099562671375307145e-06
-3.249845569301940373e-06
-3.406855358388309293e-05
-4.719900195444169127e-06
-3.152593768049475553e+00
2.392027567438226310e+00
-5.177452175513428401e-01
2.298243460532802374e+00
2.110226304850693957e+00
1.710797507310780619e+00
8.073891648840235691e-01
2.649025262905583489e+00
-1.129548983960829394e-05
-7.894969122432656189e-06
2.092985546157159163e-05
1.369944816991929947e-07
-5.362607706361854996e-04
1.530622104749720653e-05
-3.383765924209227978e-05
8.772664537358369069e-04
6.488831616025786506e-05
7.213360746335676569e-06
-3.176643529922587952e-04
-1.659603707683746850e-05
1.092938293844651984e-06
-2.374582187196710254e-04
-6.611975237561044374e-06
-6.797327347506661557e-06
-2.959603501435966854e-04
-2.097348214641830071e-05
4.482076356570035419e-06
1.898183064136835067e-05
-6.901908503094865421e-02
-8.269863908115819215e-07
1.072396251810951197e-04
9.568753908293391229e-05
-1.858827404068026342e-05
-1.876537116820485226e-02
-1.536925328691774719e-05
1.311714877106473346e-04
-3.151975442473129861e-05
-9.132740180686524747e-06
-5.796656863797339070e-03
-1.119169466860669038e-05
-5.401001817857045814e-05
-3.534775221369282209e-05
-1.018749228243178101e-05
-4.744872588391303367e-03
-1.670607295334007404e-05
-3.603393302034311335e-05
-5.655381976484109082e-05
-1.612398985431287698e-05
-1.465735673489585843e-03
-1.464308801754381684e-05
-4.779513487755337954e-05
4.261264033888538202e-05
1.665546967434680063e-05
-2.601885536762124727e-03
-8.418984518863623090e-07
7.890137153875108160e-05
-1.102368902339391152e-02
8.961699773235489580e-05
6.470288862506624970e-05
-2.024071972080085380e-04
-2.627198713123514418e-05
-6.336506637415889598e-05
6.876205533019537353e-02
5.002289541339883551e-03
-4.141643292831988666e-05
-3.741951341441435109e-05
1.207961908201923840e-04
2.494899804197660390e-05
6.724262857651821905e-05
-3.111368270884087156e-02
-3.447463876796617518e-03
4.033713839922989201e-05
2.562637241889770381e-05
-7.101681112521400496e-05
-4.580516704757976124e-05
-8.281059674352661071e-05
2.137525040874320437e-02
-8.818163731042486702e-06
5.746717730293176012e-06
1.256392644200680431e-05
-1.010688137066401764e-05
1.878069189054122623e-03
9.580813602321893514e-06
9.714638633994044812e-06
2.900906187255505940e-05
-2.808456729080693794e-06
-3.152544623930927159e+00
2.391827796622131519e+00
-5.176798017010276753e-01
2.298003198063539365e+00
2.110098913120226793e+00
1.710752830489882026e+00
8.073909011614284204e-01
2.649042515553137633e+00
6.140577936152944046e-05
5.599867309823126048e-05
5.861769657035029429e-05
1.414868065832602180e-04
-3.663706692719924038e-04
2.412835946374938811e-04
-3.310013910151979739e-05
8.004402844011295187e-04
-2.198773712189855325e-04
-1.820179667259119231e-06
-2.966070797727906965e-04
5.973795269676204333e-05
1.487097144614798891e-06
-2.207272553803742805e-04
6.640123306578767418e-05
-2.009475823217267399e-05
-3.009335568178383926e-04
-1.118597745779214842e-04
-2.746469175445088767e-05
-4.292543253172189169e-06
-6.875458032905808203e-02
1.171727018008544320e-04
2.243631913499491166e-04
1.259081385033868005e-05
1.895902934526880857e-05
-1.868749369227783869e-02
1.044799524924761274e-04
2.714317712039705137e-04
-2.225230760583146524e-05
-1.084430674852597358e-05
-5.752130884905591775e-03
-5.276380329790662338e-05
-1.271705386749152379e-04
-2.626968011263100322e-05
-6.775997969465982204e-06
-4.697931827707302679e-03
-5.809657937490714805e-05
-1.156152332468544041e-04
-3.028831475827500506e-05
-2.450451536632107866e-05
-1.427884812628408065e-03
-1.079523680900761323e-04
-1.530785613087171310e-04
1.565182615393993310e-05
4.945641169996762405e-05
-2.600110723351854204e-03
1.355362765880143306e-04
1.456020666771290343e-04
1.089225497065117454e-02
6.552052325550506958e-05
-3.024606123298878048e-05
-1.643606443264625239e-04
1.842874143891026686e-04
-1.788710503422422451e-05
-6.812373263558438308e-02
-4.935969869852099325e-03
-5.294090090370794880e-05
1.824277829802129262e-05
1.355049636033566623e-04
-1.223253686308524652e-04
2.148473325649697015e-05
3.084236649152344301e-02
3.402269132244750173e-03
5.330867652778931371e-05
-1.059604566892944494e-05
-1.365185367722676624e-04
1.077372936863557271e-04
-5.569000691216371632e-06
-2.126164795254311887e-02
-6.764831782026554800e-06
3.404702843561437185e-06
9.649698822378865429e-07
8.681376727857033414e-06
1.875908772286312507e-03
-3.156594970455778000e-05
1.800939328306419259e-05
-3.764534168957314329e-05
3.441853522089238088e-06
-3.152545943495257852e+00
2.391853525088921906e+00
-5.176859037793257734e-01
2.298015286773710031e+00
2.110079941665093717e+00
1.710743030561359346e+00
8.073942564386752396e-01
2.649045583113549540e+00
-6.761664949585314806e-05
8.165687037443359643e-05
-5.268623569963659659e-05
-2.267689675190579478e-04
-3.225293859049583808e-04
-1.310282627741737784e-04
1.644742508575747415e-04
8.272864166596503518e-04
4.651190794189849281e-05
-3.531667803292311357e-05
-2.954641091642527264e-04
3.713772255445094389e-06
-4.240739748644185505e-05
-2.149098095724897737e-04
3.271921375417576335e-06
8.489227773832884938e-05
-3.104343664866710375e-04
3.054160696626384146e-05
-1.795394033953607790e-04
-7.600413902102701657e-05
-6.901919531903000227e-02
-1.989759249274532563e-05
2.161650844631276690e-05
-1.177288449649510301e-04
-8.623300949178096340e-05
-1.875475915605692018e-02
-5.298292025004863758e-05
-1.517823959293121812e-05
5.860052600168197726e-05
4.038436868769272598e-05
-5.772370193865213571e-03
1.689908803362150176e-05
1.982504608759632552e-05
4.899813042069299068e-05
4.378636832495957953e-05
-4.712896016530908859e-03
1.333360010304671193e-05
2.491243101975304584e-05
5.685545032874876181e-05
8.187165687943107365e-05
-1.427903409743729079e-03
1.593190647296669632e-05
2.979136930924570082e-05
-6.011248515786380363e-05
-1.005474729504967572e-04
-2.615291147905050677e-03
-2.331292555896719281e-06
-1.056491960508790267e-06
-1.091704425924578011e-02
8.396973956099331934e-05
-8.478630964402558701e-05
-1.434628756225853063e-04
1.486642443512744150e-05
-8.422651714332869189e-05
6.843670647271088425e-02
4.953763765668044508e-03
-6.243092419787267446e-05
6.541533024468027197e-05
1.356582134505734949e-04
7.028795481102824254e-08
7.684945757591979051e-05
-3.098860340755531587e-02
-3.424010628485029545e-03
5.621141283376740981e-05
-6.815422005612621929e-05
-1.487231920772481147e-04
-2.232745143529714870e-05
-9.023224085625560723e-05
2.137131762493015702e-02
3.370205652180977170e-07
6.579071142825645329e-06
-8.844517503762700916e-07
1.188195017653238860e-05
1.879761761621745247e-03
-3.466003703107045403e-06
-2.384069193914530591e-06
3.895798435413089385e-05
-6.534125161801321909e-07
-3.152524977555414054e+00
2.391756549537574106e+00
-5.176556553472466682e-01
2.297913051848047505e+00
2.110054507136339019e+00
1.710741495849772198e+00
8.073920647673420437e-01
2.649047845148255309e+00
1.114096050169744844e-04
1.061561117044829486e-04
-1.033541473674059845e-06
2.752496887493175413e-04
-2.673125345215169105e-04
9.388624414734573435e-05
-9.166653848999409054e-05
8.041360412542855780e-04
-1.742560247355976507e-04
-1.336269457277585273e-06
-2.848713807284109466e-04
5.536429268754125039e-05
6.482585935766485937e-06
-2.066427262162155991e-04
4.688146948209514131e-05
-6.526001035417439513e-05
-2.997047549814300504e-04
-3.047435552766024282e-05
-3.544139269182457544e-05
2.037002719773757520e-05
-6.890419033330323628e-02
3.100370980466880507e-05
1.098713819999182347e-04
2.615195671967622694e-05
4.139814075903910776e-05
-1.871312557171771543e-02
3.863923049755797800e-07
1.851398485772592591e-04
-4.236070694571811209e-05
-3.744291736515380979e-05
-5.760438378661596540e-03
-1.090648941616940938e-05
-7.288832562972626496e-05
-4.477986556081284931e-05
-3.435831025761746797e-05
-4.707865218423055997e-03
-1.345361429091747834e-05
-7.387530375363099227e-05
-5.642048051238055504e-05
-6.702510975087732086e-05
-1.431122011772925900e-03
-6.992102649018029897e-05
-1.068144443141840887e-04
4.506132731554548425e-05
9.034222996589006370e-05
-2.611920999170838295e-03
1.551636704855080887e-04
9.477308215915738890e-05
1.082989709183311902e-02
8.972369809233133198e-05
-4.199131698810992623e-05
-1.231491299181139421e-04
1.044752937367739772e-04
-4.418264768638394124e-06
-6.819021598908747706e-02
-4.899732702597846615e-03
-9.055919464550502072e-05
1.609835275979753589e-05
1.309461126329809072e-04
-7.187707259211664713e-05
-4.285427778348365434e-06
3.088683436797502735e-02
3.374020168709018254e-03
1.003606305268671899e-04
5.511548325232233083e-06
-1.564725914912235699e-04
6.959392031746715508e-05
3.412319246305238387e-05
-2.131939937712922645e-02
-2.691955726837411004e-06
1.539072243306419010e-05
1.006958314561301666e-06
1.430059203058037091e-05
1.877120454997392111e-03
-1.099798022332268009e-05
1.753636136692441044e-05
-3.659510597132150517e-05
2.216767875341335787e-06
-3.152550837497847702e+00
2.391835287030844803e+00
-5.176891253617537103e-01
2.298061257990754669e+00
2.110208194602327669e+00
1.710806207881641949e+00
8.073862263410830353e-01
2.649030878775188835e+00
-7.253362245478444390e-05
6.049060400630985076e-05
-7.771773225876804072e-06
-2.681974805531949684e-04
-3.578777858871137838e-04
4.427696183494740298e-05
2.305335504282558681e-04
7.987131595571148567e-04
-1.125135991521681580e-04
-6.207313976841828836e-05
-2.991343718185908896e-04
3.374053418807328430e-05
-5.546020420953496401e-05
-2.442189808889629206e-04
2.983643444211184616e-05
4.507824802847169398e-05
-2.214928361160196002e-04
-2.385611997108750431e-05
-1.333360732850089330e-04
-2.025033914089177916e-05
-6.892950347557175172e-02
3.811964733226112356e-05
-9.800826309516925440e-05
9.147884913003109374e-06
-9.923401861318195140e-06
-1.871412574259126438e-02
5.007481670428007314e-05
-1.800639592795223536e-04
-2.671933237167328778e-06
1.176856238749453119e-05
-5.795681579973933038e-03
-1.191362895806160976e-05
7.560528157224543776e-05
-6.758633652424935747e-06
2.122124389183097857e-05
-4.754366919354831300e-03
-8.087931703700334900e-06
6.554498745064087539e-05
1.728499407492059775e-06
1.087347248877530194e-04
-1.513202238451181493e-03
-3.196059478620124716e-05
9.842376635290741899e-05
-3.738480481893119184e-05
-2.171443334384490589e-04
-2.540344959676671833e-03
7.117082438305069971e-05
-1.127052427630748869e-04
-1.084525335500374082e-02
1.429850953315279778e-04
-1.622147817215255534e-05
-3.769568252614402537e-05
1.365589346907972569e-04
1.160981746548992929e-05
6.843634295710590565e-02
4.916762902317381272e-03
-8.848256358618792900e-05
2.452842854464877542e-05
6.189181900813876813e-05
-8.125369519157470610e-05
8.036906000804763285e-06
-3.096415395524892630e-02
-3.392990229939391988e-03
6.161026458613834628e-05
-4.660681431496049463e-05
-7.673747895996924084e-05
5.355209537011388363e-05
-2.699417162884592061e-05
2.129958593768876973e-02
-1.206405071637025651e-05
3.706945247885303114e-06
1.162343161585546302e-06
-1.449927478526773922e-05
1.897478021329310031e-03
-2.404684020830799140e-05
-1.035808674498578559e-05
3.165497483705536318e-05
-1.089524815732175519e-06
-3.152566219963317096e+00
2.391902881856830643e+00
-5.177085628244522120e-01
2.298089614657320201e+00
2.110138442122457825e+00
1.710774518199289718e+00
8.073926697905136063e-01
2.649038755776162990e+00
1.546258718241155360e-04
5.615028204513023476e-05
1.014676014713059710e-04
3.714784687180847002e-04
-3.807555796280655790e-04
2.993124887051242574e-04
-1.073031431074005220e-04
8.322925605246450295e-04
-1.644369231866677460e-04
7.742371138666885870e-06
-2.929395126245194748e-04
3.824091648453193515e-05
1.693305772753618307e-05
-2.206647200546385003e-04
4.310313690319222355e-05
-6.894449379644829331e-05
-2.735844340352281702e-04
-8.656690548503997301e-05
-1.430503790826619971e-05
1.696007818383950261e-05
-6.888116654287937402e-02
4.857801659723993450e-05
3.054110099555369445e-05
1.866361159646731465e-04
2.260845641624859730e-05
-1.865726132457537143e-02
6.158964044483160381e-05
4.792983234899117825e-05
-1.209541000476324586e-04
-3.300578338946257972e-05
-5.770351272709485155e-03
-3.475012949462553047e-05
4.358821891868485315e-06
-1.187151160027334786e-04
-3.479960285704097032e-05
-4.728115305979608586e-03
-3.844283512817134476e-05
-2.420925231265118479e-06
-1.558108654457891578e-04
-8.490858825296090364e-05
-1.472382868265305735e-03
-1.029405539050973130e-04
-1.005287626423701444e-05
1.204947469935233138e-04
1.294892883067585868e-04
-2.582158953979542693e-03
1.752003442329862757e-04
-1.986369813121244960e-06
1.082261822350710084e-02
2.327956189912706170e-04
-1.225721226020136563e-04
-5.680262940429073315e-05
4.161031280947285332e-05
-7.106839304033628455e-05
-6.844605325393031403e-02
-4.889890059295167769e-03
-1.701847895173453631e-04
6.581547336596138423e-05
8.249834555362767219e-05
-2.960657142304565486e-05
4.421500943490195911e-05
3.101028881731764109e-02
3.360521320539064036e-03
1.672017777524565816e-04
-2.282682182092062961e-05
-1.043853602157203408e-04
3.370082511619824570e-05
-2.009569766573642403e-05
-2.138186283456959200e-02
-1.949117168117687733e-05
1.920803742664167041e-05
1.711324368205546093e-05
3.474988231240915774e-05
1.877924905887512139e-03
6.029288361767033699e-06
3.883882006489220335e-06
-3.210092096889688277e-05
-1.833017662540590632e-05
-3.152522763854273880e+00
2.391748821598018715e+00
-5.176537026166075917e-01
2.297977780542719284e+00
2.110221990056777130e+00
1.710821634877354613e+00
8.073845630682819907e-01
2.649031670272349093e+00
7.741176955951558042e-05
1.174959614095569450e-04
-9.087186846722115679e-05
8.817293626021293533e-05
-2.352080006245782311e-04
-1.709641797497452379e-04
1.463344312369031460e-04
7.932243431677336301e-04
-3.605307746147060294e-05
-6.480776228647450741e-05
-2.944101335562190305e-04
1.499784260954559222e-05
-3.514211923744109113e-05
-2.487560689891662557e-04
5.962523506859503407e-06
-9.567961885678164641e-05
-1.828641539685128283e-04
2.717634020171298383e-05
-8.731351199491136110e-05
7.106815138564282278e-05
-6.911784151039576662e-02
1.037518028787216395e-05
-3.548991028458814336e-05
2.279365577437988057e-05
1.677674788312512148e-04
-1.878009984382339806e-02
-2.216835172301405790e-05
-1.752468528250092567e-04
-2.522920186807208610e-06
-5.486024687558854838e-05
-5.820646978126725081e-03
1.072834745065183698e-05
8.087142862179427208e-05
-6.842412090765199759e-06
-4.609241382531898822e-05
-4.781708504016119604e-03
1.527829880302364991e-05
6.929048090342256180e-05
8.880718764757073217e-07
2.737785351258507699e-05
-1.556315400194666857e-03
1.993079394761153322e-05
1.045548171782172131e-04
-3.133302879513869747e-05
-1.784367548647000147e-04
-2.491164774492077814e-03
-1.278551838655714377e-06
-1.225196958932180200e-04
-1.081398182379898071e-02
9.912837845962494364e-05
5.503425269313346222e-05
2.806763484700103284e-05
1.067903111249205036e-04
-3.458722579806382605e-05
6.839030038799318034e-02
4.899713167399267176e-03
-4.547270110088097884e-05
-2.043644956755885840e-05
3.450025461658283443e-05
-6.213188938617444045e-05
4.381096216573600322e-05
-3.094106212827568009e-02
-3.378117883996832257e-03
6.083424597495850792e-06
-1.491344739561846142e-05
-6.828845661172901205e-05
3.699516757809611473e-05
-6.257740019412791170e-05
2.128945702993937858e-02
-6.543140333766406172e-06
1.526978459902414344e-06
-1.780349529119962010e-06
-3.170705358161260315e-05
1.922675006674731072e-03
-2.687311696466125529e-05
-7.770060881814443588e-06
3.010518999348471439e-05
-1.242466023421479504e-05
-3.152538076029834713e+00
2.391776971845054778e+00
-5.176625692875818086e-01
2.297921261478899524e+00
2.110033780125431857e+00
1.710738480714574017e+00
8.073945737521518451e-01
2.649050535067571488e+00
1.013582122003472605e-04
1.215709267231566450e-04
8.884191138517570077e-05
2.673715298593028894e-04
-2.452079419774477569e-04
2.183395515986403645e-04
-1.219097149360489078e-04
8.352334043281977715e-04
-6.048889224126303131e-05
1.140224940168225097e-05
-2.728765520005320563e-04
1.067096351060719384e-05
2.413350273818871283e-05
-1.921750398655862509e-04
1.812428446790928218e-05
-8.901301958665165995e-05
-2.982175035711788231e-04
-5.745973756968414089e-05
-2.759369228371583160e-07
8.095533420732995561e-05
-6.903052532187747836e-02
2.740480871606142729e-05
-3.107245563833987327e-05
9.449537685985221250e-05
1.378990529309298508e-05
-1.867960488639735031e-02
2.767051595869694813e-05
-7.104952644240207179e-05
-7.773900593642487690e-05
-4.844144957995156066e-05
-5.762211022671552725e-03
-2.633761332603431701e-05
4.968255940935616187e-05
-7.776502257399899704e-05
-5.501614185023028197e-05
-4.714738392825926737e-03
-3.021577263920602042e-05
4.001061751641275138e-05
-1.120276630941621830e-04
-8.960341589931092397e-05
-1.435302571316074373e-03
-6.407464953183417155e-05
5.219141631899367200e-05
9.747475591285788418e-05
9.785329924448037760e-05
-2.624841828931516463e-03
9.219681940315749117e-05
-6.484283521763173710e-05
1.077342662738981459e-02
2.024856224314231044e-04
-4.813759565327731596e-05
-3.092664647424275826e-05
-2.620393922097381464e-05
-4.380431252683746057e-05
-6.837619333936401089e-02
-4.868121928271956257e-03
-1.492805624534822339e-04
2.030037662652191309e-05
1.008242450475076851e-04
1.561602567491112521e-05
3.179693457433291261e-05
3.101811412488313449e-02
3.352917042006575699e-03
1.453049832727366865e-04
8.955641697847797206e-06
-1.627034797575723640e-04
-7.610817663994743059e-06
-2.177467855345611167e-05
-2.144851343628145085e-02
-6.217683294832077262e-06
2.261810506365294696e-05
1.649185604430124285e-05
2.014719938292993426e-05
1.869118001959388722e-03
1.665290248983332909e-05
-3.405658444503156931e-06
-3.645459020586015757e-05
-1.156978615193982203e-05
-3.152550469276567568e+00
2.391897142647781749e+00
-5.176940105582831242e-01
2.298143157305044593e+00
2.110310063895474819e+00
1.710855036898207837e+00
8.073849607599634659e-01
2.649022573627532129e+00
4.247484934468174437e-05
7.621071302954909085e-05
-5.737402939262609266e-05
4.796506845791454095e-05
-3.296035048141357331e-04
-1.128295155355631596e-04
8.230471792028512708e-05
8.381091013562473645e-04
-1.679725176903745744e-05
-4.670867566105541230e-05
-3.093143628510495948e-04
-7.937355804709888781e-08
-1.749176651603462422e-05
-2.697073117643727252e-04
4.978977744264233458e-06
-1.236118627962790896e-04
-1.526761523140246469e-04
-2.541335085499731299e-05
3.813604967056239727e-06
1.387337745172483386e-04
-6.905131962180721672e-02
5.815715697427155904e-05
-7.111323307158225193e-05
1.700171687725541008e-04
1.760924732829409489e-04
-1.875922776660808589e-02
5.709746607683496215e-05
-1.926538498068535083e-04
-7.734677525645221601e-05
-7.179694699440658631e-05
-5.829937449916408262e-03
-1.703406244544094855e-05
9.432448215949468988e-05
-7.480042082953815698e-05
-6.921607199802143231e-05
-4.798116347423846476e-03
-1.334744770787278851e-05
8.115517064322702481e-05
-8.754274626588929057e-05
2.423314227347538670e-06
-1.613722965916780530e-03
1.488436080919433200e-05
1.000829996055553476e-04
5.697085778405872698e-05
-1.729448137578669885e-04
-2.400505750520837145e-03
-6.193498585662895106e-05
-8.985867735717079302e-05
-1.077898620864642214e-02
1.542991399333358549e-04
1.539838081431948666e-04
7.349138837397378721e-05
1.317607571153952791e-04
-9.007937958121440408e-05
6.836125314375693374e-02
4.866950098345201869e-03
-6.441689038220045193e-05
-8.246541896981713650e-05
-1.158904555903332578e-05
-8.252273745437239624e-05
4.265607768142625281e-05
-3.091400235629674850e-02
-3.333661394855881848e-03
1.867574773596543695e-05
3.359906870532944519e-05
-1.770576825906380880e-06
5.817866623800340309e-05
-2.295453989402808197e-05
2.123291816531679838e-02
-2.040146447619074814e-05
-7.886058369727859483e-06
5.776272680007812259e-06
-4.633127972031549422e-05
1.941033266534038758e-03
-3.843373477858464575e-05
-1.298429884382133531e-05
2.251832280163605150e-05
-1.779675118227346518e-05
-3.152630068668233587e+00
2.392106431719771997e+00
-5.177741373733900643e-01
2.298322157155838763e+00
2.110230738166583464e+00
1.710804063152390864e+00
8.073930979037321487e-01
2.649028108076998844e+00
2.849545335157203951e-05
-3.163067130178227665e-05
1.448083518211655031e-05
8.796368345239584472e-05
-5.772260597227767652e-04
3.234150218978920481e-05
-6.034336240742483139e-05
8.923155633437485730e-04
-9.409608107958456272e-06
-1.104495489919820074e-05
-3.068002813993401124e-04
-5.640697719699995581e-06
-7.180412606032513456e-06
-2.380467018076777856e-04
-5.853964247696354035e-07
-4.658758532607931241e-05
-2.543463476070673916e-04
-2.409009639050067842e-05
8.875474394694178116e-05
4.034281211978332912e-05
-6.928174553678195791e-02
4.379360143831368150e-05
-4.756446378180234419e-05
4.029447178537025570e-05
-4.884417851478729811e-05
-1.871740857776175299e-02
-3.286341954703329111e-05
-4.184537851842025819e-05
-5.537887360404737593e-05
-3.106944659595907671e-05
-5.807680006151469919e-03
-1.486518106022168028e-05
3.149661589754564219e-05
-4.562823269940393962e-05
-3.710443787716248304e-05
-4.763289931614929709e-03
-1.751450487195951487e-05
2.655800452765063279e-05
-6.086632624900223631e-05
-5.266215008276092818e-05
-1.505681730678039374e-03
-1.885841373832509231e-05
3.983965219388077241e-05
6.990501304714244327e-05
4.819458791315312391e-05
-2.557885682517478925e-03
1.128913290988431245e-05
-4.774113425174406934e-05
1.083848535715996146e-02
7.780986190322855718e-05
-2.421873887791930200e-05
3.642589332028892124e-05
-2.429163837513262719e-05
-6.886763420065316471e-05
-6.889359144284992742e-02
-4.894268330895792767e-03
-4.859115660541462678e-05
1.162176926804703845e-05
2.769325355754179152e-05
1.600694680858084646e-05
4.153386597852273343e-05
3.124557756680180348e-02
3.359202418210011695e-03
3.426449586259230212e-05
-3.233703784214961947e-06
-5.175355732644007500e-05
-7.369368503851565316e-06
-2.980037575516574443e-05
-2.152211271509495497e-02
1.953664594962794447e-05
1.751608661175274942e-05
1.378044313705338543e-05
1.104997925463001675e-05
1.872991723399089177e-03
1.043861555016080769e-05
-4.981700654051553949e-06
-3.110577525316539620e-05
7.129837122860357298e-06
-3.152581981805902878e+00
2.392023431547345869e+00
-5.177378376777297397e-01
2.298301387590562683e+00
2.110423102077591651e+00
1.710902225179449010e+00
8.073783488824193277e-01
2.649001592690569673e+00
-4.438780323285993867e-05
2.207650190452791795e-05
-5.348937395018863383e-05
-1.453260854836543729e-04
-4.735863147028026784e-04
-2.139873566795179620e-04
1.090051253182965427e-04
9.105305155761235676e-04
1.952421496744293026e-04
-2.252689567191921150e-05
-3.216052406495993501e-04
-6.053379906760676508e-05
-1.247711026863487991e-05
-2.853373635477761752e-04
-3.877571807589824969e-05
-1.483331752671181788e-05
-1.224666444370922343e-04
-2.774640080826227314e-05
-3.121157645039835727e-05
4.615027645112578219e-05
-6.870442872302966186e-02
6.503795856000306810e-05
1.051266684306774359e-04
4.852171113316020316e-05
3.267888533618056198e-05
-1.866971471189594889e-02
2.050348213149129600e-05
1.616659979303738796e-05
-4.879288048142192642e-05
-1.134914048353031536e-05
-5.829688532871196358e-03
-2.596282609574136660e-05
-2.733146864965822428e-06
-5.116327179155168533e-05
-1.571147165895274154e-05
-4.815772089874126652e-03
-2.834174711116154311e-05
5.562340311032695783e-07
-5.942683775520915426e-05
3.572766290560423492e-05
-1.669992477169758485e-03
5.803998731328902457e-05
-1.306379552377014283e-05
3.298164039209592084e-05
-1.351225818062552981e-04
-2.347334410306090285e-03
-2.128356173327646103e-04
3.946765200201161205e-05
-1.086289785200426905e-02
1.616714602079557866e-04
5.275480087734937297e-05
4.869960110021054334e-05
1.874845619353180705e-05
-9.126122831199862595e-05
6.844828682928304209e-02
4.917463516634708494e-03
-8.477298386794864015e-05
-2.711088325046582485e-05
-4.258888300098621904e-05
7.502196068112426328e-07
5.974583620198641574e-05
-3.090586163738752792e-02
-3.368364836246141771e-03
5.530581717120178578e-05
4.401593710058425554e-06
8.356444452780123489e-05
-3.247854976807758916e-05
-3.761191197038728532e-05
2.112067095586818086e-02
-6.385918371319724409e-06
1.026133945059294855e-06
6.928443375738601640e-06
-2.205274900934957728e-05
1.942878302569128485e-03
-2.356497078867696485e-05
1.174352653285689197e-05
1.109249271294129323e-05
-2.345431063398061426e-05
-3.152631722813639126e+00
2.392110970163277894e+00
-5.177759539411881384e-01
2.298328577050168686e+00
2.110236758645996247e+00
1.710807047296323047e+00
8.073924738075552998e-01
2.649026399895376471e+00
3.830313128510389110e-05
-3.481435729317278616e-05
-2.561030521615670417e-05
7.403310059025121727e-05
-5.889244865196199483e-04
-1.416776558854466951e-05
1.113418856173042061e-05
8.994889197702835276e-04
-8.342421869653132260e-05
-4.451072123484388739e-06
-3.069212931224237786e-04
1.737483713905132703e-05
-1.206901263636812356e-06
-2.366079739051753705e-04
2.040515865462975295e-05
-9.206810459194375874e-06
-2.577239441337646165e-04
-4.326452746608235196e-05
-3.861818655369697140e-05
-1.246467398296249298e-05
-6.923430802415118934e-02
1.118180910366312151e-04
9.338528729280323650e-05
3.395254570721643775e-05
2.610304072660327331e-05
-1.870791940456860425e-02
4.391218708929716156e-06
1.599326125412153950e-04
-4.704317054700284735e-06
-3.487106529797829972e-06
-5.805861235079061954e-03
-3.057960700307681015e-05
-6.788711888796229602e-05
-7.432854358288159175e-06
-6.470368283360327982e-06
-4.763071540951792707e-03
-3.373411372708746611e-05
-5.542563330847872371e-05
-9.726461728946033357e-06
-9.528872994196830573e-06
-1.503878573059953599e-03
-2.498654362867237967e-05
-5.865152154786902475e-05
-3.564545857445434443e-06
-2.114070748360736076e-06
-2.565693334581292326e-03
-1.348126008126543168e-05
5.542100992006988923e-05
1.085439046253831342e-02
4.882610336919050937e-06
-2.408902529267562052e-05
2.288092046685841208e-05
7.919001478536632360e-05
-6.023201519191729268e-05
-6.892057620601060863e-02
-4.903579875191618753e-03
-4.964282745154494189e-06
1.550513659060307386e-05
3.201384651352681687e-05
-5.451467666167883756e-05
6.447736861848487027e-05
3.125397456859502904e-02
3.366767907911320454e-03
1.222120448752085311e-05
-1.692623913329720291e-05
-5.054236850501880873e-05
6.062966206627561452e-05
-7.040907941474171955e-05
-2.151961927523428353e-02
-6.586738838573330806e-06
1.627007296226266433e-05
5.366320136528430785e-06
4.440641665942773230e-06
1.871281236036521521e-03
-1.014982199109027978e-05
5.762779038684232892e-06
-3.330589580661038902e-05
1.105888298739559098e-05
-3.152534135841571938e+00
2.391863907773053022e+00
-5.176811021792366851e-01
2.298102214948909428e+00
2.110305635418311621e+00
1.710859139743204915e+00
8.073837895153908040e-01
2.649019570241337274e+00
-1.235407201231982410e-05
1.208759728526522751e-04
1.653357582931671513e-04
-2.102000496034855037e-05
-2.638420517437633801e-04
2.607515245209914034e-04
-1.126102023027653949e-05
8.749888374673232914e-04
1.511189174257379707e-04
9.417409084314376443e-06
-3.045797754294510360e-04
-8.273958944362851846e-05
3.216749740842591595e-06
-2.538972825020017706e-04
-3.438016646231487901e-05
2.592837711103884778e-05
-1.739741515542707318e-04
-1.604028379233682507e-04
-3.441014209010619194e-05
-2.745488392584744582e-05
-6.892379071664669898e-02
1.170568191877470812e-04
1.355240936690596358e-04
-8.507831778557358652e-05
-4.152223394686256033e-05
-1.875379791830703718e-02
1.904537165777774087e-04
1.601924318012762404e-04
4.085660585000632238e-05
1.812900771491756052e-05
-5.824870159174212227e-03
-8.671846834582824380e-05
-8.786971002979421859e-05
3.466879207178234307e-05
1.520462240737084007e-05
-4.797317152596218374e-03
-8.391066513891587029e-05
-7.526629977153999600e-05
4.673382792823988332e-05
6.484703775661358846e-07
-1.601208706246801507e-03
-1.701889432520857368e-05
-1.197294898382115288e-04
-4.361871436091383511e-05
3.250188038565278621e-05
-2.439403392882235136e-03
-1.590190245596693650e-04
1.531726439894491999e-04
-1.084188656196662624e-02
-6.191109959134471694e-05
-4.537282221445300152e-05
-9.446637573341104543e-06
-1.482440188951459313e-05
2.016859040821676954e-05
6.842874248312300067e-02
4.899073539940086881e-03
3.039078911214112156e-05
2.486417255241748164e-05
2.418238684440479624e-05
2.400845616857576388e-05
-2.618744128109152733e-05
-3.092553473574671113e-02
-3.355281686195129252e-03
-1.902536300236524255e-05
-8.909442635564517344e-06
-1.647031654715760962e-05
-4.994500692686868934e-05
6.191817871826739775e-05
2.121595109404241647e-02
2.477681865419707980e-06
-3.254818279540310963e-06
-7.520955620781910535e-06
1.498136633067352321e-05
1.938678404057308548e-03
-1.061845683125336689e-05
2.430877826800197658e-05
1.529966193534746722e-05
-9.012649722394999903e-07
-3.152538076458551330e+00
2.391776974293004177e+00
-5.176625701444235172e-01
2.297921263666660607e+00
2.110033779873473403e+00
1.710738480458511956e+00
8.073945738255500215e-01
2.649050535108607551e+00
-1.275986362121647993e-04
1.215705998216314813e-04
4.335793733470938720e-05
-3.227139196308108186e-04
-2.452090251527073127e-04
1.223816789851150597e-04
1.133305518936201064e-04
8.352340158372796412e-04
-7.533296267055870942e-05
-1.494311445609891148e-05
-2.728765937360164823e-04
4.539140797442013932e-06
-2.776801376021937972e-05
-1.921748666130082496e-04
1.183785699067745338e-05
9.428208502265339008e-05
-2.982180466707128096e-04
-4.835696551467180357e-05
-2.680123987449409100e-05
-6.421021151241162669e-05
-6.903052795936689967e-02
5.640737617808099869e-05
1.577138033556461927e-05
-1.087843894630055271e-04
-3.085985270776404193e-05
-1.867960561007782003e-02
-1.893323655649160214e-06
-4.631003236704905234e-05
8.189708384507394211e-05
4.702978598807868544e-05
-5.762211390491152156e-03
-2.878268218493469779e-05
4.248238626044420669e-05
7.353374761394139176e-05
5.367543066809667455e-05
-4.714738693242700660e-03
-3.253743383373528366e-05
4.734101749540351551e-05
1.012097424620222281e-04
1.002914068367933046e-04
-1.435302668896158143e-03
-4.556129966664092078e-05
7.092254926812304621e-05
-1.048825450644949391e-04
-1.287708179608164859e-04
-2.624842057253663243e-03
3.864481693802500437e-05
-5.199299730269530800e-05
1.077342698254358209e-02
-1.391797655740474246e-04
4.676122977976572559e-05
-3.092702107943684497e-05
-2.858580533073273562e-05
-1.534559808821276241e-04
-6.837619758658265712e-02
-4.868122237462997950e-03
1.021778783577493351e-04
-2.367478200383202770e-05
1.008241651767327607e-04
9.772315404678978213e-06
1.133824761246443017e-04
3.101811617733504778e-02
3.352917351955825125e-03
-9.151022483531632244e-05
2.114137565178053537e-06
-1.627031506268097893e-04
1.156144609077906879e-05
-1.149504697788539221e-04
-2.144851503629154749e-02
1.313685130789244327e-05
2.261803459350261551e-05
-1.119600410823850850e-05
-2.449535297816332873e-05
1.869118098696653189e-03
9.121415083144948730e-06
-1.257963926257358374e-05
-3.645443908662547117e-05
4.021384363658191477e-07
-3.152522763922197768e+00
2.391748823094340892e+00
-5.176537033677345301e-01
2.297977781643886441e+00
2.110221988981352492e+00
1.710821634398887348e+00
8.073845630629127301e-01
2.649031670408652506e+00
3.997196580459256513e-05
1.174961702737689899e-04
1.124753548403906959e-04
1.039140788548155485e-04
-2.352072848586229904e-04
1.618393366491020346e-04
-4.193531185652222507e-05
7.932234351790067809e-04
1.447555537174302165e-04
1.941577003108067048e-05
-2.944097949215894157e-04
-6.362402382020480049e-05
1.241197392205393734e-05
-2.487559524499873952e-04
-3.341511219443592934e-05
2.429126495514073524e-05
-1.828635935245150317e-04
-9.644954528469152949e-05
1.289309161833936644e-05
-4.452172545827217959e-05
-6.911784766235212762e-02
5.635770932319186062e-05
9.335662965747780137e-05
-1.631721144821444969e-04
-6.469020476419703189e-05
-1.878010440525799962e-02
1.563746981621120570e-04
6.788297433132234066e-05
7.129968859554567859e-05
1.814007037709404414e-05
-5.820646929624260016e-03
-5.287427512109130960e-05
-3.825077243750512094e-05
6.342971786809661026e-05
9.815030982636324176e-06
-4.781708872141593285e-03
-4.755604247880746230e-05
-2.871931833927172581e-05
9.009967623900385963e-05
-3.095159182498785665e-05
-1.556316682562865683e-03
1.374432833258039177e-05
-5.304630930101801849e-05
-9.042732465879891571e-05
9.033073726877527052e-05
-2.491162564036736044e-03
-1.538902271571063358e-04
8.839527333600477339e-05
-1.081398167858874798e-02
-7.951801697786073375e-05
-1.200013047662146031e-04
2.806808494413420840e-05
-5.734976841824873184e-06
-6.855324873291908719e-05
6.839030494642109326e-02
4.899713015146709393e-03
6.067805635272477752e-05
6.402795557745473150e-05
3.450027447172640538e-05
1.336758410922996731e-05
1.747449654599102665e-05
-3.094106436755372780e-02
-3.378117736285224555e-03
-5.723550941329040315e-05
-2.458369109428205337e-05
-6.828897626837311663e-05
-3.141250663062992153e-05
2.602077479979346799e-05
2.128945938086953746e-02
1.404017956423923158e-05
1.526839725871396514e-06
-5.839436146882494814e-06
3.912618663243955556e-05
1.922675074530675677e-03
-1.402243423215271948e-05
5.426778960898685214e-06
3.010538474226693282e-05
5.478009869465492055e-07
-3.152522085851230393e+00
2.391731381073473273e+00
-5.176492354983380784e-01
2.297924435679766564e+00
2.110143486351302666e+00
1.710791926215077696e+00
8.073867151695383049e-01
2.649037166420631362e+00
-4.394902784118261542e-05
1.414340057128559303e-04
1.593959422993206315e-05
-1.842138681005720240e-04
-2.128689912564089414e-04
7.421316434700752241e-05
1.762640287709629121e-04
8.314030407451817326e-04
-9.150312754077714189e-05
-4.710081518842948825e-05
-2.797015879308119833e-04
8.886773201183212239e-06
-3.293592258575491231e-05
-2.113719000298786076e-04
6.948062443795087641e-06
8.336738950211631388e-07
-2.437329301139088290e-04
-6.707669463612918163e-06
4.651467721665769302e-05
3.044638398711201760e-05
-6.906740326018875886e-02
-2.318030116608510395e-05
2.751112105591965729e-05
-1.811001342472950271e-05
7.894282412668345863e-05
-1.873576773537507373e-02
-3.554188245512164806e-05
-1.442345406903922206e-05
3.463920740717894056e-05
-4.457664514716732523e-06
-5.797119355554097332e-03
-4.655624051978091019e-06
3.153237776439454972e-05
2.875829198630653016e-05
1.535720135813216272e-06
-4.760313085450625266e-03
-3.904832298822067847e-06
3.350773909475536445e-05
3.425993251718698220e-05
8.487469800264682573e-05
-1.500102110302020675e-03
-3.510138794346037076e-05
5.676634365488630472e-05
-4.219572624025850788e-05
-2.151342065718165816e-04
-2.583265886432320729e-03
8.808415840063839612e-05
-6.912330923288087427e-05
1.083145794176139202e-02
-8.422049968678411384e-05
5.442445536855944864e-05
-4.054827829239743275e-05
-6.092381261788633751e-05
-7.696353222517689566e-05
-6.853361885235433049e-02
-4.898622727848174138e-03
6.562109456258091093e-05
-1.862788522231071959e-05
7.893168729393787442e-05
2.042493634013837892e-05
6.875229632550313840e-05
3.104494746232543817e-02
3.372749459392939027e-03
-4.168060862677031389e-05
-2.000730804091102990e-05
-1.120106906054608997e-04
1.233503005253768446e-05
-7.461987919595030770e-05
-2.140085248306671656e-02
4.838403791297300949e-06
1.481835100647133129e-05
4.332372460485798659e-06
-3.335479243657071434e-05
1.893921262882982542e-03
1.478161310206227593e-05
-2.436789039217076604e-06
-3.042026008893606204e-05
5.254222160027015634e-06
-3.152540881015966523e+00
2.391801608715835581e+00
-5.176748549986844861e-01
2.298002824046153414e+00
2.110161003583522543e+00
1.710792248570917939e+00
8.073882847026265797e-01
2.649036179276677672e+00
9.264014922258251316e-05
1.045230439043916531e-04
-2.370396783201098576e-05
2.706370341309873202e-04
-2.796607753667362459e-04
-1.394182173616810485e-04
-1.539877256445408354e-04
8.238228303992168244e-04
1.784417805341675673e-04
2.789481074583486495e-05
-2.873227084390745051e-04
-4.616695599475139077e-05
2.376014200281215070e-05
-2.234630009238933656e-04
-3.707549021204008228e-05
-3.465362966635189090e-05
-2.395420031666042990e-04
1.825955590768418651e-05
6.129614788657068280e-05
-1.891384570122266098e-05
-6.903611186481226070e-02
-3.978468383933277293e-06
1.128116528348026976e-04
-7.624519947129518001e-05
-8.609000253886699540e-06
-1.872215668482589759e-02
2.180476884280559298e-05
4.472992459329959880e-05
5.256732542412569602e-05
-1.149922084252286408e-05
-5.795541755716207034e-03
5.469471411039305349e-06
-6.147560622681802977e-06
4.984800151049810794e-05
-1.603443496496473786e-05
-4.755338386195028660e-03
1.260033847654054054e-05
4.569138791665765156e-07
7.510788776103330324e-05
-8.197485001235952870e-05
-1.501839999508283036e-03
7.849777656852572933e-05
-1.101293537293039203e-05
-8.248744158150872951e-05
1.647881480672021845e-04
-2.567460593314849215e-03
-1.663894619361636594e-04
4.393558655761320886e-05
-1.085051478674298360e-02
-1.189357599893480638e-04
-8.033240550209350822e-05
-2.235927356412925615e-05
-3.115831913478835438e-05
-1.053308202608919204e-04
6.854365644971285865e-02
4.923052992441783078e-03
1.016144276271929128e-04
2.971059489682425104e-05
6.789216341250049747e-05
2.666151708853603270e-05
5.757483341819368472e-05
-3.103972659614825241e-02
-3.403771740606072443e-03
-9.904275604064385896e-05
1.753086816455020833e-05
-1.014398489309845802e-04
-3.355483631778784703e-05
-3.156488054632361180e-05
2.138561626468002061e-02
7.928648728896417019e-06
3.813046632572558194e-06
-5.265989258562312836e-06
3.155355110898031088e-05
1.894035143887889744e-03
-7.364874402916222508e-06
-3.934108863068726367e-06
3.386318296447402682e-05
5.383786744017927668e-07
-3.152538605006356853e+00
2.391821104857114744e+00
-5.176759144224939435e-01
2.298057892012548287e+00
2.110259668919426179e+00
1.710836823798016493e+00
8.073846590363857878e-01
2.649027322480919988e+00
1.614585103059003584e-05
9.482348208912367692e-05
7.121487833805404896e-05
-1.786560963012144175e-05
-2.882151629800324419e-04
1.476034397279943084e-04
9.610173226767268007e-05
8.113804019004780673e-04
9.018134756649795795e-07
-4.462641902009184053e-05
-3.002206867298943269e-04
-7.244503023986436261e-06
-1.708532014373580782e-05
-2.562687242191694775e-04
-6.541098951526284487e-06
-9.668155313006610106e-05
-1.724820362367274109e-04
2.534834773905240731e-06
-9.232839448800858519e-06
1.269115955039984943e-04
-6.909676553307159130e-02
-4.428891072733346593e-05
-2.710212413317377757e-05
-1.128652458551542394e-04
1.780338537969408024e-04
-1.875970108036529443e-02
-3.111428415574377603e-05
-1.905283547432688610e-04
5.969253418884339806e-05
-5.722549146472222595e-05
-5.824793873381470428e-03
-6.431650810133533736e-07
9.600521828283966577e-05
5.087843601244349922e-05
-5.182505881616137255e-05
-4.791392171563662802e-03
-4.307433305297348001e-06
8.830524458948881526e-05
5.403812276123565227e-05
3.009948050627063443e-05
-1.581350935532194711e-03
-2.672257222573582271e-05
1.160848424437328785e-04
-4.817849638357101850e-05
-2.007211850837764620e-04
-2.463528080205230897e-03
4.924099482150559202e-05
-1.076758090173288520e-04
1.087234812328467456e-02
-7.993859952383714287e-05
1.513181596225631094e-04
4.363114614258645219e-05
-1.233952214796701008e-04
-6.632864276888026864e-05
-6.842770895698478684e-02
-4.920346089836349218e-03
3.616419662947196979e-05
-8.039082189307818031e-05
1.306110393911770473e-05
7.140826937397439802e-05
4.439146738687948634e-05
3.095738914817430104e-02
3.382729407842474320e-03
5.275546348963472583e-06
3.222346032677209527e-05
-3.533494403891619673e-05
-4.789531198844370062e-05
-4.571316259430072224e-05
-2.128720169483723501e-02
1.944804145405553127e-05
6.603628608316342439e-06
3.449455285332641771e-06
-5.163572684480963019e-05
1.929250426950486225e-03
2.988266008754724337e-05
-9.442504898118995842e-06
-2.714939391000793139e-05
-5.102635778200912027e-06
-3.152553763302246459e+00
2.391837593536270568e+00
-5.176817806882829665e-01
2.297993755765657120e+00
2.110062640258818512e+00
1.710743856459293832e+00
8.073955067781518613e-01
2.649049046145174113e+00
5.331432711193886595e-05
9.674365363814842710e-05
1.269296864689175891e-04
1.291420691831480388e-04
-2.910258491813037113e-04
3.132863900129853087e-04
-2.287144149033822326e-05
8.375278059559510858e-04
-9.700462044795131174e-05
5.403766746529378766e-06
-2.808976449327092381e-04
7.325629534857852512e-06
6.069919460445669747e-06
-2.039354072712859555e-04
1.874241739963573001e-05
-2.175355149477575681e-05
-2.917205061614570188e-04
-8.743186072670265001e-05
4.968690211972760470e-05
-2.804304676597664590e-05
-6.917079987367946714e-02
6.517920672361311556e-05
-2.391585862971946615e-05
-2.787239113024377350e-05
5.132850841704976686e-05
-1.872007036212647302e-02
2.564944411276548182e-05
1.156767229293079646e-04
5.808620768861261105e-06
-9.313299088110140882e-06
-5.776863730910206628e-03
-4.702066289179110804e-05
-6.691006862051199081e-05
2.818486381150333772e-06
-1.449237478214507275e-05
-4.723282169910990314e-03
-5.785866955240750943e-05
-6.628174321330761285e-05
-4.444763088152183157e-06
-3.559217914508109448e-05
-1.442643770395892443e-03
-9.261715813467783539e-05
-9.391870040578861531e-05
9.172105194430273914e-06
4.161958949012641988e-05
-2.609681198430329439e-03
8.448110884200181058e-05
7.620148110320943335e-05
-1.080546391775415692e-02
6.635471346825143357e-05
1.769127375716127160e-05
-1.334942605299427321e-05
-5.544738522920457380e-05
1.608154878683107705e-04
6.852160802151328889e-02
4.899578006099746495e-03
-3.985828291021011424e-05
-9.930883685385427173e-06
8.928418806378873862e-05
2.807198472685806193e-05
-1.156021786135822804e-04
-3.107858271377638565e-02
-3.392153202529497695e-03
3.075946474732394619e-05
-6.393313313330403584e-06
-1.499207918064741213e-04
-6.701083118573888595e-06
1.099688898363033844e-04
2.147961004063390217e-02
1.335092859240560501e-06
-4.782028530482171878e-06
-3.175016384266860506e-06
-2.387121822272101018e-06
1.874035371000660338e-03
2.327287761388292298e-05
1.869286423102436718e-05
3.828959726600206269e-05
7.690296761331331639e-06
-3.152539252588245855e+00
2.391833979533915855e+00
-5.176791269543243867e-01
2.298082647010548207e+00
2.110293132466789068e+00
1.710850085574691537e+00
8.073822816028929372e-01
2.649021359388883390e+00
-9.251210830736302177e-05
9.068691657646238500e-05
1.810126712463668204e-05
-1.007395218316143497e-04
-3.106686344591014139e-04
-5.379977027746674729e-06
-1.661613005128186602e-04
8.355811973733270545e-04
9.230045397877288931e-05
7.423578204807400110e-05
-3.032326537054904139e-04
-4.096468477023799991e-05
4.249018918650488303e-05
-2.562095092901906131e-04
-2.602969305376032059e-05
6.795774481308157152e-05
-1.752375431240972808e-04
-6.066346808041343059e-05
-1.276568832110185070e-04
-2.082669477124026152e-05
-6.893604620366199087e-02
5.587374323103022622e-05
-4.752543745090490306e-05
-1.887136264479841652e-04
-8.812966477820413321e-05
-1.874441941637100539e-02
1.127764302055020331e-04
3.718448851895863163e-05
9.550627945924468917e-05
4.017022733592982885e-05
-5.821580899428748304e-03
-3.572972463613571955e-05
-2.075066327182239326e-05
8.497481134648259644e-05
3.672808540546105551e-05
-4.789296007852480996e-03
-3.374843146520709828e-05
-2.487637095200856863e-05
1.340557497799559257e-04
-1.967158845412736039e-05
-1.579869270538629498e-03
2.274017162254990073e-05
-2.489586712039960060e-05
-1.688783637168182381e-04
1.379615591308350317e-04
-2.464492203854592479e-03
-1.447678802558872426e-04
-2.014604716192937067e-07
1.089046722974925871e-02
7.400212286472977047e-06
8.689159627991546362e-05
-4.459249787855390501e-06
8.131728680654234974e-05
1.088092601798763088e-04
-6.835458918796948058e-02
-4.938723090374862873e-03
6.164084030206096534e-06
-5.963509257527521202e-05
2.585574629936950031e-05
-4.231262650044190850e-05
-5.313933558238660715e-05
3.090137265653200918e-02
3.403706245025716129e-03
-4.306699293192865156e-05
6.548185799068521841e-05
-2.606536981599946734e-05
1.233823576055273897e-05
2.054651469567598838e-05
-2.121178923217726872e-02
-6.924969176556612215e-06
-5.275499201210404358e-07
-1.757643024021443611e-05
-1.482348953927084545e-06
1.927054193242613627e-03
-2.947342669900861276e-05
-4.044328491037380924e-06
-2.116237700201991230e-05
1.307670757551619939e-05
-3.152564912699912458e+00
2.391906864990713810e+00
-5.177053611598663174e-01
2.298071564316049198e+00
2.110086639200861480e+00
1.710746198609667701e+00
8.073970455869348140e-01
2.649047264907914645e+00
1.099317388717982328e-05
5.700484892248931009e-05
1.407830319707709847e-04
9.099595497108557262e-05
-3.671071785072720951e-04
3.464443774598472379e-04
-1.258631031566552667e-04
8.253205657209527688e-04
-1.096528067848800189e-04
3.437908759031872339e-05
-2.930897589574713719e-04
1.903781515162127630e-05
3.585383753330262304e-05
-2.174763584986296296e-04
3.159717720104480152e-05
-4.803174082401738055e-05
-2.941074972876252984e-04
-8.196000193123136024e-05
1.396775906001205105e-04
1.901973735959688536e-05
-6.900786494054550468e-02
4.375619716058564736e-05
-6.428615694849346834e-05
1.648331179091835008e-04
7.993878875047508246e-05
-1.869539871939742554e-02
6.498627721732939131e-05
1.749869250214549634e-04
-8.240564949029522638e-05
-1.891966862870045433e-05
-5.767557172766096113e-03
-3.588853601427932768e-05
-7.517349719109193355e-05
-7.537936114214560516e-05
-2.183826972829176820e-05
-4.711996334104076416e-03
-4.262793874970981320e-05
-7.807531231534621974e-05
-9.516822586529927685e-05
-5.728631917655130492e-05
-1.443632884886257399e-03
-8.417713127388109237e-05
-1.118127540434456094e-04
7.170560584802515526e-05
9.361812834233198481e-05
-2.585044871720813039e-03
1.003936133928874533e-04
7.889452380504356353e-05
-1.080506688628115816e-02
4.685613459845311066e-05
1.258763536020788502e-04
-4.611779104227858861e-05
-7.915187166995969748e-05
2.155827715722773933e-04
6.833917210404505393e-02
4.903604750999712714e-03
-3.107718627862643586e-05
-8.433738528131127891e-05
9.493805813862860044e-05
3.637392872573891756e-05
-1.460512008564751303e-04
-3.096791559028137797e-02
-3.396762139768693366e-03
3.266711587650349222e-05
6.210357241523596378e-05
-1.342879866154320090e-04
-2.115745374417938316e-06
1.416434963933744292e-04
2.137983242252896113e-02
-3.822142887328276555e-06
3.487540539832717935e-06
6.569116522234431542e-06
-2.400922443066672539e-05
1.874089618160267989e-03
2.344298459766607683e-05
1.970289849981585835e-05
3.675183848883894979e-05
2.252732271860275956e-05
-3.152544403692522756e+00
2.391807062543842122e+00
-5.176778041121994356e-01
2.298034094418631934e+00
2.110202474000577144e+00
1.710801460079865999e+00
8.073855903483503349e-01
2.649033457908373634e+00
-5.816119935273057263e-06
5.848288951153197751e-05
-7.787972352752634822e-05
6.970153505127886550e-05
-3.489012279224509719e-04
-2.450222220146069073e-04
-1.482671816342126568e-04
7.755594309919937139e-04
1.655032123774286901e-04
6.887311760029276079e-05
-3.015244982677824028e-04
-4.852171996323116849e-05
5.446056475669076429e-05
-2.497460567869675069e-04
-4.628848930847496491e-05
2.264136581727946556e-06
-2.175104219752468687e-04
3.384003728577116509e-05
-1.337875858946352284e-04
3.886413142031348725e-05
-6.902358921296188055e-02
-2.929749603428088468e-05
-1.669666303385518085e-04
-7.734130556483307002e-05
-1.605627732119541655e-05
-1.875246408717777188e-02
-2.329148845111616065e-05
-4.701551435269256830e-05
5.909528497633486385e-05
1.005797029709315946e-05
-5.801047730157078176e-03
1.332601679967383549e-05
1.962740198919028746e-05
5.443631930356898960e-05
-1.708258449529726527e-06
-4.754671766253383905e-03
1.506977649371764641e-05
8.182151856170667866e-06
9.344742437962614157e-05
-5.824564903585840547e-05
-1.513414740336361912e-03
7.802475296197510218e-05
1.787514826915503143e-05
-1.340049655149764954e-04
1.312040271543097247e-04
-2.525913107088039681e-03
-1.608778802239471954e-04
-4.719892952575921083e-05
1.088999289246816993e-02
4.913722243881442527e-05
8.108484736641936690e-05
-3.732061997033936374e-05
-2.394027417466958532e-05
1.117227162716023315e-04
-6.838576480081509645e-02
-4.930333705179434228e-03
-1.297643581647637840e-05
-4.929645823917668977e-05
6.186906139522656278e-05
2.024575549801116339e-05
-7.974247439300295856e-05
3.094587934361631154e-02
3.392458430717726781e-03
-2.471267690048464197e-05
4.507571408430218504e-05
-7.739915383532178228e-05
-3.210772099259496864e-05
6.350184960837121926e-05
-2.129984697227155221e-02
-1.983215181649634114e-05
7.094519623643657093e-06
-9.063322917824849284e-06
1.877920796556037213e-06
1.904109970639617476e-03
-1.035092276967635176e-05
-6.323354818921247109e-06
-3.300401413979192839e-05
1.918297389518001635e-05
-3.152545942646041599e+00
2.391853519736331091e+00
-5.176859018798435352e-01
2.298015281916640173e+00
2.110079941977469176e+00
1.710743030942765142e+00
8.073942563034488540e-01
2.649045583082917599e+00
-1.182900910238298927e-05
8.165732890999945030e-05
8.488364101373889513e-05
-1.185857524452606573e-07
-3.225274978164447207e-04
2.618496887740427714e-04
-4.195193003830169419e-05
8.272848575116575637e-04
-1.656870360161464195e-04
2.087497650156805949e-05
-2.954641065884612040e-04
2.872846737804438488e-05
2.403997517652233553e-05
-2.149102166779359973e-04
3.509420610760884433e-05
-1.600320661482345155e-05
-3.104334386007099374e-04
-8.880268958629005576e-05
7.103062275377273332e-05
2.077125880295253336e-05
-6.901919259350058899e-02
7.577016738879977604e-05
-1.662700165741578910e-04
7.200509167115098897e-05
-2.766421856843434726e-06
-1.875475752995400813e-02
1.011688503608152421e-04
-9.436216759102332300e-05
-4.646886428615552557e-05
-5.557443825865756172e-06
-5.772369702015397487e-03
-4.342351162566549975e-05
4.083596763597682256e-05
-4.607366857866726631e-05
-1.034590626662979863e-05
-4.712895510113581515e-03
-4.458749428773247400e-05
2.997671305495418917e-05
-5.423041217928619323e-05
-2.713762922061589261e-05
-1.427903055446906296e-03
-7.887057544638914315e-05
3.434545172358092184e-05
3.097806198238100672e-05
4.825316883791938084e-05
-2.615291121247891558e-03
8.824482947363909788e-05
-5.153913055972649134e-05
-1.091704313445887066e-02
3.095613667054348704e-05
5.526840936853573329e-05
-1.434620294938696028e-04
6.599391873765981902e-05
1.148321589784086043e-04
6.843669806218165286e-02
4.953763212807395754e-03
-3.533738479394600541e-05
-3.264657587981820966e-05
1.356582786647807931e-04
-5.668529229099078526e-05
-9.249125148176227332e-05
-3.098859958968321060e-02
-3.424010177388728607e-03
5.003718658728561596e-05
1.474084447522376921e-05
-1.487237314260984183e-04
7.018551769181997435e-05
9.379640176792472333e-05
2.137131491754107673e-02
-7.316884179278237282e-07
6.579028204398119310e-06
2.506632238506712167e-06
-8.942593160727963311e-06
1.879761547677021765e-03
-8.557300031828611684e-06
4.265729788352349335e-07
3.895828347548644050e-05
4.310704258223560861e-08
-3.152544623649517597e+00
2.391827794387896944e+00
-5.176798011090577578e-01
2.298003196219836397e+00
2.110098913228331874e+00
1.710752830637028099e+00
8.073909010596521663e-01
2.649042515541585985e+00
2.007077882443990616e-05
5.599855948804294617e-05
-8.247075150698117158e-05
1.382424239585796234e-04
-3.663703713859202578e-04
-2.431217848345750476e-04
-1.738744484654713247e-04
8.004390065273921367e-04
1.385974268815619065e-04
5.264457975708006416e-05
-2.966069911248648910e-04
-2.829327220565915478e-05
5.675943109448740840e-05
-2.207274568235208950e-04
-3.449313941474613541e-05
-8.681973747615384478e-05
-3.009328431110030620e-04
7.334537886567468279e-05
-1.805891224097660140e-04
1.036209032794388907e-04
-6.875457786197221310e-02
-5.486820948994569885e-05
-1.359428624192742397e-04
-2.413662345405562942e-04
8.100355826080174590e-05
-1.868749305206050468e-02
-6.865979162677482786e-05
-1.248070421236647447e-04
1.212597817878067184e-04
-4.027267264660312719e-05
-5.752130643834702829e-03
3.577350442823167215e-05
4.431281579675593247e-05
1.132610179237147842e-04
-4.692507236923804581e-05
-4.697931676038933843e-03
3.491651209445744461e-05
3.505621827655390672e-05
1.477122096423139097e-04
-8.123733241245965431e-05
-1.427884961543121958e-03
7.519820817335138078e-05
5.031087970812934469e-05
-1.339155644335224033e-04
9.265009811310111480e-05
-2.600110326252926679e-03
-1.106000214419677809e-04
-5.925393358628431250e-05
1.089225508422477645e-02
-1.726851285819815465e-05
1.747208867984770524e-04
-1.643599736894305052e-04
-6.595013973058273977e-05
6.568743671752697889e-05
-6.812372778343274426e-02
-4.935969815286752292e-03
7.863761464503311177e-06
-1.150590089534153041e-04
1.355047560024549153e-04
4.536321549594571952e-05
-5.659166351948971899e-05
3.084236423191785009e-02
3.402269013053949281e-03
-2.183125526104021195e-05
9.860203207093579374e-05
-1.365186287518738856e-04
-4.469165277719012704e-05
4.895225460081428261e-05
-2.126164641443047121e-02
6.365867804597303919e-06
3.404744594309627357e-06
-1.607952240585306617e-05
-3.167769076778883673e-05
1.875908651956580651e-03
8.264724778121783572e-06
-8.168377513693286796e-06
-3.764539992886325635e-05
4.145653522308678850e-06
-3.152575618660860890e+00
2.391976640572944124e+00
-5.177263619100215264e-01
2.298170344836953483e+00
2.110177324837142265e+00
1.710779699361434369e+00
8.073905673093835222e-01
2.649030607696975181e+00
6.841706642511045369e-05
2.356869397595348723e-05
-4.753883287554277570e-06
1.624065701357669698e-04
-4.662586625840956563e-04
6.221724730172460780e-06
-3.414524031743784412e-05
8.640663358592656686e-04
-3.575126009045931895e-05
8.264894627417363146e-06
-3.136901826341052541e-04
1.189348326232035822e-05
2.628866588714570915e-05
-2.297509022894372584e-04
1.266335607732141552e-05
-8.200172858923105096e-05
-3.122706159901894292e-04
-8.745328536946212150e-06
6.504881160575488354e-05
9.961197508085695130e-05
-6.907004968903134035e-02
2.604773819475964956e-05
-4.486474270308846548e-05
1.543425713239570638e-05
5.572551485442704883e-05
-1.879327088646835439e-02
4.463959666157441366e-06
-1.934347101346023721e-05
-2.517940403503619900e-05
-4.371423449031615018e-05
-5.789892708488983235e-03
-1.898828944335499901e-06
2.084335547021149717e-05
-2.385940049059602540e-05
-4.999542804049137568e-05
-4.734884885826511937e-03
-5.731380173828996075e-06
1.646184817583767369e-05
-1.814656924541088485e-05
-5.624996265434633610e-05
-1.447444294102430114e-03
-1.174741067969433562e-05
2.005390624974417909e-05
-4.623782301930368023e-06
2.145759544477502431e-05
-2.620091188068773835e-03
1.162292402245398195e-05
-3.088148902555067662e-05
-1.102357664353340559e-02
6.367231041766734274e-07
5.697410555780338393e-05
-2.384577812642452166e-04
1.677579833739317974e-05
3.295755984582677796e-05
6.875236282828373069e-02
5.006387258348995138e-03
-5.993379436817111955e-07
-3.107895441582556278e-05
1.468033749187826892e-04
-1.476969644844858108e-05
-1.961566863550694151e-05
-3.110896728172930434e-02
-3.455743654482889161e-03
6.006603416779040676e-06
1.205203284556104117e-05
-9.936269371493833269e-05
1.959167867936912873e-05
1.630166031817091555e-05
2.138775782725789096e-02
3.977625678013969282e-06
1.163099749765741258e-05
-3.719631554591464302e-06
-6.877245878034169064e-06
1.877454911597356167e-03
-2.287340673720679083e-06
5.843529610741253445e-08
3.406863934931219403e-05
2.566444636233406102e-06
-3.152626176332501640e+00
2.392150971118224945e+00
-5.177865363340125038e-01
2.298389661403488660e+00
2.110307035747461146e+00
1.710827971165710837e+00
8.073851668104543577e-01
2.649010818941362810e+00
3.889596783793815597e-05
-8.162135548477555090e-05
1.974844665226820528e-05
9.188536328814261595e-05
-7.102624484476925248e-04
3.310610197102156988e-05
-1.891445865364373293e-05
9.131400946329349538e-04
1.229810161220357882e-05
-1.253377321359725510e-06
-3.333450422279746173e-04
-1.339403713380168018e-05
1.062702897750722751e-05
-2.500630546002254582e-04
-8.791998128621041002e-06
-6.026706726506661526e-05
-2.959766509244444316e-04
-1.155889817054935880e-05
7.875452555816187580e-06
6.738628896667741772e-05
-6.888680983433824456e-02
-1.984430045769852453e-05
-7.654527176451434139e-05
3.839033880317254581e-06
3.489977498684724438e-05
-1.873990198417944952e-02
3.736930626951266796e-06
-8.795046645406905160e-05
-2.349228250506928974e-06
-3.220445516014559535e-05
-5.795296700796591025e-03
-4.374641221103553945e-06
4.799136865467985760e-05
2.029468428166617352e-06
-3.695828904582343019e-05
-4.752862757476708153e-03
-1.934792601997630576e-06
4.085133747590194545e-05
-2.037526559149155586e-06
-3.810467505813218241e-05
-1.486584374385986401e-03
-4.661036835866383236e-06
5.510516312921890899e-05
1.903516187604803065e-05
7.972298294756199514e-06
-2.588720928645591064e-03
1.402152619378654629e-05
-6.195431940988864461e-05
1.109601020797746501e-02
-4.644935818403934241e-06
4.106945085967118056e-05
-2.714757846208823433e-04
-4.923099725037558211e-05
-4.239345645639324388e-05
-6.888935834514861578e-02
-5.040643327000457995e-03
5.010154760859002491e-06
-2.190786270125450125e-05
1.206328526106425353e-04
2.781174878448718877e-05
1.204743597228101048e-05
3.114883625210870116e-02
3.469018058142364982e-03
-1.037564146782033023e-05
7.360351349316269706e-06
-1.690845288970094229e-05
-2.177280996016706270e-05
-3.936609056113876334e-06
-2.133246697187261495e-02
2.695026017371464886e-06
-1.364870018011614568e-05
4.618420776688695055e-06
-4.283132084218629833e-06
1.869681122206935751e-03
9.748938599626859330e-06
-1.102657035103275915e-05
-2.515886856754647751e-05
3.265675159036917209e-06
-3.152626176119094570e+00
2.392150970804691301e+00
-5.177865361702113089e-01
2.298389660676720236e+00
2.110307034961934836e+00
1.710827970865575143e+00
8.073851668622069599e-01
2.649010819050046095e+00
2.337516531803509852e-06
-8.162060465828656960e-05
4.354054789619792726e-05
1.724767507762343336e-05
-7.102609628683079733e-04
9.607234046364110987e-05
-2.010395343705174238e-05
9.131402322308371016e-04
-1.022244695709761942e-05
1.097318758172036423e-05
-3.333449524326462720e-04
-7.781922060986627324e-06
1.293010440460711804e-05
-2.500628396851836948e-04
4.812009732119670497e-06
-2.013045710321148860e-05
-2.959770404716701797e-04
-5.798516939474468576e-05
6.233682629575617706e-05
5.087936198472614146e-05
-6.888681139614838411e-02
4.843628609279848087e-05
4.511657666195136463e-05
7.424437773278388356e-05
1.421450777404749616e-05
-1.873990252084315258e-02
3.209219412445901080e-05
4.730466196515873355e-05
-4.038621353755192156e-05
-1.231414351291590080e-05
-5.795296683643122275e-03
-3.007725472320899710e-05
-2.603076912136356177e-05
-3.639226413636170173e-05
-1.680397366218705106e-05
-4.752862661989007940e-03
-3.297437208518640573e-05
-1.866847074070674843e-05
-4.670516971739002460e-05
-1.501627806053219180e-05
-1.486584060827104417e-03
-3.533012886818990482e-05
-2.931398240140001136e-05
4.414189914072271545e-05
-8.156466195736624791e-06
-2.588721313147038239e-03
1.391449155887097223e-05
4.745329296356090961e-05
-1.109601037739512200e-02
3.903517921653113648e-05
6.317052985773064172e-05
-2.714762113206169170e-04
1.095265011723500206e-05
1.717345994186182494e-05
6.888936003490715720e-02
5.040643147037042297e-03
-1.293770029832077206e-05
-3.503930641984781622e-05
1.206332121369765864e-04
-5.066181172022122571e-06
-1.684643016693933553e-06
-3.114883718714817756e-02
-3.469017836550584467e-03
8.596330284894252837e-06
2.253557157267102931e-05
-1.690892541417708672e-05
-4.513075539788253447e-06
-7.017343353150738575e-06
2.133246807378325755e-02
1.483400599047165558e-06
1.364859971864372567e-05
7.239548110954562216e-06
-1.058442386239393321e-05
1.869681182100789516e-03
1.165050945931433329e-06
9.513511346919846360e-06
2.515887128666800918e-05
-3.958600849775700597e-06
-3.152626176178263240e+00
2.392150970894439510e+00
-5.177865361871583083e-01
2.298389660924657907e+00
2.110307035287612543e+00
1.710827970972317980e+00
8.073851668519884672e-01
2.649010819006344164e+00
-3.652970803527053880e-05
-8.162090156051962034e-05
2.381250337612662448e-05
-7.455048998319778334e-05
-7.102615749781343406e-04
6.302719645150833177e-05
-1.202493611950989022e-06
9.131402767383032821e-04
-2.252979891226246007e-05
1.222563359280807217e-05
-3.333450000116960216e-04
5.611508682648897882e-06
2.295082984302859548e-06
-2.500629077615928965e-04
1.359888309522013679e-05
4.015920167304526758e-05
-2.959769732892279532e-04
-4.641232677196728210e-05
-7.025945747176433375e-05
-1.650774743482065661e-05
-6.888681111899215559e-02
6.828024845323863129e-05
3.145059025163433148e-05
-7.809317696723605757e-05
-2.068642178305834086e-05
-1.873990235950284342e-02
2.835578314279546102e-05
4.064998018527635893e-05
4.273746428063473807e-05
1.989103913866462281e-05
-5.795296712975496478e-03
-2.570259234534650155e-05
-2.196091925355658911e-05
3.436448914689944271e-05
2.015498203077596305e-05
-4.752862703341995815e-03
-3.103940450851031820e-05
-2.218303267836838077e-05
4.873784314016496274e-05
2.308926516518590585e-05
-1.486584110440448882e-03
-3.066900324002227833e-05
-2.578814576984753520e-05
-6.316076151914777419e-05
-1.612945842190955092e-05
-2.588721314136793825e-03
-1.067247317355161907e-07
1.449290599049375721e-05
1.109600994590984741e-02
-3.439215210945551632e-05
2.209950353223243645e-05
-2.714762407310979120e-04
6.018249411405177216e-05
2.521919832292718973e-05
-6.888935980165519779e-02
-5.040642935806232544e-03
7.929028959886949730e-06
-1.313263060013395518e-05
1.206331815037878924e-04
-3.287864881164523741e-05
-1.036262041574580292e-05
3.114883707642158994e-02
3.469017616180541073e-03
1.777964584547659342e-06
1.517676062512873366e-05
-1.690881795674524513e-05
1.726070090540795984e-05
1.095393039439518173e-05
-2.133246785889651720e-02
-4.167117866078363778e-06
-1.364859349213805935e-05
-1.185919231415412671e-05
-6.301139895264046525e-06
1.869681112087671600e-03
-8.583741311083003416e-06
1.513467018117256883e-06
-2.515886604372667419e-05
7.029944760492877432e-07
-3.152575619335422630e+00
2.391976643738788155e+00
-5.177263628998977074e-01
2.298170348467131863e+00
2.110177326614700366e+00
1.710779699990167435e+00
8.073905672985534077e-01
2.649030607437750540e+00
-3.011259167076779891e-05
2.356783382214942845e-05
6.162485087534628732e-05
-8.665500420544267838e-05
-4.662612169047911526e-04
1.375281451620426936e-04
4.804500224978898996e-05
8.640679127115000668e-04
-1.169123976286861027e-05
-1.443235292589997621e-05
-3.136904283687976143e-04
1.210546578325440089e-06
-2.410621599001186216e-05
-2.297509708915199860e-04
1.643487189592954516e-05
4.856020022156022034e-05
-3.122708172664280524e-04
-6.664261928090852588e-05
-7.141177001287904533e-05
-7.236447819952670287e-05
-6.907004836043181828e-02
7.324274149646917988e-05
-3.390267891131597473e-05
-2.447743228374610130e-05
-3.172988295280186328e-05
-1.879327049597869642e-02
4.602580702889550054e-05
-3.693702954853187717e-06
3.064222176025333785e-05
2.350147817889395311e-05
-5.789893034445855839e-03
-3.690767239352221274e-05
1.138475636768807074e-05
2.618729818315244036e-05
2.996107678229679189e-05
-4.734885305784924600e-03
-4.043136734848385257e-05
1.243235335945894074e-05
2.643740974925390662e-05
3.829863301459637310e-05
-1.447444692337725332e-03
-4.283910659804323251e-05
5.688686819061907092e-06
-2.442225014693972645e-05
-2.079518745051887584e-05
-2.620091276543397730e-03
1.276873284968048708e-05
1.944530049217208710e-05
-1.102357688043565688e-02
2.822495177395162314e-05
-4.301563389418842226e-05
-2.384586574770523881e-04
4.095254849834870656e-05
-1.703239356776035419e-05
6.875236788984161185e-02
5.006387200354409442e-03
-1.668867536368717546e-05
2.833210655355215422e-05
1.468031861397538218e-04
-1.952945611555066555e-05
1.032837733097818986e-05
-3.110896930437042490e-02
-3.455743317359331358e-03
1.111506413683133491e-05
-2.299490057615155222e-05
-9.936162761612320204e-05
6.402607605035089892e-07
-1.335412860394416589e-05
2.138775817767971099e-02
-4.203070250951818456e-06
1.163099747000505301e-05
1.909683342495956040e-06
5.419621255877278250e-06
1.877454903543981576e-03
-4.812057849652565979e-06
3.191945588202432061e-06
3.406844883221796011e-05
2.163432251408507583e-06
-3.152593768526469997e+00
2.392027569464342029e+00
-5.177452182475431597e-01
2.298243463036581780e+00
2.110226306595928580e+00
1.710797508082953167e+00
8.073891647913146175e-01
2.649025262593719177e+00
-2.376459792532920133e-05
-7.895832800260127460e-06
6.993845268249063423e-07
-1.316030816528605731e-05
-5.362630942917078359e-04
7.821538034382405835e-06
-7.311762573185590867e-05
8.772672847781707054e-04
3.133946785977267187e-06
1.797892844356973287e-05
-3.176645822250393934e-04
-2.051860143568539255e-06
6.270207878312144883e-06
-2.374584284005137554e-04
-2.364312704201487845e-06
1.477145312091795515e-05
-2.959601162508956342e-04
-1.635956775711609504e-05
-9.512968755172996303e-05
1.020669179426956456e-05
-6.901908430375679193e-02
1.602485244155607146e-05
-4.971705221750850033e-05
-1.614441071240770866e-04
4.015936180417267395e-06
-1.876537128745388652e-02
-2.378355248583995422e-05
1.728422830872501301e-05
6.253427744803245216e-05
5.126064926850318554e-06
-5.796657051009396558e-03
-1.350446685054883147e-05
-2.924362573060910965e-07
4.888047067657919325e-05
9.374289106638621603e-06
-4.744873040254025953e-03
-1.717509896843333333e-05
-1.259531573756947565e-05
6.966645748741299039e-05
4.619462203010991726e-06
-1.465736348770272464e-03
-2.128410992733852113e-05
-2.507599597475875785e-05
-8.963038473666572431e-05
9.056828295524910644e-06
-2.601885432998659459e-03
1.400134009228287793e-05
-2.556087831596297200e-06
1.102368996638473236e-02
1.006642915734982935e-05
5.510281773752346277e-05
-2.024084280564004967e-04
4.289617078744175586e-05
1.092932622781392013e-04
-6.876206107557258917e-02
-5.002289817565473695e-03
-3.752499526305690721e-05
-4.031638835109556282e-05
1.207961712318284669e-04
-1.993146970769009045e-05
-6.948948339578029797e-05
3.111368475249950277e-02
3.447463759330736746e-03
5.154702396358923702e-05
5.248196989379808877e-05
-7.101585657563400100e-05
-7.095604464332800493e-07
7.633871219253789467e-05
-2.137525033219865242e-02
1.979564147282019760e-06
-5.746686468708261854e-06
-1.469548650130918926e-05
-1.335060262452830113e-05
1.878069169214646641e-03
-3.962077183157014992e-06
6.023778049486662914e-06
-2.900901820716216369e-05
9.048935962055443911e-06
-3.152526736102871929e+00
2.391754029144315563e+00
-5.176560343628794358e-01
2.297934389905633257e+00
2.110097040304767635e+00
1.710756844854857794e+00
8.073896956462388586e-01
2.649044607754968084e+00
2.431453373963812369e-05
8.620424707124452971e-05
-6.485560611792227958e-06
-5.853911734678195287e-05
-2.926632368599208639e-04
1.089911613231874616e-05
2.097027926869414287e-04
7.771148846536428487e-04
-4.347153368818200349e-05
-6.942636981971454747e-05
-2.916029521781136630e-04
2.435339959335981722e-05
-5.670020165307495781e-05
-2.252689595257299879e-04
2.291575867077926210e-05
1.353016464902633388e-05
-2.706660279656354770e-04
-8.763434896075014279e-07
-1.886595333192731677e-04
-4.074373223755697838e-05
-6.894015757279475798e-02
2.551506433982596322e-05
-8.562948993725465544e-05
-1.858376982493025375e-04
4.272260923045298020e-06
-1.873684198236855517e-02
-1.873744916197610328e-05
-8.584017864848370646e-05
9.310354883054153957e-05
-1.304235579335044453e-06
-5.772529592459389042e-03
3.021688859259958373e-07
4.937455012611474545e-05
8.271045463366479336e-05
4.160079136379077639e-06
-4.717770133291328098e-03
-1.991732403553727292e-06
4.361606290756566903e-05
1.172001421615761064e-04
6.542774271329490025e-05
-1.451572825951211870e-03
-2.050976980861163093e-05
6.353259563900628547e-05
-1.365234287145450321e-04
-1.575989955210418004e-04
-2.579363977125703582e-03
5.082470124897698396e-05
-6.804554874512383392e-05
-1.085561048409932824e-02
7.865594931194845249e-05
-1.127620018498051149e-04
-9.570417498384886645e-05
4.646717596998463764e-05
6.858262180356195642e-06
6.812739495422201474e-02
4.923784311144916749e-03
-3.736557552455350290e-05
8.200145044462691388e-05
1.107689807023238410e-04
-2.409173013340426767e-05
9.713894268560847867e-06
-3.084171293717427598e-02
-3.401448111181789528e-03
3.071155234810789628e-06
-8.690853498323524492e-05
-1.363474241664781872e-04
1.098672901519621189e-05
-3.173018448952835951e-05
2.126848072957730068e-02
1.292002467485295911e-07
5.220988451758547862e-06
-1.095676638666106401e-05
1.140586294274569304e-05
1.889313961335636850e-03
-6.143697291059912926e-06
-8.104897458537297554e-06
3.929654178929539813e-05
3.560772592205488883e-06
-3.152583056600759104e+00
2.391962958757941848e+00
-5.177261285933703050e-01
2.298173226988084128e+00
2.110191739375314235e+00
1.710787844274725300e+00
8.073920202437604443e-01
2.649031858362941083e+00
-1.811012758059767167e-05
3.590229148814156267e-05
-4.145299973093933144e-05
-6.515852154935096365e-05
-4.419528041938292724e-04
-6.710545168932553870e-05
3.987320598881343857e-05
8.734929195983651400e-04
-2.505175989586991671e-05
7.618875499782145326e-07
-3.057114981065241406e-04
-4.380536311181349682e-06
-1.682035530734774060e-06
-2.264922494237354218e-04
-1.298446825645236386e-05
3.448438620470067672e-05
-2.869797554488094974e-04
9.555448849414229271e-06
-2.524651829611564277e-05
3.681829390622508042e-05
-6.915566144425833173e-02
-3.787133026466465990e-05
-1.491969222025403378e-04
3.413836044209078355e-05
-5.354331763815954809e-05
-1.876224771329993227e-02
-5.777472273737141456e-05
6.676226987465231114e-05
-1.091106888677910474e-05
1.346882593488685616e-05
-5.800873238627143880e-03
1.967162577442607403e-06
1.287667719687692703e-05
-1.650374498424631779e-05
8.890715615497094687e-06
-4.747625589757472134e-03
8.183933374756213915e-06
-4.020636295797554513e-06
-2.292860693340286984e-05
2.735770911342526237e-05
-1.464022154663973188e-03
-7.785852134514312131e-06
-1.958948802207062580e-05
-4.413648107444088887e-06
-5.930252515271521420e-05
-2.603952831545855266e-03
6.242661014216194779e-05
-2.060578405802085704e-05
1.097282308852584598e-02
7.282934103241590646e-05
-5.012366382768282651e-05
-1.319953074843394081e-04
3.094563362353509222e-05
8.640293220143045890e-05
-6.884453391451361703e-02
-4.971745717405421164e-03
-6.667730508262905309e-05
3.231963774053990199e-05
1.103257320294592780e-04
-1.715655660372989973e-05
-7.119573997902251363e-05
3.117423333290815154e-02
3.424450977524051611e-03
7.634489277723416584e-05
-9.881911266988431747e-06
-9.508344957709358169e-05
3.875228311681923853e-06
9.560302729491498472e-05
-2.145808264585944911e-02
-1.723498741051032127e-05
4.351995599454008630e-06
-3.297782472409083827e-06
1.277236915738137968e-05
1.868484355127932386e-03
-4.578015853414910466e-06
6.403485231621958585e-06
-2.906892911277411039e-05
2.036108648953085945e-05
-3.152530807994474493e+00
2.391779428324758872e+00
-5.176642557860251515e-01
2.298011897249583324e+00
2.110226526691003190e+00
1.710816684467645343e+00
8.073847008441086270e-01
2.649031374840400410e+00
3.586691316516626391e-05
9.378613659083551136e-05
-5.964623283495840362e-05
-3.455159278822916326e-05
-2.810876654150231725e-04
-1.154438792764079895e-04
2.055890894703532178e-04
7.905907770581505501e-04
-1.880591575861500987e-05
-8.233513984919444372e-05
-2.998833345049115918e-04
3.462013506257835354e-05
-5.516540388611191709e-05
-2.525621304267037918e-04
2.278727189060568935e-05
-4.142209996775602157e-05
-1.941337959024395823e-04
5.909156964151112643e-05
-1.712103087702406944e-04
3.099684114397406598e-06
-6.906268574154809936e-02
-2.798973418886440030e-06
-8.093154892455925106e-05
-1.029472410797870627e-04
7.180828153662554300e-05
-1.877941850526436071e-02
-7.742728208747664382e-05
-2.130952665867644961e-05
5.784735381373860548e-05
-2.850337622637763574e-05
-5.815244400424249109e-03
3.237506997373530980e-05
3.140740819581430059e-05
4.766098886855552291e-05
-1.900299115643330023e-05
-4.771289987508962362e-03
2.572531233349352602e-05
2.218624762848682186e-05
8.351782660162599423e-05
5.841603165169177687e-05
-1.541047845257664459e-03
8.430055356924026785e-06
4.522626437597924905e-05
-1.318962736544568954e-04
-1.846627628357935444e-04
-2.496154593759064913e-03
3.744558619505934254e-05
-9.049867991385573962e-05
-1.083721238687557903e-02
9.581811004577209245e-05
-5.475984646615013850e-05
-2.955683626251759399e-06
6.519131420497283752e-06
4.242453945195695346e-05
6.836210248934888878e-02
4.901249817875379285e-03
-4.695459067504152359e-05
4.164204714527476375e-05
4.616230832252266048e-05
2.328629209959859857e-06
-3.460199555080194223e-06
-3.092229382381209840e-02
-3.367405930368385595e-03
4.841829708015295448e-06
-5.527585350770499784e-05
-6.940018460789738886e-05
-7.109111472925626113e-06
-2.408545823370957352e-05
2.127040030238297810e-02
-1.441512836901155708e-05
-2.385346649245566262e-06
-6.748374079014587750e-06
-1.251101338080900962e-05
1.919483530464894923e-03
5.646952132806689505e-06
-5.732864803568510836e-06
2.853838039377668912e-05
1.351394375416204970e-05
-3.152574192270167774e+00
2.391930879688017875e+00
-5.177109283406927664e-01
2.298104532251448173e+00
2.110123535470434408e+00
1.710766988180357107e+00
8.073948276623021947e-01
2.649039767618660779e+00
-3.995005809197327078e-05
7.541792589983774362e-05
-5.181480006168401970e-06
-6.093513869587100298e-05
-3.679597658543586145e-04
-1.063007269004657995e-05
-5.960163927269253553e-05
8.924108161990199940e-04
1.037701881315770936e-05
1.889762586999740485e-05
-2.897876731971110210e-04
-8.800624298273203609e-06
1.891592827339717289e-05
-2.022939461464570623e-04
-1.303103927227047159e-05
-6.575457274847799297e-06
-3.077937476203709919e-04
8.338553420901682770e-06
-6.827302315587244425e-05
8.922392216236110308e-05
-6.919910803611141470e-02
-4.600445075420209998e-05
-1.414979475186549851e-04
-1.115909082634365277e-04
-2.692717200301600518e-05
-1.873305750505553646e-02
-2.530787030737727223e-05
-3.602946005196957277e-05
4.543710541511558669e-05
-6.121412711394950718e-06
-5.789946129023007364e-03
4.968112437927185169e-06
4.399793567291027834e-05
3.367832770152522261e-05
-9.105658063371323930e-06
-4.740390804697648501e-03
1.105615335070638449e-05
2.697486526783033980e-05
2.797430497759916456e-05
-3.141239184332783509e-07
-1.449157867022347109e-03
-1.085904055057324697e-06
2.205880050277158428e-05
-2.456176148662626174e-05
-1.802654523535516937e-05
-2.630949627982552726e-03
4.403384812906245397e-05
-4.884754904031309334e-05
1.091881145070284186e-02
1.104346091607749571e-04
3.598902112080171927e-05
-9.024604324769577857e-05
-6.109210513482044979e-06
7.324194643152823984e-05
-6.881955434177941533e-02
-4.948657689815438680e-03
-9.190972910919304123e-05
-2.873351321077271820e-05
1.052369818656563594e-04
6.551034078868388125e-06
-5.939857402839605416e-05
3.120313784207042612e-02
3.414917600392121822e-03
9.432861969941783425e-05
5.027288660665563499e-05
-1.213253122688464497e-04
-1.469737595727445224e-05
7.337942121930332334e-05
-2.152881611756855482e-02
-2.317758235584343757e-06
5.851642809883523741e-06
-5.838653094737559016e-06
-3.619752190599120857e-06
1.867421359191424185e-03
1.800764783377167280e-06
3.023107945414516993e-06
-3.473068035915355162e-05
8.786113021921459348e-06
-3.152534135590563391e+00
2.391863906342274415e+00
-5.176811015842155417e-01
2.298102213692625462e+00
2.110305635878477304e+00
1.710859140056856464e+00
8.073837894749849031e-01
2.649019570187387540e+00
1.493527122355977320e-04
1.208765667473130469e-04
-7.198728835044958360e-05
2.362999071125484150e-04
-2.638406551422058880e-04
-1.122270585655330872e-04
1.365067115447726981e-04
8.749888973729152801e-04
-6.579863462343780805e-05
-7.636298708079693968e-05
-3.045798092225172004e-04
3.321445922325929733e-05
-3.138008656637039249e-05
-2.538974608995351158e-04
1.440884758346752103e-05
-1.518839357844158403e-04
-1.739737409990584549e-04
5.773388648570454299e-05
-1.001800888903539057e-04
1.151018351744651164e-04
-6.892379007365551091e-02
-3.475209518347268474e-05
-9.753778574866055207e-05
-9.619403988064207712e-05
1.856973459697575839e-04
-1.875379756854387431e-02
-5.926853931471226939e-05
-1.537711131797663965e-04
5.566966045054840245e-05
-8.416494283085050414e-05
-5.824870033083113727e-03
2.765912713835958750e-05
7.931675455565845854e-05
4.784869081497069779e-05
-8.027139503983209525e-05
-4.797316997463654462e-03
2.878768425271096361e-05
6.765633855754998665e-05
8.031997977180562625e-05
-1.506396330559728558e-05
-1.601208718784000650e-03
7.947500474041749785e-06
1.003399048146509545e-04
-1.108357910084504638e-04
-1.539638994896109039e-04
-2.439403047343052799e-03
5.136277654264662622e-05
-1.143696458949797960e-04
-1.084188667276038409e-02
1.348914456408682218e-05
9.849254137790002060e-06
-9.446221754017686267e-06
4.670672809736349756e-05
-6.370068644834941951e-05
6.842874101927889918e-02
4.899073534619584162e-03
7.483618301775850010e-06
8.360057689121920175e-06
2.418236493202143012e-05
-3.353616457545534031e-05
3.941274336359470044e-05
-3.092553388063043820e-02
-3.355281580342111061e-03
-4.410989426905634250e-05
-3.879957454281515792e-05
-1.647040432877985849e-05
3.268686668121689054e-05
-4.743544480704641603e-05
2.121595012486670456e-02
-2.016830863299218354e-06
-3.254873356506600532e-06
-1.729205195886822106e-05
-1.668672635278117415e-05
1.938678400308831758e-03
-7.665151312665468357e-06
-1.866706541630197601e-05
1.529975794326551353e-05
-1.686569735983201208e-06
-3.152631722815557591e+00
2.392110970030963735e+00
-5.177759538896220537e-01
2.298328576941119472e+00
2.110236758701773407e+00
1.710807047338025466e+00
8.073924737988213973e-01
2.649026399885206384e+00
-4.132097673804387687e-05
-3.481435579802622318e-05
-2.034830565111612729e-05
-4.925723124874864479e-05
-5.889244096753643801e-04
-5.697619117449277204e-05
-7.781897469489885413e-05
8.994888509420840943e-04
3.206129191345867319e-05
1.727231764326958723e-05
-3.069212966728847021e-04
-4.833169031196225080e-06
1.827251343251626699e-05
-2.366080191937597224e-04
-9.162099224030248879e-06
-3.285835622871373238e-05
-2.577238459985434758e-04
2.961893055055708123e-05
-6.158323063205721742e-05
1.030696424264305328e-04
-6.923430893250029361e-02
-4.511357500829266207e-05
-8.011108163128897400e-05
-1.554854973777107334e-04
-9.248264079381799112e-06
-1.870791966808746029e-02
-2.480207213455301428e-05
-5.055648582628184131e-05
6.114476523964947530e-05
-2.473922780023117421e-05
-5.805861208497607034e-03
1.830976084303158327e-05
2.986807233236640736e-05
5.171698404065069263e-05
-2.597946440929034426e-05
-4.763071519937833904e-03
2.247057022318882369e-05
2.127456448053088075e-05
5.565499558578924444e-05
-1.687466248080606094e-05
-1.503878567133799717e-03
2.074574738608161078e-05
2.090456394765668888e-05
-4.620747637634593590e-05
-1.061791105762218996e-05
-2.565693289701465908e-03
8.570940786272840221e-06
-3.080565734842847115e-05
1.085439075456243185e-02
4.972085629397805795e-05
8.062451463837692314e-05
2.288089237338988835e-05
-1.873359086300251916e-05
3.434530780691122300e-05
-6.892057703487221298e-02
-4.903580030130357675e-03
-5.335664700721880638e-05
-5.496402706659027251e-05
3.201390787502256252e-05
1.382836399909406045e-05
-3.653847932110398846e-05
3.125397496519280449e-02
3.366768035065540333e-03
5.486537262256271268e-05
6.097046157148835403e-05
-5.054245250191331806e-05
-1.565497173167120594e-05
4.578889911733822929e-05
-2.151961952319559820e-02
1.287316250142716049e-05
1.627009957351548087e-05
-7.674295309415696004e-06
-1.101028221449679872e-05
1.871281199831605719e-03
1.229173462788774550e-06
1.766567988104584511e-06
-3.330593243876296835e-05
1.831749590927269277e-07
-3.152576794036002994e+00
2.391977481011868356e+00
-5.177245486995029067e-01
2.298278087006511594e+00
2.110470972568661896e+00
1.710928326121629262e+00
8.073724525146587228e-01
2.648993284198726261e+00
-7.088021132965546139e-05
1.366796400066811260e-05
-3.571288509901643428e-07
-2.252848978803862184e-04
-4.834524420529685493e-04
-1.671395971618091476e-06
1.517815948210400818e-04
8.977691388501957484e-04
-1.392196770571042000e-07
-3.436967778275936997e-05
-3.239879255986678882e-04
-3.728211018687004168e-07
-2.443721293504649069e-05
-3.022572562798941736e-04
7.757303750096039861e-07
9.253822788684882357e-06
-7.436356173783488337e-05
-2.925208009674955561e-07
-7.124282084819512698e-05
2.196388940774380346e-05
-6.862465274122363235e-02
3.730155453595498428e-07
-8.140934743924729361e-06
-3.435637483023949327e-06
-1.013426150826292181e-05
-1.865328133236428959e-02
2.617220071489187969e-06
-1.037789886076935567e-06
-1.290773949789915143e-05
-1.468310232612326727e-06
-5.836105705954944094e-03
-6.149605160767466523e-07
-6.007500878684604728e-07
-1.569168443942807608e-05
-4.912994322224117040e-06
-4.830745645803197381e-03
-9.758793384590889010e-08
-1.776224087980714501e-06
-1.334724098009732311e-05
5.491548925720417300e-05
-1.710217859230761398e-03
3.836784560415524877e-07
-8.426950013508448253e-07
-6.261102486168877181e-06
-1.516899264758592375e-04
-2.301690901046486021e-03
-1.256658750414585619e-07
-3.634380056877243179e-06
-1.081746103984754757e-02
1.049735226300983775e-04
3.656572842316218805e-06
8.909237563986191488e-05
4.608532772188277092e-07
1.108992587952281401e-05
6.829077157062374281e-02
4.884846101373139030e-03
-6.662751897055040995e-05
5.197248743541577065e-06
-7.350946497665725166e-05
-6.620432026123367266e-07
-6.967524687726976270e-06
-3.081629197314121604e-02
-3.331075850549224115e-03
5.043302976229374081e-05
-2.459078933734375801e-05
1.187180046587042737e-04
-6.720454407349437686e-07
7.991480372580050712e-06
2.102112069928240359e-02
-1.260049850663761610e-05
-1.438839590003863245e-06
-2.133969278567147816e-06
-1.532945300714683807e-05
1.949938301187957189e-03
-1.609165796679030102e-06
-2.280186277921749597e-06
9.579550621202893260e-06
-1.419025817775614347e-06
-3.152686412611737321e+00
2.392288302753764029e+00
-5.178370904083433590e-01
2.298543123985531622e+00
2.110352056486548111e+00
1.710847842795338636e+00
8.073871368901071044e-01
2.649007263315166227e+00
1.004185089344657588e-08
-1.422539476021965343e-04
6.300414411799894307e-09
3.029088410447257302e-08
-8.370392842877456135e-04
1.911460197438576168e-08
-4.845632242783265475e-09
9.659249055431565764e-04
-3.173243687237518460e-09
-3.026756665884283714e-10
-3.219728428997623709e-04
-1.714632594534465525e-10
-2.593956670749983008e-09
-2.548587086757965990e-04
-1.636621919876166877e-09
7.189968296721874975e-09
-2.323922783972180326e-04
4.560149168612334253e-09
-1.567995424436111134e-08
3.096290187066941919e-10
-6.899248804008922820e-02
5.626710384668788052e-10
6.769864138982451488e-09
-3.259192241751641638e-09
7.003620733870505007e-11
-1.862571294005809647e-02
-1.909053060022124313e-11
1.737091680498756908e-09
7.660484049361448464e-10
-1.949993944862182612e-11
-5.807183856563489024e-03
-6.612784056650172754e-11
-5.155839568548819356e-10
5.711762822700630426e-10
1.373578772203657363e-12
-4.776533317675354245e-03
-6.964552906964360312e-11
-3.922717245900759264e-10
-1.698180796180451407e-09
4.567251993536246848e-11
-1.547744026848620535e-03
5.302476721983121620e-13
5.271521771273885478e-10
5.462068370233676369e-09
-9.357959028563947337e-11
-2.514656304100149238e-03
-1.385997832371116609e-10
-2.103009866915493746e-09
1.087203239618593845e-02
-1.677765999603689139e-10
-4.500059862917818881e-10
5.614594278505191660e-05
8.752065789177073591e-11
1.181671380142448835e-10
-6.892017121931391654e-02
-4.903420211926533961e-03
1.673154892537223733e-10
-4.627857255245010542e-10
-1.597515224120715782e-05
-4.584934699719137911e-10
-9.737659233687936101e-11
3.124430897424925260e-02
3.348145488465242067e-03
-7.194161648580462281e-11
5.690835199498364885e-10
3.111746506631075937e-05
4.291255266179448739e-10
9.773692370643982850e-11
-2.143587910165597327e-02
3.763288365356071676e-09
1.691264346750474004e-05
-4.075977940756768151e-10
-4.805260913080771047e-12
1.863739492332890492e-03
-5.291915463650661444e-11
1.690831023363576350e-10
-2.828548361136868847e-05
3.389416690245809133e-09
-3.152576794126039861e+00
2.391977481510345616e+00
-5.177245488673714036e-01
2.298278087339207687e+00
2.110470972403568179e+00
1.710928326067385763e+00
8.073724525201338986e-01
2.648993284217341593e+00
3.572874357211862600e-05
1.366796435687579747e-05
-6.120647177445843069e-05
1.140275668880057192e-04
-4.834524289499741653e-04
-1.942701450664857015e-04
-7.575994354923121015e-05
8.977691264651008456e-04
1.315174361539657487e-04
1.750816130487735562e-05
-3.239879251231650588e-04
-2.957870686692022543e-05
1.155198144657319009e-05
-3.022572620022407610e-04
-2.155087769781657500e-05
-4.388224242097105794e-06
-7.436355306362585436e-05
8.159478069953322388e-06
2.854094892709277458e-05
-1.130532251617796325e-05
-6.862465365625185221e-02
1.883424362828883770e-05
6.576591004568041975e-05
8.122001427258813145e-07
2.800490811232436358e-06
-1.865328173373578466e-02
-1.008495214302731146e-05
3.494261306349927710e-06
5.935081331269549047e-06
1.266706181536204422e-06
-5.836105666228639383e-03
-9.640886146102205353e-07
1.147882598997090669e-05
6.308755443469044388e-06
2.540982040028892262e-06
-4.830745609587015418e-03
-4.205940177648510647e-06
1.447753341722539914e-05
5.940912504948837614e-06
-2.778992817569636434e-05
-1.710217971671478075e-03
4.736647466601951628e-05
1.197990461858045123e-05
-7.064096785851433637e-09
7.595349099750385406e-05
-2.301690539544103305e-03
-1.313046909914225026e-04
7.240913541255958414e-06
-1.081746135995785563e-02
-4.288241730186972283e-05
-2.226633392376771263e-06
8.909241493342684448e-05
2.935924088494227049e-06
-9.645523950218387024e-05
6.829077202353901754e-02
4.884846222450526729e-03
2.727970953168870708e-05
-2.024213883672701386e-06
-7.350947166042363923e-05
4.832255523950492945e-06
6.118523902227395611e-05
-3.081629211237776889e-02
-3.331075927614874851e-03
-1.829561010084059593e-05
1.287604683865393052e-05
1.187179983651118903e-04
-2.096049163516800363e-05
-4.767225720563515420e-05
2.102112074487300086e-02
7.537737327726476696e-06
-1.438876116796466851e-06
-9.085102101865889120e-07
9.058269772439718720e-06
1.949938363898715216e-03
-1.247102106789120231e-05
2.988112833738250723e-06
9.579549102660077489e-06
-1.020091417877077161e-05
-3.152630068762206417e+00
2.392106431893744833e+00
-5.177741374291980891e-01
2.298322157527501908e+00
2.110230738566730935e+00
1.710804063288236421e+00
8.073930978924906965e-01
2.649028108024854777e+00
-2.676748531311301657e-05
-3.163100362444629284e-05
1.743879333943764614e-05
-7.192743684851645803e-05
-5.772267782365423944e-04
6.001229680343899775e-05
3.831109006105268386e-05
8.923156072204657197e-04
-4.755434703979138011e-05
1.040686354175010870e-05
-3.068003399236743085e-04
-6.744904034309238622e-06
4.091848791019634228e-06
-2.380467779167412816e-04
-5.926137387826677994e-06
4.417112562145392087e-05
-2.543462412897367470e-04
-2.829984591352984079e-05
-8.560148984917634058e-05
-5.809682572074828088e-05
-6.928174588924124189e-02
1.304143479969948564e-05
-5.308248551541891588e-05
-5.639313503420576837e-05
5.288236748005366989e-05
-1.871740861390094185e-02
-2.586881676735752067e-05
-1.397290218794111551e-05
5.496755031709972842e-05
2.840823472933619781e-05
-5.807680115372847521e-03
-1.947434431455552875e-05
3.221106139001222155e-05
4.581505009223051507e-05
3.372008783042533526e-05
-4.763290045341005141e-03
-2.337617311729520592e-05
2.623594753485476263e-05
6.493195378842853247e-05
4.266295195183407793e-05
-1.505681827052497918e-03
-3.617740132977120349e-05
3.279118345390515506e-05
-7.628675223686449481e-05
-3.387433046287744142e-05
-2.557885693479646297e-03
3.609269090735071249e-05
-3.666776052321908750e-05
1.083848500075190908e-02
-9.854650502554083806e-05
3.314583674566732403e-05
3.642600854346714212e-05
-8.827847366061746665e-06
-3.295075604168077286e-05
-6.889359150641385932e-02
-4.894268104189167072e-03
6.026533982203411202e-05
-1.967436305970513119e-05
2.769316981323169391e-05
2.060895426879823461e-06
2.131389684901100813e-05
3.124557762730083288e-02
3.359202202696776399e-03
-4.294037436691213686e-05
8.000215781319554656e-06
-5.175343590718695097e-05
8.846029858699351253e-07
-1.477341738842985128e-05
-2.152211261689684560e-02
-1.593436889770114380e-05
1.751612231215979651e-05
-1.120516056851570330e-05
-1.456504480095048635e-05
1.872991630540496400e-03
4.350158710867396271e-06
-9.443433162884573334e-06
-3.110577782585572087e-05
1.335628300951459201e-05
-3.152550469544036726e+00
2.391897143849951668e+00
-5.176940109075431895e-01
2.298143158730775681e+00
2.110310064609427272e+00
1.710855037096207010e+00
8.073849607757572766e-01
2.649022573550258830e+00
2.842854447561248389e-05
7.620992306510291150e-05
6.546786742079533641e-05
7.366633745471690272e-05
-3.296051192633476373e-04
9.794477610196457816e-05
-2.659484905108313972e-05
8.381092226890145486e-04
7.967833361856784891e-05
2.342351416273222926e-05
-3.093145383519024859e-04
-4.041138546495742811e-05
4.439179434340286522e-06
-2.697075601507990610e-04
-1.763777262959054254e-05
8.380000262758672375e-05
-1.526759008454762969e-04
-9.434424023973373590e-05
-6.352513018244537561e-05
-1.197330608041574044e-04
-6.905132047316926702e-02
9.106762852510480628e-05
3.225215030414269653e-05
-2.518586043860462421e-04
-1.374943052503880040e-04
-1.875922785279514685e-02
1.239505126577604313e-04
-5.091405574040496824e-05
1.203619065217448856e-04
5.065055989127182506e-05
-5.829937669492172951e-03
-5.366050280070020211e-05
1.982280876532746940e-05
1.076835874056367376e-04
4.616743746442862140e-05
-4.798116551974126835e-03
-5.326864803993109639e-05
2.420215653438762113e-05
1.304424989137657515e-04
-1.410148163130525158e-05
-1.613723367802637589e-03
-5.342531406484202878e-06
2.577296818711466485e-05
-1.062948291475268917e-04
1.401090609526259181e-04
-2.400505216641509679e-03
-1.188081965612234524e-04
-4.407846982860326207e-06
-1.077898703302948742e-02
-1.551608479544806102e-04
-1.910996834276389113e-04
7.349179379135400980e-05
6.747349258520021829e-05
-8.858918172437559371e-05
6.836125147217578246e-02
4.866950446553094944e-03
6.914972578478243738e-05
1.127008274292650531e-04
-1.158939944745016049e-05
-3.015570397477162942e-05
3.445984746813904364e-05
-3.091400147557434724e-02
-3.333661608929336558e-03
-2.921688873739204228e-05
-6.718535896636877031e-05
-1.770086479946364477e-06
8.175636420294687522e-09
-4.697532254227982122e-06
2.123291724425956095e-02
2.562188239688755029e-05
-7.886042645107048843e-06
-1.413365112135566651e-05
5.645015802884645459e-05
1.941033239512844882e-03
-2.090734038412988031e-05
1.489589978947822204e-06
2.251829232928918346e-05
-8.768218028831586383e-06
-3.152544355362826956e+00
2.391788662688059119e+00
-5.176694886561373776e-01
2.297975946660232083e+00
2.110120057114885928e+00
1.710774437798816106e+00
8.073903714906552898e-01
2.649042098424036595e+00
-1.067755899573241565e-04
9.584719587653052313e-05
5.066258293924983335e-05
-2.553899377322531392e-04
-2.887059981819366239e-04
1.559128690275237913e-04
6.707175089158039574e-05
8.174055364276841713e-04
-1.040601317959052066e-04
-4.835274156621765336e-06
-2.803474178186171790e-04
1.526395253279227233e-05
-6.150951054728138919e-06
-2.153679606996079733e-04
1.367477226001453730e-05
2.824209572440571558e-05
-2.499949626129110590e-04
-2.348424359446218176e-05
-1.047818958117916876e-04
2.638090970545669059e-05
-6.892886377228817085e-02
-1.248690927858019366e-05
-1.178502072175444115e-05
-2.516310177634461945e-04
7.531886564640281152e-05
-1.866366624348277797e-02
-2.666461438748614549e-05
-1.055623298152820087e-04
1.437044130508370555e-04
1.002436811790803411e-05
-5.774863596065318502e-03
-1.130455317475838578e-05
7.255165232775374819e-05
1.268218876239540988e-04
1.983913872757541818e-05
-4.731157075924158177e-03
-1.722718169811479530e-05
6.848740958644776271e-05
1.662126306488021692e-04
7.798266501430157420e-05
-1.474950142265949501e-03
-6.220491273254015853e-05
8.681992918205075642e-05
-1.643179031500998787e-04
-1.472900373530731976e-04
-2.573856637206430650e-03
1.144647293814050123e-04
-6.904252918784662654e-05
1.077333265410231750e-02
-1.470034230505391955e-04
1.712300571902427475e-04
1.779038848616007473e-05
-5.335586734950422370e-05
-1.086274144238917171e-04
-6.819333244685343853e-02
-4.874826830695883247e-03
9.861712152810578336e-05
-9.784250298944529049e-05
6.334280821531160233e-05
2.373369219074727716e-05
7.087572171627590928e-05
3.091240362019586144e-02
3.360300918959002736e-03
-7.941562694416845307e-05
5.375481945951224430e-05
-1.235655538129511871e-04
-3.557940371675798749e-06
-6.208890547416880817e-05
-2.133910427258204137e-02
1.486484047817110833e-05
1.087514630783646178e-05
-1.710168723428705370e-05
-5.128897115369476225e-05
1.884208367212877357e-03
1.857960240985532933e-05
-1.247120448953317230e-05
-3.403691924285681903e-05
-2.841271499328595700e-06
-3.152528169305446326e+00
2.391754776806810145e+00
-5.176566381194924737e-01
2.297983484315412550e+00
2.110224296848985492e+00
1.710825255159423630e+00
8.073836928196240770e-01
2.649029775854275126e+00
1.944847470014222227e-05
1.227813313051207911e-04
-7.745443972715621126e-07
8.505515239935233849e-05
-2.404469622731159073e-04
-6.251653944189657043e-05
-8.006976448832221077e-05
8.197287865087143129e-04
1.255340178643603625e-04
2.240431849124003834e-05
-2.892850021975573141e-04
-2.525070924757310387e-05
2.443234449162591879e-06
-2.369537502953015888e-04
-1.250784185827134778e-05
5.432145046025618361e-05
-1.941239154815761108e-04
-2.258775669190128254e-05
-5.020741011604477801e-05
-1.131143054494113034e-04
-6.907712719063895113e-02
5.687108291729174418e-05
-1.200454517428321539e-05
-1.585473926284474799e-04
-1.496069229496227514e-04
-1.874959541970627752e-02
8.132234700059030831e-05
-5.845367313952025694e-05
9.031841168423989199e-05
3.189995511636481006e-05
-5.816665077275458111e-03
-1.224638869837003105e-05
5.235517520494556578e-05
7.454423322516821903e-05
2.505778023999576858e-05
-4.782299954040540417e-03
-1.148318741938296966e-05
4.931475926497850821e-05
9.155606889746941053e-05
-4.586966396837544941e-05
-1.548866034790472891e-03
4.591879756661546995e-05
5.516254187318831294e-05
-1.023989452652983995e-04
1.741551194674097083e-04
-2.517806757746841873e-03
-1.514829599999834356e-04
-4.051512494774305733e-05
-1.083253344980335264e-02
-4.929220954993668996e-05
-1.641289505037506701e-04
1.389257164902818475e-05
5.857660354125144350e-05
-8.967223647658837012e-05
6.848639257563385319e-02
4.903231607891126408e-03
3.521865543924156475e-05
8.650726213231191351e-05
3.840761185595203964e-05
-2.358017709353529921e-05
4.700290772274303515e-05
-3.100059273600311305e-02
-3.374441298527687538e-03
-1.177893929424540537e-05
-3.673813289081528141e-05
-6.813623729159772047e-05
-1.977263841574793297e-06
-2.263344131744226455e-05
2.133515458619297117e-02
3.641496052137532173e-06
-4.209094329056704766e-06
-1.366300420770983140e-06
5.217082894388217461e-05
1.914188576059754196e-03
-2.234094958035697919e-05
-3.932658135441207520e-06
2.859538943791632910e-05
3.193676215170956900e-06
-3.152528169422089022e+00
2.391754777210225225e+00
-5.176566377466098601e-01
2.297983484460181636e+00
2.110224297635520774e+00
1.710825255519457633e+00
8.073836928934418067e-01
2.649029775725973757e+00
-1.944744668882129277e-05
1.227813426847732740e-04
7.726119388222791738e-07
-8.505298778305703472e-05
-2.404473728239772538e-04
6.251170080277205360e-05
8.007009362804520141e-05
8.197304557303886074e-04
-1.255326889648131824e-04
-2.240496165422138373e-05
-2.892854633925555754e-04
2.525099566613328179e-05
-2.443766402452287744e-06
-2.369538056137263701e-04
1.250823346654444991e-05
-5.432225813240381800e-05
-1.941250034697834500e-04
2.258832285348475865e-05
-5.020780323730135442e-05
1.131167719258900899e-04
-6.907712331796583838e-02
-5.687125480694486292e-05
-1.200563752200628693e-05
-1.585478230086490904e-04
1.496039377675188005e-04
-1.874959193330726775e-02
-8.131762128555279710e-05
-5.845316847627958956e-05
9.031828574039389582e-05
-3.190059320243770818e-05
-5.816664674741325348e-03
1.224627686136765104e-05
5.235507205084092289e-05
7.454410490182050296e-05
-2.505909338124675081e-05
-4.782299250686054652e-03
1.148423723829334516e-05
4.931492854607028367e-05
9.155564810890177855e-05
4.586804598472018406e-05
-1.548864718522370999e-03
-4.591535789539181317e-05
5.516340853292924710e-05
-1.023983242571801253e-04
-1.741546334511805745e-04
-2.517808377533559388e-03
1.514777748036237799e-04
-4.051676393739542855e-05
1.083253326167460222e-02
-4.929343425415667196e-05
1.641295439826703242e-04
1.389044844563730452e-05
-5.857626034044610339e-05
-8.967334564690852220e-05
-6.848639210760171236e-02
-4.903231504898617789e-03
3.521926629684553941e-05
-8.650717862510653110e-05
3.840842255885268397e-05
2.357981420930699030e-05
4.700290518710125397e-05
3.100059224783422579e-02
3.374441043236902499e-03
-1.177938326268825227e-05
3.673731631640226111e-05
-6.813609521866791086e-05
1.977608694910432422e-06
-2.263309798996275416e-05
-2.133515331370833615e-02
3.641871993696092698e-06
4.209091354267520792e-06
-1.366130084671699461e-06
-5.217111270136543747e-05
1.914188435127642945e-03
2.234135116574766653e-05
-3.932917150214541402e-06
-2.859526953955067918e-05
3.193423897390470720e-06
-3.152544355846846447e+00
2.391788664750778448e+00
-5.176694893833508893e-01
2.297975948461837614e+00
2.110120056539009692e+00
1.710774437303571593e+00
8.073903716317775148e-01
2.649042098531791289e+00
1.067771483471370217e-04
9.584680959939676295e-05
-5.066514499812689869e-05
2.553938473856512577e-04
-2.887074406028363599e-04
-1.559180535960816272e-04
-6.707299157355478916e-05
8.174066477133728591e-04
1.040593292026074088e-04
4.834859490703829620e-06
-2.803475066637117091e-04
-1.526346880932102410e-05
6.150317775555307184e-06
-2.153676357704076467e-04
-1.367439123237299547e-05
-2.824224356720692904e-05
-2.499960248099774738e-04
2.348461163328210153e-05
-1.047812996441443208e-04
-2.638111678911507149e-05
-6.892886453169412564e-02
1.248756491445000751e-05
-1.178443925590951262e-05
-2.516321113694412900e-04
-7.532540177757475301e-05
-1.866366474113068455e-02
2.666774708854361070e-05
-1.055631714145145055e-04
1.437043750406281971e-04
-1.002390929355479431e-05
-5.774864139698139553e-03
1.130444005424780071e-05
7.255225607945536273e-05
1.268214489849154333e-04
-1.983993558525088460e-05
-4.731157213379604508e-03
1.722779910198990417e-05
6.848823990651358557e-05
1.662109322965824325e-04
-7.798642085176085204e-05
-1.474949389656919499e-03
6.220732601816699424e-05
8.682158972496203399e-05
-1.643148313955285255e-04
1.472964584893469596e-04
-2.573858190792943992e-03
-1.144685752413663162e-04
-6.904472763635954315e-05
-1.077333183882449308e-02
-1.470032370842148245e-04
-1.712315104300834957e-04
1.779095094153748668e-05
5.335696787609834138e-05
-1.086259840272405484e-04
6.819333243044400916e-02
4.874826469516212873e-03
9.861741636079204322e-05
9.784333956150100594e-05
6.334231377342833258e-05
-2.373461807713051928e-05
7.087506138342652799e-05
-3.091240397867795614e-02
-3.360300690975336502e-03
-7.941601179915216361e-05
-5.375534293274831593e-05
-1.235649745112907261e-04
3.558872529465639117e-06
-6.208878132003250918e-05
2.133910505840131214e-02
1.486498908140244533e-05
-1.087510039053144393e-05
-1.710132060372970570e-05
5.128860750748163132e-05
1.884208394187026400e-03
-1.857952746899313836e-05
-1.247117874039925457e-05
3.403662670048942011e-05
-2.841043427870273492e-06
-3.152550468955636731e+00
2.391897141856333953e+00
-5.176940101310404385e-01
2.298143157433450323e+00
2.110310065500941246e+00
1.710855037339908069e+00
8.073849608419048085e-01
2.649022573472699094e+00
-2.842687921769539541e-05
7.620943240670705401e-05
-6.546844637354839818e-05
-7.366253988947354145e-05
-3.296071695343266716e-04
-9.794681912413550490e-05
2.659407563293338431e-05
8.381110995936556958e-04
-7.967665274982516706e-05
-2.342397262940990659e-05
-3.093143264423366904e-04
4.041113441338304891e-05
-4.439849155546160856e-06
-2.697071130610187700e-04
1.763770316131128255e-05
-8.379959018933944557e-05
-1.526761562110003794e-04
9.434428931914718862e-05
-6.352374344354132923e-05
1.197290344626190158e-04
-6.905131602572135707e-02
-9.106780747059029738e-05
3.225150843765745457e-05
-2.518560601116825136e-04
1.374886498419504964e-04
-1.875922488391066831e-02
-1.239486180317731650e-04
-5.091526718554082554e-05
1.203616328923977320e-04
-5.064963302409509289e-05
-5.829938111671918895e-03
5.366031185697113260e-05
1.982348331354170462e-05
1.076833153002868481e-04
-4.616765630011223146e-05
-4.798116622903234041e-03
5.326896741367406340e-05
2.420273989458302340e-05
1.304425695457814499e-04
1.409737115209176446e-05
-1.613721862388842881e-03
5.344303160669916074e-06
2.577409927869047372e-05
-1.062954828599337433e-04
-1.401004601496876848e-04
-2.400508371060022100e-03
1.188049417774014488e-04
-4.409699748863261926e-06
1.077898614597506792e-02
-1.551616408414866616e-04
1.910966623509183628e-04
7.349196625191026233e-05
-6.747424348486068962e-05
-8.858838803326352009e-05
-6.836124265374128595e-02
-4.866950017994218190e-03
6.914968758811004985e-05
-1.126996586930063479e-04
-1.158916512655934483e-05
3.015632860206165193e-05
3.445896831898620678e-05
3.091399681874134470e-02
3.333661367708087853e-03
-2.921620316396968293e-05
6.718546847133537463e-05
-1.770759917993011689e-06
-9.042535916974222231e-09
-4.696472259930418373e-06
-2.123291351281244438e-02
2.562150254980018616e-05
7.885924709477267402e-06
-1.413397748741777177e-05
-5.645040924870299039e-05
1.941033059584698715e-03
2.090781248948591300e-05
1.489364351149733876e-06
-2.251837038012871085e-05
-8.768365227358567625e-06
-3.152630068995574408e+00
2.392106433022742618e+00
-5.177741380296124740e-01
2.298322158471660437e+00
2.110230737894355890e+00
1.710804062978670714e+00
8.073930979155731213e-01
2.649028108119597213e+00
2.676979011829612172e-05
-3.163096611082165345e-05
-1.743815858631009080e-05
7.193317720986368985e-05
-5.772267496835718596e-04
-6.001137184298132449e-05
-3.831245266568737240e-05
8.923153472703363722e-04
4.755559780459877955e-05
-1.040729150593988752e-05
-3.068001639205943597e-04
6.745166892071567498e-06
-4.092603083457384093e-06
-2.380466516228579442e-04
5.926488267139858512e-06
-4.417087052821050365e-05
-2.543461069537459565e-04
2.829983228795166989e-05
-8.559950297326406315e-05
5.809477518166746230e-05
-6.928174770158510021e-02
-1.303944134848586964e-05
-5.308505286852170527e-05
-5.639235551623262134e-05
-5.288966454359864491e-05
-1.871740966329678638e-02
2.586889268176158999e-05
-1.397563006898010424e-05
5.496723806128161582e-05
-2.840747984097948523e-05
-5.807680352221168858e-03
1.947427643281146614e-05
3.221184056137448568e-05
4.581488767447357768e-05
-3.372085308338551042e-05
-4.763290309940004970e-03
2.337594326762010226e-05
2.623639000057434022e-05
6.493182123098434452e-05
-4.266775300577419286e-05
-1.505682295205545930e-03
3.617780929048507958e-05
3.279097553764483565e-05
-7.628661719500724097e-05
3.388318719296754835e-05
-2.557885095649475079e-03
-3.609433639678788426e-05
-3.666648411997825449e-05
-1.083848765240835905e-02
-9.854450730317483413e-05
-3.314732372970685941e-05
3.642733435513592632e-05
8.830071582521033680e-06
-3.295227124986170250e-05
6.889359169815775785e-02
4.894269581803093253e-03
6.026485160298472241e-05
1.967499207489567840e-05
2.769254895180692233e-05
-2.061458851698478190e-06
2.131484374518611115e-05
-3.124557782917637000e-02
-3.359203423776887555e-03
-4.294067659144269484e-05
-8.000293767653142261e-06
-5.175318792995618755e-05
-8.848653666158765247e-07
-1.477441265832309851e-05
2.152211312120143674e-02
-1.593396433173534628e-05
-1.751595933303159714e-05
-1.120482017804196116e-05
1.456452968834607328e-05
1.872991717520559310e-03
-4.350569638445345025e-06
-9.443426211419738260e-06
3.110581248747277617e-05
1.335553076415347016e-05
-3.152576793924911414e+00
2.391977481445368703e+00
-5.177245489877594364e-01
2.298278087319752139e+00
2.110470972196827777e+00
1.710928326036144531e+00
8.073724524563659077e-01
2.648993284233656098e+00
-3.572674725041027454e-05
1.366765542884420398e-05
6.120829617231045945e-05
-1.140229227088454468e-04
-4.834525921325995637e-04
1.942734034880058257e-04
7.575956363691519401e-05
8.977679156507371427e-04
-1.315159378621704833e-04
-1.750853388729696377e-05
-3.239877236135588028e-04
2.957822690316596833e-05
-1.155254454276436077e-05
-3.022573241534278984e-04
2.155046750153406224e-05
4.388678829318155080e-06
-7.436288646717236286e-05
-8.159164143026849045e-06
2.854008143396550873e-05
1.130216657126527965e-05
-6.862465700953312986e-02
-1.883726086507130732e-05
6.576585603426236034e-05
8.152220585848157048e-07
-2.804938364748150179e-06
-1.865328445691679521e-02
1.008315420404198295e-05
3.491778322775815368e-06
5.934658079620950733e-06
-1.265868414441958931e-06
-5.836105530545263390e-03
9.647455724708994812e-07
1.147929939359398202e-05
6.308625045380843109e-06
-2.541102042764693410e-06
-4.830745759444842087e-03
4.206037936779301247e-06
1.447776636757225734e-05
5.941106309337709155e-06
2.778688070676116242e-05
-1.710218704909814876e-03
-4.736785020940236798e-05
1.198022432671176478e-05
-7.274909043219278501e-09
-7.594717373510502057e-05
-2.301689125725088318e-03
1.313076170336680514e-04
7.239964125229538645e-06
1.081746163341965050e-02
-4.288485911864619649e-05
2.223658614240600975e-06
8.909223276243327660e-05
-2.938435960249310280e-06
-9.645282755732354873e-05
-6.829077470476072054e-02
-4.884846402966797063e-03
2.728038232198378078e-05
2.025520263394819682e-06
-7.350928975113218966e-05
-4.830928109616496827e-06
6.118427461337597314e-05
3.081629302271222254e-02
3.331076295395569639e-03
-1.829530851555934208e-05
-1.287658103408148807e-05
1.187175043638483835e-04
2.095970912835274551e-05
-4.767208974673192408e-05
-2.102112145923838021e-02
7.537000545286315530e-06
1.438867761205467056e-06
-9.090718867736851739e-07
-9.058346382405675482e-06
1.949938555929444425e-03
1.247101052472663501e-05
2.988418562298593771e-06
-9.579638314492592443e-06
-1.020120251476414682e-05
-3.152686413224734086e+00
2.392288305964039186e+00
-5.178370915096032201e-01
2.298543126227948541e+00
2.110352055362634260e+00
1.710847842355922799e+00
8.073871369001558440e-01
2.649007263425679159e+00
-1.008573852473874483e-08
-1.422529369380864071e-04
-7.114779066753136500e-09
-3.084283755839965910e-08
-8.370367848831491292e-04
-2.057824827046988914e-08
5.516710346885511321e-09
9.659243164018302494e-04
2.384251273949420553e-09
2.363064003560452369e-10
-3.219730151518908389e-04
3.379723338631651338e-10
2.744652281516443594e-09
-2.548587713721917666e-04
1.748950503528843481e-09
-7.600222932841431234e-09
-2.323928180681521672e-04
-4.693666481267804443e-09
-1.474390917926306384e-08
2.255356211699143364e-09
-6.899249108261282237e-02
5.628059042221457192e-10
5.968398506791092160e-09
-4.882969396864808418e-10
1.345759198570168129e-09
-1.862571554377858221e-02
-7.449691437278101552e-10
-1.129604147480828462e-09
-1.465182180315620785e-10
-7.402233243939741674e-10
-5.807183916743521856e-03
-1.471554871026052132e-10
5.083877872258089178e-11
2.251820837019608080e-10
-5.519058324872414679e-10
-4.776533456408675084e-03
-2.045883276456437151e-10
-3.124885292713412411e-10
-1.369782575243875378e-09
2.537533201519991226e-10
-1.547745150455436848e-03
-3.463695877138108721e-10
1.904866835915842301e-10
4.488261929724262324e-09
-1.672196694794086556e-09
-2.514654132249719704e-03
5.850357118497185337e-10
-1.833508186359096510e-09
-1.087203483488007050e-02
-6.059572988694130665e-10
2.981364966798115932e-09
5.614541912358009257e-05
2.233113865384373156e-09
2.048180935950717950e-10
6.892018378139422308e-02
4.903421561308888947e-03
7.072274067950544802e-11
-9.989773241189564599e-10
-1.597542568829157794e-05
-6.094068118845117445e-10
1.149557508339945892e-10
-3.124431495812356879e-02
-3.348146534291624593e-03
2.325857415866457044e-10
6.928749672856462342e-10
3.111830931216974516e-05
1.476482789371988424e-11
-4.754681828828029879e-10
2.143588342696719704e-02
3.548201590714611733e-09
-1.691249632068314357e-05
-9.228693111137517173e-10
-2.807245052704016689e-10
1.863740008906006156e-03
-4.965736134687775824e-11
5.497535277822476078e-10
2.828517177430703603e-05
3.662926080128618517e-09
-3.152576794421715345e+00
2.391977482614122241e+00
-5.177245493844648827e-01
2.298278087869778386e+00
2.110470971708873211e+00
1.710928326031054825e+00
8.073724524253819146e-01
2.648993284271054627e+00
7.088007129624334930e-05
1.366957380432524266e-05
3.579896815272370864e-07
2.252841940018445030e-04
-4.834480897992262521e-04
1.672944303354955075e-06
-1.517804391358724004e-04
8.977672577104809379e-04
1.399110217076140618e-07
3.436944843995129255e-05
-3.239880124864445926e-04
3.721134916367839901e-07
2.443714996371936334e-05
-3.022577028866668420e-04
-7.763976820593469924e-07
-9.254095872194734889e-06
-7.436284032627895647e-05
2.924061417140514082e-07
-7.124455990432097038e-05
-2.196225193196161109e-05
-6.862465915043221287e-02
-3.745400614448717892e-07
-8.139413756897000986e-06
-3.433868830084333215e-06
1.013726152240507856e-05
-1.865328578036490326e-02
-2.616703676439817695e-06
-1.041315950932568170e-06
-1.290828714162027077e-05
1.467755006617183991e-06
-5.836105427256856049e-03
6.146494116544428500e-07
-5.999629600528850025e-07
-1.569174319384751694e-05
4.913037667238613165e-06
-4.830745914146397472e-03
9.730615074422850495e-08
-1.776011899072922853e-06
-1.334720972894108877e-05
-5.491324880955628551e-05
-1.710220085437427024e-03
-3.839652978990662369e-07
-8.429937421635711430e-07
-6.260509119883329336e-06
1.516849896175219013e-04
-2.301686934919109414e-03
1.256607627783589963e-07
-3.634109756066081583e-06
1.081746356233259307e-02
1.049718104115293692e-04
-3.656382845733732734e-06
8.909292788673861541e-05
-4.625118260842866969e-07
1.109150393062215511e-05
-6.829078318799067238e-02
-4.884847343147522870e-03
-6.662647695231872671e-05
-5.197119019366815487e-06
-7.350991373957296848e-05
6.625621523986913634e-07
-6.968558478077822862e-06
3.081629784370060188e-02
3.331076730084288687e-03
5.043178649130295734e-05
2.458986063078879387e-05
1.187186940076884190e-04
6.721799608143248113e-07
7.992483950600299595e-06
-2.102112527149822829e-02
-1.260081271720159976e-05
1.438881346729760167e-06
-2.133752315162672398e-06
1.532970452474311201e-05
1.949938621092580380e-03
1.609672916997502027e-06
-2.280582057100952617e-06
-9.579492610950597566e-06
-1.419277773113829220e-06
-3.152631722225684996e+00
2.392110968402213267e+00
-5.177759534831083421e-01
2.298328575663064477e+00
2.110236758762715326e+00
1.710807047470792153e+00
8.073924737172607502e-01
2.649026399898957163e+00
4.131768826434287532e-05
-3.481451751275127602e-05
2.034738895473300511e-05
4.924961868581017276e-05
-5.889241610820908097e-04
5.697397436674168057e-05
7.781951601169480738e-05
8.994875947447502230e-04
-3.206141296519343745e-05
-1.727166044901661386e-05
-3.069208388624925128e-04
4.833116555908558416e-06
-1.827153895072980395e-05
-2.366081390225875452e-04
9.162173557943270109e-06
3.285784233851861874e-05
-2.577222953995634766e-04
-2.961940057520800226e-05
-6.158442007441849953e-05
-1.030652842514949040e-04
-6.923431282056609348e-02
4.511511361539446768e-05
-8.011225789571191488e-05
-1.554833247423276893e-04
9.253365098601071964e-06
-1.870792375252460643e-02
2.480299324781907929e-05
-5.055849208983449695e-05
6.114409006428675366e-05
2.473852284123422127e-05
-5.805860661116795350e-03
-1.831041261948629367e-05
2.986903373283814904e-05
5.171640115128119005e-05
2.597998838489209560e-05
-4.763071609746685232e-03
-2.247099297634310469e-05
2.127531515228321240e-05
5.565444181618764527e-05
1.687936393557760940e-05
-1.503879579229940771e-03
-2.074566519405300987e-05
2.090539059093984462e-05
-4.620717112690500474e-05
1.060878147840254554e-05
-2.565691338905223048e-03
-8.571816342717528407e-06
-3.080621237776923660e-05
-1.085439038365114579e-02
4.972060313667347672e-05
-8.062160943056697802e-05
2.288119444841113514e-05
1.873608814423104798e-05
3.434454513848985910e-05
6.892057654909300446e-02
4.903579791368664099e-03
-5.335698881526681776e-05
5.496321250670337815e-05
3.201456479813395706e-05
-1.382995496828518059e-05
-3.653765036119329106e-05
-3.125397473875848875e-02
-3.366767787266234085e-03
5.486659316949717624e-05
-6.097152153783405413e-05
-5.054407508093411439e-05
1.565654500839630696e-05
4.578793396045729904e-05
2.151961982711001961e-02
1.287342121627078981e-05
-1.627015213968375698e-05
-7.674481767514954944e-06
1.101056303301333752e-05
1.871280893481534757e-03
-1.229222033253238083e-06
1.767028963138851899e-06
3.330654657835815827e-05
1.832168996011932774e-07
-3.152534136228982931e+00
2.391863909433642021e+00
-5.176811027674627086e-01
2.298102216881148241e+00
2.110305636806381280e+00
1.710859140496366892e+00
8.073837894043590646e-01
2.649019569990789247e+00
-1.493533043796572122e-04
1.208765519410970064e-04
7.198986283323200504e-05
-2.363009216831772055e-04
-2.638409930740752245e-04
1.122333629139210905e-04
-1.365079860520777301e-04
8.749895571798344505e-04
6.579748741201192229e-05
7.636367797504760389e-05
-3.045798270452288771e-04
-3.321415380561818203e-05
3.138133496323786847e-05
-2.538976223179580691e-04
-1.440856254727544683e-05
1.518817563190145558e-04
-1.739731041103551664e-04
-5.773438815416073624e-05
-1.001795227848753305e-04
-1.150988009641607749e-04
-6.892379046465177406e-02
3.475191047405863393e-05
-9.753281205345898201e-05
-9.619864117322831027e-05
-1.856895886495215460e-04
-1.875379945449424934e-02
5.926856721244307320e-05
-1.537702860267842479e-04
5.567054723787787020e-05
8.416358207950124437e-05
-5.824869734100503356e-03
-2.765902248551675865e-05
7.931583976652055857e-05
4.784923739307034573e-05
8.027128237891677622e-05
-4.797317400994855104e-03
-2.878812754016772701e-05
6.765553592382466156e-05
8.031991681298700713e-05
1.506656845401419458e-05
-1.601210319613483295e-03
-7.949343812124442230e-06
1.003389699307559652e-04
-1.108346247022937766e-04
1.539585188314485532e-04
-2.439401004560970854e-03
-5.135999826702777096e-05
-1.143687889977617646e-04
1.084189057897586538e-02
1.349005575183772482e-05
-9.845124966416688665e-06
-9.446625302708677729e-06
-4.670661557086328128e-05
-6.369892600167513172e-05
-6.842874672129238556e-02
-4.899075783232006293e-03
7.482830385172143522e-06
-8.362220578198642843e-06
2.418225882688633532e-05
3.353591944185034307e-05
3.941257450261275407e-05
3.092553637501728458e-02
3.355283556925105562e-03
-4.410925039370085753e-05
3.880071265605937653e-05
-1.646974986767475724e-05
-3.268675398231600629e-05
-4.743611687636165464e-05
-2.121595126949846893e-02
-2.016548777006871448e-06
3.254621177445316763e-06
-1.729209285709077380e-05
1.668642726441106576e-05
1.938678152656774477e-03
7.664816890588826748e-06
-1.866663025867708976e-05
-1.529988659316737520e-05
-1.687333256920851301e-06
-3.152574192225108707e+00
2.391930879207671445e+00
-5.177109280156051430e-01
2.298104531814184170e+00
2.110123535894778524e+00
1.710766988407714573e+00
8.073948276752662689e-01
2.649039767545739110e+00
3.994932104595656330e-05
7.541826367725565014e-05
5.182798152381120596e-06
6.093335542582064581e-05
-3.679595076613671051e-04
1.063301547090024111e-05
5.960239949665509305e-05
8.924118176085419230e-04
-1.037732525474796574e-05
-1.889696764515510097e-05
-2.897877648251222433e-04
8.800408779501517440e-06
-1.891523431096875065e-05
-2.022938136985999642e-04
1.303083508589313349e-05
6.576059898604217008e-06
-3.077941980607458244e-04
-8.338870889958666457e-06
-6.827105366650408581e-05
-8.922287957674755786e-05
-6.919910543486040844e-02
4.600411127890768068e-05
-1.414988425969786732e-04
-1.115896356375512661e-04
2.693171517859023522e-05
-1.873305572948846809e-02
2.530480825892072360e-05
-3.602959765197206413e-05
4.543659814368600626e-05
6.121283213752489816e-06
-5.789946064902368010e-03
-4.967874881195992570e-06
4.399869072429493438e-05
3.367785431634320311e-05
9.106665683514539178e-06
-4.740390672244921763e-03
-1.105673343979531758e-05
2.697576021795077344e-05
2.797389931647210610e-05
3.170926201530942343e-07
-1.449157309964255397e-03
1.083575007323612073e-06
2.206018189357488422e-05
-2.456197580976562998e-05
1.802240137444488174e-05
-2.630950781708491296e-03
-4.403019756358093629e-05
-4.884874436149643569e-05
-1.091881142589479908e-02
1.104332032439865868e-04
-3.598784873438232819e-05
-9.024675222282785292e-05
6.108973056307136652e-06
7.323855851891492019e-05
6.881955314829228676e-02
4.948657750866385964e-03
-9.190943884297968648e-05
2.873269064712570715e-05
1.052372586992453979e-04
-6.550918928476711289e-06
-5.939749002366925259e-05
-3.120313749159418781e-02
-3.414917637668905478e-03
9.432867376465994499e-05
-5.027181140497836352e-05
-1.213252133288565682e-04
1.469735904742920375e-05
7.337919711811714753e-05
2.152881573721199260e-02
-2.317824379202216081e-06
-5.851617919365572967e-06
-5.838485307286579457e-06
3.619952809042189319e-06
1.867421126333388163e-03
-1.801223533753890170e-06
3.022564350413039667e-06
3.473057203499042205e-05
8.786091510604073776e-06
-3.152530808201361889e+00
2.391779429022389269e+00
-5.176642562358094724e-01
2.298011898381415286e+00
2.110226527452730316e+00
1.710816684860910319e+00
8.073847007146583987e-01
2.649031374732556898e+00
-3.586717542667976834e-05
9.378511163132980126e-05
5.964838167608511464e-05
3.455128263588880234e-05
-2.810892561393526666e-04
1.154486624018528343e-04
-2.055892609340204569e-04
7.905893927498618915e-04
1.880541299690025595e-05
8.233563928952423506e-05
-2.998833140657885415e-04
-3.462035468101948938e-05
5.516596115081731302e-05
-2.525624928470653627e-04
-2.278735349277118791e-05
4.142166390226043288e-05
-1.941327318753235194e-04
-5.909237446813339113e-05
-1.712103165247629791e-04
-3.097703717117104676e-06
-6.906268475012086738e-02
2.799577769405667358e-06
-8.093130084189242845e-05
-1.029485384040913342e-04
-7.180369926086137603e-05
-1.877941981177713368e-02
7.742589340102974888e-05
-2.130986992157641983e-05
5.784790184547815555e-05
2.850269798582790744e-05
-5.815244090446721956e-03
-3.237526800411469699e-05
3.140797359963543424e-05
4.766147080491290808e-05
1.900311173588078225e-05
-4.771290152937166483e-03
-2.572587683949980364e-05
2.218703776804985988e-05
8.351852984630616186e-05
-5.841406919147493736e-05
-1.541049073207941076e-03
-8.431660228647585729e-06
4.522778153656772043e-05
-1.318970192751734317e-04
1.846587467585034288e-04
-2.496152620033350363e-03
-3.744310569202758592e-05
-9.050058880798554086e-05
1.083721249861825664e-02
9.581940983783990631e-05
5.476230079559294382e-05
-2.955840924946662174e-06
-6.519052158540910441e-06
4.242447370468430991e-05
-6.836210263599019898e-02
-4.901249543084990924e-03
-4.695519219146087990e-05
-4.164343361232422268e-05
4.616209024885416234e-05
-2.328245292185606493e-06
-3.460061327724634275e-06
3.092229381797021587e-02
3.367405280017192557e-03
4.842080980973356708e-06
5.527704480160917900e-05
-6.939983809355933231e-05
7.108302472443254729e-06
-2.408565360778358892e-05
-2.127040011193794683e-02
-1.441455784910504554e-05
2.385540879849298785e-06
-6.748323403152589302e-06
1.251094529954025121e-05
1.919483612717549264e-03
-5.647099138970980707e-06
-5.732987910834591279e-06
-2.853836767781605332e-05
1.351403212762595130e-05
-3.152583056534236317e+00
2.391962958229814529e+00
-5.177261284730070301e-01
2.298173226591465834e+00
2.110191739502838892e+00
1.710787844388934165e+00
8.073920202045985484e-01
2.649031858331654998e+00
1.810927964540442027e-05
3.590225199458864412e-05
4.145323592021139705e-05
6.515734108391104708e-05
-4.419529048631417852e-04
6.710572968073106855e-05
-3.987412958617541324e-05
8.734927068230282938e-04
2.505215617105367222e-05
-7.615469174786973613e-07
-3.057114597458056218e-04
4.380062765504719966e-06
1.682148210577452565e-06
-2.264922235391196006e-04
1.298416588081484149e-05
-3.448347485680532728e-05
-2.869796667805021005e-04
-9.556139083958483293e-06
-2.524721875620119333e-05
-3.682034260264928360e-05
-6.915566105094755889e-02
3.787136170186456265e-05
-1.491961372309532036e-04
3.413846427177829354e-05
5.354439522799621907e-05
-1.876224743230913219e-02
5.777458072586752626e-05
6.676281108909838669e-05
-1.091116491486833267e-05
-1.346833294264168478e-05
-5.800873273441923411e-03
-1.967564631230778085e-06
1.287722570182523634e-05
-1.650387368392209871e-05
-8.889826464693125646e-06
-4.747625731972453245e-03
-8.184602423900533621e-06
-4.019747648821836970e-06
-2.292884289158138945e-05
-2.735685646737927036e-05
-1.464022326876903736e-03
7.785208312431995373e-06
-1.958821556088944011e-05
-4.413498798101970328e-06
5.930281025998639360e-05
-2.603952928298855843e-03
-6.242693565347294158e-05
-2.060629722216041941e-05
-1.097282333727917988e-02
7.282947458297264190e-05
5.012328145806389454e-05
-1.319955226311009255e-04
-3.094607795796745862e-05
8.639913511081879767e-05
6.884453424613164174e-02
4.971745884230947647e-03
-6.667728254834934015e-05
-3.231981017903936236e-05
1.103256960700762374e-04
1.715656176433445518e-05
-7.119440831783342553e-05
-3.117423354401475249e-02
-3.424451117766017221e-03
7.634474668394233712e-05
9.882605056740886764e-06
-9.508328028545905142e-05
-3.875223945233748600e-06
9.560270175072015260e-05
2.145808275025166620e-02
-1.723502523669136503e-05
-4.351973405787805852e-06
-3.297655460098008063e-06
-1.277221187765001316e-05
1.868484313612160013e-03
4.577773918884246566e-06
6.403152020134083590e-06
2.906890674832887067e-05
2.036081976481752577e-05
-3.152526736243609573e+00
2.391754030457512670e+00
-5.176560347830585496e-01
2.297934390785221659e+00
2.110097039596482205e+00
1.710756844455990855e+00
8.073896957267999719e-01
2.649044607845106647e+00
-2.431487941989783619e-05
8.620438019778134224e-05
6.485527537019320225e-06
5.853872271030914707e-05
-2.926632787877453575e-04
-1.089922660838923084e-05
-2.097027570329255020e-04
7.771155042618908045e-04
4.347162773365640092e-05
6.942654516819244553e-05
-2.916029037898035399e-04
-2.435340245513704206e-05
5.670016517719099226e-05
-2.252686881428861377e-04
-2.291580401821177688e-05
-1.352930908090030381e-05
-2.706666460196169516e-04
8.765104037670719099e-07
-1.886610553023166693e-04
4.074286552403365335e-05
-6.894015751534939007e-02
-2.551495941855450381e-05
-8.563007194818683405e-05
-1.858382535857110423e-04
-4.272024558080845342e-06
-1.873684210024261290e-02
1.873719016832505721e-05
-8.584060802150494810e-05
9.310335297412795984e-05
1.304548798970778690e-06
-5.772529629391039488e-03
-3.021167831328220040e-07
4.937483521501427489e-05
8.271030695650887551e-05
-4.159563859806433210e-06
-4.717770081824686386e-03
1.991798884678690982e-06
4.361640020749734059e-05
1.171997943230252835e-04
-6.542701696895104717e-05
-1.451572573408911430e-03
2.050985154050023892e-05
6.353302293951307159e-05
-1.365228227202764863e-04
1.575985922095930010e-04
-2.579364274007728622e-03
-5.082471157706802071e-05
-6.804578179287986729e-05
1.085561037943512559e-02
7.865662839244861801e-05
1.127616092739981831e-04
-9.570447430970463465e-05
-4.646720907371114406e-05
6.857762402334060051e-06
-6.812739563568753764e-02
-4.923784280687582178e-03
-3.736569793331978584e-05
-8.200144022062135244e-05
1.107691177345895839e-04
2.409189656198941433e-05
9.714015523949823955e-06
3.084171335703388139e-02
3.401448152425504568e-03
3.071057302171361150e-06
8.690881386032398449e-05
-1.363475360974617662e-04
-1.098698824304786650e-05
-3.173013436117723667e-05
-2.126848132764113178e-02
1.292242292782097481e-07
-5.220975260512153503e-06
-1.095672331594946172e-05
-1.140573631968247567e-05
1.889314003690296343e-03
6.143804773472572175e-06
-8.105007632132370981e-06
-3.929645592409371018e-05
3.560743109716705125e-06
-3.152593768497991444e+00
2.392027569301373724e+00
-5.177452181914160567e-01
2.298243462931849557e+00
2.110226306661906026e+00
1.710797508104970888e+00
8.073891647884835487e-01
2.649025262584563389e+00
2.376434784515935852e-05
-7.895833202771539248e-06
-6.995665244458596681e-07
1.315958845244652041e-05
-5.362630958225950151e-04
-7.822072945193011325e-06
7.311769322252015680e-05
8.772672839240775421e-04
-3.133880292814457597e-06
-1.797892470079866245e-05
-3.176645830924468847e-04
2.051852239019643398e-06
-6.270149688736170886e-06
-2.374584302851041396e-04
2.364329557793618127e-06
-1.477161462448833975e-05
-2.959601131476348760e-04
1.635950738176352335e-05
-9.513051820917708609e-05
-1.020669895772141665e-05
-6.901908395541250796e-02
-1.602483012887591200e-05
-4.971683593534459607e-05
-1.614442614074393769e-04
-4.015938249355387180e-06
-1.876537117580559522e-02
2.378357720238034629e-05
1.728424506665925955e-05
6.253423963565937359e-05
-5.126065376180046710e-06
-5.796657055220586115e-03
1.350446283920995620e-05
-2.924342411776498717e-07
4.888044717964580392e-05
-9.374290151929462521e-06
-4.744873049181717872e-03
1.717509900762320999e-05
-1.259529903103030505e-05
6.966638656442827437e-05
-4.619465477509348449e-06
-1.465736316002782570e-03
2.128411631397175458e-05
-2.507590591623858354e-05
-8.963024295164469029e-05
-9.056824262637659499e-06
-2.601885545015682286e-03
-1.400135062603116292e-05
-2.556250354023687803e-06
-1.102368963239620109e-02
1.006642594121760770e-05
-5.510276886149613257e-05
-2.024084424898202339e-04
-4.289623015529499999e-05
1.092932646389756761e-04
6.876206097051301702e-02
5.002289675022085144e-03
-3.752499375548213473e-05
4.031638641986326878e-05
1.207961766355823002e-04
1.993153311220370076e-05
-6.948948658673157180e-05
-3.111368473099693915e-02
-3.447463649356019913e-03
5.154702393586401907e-05
-5.248197210506137930e-05
-7.101585867832528598e-05
7.094619207659952717e-07
7.633871462678226976e-05
2.137525034314689126e-02
1.979574632989157404e-06
5.746685822565237786e-06
-1.469547779419755167e-05
1.335060287160436950e-05
1.878069142403248487e-03
3.962075251851310303e-06
6.023767019081686732e-06
2.900901907092522461e-05
9.049019743908643830e-06
-3.152575619407640861e+00
2.391976644091361237e+00
-5.177263630332654687e-01
2.298170348726384926e+00
2.110177326519009355e+00
1.710779699963173250e+00
8.073905672995886906e-01
2.649030607446108299e+00
3.011244923947434130e-05
2.356782742956640519e-05
-6.162512533394184054e-05
8.665462767440564300e-05
-4.662612300948612825e-04
-1.375288709778528171e-04
-4.804500451265015983e-05
8.640679131201443224e-04
1.169125538492275698e-05
1.443235499119831919e-05
-3.136904296760610481e-04
-1.210542701231934022e-06
2.410624813540214109e-05
-2.297509749144211659e-04
-1.643482404914914732e-05
-4.856026479429781243e-05
-3.122708055530335836e-04
6.664247587448664299e-05
-7.141094412562142826e-05
7.236447150384870102e-05
-6.907004895696788882e-02
-7.324274196455250209e-05
-3.390328816877653752e-05
-2.447721713646023656e-05
3.172987246923666190e-05
-1.879327073948701063e-02
-4.602578030885097504e-05
-3.693818527963785509e-06
3.064224086520950067e-05
-2.350147578432435055e-05
-5.789893009466967090e-03
3.690766593690673772e-05
1.138472863975238363e-05
2.618730101290625648e-05
-2.996107547144166396e-05
-4.734885282814680837e-03
4.043136524937949463e-05
1.243234604560293797e-05
2.643747107694175520e-05
-3.829863079373090702e-05
-1.447444730989410049e-03
4.283910666219786708e-05
5.688673945299527884e-06
-2.442242551691509031e-05
2.079518366506676388e-05
-2.620091134135429066e-03
-1.276873284715147540e-05
1.944534633507622283e-05
1.102357766363079583e-02
2.822495106169335428e-05
4.301575922079065419e-05
-2.384586596367865852e-04
-4.095256074075886293e-05
-1.703241300203496480e-05
-6.875236826164324300e-02
-5.006387520903788149e-03
-1.668867267634634708e-05
-2.833215317432992203e-05
1.468031792472464236e-04
1.952947810611026670e-05
1.032838921009748725e-05
3.110896944133714759e-02
3.455743547643639040e-03
1.111505977750663898e-05
2.299494207459737232e-05
-9.936161204057887553e-05
-6.402943357221979994e-07
-1.335413945873416026e-05
-2.138775823794535763e-02
-4.203038115336479305e-06
-1.163099949998759900e-05
1.909688948051391016e-06
-5.419619874438152832e-06
1.877454950887112294e-03
4.812055914334191779e-06
3.191966198941997715e-06
-3.406844737407781936e-05
2.163429768765672782e-06
-3.152626176166176020e+00
2.392150970827850998e+00
-5.177865361603365413e-01
2.298389660888813246e+00
2.110307035328269354e+00
1.710827970987162550e+00
8.073851668515055202e-01
2.649010818999984807e+00
3.653046234380419657e-05
-8.162090999277809254e-05
-2.381261697025123677e-05
7.455256173188819138e-05
-7.102615984314107709e-04
-6.302742133887785474e-05
1.202391283633511563e-06
9.131402866450549164e-04
2.252970158364098283e-05
-1.222562343202324743e-05
-3.333450033565523146e-04
-5.611511027320354484e-06
-2.295201304272228055e-06
-2.500629096735245555e-04
-1.359888316288427958e-05
-4.015883700554551827e-05
-2.959769742359370814e-04
4.641231787775790458e-05
-7.025726925736710963e-05
1.650774074046329433e-05
-6.888681088483111781e-02
-6.828024427291080802e-05
3.145144795663816733e-05
-7.809276319019469999e-05
2.068641599427294879e-05
-1.873990227707908116e-02
-2.835577282453559010e-05
4.065019271234381645e-05
4.273755205327987427e-05
-1.989103643969695941e-05
-5.795296714803614864e-03
2.570259166852615997e-05
-2.196090782019465503e-05
3.436451883440733363e-05
-2.015497898460411760e-05
-4.752862701541678975e-03
3.103940671997874656e-05
-2.218306555405749706e-05
4.873796065940982718e-05
-2.308925732223450969e-05
-1.486584072833355879e-03
3.066900475120314112e-05
-2.578817368986530050e-05
-6.316107431881683469e-05
1.612944475227004747e-05
-2.588721401386265362e-03
1.067298433442012776e-07
1.449281992704726056e-05
-1.109600952527601929e-02
-3.439215501676098907e-05
-2.209952991483882245e-05
-2.714762435808738827e-04
-6.018243296032518537e-05
2.521921473682184724e-05
6.888935977082737139e-02
5.040642782810283301e-03
7.929028408799779042e-06
1.313256489723120134e-05
1.206331777832310437e-04
3.287863457065852451e-05
-1.036262986220536802e-05
-3.114883707464558699e-02
-3.469017511935132327e-03
1.777965604365461597e-06
-1.517664093059412216e-05
-1.690880674535578942e-05
-1.726070508915284276e-05
1.095393649043623920e-05
2.133246787112996062e-02
-4.167163686175957837e-06
1.364859391937681588e-05
-1.185923385785468101e-05
6.301141086277270171e-06
1.869681098363853728e-03
8.583742071148740165e-06
1.513461470951333395e-06
2.515886468305926320e-05
7.029435205450877016e-07
-3.152626176145340242e+00
2.392150970934646903e+00
-5.177865362214348899e-01
2.298389660766288589e+00
2.110307034917461522e+00
1.710827970850557378e+00
8.073851668620056765e-01
2.649010819055858779e+00
-2.337705211840856415e-06
-8.162060505558605891e-05
-4.354065444678520956e-05
-1.724813797642185437e-05
-7.102609577186282455e-04
-9.607257276535695074e-05
2.010393331555510363e-05
9.131402256521820547e-04
1.022236350703818893e-05
-1.097320044817567989e-05
-3.333449512260850539e-04
7.781911540982248119e-06
-1.293010661336640638e-05
-2.500628408486417508e-04
-4.812015116402793002e-06
2.013042193059880246e-05
-2.959770356795096962e-04
5.798516101365861131e-05
6.233745667121043258e-05
-5.087936007477613298e-05
-6.888681167960075680e-02
-4.843627688346307885e-05
4.511614518735632519e-05
7.424455369857962397e-05
-1.421450216171566208e-05
-1.873990262814438645e-02
-3.209218657009235302e-05
4.730449600197837408e-05
-4.038620612008023505e-05
1.231414077600753783e-05
-5.795296678189279169e-03
3.007725523842589457e-05
-2.603077081898189552e-05
-3.639229142320329089e-05
1.680397218745672310e-05
-4.752862660097992818e-03
3.297437435709526984e-05
-1.866845115056841936e-05
-4.670520439111709639e-05
1.501627852749787098e-05
-1.486584102311390041e-03
3.533013583835861650e-05
-2.931398348455625401e-05
4.414186187250662794e-05
8.156463371165017232e-06
-2.588721211170016794e-03
-1.391450184356950212e-05
4.745338251725220868e-05
1.109600945983051090e-02
3.903517632489520404e-05
-6.317056295945146899e-05
-2.714762082387904563e-04
-1.095259093471945147e-05
1.717345448024455538e-05
-6.888936035082557363e-02
-5.040642735779866414e-03
-1.293769958725198141e-05
3.503935275015953465e-05
1.206332103085953900e-04
5.066169367908934362e-06
-1.684640545353743770e-06
3.114883731232410968e-02
3.469017479796291693e-03
8.596329942819929326e-06
-2.253564849747078083e-05
-1.690892367682203523e-05
4.513069820649186632e-06
-7.017344202872209061e-06
-2.133246815573755853e-02
1.483396612146986528e-06
-1.364859882853108929e-05
7.239535671252244936e-06
1.058442397836179338e-05
1.869681203825048410e-03
-1.165049495922781768e-06
9.513502933604134392e-06
-2.515887146347674502e-05
-3.958556703530040875e-06
-3.152626176375104894e+00
2.392150971348591337e+00
-5.177865364141848170e-01
2.298389661551105245e+00
2.110307035662636110e+00
1.710827971137472536e+00
8.073851668121605485e-01
2.649010818950572776e+00
-3.889630717036308082e-05
-8.162133927814988268e-05
-1.974765457111105820e-05
-9.188631400725976329e-05
-7.102624096199058358e-04
-3.310396189303298252e-05
1.891454699287460823e-05
9.131400881108100998e-04
-1.229818511862158651e-05
1.253384486531923547e-06
-3.333450408959551074e-04
1.339404580350052641e-05
-1.062695921176596810e-05
-2.500630551650643782e-04
8.791881294984218997e-06
6.026688923709221351e-05
-2.959766464868424530e-04
1.155925940914254384e-05
7.874926395913701971e-06
-6.738629832880494602e-05
-6.888681023277790083e-02
1.984430610740952955e-05
-7.654772116510235062e-05
3.838985844325789947e-06
-3.489977639765572614e-05
-1.873990217996988894e-02
-3.736917058117513542e-06
-8.795092945097874324e-05
-2.349258514477474766e-06
3.220445787166291245e-05
-5.795296674879900356e-03
4.374643374511410978e-06
4.799126402242612964e-05
2.029446719993851882e-06
3.695829231529992339e-05
-4.752862732599298125e-03
1.934797825483706356e-06
4.085129601897431940e-05
-2.037569267184533104e-06
3.810468368149124183e-05
-1.486584414897289480e-03
4.661049626511770694e-06
5.510499462952963699e-05
1.903523269083436735e-05
-7.972312366837773246e-06
-2.588720773282889194e-03
-1.402154447808804326e-05
-6.195389699090846504e-05
-1.109601000041196897e-02
-4.644932402132274148e-06
-4.106941401093753500e-05
-2.714757782464743974e-04
4.923095626199153565e-05
-4.239344057081328304e-05
6.888935858474661000e-02
5.040643215392603092e-03
5.010150578705057506e-06
2.190787052798980061e-05
1.206328512220484345e-04
-2.781181861651213055e-05
1.204742832555346678e-05
-3.114883634314737776e-02
-3.469017967696456407e-03
-1.037563478959830184e-05
-7.360371505354918820e-06
-1.690845443765541523e-05
2.177294674131315780e-05
-3.936600822785740316e-06
2.133246703640355457e-02
2.695095054136362872e-06
1.364869936087051406e-05
4.618430003385894024e-06
4.283131566255922603e-06
1.869681151396787892e-03
-9.748936627180823685e-06
-1.102652552035043409e-05
2.515886786503559276e-05
3.265627691868910421e-06
-3.152575619345931113e+00
2.391976643790223900e+00
-5.177263629096126030e-01
2.298170348518567163e+00
2.110177326625217287e+00
1.710779699976307189e+00
8.073905673004307948e-01
2.649030607440714835e+00
-6.841625087918024040e-05
2.356786960964395118e-05
4.752373665152820087e-06
-1.624043701738719144e-04
-4.662610807549574495e-04
-6.226895198590580373e-06
3.414405495607047340e-05
8.640679138534183325e-04
3.575486437065717284e-05
-8.265028306956299816e-06
-3.136904407136584250e-04
-1.189416526660596777e-05
-2.628865367078198870e-05
-2.297509991970575060e-04
-1.266399938575876364e-05
8.200097044521239013e-05
-3.122708214523475670e-04
8.746404079363530337e-06
6.505090352319439512e-05
-9.961242075286143348e-05
-6.907004722696773180e-02
-2.604869017915321407e-05
-4.486805337781927280e-05
1.543585413957793107e-05
-5.572480679036266387e-05
-1.879327016327334357e-02
-4.466255217284437461e-06
-1.934650679474754644e-05
-2.518059095774909483e-05
4.371386978449712501e-05
-5.789892918036322784e-03
1.899326526391287769e-06
2.084398518128531306e-05
-2.386042284104131363e-05
4.999523582199609777e-05
-4.734885196890857226e-03
5.731736043152660845e-06
1.646223101728461988e-05
-1.814796141709306335e-05
5.624934428209830983e-05
-1.447444635546961183e-03
1.174852319553963856e-05
2.005429115186731280e-05
-4.622105393779801135e-06
-2.145610880241604037e-05
-2.620091248420613680e-03
-1.162506615561766408e-05
-3.088215392366435542e-05
1.102357599274899833e-02
6.374025515198966131e-07
-5.697484465718870208e-05
-2.384587048573257040e-04
-1.677778468463762907e-05
3.295992742434629809e-05
-6.875236831570658014e-02
-5.006386533018217060e-03
-5.997790981516739001e-07
3.107919031388451628e-05
1.468032151559130888e-04
1.477113294896654294e-05
-1.961726675263106398e-05
3.110896954178551249e-02
3.455742585357417847e-03
6.007055923709268900e-06
-1.205201235627769584e-05
-9.936167921985490648e-05
-1.959319919800955510e-05
1.630313538108730468e-05
-2.138775840660231409e-02
3.977753621978406546e-06
-1.163081014303988820e-05
-3.719461979256914371e-06
6.877394799495228700e-06
1.877454950969962687e-03
2.287677750067507784e-06
5.837783961412082358e-08
-3.406845299769211874e-05
2.566372508866555696e-06
-3.152544624055930722e+00
2.391827796912786575e+00
-5.176798018386348232e-01
2.298003198534148250e+00
2.110098913495296102e+00
1.710752830635362765e+00
8.073909011310246298e-01
2.649042515498991612e+00
-2.007080756034554251e-05
5.599849481383045464e-05
8.247108104590217086e-05
-1.382419206877368717e-04
-3.663710850248095598e-04
2.431219748383045944e-04
1.738732747240898926e-04
8.004402814812722373e-04
-1.385963004982528534e-04
-5.264424588357548306e-05
-2.966071346968836937e-04
2.829304708808431167e-05
-5.675915973158305260e-05
-2.207273270745986496e-04
3.449296525475847511e-05
8.681969870637628174e-05
-3.009334742760043477e-04
-7.334550356675589031e-05
-1.805883480819139592e-04
-1.036210421954133175e-04
-6.875458160454407663e-02
5.486946392238183968e-05
-1.359426917142868762e-04
-2.413651787951295305e-04
-8.100293784244180285e-05
-1.868749412718663863e-02
6.865937846795664855e-05
-1.248063416824523892e-04
1.212595580021594922e-04
4.027274043829922559e-05
-5.752131035511028750e-03
-3.577371528542496370e-05
4.431274443018919638e-05
1.132609374115017581e-04
4.692524815678624634e-05
-4.697931981950239679e-03
-3.491686492252177635e-05
3.505617638795142964e-05
1.477119335027668088e-04
8.123721579083148763e-05
-1.427884920534065998e-03
-7.519816475223837571e-05
5.031087707302740308e-05
-1.339147277196692525e-04
-9.264922887679814291e-05
-2.600110775113220231e-03
1.105988416987016229e-04
-5.925410569502476631e-05
-1.089225698748427437e-02
-1.727008339812412946e-05
-1.747203151677878714e-04
-1.643609163068660006e-04
6.595037508582801515e-05
6.568691783708424312e-05
6.812373495620177577e-02
4.935970815986154107e-03
7.864422409999995145e-06
1.150586440017256130e-04
1.355049530251829087e-04
-4.536305492416686444e-05
-5.659133647554820314e-05
-3.084236754189479887e-02
-3.402269828268327488e-03
-2.183152693172182249e-05
-9.860164852515190207e-05
-1.365183210321786744e-04
4.469112624187640504e-05
4.895194013107507982e-05
2.126164851739359776e-02
6.365906556220741835e-06
-3.404638417934833313e-06
-1.607948271179816552e-05
3.167756477770740484e-05
1.875908764084227446e-03
-8.264742929551226192e-06
-8.168309088553573445e-06
3.764531022393653525e-05
4.145712719059600673e-06
-3.152545943040339083e+00
2.391853522704405766e+00
-5.176859030035244613e-01
2.298015284262957092e+00
2.110079940791806052e+00
1.710743030240548856e+00
8.073942564110291320e-01
2.649045583244257873e+00
1.182882311412072245e-05
8.165704199219266275e-05
-8.488287500847446808e-05
1.177777966984662125e-07
-3.225283991625071782e-04
-2.618477117906567453e-04
4.195246194712911616e-05
8.272851844787828136e-04
1.656862015515424497e-04
-2.087485324480472962e-05
-2.954640037230969740e-04
-2.872866449886652876e-05
-2.403973895835569250e-05
-2.149098887940745781e-04
-3.509437441844859707e-05
1.600302524304580173e-05
-3.104340970154183797e-04
8.880213171922178724e-05
7.103122103186484005e-05
-2.077048714536517695e-05
-6.901919512175466731e-02
-7.577000806220114942e-05
-1.662695607165364919e-04
7.200573218229165630e-05
2.768345680576046709e-06
-1.875475912615957863e-02
-1.011706928732145679e-04
-9.436178625358025490e-05
-4.646878523292590559e-05
5.557227231995318896e-06
-5.772369947841786246e-03
4.342339970751872541e-05
4.083565997817996027e-05
-4.607348318281069484e-05
1.034605654136375633e-05
-4.712895716649744687e-03
4.458693043250831149e-05
2.997642955950491551e-05
-5.422994669334654371e-05
2.713850966291467867e-05
-1.427903173175461065e-03
7.886899853416295210e-05
3.434504897300639289e-05
3.097749381379767187e-05
-4.825482020851445866e-05
-2.615290981691219350e-03
-8.824259404638501295e-05
-5.153870518170139674e-05
1.091704321421755122e-02
3.095669250561232247e-05
-5.526816975571444959e-05
-1.434622296151016885e-04
-6.599393266428247792e-05
1.148335104621596870e-04
-6.843670161153751763e-02
-4.953763377256098673e-03
-3.533763604492105447e-05
3.264637116291436688e-05
1.356582369695276402e-04
5.668529114348118056e-05
-9.249158845875166297e-05
3.098860135940733132e-02
3.424010548725826397e-03
5.003739779049505131e-05
-1.474048796024081496e-05
-1.487237381230886030e-04
-7.018563151386909100e-05
9.379639637285228657e-05
-2.137131677783406930e-02
-7.317637518193737586e-07
-6.579113039497893386e-06
2.506533674268574268e-06
8.942664561858488679e-06
1.879761759092496518e-03
8.557047647282894735e-06
4.267133745192999098e-07
-3.895814806777803845e-05
4.307323180496468087e-08
-3.152544404076335738e+00
2.391807065719723902e+00
-5.176778054528293760e-01
2.298034096981452112e+00
2.110202472671678819e+00
1.710801459347956355e+00
8.073855904112599013e-01
2.649033458061666568e+00
5.815760413753798914e-06
5.848255952739552627e-05
7.788221102000202024e-05
-6.970209703254567207e-05
-3.489023730709462073e-04
2.450280626429817300e-04
1.482666684642684827e-04
7.755595642731500077e-04
-1.655041488858662480e-04
-6.887290731292235819e-05
-3.015242563472106656e-04
4.852154536624285957e-05
-5.446036650895516731e-05
-2.497455487047442403e-04
4.628830970352762236e-05
-2.264053901298589719e-06
-2.175110459980339798e-04
-3.384053663016368734e-05
-1.337870679328632311e-04
-3.886418086776922010e-05
-6.902359117070933081e-02
2.929663265873393933e-05
-1.669693897952080944e-04
-7.734071291302458198e-05
1.605749961299974692e-05
-1.875246642249740053e-02
2.328780897887814468e-05
-4.701530624672533578e-05
5.909538846063649032e-05
-1.005798335786249021e-05
-5.801047968817186345e-03
-1.332578250727789937e-05
1.962675672190082704e-05
5.443659198090378923e-05
1.708535115860102069e-06
-4.754672120120921608e-03
-1.507041092305657807e-05
8.181357500405742040e-06
9.344790746986504182e-05
5.824623181838982638e-05
-1.513415166057907602e-03
-7.802758462539714183e-05
1.787354627195683794e-05
-1.340053286748222239e-04
-1.312044929697527462e-04
-2.525912700277166498e-03
1.608828466246663646e-04
-4.719681847878438180e-05
-1.088999409741656273e-02
4.913609689959140374e-05
-8.108421249076558195e-05
-3.732127860891706894e-05
2.393893604832873258e-05
1.117215800383503143e-04
6.838576997233634935e-02
4.930334216065472563e-03
-1.297595832488237112e-05
4.929609331126382334e-05
6.186910282999710797e-05
-2.024475690126171026e-05
-7.974225754794482708e-05
-3.094588187695748727e-02
-3.392458801777342541e-03
-2.471288241443571386e-05
-4.507535816823324271e-05
-7.739913642549126060e-05
3.210657406383130930e-05
6.350200094627458285e-05
2.129984945917092615e-02
-1.983225000138777173e-05
-7.094555976312809462e-06
-9.063464773006476129e-06
-1.877893228353731811e-06
1.904110245279206541e-03
1.035090091114059126e-05
-6.323213413999377044e-06
3.300376509775623671e-05
1.918348439858505471e-05
-3.152564913615777176e+00
2.391906870776546068e+00
-5.177053631942518663e-01
2.298071569301649131e+00
2.110086638988959429e+00
1.710746198517715255e+00
8.073970455429356763e-01
2.649047264841442040e+00
-1.099369932449649934e-05
5.700531209797121950e-05
-1.407813963774907050e-04
-9.099685338260035151e-05
-3.671057278205585445e-04
-3.464415816837564588e-04
1.258625024852408575e-04
8.253200407688252114e-04
1.096545559816814607e-04
-3.437894254667104449e-05
-2.930898508613248230e-04
-1.903870638423261114e-05
-3.585365540616583264e-05
-2.174766718179383599e-04
-3.159812729262277697e-05
4.803155514206392505e-05
-2.941071307132896336e-04
8.196070242702647817e-05
1.396776536914850000e-04
-1.901921684785813985e-05
-6.900787026906839150e-02
-4.375905676562181091e-05
-6.428399795499950206e-05
1.648332233165388980e-04
-7.993669756240837760e-05
-1.869540515913212589e-02
-6.498916596425936831e-05
1.749849591377828045e-04
-8.240579420219163657e-05
1.891944604613331031e-05
-5.767556480153953995e-03
3.588868482610452194e-05
-7.517323243396514820e-05
-7.537946892514773309e-05
2.183844778457445150e-05
-4.711996578300677724e-03
4.262766993984909002e-05
-7.807504873828657324e-05
-9.516834989095252265e-05
5.728723759383087626e-05
-1.443635427771748549e-03
8.417523052965431192e-05
-1.118122609142813568e-04
7.170578290550694983e-05
-9.361958691167187696e-05
-2.585040333745365366e-03
-1.003900266641779789e-04
7.889363746122534456e-05
1.080506961640667445e-02
4.685714537009224093e-05
-1.258759078348265295e-04
-4.611960785191188128e-05
7.914992474381487252e-05
2.155843391760618039e-04
-6.833919181308040214e-02
-4.903606044629874039e-03
-3.107752324110236997e-05
8.433709922489487747e-05
9.493865674150420153e-05
-3.637347675863178550e-05
-1.460522637172716838e-04
3.096792457032489926e-02
3.396763091563722008e-03
3.266715453098740281e-05
-6.210345280780143855e-05
-1.342878639919251743e-04
2.116658083881989240e-06
1.416440839903387872e-04
-2.137983843378883295e-02
-3.822163751314921684e-06
-3.487512031400801784e-06
6.569322224499846933e-06
2.400936966932628474e-05
1.874089845926692199e-03
-2.344282534461528036e-05
1.970247444201274453e-05
-3.675206463975606180e-05
2.252687903840010176e-05
-3.152539252681452631e+00
2.391833981524079888e+00
-5.176791279287553671e-01
2.298082647578144844e+00
2.110293129411492163e+00
1.710850084336192900e+00
8.073822816342588471e-01
2.649021359784923035e+00
9.251225208887004013e-05
9.068920970690263908e-05
-1.809829412719077171e-05
1.007405254518508139e-04
-3.106630937115605149e-04
5.387485164180160152e-06
1.661589450566199467e-04
8.355794972822730080e-04
-9.230273953523968544e-05
-7.423528121026780975e-05
-3.032322112246996367e-04
4.096454642294508863e-05
-4.248934600499359711e-05
-2.562092872457154670e-04
2.602944052355108970e-05
-6.795981020801946737e-05
-1.752373590315623093e-04
6.066261607250160350e-05
-1.276578839005180870e-04
2.082957269371773883e-05
-6.893605659000023866e-02
-5.587380493521343881e-05
-4.752830118112867132e-05
-1.887118295800360029e-04
8.813355463008990670e-05
-1.874442706216700519e-02
-1.127782196688057522e-04
3.718529169063683124e-05
9.550558113167434524e-05
-4.017118695290882076e-05
-5.821580642319602698e-03
3.572930862082980238e-05
-2.075070028859964723e-05
8.497416147699680272e-05
-3.672841912373763331e-05
-4.789296267085679272e-03
3.374741394216412935e-05
-2.487634009082464640e-05
1.340548806761362251e-04
1.967241446676004993e-05
-1.579871139999371957e-03
-2.274334861750122250e-05
-2.489556835368439923e-05
-1.688776435950749147e-04
-1.379637975684146396e-04
-2.464488410421543894e-03
1.447728195269548050e-04
-2.019100973591117087e-07
-1.089047013454966933e-02
7.399729460540963727e-06
-8.688999755635746559e-05
-4.458531122186748519e-06
-8.131696718781814882e-05
1.088082368175092391e-04
6.835460221192166119e-02
4.938724312040421519e-03
6.165273813748834569e-06
5.963432088039967633e-05
2.585591562150046929e-05
4.231223288476295796e-05
-5.313926825990119792e-05
-3.090137958916601424e-02
-3.403707037343805739e-03
-4.306842218416615485e-05
-6.548203062768054804e-05
-2.606624639745966365e-05
-1.233741927870039595e-05
2.054681285726746070e-05
2.121179606614364069e-02
-6.924540372474851605e-06
5.274840597321341085e-07
-1.757589652129115838e-05
1.482048773147166213e-06
1.927054406874682260e-03
2.947339172519422730e-05
-4.044148297240295759e-06
2.116255421031610948e-05
1.307680500012281663e-05
-3.152553763209626769e+00
2.391837594746907047e+00
-5.176817813529950296e-01
2.297993756124653064e+00
2.110062638625796794e+00
1.710743855974962369e+00
8.073955066465754449e-01
2.649049046314094547e+00
-5.331440106382281626e-05
9.674500050053025033e-05
-1.269289060673281554e-04
-1.291419898924285950e-04
-2.910213291255048761e-04
-3.132844770873108916e-04
2.287075410709728609e-05
8.375247111892007105e-04
9.700425279375207200e-05
-5.403363107118020396e-06
-2.808973297795608684e-04
-7.325318384945508752e-06
-6.069462791205238936e-06
-2.039359418031377880e-04
-1.874181535540560742e-05
2.175346709019775765e-05
-2.917186831621913692e-04
8.743098339376825345e-05
4.968751064885875627e-05
2.804247881560932706e-05
-6.917080932192003206e-02
-6.517885272364293617e-05
-2.391314461586791862e-05
-2.787415744821298018e-05
-5.132701795172715282e-05
-1.872007959277445510e-02
-2.564631928446455401e-05
1.156794682806658596e-04
5.808992835774591453e-06
9.313582109564403751e-06
-5.776862748997644084e-03
4.702035184451236753e-05
-6.691111147839764973e-05
2.818453073736737100e-06
1.449293145551525527e-05
-4.723282296117536395e-03
5.785863482806372061e-05
-6.628238262250651372e-05
-4.445585357078403466e-06
3.559270163958452079e-05
-1.442646971634348836e-03
9.261768746050830356e-05
-9.391863929004466639e-05
9.173750730629790114e-06
-4.161933126226213033e-05
-2.609674665774031153e-03
-8.448227965264413586e-05
7.620021018213285631e-05
1.080546590183781644e-02
6.635459480836344718e-05
-1.769120304749159829e-05
-1.334918515980693110e-05
5.544889283024640944e-05
1.608176267618379070e-04
-6.852161750392427031e-02
-4.899578920162660396e-03
-3.985854584081105088e-05
9.930884666828625369e-06
8.928461270693403840e-05
-2.807262152570283702e-05
-1.156030139629769717e-04
3.107858717606931664e-02
3.392154000857483878e-03
3.076007363896757414e-05
6.392911481087928645e-06
-1.499218147148831393e-04
6.700997365637818728e-06
1.099690905033258253e-04
-2.147961393021772733e-02
1.334359961767069870e-06
4.782184829736418549e-06
-3.175398301638804929e-06
2.386997650333879978e-06
1.874035579744265639e-03
-2.327323131726583049e-05
1.869299783673606633e-05
-3.829020626448745182e-05
7.689866282324154569e-06
-3.152581982087133028e+00
2.392023432307489816e+00
-5.177378380249705314e-01
2.298301388685332292e+00
2.110423103110821152e+00
1.710902225679180377e+00
8.073783487778418699e-01
2.649001592460114463e+00
-2.413936025943240737e-05
2.207583376008710220e-05
6.516837418728185088e-05
-1.126850020147025962e-04
-4.735879976565998337e-04
2.327973676550583351e-04
1.145860875756226336e-04
9.105309810529076380e-04
-1.920152421161740034e-04
-4.115979958569504206e-05
-3.216053120589069080e-04
4.977631828011175839e-05
-2.733962636572157527e-05
-2.853375002346149976e-04
3.019825417864090473e-05
-1.661877533525642908e-05
-1.224662025036177184e-04
2.670466684699765881e-05
-7.545369082230946999e-05
3.324955260969927190e-05
-6.870442308235184814e-02
-7.248566551891543006e-05
-7.956899512419292244e-05
-3.826419842014970048e-05
1.416645584961550417e-06
-1.866971311254208427e-02
-3.855090497255196256e-05
3.394156668789169315e-05
2.676351592262447124e-05
-1.680973793331529153e-05
-5.829688347791756736e-03
2.280934679133482990e-05
-4.088978636441276202e-05
2.509998509160348858e-05
-1.668885354021842356e-05
-4.815772193024979962e-03
2.777678405930327469e-05
-4.458716577757512397e-05
4.102430984679772028e-05
3.240025599413676519e-05
-1.669993134611802432e-03
-5.996200649336188475e-05
-4.493009189784984261e-05
-5.066362725840634133e-05
-1.167595961160671240e-04
-2.347333795091925950e-03
2.234383376380678519e-04
8.820404470450632313e-06
-1.086289700715583131e-02
-1.801117943995450034e-06
-1.013987724111042009e-05
4.869936088792992113e-05
-5.505896316274809868e-05
1.856416464998660184e-04
6.844828518315265731e-02
4.917462891686785222e-03
-9.354740502295812860e-06
1.420533712338567555e-05
-4.258923812941982356e-05
2.310359265459067165e-05
-1.032887995387770139e-04
-3.090586045062074932e-02
-3.368364011818920402e-03
4.919866848677133513e-06
-3.032843479525653254e-05
8.356535367417747273e-05
1.242698462388986021e-05
6.670276915669932287e-05
2.112066906395024257e-02
-1.711629773954547850e-05
1.026117071146274962e-06
-1.363474349436752473e-05
-9.381586665333646602e-06
1.942878213468259658e-03
3.088048461308206074e-05
1.289899530154729962e-07
1.109231751060208613e-05
1.726587838653719707e-05
-3.152630068871241864e+00
2.392106432525515469e+00
-5.177741376252770200e-01
2.298322158046206987e+00
2.110230738513259929e+00
1.710804063245191298e+00
8.073930979074336323e-01
2.649028108033252504e+00
-1.697481632920998956e-06
-3.163113146333366380e-05
-3.189869069849293249e-05
-1.594503562013733014e-05
-5.772270348842960079e-04
-9.229141823915862569e-05
2.201799156972962079e-05
8.923156402511990331e-04
5.695450450039200743e-05
6.372944836911520122e-07
-3.068003907366853339e-04
1.238508767417700128e-05
3.081040867843970005e-06
-2.380468187699955193e-04
6.506515555436902216e-06
2.437301058670083285e-06
-2.543462898297468660e-04
5.240368551460462820e-05
-3.202391410271538438e-06
1.775500069720488937e-05
-6.928174626191939411e-02
-5.683351021877543511e-05
1.006726794580654416e-04
1.608860108385709847e-05
-4.037762318755560599e-06
-1.871740879110932176e-02
5.873269405798093451e-05
5.582424557967910971e-05
4.132065362306899656e-07
2.661028507063863515e-06
-5.807680067160802921e-03
3.433916509772479565e-05
-6.370884768301853993e-05
-1.853425241197808758e-07
3.384225299404644696e-06
-4.763290003238551673e-03
4.089030477526649660e-05
-5.279496556082157431e-05
-4.071069451607696282e-06
9.999048637074304732e-06
-1.505681894507622520e-03
5.503562851958979855e-05
-7.262874085159099500e-05
6.398730062125998087e-06
-1.432012856764215377e-05
-2.557885450341476543e-03
-4.738222193012317876e-05
8.440134499831967389e-05
1.083848544968347809e-02
2.073655826952686544e-05
-8.928246322381931839e-06
3.642587503813882188e-05
3.311972781425262437e-05
1.018189670602264330e-04
-6.889359155949152658e-02
-4.894268346183478814e-03
-1.167393380121978838e-05
8.051151867491314774e-06
2.769320603407746106e-05
-1.806943902904432626e-05
-6.284809664615169898e-05
3.124557759567592879e-02
3.359202382339931351e-03
8.675865878606141344e-06
-4.764714625328819351e-06
-5.175339323403374547e-05
6.486497235406158112e-06
4.457398660459620590e-05
-2.152211255600027656e-02
-3.591289967734492291e-06
1.751609610045972939e-05
-2.576393251456133798e-06
3.515123872478800418e-06
1.872991673559698967e-03
-1.478890094599611955e-05
1.442551937638956419e-05
-3.110577126215897763e-05
-2.047595693591003216e-05
-3.152576794108050695e+00
2.391977481315015641e+00
-5.177245488072695911e-01
2.298278087243405210e+00
2.110470972495143371e+00
1.710928326083904993e+00
8.073724525196174229e-01
2.648993284204426590e+00
3.512125666035729229e-05
1.366787241539012265e-05
6.154484016924384742e-05
1.111665261510193182e-04
-4.834526486622607241e-04
1.958840207050380634e-04
-7.600754047870599938e-05
8.977691386444493042e-04
-1.313682501846888092e-04
1.686237894938897054e-05
-3.239879366561441119e-04
2.995189646872825585e-05
1.289293379530071843e-05
-3.022572464085376744e-04
2.078007032564313023e-05
-4.886992085663349565e-06
-7.436362998272606686e-05
-7.880982978033130313e-06
4.265393354211333631e-05
-1.065895114086849098e-05
-6.862465260893690910e-02
-1.920825508663795249e-05
-5.760419225013406529e-05
2.613048511995503967e-06
7.333570824073981989e-06
-1.865328131141448173e-02
7.467963920327835522e-06
-2.450769690765597779e-06
6.974918622863139194e-06
2.015847717343130101e-07
-5.836105645367458544e-03
1.579017149385493054e-06
-1.087942063774078005e-05
9.384714966157340168e-06
2.372002560761965726e-06
-4.830745593803931377e-03
4.303497254258096822e-06
-1.270233937364271496e-05
7.401368450054926371e-06
-2.712563382324809970e-05
-1.710217842108792408e-03
-4.775026049214739249e-05
-1.113553075086709185e-05
6.284590382930493630e-06
7.573663987486142454e-05
-2.301690861422301879e-03
1.314304916421649204e-04
-3.612677384927165084e-06
-1.081746150610637426e-02
-6.209193468245603862e-05
-1.428480827291868892e-06
8.909227539628805648e-05
-3.396766347724556462e-06
8.536469417269769498e-05
6.829077159484743531e-02
4.884846288469369031e-03
3.934843425085114233e-05
-3.171670813931746786e-06
-7.350942011993995273e-05
-4.168829486510651841e-06
-5.421744595664024062e-05
-3.081629201419350261e-02
-3.331076005847083757e-03
-3.213770802704978458e-05
1.171295970804980499e-05
1.187179884402436714e-04
2.163101115907546429e-05
3.968055805730276073e-05
2.102112076167805821e-02
5.074079432440799521e-06
-1.438844496938470302e-06
3.041255816773952453e-06
6.271135458440059516e-06
1.949938280305189018e-03
1.408034135295217152e-05
-7.073148265887355259e-07
9.579533103281968637e-06
1.163038692121161165e-05
-3.152631722808013404e+00
2.392110970039404538e+00
-5.177759539151731705e-01
2.298328576949312474e+00
2.110236758691682812e+00
1.710807047333401165e+00
8.073924737902570259e-01
2.649026399886580840e+00
3.048098905394374552e-06
-3.481434508947900148e-05
4.597765001267524682e-05
-2.468507251806112087e-05
-5.889243477400761019e-04
7.120149198819622049e-05
6.667077545849395075e-05
8.994887313112794828e-04
5.135368233800675615e-05
-1.282207910517403090e-05
-3.069213067151381350e-04
-1.254209568235666351e-05
-1.707324131450297749e-05
-2.366080481180460283e-04
-1.124786569908296826e-05
4.208639143552368690e-05
-2.577238098175140034e-04
1.365914759052939671e-05
1.001523817654932408e-04
-9.060387921120934343e-05
-6.923430822357433401e-02
-6.670326459054715974e-05
-1.325183832086561939e-05
1.215225698562058900e-04
-1.685472531545350249e-05
-1.870791958844359934e-02
2.041096911108869301e-05
-1.093702249764179390e-04
-5.643824500108637150e-05
2.822622895646741614e-05
-5.805861170287914680e-03
1.226972680547595899e-05
3.801743928867795566e-05
-4.428228168670847128e-05
3.244973779970912491e-05
-4.763071508395742837e-03
1.126344292857401336e-05
3.414972805152829993e-05
-4.593329330747345147e-05
2.640358362799102594e-05
-1.503878625331334616e-03
4.240879339048861981e-06
3.774848509183821761e-05
4.978824331541603816e-05
1.273166499966423243e-05
-2.565693192191212130e-03
4.909949266366538242e-06
-2.462209694805885657e-05
1.085439099852686211e-02
-5.460417100135932060e-05
-5.653633559423222891e-05
2.288089258395756276e-05
-6.045610748900981791e-05
2.588745036102629501e-05
-6.892057723647558587e-02
-4.903580106691680929e-03
5.832152328310907709e-05
3.945727276906407528e-05
3.201388461251432338e-05
4.068478376545689885e-05
-2.793933331207210709e-05
3.125397498336731500e-02
3.366768059291140591e-03
-6.708689855663594551e-05
-4.404228767192189709e-05
-5.054241945888840459e-05
-4.497309656044796945e-05
2.462049425593090617e-05
-2.151961949231239596e-02
-6.275232620481989518e-06
1.627008619260703228e-05
2.306850323992277281e-06
6.569655911642597115e-06
1.871281281744971567e-03
8.920497243207762601e-06
-7.528795889967971082e-06
-3.330593162527222765e-05
-1.123205289214600583e-05
-3.152581981620636853e+00
2.392023430772953763e+00
-5.177378374279263396e-01
2.298301386965236670e+00
2.110423102347157798e+00
1.710902225376816022e+00
8.073783488410930520e-01
2.649001592638132063e+00
6.849604277228078298e-05
2.207673649288663907e-05
-1.169714234777032033e-05
2.579183940141560388e-04
-4.735858857722327966e-04
-1.886504843698373618e-05
-2.235769172883691927e-04
9.105304441302199039e-04
-3.219463308795487326e-06
6.368767055057227770e-05
-3.216052308920125760e-04
1.075811991361116994e-05
3.982441827590002390e-05
-2.853374018632147250e-04
8.582684956811079854e-06
3.143121204187765893e-05
-1.224664156308543890e-04
1.026682930755268329e-06
1.066180773638893305e-04
-7.940039984564301045e-05
-6.870442904287310526e-02
7.447605182720775079e-06
-2.553686538672684473e-05
-1.026605113157819541e-05
-3.409616899717021450e-05
-1.866971485866537189e-02
1.804893505331983466e-05
-5.010429664191706463e-05
2.203059809241407618e-05
2.815906020625152999e-05
-5.829688682531107558e-03
3.152915853819889496e-06
4.362236400403619245e-05
2.606416626128671023e-05
3.240046981522671550e-05
-4.815772304769103465e-03
5.645192956829894119e-07
4.403041870618597812e-05
1.839639551905995903e-05
-6.812772133508941783e-05
-1.669992705425070055e-03
1.921115580315054216e-06
5.799621255505912329e-05
1.769945242657721115e-05
2.518819930970684164e-04
-2.347334441924738956e-03
-1.060144090635738924e-05
-4.829506266411375014e-05
-1.086289722135567667e-02
-1.598695328919959215e-04
-4.261305183688324921e-05
4.869947322379969412e-05
3.631238514398263850e-05
-9.438062119331263721e-05
6.844828704657754392e-02
4.917463268706677958e-03
9.412759691565564561e-05
1.290659979723783862e-05
-4.258890086002511954e-05
-2.385356848801992711e-05
4.354253452650100765e-05
-3.090586159409348943e-02
-3.368364577743896988e-03
-6.022543152616771807e-05
2.592526644128298387e-05
8.356455766638133664e-05
2.005105734494617268e-05
-2.909020998019534862e-05
2.112067070053342752e-02
2.351349334499689748e-05
1.026143040861639678e-06
6.705280077687602322e-06
3.143412883595519394e-05
1.942878352500399843e-03
-7.315592777868229363e-06
-1.187197605774635448e-05
1.109241563132390999e-05
6.198596752006939220e-06
-3.152553762510258650e+00
2.391837590139984204e+00
-5.176817797647746966e-01
2.297993751866430401e+00
2.110062638877846286e+00
1.710743856379728145e+00
8.073955064995075315e-01
2.649049046245822492e+00
-8.325878543821951762e-05
9.674531686029437354e-05
1.096535510504471097e-04
-2.067174904388812719e-04
-2.910199215366143788e-04
2.685358213033733768e-04
7.256907820585501616e-05
8.375232879557976181e-04
-6.831845237445295269e-05
-3.642437531082544990e-06
-2.808973647222074094e-04
8.342172990128766797e-06
-1.319854561419976553e-05
-2.039362490150985739e-04
1.462343496170018763e-05
6.484770019296544124e-05
-2.917180444388154216e-04
-6.254274228983361557e-05
-4.150521465814071241e-06
-7.046696566835488999e-05
-6.917080446241045955e-02
8.305254675159226031e-06
5.501144097498801696e-05
-8.624880392085210732e-05
3.450901041367632769e-06
-1.872007711189608778e-02
5.727858966276611410e-05
-8.197309062675601425e-05
5.504360164886741276e-05
3.606438804812111436e-05
-5.776862055820105278e-03
-3.157663634376966708e-05
3.848508379873957590e-05
5.599404804689496018e-05
4.286070553668497611e-05
-4.723281682252538499e-03
-4.148043393238870171e-05
3.558147637848344430e-05
8.355738734653746723e-05
6.241300469642432067e-05
-1.442646545851990897e-03
-7.713178420282355906e-05
4.311278308633108042e-05
-7.057288172041469932e-05
-5.235425537138956942e-05
-2.609674929721120598e-03
7.828248196566772732e-05
-3.016465069239826946e-05
1.080546494843475161e-02
-1.724499651993972697e-04
5.686604443391426490e-05
-1.334953883630474181e-05
-1.240190784534511530e-05
-2.294622187025690142e-05
-6.852161024333880412e-02
-4.899578631154310158e-03
1.200450149720500145e-04
-2.927750189418541630e-05
8.928494914591314502e-05
5.433759337766222355e-06
2.328381764526592018e-05
3.107858373381857525e-02
3.392153880005739901e-03
-1.106167725611572044e-04
2.607003858585608090e-06
-1.499222035696041316e-04
-8.884765216965711653e-06
-2.834621363857872710e-05
-2.147961123640235170e-02
5.995266724013006195e-06
4.782135148522631551e-06
-1.460144648282330621e-05
-2.134871508854515373e-05
1.874035379823411028e-03
9.569561941073198618e-06
-1.209623728552422441e-05
-3.829037749051013794e-05
-4.992645704987425319e-06
-3.152538603605128831e+00
2.391821097894350601e+00
-5.176759115884047580e-01
2.298057884249790739e+00
2.110259666917408961e+00
1.710836823114036953e+00
8.073846592062237093e-01
2.649027322769565984e+00
-1.615052815208677540e-05
9.482651861125241570e-05
-7.122056033219886567e-05
1.785607240423447680e-05
-2.882100020088662791e-04
-1.476171211208528286e-04
-9.610182286081395868e-05
8.113824973140145455e-04
-8.980666095086062555e-07
4.462625010726495225e-05
-3.002206899400666892e-04
7.243929121619346550e-06
1.708437968496553694e-05
-2.562677082704149377e-04
6.540028814786672299e-06
9.668509846800646737e-05
-1.724846777564259981e-04
-2.531402127575098746e-06
-9.232479239480262476e-06
-1.269148449808978583e-04
-6.909676436245598685e-02
4.428541252157302665e-05
-2.709685601929700399e-05
-1.128598530658496066e-04
-1.780442544247380643e-04
-1.875969560468098915e-02
3.111307719063841461e-05
-1.905275719250355024e-04
5.968942128788782566e-05
5.722770373989875218e-05
-5.824794282832856419e-03
6.444668125180324624e-07
9.600483375596518556e-05
5.087561878944467521e-05
5.182605518992166503e-05
-4.791391511940045790e-03
4.309460805692041170e-06
8.830525851294816525e-05
5.403457568697398058e-05
-3.010110321224232331e-05
-1.581347106421017055e-03
2.672659366516272545e-05
1.160854755919024596e-04
-4.817555915548975124e-05
2.007269717014371706e-04
-2.463534802342458828e-03
-4.924551746770808108e-05
-1.076762322546568219e-04
-1.087234579373460436e-02
-7.993287927736641811e-05
-1.513187563760341292e-04
4.362931895729449394e-05
1.233941058736436514e-04
-6.632892072601761016e-05
6.842770482380804153e-02
4.920344540277694217e-03
3.616124149758792681e-05
8.039052940806273851e-05
1.306248766453667332e-05
-7.140801363584420823e-05
4.439303922045836296e-05
-3.095738817347556265e-02
-3.382727944831307679e-03
5.277669910518101044e-06
-3.222259321756554176e-05
-3.533614895670673939e-05
4.789562706119017833e-05
-4.571586942918109357e-05
2.128720227823898206e-02
1.944790077035492100e-05
-6.603871525990770560e-06
3.450299921371161212e-06
5.163488189796589618e-05
1.929250045555443074e-03
-2.988254513027281385e-05
-9.442127126586894858e-06
2.714899140167237736e-05
-5.103516584184671339e-06
-3.152540880075599183e+00
2.391801601823126955e+00
-5.176748519838836327e-01
2.298002819013051479e+00
2.110161007420187307e+00
1.710792250280643190e+00
8.073882846805844338e-01
2.649036178844522027e+00
-9.263818823260371494e-05
1.045221311447122364e-04
2.370257724212875504e-05
-2.706311462004732955e-04
-2.796635058859840185e-04
1.394146341569415084e-04
1.539854447839572615e-04
8.238252315056022665e-04
-1.784404825115360762e-04
-2.789497726714530804e-05
-2.873233473071350099e-04
4.616745026474207002e-05
-2.376087738440766671e-05
-2.234633244145148084e-04
3.707623363414686859e-05
3.465452973564546956e-05
-2.395423971656696061e-04
-1.825988003501278763e-05
6.129440817609772526e-05
1.890990669125669314e-05
-6.903610081603789306e-02
3.980896760998140632e-06
1.128103060175626076e-04
-7.624590571840420602e-05
8.603253068946792119e-06
-1.872214624368837010e-02
-2.180131755948145418e-05
4.473056278870767238e-05
5.256772223575407208e-05
1.150012447876663118e-05
-5.795542299953298192e-03
-5.469763568785692201e-06
-6.147492930710718651e-06
4.984842444927991005e-05
1.603405232002643355e-05
-4.755337808118240833e-03
-1.259991987783030262e-05
4.571859592175265695e-07
7.510854485631231648e-05
8.197031586621312529e-05
-1.501836425976287763e-03
-7.849468460938241964e-05
-1.101210617988544129e-05
-8.248819067132535433e-05
-1.647790268733296680e-04
-2.567467211585702444e-03
1.663834632610394293e-04
4.393444258767569964e-05
1.085051249562224950e-02
-1.189366614287850482e-04
8.032978179138734742e-05
-2.235970445157997588e-05
3.115971454712828520e-05
-1.053320446059404425e-04
-6.854363783486926154e-02
-4.923051763970144427e-03
1.016140234274233922e-04
-2.971016715725490094e-05
6.789240586120223742e-05
-2.666149030001817690e-05
5.757501150474645920e-05
3.103971726939008802e-02
3.403770404731590662e-03
-9.904132928976062261e-05
-1.752984915248903433e-05
-1.014395960355161247e-04
3.355362619738205604e-05
-3.156429045088137526e-05
-2.138560769400564901e-02
7.928250042158781208e-06
-3.812929575375045626e-06
-5.266551138359857817e-06
-3.155396210044250096e-05
1.894034674145098421e-03
7.365022998647075990e-06
-3.934100841421496442e-06
-3.386307884475377563e-05
5.387045941046669762e-07
-3.152522084067277408e+00
2.391731369658935957e+00
-5.176492313152075697e-01
2.297924425085548172e+00
2.110143486775161392e+00
1.710791926736554114e+00
8.073867150580110730e-01
2.649037166340721949e+00
4.394788342240076181e-05
1.414353434694129354e-04
-1.593969634235617027e-05
1.842107283254168764e-04
-2.128666421212864045e-04
-7.421480148059778244e-05
-1.762629493044994846e-04
8.314034730261519752e-04
9.150605450398757376e-05
4.710032918411401518e-05
-2.797018390440352974e-04
-8.886908669309457972e-06
3.293529121680698513e-05
-2.113716686524642007e-04
-6.947823087672136943e-06
-8.329220105789640746e-07
-2.437339214991897721e-04
6.706819521510887791e-06
4.651253026002313742e-05
-3.044723285000529734e-05
-6.906739414832945012e-02
2.318415752282717993e-05
2.751160080380181134e-05
-1.810950984114922393e-05
-7.894922518828932688e-05
-1.873575846755230756e-02
3.554698227504795021e-05
-1.442308116573527308e-05
3.463840651589421889e-05
4.458490837989790472e-06
-5.797119893982947449e-03
4.654426366487613993e-06
3.153174204050522046e-05
2.875769886191923146e-05
-1.535960356317410316e-06
-4.760312390276176878e-03
3.904450341949558469e-06
3.350707963781445977e-05
3.425904785475649897e-05
-8.487682829889079848e-05
-1.500098222038117766e-03
3.510463010781880830e-05
5.676476195866712160e-05
-4.219431040430651606e-05
2.151380478585256540e-04
-2.583272930678083383e-03
-8.809258238853713162e-05
-6.912059829839379470e-05
-1.083145170195277777e-02
-8.421894791565704558e-05
-5.442470716084612213e-05
-4.054875969781296385e-05
6.092566584986480478e-05
-7.696324556826156845e-05
6.853359695529567808e-02
4.898619624628683736e-03
6.562005743993961694e-05
1.862819898785974398e-05
7.893215291529878663e-05
-2.042523750116369600e-05
6.875260804448725957e-05
-3.104493754184524737e-02
-3.372746938891767535e-03
-4.167974978566629872e-05
2.000714375130193193e-05
-1.120109875903784608e-04
-1.233593465452445363e-05
-7.462058261857809779e-05
2.140084523053029791e-02
4.837860264315918456e-06
-1.481861611445352907e-05
4.332586201936925222e-06
3.335431280897463847e-05
1.893920810479281886e-03
-1.478134444688979955e-05
-2.436282780326215762e-06
3.041977009986775366e-05
5.253511713243730558e-06
-3.152522763125030547e+00
2.391748817532180826e+00
-5.176537009373896048e-01
2.297977777809321331e+00
2.110221992236420707e+00
1.710821635687425291e+00
8.073845631033703674e-01
2.649031670078365597e+00
-3.997133880803853726e-05
1.174938384909597107e-04
-1.124770993877534939e-04
-1.039122201076503582e-04
-2.352132511169863758e-04
-1.618429432544143953e-04
4.193465316329270727e-05
7.932258059754296754e-04
-1.447559679395929986e-04
-1.941565578742195805e-05
-2.944102900130420595e-04
6.362403979835585372e-05
-1.241216280839428125e-05
-2.487559857350101909e-04
3.341489877920638969e-05
-2.429069073597871879e-05
-1.828643880962189288e-04
9.645030255773235348e-05
1.289143351711067361e-05
4.452070888381085088e-05
-6.911783655586774266e-02
-5.636022783982554737e-05
9.335419697550819806e-05
-1.631708561394558225e-04
6.468638285862582165e-05
-1.878009359625773880e-02
-1.563759790082891975e-04
6.788064858078052038e-05
7.129970841646610981e-05
-1.813911818454680847e-05
-5.820647482833824111e-03
5.287510853439234091e-05
-3.825020061270539064e-05
6.343013391755401495e-05
-9.814863604798280635e-06
-4.781708303287415980e-03
4.755690487759219135e-05
-2.871920507902394704e-05
9.010128288433860407e-05
3.095013237268925998e-05
-1.556312851368032730e-03
-1.374370225238995399e-05
-5.304715392628707644e-05
-9.043023662603965804e-05
-9.032743204679630645e-05
-2.491169632242774302e-03
1.538907328887780456e-04
8.839714696669452522e-05
1.081397964052502152e-02
-7.951838232293307121e-05
1.200002652228962876e-04
2.806718650217449040e-05
5.732619423338974765e-06
-6.855338245352875920e-05
-6.839028422983514655e-02
-4.899712026631251535e-03
6.067800945617140510e-05
-6.402705157098993933e-05
3.450056135121705447e-05
-1.336638336550207724e-05
1.747475161398010911e-05
3.094105409650311361e-02
3.378116812725691451e-03
-5.723554386792030751e-05
2.458267140845688678e-05
-6.828887301353787909e-05
3.141165011025027533e-05
2.602068577363842198e-05
-2.128945061304603550e-02
1.404036064486704604e-05
-1.526957212818054422e-06
-5.839985368310759723e-06
-3.912642569277960142e-05
1.922674780460645631e-03
1.402277497662369544e-05
5.427100522825077092e-06
-3.010511575701338763e-05
5.475652974700146239e-07
-3.152538075965682030e+00
2.391776971782705985e+00
-5.176625689814459141e-01
2.297921263048635865e+00
2.110033782899914279e+00
1.710738481405001066e+00
8.073945739359098539e-01
2.649050534864791473e+00
1.275978829297487547e-04
1.215671325642737367e-04
-4.335773570876449751e-05
3.227119565351913803e-04
-2.452171251102453452e-04
-1.223813597523958074e-04
-1.133294431077087406e-04
8.352357933441242627e-04
7.533341912626808040e-05
1.494236682603043137e-05
-2.728766512072622894e-04
-4.539420707194668444e-06
2.776712196622141095e-05
-1.921748340864082381e-04
-1.183825895318625183e-05
-9.428158347361142739e-05
-2.982179508599164469e-04
4.835731202043849655e-05
-2.680119921494544637e-05
6.421106384000934125e-05
-6.903052762849518076e-02
-5.640789965241426937e-05
1.577074442325201130e-05
-1.087830125033957171e-04
3.085578623720209549e-05
-1.867960119805104485e-02
1.891889836477437343e-06
-4.631088859108777771e-05
8.189679162113922169e-05
-4.702988812963884214e-05
-5.762212144946132417e-03
2.878268453295519815e-05
4.248268424519066985e-05
7.353328875504412904e-05
-5.367602993370238678e-05
-4.714738765781461248e-03
3.253713092586737359e-05
4.734124892933465757e-05
1.012092820780097533e-04
-1.002920973030886631e-04
-1.435300029683464484e-03
4.556044492909367408e-05
7.092256412756804663e-05
-1.048827716260448419e-04
1.287708571026337147e-04
-2.624847205300071679e-03
-3.864366814173512401e-05
-5.199236555303752644e-05
-1.077342589458640636e-02
-1.391771662352233804e-04
-4.676100916557496441e-05
-3.092678328864978399e-05
2.858567551753467577e-05
-1.534567109239004263e-04
6.837618607472391308e-02
4.868121632526336423e-03
1.021763120334054538e-04
2.367476944597102662e-05
1.008245761333296381e-04
-9.772586753946930268e-06
1.133825286870903965e-04
-3.101811024467411235e-02
-3.352916729652969177e-03
-9.150884297473837201e-05
-2.114299212476031167e-06
-1.627043180531459465e-04
-1.156060264151958405e-05
-1.149500869470872005e-04
2.144851008850386792e-02
1.313621828564737442e-05
-2.261805183192264397e-05
-1.119617146062623419e-05
2.449519893440443310e-05
1.869117640321869963e-03
-9.121598593393232847e-06
-1.257955651187792436e-05
3.645468620210458554e-05
4.016820175034520237e-07
-3.152534135269429161e+00
2.391863903873112207e+00
-5.176811005061743298e-01
2.298102211842810938e+00
2.110305637197924966e+00
1.710859140602501771e+00
8.073837895097731865e-01
2.649019570060414885e+00
1.235316366425944033e-05
1.208771152112974537e-04
-1.653356246949901423e-04
2.101768356683087098e-05
-2.638404644445722057e-04
-2.607521003730893430e-04
1.126147231369442422e-05
8.749908869557065493e-04
-1.511174377565316362e-04
-9.417756749580078211e-06
-3.045800821792012027e-04
8.273890711636847702e-05
-3.217078577951650601e-06
-2.538973667033326284e-04
3.437938387260249857e-05
-2.592825975499488415e-05
-1.739743636753680032e-04
1.604038344399026888e-04
-3.440883902619589147e-05
2.745452693971110183e-05
-6.892378500895146587e-02
-1.170612655154138642e-04
1.355218522018605039e-04
-8.507792537657957513e-05
4.152043674121680227e-05
-1.875379193078410139e-02
-1.904577768418539699e-04
1.601908915888835563e-04
4.085674113802047831e-05
-1.812876489850206386e-05
-5.824870794520554604e-03
8.671965848105011687e-05
-8.786956731355055627e-05
3.466884137229915059e-05
-1.520471109995698969e-05
-4.797317111433087311e-03
8.391116014949142297e-05
-7.526597832763719633e-05
4.673392389622424284e-05
-6.488154859461296503e-07
-1.601207232866449321e-03
1.701694557553960183e-05
-1.197288696196244825e-04
-4.361906310166940122e-05
-3.250139772984135691e-05
-2.439406470936613357e-03
1.590242255655237931e-04
1.531718293264014582e-04
1.084188580262160015e-02
-6.191265113252345485e-05
4.537275687283772466e-05
-9.445709629268828067e-06
1.482115421336130476e-05
2.016972856254102900e-05
-6.842873271173705030e-02
-4.899073213307973164e-03
3.039167586634379482e-05
-2.486390596524438215e-05
2.418177931352849530e-05
-2.400712586289585940e-05
-2.618784860229303457e-05
3.092552994246196285e-02
3.355281281844714990e-03
-1.902603900468929346e-05
8.908832580164484656e-06
-1.646944952105044990e-05
4.994482345681726854e-05
6.191779334104345004e-05
-2.121594680172097375e-02
2.477741376594728268e-06
3.254792199484667938e-06
-7.520959606223932511e-06
-1.498159680363581872e-05
1.938678480649404278e-03
1.061830305793850151e-05
2.430910365326698682e-05
-1.529935048022259300e-05
-9.017633414589007381e-07
-3.152566221058035634e+00
2.391902888068328625e+00
-5.177085648611833291e-01
2.298089619042430698e+00
2.110138440003855642e+00
1.710774517269944228e+00
8.073926699103753934e-01
2.649038755976228732e+00
-1.546281567243832245e-04
5.615151451705119572e-05
-1.014687323430953580e-04
-3.714834015202360396e-04
-3.807526324066698269e-04
-2.993144791060397408e-04
1.073033687498491226e-04
8.322926288623652778e-04
1.644362031120135184e-04
-7.741600232985126971e-06
-2.929396456872503389e-04
-3.824061640691728232e-05
-1.693237523769497755e-05
-2.206647134840240051e-04
-4.310324043539409173e-05
6.894558997805681733e-05
-2.735852262306217642e-04
8.656874616255644012e-05
-1.430444580129575788e-05
-1.696026248423953067e-05
-6.888117008499161642e-02
-4.858033439578894434e-05
3.053957238027338664e-05
1.866380932499387606e-04
-2.260706899983676418e-05
-1.865726589670439056e-02
-6.159186462698464700e-05
4.792960750717781802e-05
-1.209549099691207196e-04
3.300650536162594816e-05
-5.770350124870943925e-03
3.475121126317024699e-05
4.358834875888902710e-06
-1.187158339069518237e-04
3.480083109770222018e-05
-4.728114777651572752e-03
3.844393165078455231e-05
-2.420912865815999732e-06
-1.558112891228976909e-04
8.491135221648824860e-05
-1.472384345164391185e-03
1.029408024866006898e-04
-1.005250347182095396e-05
1.204941213359528025e-04
-1.294927857692294544e-04
-2.582155102184660947e-03
-1.751982242672651036e-04
-1.987288118209066265e-06
-1.082262166540166534e-02
2.327983644434630274e-04
1.225720385748621001e-04
-5.680430796071653243e-05
-4.161096226671929903e-05
-7.106775652108030731e-05
6.844606668855895970e-02
4.889891797101076493e-03
-1.701860366023691526e-04
-6.581499546674037405e-05
8.249912630717108619e-05
2.960680118859024441e-05
4.421515719464411788e-05
-3.101029584473848771e-02
-3.360522723808915049e-03
1.672026792874201258e-04
2.282540419772620529e-05
-1.043855013013877953e-04
-3.370054245298227842e-05
-2.009631691552852043e-05
2.138186869988554367e-02
-1.949078484034534706e-05
-1.920804685000363637e-05
1.711390362769352885e-05
-3.474974634905250910e-05
1.877924859109204783e-03
-6.029109977905965784e-06
3.883983216192439633e-06
3.210100811507729144e-05
-1.833007978728278756e-05
-3.152550837733138600e+00
2.391835289784095764e+00
-5.176891264689910122e-01
2.298061259850776583e+00
2.110208193025271406e+00
1.710806207226674092e+00
8.073862263364924852e-01
2.649030878948504419e+00
7.253219245563393824e-05
6.049121988519233018e-05
7.771372476215727791e-06
2.681935915069273268e-04
-3.578756662992101534e-04
-4.427853265133501132e-05
-2.305321006778569012e-04
7.987116427571343182e-04
1.125151428573152541e-04
6.207338719253205133e-05
-2.991341025161492690e-04
-3.374058259936650800e-05
5.546062564813638120e-05
-2.442190608622527384e-04
-2.983645105927072120e-05
-4.507814349190164701e-05
-2.214921978247637855e-04
2.385651830769442198e-05
-1.333331510752895047e-04
2.025258900713463282e-05
-6.892950932040411982e-02
-3.811917343684076811e-05
-9.800841467129156777e-05
9.148400577893095681e-06
9.925157593884567598e-06
-1.871413232092989862e-02
-5.007532912628483070e-05
-1.800653508388928002e-04
-2.672269050278422252e-06
-1.176862202407919644e-05
-5.795680791849638913e-03
1.191394907650340112e-05
7.560560152320187303e-05
-6.758932640984561049e-06
-2.122088305787420939e-05
-4.754366931973684311e-03
8.088152276672927877e-06
6.554500442372683023e-05
1.727934298684492105e-06
-1.087322947078151196e-04
-1.513204209957681430e-03
3.196163551615932477e-05
9.842354276965172249e-05
-3.738403906577327375e-05
2.171395919858515702e-04
-2.540340813425867334e-03
-7.117302675713346001e-05
-1.127049837340128797e-04
1.084525486776755435e-02
1.429854659310577747e-04
1.622204693636623320e-05
-3.769606801452829448e-05
-1.365597516006321734e-04
1.161091906842423582e-05
-6.843635146100957023e-02
-4.916763505985599983e-03
-8.848280156241247079e-05
-2.452813295012335609e-05
6.189243660389108503e-05
8.125453437532117887e-05
8.036437313524370969e-06
3.096415822819210267e-02
3.392990655917418278e-03
6.161030516488190444e-05
4.660546492446629484e-05
-7.673844274957465628e-05
-5.355336915477005980e-05
-2.699380593321762736e-05
-2.129958996560103734e-02
-1.206409766052577264e-05
-3.706861084415598306e-06
1.162128142323226159e-06
1.449929596807921200e-05
1.897477960168502276e-03
2.404681611586001119e-05
-1.035782024520634720e-05
-3.165531760135768992e-05
-1.089410212896436449e-06
-3.152524977993814481e+00
2.391756553136000107e+00
-5.176556567543491028e-01
2.297913054385615439e+00
2.110054504992973090e+00
1.710741494716055078e+00
8.073920648994952209e-01
2.649047845417088265e+00
-1.114117516293525699e-04
1.061559576935725870e-04
1.033491607936273034e-06
-2.752553556235768847e-04
-2.673132585465447762e-04
-9.388632202571702088e-05
9.166825364048122133e-05
8.041363380383277984e-04
1.742561296108371114e-04
1.336538733136892845e-06
-2.848711178784342447e-04
-5.536416359944517583e-05
-6.482214093975295486e-06
-2.066421056122923401e-04
-4.688145505283234369e-05
6.526070900255615036e-05
-2.997057681383364031e-04
3.047496320380076976e-05
-3.544331273991102767e-05
-2.037012208076804422e-05
-6.890419184927333573e-02
-3.100415814104231105e-05
1.098708981846338497e-04
2.615227614876513987e-05
-4.139538341795713917e-05
-1.871312763839194995e-02
-3.867810324337478487e-07
1.851397313623764668e-04
-4.236126556461476938e-05
3.744313870147671644e-05
-5.760438358310310779e-03
1.090681656462270206e-05
-7.288802426998316954e-05
-4.478037634323017458e-05
3.435929619376276831e-05
-4.707865307701727259e-03
1.345398085859124263e-05
-7.387508321531378332e-05
-5.642103643898562545e-05
6.702781905828600491e-05
-1.431122242330786897e-03
6.992115745020853468e-05
-1.068140607064939064e-04
4.506147737068540160e-05
-9.034611085911629870e-05
-2.611920449620553676e-03
-1.551631805736207448e-04
9.477251618181820199e-05
-1.082989799572423202e-02
8.972336637908472599e-05
4.199171694025576398e-05
-1.231496897527439849e-04
-1.044750844644709315e-04
-4.418355089899714955e-06
6.819021963428756328e-02
4.899733229091079306e-03
-9.055941320785639774e-05
-1.609862410077153106e-05
1.309462639381819143e-04
7.187694211090579592e-05
-4.285279844001518325e-06
-3.088683656920113152e-02
-3.374020771997147342e-03
1.003609920073935151e-04
-5.511170746421621908e-06
-1.564728145896504552e-04
-6.959356442023749943e-05
3.412302491853278462e-05
2.131940217141485225e-02
-2.691867582966953271e-06
-1.539074747936291111e-05
1.007146529341285427e-06
-1.430044178402613210e-05
1.877120597620541946e-03
1.099787501025097244e-05
1.753615857998414864e-05
3.659491218512057908e-05
2.216365173123653522e-06
-3.152545943671713591e+00
2.391853527190050510e+00
-5.176859045758299693e-01
2.298015288262882372e+00
2.110079940574595359e+00
1.710743030024857614e+00
8.073942564447987857e-01
2.649045583243226254e+00
6.761471898708137224e-05
8.165662516571242993e-05
5.268618038228825194e-05
2.267638028684744456e-04
-3.225293850629808515e-04
1.310282744763307085e-04
-1.644730295216317167e-04
8.272853985918509094e-04
-4.651190825727530683e-05
3.531683756631404645e-05
-2.954639889924882057e-04
-3.713801359854254197e-06
4.240778148879078966e-05
-2.149098251848704112e-04
-3.272170528150262388e-06
-8.489248304747158301e-05
-3.104342446984912360e-04
-3.054057521465664997e-05
-1.795357703758900143e-04
7.600681798915700387e-05
-6.901920039888381764e-02
1.989533359794177668e-05
2.161622154879479013e-05
-1.177275784628844786e-04
8.623549228355860690e-05
-1.875476330290850452e-02
5.298084404509726709e-05
-1.517896071823484738e-05
5.860016726836150982e-05
-4.038472681817020901e-05
-5.772369963788598693e-03
-1.689831893721183197e-05
1.982545852719446540e-05
4.899796453827396335e-05
-4.378606845209683223e-05
-4.712896086085711748e-03
-1.333311040875079893e-05
2.491296014101244662e-05
5.685574898870079648e-05
-8.186910580592859205e-05
-1.427904334644205381e-03
-1.593238903526748395e-05
2.979225683596645061e-05
-6.011347605695119604e-05
1.005424693555530540e-04
-2.615289033894136438e-03
2.333393054208409041e-06
-1.057454009246105390e-06
1.091704423527680747e-02
8.397174259220079734e-05
8.478732116263707971e-05
-1.434636104225908704e-04
-1.486798577891065409e-05
-8.422530224015599919e-05
-6.843671308687869492e-02
-4.953763680100824532e-03
-6.243153603872756471e-05
-6.541552179026809393e-05
1.356586180872258046e-04
-6.941232502029348085e-08
7.684898932692790958e-05
3.098860656156745413e-02
3.424010535568078502e-03
5.621133107885033751e-05
6.815392092969035876e-05
-1.487237103803256549e-04
2.232675729081769016e-05
-9.023216902907141930e-05
-2.137132041395183382e-02
3.373535503004152696e-07
-6.578977895785564608e-06
-8.844014797094361738e-07
-1.188177572882437348e-05
1.879762005459676213e-03
3.466114795119031988e-06
-2.383937750882614355e-06
-3.895805277379243856e-05
-6.534925564361307709e-07
-3.152544624157605835e+00
2.391827798292932350e+00
-5.176798024085806915e-01
2.298003199397574470e+00
2.110098912388929104e+00
1.710752830096999189e+00
8.073909011997046914e-01
2.649042515632055395e+00
-6.140687905409938354e-05
5.599865942737731507e-05
-5.861829294028284400e-05
-1.414892081436836717e-04
-3.663710552715120777e-04
-2.412847780810685721e-04
3.310044767626387581e-05
8.004406273217110979e-04
2.198773242376920838e-04
1.820310010275277935e-06
-2.966069210948171038e-04
-5.973802016780866960e-05
-1.486987520645516139e-06
-2.207269239578033612e-04
-6.640137321966131548e-05
2.009508379967230306e-05
-3.009339547436018047e-04
1.118599250202965403e-04
-2.746542613161389104e-05
4.292299460924298149e-06
-6.875458079796156752e-02
-1.171729203094543179e-04
2.243628182686020506e-04
1.259139206761293546e-05
-1.895688538935040395e-05
-1.868749440304864201e-02
-1.044799727295200745e-04
2.714319470390110520e-04
-2.225255534124713613e-05
1.084424422026536883e-05
-5.752130997870584170e-03
5.276381547829246015e-05
-1.271704273579751430e-04
-2.626988651769239771e-05
6.776419811206377893e-06
-4.697931980068300629e-03
5.809661535411627558e-05
-1.156148449023813293e-04
-3.028859803757067614e-05
2.450595049589951360e-05
-1.427884937806924055e-03
1.079525876106785252e-04
-1.530776953782700465e-04
1.565215322851122080e-05
-4.945859319159608993e-05
-2.600110659543822429e-03
-1.355367827055055634e-04
1.456010503481955333e-04
-1.089225636969535713e-02
6.551983664754309588e-05
3.024669621426315583e-05
-1.643606847730322285e-04
-1.842878712594571509e-04
-1.788749390767849570e-05
6.812373419742739911e-02
4.935970521094576804e-03
-5.294075485560788925e-05
-1.824328644988581919e-05
1.355048727034596778e-04
1.223252884342266493e-04
2.148474401175693403e-05
-3.084236729251961517e-02
-3.402269603248239856e-03
5.330875131300761498e-05
1.059663110813938614e-05
-1.365184681856295573e-04
-1.077369548997311050e-04
-5.568838598117987863e-06
2.126164887131298462e-02
-6.764996487661603978e-06
-3.404653652196913769e-06
9.649167662930504326e-07
-8.681326513640378229e-06
1.875908860817429189e-03
3.156590316436848863e-05
1.800925727257860365e-05
3.764523082934291358e-05
3.441864550452573487e-06
-3.152593769375319432e+00
2.392027574370383380e+00
-5.177452199648282516e-01
2.298243468236930376e+00
2.110226308328809974e+00
1.710797508695357738e+00
8.073891647849255060e-01
2.649025262262506786e+00
1.129784491892822884e-05
-7.896597011763071845e-06
-2.092812180342381971e-05
-1.283650188138498599e-07
-5.362662464510809836e-04
-1.530016084255590063e-05
3.383134837093082557e-05
8.772698787219021738e-04
-6.489279344816219555e-05
-7.212404770694356862e-06
-3.176646837192847474e-04
1.659650779296473552e-05
-1.092134623723331423e-06
-2.374581422800124675e-04
6.612473596491820515e-06
6.794878093510890455e-06
-2.959606180848761464e-04
2.097133035465535369e-05
4.475751848264405801e-06
-1.898055410767227362e-05
-6.901907906830857808e-02
8.275834668785013622e-07
1.072411384737369786e-04
9.567892907954726528e-05
1.859375489390013633e-05
-1.876537044951562608e-02
1.537169130134043041e-05
1.311747070699620030e-04
-3.151767378547254856e-05
9.131340843930734375e-06
-5.796657515652517412e-03
1.119071951344463323e-05
-5.401034250315074554e-05
-3.534579043590253708e-05
1.018659475143886739e-05
-4.744873842289032938e-03
1.670534071816024557e-05
-3.603418425481923453e-05
-5.655110080803972593e-05
1.612238512337145903e-05
-1.465737199654198282e-03
1.464138466892037159e-05
-4.779538039171088632e-05
4.261015870803438576e-05
-1.665320799229245787e-05
-2.601885783278717890e-03
8.449044003779325766e-07
7.890130688210792364e-05
1.102369000234591605e-02
8.961776894383130347e-05
-6.469816693958834277e-05
-2.024094287516840784e-04
2.627418763755979972e-05
-6.336479487015775694e-05
-6.876206899439084308e-02
-5.002289601582302243e-03
-4.141753665445522224e-05
3.741604117011818628e-05
1.207957273992154440e-04
-2.495071392737164423e-05
6.724293403759251404e-05
3.111368777695790871e-02
3.447463176077537536e-03
4.033833771866738183e-05
-2.562295191978741359e-05
-7.101431422089528323e-05
4.580700463134022339e-05
-8.281106726727076404e-05
-2.137525092813360311e-02
-8.817794994697087719e-06
-5.746572279538409811e-06
1.256353447755819439e-05
1.010625007247503075e-05
1.878069303973362763e-03
-9.581264547442127797e-06
9.714786652829568827e-06
-2.900868963673422496e-05
-2.807846813453304842e-06
-3.152575619580437305e+00
2.391976645204529017e+00
-5.177263633259858722e-01
2.298170349807777235e+00
2.110177326828635902e+00
1.710779700040067075e+00
8.073905673315975307e-01
2.649030607399974535e+00
-3.833277703227746819e-05
2.356775387352664673e-05
-5.689126578342897848e-05
-7.583622888847276096e-05
-4.662616303994441668e-04
-1.438120176027518279e-04
-1.388944803011002313e-05
8.640686115375780180e-04
4.745490914801013391e-05
6.168544863330075297e-06
-3.136904793537150199e-04
-1.310438298151942627e-05
-2.174472637302541374e-06
-2.297509284662718840e-04
-2.909402259539151000e-05
3.341898820929481450e-05
-3.122710367795845108e-04
7.537479249060291303e-05
6.314089046647626676e-06
-2.724778864145194291e-05
-6.907004769488472862e-02
-9.929108633749925172e-05
7.879344127734112715e-05
9.033650528811936679e-06
-2.399396051175726075e-05
-1.879327034217340847e-02
-5.049193483768751401e-05
2.304622889465956983e-05
-5.460348761933885383e-06
2.021194653988862049e-05
-5.789892966531869772e-03
3.880660628283322391e-05
-3.223027336691623609e-05
-2.325834668909758921e-06
2.003378911858531847e-05
-4.734885271943382185e-03
4.616261856983360228e-05
-2.889582987374022274e-05
-8.295350544487684703e-06
1.794982228078841234e-05
-1.447444735089223854e-03
5.458707210181037322e-05
-2.574139337037225915e-05
2.906184495414099579e-05
-6.594410930103853405e-07
-2.620091184343357159e-03
-2.439356317900130957e-05
1.143021366257152623e-05
-1.102357671006419515e-02
-2.886391438065014688e-05
-1.395703230119640123e-05
-2.384589859195165862e-04
-5.773010915931665443e-05
-1.592734061754726821e-05
6.875237006448095545e-02
5.006386842419981685e-03
1.728972621244714153e-05
2.747668961448849882e-06
1.468032398259013632e-04
3.430181459374622571e-05
9.288596285489351544e-06
-3.110897024067793906e-02
-3.455742778879320777e-03
-1.712314318840607011e-05
1.094204305550001670e-05
-9.936148750139955910e-05
-2.023493370979026078e-05
-2.948671809496446802e-06
2.138775864008997385e-02
2.363563011749408469e-07
1.163086242159526071e-05
1.808753094004448452e-06
1.457441888285585760e-06
1.877454973746793022e-03
7.099757028279114887e-06
-3.249734838801020368e-06
3.406841956808050078e-05
-4.719892598545113931e-06
-3.152544624233581505e+00
2.391827798463311172e+00
-5.176798022762456597e-01
2.298003199760159543e+00
2.110098913251568398e+00
1.710752830443437400e+00
8.073909012062954194e-01
2.649042515547083365e+00
-8.144698249860151144e-05
5.599876053242439262e-05
2.387085795724405420e-05
-2.796396786331437501e-04
-3.663708524344628376e-04
1.892261090315303530e-06
2.069587582740411112e-04
8.004410428917454285e-04
8.127182292181399999e-05
-5.082456696703193028e-05
-2.966071996009559363e-04
-3.144491347069196344e-05
-5.825326543806285946e-05
-2.207272226230414642e-04
-3.191264966830277214e-05
1.069344790847718163e-04
-3.009339096907378045e-04
3.852787199958564938e-05
2.080049568602660662e-04
-9.932855996434174954e-05
-6.875458579342393073e-02
-6.230318641999737540e-05
-8.839816986748515269e-05
2.287636221587334320e-04
-9.996001911364411040e-05
-1.868749523738178278e-02
-3.582053917223014365e-05
-1.466181979304415116e-04
-9.900486220026549127e-05
5.111701454404492213e-05
-5.752131473859978771e-03
1.699047725120150825e-05
8.285559339449256530e-05
-8.698940774453487617e-05
5.370131318118028223e-05
-4.697932321603124489e-03
2.318020616079055185e-05
8.055725737814007606e-05
-1.174284216334562319e-04
1.057415723098288710e-04
-1.427885015481943033e-03
3.275470455892132854e-05
1.027684444058678888e-04
1.182789243259539744e-04
-1.421050071503808282e-04
-2.600110924622785116e-03
-2.493742722969149639e-05
-8.635348022792134438e-05
1.089225830382195039e-02
-4.825039915882720076e-05
-1.444746145202418890e-04
-1.643608566282289685e-04
-1.183363852082815865e-04
-4.779997432807553057e-05
-6.812374104627033633e-02
-4.935971454627641891e-03
4.507648998183875350e-05
9.681390922370181756e-05
1.355048694006450588e-04
7.696061413682594283e-05
3.510632910115509941e-05
3.084237040536843069e-02
3.402270349622503031e-03
-3.147683178229615172e-05
-8.800318775506054021e-05
-1.365181779177347676e-04
-6.304431322053364488e-05
-4.338241869488584923e-05
-2.126165061455292243e-02
4.098890580613175592e-07
3.404650935735201080e-06
1.511335472165740469e-05
2.299614068315767711e-05
1.875909036352913775e-03
2.330098442469581005e-05
-9.840353542827311563e-06
-3.764519172298959223e-05
-7.577901948790312001e-06
-3.152593768186032541e+00
2.392027567757885276e+00
-5.177452176716635934e-01
2.298243461272297061e+00
2.110226305857314522e+00
1.710797507746278479e+00
8.073891648264392984e-01
2.649025262742574327e+00
-1.249754081758689339e-05
-7.895421629483800061e-06
-2.024831790931203447e-05
-1.338285365139849927e-05
-5.362618246344569729e-04
-7.538378164342242490e-06
-3.926721606978995102e-05
8.772666585572038052e-04
-6.174772883480522873e-05
1.076655019259834590e-05
-3.176644522921556052e-04
1.454487619774761692e-05
5.184871113443279274e-06
-2.374583810010631529e-04
4.252763732345126444e-06
2.154762905107959631e-05
-2.959601025395768243e-04
4.599039947659276759e-06
9.060368024132634760e-05
-8.774922181836828251e-06
-6.901908383163928018e-02
1.685194011248890593e-05
-5.750216996408671552e-05
6.574858763715437184e-05
2.260434276912673748e-05
-1.876537088856272684e-02
-8.413026340869510667e-06
-1.484526593925524223e-04
-3.101289163231644910e-05
1.425844720197179174e-05
-5.796656937223844397e-03
-2.313357795904967518e-06
5.430150189235798298e-05
-1.353157323432603088e-05
1.956136115574911026e-05
-4.744872798984136469e-03
-4.695623577619995785e-07
4.862856193823840965e-05
-1.311831104163982409e-05
2.074275910997081798e-05
-1.465735957086764137e-03
-6.642217600226135786e-06
7.287358935556956035e-05
4.703447073122541311e-05
-7.597977145322570825e-06
-2.601885594109321596e-03
1.484510681145115071e-05
-7.635280329644242932e-05
-1.102368925151654168e-02
-9.968409088784396625e-05
-9.598370770708554000e-06
-2.024075774411000783e-04
6.916982505452318360e-05
-4.592749342085568343e-05
6.876205801528517680e-02
5.002289583033931071e-03
7.894217073360464002e-05
-2.895973109641171396e-06
1.207961368162868698e-04
-4.488032163548931675e-05
2.246055763759514240e-06
-3.111368369331212955e-02
-3.447463718945433138e-03
-9.188470707216620133e-05
2.685438055422390669e-05
-7.101639800201169084e-05
4.509534038630211273e-05
6.472677877965554022e-06
2.137525041759128636e-02
6.849613909159959612e-06
5.746703274148385124e-06
2.130479337569807620e-06
-3.243873977743660540e-06
1.878069156281247281e-03
-1.354315115636099321e-05
-1.573799694907628693e-05
2.900909145184694254e-05
-6.230733600854572630e-06
-3.152526736718208156e+00
2.391754031539271796e+00
-5.176560352155384903e-01
2.297934393257146990e+00
2.110097042810315848e+00
1.710756845891874933e+00
8.073896955710359036e-01
2.649044607448350686e+00
1.778278017643461885e-05
8.620338925660944989e-05
1.783015322758228500e-05
-3.868209220448390936e-05
-2.926653416730775302e-04
-4.519818187760746720e-05
1.424948207984006365e-04
7.771155161767407706e-04
1.598651626253185681e-04
-5.580449362057548189e-05
-2.916032124870879629e-04
-4.794902114939860935e-05
-4.819821869906320790e-05
-2.252693497552640583e-04
-3.765069638024050758e-05
7.529611255155664899e-06
-2.706654249128969260e-04
1.129270973807821742e-05
1.684729909249874872e-04
-4.246794826127128861e-05
-6.894015349322457631e-02
-2.252808262966589825e-05
-1.205475416477129382e-04
1.672556072704112001e-04
1.836350320695694183e-05
-1.873684074973607991e-02
-5.669882196896700336e-06
-1.180162427574061397e-04
-8.931119469903788357e-05
-9.141692723802974569e-07
-5.772529740769321953e-03
-9.779217189956099341e-07
5.594180729792268313e-05
-7.912768422328609187e-05
3.804693537181032888e-06
-4.717770562310999449e-03
2.607372826839561390e-06
4.982061670690733044e-05
-1.136233672314865051e-04
5.047579695104689013e-05
-1.451573764412263145e-03
4.640812394155137855e-05
6.973459624717071633e-05
1.271977221600208922e-04
-1.228150661047093214e-04
-2.579363280795297052e-03
-1.110734518142868693e-04
-8.421789885795452233e-05
1.085560993354856181e-02
-4.526742257701882668e-05
-9.662286470505775798e-05
-9.570419481043368481e-05
-7.442238941528928065e-05
6.468961630318767302e-05
-6.812739917868981809e-02
-4.923783704379748258e-03
1.027061304018290263e-05
6.186430197635588374e-05
1.107683478379500874e-04
5.896911000009266365e-05
-3.721714907065900788e-05
3.084171449110822624e-02
3.401447171287658687e-03
2.594317303808489714e-05
-5.296864834355286119e-05
-1.363461391133899414e-04
-6.977108183930813708e-05
1.852530336087616306e-05
-2.126848063771982073e-02
3.021878481274591988e-06
-5.220796804468509915e-06
1.249719308606074336e-05
1.102347112496407963e-05
1.889314189478778598e-03
6.806058885668817829e-06
-5.435735361606708685e-06
-3.929637690700836842e-05
-1.884047610001401626e-06
-3.152524977691335106e+00
2.391756550255292435e+00
-5.176556555823539352e-01
2.297913052486184160e+00
2.110054507228858345e+00
1.710741495923649325e+00
8.073920647701882114e-01
2.649047845096175191e+00
5.659145893789611659e-05
1.061560944642177436e-04
9.595050346755857901e-05
5.629123467461197121e-05
-2.673129397138115579e-04
2.852665258455466335e-04
1.050811152311672381e-04
8.041366106389866413e-04
-1.665055530809682370e-04
-4.861469394579364289e-05
-2.848713541392092403e-04
2.652516721230145037e-05
-3.735693380056854667e-05
-2.066425451326111889e-04
2.905917872058225241e-05
-6.244391663766512960e-06
-2.997050570189029907e-04
-7.176709216322210119e-05
-7.744706645741662905e-05
-1.666529645060784012e-05
-6.890418838857600980e-02
3.314340499848696759e-05
-8.560569465627249075e-05
-1.734170152625787002e-04
2.036406863322368744e-05
-1.871312507412124099e-02
3.604547425026949229e-05
-6.991650114711852671e-05
8.430472178918339235e-05
-9.275948474040201738e-06
-5.760438220297731116e-03
-3.788026166956382098e-05
-2.430996084775627943e-07
8.636892185425572917e-05
-5.527847300066415738e-06
-4.707865136672546857e-03
-3.648245884505282161e-05
-1.844334829245084211e-06
1.207131487928306035e-04
2.704073368735640526e-05
-1.431121910928453153e-03
-9.300641001897528475e-05
4.547261916681306701e-06
-1.046011896169291564e-04
-8.920413428569808902e-05
-2.611921239471275830e-03
1.558206253022812902e-04
-8.369578004162802828e-06
-1.082989771629686016e-02
-4.103616190061351240e-05
-1.114742881612665738e-04
-1.231499932647164841e-04
1.587225353737978413e-05
7.991369236515135505e-05
6.819021571995279030e-02
4.899733011666900818e-03
4.899135485705711536e-05
7.029738336381287085e-05
1.309464282696366083e-04
-2.199593340745313163e-05
-7.628493841475904335e-05
-3.088683423825760305e-02
-3.374020392598576189e-03
-7.973222269974373881e-05
-5.751509304869654939e-05
-1.564726009526812289e-04
3.956903822818714968e-05
6.985421949938364745e-05
2.131939910974563548e-02
3.268487247769593946e-06
-1.539067563299822451e-05
-1.569093461132472730e-05
1.667504672551531494e-05
1.877120269443265143e-03
6.885607141234978109e-06
-7.895388079709946905e-06
3.659504935793062290e-05
1.230919704149538424e-06
-3.152550837260234218e+00
2.391835286377514080e+00
-5.176891250627525531e-01
2.298061257412423064e+00
2.110208194780498037e+00
1.710806207971142356e+00
8.073862263380039428e-01
2.649030878771040154e+00
-2.952594307604488222e-05
6.049079229680502548e-05
-6.668279423483207315e-05
-1.724137442707563035e-04
-3.578773339735158779e-04
-2.100703010430959687e-04
2.127028006936022386e-04
7.987130569626562119e-04
1.433811171903641446e-04
-6.025715981392365333e-05
-2.991344127045949446e-04
-3.688699725930845690e-05
-5.357165317080530393e-05
-2.442190668082824855e-04
-3.311603897082850319e-05
4.320538514363130608e-05
-2.214926897197162629e-04
2.712240600231697338e-05
1.515260993166255878e-04
-4.313748038682358593e-05
-6.892950377738567280e-02
1.523233799266966552e-06
-6.644358664440971375e-05
1.513620479351677627e-04
-4.832698793927041477e-05
-1.871412605402585083e-02
1.644523681946052202e-05
9.796052868816468935e-05
-6.413941350339335439e-05
1.620163699407143893e-05
-5.795681691762841897e-03
4.234541800563642699e-06
-4.011797849106366921e-05
-5.338365825445856388e-05
1.761480223280885373e-05
-4.754367019134273821e-03
1.433375292553072639e-05
-3.862669451534096163e-05
-8.610383994403229455e-05
8.204605406858444193e-05
-1.513202345380870555e-03
7.818607001471495927e-05
-4.771266812874025361e-05
1.163049754608152749e-04
-1.702084033381784834e-04
-2.540344843925078193e-03
-1.524663621739844066e-04
2.396851162124341594e-05
1.084525316864378211e-02
-8.154839795531786811e-05
-1.263745621824896408e-04
-3.769565309974520773e-05
5.423162374158915690e-05
1.180234087372076862e-04
-6.843634113403332386e-02
-4.916762741387069660e-03
3.728182990624887699e-05
8.263147123255536620e-05
6.189184589863033770e-05
-1.938621970541909391e-05
-8.064611016989878430e-05
3.096415304925676307e-02
3.392990044335107876e-03
-7.427755271569524108e-06
-6.968030206795314003e-05
-7.673753850213557715e-05
-1.358475788280487807e-05
6.685232698254558927e-05
-2.129958533148152561e-02
5.091114813790076441e-06
-3.706914077952511589e-06
8.388771314489859446e-06
1.357544728096925224e-05
1.897478147894409144e-03
-2.458029671600903392e-05
6.186251600659290785e-06
-3.165493873213220093e-05
1.100073019407356442e-05
-3.152537577068547758e+00
2.391781272576594120e+00
-5.176706049683187372e-01
2.298012756995660766e+00
2.110219525990522982e+00
1.710818134074839181e+00
8.073838901709655680e-01
2.649029329068888661e+00
1.710967952915706661e-05
8.545034698003361670e-05
6.504251044226754702e-05
-4.070083039141043219e-05
-3.081273363941955390e-04
1.974107268572311644e-04
1.389775019845507502e-04
7.944404731813914117e-04
-1.266654185150249982e-04
-4.832879722106503059e-05
-2.954588271548681073e-04
3.323370137082103885e-05
-3.542375974630024424e-05
-2.442292349766619301e-04
2.597682413680229641e-05
4.220266583439863015e-06
-2.030489575653406033e-04
3.189755538046581528e-06
-4.686157136231654686e-05
-1.870145172926107602e-05
-6.901914769820617634e-02
-3.497043877141378654e-05
-2.954741282451209001e-05
-1.337885683492117967e-04
1.422433620129551354e-05
-1.873701522262345709e-02
-8.171598818777322712e-05
9.881808875455310630e-05
5.570217071608849900e-05
-3.871836126162871627e-06
-5.808229855037455591e-03
5.852739685611329677e-06
-6.660274379221152083e-05
5.532444932582537448e-05
-2.232779404315909694e-06
-4.771720113210388241e-03
4.083182831902498582e-07
-6.210514858076129018e-05
9.114430381775783755e-05
4.613860894963849431e-05
-1.534525220433275057e-03
-7.319819546209480564e-05
-7.399821909210188803e-05
-1.024240450646637999e-04
-1.285369734960572618e-04
-2.531614790324493523e-03
1.879584033398728723e-04
6.066940499216365019e-05
-1.085330891770651743e-02
2.162043057852896730e-05
-9.120261388633160542e-05
-2.118171909776256356e-05
-1.050618448301994393e-04
1.216529051770375795e-04
6.845460164284605797e-02
4.907949594623540503e-03
5.236203052923693244e-06
5.678294649760735413e-05
5.102074764598910073e-05
5.366534840197951638e-05
-8.433877104253037840e-05
-3.097673807171651139e-02
-3.373104780106703660e-03
-4.229413642043312188e-05
-4.899529463389443152e-05
-6.783954297531584465e-05
-1.505856130723553154e-05
6.164012444675223256e-05
2.130963386382096411e-02
-5.921654257347124233e-06
-1.158052874220929823e-05
-1.015021037061421489e-05
4.214198622215270572e-06
1.905600813062797126e-03
3.911737429527164145e-05
-3.594840122964570138e-07
2.895448867081502285e-05
1.555108451093336762e-05
-3.152540880413920554e+00
2.391801605041337542e+00
-5.176748533489504700e-01
2.298002820995897366e+00
2.110161005094777664e+00
1.710792249292826028e+00
8.073882846864386398e-01
2.649036179119696133e+00
2.581099240880358806e-05
1.045229046717151039e-04
-9.207798925945677448e-05
1.463677416753807279e-05
-2.796612665637260124e-04
-3.040796891486288560e-04
7.753231804140582216e-05
8.238236470223668940e-04
2.225751933434919896e-04
-2.603502791478038163e-05
-2.873231185358746651e-04
-4.724110012468388416e-05
-2.023347412909772556e-05
-2.234632517711021473e-04
-3.911504251386475060e-05
-1.499077055661365084e-06
-2.395422506657914324e-04
3.914096523406962783e-05
6.702025518968339566e-05
-1.290291577634708128e-05
-6.903610818758310064e-02
1.438922324711400594e-05
-1.094918686092607161e-04
7.685449123055146815e-05
1.458058205361319575e-05
-1.872215235275610443e-02
1.835630397733249372e-05
4.366514563319778516e-05
-3.160640637433993544e-05
-1.012894389421427636e-06
-5.795542064553297484e-03
1.269342080030343807e-05
-4.245109340290605294e-05
-2.452713735977508160e-05
2.895445983553552856e-06
-4.755338071441809512e-03
2.018586056418944551e-05
-4.339836255782514546e-05
-4.709400863931265401e-05
2.699467878600689399e-05
-1.501838312034926457e-03
1.102382029947163839e-04
-5.953992309583327905e-05
7.930254147785211990e-05
-6.170461998115753537e-05
-2.567463477647824802e-03
-2.258999212402515097e-04
4.947060090787681495e-05
1.085051358288377510e-02
-3.175168200123044786e-05
-6.715070082792274622e-05
-2.235986948241619476e-05
5.398989594820099297e-05
1.556666559558171669e-04
-6.854364725537799574e-02
-4.923052440098493049e-03
-9.454515829422898560e-07
3.794346394520900468e-05
6.789244235609788458e-05
-1.239963373899776334e-05
-1.167872748305677326e-04
3.103972190736037709e-02
3.403771220328725196e-03
2.218494551493307510e-05
-2.029188959583688137e-05
-1.014397972323392155e-04
-3.195842684532390577e-05
1.015544400275017781e-04
-2.138561202547359374e-02
-4.422490936986721126e-06
-3.812996386740648974e-06
-7.745161210187697081e-07
9.398846377989436660e-06
1.894035184089854331e-03
-3.100890923642856453e-05
6.527748351366620362e-06
-3.386303764620552704e-05
6.598742472885277266e-06
-3.152538603854204258e+00
2.391821100000731004e+00
-5.176759124623476760e-01
2.298057886162832908e+00
2.110259666440768012e+00
1.710836822808015523e+00
8.073846592312594606e-01
2.649027322812886442e+00
6.973307831333790206e-05
9.482617302342116880e-05
2.162296508931619253e-05
1.188502307319100614e-04
-2.882109117748768521e-04
8.927010122513540146e-05
4.883751286752113677e-05
8.113825931209016004e-04
-8.277675251247680556e-05
-2.858594635316415253e-05
-3.002204473950643776e-04
3.502568839092679248e-05
-1.420097158059524975e-05
-2.562674424070324674e-04
1.152611365753236143e-05
-4.616420861365383140e-05
-1.724847222754985899e-04
8.499597538803934803e-05
-1.887942858945566675e-05
2.510527120728275088e-05
-6.909676550795082473e-02
-1.320528106843769575e-04
2.154007789193445287e-05
-1.085776932713306974e-04
6.207837902248521567e-05
-1.875969753282115751e-02
-1.697439511006651621e-04
1.930018925398451369e-04
5.329916170852748127e-05
-2.917218684329871443e-05
-5.824794284598209908e-03
4.923771171159901428e-05
-9.969524084008378386e-05
5.103749152855976284e-05
-2.964502090374029837e-05
-4.791391743560535939e-03
4.272782937033771952e-05
-8.821257988030542356e-05
7.351166202924363526e-05
-8.094457292854727228e-06
-1.581347650949335758e-03
-3.943037311126229799e-05
-1.048394744830996513e-04
-6.915119031691423527e-05
-5.771728080642053206e-05
-2.463534020867920969e-03
1.984545680174549110e-04
9.556219826707990929e-05
-1.087234544784094516e-02
-1.747735201324158993e-05
-3.120197758826420654e-05
4.362919862038738827e-05
-1.927416356003463518e-04
1.023895802623937291e-04
6.842770776108789144e-02
4.920344397794241230e-03
2.036555069000027269e-05
2.164634997980777116e-05
1.306254100437269361e-05
1.053236886061166750e-04
-5.351344168959845746e-05
-3.095738958276469596e-02
-3.382727918071518850e-03
-4.223008547366138626e-05
-2.536811915139121907e-05
-3.533636175035055615e-05
-5.185302754455017047e-05
1.828734123796200983e-05
2.128720359382290164e-02
-5.295737261081675498e-06
-6.603901861255073247e-06
-9.903152827505197963e-06
6.163876862197586212e-08
1.929250022231548392e-03
5.965856966701161895e-05
1.733331825365109873e-06
2.714900325722807196e-05
1.939584239835111435e-05
-3.152544355859765002e+00
2.391788666010792319e+00
-5.176694896567315407e-01
2.297975949781548177e+00
2.110120057557383966e+00
1.710774437807903281e+00
8.073903715854565677e-01
2.649042098373947329e+00
9.532690376425155527e-06
9.584706930618896743e-05
-1.178005534857621498e-04
-7.269338128191449181e-06
-2.887068839215558604e-04
-2.991280801074203306e-04
5.657299862529940990e-05
8.174069433398471144e-04
1.101166386868550589e-04
-1.080161273557512540e-05
-2.803476319317136809e-04
-1.181962429176276546e-05
-8.772044908990629485e-06
-2.153678769843558492e-04
-1.216451619270751946e-05
6.230968376559692043e-06
-2.499956510071826583e-04
3.620123321528185851e-05
4.215484972717716081e-05
-2.375502793965794408e-06
-6.892886522043917275e-02
2.908930516191932623e-05
9.663298378395765095e-05
3.438943282528970701e-05
-1.456651433185472379e-05
-1.866366683348563010e-02
7.856123374445146993e-05
2.706981455485789291e-04
-9.019231936350560459e-06
4.777823284147993165e-06
-5.774863868755738226e-03
1.433372061623345997e-05
-1.607272277152506758e-04
-4.098091216922942447e-06
4.999689672567438786e-06
-4.731157336897532165e-03
2.579497757419627925e-05
-1.440744554191821327e-04
-7.921138836760214732e-06
1.487980131277131066e-05
-1.474950276794721737e-03
9.863794518894868589e-05
-1.873543244045562596e-04
2.237613161494933045e-05
-2.548430414598626758e-05
-2.573856796264519832e-03
-1.847901680860351056e-04
1.768251441528458307e-04
1.077333309307966502e-02
-2.057171566038857929e-05
-3.940716927192046588e-05
1.778927261530255377e-05
1.749665492012527582e-04
1.816231114434912683e-04
-6.819334059425662120e-02
-4.874827059762087619e-03
1.207149095831775592e-05
2.836588140884311888e-05
6.334299583471598993e-05
-9.660051331866704918e-05
-1.208429925891674542e-04
3.091240722539203775e-02
3.360300959717704272e-03
-1.406271738169635288e-05
-2.379472178937250260e-05
-1.235650990698122093e-04
4.833171609954371229e-05
9.982022277548656484e-05
-2.133910650592193287e-02
-4.963548785302468940e-06
1.087505263573210550e-05
-2.250222439992139692e-06
9.554069750557770660e-06
1.884208574911944937e-03
-5.370728015773507027e-05
2.104601952674555127e-05
-3.403674862793867688e-05
1.429528607137454032e-05
-3.152550469099558494e+00
2.391897142316673719e+00
-5.176940103646502367e-01
2.298143156689532063e+00
2.110310063322477170e+00
1.710855036640626547e+00
8.073849608052526827e-01
2.649022573701490302e+00
-7.093443507858608252e-05
7.621110982384692208e-05
-8.116103206127985069e-06
-1.217236474027253281e-04
-3.296028578866688416e-04
1.481952072682223877e-05
-5.569592328974049390e-05
8.381093640582571412e-04
-6.287045235811645929e-05
2.328621161624183015e-05
-3.093143048328066071e-04
4.049100500515311410e-05
1.306029737085022426e-05
-2.697070528866205366e-04
1.266331967392351246e-05
3.979133626056080390e-05
-1.526767101605746874e-04
1.197451907232056472e-04
5.966297428454218899e-05
-1.900148302786048345e-05
-6.905131920617450791e-02
-1.492262119758660296e-04
3.888512672210286784e-05
8.183250177802478239e-05
-3.859909366645986349e-05
-1.875922773482723363e-02
-1.810500815045204548e-04
2.435720826131512967e-04
-4.301375318158651953e-05
2.114676314772768003e-05
-5.829937316345930667e-03
7.069520971970785414e-05
-1.141477806300984348e-04
-3.288207824109268317e-05
2.304903859094460384e-05
-4.798116160619870542e-03
6.661675548914262716e-05
-1.053576272419209475e-04
-4.290549150681772535e-05
1.167853861508851671e-05
-1.613722475107947718e-03
-9.540692587449298764e-06
-1.258532376186377545e-04
4.934103210468031092e-05
3.283591957558089065e-05
-2.400506409771943107e-03
1.807421242407866702e-04
9.425924419707268527e-05
-1.077898626200663942e-02
8.609383454804067637e-07
3.711716429985660137e-05
7.349051479731832925e-05
-1.992338585957828989e-04
1.786662031616945666e-04
6.836125248479966998e-02
4.866950054577554377e-03
-4.732531500918656705e-06
-3.023410671848688041e-05
-1.158850224783000704e-05
1.126795737330683070e-04
-7.711449054556476085e-05
-3.091400226329703987e-02
-3.333661368132479277e-03
1.054139373379928699e-05
3.358468976649828155e-05
-1.771097434143456550e-06
-5.818823012714820556e-05
2.765060907544247392e-05
2.123291851318855408e-02
-5.209081807052469025e-06
-7.886064310627107724e-06
8.356243439965803333e-06
-1.011904401681278700e-05
1.941033147068525104e-03
5.934094796733749234e-05
1.149514210138402907e-05
2.251827205127076973e-05
2.657466959119688115e-05
-3.152538075626836189e+00
2.391776968911515588e+00
-5.176625683179650883e-01
2.297921259259537941e+00
2.110033781203747516e+00
1.710738481350452256e+00
8.073945735977182681e-01
2.649050534931444378e+00
2.627036752538319169e-05
1.215707168777417288e-04
-1.321829163089438173e-04
5.543165655394453081e-05
-2.452077598830717207e-04
-3.406685283690890666e-04
8.565267393776198712e-06
8.352320164478690967e-04
1.358123408402868416e-04
3.539977246765226327e-06
-2.728766786899447061e-04
-1.521017535554728762e-05
3.627125966408639113e-06
-1.921755181492773319e-04
-2.996656375294396926e-05
-5.249279656251383048e-06
-2.982165187859134444e-04
1.058303203591255340e-04
2.702881791165653413e-05
-1.674326150822932229e-05
-6.903052690217617582e-02
-8.381193586975207045e-05
1.532139131920208334e-05
1.427885728330000037e-05
1.706856550383589050e-05
-1.867960504258479176e-02
-2.577601189215759274e-05
1.173659349333783816e-04
-4.156339136580916374e-06
1.411327047032126167e-06
-5.762211067486811868e-03
5.512046063311910556e-05
-9.216626283019956490e-05
4.232614503157146340e-06
1.339982476456827150e-06
-4.714738567092801105e-03
6.275380600098408139e-05
-8.735237757593775987e-05
1.081229473013866856e-05
-1.068923962446305071e-05
-1.435302968996149224e-03
1.096370893182516549e-04
-1.231114051185974896e-04
7.424920361488795089e-06
3.091866469250575950e-05
-2.624841523751843264e-03
-1.308425046732307148e-04
1.168283158427624801e-04
1.077342520058005917e-02
-6.330685789271157504e-05
1.375738129819818571e-06
-3.092676870583566107e-05
5.479046661436767773e-05
1.972586730756161442e-04
-6.837619145177253888e-02
-4.868121325793021460e-03
4.710327576951862282e-05
3.373036567663078482e-06
1.008242414605783205e-04
-2.538994180526128481e-05
-1.451790967256973847e-04
3.101811315965766896e-02
3.352916607572723525e-03
-5.379498489888357988e-05
-1.106845208474210190e-05
-1.627033589606773079e-04
-3.948902771156289010e-06
1.367252783435513085e-04
-2.144851239272145202e-02
-6.908219817611902934e-06
2.261804682909148681e-05
-5.296859197431112834e-06
4.348206176954962410e-06
1.869117964535502900e-03
-2.577415696429150027e-05
1.598554090472887506e-05
-3.645467087218760290e-05
1.117755718092169935e-05
-3.152534135367584867e+00
2.391863904384916584e+00
-5.176811008433647165e-01
2.298102211822802943e+00
2.110305635893926279e+00
1.710859140151929081e+00
8.073837894574391605e-01
2.649019570187622019e+00
-1.370295330499854099e-04
1.208767060724809861e-04
-9.336877425964996936e-05
-2.153715612165097966e-04
-2.638399349666790353e-04
-1.485851416184664803e-04
-1.252327829322808254e-04
8.749883431508416638e-04
-8.531039321337358604e-05
6.694615488286519242e-05
-3.045799280821148746e-04
4.952563387996473704e-05
2.817061434535586052e-05
-2.538976855541614521e-04
1.997632244994349229e-05
1.259344040713944175e-04
-1.739736686802175435e-04
1.026553176209312639e-04
1.345399335114775717e-04
-8.764718930066126988e-05
-6.892378754816400055e-02
-8.230466498880772931e-05
-3.796491059613075689e-05
1.812620939045622541e-04
-1.441785202501344909e-04
-1.875379614028033909e-02
-1.311822666985290164e-04
-6.416311283465659157e-06
-9.652463393027455214e-05
6.603600957521623294e-05
-5.824869560077937033e-03
5.905905763797612292e-05
8.552122353072162884e-06
-8.251622931083053120e-05
6.506629528429680052e-05
-4.797316462164303609e-03
5.512329919286445391e-05
7.609497000675065641e-06
-1.270598790279870685e-04
1.441409434209780160e-05
-1.601208113673498797e-03
9.073107418483402568e-06
1.939241874302837046e-05
1.544729071055749611e-04
1.214640901375013460e-04
-2.439403500159168132e-03
1.076531102427260070e-04
-3.881097261384878333e-05
-1.084188715635091976e-02
4.842195310647556816e-05
3.552445953602185926e-05
-9.446351743370301479e-06
-3.188182360043198289e-05
4.353382523514237861e-05
6.842873746865404949e-02
4.899073781012419984e-03
-3.787412754257548329e-05
-3.322256218941721300e-05
2.418269436338209288e-05
9.528349228261808737e-06
-1.322615710653150443e-05
-3.092553234342033247e-02
-3.355281681344804250e-03
6.313514677005040241e-05
4.770665689522021941e-05
-1.647083034661371570e-05
1.725763956128412152e-05
-1.448218296345844488e-05
2.121594905097835826e-02
-4.496986052357081253e-07
-3.254838909565729236e-06
2.481193455231250726e-05
1.705035946626963132e-06
1.938678207892087762e-03
1.828368674444016167e-05
-5.641110710543369275e-06
1.529994383373742002e-05
2.598137312204532609e-06
-3.152574191774355494e+00
2.391930875985720739e+00
-5.177109268708012246e-01
2.298104529453578238e+00
2.110123537144921624e+00
1.710766989016561324e+00
8.073948276234913513e-01
2.649039767422710412e+00
1.549565942622964474e-05
7.541831274538021365e-05
3.720553517313110567e-05
2.128698456321237030e-05
-3.679593638962331929e-04
5.813809885198537215e-05
3.878295142759960999e-05
8.924118016311316645e-04
4.642029923935625480e-05
-1.707073385483636973e-05
-2.897878938217447091e-04
-1.196558708255872642e-05
-2.074603968366810924e-05
-2.022940815373484857e-04
-9.870184743301347420e-06
1.051702287296959207e-05
-3.077937004783625418e-04
1.537869078909609184e-06
1.566594787499961546e-04
-8.445630234094758529e-05
-6.919910240822468861e-02
-5.426641975942812898e-05
1.164666274638225917e-05
8.699230540902498426e-05
-8.458007550029265648e-06
-1.873305306122723807e-02
3.597705945506791492e-05
-7.862053461228527083e-05
-6.082071740408636295e-05
7.364258895840634060e-06
-5.789946338242590862e-03
2.817113367985314877e-06
1.734984685106546136e-05
-4.019907724170648577e-05
1.412821834577940208e-05
-4.740390630913838242e-03
2.358226169790535943e-06
1.567818822888832850e-05
-3.309217062435088497e-05
-7.845750893748415413e-07
-1.449156664035303795e-03
8.173494002992129500e-07
1.319995432156378305e-05
5.459030015277438409e-05
4.715150637680499913e-05
-2.630952042786583074e-03
-6.409424694997481242e-06
3.143917945216902123e-06
1.091881019767299357e-02
-1.186486840191864050e-04
-2.328701484243986784e-05
-9.024591889990329907e-05
-2.811236150455649185e-05
5.901653656313870632e-05
-6.881954703350576241e-02
-4.948656921290088551e-03
9.739659242185714962e-05
2.004006517540308369e-05
1.052369447833781391e-04
2.160712505386521061e-05
-4.989641565667372381e-05
3.120313421522708311e-02
3.414916675864293830e-03
-1.107134021293417836e-04
-3.786410003380323726e-05
-1.213250206345776322e-04
-3.618779219861180179e-05
4.500125683419626990e-05
-2.152881273737619616e-02
8.770356322402423320e-06
5.851733392630529022e-06
3.005856231224853826e-07
3.369253989238157648e-06
1.867421075521228779e-03
2.234606899433607492e-06
-6.567436739324914612e-06
-3.473069206152722729e-05
-2.377615882563882243e-06
-3.152539252531986413e+00
2.391833978637845526e+00
-5.176791265984025392e-01
2.298082645241981581e+00
2.110293130671097916e+00
1.710850084881957445e+00
8.073822816534902413e-01
2.649021359643873641e+00
-6.193800282726797659e-05
9.068912750405616705e-05
-7.108808541192676599e-05
-4.573066048962827913e-05
-3.106632988544714199e-04
-8.999545330885458643e-05
-1.630108886509563416e-04
8.355803694290124930e-04
-9.773656350249423301e-05
7.259413073748533472e-05
-3.032327238225725847e-04
4.380806158180859308e-05
4.378908865502761135e-05
-2.562096490582694511e-04
2.378723462786414916e-05
8.650873197136639157e-05
-1.752379154305089466e-04
2.851023765795295179e-05
1.049737304918038324e-04
-5.880336766248288240e-05
-6.893604997576359417e-02
9.901180293023443060e-06
-8.676549974838626902e-05
6.214922924806793431e-05
-1.417371518016995082e-04
-1.874442107138574870e-02
-1.993264587764125798e-05
-1.820170578431297838e-04
-2.978152988120730675e-05
5.102826086439880783e-05
-5.821580504227694998e-03
1.692374798646526044e-05
9.308457268371469161e-05
-2.094300735850633413e-05
4.759006430364403733e-05
-4.789295559515918677e-03
1.493401722453226903e-05
8.602716977639966647e-05
-4.546908042628620365e-05
-2.953356596958082249e-05
-1.579869251429188472e-03
-5.662389026556026298e-06
1.285453824593169936e-04
8.461953047979925890e-05
1.943603488520599535e-04
-2.464491307572235987e-03
4.708756928616656583e-05
-1.461598932463071426e-04
-1.089046877404388491e-02
-9.793058825422699259e-05
-2.697754276023044606e-05
-4.458547279415081555e-06
1.159100805997243433e-04
-4.799306726484047977e-05
6.835459482333235137e-02
4.938723688129522879e-03
4.293718046206103801e-05
6.827104158163045666e-06
2.585592056625687918e-05
-7.280096077529524040e-05
3.190793035977518635e-05
-3.090137618849200796e-02
-3.403706509870983807e-03
3.740430307432930125e-06
2.205558637920213005e-05
-2.606586349305529959e-05
6.287715397337159738e-05
-4.757168302021335445e-05
2.121179295283550856e-02
1.478972206684747111e-05
5.273721696233836086e-07
1.228988094306051443e-05
2.478353330554451087e-05
1.927054154463978593e-03
-1.602008573335953834e-05
-1.319818876304004783e-05
2.116252670284621208e-05
-5.337546159396306788e-07
-3.152564912049343082e+00
2.391906862551683943e+00
-5.177053602648106212e-01
2.298071561748074476e+00
2.110086638698947414e+00
1.710746198494980108e+00
8.073970455810282054e-01
2.649047264926777778e+00
-1.164149650662385798e-04
5.700460362945245114e-05
7.992635417828519067e-05
-2.545028860444567553e-04
-3.671078257376689767e-04
2.520733865977347384e-04
3.202827143918177908e-05
8.253204590395494741e-04
-1.638356674921863940e-04
7.013302915452523044e-07
-2.930895443174419347e-04
3.929235204098031333e-05
-9.440356418593936485e-06
-2.174760175660742491e-04
4.684508548346613384e-05
4.697112998292154946e-05
-2.941077745501143080e-04
-8.256362554911203739e-05
-1.418389763456246074e-05
-2.838659295828103654e-05
-6.900786255539993752e-02
3.835084327780415004e-05
1.531292384591338446e-04
-2.339608880967226977e-04
-1.631491512543360885e-05
-1.869539747889620643e-02
1.017223678385456874e-04
5.526350626347545304e-05
1.063058760331718998e-04
2.162117555179704585e-05
-5.767556772832980842e-03
-3.432838641317975437e-05
-3.378056580265459131e-05
1.053059663773811213e-04
2.599761872068161086e-05
-4.711995956958606180e-03
-4.022550752169266983e-05
-2.624463733404013872e-05
1.444163309762376492e-04
4.425461155334802854e-05
-1.443631957080394879e-03
-9.169761589655501524e-05
-2.651072266260698335e-05
-1.041733284317060057e-04
-4.013123858485590455e-05
-2.585046331904167910e-03
1.312692197514050269e-04
2.264495497120558364e-05
1.080506665562878596e-02
-2.101308555217894745e-04
1.314835547757894907e-04
-4.611897905238554474e-05
6.943581293253103977e-05
-6.721164562189266235e-05
-6.833916592192880446e-02
-4.903604863311303297e-03
1.420244833369276993e-04
-7.366895422669474439e-05
9.493889805605587595e-05
-5.485173051752089898e-05
4.611181102093651787e-05
3.096791255413013089e-02
3.396762396028579507e-03
-1.390021020915312416e-04
3.288449338913325231e-05
-1.342889642987621368e-04
5.272477854491352048e-05
-4.253119469967831228e-05
-2.137983042510372550e-02
2.142307374333491266e-05
-3.487703239342724009e-06
-2.034818847890089172e-05
-3.230666589874517380e-05
1.874089406059849163e-03
-9.071429147202022484e-06
-4.160850832559626826e-06
-3.675198560063459548e-05
-7.945171475399139438e-06
-3.152537576138562780e+00
2.391781267901180286e+00
-5.176706031977310607e-01
2.298012753961219623e+00
2.110219528133142397e+00
1.710818134839064975e+00
8.073838901859408113e-01
2.649029328884305201e+00
4.776378661370205524e-05
8.544734675034337411e-05
-4.735682867692192819e-05
1.912843140900467300e-04
-3.081341319024823730e-04
-6.351124766859318977e-05
-1.791800497826366470e-04
7.944413779224438876e-04
-5.701777959593777942e-05
5.294586847498888014e-05
-2.954587018117159087e-04
2.523795712902784816e-05
4.021058841103553603e-05
-2.442291372677533119e-04
1.769430057503972522e-05
6.466305646851770164e-07
-2.030486056455953594e-04
-5.262343443784918049e-06
4.900257772943967605e-05
-2.093652881403232184e-05
-6.901914155877732215e-02
3.368156404535450898e-05
-2.578533046495299404e-05
-1.868753190539359019e-05
-7.788173697966611821e-05
-1.873700950386314804e-02
2.853965052343953798e-05
-1.652699217469895323e-04
2.982936514021107170e-05
7.004900588440833705e-06
-5.808229883087669652e-03
4.267150863688747627e-07
8.154010351932037604e-05
2.612318411328194625e-05
1.470311464034804801e-06
-4.771719620868101509e-03
1.729548304110553061e-06
7.896419245234554839e-05
1.851063515836590904e-05
-8.646122933159158352e-05
-1.534522509245175295e-03
-3.357901257849548078e-06
1.159347897797427898e-04
-1.323394730246163920e-06
2.270470362414929574e-04
-2.531619328523201408e-03
1.733686950165004716e-05
-1.190446906271930012e-04
-1.085330548150090398e-02
-1.161657886499193194e-04
-4.538485608811975748e-05
-2.118170654349937898e-05
1.315158715270217378e-04
-4.210084251042491704e-05
6.845458230141519829e-02
4.907947983409172849e-03
7.042144997292524894e-05
1.808435541845342847e-05
5.102133646580839232e-05
-7.600756134724937006e-05
4.670287670572410496e-05
-3.097672827981880553e-02
-3.373103543093319140e-03
-3.223440393421486276e-05
1.145681406515189739e-05
-6.784101076387841212e-05
4.995953585592397841e-05
-6.744689914373915018e-05
2.130962620308706271e-02
1.643097086870030788e-05
-1.158056884061474281e-05
5.385728769561567194e-06
3.176976453194820730e-05
1.905600376350710060e-03
-2.320840548729056672e-05
-8.610149313408168659e-06
2.895486702160523138e-05
-2.639206509299081268e-06
-3.152550836833161174e+00
2.391835282656046058e+00
-5.176891235912955969e-01
2.298061254886420990e+00
2.110208196736399255e+00
1.710806208739395817e+00
8.073862263715085863e-01
2.649030878583220172e+00
-4.297794437827460177e-05
6.049043718245761952e-05
5.893118926334449392e-05
-9.569503675262272567e-05
-3.578791655571518840e-04
2.544077069209773820e-04
1.781754738368377891e-05
7.987151452279227584e-04
-2.559057083684957616e-04
-1.816956896334036815e-06
-2.991346578635069959e-04
7.062666354769286373e-05
-1.895955782794240815e-06
-2.442189387427956136e-04
6.294715806844088329e-05
1.892699447927711042e-06
-2.214932816616676375e-04
-5.096545729212315166e-05
-1.823749659597749626e-05
2.288778682255651706e-05
-6.892949694819491824e-02
3.659432144065727669e-05
1.644704333458587653e-04
-1.605196891985204372e-04
3.840651438183955639e-05
-1.871411861313758765e-02
3.362751418783127837e-05
8.210706019328490484e-05
6.681360311052046762e-05
-4.433513840997437418e-06
-5.795682661907852230e-03
-1.614809477674099557e-05
-3.548810225767755518e-05
6.014433523896396119e-05
3.606212435357152913e-06
-4.754367112598334097e-03
-2.242212471248099346e-05
-2.691888386337030619e-05
8.437107098708839556e-05
2.668911344961796047e-05
-1.513200090110068197e-03
-1.101498275492490762e-04
-5.070920819775151788e-05
-7.890458727654036135e-05
-4.693750369235663073e-05
-2.540349864926222997e-03
2.236434322190224676e-04
8.873069852074276617e-05
1.084525090301712361e-02
-6.143765072312372920e-05
1.101531369667005009e-04
-3.769490319290719205e-05
8.232550470592772153e-05
-1.296343877189658732e-04
-6.843632929446108459e-02
-4.916761764802941859e-03
5.120133615932754689e-05
-5.810528692816563476e-05
6.189117350158257480e-05
-6.186871847664349340e-05
7.261029637996524542e-05
3.096414734482069719e-02
3.392989308067329360e-03
-5.418261340876990868e-05
2.307623965308997944e-05
-7.673663727759613695e-05
6.713984596897843099e-05
-3.985989946092295113e-05
-2.129958050298187688e-02
6.984391584715716117e-06
-3.706934729359745179e-06
-9.552234593974447260e-06
-2.807481260553176897e-05
1.897478000349812595e-03
5.332402291850584473e-07
4.172454927085816239e-06
-3.165457817766691569e-05
-9.901155359521009668e-06
-3.152544404981020953e+00
2.391807070322126361e+00
-5.176778070916667751e-01
2.298034100243818934e+00
2.110202471223107334e+00
1.710801458822226895e+00
8.073855904129452199e-01
2.649033458181618172e+00
-7.037701433389097444e-05
5.848481135175772911e-05
-3.390550886570351625e-05
-1.774121225803801469e-04
-3.488972115489011490e-04
-1.828805203012970121e-04
6.920715818941090098e-05
7.755591003541046843e-04
2.111547929001044246e-04
-7.583416853716675569e-06
-3.015244537093992694e-04
-8.390637328497124465e-05
-1.285112509645843632e-05
-2.497457460048087101e-04
-7.030806635829606047e-05
3.042507846281401930e-05
-2.175112821683662396e-04
1.495947139921029265e-05
-7.773505010077354639e-05
-5.939783889160666665e-06
-6.902359527410363571e-02
-4.830723592657968799e-05
1.993440598616073780e-04
-2.050803445389555134e-06
-2.819566781790653503e-05
-1.875247097099357399e-02
2.261498311879252157e-06
9.048578562352571891e-05
-1.254947747064705661e-05
1.656989864116257866e-05
-5.801047652465189663e-03
-2.047124538925937587e-06
-6.099181511585546780e-05
-2.013233060926687118e-05
1.219779028270795906e-05
-4.754672301571709163e-03
9.015328558794436799e-06
-5.123452225705681920e-05
-3.124823620340165563e-05
3.845247878064625012e-05
-1.513417420202793108e-03
8.945626746311147843e-05
-8.986591680823347830e-05
2.613868574302167535e-05
-7.372882012540788919e-05
-2.525908493744376433e-03
-1.940659808798424299e-04
1.396518041974008871e-04
-1.088999728650072614e-02
7.218676995527197396e-05
1.981048404533223336e-05
-3.732159059021550318e-05
-8.219110335934290759e-05
-9.841221232288971735e-05
6.838578504263395641e-02
4.930335942751999830e-03
-6.257084574733028852e-05
-7.113970735795076186e-06
6.186882915458838395e-05
5.281427218583754826e-05
5.110816658291045603e-05
-3.094588943071012108e-02
-3.392460226989768481e-03
6.735052176387240695e-05
-5.269910240546124515e-06
-7.739808004085524384e-05
-5.508942781216999473e-05
-1.034893614213394826e-05
2.129985520236586660e-02
-6.688555377493689790e-06
-7.094463845761093447e-06
-9.444888508012897995e-07
-8.025245946803808285e-06
1.904110607739982345e-03
-6.801683935189263043e-06
1.101085513956020123e-05
3.300354241386548688e-05
-2.676512848885118318e-05
-3.152583056991215660e+00
2.391962961928701503e+00
-5.177261298241534471e-01
2.298173229039091492e+00
2.110191737618401397e+00
1.710787843623295723e+00
8.073920202371660526e-01
2.649031858547072904e+00
4.497370728689591244e-05
3.590364797794316472e-05
5.043366759293981504e-06
9.075288733569872096e-05
-4.419491502004000978e-04
-2.287393540364860475e-05
1.749730314703785289e-06
8.734915563253073303e-04
4.705655245802866987e-05
3.412468436675061755e-06
-3.057112911783845866e-04
2.850385140651587448e-06
1.208113414386476825e-05
-2.264923633674037517e-04
5.035626311217422299e-06
-2.550313194286603260e-05
-2.869792022988668177e-04
2.508721532973289794e-05
-1.166121899201032046e-04
1.439007530958127360e-05
-6.915566802318262596e-02
5.082192452877042858e-05
9.645935966309647112e-05
4.074243509876133843e-05
7.680694755669360049e-05
-1.876225444569790818e-02
-1.748244533097755861e-05
-6.294761488798425789e-05
1.660810168902982059e-05
-8.437879859390561837e-06
-5.800872544122320437e-03
1.068100600106371546e-05
3.011192664031154436e-06
4.770584054752834071e-06
-1.153246380847521187e-05
-4.747625659572350838e-03
3.607812214999420999e-06
1.630287922189873088e-05
-5.504419487622457663e-06
-6.934600983138835824e-06
-1.464024427815488732e-03
2.758609085903294706e-05
2.965026211971639000e-05
-1.562762099306565640e-05
-2.441429176789733195e-05
-2.603948181374679191e-03
-8.257213759498496113e-05
1.412784641192125969e-05
1.097282445139937529e-02
3.841271257677725156e-05
-1.738057617805494688e-06
-1.319954270288248299e-04
-5.888176120744689594e-05
-1.062739072599162458e-04
-6.884454641999193658e-02
-4.971746338912485727e-03
-2.831891489982605361e-05
-1.302539889883371491e-06
1.103260625547920759e-04
3.656857952711917072e-05
9.334261404381566049e-05
3.117423948238446166e-02
3.424451495521009439e-03
4.462257817821405341e-05
1.585052584010672005e-06
-9.508399394871254462e-05
-1.049672899568608489e-05
-1.139185250648478722e-04
-2.145808778972409236e-02
-9.007159039747846332e-06
4.352067623379557356e-06
7.193444264481067360e-06
-2.421545607034198506e-06
1.868484432382782907e-03
1.335023743877663367e-05
-3.455414490849025835e-07
-2.906923160150478509e-05
-2.510465322315890910e-05
-3.152526737175644911e+00
2.391754035541242107e+00
-5.176560368226835740e-01
2.297934396290522319e+00
2.110097040730708251e+00
1.710756844746923910e+00
8.073896956846482453e-01
2.649044607737824020e+00
-6.560594443301357153e-06
8.620307988516074348e-05
2.429655958675331739e-05
1.977056461043436974e-05
-2.926659324033252345e-04
-5.615467665871527042e-05
-6.719411626544171258e-05
7.771150216366463481e-04
2.033460569645033464e-04
1.362324180191239740e-05
-2.916029266936839923e-04
-7.230209560192252369e-05
8.509869063685073203e-06
-2.252689578575779348e-04
-6.056191281870382850e-05
-6.020788129577591395e-06
-2.706658501150943793e-04
1.215585271434766737e-05
2.014233971194654576e-05
-1.723299431610254449e-06
-6.894016174099301675e-02
-4.804229447253515395e-05
2.061977465443029164e-04
1.857419885252501097e-05
1.409536165722082647e-05
-1.873684565981856634e-02
1.306674182659804727e-05
2.038582050558842044e-04
-3.791197932260809839e-06
3.896084272716034613e-07
-5.772530033620232141e-03
-1.280326722834003461e-06
-1.053165482532375605e-04
-3.581998348257963153e-06
-3.551478816615527860e-07
-4.717771031215656739e-03
4.598946082008551015e-06
-9.343679310263698168e-05
-3.582816256563958263e-06
-1.494986158716046986e-05
-1.451574752274796673e-03
6.691808901303255273e-05
-1.332643771682300688e-04
9.342596530837923147e-06
3.477962519786866838e-05
-2.579361517376788614e-03
-1.618987858572561145e-04
1.522561165805982842e-04
-1.085561169850373861e-02
-3.338979002940023174e-05
1.614143854011769246e-05
-9.570422544855072822e-05
-1.208872470259667086e-04
-7.154749306876933765e-05
6.812740900782937592e-02
4.923784730397434001e-03
2.709584379970267397e-05
-2.013668337442930836e-05
1.107683369359346859e-04
8.306089330705737541e-05
2.750352260482845541e-05
-3.084171932932344359e-02
-3.401448315606617721e-03
-2.901487776678586853e-05
3.393917208633314060e-05
-1.363464714348207318e-04
-8.075826261822469446e-05
1.320407643146971882e-05
2.126848522834020455e-02
-3.140303226288971092e-06
5.220801770498741806e-06
-1.541468694333640057e-06
-3.824105117565703002e-07
1.889314465425987041e-03
1.294928916383133533e-05
1.354123529875693064e-05
3.929625837971426229e-05
-1.667817678725275676e-06
-3.152524978904770236e+00
2.391756557647325643e+00
-5.176556581093796350e-01
2.297913059438319916e+00
2.110054507821295999e+00
1.710741496014760887e+00
8.073920648402079792e-01
2.649047844991571310e+00
-5.479238699034765826e-05
1.061558650612100859e-04
9.699986865259897220e-05
-2.188789478505395259e-04
-2.673137319608416898e-04
1.914289695361080790e-04
1.967351069614158184e-04
8.041374764624679115e-04
7.744306267903688107e-06
-4.727868606937999459e-05
-2.848715739313961866e-04
-2.883983142307187895e-05
-4.384638146060034403e-05
-2.066426970281574330e-04
-1.782757033576273185e-05
5.903657024774328077e-05
-2.997052301824997336e-04
-4.127650136693234817e-05
1.128427258227321459e-04
-3.703266696224250865e-05
-6.890419069372412386e-02
2.136586852307113989e-06
-2.424722472800142602e-05
1.472540247589717926e-04
-2.103144831231463531e-05
-1.871312875631395492e-02
3.565474322711877303e-05
-1.152232018174593960e-04
-4.194131826165300428e-05
2.816700636005969893e-05
-5.760438069275708103e-03
-2.697188680596378240e-05
7.313123096108385072e-05
-4.158680211525308818e-05
2.883123021767585099e-05
-4.707865534650533361e-03
-2.302730575444749859e-05
7.571971332648555117e-05
-6.429654950277173119e-05
9.406919667670558512e-05
-1.431123752460599112e-03
-2.308430402031404845e-05
1.022705294299870959e-04
5.955440242929387431e-05
-1.795522610238503797e-04
-2.611918236630200209e-03
6.574766861209592472e-07
-8.641146135589792589e-05
1.082989979069039037e-02
-4.868703646856119283e-05
-6.948139042178337089e-05
-1.231512647870136590e-04
-8.860693630630567946e-05
-7.549393188577540464e-05
-6.819023102750486343e-02
-4.899733900607931847e-03
4.156857839591272721e-05
5.419679430997950600e-05
1.309464428570668304e-04
4.988215748489683535e-05
8.056928082431015666e-05
3.088684095190461637e-02
3.374020903886307959e-03
-2.062983318169972144e-05
-6.302515442183401727e-05
-1.564717666563339438e-04
-3.002516414943190589e-05
-1.039766662924428587e-04
-2.131940321823723450e-02
-5.653460799295173143e-07
1.539065589690124473e-05
1.468290863866080582e-05
2.374634528873212184e-06
1.877120655100657448e-03
1.788423467737279711e-05
-9.640420224153050961e-06
-3.659484756633216379e-05
-3.438322264680439408e-06
-3.152545943164899001e+00
2.391853524832709077e+00
-5.176859038252984435e-01
2.298015285800667051e+00
2.110079939727997012e+00
1.710743029749210997e+00
8.073942564833844759e-01
2.649045583357071632e+00
7.941484111909636570e-05
8.165723913060979854e-05
-3.221584563208699397e-05
2.267954073297464429e-04
-3.225283993023055074e-04
-1.308774730136596544e-04
-1.225075949381920521e-04
8.272857080415674117e-04
1.191841538884085428e-04
1.444267090680896807e-05
-2.954636562793238946e-04
-3.244251746307272896e-05
1.837539687320507542e-05
-2.149093911621521196e-04
-3.836203731043000357e-05
-6.891038637336554184e-05
-3.104344166422297259e-04
5.824717100425520311e-05
1.084582365980220689e-04
5.523460444215547323e-05
-6.901919493308544817e-02
-5.587232778082987282e-05
1.446756617055627728e-04
4.571326663038065763e-05
8.900396177986335340e-05
-1.875476055421091554e-02
-4.818830739589985196e-05
1.095469691848087945e-04
-1.212968824289850249e-05
-3.482779266189428303e-05
-5.772369854615534007e-03
2.652406478207599010e-05
-6.066258269786791937e-05
-2.923035557516435066e-06
-3.344035714387996570e-05
-4.712895828159041275e-03
3.125302842812465511e-05
-5.489003614631258489e-05
-2.630478757376245654e-06
-5.473153070406702465e-05
-1.427903614975972605e-03
6.293728545344614254e-05
-6.413412494298435036e-05
2.915094609279129880e-05
5.228919501330564793e-05
-2.615290192774023022e-03
-8.591252522131054877e-05
5.258740154723940503e-05
-1.091704411066181379e-02
-1.149285211689257593e-04
2.951999137505581863e-05
-1.434620240869377561e-04
-8.086110771430188478e-05
-3.060660787342365987e-05
6.843670221167452716e-02
4.953763887679323193e-03
9.776951678691186672e-05
-3.276807256384720599e-05
1.356582391369015594e-04
5.661657041008570299e-05
1.564180992327427562e-05
-3.098860162465819079e-02
-3.424011041950246904e-03
-1.062490166355384519e-04
5.341243244926931568e-05
-1.487240490987990632e-04
-4.785985399722623795e-05
-3.563930183725556346e-06
2.137131740269403168e-02
4.054989697706463947e-07
6.579225590620313901e-06
-1.623499987664221060e-06
-2.939219981726607853e-06
1.879761802602972990e-03
1.202313485357083185e-05
1.957960400801361843e-06
3.895810834885341022e-05
6.203045370073103802e-07
-3.152544404166759850e+00
2.391807068469926190e+00
-5.176778063822998766e-01
2.298034098657628199e+00
2.110202470735467184e+00
1.710801458372138706e+00
8.073855906069150601e-01
2.649033458342054725e+00
-6.453074727146262523e-05
5.848339950410928051e-05
4.399506142543717330e-05
-2.470234815946702536e-04
-3.489012664996122941e-04
6.220306266958882508e-05
2.174595272754336619e-04
7.755606762412073536e-04
4.564227018333490073e-05
-7.645730038186765757e-05
-3.015239278442728688e-04
-3.538526860028604331e-05
-6.731891940230280669e-05
-2.497448777000877795e-04
-2.402440974004972938e-05
2.818052763148105942e-05
-2.175119044828759780e-04
-1.886802457682543426e-05
2.114745583167189358e-04
-4.480291227543264140e-05
-6.902359369640816145e-02
-1.900868837877744727e-05
-3.235320017583542774e-05
7.938211357767895255e-05
-1.213471105381531772e-05
-1.875246852939266642e-02
2.555036603628414591e-05
-4.346489728525198865e-05
-4.654424773676493364e-05
6.510909817414980213e-06
-5.801048226104680607e-03
-1.537333789523302361e-05
4.136329423287969567e-05
-3.430313065037902465e-05
1.390580147932948299e-05
-4.754672310846598179e-03
-6.055416893643760976e-06
4.305173750142010061e-05
-6.220544710416104522e-05
9.669841188654325218e-05
-1.513415300449245937e-03
1.142941644312544202e-05
7.199413112323854421e-05
1.078834432128365729e-04
-2.049334250867708212e-04
-2.525912301769758870e-03
-3.318579061868817491e-05
-9.246240623283215972e-05
1.088999398389543967e-02
-1.213203341051667748e-04
-6.127317741002084525e-05
-3.732038837512760554e-05
-5.825179413780911001e-05
-1.330648756552726963e-05
-6.838577241321312783e-02
-4.930334000586729208e-03
7.554624869131017825e-05
4.217927491776741512e-05
6.186898396690586333e-05
3.256816904259869590e-05
2.863277537337727274e-05
3.094588321281544624e-02
3.392458644300022728e-03
-4.263743362740090529e-05
-5.034135302857178701e-05
-7.739963715717827764e-05
-2.298187996946564430e-05
-5.315237523439400764e-05
-2.129985142160659845e-02
2.653180864280001291e-05
7.094720331053326840e-06
1.000767646761578384e-05
-9.902914221723553654e-06
1.904110562566359473e-03
3.549269078001273840e-06
-4.686929913288193170e-06
-3.300364163883216318e-05
7.591509787549090911e-06
-3.152583056648290860e+00
2.391962959232418751e+00
-5.177261287516494725e-01
2.298173227345800651e+00
2.110191739194647198e+00
1.710787844185425621e+00
8.073920202830594528e-01
2.649031858377450366e+00
2.683532294212381754e-05
3.590241979862513865e-05
-3.642745392649828634e-05
2.550909515052222952e-05
-4.419527650149008874e-04
-9.003387767415660164e-05
4.163562656972775978e-05
8.734933540223272213e-04
2.201322078948578898e-05
4.175152719589175337e-06
-3.057114152732961793e-04
-1.529985418131236750e-06
1.040640897298131980e-05
-2.264920796272765192e-04
-7.944156788359942894e-06
8.960321769987521917e-06
-2.869799385474859632e-04
3.462824480511477268e-05
1.418157687801076857e-04
5.120635755934452955e-05
-6.915566198157735434e-02
1.295021162110555706e-05
5.275875160305138812e-05
-7.488964237997678829e-05
2.326309430931491890e-05
-1.876224769731084721e-02
-7.525610713838391135e-05
-3.811082173596006526e-06
-5.695381521580501240e-06
5.030739799155079894e-06
-5.800873388590421786e-03
1.264742918769949878e-05
-1.588885359167367700e-05
1.173428014968699743e-05
-2.642123161351159666e-06
-4.747625739326325964e-03
1.179105762409130261e-05
-1.228337214487081823e-05
2.842724941379745686e-05
2.042143878953611832e-05
-1.464022125517678219e-03
1.979892483688201304e-05
-1.005961280524253091e-05
2.005804259797721207e-05
-8.371376217157836235e-05
-2.603953219427599785e-03
-2.014379852339693149e-05
6.472146919376185850e-06
-1.097282292939995643e-02
-1.112424803327701709e-04
-5.186114312044978747e-05
-1.319949803443645764e-04
-2.793488142067545449e-05
1.987212851832203110e-05
6.884453535646666011e-02
4.971745611609561244e-03
9.499645019847476881e-05
3.101806842047952120e-05
1.103256103313979275e-04
1.941215574292952210e-05
-2.214753848437932293e-05
-3.117423410447802898e-02
-3.424450890912868542e-03
-1.209673826106490781e-04
-8.297137731334846850e-06
-9.508345790087795180e-05
-6.621333236414309541e-06
1.831624292301848483e-05
2.145808334480085733e-02
2.625345918996822934e-05
-4.351970675847949052e-06
-3.897153719890983023e-06
1.035093284581106359e-05
1.868484374968984148e-03
8.772033770953471463e-06
-6.057093440199587983e-06
2.906895193817878980e-05
4.753698806604406309e-06
-3.152530808073287005e+00
2.391779429277032243e+00
-5.176642561347561955e-01
2.298011897857827002e+00
2.110226526072366937e+00
1.710816684179657932e+00
8.073847008982004692e-01
2.649031374956350326e+00
6.959902482555472051e-05
9.378624530736929296e-05
1.256542996893985958e-06
8.273227514013094101e-05
-2.810875246429556671e-04
-8.759064019370362518e-05
1.190756291818675840e-04
7.905908184424876965e-04
1.686340082485979295e-04
-7.114959801684298771e-05
-2.998832642006973187e-04
-5.399471412637180481e-05
-4.731911417949453903e-05
-2.525619901160244297e-04
-3.638540203130620672e-05
-7.188033310848343353e-05
-1.941339212966578659e-04
-6.314415301311455259e-06
1.556767612240408244e-04
3.974110456458988111e-06
-6.906268614412400253e-02
1.285272566808843631e-06
-1.077827870825932800e-04
6.992482362621588415e-05
1.029612635247287235e-04
-1.877941868359944699e-02
2.347416312904917454e-05
-7.849524141405050677e-05
-5.612273458501192803e-05
-4.228976777209305499e-05
-5.815244468847842289e-03
-8.497126500275295366e-06
3.439287603401889806e-05
-4.304399823550627364e-05
-3.178038654200902380e-05
-4.771290065405731258e-03
-3.594412482806906469e-06
3.018218887632486205e-05
-8.092817258928250077e-05
2.190730177084962714e-05
-1.541048080084495182e-03
5.480474925313253147e-05
4.971894488223359314e-05
1.443284861292855261e-04
-1.247601016868067527e-04
-2.496154147423103233e-03
-1.411996211305290103e-04
-6.898541730418307548e-05
1.083721211787342167e-02
-8.464858740675354834e-05
-3.302524607391840641e-05
-2.954986214699639735e-06
-4.416459177273115207e-05
6.176769853545940880e-05
-6.836210136202933163e-02
-4.901249732909487324e-03
2.647333025911481705e-05
1.880336977580171032e-05
4.616195691010266389e-05
3.722675394884802751e-05
-3.893350388030672980e-05
3.092229351502875923e-02
3.367405964281536962e-03
1.843821978240480202e-05
-2.148012907867844141e-05
-6.940004749360351166e-05
-5.142404090427381128e-05
1.623571462392163923e-05
-2.127040065853588735e-02
1.891360338902994682e-05
2.385406415406514976e-06
8.338624618299344225e-06
-1.114596784975664038e-05
1.919483843544337502e-03
-8.011270297909883634e-06
-2.977350944525917250e-06
-2.853823759207068213e-05
5.735076458965428979e-06
-3.152566220014586307e+00
2.391902882369044026e+00
-5.177085628960184094e-01
2.298089613974464651e+00
2.110138439664229537e+00
1.710774517116096849e+00
8.073926699635384230e-01
2.649038756111591120e+00
-1.056943851936701815e-05
5.615028924996787272e-05
1.846265039284336129e-04
-7.349945193059145582e-05
-3.807553434347704050e-04
4.713124437652732156e-04
8.875880266558805465e-05
8.322922887134824761e-04
-1.751350581538682323e-04
-2.924577111497813039e-05
-2.929393757820273302e-04
2.582552810148736633e-05
-2.885930612951643310e-05
-2.206643560064925421e-04
3.622028637283151742e-05
4.049062993811386566e-05
-2.735853156724674584e-04
-1.030040001659055567e-04
-1.931254726644554727e-05
-3.358984948299812453e-05
-6.888117048337386028e-02
3.897697455572802887e-05
-2.763191370251313894e-05
-1.348297660115766990e-04
-4.203434651001771187e-05
-1.865726184735538168e-02
5.037423536629118386e-05
1.376756822920070171e-04
5.670255015014600018e-05
1.359171860249055422e-05
-5.770350868001684896e-03
-4.595908552536113762e-05
-1.069313395546041842e-04
6.145437649601135375e-05
1.589270904409665291e-05
-4.728114665052098736e-03
-4.935900620179351351e-05
-1.016021200072929288e-04
8.660895283895957033e-05
4.669466302766218257e-05
-1.472381954477376079e-03
-1.250029430947198657e-04
-1.299090735269401169e-04
-5.851998676279263783e-05
-8.698296125932460912e-05
-2.582159245545103884e-03
1.997396414296425749e-04
1.053379677474042373e-04
-1.082261645450563470e-02
-5.485065754762740928e-05
-9.732075351673557650e-05
-5.680235632688976355e-05
-8.534663594356650326e-05
2.371426509577005855e-04
6.844604739730746068e-02
4.889889095423090130e-03
4.680114423058403389e-05
5.854789639633947371e-05
8.249879060752071669e-05
4.219676017579144199e-05
-1.694927242846094298e-04
-3.101028699601706198e-02
-3.360520588580695554e-03
-6.619746509570109119e-05
-4.059935455073493079e-05
-1.043864278333569984e-04
-2.920514651735621990e-06
1.548496031316158117e-04
2.138186318802754587e-02
-6.126097496229285797e-06
-1.920818840357054586e-05
-1.192047633864456156e-05
1.215335536490627427e-05
1.877924626868865410e-03
3.310908566063171590e-05
1.287943211615108518e-05
3.210097734392685254e-05
2.605340770237579598e-05
-3.152522763674912909e+00
2.391748821924558399e+00
-5.176537025241962908e-01
2.297977780601323960e+00
2.110221989997682179e+00
1.710821634843200378e+00
8.073845631216433061e-01
2.649031670316845943e+00
1.174128490271943409e-04
1.174964289106106833e-04
2.162472860942803513e-05
1.921739648221057993e-04
-2.352071272650634232e-04
-9.062312325434953284e-06
1.043861722930534676e-04
7.932247669843238511e-04
1.086924428249280890e-04
-4.539279070333662952e-05
-2.944102002298289687e-04
-4.862658482765509923e-05
-2.273702151806311801e-05
-2.487560576575673478e-04
-2.745698490770541694e-05
-7.136946755269603663e-05
-1.828642734683975880e-04
-6.926161861576154836e-05
7.437441548190353718e-05
2.654954055367729233e-05
-6.911784095738784939e-02
6.673563066561050486e-05
-5.784344488429251328e-05
1.403680510271866893e-04
1.030828562051768263e-04
-1.878010013650283083e-02
1.342086496601552345e-04
1.073703153473797164e-04
-6.877462429291361830e-05
-3.672142391226568541e-05
-5.820646936909350082e-03
-4.214702604423075196e-05
-4.262203080773547192e-05
-5.658564459323264632e-05
-3.627790354278395940e-05
-4.781708447070687727e-03
-3.227885101211263165e-05
-4.057208727549843695e-05
-9.099330867136682863e-05
-3.571847235209503198e-06
-1.556315545890385151e-03
3.367417606130234726e-05
-5.150590264927439282e-05
1.217780888231390687e-04
-8.811137027440432874e-05
-2.491164218238057539e-03
-1.551690956941001909e-04
3.411606499558130130e-05
1.081398134057941565e-02
-1.961116553870177748e-05
-6.496609408358628682e-05
2.806745450691788824e-05
1.010567316630249014e-04
1.031411251756123417e-04
-6.839029889811884533e-02
-4.899712956573956842e-03
-1.520481601318941865e-05
4.358910072252834595e-05
3.450037928880329841e-05
-4.876621345885161479e-05
-6.128549114107643752e-05
3.094106132058453695e-02
3.378117713792068780e-03
5.115189514261837996e-05
-3.949510647885592495e-05
-6.828853471062962255e-05
5.584234626493966608e-06
3.655620477818917729e-05
-2.128945654412576355e-02
-7.485901291210013669e-06
-1.526983494252900746e-06
7.618910251575619066e-06
7.419228050885580514e-06
1.922675272795985229e-03
-4.089579530357029485e-05
2.343788117027654247e-06
-3.010508923673598555e-05
1.188720374720780219e-05
-3.152522084828029758e+00
2.391731375153132610e+00
-5.176492334835591791e-01
2.297924429465250995e+00
2.110143484885651954e+00
1.710791925846438577e+00
8.073867150991894670e-01
2.649037166530005649e+00
-8.190408377129290864e-06
1.414350494274164548e-04
4.602941644536414408e-05
-2.789560546278398395e-05
-2.128668678713337495e-04
1.966370762858652603e-04
8.895223343072032162e-06
8.314025757110685188e-04
-1.984013536798680396e-04
-1.585313677479497990e-05
-2.797014183523395710e-04
4.523378692510442346e-05
-1.044511372844880717e-05
-2.113714217749603007e-04
3.199745201090046891e-05
-5.406525777430723500e-06
-2.437336740583646725e-04
-4.076852197200441039e-06
5.394123156073863268e-07
-4.851760952860779963e-06
-6.906739996943386806e-02
-3.795751467270758531e-05
-5.404052948495928618e-05
-3.441199694814635768e-06
8.692481490972359709e-06
-1.873576492262431920e-02
-8.614073526061016665e-05
2.289431871675067198e-05
9.989045810343493396e-06
-6.260789038373473442e-06
-5.797119109983924629e-03
1.532823605064883503e-06
-4.576383756349557830e-05
1.464009771622190950e-05
-2.613641984064851907e-06
-4.760312439790202570e-03
-3.282867428359643785e-06
-4.165849210793726528e-05
3.202745322082944062e-05
1.203859386975539491e-05
-1.500100191793094949e-03
-9.105641352468541805e-05
-5.805184847919040092e-05
-3.875357886975150346e-05
-3.128302879737238990e-05
-2.583268807690945051e-03
2.303573693085538617e-04
7.110233763001384279e-05
-1.083145458164432549e-02
-2.454413845054631647e-05
-2.554821442462309718e-05
-4.054926947644199586e-05
-7.759416211397030839e-05
1.114196695848776409e-04
6.853360843617144205e-02
4.898620921893917339e-03
2.673189265034291032e-05
8.375114779338472680e-06
7.893261172857608809e-05
2.634423306826616084e-05
-9.120630251671353692e-05
-3.104494307050688004e-02
-3.372748052786847875e-03
-4.378312572100168110e-05
6.780966087338395881e-07
-1.120118309005536245e-04
2.349510918229488288e-05
7.340698917848091469e-05
2.140084997139807960e-02
-6.960631932786956401e-06
-1.481853310599440037e-05
-4.277147761859002395e-06
-3.876150579290808248e-06
1.893920818281785105e-03
3.627640810033799052e-05
-2.533769974313214912e-06
3.042011711530632763e-05
1.564506472716116156e-06
-3.152528168973602440e+00
2.391754775847343417e+00
-5.176566376131496172e-01
2.297983483362341595e+00
2.110224297226371171e+00
1.710825255424153646e+00
8.073836927975193145e-01
2.649029775815930687e+00
9.075110424011796054e-06
1.227817764788396971e-04
-1.722767123519528787e-05
-1.154909087520999316e-05
-2.404459760342445756e-04
-1.049109647842482568e-04
6.867089292352207379e-05
8.197288090697610937e-04
1.321074036207261842e-04
-1.066614459561384935e-05
-2.892850782124583935e-04
-3.202815126553271846e-05
-9.615554512750878669e-06
-2.369538673673412599e-04
-8.370102176612283668e-06
7.612696997937143687e-06
-1.941237127886478054e-04
-5.833790712269951400e-05
1.467547799348866647e-05
-7.302847856267336880e-06
-6.907712647667335615e-02
1.263973739953521466e-04
4.948182007629862642e-05
2.864417433899163332e-05
-4.375860091675816323e-06
-1.874959542958698142e-02
1.702245297977529929e-04
1.665338038078010402e-04
1.825763534338577300e-07
5.343633895751325629e-06
-5.816664962938492868e-03
-3.375012204240369668e-05
-1.043952764862140429e-04
5.436218457715196581e-06
2.583427520959686208e-06
-4.782299926444345990e-03
-2.744317772821045274e-05
-8.921414516462703999e-05
1.990175698728138912e-06
1.683142207618637472e-05
-1.548866253677892149e-03
6.268257766630568007e-05
-1.068708370492121547e-04
1.612305445781735304e-05
-4.411073851986534140e-05
-2.517806311494437919e-03
-2.265635334473634771e-04
1.089381873306898528e-04
1.083253472025533584e-02
-5.301090178066241386e-05
-3.133475589569753843e-05
1.389215868217302807e-05
1.714294584211847623e-04
8.752306578241027604e-05
-6.848639069082647357e-02
-4.903232237194611598e-03
2.309596988542351515e-05
2.283103279344435039e-05
3.840781288862518683e-05
-8.670825528014035333e-05
-5.400089508831305059e-05
3.100059170098247441e-02
3.374441762796946860e-03
-1.371158049930296232e-05
-2.008017134721869202e-05
-6.813625643236308205e-05
3.082784654777679214e-05
2.151691793251901946e-05
-2.133515367031669011e-02
-4.577962808466275353e-06
4.209071580556680956e-06
-2.722961530688161770e-06
6.737499472629285410e-06
1.914188667303982948e-03
-5.635191252530010418e-05
3.149212934991152185e-06
-2.859541506806671557e-05
1.558830200731011113e-06
-3.152528169426316307e+00
2.391754776791314541e+00
-5.176566380050406924e-01
2.297983484315441860e+00
2.110224297134654314e+00
1.710825255303055403e+00
8.073836928224046305e-01
2.649029775787416607e+00
-9.073717374836427004e-06
1.227811759306460032e-04
1.722793996658183728e-05
1.155276004895480399e-05
-2.404472399154357679e-04
1.049124666026087925e-04
-6.867227353047733029e-05
8.197290940119149501e-04
-1.321098150209239783e-04
1.066619001639621897e-05
-2.892850978006031933e-04
3.202853127289939059e-05
9.615709862167804524e-06
-2.369538214766575101e-04
8.370659711782336813e-06
-7.613767803039466701e-06
-1.941240833106600743e-04
5.833635650616699993e-05
1.467554343892270492e-05
7.304230850181510034e-06
-6.907712424335535339e-02
-1.263976184472910894e-04
4.948318814671772911e-05
2.864357633750754437e-05
4.376234733812276031e-06
-1.874959417933887845e-02
-1.702210340854017328e-04
1.665331391408916926e-04
1.827833892204462120e-07
-5.344282139740795030e-06
-5.816664521582297354e-03
3.374948897700572796e-05
-1.043953852951614637e-04
5.436339463712021452e-06
-2.584283808013756344e-06
-4.782299433617672423e-03
2.744295623501754569e-05
-8.921431237488315212e-05
1.990009095836964335e-06
-1.683273032914584384e-05
-1.548865525179527218e-03
-6.268290788159804603e-05
-1.068709569186774742e-04
1.612381635933126130e-05
4.411179175500547597e-05
-2.517807076142182347e-03
2.265641918225665466e-04
1.089379598204889073e-04
-1.083253361777743694e-02
-5.301182938429970762e-05
3.133529272394410762e-05
1.389189944458329995e-05
-1.714288518153273119e-04
8.752558579996081237e-05
6.848639208820957169e-02
4.903231570879560720e-03
2.309666113257338065e-05
-2.283133074197076992e-05
3.840811271055115383e-05
8.670748482829930158e-05
-5.400249653199091365e-05
-3.100059255020326185e-02
-3.374441055102694702e-03
-1.371230202961845818e-05
2.008022407251160082e-05
-6.813660460880041625e-05
-3.082662720831286706e-05
2.151845046742637425e-05
2.133515418358058677e-02
-4.577923651947861383e-06
-4.209088279834993654e-06
-2.723018360893616921e-06
-6.737591382245243943e-06
1.914188182918801027e-03
5.635192026541205454e-05
3.149300459092725267e-06
2.859554157640384678e-05
1.558847108316694188e-06
-3.152522084715442485e+00
2.391731373496281954e+00
-5.176492327342075983e-01
2.297924429105859812e+00
2.110143487831051878e+00
1.710791927193516360e+00
8.073867150033187112e-01
2.649037166226657192e+00
8.188793816895151902e-06
1.414348089224890664e-04
-4.602957548833567212e-05
2.789304199733960536e-05
-2.128670925096987337e-04
-1.966371037450385419e-04
-8.896877490659680884e-06
8.314025012486140872e-04
1.984011328968054175e-04
1.585337514906826246e-05
-2.797019208372583709e-04
-4.523349631559911161e-05
1.044500453947135224e-05
-2.113723343320473799e-04
-3.199701099763094594e-05
5.407429351251550524e-06
-2.437324223404076858e-04
4.076082560136373234e-06
5.388420615154464795e-07
4.849870665257210588e-06
-6.906739954694321448e-02
3.795986961855810603e-05
-5.404022713887090797e-05
-3.444603182530344185e-06
-8.696898767795064071e-06
-1.873576302360472831e-02
8.614431757534188566e-05
2.289576770012716629e-05
9.989836613966811228e-06
6.261566550550827541e-06
-5.797119729520657308e-03
-1.533581989698174332e-06
-4.576372812413350533e-05
1.464055694343526253e-05
2.613868445643196444e-06
-4.760312865225949097e-03
3.282687181708495534e-06
-4.165834156240757569e-05
3.202774571106716580e-05
-1.204007526803931567e-05
-1.500100687440125528e-03
9.105786331633223315e-05
-5.805146826407148349e-05
-3.875374612399096013e-05
3.128714375302514295e-05
-2.583268643803383544e-03
-2.303607577233343911e-04
7.110192421909536159e-05
1.083145403462391562e-02
-2.454481129881988738e-05
2.554815972568503699e-05
-4.054796484992406747e-05
7.759628387569951144e-05
1.114167568273123328e-04
-6.853360602046684735e-02
-4.898620510830258533e-03
2.673245951429769371e-05
-8.375112219964495281e-06
7.893158485009453551e-05
-2.634533063802671580e-05
-9.120490675220706799e-05
3.104494115357690764e-02
3.372747292375799077e-03
-4.378387187544232392e-05
-6.781689863089032460e-07
-1.120103738816175670e-04
-2.349439622263970210e-05
7.340608706656840017e-05
-2.140084709068586222e-02
-6.960646791953703104e-06
1.481855309080044674e-05
-4.277185858238108211e-06
3.875906388915619226e-06
1.893921154803177671e-03
-3.627659762138119091e-05
-2.533994993708733380e-06
-3.042009898553737417e-05
1.565073911440643874e-06
-3.152522763739052714e+00
2.391748818792754694e+00
-5.176537014313755680e-01
2.297977778396878445e+00
2.110221991526815000e+00
1.710821635628553272e+00
8.073845629919852440e-01
2.649031670074188050e+00
-1.174108946057684952e-04
1.174956651137637058e-04
-2.162405122467904797e-05
-1.921701393101703313e-04
-2.352081215783932830e-04
9.064108230248473473e-06
-1.043861162125914296e-04
7.932241205991800905e-04
-1.086930650813767410e-04
4.539271112350981108e-05
-2.944105692421982411e-04
4.862682270538677866e-05
2.273728701159498429e-05
-2.487566973027756758e-04
2.745760092731621010e-05
7.136783252286226311e-05
-1.828638093204026471e-04
6.925972266445207877e-05
7.437455654485966659e-05
-2.654882018724737374e-05
-6.911783933181381290e-02
-6.673287121215657272e-05
-5.784405523856397772e-05
1.403672665722630628e-04
-1.030828429236584716e-04
-1.878009662098937757e-02
-1.342022095804196560e-04
1.073685988881228426e-04
-6.877446318742731269e-05
3.672098953711647981e-05
-5.820646611217432202e-03
4.214553272116378264e-05
-4.262142823234354452e-05
-5.658553326111956887e-05
3.627698207758191186e-05
-4.781707901870236102e-03
3.227830258259193545e-05
-4.057143730528954312e-05
-9.099332451124131176e-05
3.570007033210990098e-06
-1.556314435652508040e-03
-3.367267136323494906e-05
-5.150499731936819672e-05
1.217783521164267672e-04
8.811332038313957537e-05
-2.491165920481150983e-03
1.551646822720408460e-04
3.411526769746126551e-05
-1.081398090136274914e-02
-1.961161713905611170e-05
6.496650534387114718e-05
2.806750196317209234e-05
-1.010541278612768219e-04
1.031434291256648917e-04
6.839029596559870194e-02
4.899712808688581889e-03
-1.520448728839322861e-05
-4.358905932668068585e-05
3.450043274024622297e-05
4.876438539764716838e-05
-6.128674403830326788e-05
-3.094105988147691222e-02
-3.378117606455350273e-03
5.115157016603530133e-05
3.949484227408416276e-05
-6.828835507338877620e-05
-5.582357402021689515e-06
3.655724541122435116e-05
2.128945448505618204e-02
-7.485911196656648038e-06
1.526918169732151449e-06
7.618897688343453326e-06
-7.419415679220331351e-06
1.922674661627330698e-03
4.089567700762862187e-05
2.343898764628802407e-06
3.010537734792419922e-05
1.188667712111879252e-05
-3.152566218867629999e+00
2.391902875641755077e+00
-5.177085604825870657e-01
2.298089609201745542e+00
2.110138442446309881e+00
1.710774518277385470e+00
8.073926698741807906e-01
2.649038755842634263e+00
1.057021612147136152e-05
5.614998273796730464e-05
-1.846256975532446060e-04
7.350179086352843366e-05
-3.807567412848263805e-04
-4.713105991625181693e-04
-8.876050783453768407e-05
8.322933111517284146e-04
1.751348296658715887e-04
2.924614762335967717e-05
-2.929396284708945023e-04
-2.582529176925264959e-05
2.885963568316299852e-05
-2.206645245165373814e-04
-3.621966436149859456e-05
-4.049102572619538707e-05
-2.735851091351068935e-04
1.030020925410704970e-04
-1.931279066977743385e-05
3.358991413201833833e-05
-6.888116414394633569e-02
-3.897362192643058325e-05
-2.763332134365567572e-05
-1.348285745303381034e-04
4.203383721872950619e-05
-1.865725520065328671e-02
-5.037015042758422826e-05
1.376751313310150724e-04
5.670243265605011992e-05
-1.359174859295976870e-05
-5.770352328028825750e-03
4.595810960086432317e-05
-1.069305392896363930e-04
6.145444888893833392e-05
-1.589290348594570186e-05
-4.728115162054293344e-03
4.935844279663580809e-05
-1.016016181505096256e-04
8.660970320206933871e-05
-4.669572128244750520e-05
-1.472379921551917248e-03
1.250044371677644026e-04
-1.299084916138603014e-04
-5.852161011756488616e-05
8.698494016949122906e-05
-2.582164308095620704e-03
-1.997443023349110302e-04
1.053374226513797670e-04
1.082261494111646898e-02
-5.485004591583250190e-05
9.732063131569299724e-05
-5.680144549400148457e-05
8.534725094351070310e-05
2.371409163294405445e-04
-6.844603233270671327e-02
-4.889888287921116856e-03
4.680065231003167295e-05
-5.854777953281383547e-05
8.249801443328125261e-05
-4.219655791458040706e-05
-1.694911961313046861e-04
3.101027917371559223e-02
3.360519818766734713e-03
-6.619714458408557925e-05
4.059935743158728000e-05
-1.043855176778834409e-04
2.919169196112785403e-06
1.548481347588895047e-04
-2.138185629619105549e-02
-6.125980365132959729e-06
1.920807857719517551e-05
-1.192069997650263102e-05
-1.215321968081909884e-05
1.877924809565758831e-03
-3.310916252112169368e-05
1.287959432635948529e-05
-3.210060429944341942e-05
2.605341266160752459e-05
-3.152530807073774088e+00
2.391779423192061493e+00
-5.176642538607616473e-01
2.298011893378222759e+00
2.110226527843897859e+00
1.710816684799124188e+00
8.073847008896067878e-01
2.649031374793296312e+00
-6.959752579901231240e-05
9.378337837544358673e-05
-1.257932303100576935e-06
-8.272852694338046179e-05
-2.810936597796867770e-04
8.758769750375004336e-05
-1.190765560388859382e-04
7.905911317615470875e-04
-1.686344275967794617e-04
7.114949873512694709e-05
-2.998831992001679456e-04
5.399529489948938407e-05
4.731900193711339840e-05
-2.525619433075815658e-04
3.638609540469431747e-05
7.187994400502575453e-05
-1.941338801941996234e-04
6.314371295032054064e-06
1.556764387551129621e-04
-3.975624939187342131e-06
-6.906268000926410466e-02
-1.284798115117421645e-06
-1.077811635331650270e-04
6.992375576175211818e-05
-1.029600584487075067e-04
-1.877941239228550496e-02
-2.347276644886020454e-05
-7.849668868092199762e-05
-5.612195185421959659e-05
4.228958014833516198e-05
-5.815244447647948019e-03
8.497392404830949621e-06
3.439302302432487919e-05
-4.304310043505282649e-05
3.178031026787565897e-05
-4.771289323501686983e-03
3.595031480965128127e-06
3.018193507331712436e-05
-8.092708856810671239e-05
-2.190844509142990008e-05
-1.541044801062561864e-03
-5.480320330562006402e-05
4.971812803756026403e-05
1.443279900967380782e-04
1.247628617999781370e-04
-2.496159374770869251e-03
1.411976662516169700e-04
-6.898473336085864181e-05
-1.083720934590057597e-02
-8.465203476535243694e-05
3.302519482667694349e-05
-2.955188693219701346e-06
4.416515014858668747e-05
6.176908197187561469e-05
6.836208357340528563e-02
4.901248533083515241e-03
2.647450121226653259e-05
-1.880373459714741009e-05
4.616270983537167083e-05
-3.722651812667444405e-05
-3.893417242465378215e-05
-3.092228461259026451e-02
-3.367405203651484529e-03
1.843784305864118109e-05
2.148131873540477538e-05
-6.940159688187050313e-05
5.142300935044995139e-05
1.623604889544421042e-05
2.127039359029112703e-02
1.891346260637024354e-05
-2.385311277016441746e-06
8.338184961442226617e-06
1.114614857310831583e-05
1.919483091835362922e-03
8.011351071479492787e-06
-2.977584878728682617e-06
2.853872192745336809e-05
5.735151818003007051e-06
-3.152583055886232888e+00
2.391962954238524119e+00
-5.177261268649311354e-01
2.298173223943523080e+00
2.110191741540094590e+00
1.710787845093871828e+00
8.073920202668436463e-01
2.649031858151620344e+00
-2.683449521960210916e-05
3.590109960299531970e-05
3.642933790885181889e-05
-2.550667068733109433e-05
-4.419564026841899971e-04
9.003839465213781370e-05
-4.163623521473972704e-05
8.734948414711753411e-04
-2.201424592146867783e-05
-4.175043976983719619e-06
-3.057115654946179978e-04
1.529387434579932616e-06
-1.040643540791286119e-05
-2.264920070597321519e-04
7.943560028536741813e-06
-8.960273136673566063e-06
-2.869801498620638326e-04
-3.462899115761965032e-05
1.418127992500121243e-04
-5.120673817378802945e-05
-6.915565312338217696e-02
-1.295089239962273441e-05
5.275741581294680167e-05
-7.488943631967015307e-05
-2.326148736717114935e-05
-1.876223987997544668e-02
7.525571876937889218e-05
-3.812899658854274000e-06
-5.695470706762533971e-06
-5.031007832815477814e-06
-5.800874186192774874e-03
-1.264809611610218348e-05
-1.588827263806159628e-05
1.173456328498615267e-05
2.641999099118179394e-06
-4.747625638676292517e-03
-1.179205336370356383e-05
-1.228305302661473992e-05
2.842800586951923922e-05
-2.042161775986631905e-05
-1.464019552369050670e-03
-1.980149892239273801e-05
-1.005972318111393750e-05
2.005721440407914438e-05
8.371392646868104561e-05
-2.603958336874610206e-03
2.014746829240917576e-05
6.472743440563283595e-06
1.097282058380767873e-02
-1.112416675025527848e-04
5.186142441611948754e-05
-1.319942457410697156e-04
2.793399857208326252e-05
1.987054407005605467e-05
-6.884451765643795351e-02
-4.971744487728113268e-03
9.499614924323902007e-05
-3.101878614029094684e-05
1.103251386195738121e-04
-1.941259641319981579e-05
-2.214631238066927594e-05
3.117422518717294713e-02
3.424450034251905889e-03
-1.209671522642669187e-04
8.298699699932685471e-06
-9.508304130906655716e-05
6.623198578326695623e-06
1.831458044884412865e-05
-2.145807592291292670e-02
2.625386171286795247e-05
4.351925873575876463e-06
-3.896933238245275743e-06
-1.035078407135661907e-05
1.868484239159725994e-03
-8.772189131898222656e-06
-6.057260934279425546e-06
-2.906873781271711798e-05
4.754064774074520531e-06
-3.152550838189351001e+00
2.391835290703251182e+00
-5.176891267072865066e-01
2.298061260187868271e+00
2.110208192846955377e+00
1.710806207340152651e+00
8.073862263157681740e-01
2.649030878929753641e+00
4.297638346979459732e-05
6.049365290849647876e-05
-5.893081274818099151e-05
9.569136191627163957e-05
-3.578709364794603175e-04
-2.544063143912677835e-04
-1.781716362147154443e-05
7.987123770471997019e-04
2.559046226013613574e-04
1.817145060425127864e-06
-2.991345495698484501e-04
-7.062709524319057215e-05
1.896199721692499296e-06
-2.442191558383634276e-04
-6.294792344538406277e-05
-1.892728626447525597e-06
-2.214930014016150861e-04
5.096629917145231378e-05
-1.823906122550662465e-05
-2.288773359600271024e-05
-6.892951059166912975e-02
-3.659792277821460101e-05
1.644727786141255733e-04
-1.605188974061520855e-04
-3.840448815551302159e-05
-1.871413091572838444e-02
-3.363116887537683463e-05
8.210785197931258473e-05
6.681299784195256285e-05
4.433555605421374323e-06
-5.795681822178089075e-03
1.614870183536919123e-05
-3.548854995983077799e-05
6.014357682526593417e-05
-3.605898137551245635e-06
-4.754367501685751764e-03
2.242213192725393486e-05
-2.691937875759733870e-05
8.436975661705463142e-05
-2.668776921363978909e-05
-1.513204762712710679e-03
1.101468597224269285e-04
-5.070947003658266607e-05
-7.890309712870163372e-05
4.693507693871307445e-05
-2.540340816920280860e-03
-2.236366221032573477e-04
8.873017732480709954e-05
-1.084525579145749485e-02
-6.143764567563894663e-05
-1.101524472994253349e-04
-3.769533157043855609e-05
-8.232740945119157959e-05
-1.296321009798026124e-04
6.843635969473667313e-02
4.916764233061639983e-03
5.120150551028766848e-05
5.810480197007414154e-05
6.189106445018445479e-05
6.186868200566632194e-05
7.260908868767521410e-05
-3.096416224138026640e-02
-3.392991292402829095e-03
-5.418295480116473110e-05
-2.307576359218378864e-05
-7.673594106442395424e-05
-6.713783375846612157e-05
-3.985850733178225363e-05
2.129959222671905933e-02
6.984020035207948607e-06
3.707005451156924515e-06
-9.551924237129785474e-06
2.807468251494881644e-05
1.897478692773383116e-03
-5.333886548350842520e-07
4.172505413659722108e-06
3.165453715893199143e-05
-9.901379183839138765e-06
-3.152537577481473452e+00
2.391781275897927106e+00
-5.176706062581027945e-01
2.298012759026044183e+00
2.110219524075391817e+00
1.710818133431224020e+00
8.073838901512895294e-01
2.649029329263781651e+00
-4.776381522674018223e-05
8.545236029756868410e-05
4.735603093269725913e-05
-1.912842805840284576e-04
-3.081223145125131218e-04
6.350997001633857915e-05
1.791799182235099630e-04
7.944391145462023586e-04
5.701735982907346536e-05
-5.294581885921684509e-05
-2.954586516788510354e-04
-2.523738624257936867e-05
-4.021058517239134704e-05
-2.442293856203595331e-04
-1.769383196978292370e-05
-6.463208775000063924e-07
-2.030483790931853622e-04
5.262573633566562323e-06
4.900356904643545213e-05
2.093516169433015488e-05
-6.901915426099361484e-02
-3.368038931941981767e-05
-2.578498444364253975e-05
-1.868726036437379776e-05
7.788089074470640801e-05
-1.873702167020106779e-02
-2.853905205796323835e-05
-1.652693936992851202e-04
2.982862262744139160e-05
-7.004603186711423971e-06
-5.808229409686642072e-03
-4.263718331295118184e-07
8.153991960358083178e-05
2.612225248329248754e-05
-1.470050832906458303e-06
-4.771720294565408652e-03
-1.729108750021313753e-06
7.896381062387204620e-05
1.850918616887961023e-05
8.646081201580589582e-05
-1.534527695021702456e-03
3.359329005018398657e-06
1.159339492225865218e-04
-1.322122607012624990e-06
-2.270453486319797768e-04
-2.531609840677077634e-03
-1.733931151377811908e-05
-1.190433400615132015e-04
1.085331084535812694e-02
-1.161646462640541339e-04
4.538407279840498375e-05
-2.118094831610184414e-05
-1.315158590691364827e-04
-4.210168818421502687e-05
-6.845461481156124572e-02
-4.907950544151946058e-03
7.042109368983462663e-05
-1.808386655929091359e-05
5.102047184755292841e-05
7.600806881539829351e-05
4.670360061146739718e-05
3.097674430437836676e-02
3.373105598772667239e-03
-3.223424779626665000e-05
-1.145700325375705476e-05
-6.783945508251169876e-05
-4.996089114530415857e-05
-6.744739244555781471e-05
-2.130963879170964109e-02
1.643105593256731972e-05
1.158058543860205031e-05
5.385755669469961175e-06
-3.176948567059525281e-05
1.905601287983891548e-03
2.320841980975493058e-05
-8.609581921578739151e-06
-2.895462558113223294e-05
-2.639034358474154612e-06
-3.152564914261135165e+00
2.391906873958194346e+00
-5.177053648554542642e-01
2.298071572595693723e+00
2.110086638518388291e+00
1.710746198245737704e+00
8.073970454469338032e-01
2.649047264943447555e+00
1.164141121900686641e-04
5.700388321246997996e-05
-7.993445843436093167e-05
2.545001923516728988e-04
-3.671075974498241856e-04
-2.520922378057002464e-04
-3.202636907697710476e-05
8.253173592778486820e-04
1.638388269791587895e-04
-7.014579222345963778e-07
-2.930895132574793901e-04
-3.929213486818668280e-05
9.440212540516488518e-06
-2.174770025705098772e-04
-4.684540227186819003e-05
-4.697110469784056112e-05
-2.941054718282190366e-04
8.256729272214217725e-05
-1.418812381988733377e-05
2.838752518923037295e-05
-6.900787145345887996e-02
-3.835193773536486254e-05
1.531318143341925614e-04
-2.339630689775162810e-04
1.631691776199923455e-05
-1.869540898617205044e-02
-1.017263454902674118e-04
5.525821282796538020e-05
1.063063557006837595e-04
-2.162148511793788794e-05
-5.767556046929069209e-03
3.433042904520403944e-05
-3.377773324653712210e-05
1.053058782306021151e-04
-2.599737127528996012e-05
-4.711996872671445069e-03
4.022781782873068062e-05
-2.624204159744638432e-05
1.444152456226664174e-04
-4.425202481413799058e-05
-1.443637913882672230e-03
9.170219458620717048e-05
-2.650757600738265900e-05
-1.041719371804405547e-04
4.012569669876616914e-05
-2.585035743093035306e-03
-1.312745426303670623e-04
2.264266892271300162e-05
-1.080506862169168178e-02
-2.101309091513438310e-04
-1.314835996908773072e-04
-4.611730830178517593e-05
-6.943490708437847526e-05
-6.721539855864189965e-05
6.833919295036047781e-02
4.903605510640412016e-03
1.420237236758293501e-04
7.366964048457428759e-05
9.493744920924425401e-05
5.485177189918310180e-05
4.611447966454656610e-05
-3.096792518951986539e-02
-3.396762826681250583e-03
-1.390001888698583557e-04
-3.288583222539211674e-05
-1.342875568280110787e-04
-5.272579147785097205e-05
-4.253421350505529291e-05
2.137983953069268889e-02
2.142220751756779892e-05
3.487218077092966604e-06
-2.034840749348199376e-05
3.230697913055355754e-05
1.874090124741016258e-03
9.070889622048682044e-06
-4.161539595386171261e-06
3.675215471732603081e-05
-7.946722202438770205e-06
-3.152539253534053731e+00
2.391833986440609738e+00
-5.176791297634748545e-01
2.298082651760134709e+00
2.110293128960041731e+00
1.710850084256732462e+00
8.073822816039849526e-01
2.649021359751716709e+00
6.193860171373099448e-05
9.068968005763983859e-05
7.108598765376656573e-05
4.573141924735419934e-05
-3.106620511183373883e-04
8.999011455174898381e-05
1.630123701756517457e-04
8.355792822764231869e-04
9.773862301948657832e-05
-7.259381516158429826e-05
-3.032321497186638579e-04
-4.380798920154891610e-05
-4.378864434315205760e-05
-2.562093134059314418e-04
-2.378725299343571135e-05
-8.650888755650771960e-05
-1.752371032194189769e-04
-2.850868924413019981e-05
1.049700831057212179e-04
5.880468876537955740e-05
-6.893605505820418755e-02
-9.901209272574840528e-06
-8.676710370208984800e-05
6.214933647394384479e-05
1.417389783660113925e-04
-1.874442959421152716e-02
1.993469151358012433e-05
-1.820197768494675734e-04
-2.978158228730900549e-05
-5.102839509002262829e-05
-5.821580104251819661e-03
-1.692354349707579544e-05
9.308572767656087443e-05
-2.094313049541097831e-05
-4.759008055645440739e-05
-4.789296481801601398e-03
-1.493314324795620880e-05
8.602810834602584648e-05
-4.546945050265812851e-05
2.953477760507609964e-05
-1.579873418546528033e-03
5.665185246885032157e-06
1.285462610910196798e-04
8.461996645348874115e-05
-1.943634474322423751e-04
-2.464484513160203859e-03
-4.709200051485706677e-05
-1.461599784310570215e-04
1.089047116456049943e-02
-9.793085271040183337e-05
2.697836779287632585e-05
-4.458397084086684892e-06
-1.159109281599569527e-04
-4.799708431014754889e-05
-6.835461073914435304e-02
-4.938724873095904841e-03
4.293783324819271975e-05
-6.826852834149687264e-06
2.585535142298964195e-05
7.280119080235194183e-05
3.190911754411885660e-05
3.090138348028545132e-02
3.403707558869152085e-03
3.739315549009013598e-06
-2.205675771769911148e-05
-2.606519900625117736e-05
-6.287673766481197764e-05
-4.757185141126326483e-05
-2.121179855892151023e-02
1.478963034494730025e-05
-5.275559556592663213e-07
1.229005122309743850e-05
-2.478327466778806258e-05
1.927054729051808166e-03
1.602078618915779438e-05
-1.319865383199236375e-05
-2.116240746494138395e-05
-5.335524301778590090e-07
-3.152574192457620494e+00
2.391930881918951535e+00
-5.177109291846097028e-01
2.298104533806087701e+00
2.110123534217481556e+00
1.710766987644199544e+00
8.073948277268040430e-01
2.649039767758353037e+00
-1.549609740545521792e-05
7.541810820739177929e-05
-3.720595123108361385e-05
-2.128762783934359890e-05
-3.679594087919626881e-04
-5.813906653403652018e-05
-3.878376408449784631e-05
8.924107794249687420e-04
-4.642058265332066417e-05
1.707108149560223134e-05
-2.897872942424931726e-04
1.196582216922675762e-05
2.074647001366824195e-05
-2.022935727147207909e-04
9.870751402470447292e-06
-1.051775087816346065e-05
-3.077937395808365674e-04
-1.539447871149933028e-06
1.566590424374312467e-04
8.445613991508527443e-05
-6.919911028498418326e-02
5.426883115832383691e-05
1.164809128745281086e-05
8.699400506380306972e-05
8.459478625212517105e-06
-1.873306054764025882e-02
-3.597184869221901231e-05
-7.861977620717863801e-05
-6.082115901302650025e-05
-7.364609439453132780e-06
-5.789945705980356974e-03
-2.818047217507575628e-06
1.734943911482087622e-05
-4.019946389382928045e-05
-1.412852325414274389e-05
-4.740390790748187123e-03
-2.358411547389308843e-06
1.567808626988805129e-05
-3.309231965110121638e-05
7.844515495191958006e-07
-1.449158650857510118e-03
-8.155557777787843915e-07
1.320049478768667512e-05
5.458980997321983132e-05
-4.715179482310639594e-05
-2.630947864478532395e-03
6.405167661226062505e-06
3.142427671494563775e-06
-1.091881161576121681e-02
-1.186485381713059742e-04
2.328783071325142475e-05
-9.024581728416317117e-05
2.811366159749832325e-05
5.902016049096580046e-05
6.881955952977117374e-02
4.948657752755642944e-03
9.739677383342629311e-05
-2.004070119729402656e-05
1.052372430540189641e-04
-2.160790105014062656e-05
-4.989816949083390003e-05
-3.120314048662512635e-02
-3.414917795405645381e-03
-1.107137018975913947e-04
3.786458533169038629e-05
-1.213260842023184544e-04
3.618821422328073620e-05
4.500227313182450387e-05
2.152881867241485808e-02
8.770649617352490462e-06
-5.851602476333391423e-06
3.004849468678260672e-07
-3.369266423143313675e-06
1.867421257675647497e-03
-2.234605409020041004e-06
-6.567346257635418047e-06
3.473100422421261722e-05
-2.377524594510309146e-06
-3.152534136898135220e+00
2.391863914482967868e+00
-5.176811043776774479e-01
2.298102221698859804e+00
2.110305637349742636e+00
1.710859140497608344e+00
8.073837895169232448e-01
2.649019569911889693e+00
1.370267194245527531e-04
1.208756491457179706e-04
9.336564976318548789e-05
2.153644069339843460e-04
-2.638441108614277344e-04
1.485763428370617811e-04
1.252352141064705794e-04
8.749919023325156576e-04
8.531449165194089667e-05
-6.694619497904394324e-05
-3.045797619277606019e-04
-4.952601898189740002e-05
-2.817063398081173976e-05
-2.538971550082517840e-04
-1.997662156918955081e-05
-1.259338955232950068e-04
-1.739737862009748293e-04
-1.026538291900926271e-04
1.345406103424569635e-04
8.764969042014127912e-05
-6.892378813710636765e-02
8.230543165710683343e-05
-3.796759650700633052e-05
1.812618289918770413e-04
1.441804469494482009e-04
-1.875379939461149434e-02
1.311818976484970542e-04
-6.419414053711443248e-06
-9.652326538784480815e-05
-6.603640788729772497e-05
-5.824870267774023662e-03
-5.905885712570123472e-05
8.553119430004749179e-06
-8.251495402729953248e-05
-6.506638836305301025e-05
-4.797317879331877005e-03
-5.512274608126478730e-05
7.610332786429244040e-06
-1.270579742534450355e-04
-1.441157266702570603e-05
-1.601210822669025180e-03
-9.070156529743315628e-06
1.939365410377178633e-05
1.544704765570513927e-04
-1.214707004786020846e-04
-2.439400516265873790e-03
-1.076589321748926061e-04
-3.881231483038395159e-05
1.084188966580198858e-02
4.842024802109321999e-05
-3.552260881603482067e-05
-9.446495875930355224e-06
3.188018217280779018e-05
4.353299955152210724e-05
-6.842875123279909544e-02
-4.899075094691036393e-03
-3.787257231606302316e-05
3.322168061830306301e-05
2.418163273712123362e-05
-9.527263531822021108e-06
-1.322647355682596694e-05
3.092553786847872591e-02
3.355282855983186905e-03
6.313339789963603055e-05
-4.770676284376384536e-05
-1.646873190790446029e-05
-1.725875843611475034e-05
-1.448142760635052801e-05
-2.121595151900122073e-02
-4.500050209794520745e-07
3.254666932302102190e-06
2.481223400100420742e-05
-1.704989868610206632e-06
1.938678610106007267e-03
-1.828301336699281632e-05
-5.641589127970571391e-06
-1.529954161863796382e-05
2.597929310696794669e-06
-3.152538076512596543e+00
2.391776974324304916e+00
-5.176625700698902488e-01
2.297921263511160106e+00
2.110033779566861334e+00
1.710738480349055513e+00
8.073945738763205204e-01
2.649050535120410554e+00
-2.626900746195064227e-05
1.215705363345187789e-04
1.321838634628195465e-04
-5.542790390372756603e-05
-2.452092192772349633e-04
3.406712344847710825e-04
-8.566116867423750588e-06
8.352344066017227970e-04
-1.358138469207929725e-04
-3.539658723205978560e-06
-2.728765159517819168e-04
1.521053894207161612e-05
-3.626814199633392703e-06
-1.921746972302544414e-04
2.996713828963995887e-05
5.248572628007278817e-06
-2.982183369046174275e-04
-1.058316327600444719e-04
2.703192139952458246e-05
1.674418191608469542e-05
-6.903052367542904244e-02
8.381159750899805014e-05
1.532166539548057444e-05
1.428045091261053259e-05
-1.706725782533226546e-05
-1.867960410923930753e-02
2.578052661246561686e-05
1.173658185488389788e-04
-4.156585419200311312e-06
-1.411851933265443189e-06
-5.762210780140399578e-03
-5.512097325135065988e-05
-9.216630861736768926e-05
4.232326670042513945e-06
-1.340509303426981358e-06
-4.714738173176932431e-03
-6.275387518797904106e-05
-8.735262739272624494e-05
1.081237852395195337e-05
1.068863784568254380e-05
-1.435302153100779729e-03
-1.096370155627013901e-04
-1.231118155362396084e-04
7.423870358548040083e-06
-3.091842175048263916e-05
-2.624842470180471440e-03
1.308424223713200126e-04
1.168284002224049406e-04
-1.077342529612710514e-02
-6.330656486961934795e-05
-1.374979523884208282e-06
-3.092704156597986254e-05
-5.478973789722180708e-05
1.972611672737406563e-04
6.837619622599835911e-02
4.868121351377840446e-03
4.710324727557294196e-05
-3.373641309631657042e-06
1.008244871604623699e-04
2.538924726464724443e-05
-1.451804376854443817e-04
-3.101811583947100201e-02
-3.352916651442415692e-03
-5.379506103122219955e-05
1.106902057290316149e-05
-1.627036883400431039e-04
3.949788629186448902e-06
1.367265025056426655e-04
2.144851500509007206e-02
-6.908191700676826071e-06
-2.261806565436390954e-05
-5.296862492855931821e-06
-4.348142475282907259e-06
1.869117673299434436e-03
2.577407342116931881e-05
1.598571594014217608e-05
3.645462757844546289e-05
1.117779516288734914e-05
-3.152550470144883654e+00
2.391897145207366293e+00
-5.176940114796038106e-01
2.298143161038465720e+00
2.110310066761527104e+00
1.710855037956198199e+00
8.073849606798129130e-01
2.649022573289375515e+00
7.092739022658908635e-05
7.620817802980446674e-05
8.112288798100864310e-06
1.217084681258707708e-04
-3.296083413094580243e-04
-1.482772998070194239e-05
5.569648368634626853e-05
8.381086438966072090e-04
6.287078017048294452e-05
-2.328561179778900928e-05
-3.093149449764772633e-04
-4.049072188718594702e-05
-1.306021762324286890e-05
-2.697084346543233437e-04
-1.266337883374328278e-05
-3.978807675017468276e-05
-1.526744932321097187e-04
-1.197431607003546163e-04
5.966394691697045425e-05
1.899933593659300889e-05
-6.905131947058174013e-02
1.492257098888842299e-04
3.888355604793098004e-05
8.182518439189201073e-05
3.859470610239641849e-05
-1.875922668737469573e-02
1.810486065177378942e-04
2.435741818255727554e-04
-4.301040104698442305e-05
-2.114498050676310236e-05
-5.829938059669060278e-03
-7.069439887340816392e-05
-1.141480100592950095e-04
-3.287932199467515342e-05
-2.304715760115816901e-05
-4.798117051320960683e-03
-6.661563135840786764e-05
-1.053576999792232128e-04
-4.290260130446199582e-05
-1.167621668882705958e-05
-1.613724685717130838e-03
9.542664048778188809e-06
-1.258530211445322406e-04
4.933951523069744478e-05
-3.283658136753952680e-05
-2.400503572054387379e-03
-1.807436382776076887e-04
9.425839914520774848e-05
1.077898624655805777e-02
8.572810615461567280e-07
-3.711547437418413926e-05
7.349396795495663492e-05
1.992355571093368249e-04
1.786680666991734105e-04
-6.836124727430101244e-02
-4.866950025770710314e-03
-4.729722867114339972e-06
3.023292083797161363e-05
-1.159094879983960102e-05
-1.126803584521004792e-04
-7.711581965514475133e-05
3.091399910110225954e-02
3.333661103089350340e-03
1.053818487831229824e-05
-3.358347265291834369e-05
-1.768307818530295838e-06
5.818876156742325913e-05
2.765229373648053161e-05
-2.123291447348325117e-02
-5.208477034266338179e-06
7.886022129206723139e-06
8.355883496711334212e-06
1.011838431198385494e-05
1.941033476651536378e-03
-5.934100378342832311e-05
1.149523674031391416e-05
-2.251825236791003414e-05
2.657599024767393504e-05
-3.152544355338038784e+00
2.391788660917647302e+00
-5.176694878822648560e-01
2.297975944922561631e+00
2.110120057071370070e+00
1.710774437835796968e+00
8.073903714939776322e-01
2.649042098435986592e+00
-9.530652788768710691e-06
9.584685283790643235e-05
1.178009518780080461e-04
7.274032484860326955e-06
-2.887060547399206145e-04
2.991276432426705515e-04
-5.657363943227975106e-05
8.174050085626956893e-04
-1.101140422442272099e-04
1.080179220409372733e-05
-2.803475758738236887e-04
1.181925826745051309e-05
8.772310393723558165e-06
-2.153682606081591460e-04
1.216457438062463703e-05
-6.231767186330145034e-06
-2.499949125208074168e-04
-3.620181224780408545e-05
4.215603490164072150e-05
2.375743255481646511e-06
-6.892886289982193271e-02
-2.908874057595020428e-05
9.663379156000509104e-05
3.438848303757887216e-05
1.456689244963943984e-05
-1.866366422957111901e-02
-7.855660412445166114e-05
2.706997264530858964e-04
-9.019249104964052467e-06
-4.777997862292732796e-06
-5.774862961981998798e-03
-1.433434502494125009e-05
-1.607273724623302326e-04
-4.098195623327783011e-06
-5.000220838413392305e-06
-4.731156271878474845e-03
-2.579489188274451499e-05
-1.440744384406416516e-04
-7.921524380283204847e-06
-1.488123975967507408e-05
-1.474949260570233497e-03
-9.863583009568613791e-05
-1.873545102615631547e-04
2.237679273560716953e-05
2.548616878302596323e-05
-2.573856942365412501e-03
1.847853815760807099e-04
1.768259490756627608e-04
-1.077333045906541005e-02
-2.057160338463131155e-05
3.940774529624191478e-05
1.779088543631818231e-05
-1.749667127253181406e-04
1.816234991308821392e-04
6.819332728403591781e-02
4.874825807832169379e-03
1.207167016975221234e-05
-2.836604992168599939e-05
6.334303881150998849e-05
9.660037739197651881e-05
-1.208431768531385061e-04
-3.091240153008591868e-02
-3.360300185638513334e-03
-1.406302459701328660e-05
2.379473571454326572e-05
-1.235661056331067292e-04
-4.833138355711347428e-05
9.982079661864185025e-05
2.133910288226781304e-02
-4.963442171098268919e-06
-1.087515403180799265e-05
-2.250087874464019595e-06
-9.554215682455108121e-06
1.884207927099213744e-03
5.370725529615100603e-05
2.104610245201913275e-05
3.403715294250266976e-05
1.429552196930813294e-05
-3.152538603017042362e+00
2.391821095190500568e+00
-5.176759104741017747e-01
2.298057882480708969e+00
2.110259668561990765e+00
1.710836823743358215e+00
8.073846592108456788e-01
2.649027322602957035e+00
-6.973130986115358171e-05
9.482663675911803857e-05
-2.162231102890380813e-05
-1.188450863125377967e-04
-2.882106999208990236e-04
-8.926861314080607136e-05
-4.883960675781295657e-05
8.113842360826422143e-04
8.277629406094682511e-05
2.858630746631737730e-05
-3.002208176937276921e-04
-3.502521273595268487e-05
1.420108774422955089e-05
-2.562675743431266245e-04
-1.152528671619901981e-05
4.616434875592951811e-05
-1.724850163930103481e-04
-8.499749262715018596e-05
-1.888277505395820084e-05
-2.510532004328337993e-05
-6.909675911465779086e-02
1.320563823060318543e-04
2.153897808793733912e-05
-1.085776323405250761e-04
-6.207945434500988389e-05
-1.875969117060408489e-02
1.697484624014816354e-04
1.930019747230670888e-04
5.329895876123615084e-05
2.917218521671469138e-05
-5.824795370327143750e-03
-4.923875578456739515e-05
-9.969479260448939058e-05
5.103743790869398611e-05
2.964482200507541262e-05
-4.791391898771873645e-03
-4.272822941284779681e-05
-8.821231885663471451e-05
7.351183195166292373e-05
8.093064655208492787e-06
-1.581345807295822048e-03
3.943221796903504457e-05
-1.048388553866579911e-04
-6.915162204724719687e-05
5.772007702101354600e-05
-2.463538049449334310e-03
-1.984595141649463286e-04
9.556088633967658010e-05
1.087234414580437285e-02
-1.747659247260157159e-05
3.120173132993115880e-05
4.362972665260256289e-05
1.927426077552839030e-04
1.023886801966820970e-04
-6.842769717650686034e-02
-4.920343663876369442e-03
2.036499218147568794e-05
-2.164637808058245550e-05
1.306189980329608424e-05
-1.053238404318289692e-04
-5.351239905613798618e-05
3.095738395718493352e-02
3.382727164202379861e-03
-4.222964201592611802e-05
2.536840722059652254e-05
-3.533531911260705261e-05
5.185224949798554906e-05
1.828630873234465565e-05
-2.128719823301210984e-02
-5.295763333975695613e-06
6.603790131682053032e-06
-9.903274853286929717e-06
-6.147172236136361152e-08
1.929250340535141944e-03
-5.965846193692375443e-05
1.733460768497431526e-06
-2.714861472137291719e-05
1.939561274983473132e-05
-3.152540879778690464e+00
2.391801600578852938e+00
-5.176748517446668751e-01
2.298002817766343409e+00
2.110161006396125138e+00
1.710792249738738446e+00
8.073882846963398308e-01
2.649036178975042510e+00
-2.580826510739155246e-05
1.045209243869713554e-04
9.207614524581989209e-05
-1.463032398068696456e-05
-2.796661836655008060e-04
3.040760848008650270e-04
-7.753386025857699740e-05
8.238247418278046071e-04
-2.225764217668282951e-04
2.603491357497579622e-05
-2.873230343752869865e-04
4.724173021238032568e-05
2.023337880706383918e-05
-2.234628304941702699e-04
3.911583406073343677e-05
1.498057324126441574e-06
-2.395429221128496237e-04
-3.914167039431265083e-05
6.702028930269941006e-05
1.290150032286430581e-05
-6.903609905681803993e-02
-1.438862362492703342e-05
-1.094904824957810240e-04
7.685266688067745905e-05
-1.458063041333479475e-05
-1.872214499725367853e-02
-1.835259830047610073e-05
4.366269319758584290e-05
-3.160546058227759852e-05
1.012656267677201492e-06
-5.795542378292072028e-03
-1.269351792580873542e-05
-4.245033583926956320e-05
-2.452631822014343459e-05
-2.896051816845065944e-06
-4.755337642908935396e-03
-2.018527771840703189e-05
-4.339786344808630288e-05
-4.709345640832600697e-05
-2.699735212851440231e-05
-1.501835267969631703e-03
-1.102360887644104605e-04
-5.953948784503983047e-05
7.930291894536311680e-05
6.170942303119404692e-05
-2.567469091084425767e-03
2.258967191310424821e-04
4.947015174454836293e-05
-1.085051166185047739e-02
-3.175369229443535286e-05
6.715027606310751971e-05
-2.235989962477702431e-05
-5.398854735361906590e-05
1.556664829329288324e-04
6.854363344782442302e-02
4.923051649258587334e-03
-9.445660588001036570e-07
-3.794348234118196848e-05
6.789260164544522191e-05
1.239926240471564672e-05
-1.167872821497783998e-04
-3.103971515910856210e-02
-3.403770763591268747e-03
2.218439769606685022e-05
2.029265551876806609e-05
-1.014402858952045960e-04
3.195775868108170943e-05
1.015543855034382100e-04
2.138560663554813640e-02
-4.422427792977250095e-06
3.813103170435301484e-06
-7.747449437416108545e-07
-9.398698394487702305e-06
1.894034607375889769e-03
3.100883616064138964e-05
6.527461945067173201e-06
3.386300347289247618e-05
6.598979858952176247e-06
-3.152537576154534893e+00
2.391781267782951304e+00
-5.176706030633236866e-01
2.298012753656289764e+00
2.110219528223156171e+00
1.710818134956634706e+00
8.073838901943631852e-01
2.649029328862745114e+00
-1.710894033971559853e-05
8.544872785523979644e-05
-6.504058891625323440e-05
4.070287181227812178e-05
-3.081316035752220371e-04
-1.974063011160570699e-04
-1.389787086488529196e-04
7.944421353161391745e-04
1.266644178116981001e-04
4.832884985908830424e-05
-2.954588467392577186e-04
-3.323416312754164028e-05
3.542379316400226047e-05
-2.442291063604976075e-04
-2.597717068345351471e-05
-4.220499986634881928e-06
-2.030489576783777871e-04
-3.191002332401975594e-06
-4.686157322082197541e-05
1.870100121896723809e-05
-6.901914182014044774e-02
3.497129949088626129e-05
-2.954818493902628762e-05
-1.337869839269990088e-04
-1.422373777941907951e-05
-1.873700888958523825e-02
8.171696615821459142e-05
9.881602901709205748e-05
5.570207170728831713e-05
3.871564078517291329e-06
-5.808230527629259891e-03
-5.853782142997584993e-06
-6.660186440663042962e-05
5.532453978134391789e-05
2.232572943830632081e-06
-4.771719949049343240e-03
-4.093969896444479015e-07
-6.210462846460059199e-05
9.114519831364452720e-05
-4.613967520859370785e-05
-1.534522628311073495e-03
7.319647571578225920e-05
-7.399799493059634119e-05
-1.024259188120985986e-04
1.285390837797361838e-04
-2.531619616587815237e-03
-1.879567273475340095e-04
6.066941311290557633e-05
1.085330711088662928e-02
2.162270160167498179e-05
9.120277295420701341e-05
-2.118100693936780798e-05
1.050617905059112074e-04
1.216514800650564648e-04
-6.845458535900017516e-02
-4.907948575038972687e-03
5.235229560849848432e-06
-5.678364420753635690e-05
5.102066353552051070e-05
-5.366590214144688169e-05
-8.433777107167371705e-05
3.097672949459675390e-02
3.373103957031724394e-03
-4.229343067282850506e-05
4.899710941826115949e-05
-6.783990962122392332e-05
1.506010488681636290e-05
6.163907009282162648e-05
-2.130962652321619424e-02
-5.921369210533795587e-06
1.158049484310618273e-05
-1.014995254243396825e-05
-4.214121640994014087e-06
1.905600694657763735e-03
-3.911725067348530410e-05
-3.598541375136616455e-07
-2.895458326852304667e-05
1.555144476566316957e-05
-3.152553763757425020e+00
2.391837597257856718e+00
-5.176817823536962182e-01
2.297993756769529661e+00
2.110062635705697964e+00
1.710743855013428849e+00
8.073955066301478078e-01
2.649049046582760081e+00
8.325950339557722690e-05
9.674815913305028631e-05
-1.096546516432522073e-04
2.067190990360891819e-04
-2.910140197728192622e-04
-2.685376995521277128e-04
-7.256953901350559851e-05
8.375235424265814726e-04
6.831780810112556977e-05
3.642354188753010066e-06
-2.808973291703522213e-04
-8.341781999114836427e-06
1.319855535968222034e-05
-2.039359058126246195e-04
-1.462311330050241186e-05
-6.484850863949651522e-05
-2.917190942879390185e-04
6.254281391698362754e-05
-4.150945303035250174e-06
7.046830108463570178e-05
-6.917081059687633926e-02
-8.305073667637863019e-06
5.501203116301954694e-05
-8.624768856953384552e-05
-3.452262837689919922e-06
-1.872008269244412187e-02
-5.727475021790199628e-05
-8.197515236993462235e-05
5.504284117022462651e-05
-3.606485334465498794e-05
-5.776862220111344745e-03
3.157616917925480389e-05
3.848517945479066271e-05
5.599340926823462907e-05
-4.286164832646454411e-05
-4.723282153451910555e-03
4.148072523802476833e-05
3.558110008828198578e-05
8.355661920273792296e-05
-6.241470811084823972e-05
-1.442648942474132308e-03
7.713314023289984502e-05
4.311176319068048084e-05
-7.057218218725741488e-05
5.235587496747658729e-05
-2.609670580713294857e-03
-7.828450785053114403e-05
-3.016368231543512511e-05
-1.080546765984412294e-02
-1.724497308385349557e-04
-5.686494625447560333e-05
-1.334844691768671820e-05
1.240405508136084405e-05
-2.294313828882319634e-05
6.852162814832278570e-02
4.899580151237230806e-03
1.200450927622610277e-04
2.927684149039443714e-05
8.928395012955565868e-05
-5.435294408324953513e-06
2.328300506108916222e-05
-3.107859284087301915e-02
-3.392155244330246136e-03
-1.106170049255243183e-04
-2.606328662153057090e-06
-1.499207724279388865e-04
8.886516947949856101e-06
-2.834615257412437142e-05
2.147961878704934824e-02
5.995004446972940606e-06
-4.781943206605491483e-06
-1.460145489309922699e-05
2.134840108675731219e-05
1.874035970746644767e-03
-9.569317595721710604e-06
-1.209560613933610966e-05
3.828998237291451369e-05
-4.992788858856193505e-06
-3.152581983016090383e+00
2.392023435994687475e+00
-5.177378395192470117e-01
2.298301392125833065e+00
2.110423103498614505e+00
1.710902226007414262e+00
8.073783485972143570e-01
2.649001592279133455e+00
-6.850010958482359471e-05
2.207603241547047811e-05
1.169495876773215821e-05
-2.579285542645139932e-04
-4.735866764690637234e-04
1.886112289209718873e-05
2.235811696882999370e-04
9.105297907826704479e-04
3.217993767058504868e-06
-6.368797418991772907e-05
-3.216053653130910650e-04
-1.075719135023206190e-05
-3.982537694832715856e-05
-2.853381560179272538e-04
-8.581868416028162722e-06
-3.142699885147237941e-05
-1.224647197448128742e-04
-1.026215212281074473e-06
1.066179793387610599e-04
7.939575988176613384e-05
-6.870441819902808889e-02
-7.446958817407641406e-06
-2.553361454518308059e-05
-1.026552359376744122e-05
3.408866795528502590e-05
-1.866971510116131189e-02
-1.804789973477661711e-05
-5.010216014903288572e-05
2.203083117858495107e-05
-2.815686887027875736e-05
-5.829687586139054023e-03
-3.152490616979944003e-06
4.361998507519282040e-05
2.606455654427926612e-05
-3.239887477638496622e-05
-4.815772229670948340e-03
-5.638820168369454184e-07
4.402818354893220354e-05
1.839685058952649472e-05
6.812878251770743327e-05
-1.669996110688658957e-03
-1.919579648391447893e-06
5.799319992642301057e-05
1.769988245270413173e-05
-2.518812772574475470e-04
-2.347328199176906827e-03
1.059917156065849977e-05
-4.829185992106376109e-05
1.086289495087868623e-02
-1.598758117984395836e-04
4.260949421831263483e-05
4.870117862497067018e-05
-3.631146238761017331e-05
-9.437835042818863360e-05
-6.844829244992453599e-02
-4.917461374412154633e-03
9.413178933659564881e-05
-1.290451082537548595e-05
-4.259062549525662045e-05
2.385305777187390398e-05
4.354225848136303355e-05
3.090586362365257272e-02
3.368362344823302903e-03
-6.022947443961721348e-05
-2.592704035044111205e-05
8.356704241900374253e-05
-2.005103997401647597e-05
-2.909052715252717701e-05
-2.112067039626209369e-02
2.351358665336984787e-05
-1.025847468583330644e-06
6.704887297185135081e-06
-3.143380932442424577e-05
1.942878459885354287e-03
7.315446791323453391e-06
-1.187132562246229802e-05
-1.109227146411705944e-05
6.198273349158223432e-06
-3.152631722950193893e+00
2.392110972392619939e+00
-5.177759548460705297e-01
2.298328578512960352e+00
2.110236757243144190e+00
1.710807046819031063e+00
8.073924737782327554e-01
2.649026400048319907e+00
-3.048532679438077154e-06
-3.481419053065042948e-05
-4.597652323033209616e-05
2.468390665139098849e-05
-5.889230914024668525e-04
-7.119926921920387633e-05
-6.667054255338104396e-05
8.994871396325693170e-04
-5.135338505853027577e-05
1.282226473902278448e-05
-3.069208773668944908e-04
1.254229432911118264e-05
1.707371775039044059e-05
-2.366080756080567843e-04
1.124836288215199708e-05
-4.208762456709325313e-05
-2.577229044936131964e-04
-1.366041601752361341e-05
1.001528335716900795e-04
9.060736119256211467e-05
-6.923431365767204748e-02
6.670486070170804273e-05
-1.325391141910567698e-05
1.215239604963272034e-04
1.685822622310655225e-05
-1.870792563722742038e-02
-2.040722404398135809e-05
-1.093726062672036720e-04
-5.643903197488859061e-05
-2.822725817766131011e-05
-5.805860274955606387e-03
-1.227031499527950345e-05
3.801825161431514528e-05
-4.428315821111271800e-05
-3.245031468974297602e-05
-4.763071339174902372e-03
-1.126372653652369925e-05
3.415021238108735654e-05
-4.593457511695037154e-05
-2.640220626032963947e-05
-1.503880416983836539e-03
-4.240372849799933856e-06
3.774849683939324055e-05
4.978939155526410369e-05
-1.273596548888653165e-05
-2.565688903726914046e-03
-4.911707211746217314e-06
-2.462142923876502220e-05
-1.085439156497713421e-02
-5.460468383113839703e-05
5.653903802780784691e-05
2.288127981702262059e-05
6.045847664666766097e-05
2.588799910253273932e-05
6.892058431790071271e-02
4.903580588122596895e-03
5.832175184220856658e-05
-3.945851535934057118e-05
3.201427300421853805e-05
-4.068599595158347356e-05
-2.793956920006120765e-05
-3.125397829932873711e-02
-3.366768665027857887e-03
-6.708664327744292459e-05
4.404278427706631420e-05
-5.054365325423207378e-05
4.497370722995843226e-05
2.462080309730306027e-05
2.151962243930473015e-02
-6.275583416097418616e-06
-1.627014095450350306e-05
2.306655349249518965e-06
-6.569772564935105080e-06
1.871281330410989830e-03
-8.920913119515840788e-06
-7.528740972079103972e-06
3.330646541725051143e-05
-1.123178496910194103e-05
-3.152576794575286723e+00
2.391977483343087130e+00
-5.177245495998111791e-01
2.298278088603890268e+00
2.110470971700646015e+00
1.710928325846165832e+00
8.073724525129737373e-01
2.648993284283916783e+00
-3.512184188677027678e-05
1.366930206290074140e-05
-6.154391469428570393e-05
-1.111681621104722122e-04
-4.834496645035194287e-04
-1.958824685891643572e-04
7.600774339673596679e-05
8.977688507417081604e-04
1.313688354313361775e-04
-1.686217842827259658e-05
-3.239880804442393661e-04
-2.995197897236713888e-05
-1.289255442298152491e-05
-3.022572613359568927e-04
-2.077986483071270156e-05
4.886654819184349790e-06
-7.436399701582041381e-05
7.880224538610943082e-06
4.265473208422917745e-05
1.065864027397005155e-05
-6.862465608365367342e-02
1.920860287640314707e-05
-5.760397311970602888e-05
2.614915522126768990e-06
-7.330137006573471067e-06
-1.865328246363089429e-02
-7.464772341336998432e-06
-2.451916086152827076e-06
6.974495378698580107e-06
-2.018161530241564908e-07
-5.836106144445813576e-03
-1.579830740164646916e-06
-1.087906990635811584e-05
9.384554495258621713e-06
-2.371525757160525682e-06
-4.830746084148693567e-03
-4.303803838088386125e-06
-1.270215203515282325e-05
7.401430504042596961e-06
2.712749553052342695e-05
-1.710218957122729058e-03
4.775088579115821844e-05
-1.113493496240775603e-05
6.284625174878955910e-06
-7.573964036503678205e-05
-2.301689460704216521e-03
-1.314325286692009844e-04
-3.614366438264147312e-06
1.081746282016247257e-02
-6.209192198637869487e-05
1.428399464772607888e-06
8.909284858270999363e-05
3.396040838700171288e-06
8.536465051022130990e-05
-6.829078001719902924e-02
-4.884846768718286922e-03
3.934860554676237462e-05
3.171821070033361504e-06
-7.351035460248685205e-05
4.168786799449409296e-06
-5.421750851878515159e-05
3.081629622962012149e-02
3.331076252351392042e-03
-3.213826049231472662e-05
-1.171336530092823404e-05
1.187194677720743163e-04
-2.163046061268774300e-05
3.968051872959732116e-05
-2.102112391767250316e-02
5.073595482188488897e-06
1.438729018542533818e-06
3.041386228446578879e-06
-6.270616772836477230e-06
1.949938899930271814e-03
-1.407985288024332952e-05
-7.075753609292309207e-07
-9.579029991505960044e-06
1.162998543302943739e-05
-3.152630068612741088e+00
2.392106430862637634e+00
-5.177741371734466691e-01
2.298322156889030854e+00
2.110230738905283232e+00
1.710804063462647795e+00
8.073930978530597935e-01
2.649028107981510782e+00
1.697760162008745809e-06
-3.163133169196128726e-05
3.189869492870224142e-05
1.594601622159215709e-05
-5.772275131235812037e-04
9.229198803395628758e-05
-2.201849710609515362e-05
8.923155426825661726e-04
-5.695571119859145959e-05
-6.369535683688118253e-07
-3.068001667821959946e-04
-1.238466712372876898e-05
-3.080682266357550225e-06
-2.380467353381024789e-04
-6.505890005426707138e-06
-2.437615101788846657e-06
-2.543458100591842325e-04
-5.240475213249138128e-05
-3.199381048864886803e-06
-1.775282996597565474e-05
-6.928174547450903498e-02
5.683596592834217441e-05
1.006702352620959611e-04
1.609008971062734103e-05
4.040561559778053875e-06
-1.871740836688014567e-02
-5.872823500371044509e-05
5.582322821240720740e-05
4.131879756261248711e-07
-2.661504373396379587e-06
-5.807680287184036928e-03
-3.433984040608941671e-05
-6.370825516377119602e-05
-1.854361129609797133e-07
-3.384160610042858788e-06
-4.763290169263474649e-03
-4.089028809553780597e-05
-5.279424126160398001e-05
-4.071218480191200954e-06
-9.997791204570137115e-06
-1.505681654716269731e-03
-5.503376221502353279e-05
-7.262745647749105468e-05
6.398881035108619030e-06
1.431774083867840167e-05
-2.557886241421031704e-03
4.737833461075759898e-05
8.439971505678722200e-05
-1.083848612745116728e-02
2.073494969901400512e-05
8.929999085763713719e-06
3.642683901814922076e-05
-3.311747631514757673e-05
1.018192003860106908e-04
6.889358984683639775e-02
4.894268861494041264e-03
-1.167353995748410825e-05
-8.051976787091052567e-06
2.769294177151770953e-05
1.806850339268504331e-05
-6.284822083178407109e-05
-3.124557669302670954e-02
-3.359203105612980009e-03
8.676356284632096515e-06
4.765008652914023675e-06
-5.175362957168978817e-05
-6.486663529558082296e-06
4.457377684280667066e-05
2.152211170386338426e-02
-3.591002760723338040e-06
-1.751598433766001731e-05
-2.576651608777127362e-06
-3.514950690382824032e-06
1.872991526328814148e-03
1.478879518540624502e-05
1.442552789025804811e-05
3.110592694835815318e-05
-2.047563307193579893e-05
-3.152581980914524795e+00
2.392023428624957315e+00
-5.177378367600105058e-01
2.298301385646892125e+00
2.110423103085909524e+00
1.710902225586635073e+00
8.073783488638547334e-01
2.649001592581799347e+00
2.413730003891142317e-05
2.207547624522064947e-05
-6.516584445510952093e-05
1.126795620224452894e-04
-4.735891740841342151e-04
-2.327920465686443433e-04
-1.145839782917017544e-04
9.105313064189302823e-04
1.920146481360303684e-04
4.115995298904145066e-05
-3.216047935702454519e-04
-4.977614311519366560e-05
2.734001751040551889e-05
-2.853370235220570599e-04
-3.019756206541151939e-05
1.661914944363289512e-05
-1.224658785157439712e-04
-2.670670109802292410e-05
-7.545325749632364508e-05
-3.324739117458708182e-05
-6.870442837266065028e-02
7.248821428846577083e-05
-7.956686360323326763e-05
-3.826528312554639119e-05
-1.411732744234146751e-06
-1.866971409735517645e-02
3.855560674843018444e-05
3.394110875659843234e-05
2.676486263122727316e-05
1.680908296496772854e-05
-5.829688890859710190e-03
-2.281065767843878846e-05
-4.088926002133509864e-05
2.510120947301600582e-05
1.668920118540164670e-05
-4.815772535179098368e-03
-2.777758568754054856e-05
-4.458658507485156627e-05
4.102567080530493350e-05
-3.239722147711482071e-05
-1.669991913667891355e-03
5.996218021098663578e-05
-4.492873023332549581e-05
-5.066432126611328246e-05
1.167534968752498054e-04
-2.347336429485294765e-03
-2.234402625084263346e-04
8.818171590169687996e-06
1.086289606901705111e-02
-1.800445869546405710e-06
1.014168623194699591e-05
4.869970330691891780e-05
5.506041506112262923e-05
1.856403502011579401e-04
-6.844827755493607113e-02
-4.917462603178723163e-03
-9.354607299827118021e-06
-1.420696066777450261e-05
-4.258849641127285257e-05
-2.310430725107367848e-05
-1.032879593998677395e-04
3.090585662840079212e-02
3.368364143824931125e-03
4.919576086120388105e-06
3.033054681153999287e-05
8.356334226362373274e-05
-1.242633179286142071e-05
6.670201664909360215e-05
-2.112066713549497210e-02
-1.711586229408920158e-05
-1.026125546718081850e-06
-1.363447764867412460e-05
9.381486135234373257e-06
1.942878049397232494e-03
-3.088021168215073311e-05
1.284611828664280163e-07
-1.109281384336607096e-05
1.726578862890502651e-05
-3.152631725256040074e+00
2.392110986224245561e+00
-5.177759590349030328e-01
2.298328586586356526e+00
2.110236753178340585e+00
1.710807044237902863e+00
8.073924739592872601e-01
2.649026401106664874e+00
4.132815520269421047e-05
3.481426304173610700e-05
-2.040798657773493577e-05
4.930530014877218623e-05
5.889232587863463958e-04
-5.708689165155088146e-05
7.778430707745479921e-05
-8.994883880865808205e-04
3.202284686074250103e-05
-1.727431226714844302e-05
3.069206527715162796e-04
-4.833102835370929869e-06
-1.828332461654643649e-05
2.366074179174123258e-04
-9.164133557665695611e-06
3.289348611067022927e-05
2.577242715276228968e-04
2.962989674756477532e-05
6.165366323242953486e-05
1.030654956916138439e-04
-6.923432956629280155e-02
4.510881442374028256e-05
-8.030363560387415939e-05
1.555159826796711196e-04
-9.248373620010896085e-06
-1.870793492963979815e-02
2.480261440668597332e-05
-5.062281526717517114e-05
-6.113842984317397692e-05
-2.473994675418440337e-05
-5.805860171935931131e-03
-1.831012891738952251e-05
2.986341652547369380e-05
-5.171032082179764696e-05
-2.598066547704482005e-05
-4.763072550122641156e-03
-2.247133084807398620e-05
2.128425972630502619e-05
-5.563088648631109648e-05
-1.687640861746149756e-05
-1.503891990737887818e-03
-2.074734336951570887e-05
2.092014615750333267e-05
4.616472236150870388e-05
-1.061704522446352427e-05
-2.565663989341130866e-03
-8.569459234264851957e-06
-3.079513228056476295e-05
-1.085417221093696975e-02
4.972128390740362947e-05
-8.060657547611537648e-05
-2.288268341398003169e-05
-1.871921127297343534e-05
-3.434668000755459159e-05
-6.892061528007023541e-02
4.903486043448790008e-03
-5.335715262598050932e-05
5.495969503871413008e-05
-3.201366046258480313e-05
1.382767813824095025e-05
3.653948239989160884e-05
3.125398912544705837e-02
-3.366704817713207353e-03
5.486563481243002336e-05
-6.097405670826991852e-05
5.054329356203417223e-05
-1.566572026498232404e-05
-4.578994913078404953e-05
-2.151962743305319697e-02
-1.283949338703947968e-05
1.627012964595917518e-05
7.673499808550238990e-06
-1.101011272810223460e-05
1.871282828497296529e-03
-1.228547202326733736e-06
1.769877362115118160e-06
3.330585449004861776e-05
2.113683420627447468e-07
-3.152581983045610325e+00
2.392023436607694453e+00
-5.177378402231705978e-01
2.298301394288490229e+00
2.110423107560158940e+00
1.710902227138282994e+00
8.073783482527260302e-01
2.649001591704609471e+00
2.410885837963688111e-05
-2.207181430520944315e-05
6.514958219810909493e-05
1.126108185468610373e-04
4.735964395488137524e-04
2.327782634021633074e-04
-1.145858851466265285e-04
-9.105328052897979823e-04
-1.920417893389588600e-04
4.116174608999467749e-05
3.216052953175215575e-04
4.978336677660105528e-05
2.734489734620145580e-05
2.853381945728700750e-04
3.020336930133098985e-05
1.661014797783817243e-05
1.224637387480944457e-04
2.670686284414346319e-05
7.540459944020266045e-05
3.324663325936821532e-05
-6.870438957726891782e-02
7.247658256276118954e-05
-7.958510818584647569e-05
3.823606447188466334e-05
1.412664696359930438e-06
-1.866970799494440877e-02
3.854204004411518423e-05
3.394476944613739229e-05
-2.675501321510026227e-05
-1.680784727383360927e-05
-5.829688833446929931e-03
-2.280654804835137542e-05
-4.089211168235107823e-05
-2.509350997027929463e-05
-1.668737750375336626e-05
-4.815773174815237562e-03
-2.777459963618048405e-05
-4.459183981469391598e-05
-4.103478443444668683e-05
3.240244915313890905e-05
-1.669996595133837374e-03
5.996428105901987257e-05
-4.493586149284653828e-05
5.070339350362107803e-05
-1.167621757053160240e-04
-2.347330390134579926e-03
-2.234393236562238648e-04
8.816278924876032785e-06
1.086288251608065469e-02
-1.793372331460084748e-06
1.015232005734708742e-05
-4.870134751825544450e-05
-5.503657252313594837e-05
-1.856441013773349664e-04
6.844828073561011472e-02
-4.917448197066358502e-03
-9.358680161906073047e-06
-1.420671299788816688e-05
4.259164794207653815e-05
2.309015348059902280e-05
1.032918464730794936e-04
-3.090585688237960926e-02
3.368346022263313949e-03
4.922377999072151964e-06
3.032335656470298954e-05
-8.356903248687291841e-05
1.243619279420399640e-05
-6.670658722248795592e-05
2.112066441499082028e-02
1.712048834400960439e-05
1.025766957431209947e-06
1.363165373751165329e-05
-9.381787756398561780e-06
1.942878889054247419e-03
-3.087875015164059152e-05
1.292076954274441985e-07
-1.109182411641403825e-05
1.725451665231039224e-05
-3.152630070275534546e+00
2.392106434976553064e+00
-5.177741392515354812e-01
2.298322161392192697e+00
2.110230739618074836e+00
1.710804063909715067e+00
8.073930978019234761e-01
2.649028107824038525e+00
1.681525977599222885e-06
3.163281128673903989e-05
-3.194614566462782956e-05
1.592220885646977182e-05
5.772307767175793337e-04
-9.240558981723318802e-05
-2.202945787546632417e-05
-8.923165027578615870e-04
5.695357997947289000e-05
-6.364276948490652321e-07
3.068005975590765784e-04
1.238573810006508727e-05
-3.082794721929027601e-06
2.380472150962446821e-04
6.510181172540428874e-06
-2.424231473187603126e-06
2.543453926929720578e-04
5.240202632040083937e-05
3.214216708696174382e-06
1.775383266009140720e-05
-6.928174885612049805e-02
5.683015214706947562e-05
1.005776944906482812e-04
-1.608283828055740903e-05
-4.037553608031557435e-06
-1.871740693435767350e-02
-5.873337903526015032e-05
5.580785659501012286e-05
-4.087350089067165194e-07
2.661342677021816131e-06
-5.807680210483992175e-03
-3.433848845162435105e-05
-6.371215873897259846e-05
1.922420474747884304e-07
3.384356119504885750e-06
-4.763289935419093291e-03
-4.088978662021934129e-05
-5.280236492036888637e-05
4.087497078936350059e-06
9.998986035529845956e-06
-1.505679925994172401e-03
-5.503487563529440446e-05
-7.266212536654925768e-05
-6.419226687341102942e-06
-1.431995077074292587e-05
-2.557890340310761939e-03
4.738126762333706471e-05
8.445989534421574532e-05
-1.083849129139473691e-02
2.073686107896954703e-05
8.933807321419762106e-06
-3.642733240391202165e-05
3.312400923889777683e-05
-1.018166498400021377e-04
-6.889359193841031181e-02
4.894269195609541288e-03
-1.167435929041265826e-05
-8.048501253906479723e-06
-2.769224175909815178e-05
-1.806071005521178480e-05
6.284708295504462441e-05
3.124557943870486312e-02
-3.359213855242504636e-03
8.676050197383484324e-06
4.753988874914103358e-06
5.175219847935313977e-05
6.465114753949820174e-06
-4.457350582339240311e-05
-2.152211296931635237e-02
3.596191258651566358e-06
1.751582900579675323e-05
2.574196705653962025e-06
3.515443122063881300e-06
1.872991743856879153e-03
1.478875005966957443e-05
1.442949498405921363e-05
3.110590743577039993e-05
-2.048162277522031226e-05
-3.152550468703621878e+00
2.391897140446872072e+00
-5.176940091264964350e-01
2.298143156361432293e+00
2.110310065323079964e+00
1.710855037921797717e+00
8.073849609782079995e-01
2.649022573289950611e+00
7.089510867854557842e-05
-7.621077321068282177e-05
-8.137564931736882001e-06
1.216341081849774234e-04
3.296038701086204982e-04
1.478776970396651711e-05
5.569514889743588612e-05
-8.381093806523403451e-04
-6.288370511705255637e-05
-2.328023644679167147e-05
3.093148804447783226e-04
4.049448221198533049e-05
-1.305111514963352566e-05
2.697077378620547656e-04
1.266356410753965539e-05
-3.980504623992034256e-05
1.526761227459571971e-04
1.197599704048463935e-04
-5.967108635918447071e-05
-1.900230101371284887e-05
-6.905132574570750637e-02
1.492218971535462773e-04
3.888871280542920833e-05
-8.182584365020124982e-05
-3.859739088492850008e-05
-1.875922460597154867e-02
1.810487169379152903e-04
2.435967140089740192e-04
4.301601845991736086e-05
2.114658377364876245e-05
-5.829937000675554544e-03
-7.069553007648787107e-05
-1.141535286578751154e-04
3.288738504436879726e-05
2.304882453989210659e-05
-4.798115819000781622e-03
-6.661740049120960208e-05
-1.053627258414217014e-04
4.292107619910044659e-05
1.167745692163287794e-05
-1.613720561738387271e-03
9.539149746372086011e-06
-1.258471845031474638e-04
-4.936064980085802056e-05
3.283786150095698882e-05
-2.400509814177160042e-03
-1.807402043106151189e-04
9.422942395294196154e-05
1.077897061488430203e-02
8.598795755133080421e-07
-3.710927087457251443e-05
-7.349106673683325486e-05
-1.992184114674532382e-04
-1.786680824714787473e-04
6.836124752411341932e-02
-4.866935796972686815e-03
-4.731792247472329811e-06
3.022866422238948181e-05
1.158916393649740695e-05
1.126746543892662709e-04
7.711493582746638958e-05
-3.091400329356986179e-02
3.333644632847673327e-03
1.054033543502070616e-05
-3.357961152597784416e-05
1.769991785523922223e-06
-5.819069236373366393e-05
-2.765051046959426939e-05
2.123292002823385857e-02
5.209916533861457520e-06
-7.885948915356308484e-06
-8.355052536864924443e-06
-1.011806484266227632e-05
1.941032797036464043e-03
-5.934027423266486723e-05
1.149783744847689962e-05
-2.251819543226652419e-05
2.656582055701151262e-05
-3.152538077573777464e+00
2.391776973988026356e+00
-5.176625705800821375e-01
2.297921268041557052e+00
2.110033785024098218e+00
1.710738483565977130e+00
8.073945737670147338e-01
2.649050533868578583e+00
-2.628132641172367407e-05
-1.215682105171736384e-04
-1.322235274946550500e-04
-5.541399916754666667e-05
2.452151308970250063e-04
-3.407418937243962293e-04
-8.605003152370471232e-06
-8.352353964719680304e-04
1.357778895283670735e-04
-3.538884855534148212e-06
2.728779842036451603e-04
-1.521068265611432371e-05
-3.633844765291031534e-06
1.921762929816610516e-04
-2.996951311733282719e-05
5.271670949875242781e-06
2.982170191716036842e-04
1.058451516499302170e-04
-2.703413192284698089e-05
-1.674676323949850394e-05
-6.903053842990199140e-02
8.380825979383823773e-05
1.510792561553310313e-05
-1.427518998392718504e-05
1.706828043507025290e-05
-1.867959791698978536e-02
2.577491878182693345e-05
1.173042068726504801e-04
4.158481468078731907e-06
1.411947200984290502e-06
-5.762212545605684827e-03
-5.512045687664169019e-05
-9.217342958955145873e-05
-4.242007473773828658e-06
1.340414063129220585e-06
-4.714737296656328069e-03
-6.275349884304505109e-05
-8.734807919806031882e-05
-1.085049678548240666e-05
-1.068887373722765300e-05
-1.435289039609533284e-03
-1.096351243167301853e-04
-1.231128174351557342e-04
-7.373395765993570692e-06
3.091829452920468639e-05
-2.624870116094220242e-03
1.308384952097620417e-04
1.168617688719826608e-04
-1.077322405224016844e-02
-6.330722069356197216e-05
-1.370491295739871551e-06
3.092827876825798850e-05
5.480756073975739419e-05
-1.972594197973548402e-04
-6.837625993840837357e-02
4.868038088473116733e-03
4.710345478316201593e-05
-3.375397598183747577e-06
-1.008234633069725328e-04
-2.539010099194833735e-05
1.451785765916596563e-04
3.101814458652456599e-02
-3.352859955981901847e-03
-5.379522543726682492e-05
1.106509938026734480e-05
1.627006154299934226e-04
-3.960395866435019452e-06
-1.367242717197179750e-04
-2.144853487722127999e-02
6.946592450335966349e-06
2.261799328986377521e-05
5.293438343911473383e-06
4.349032112832961836e-06
1.869117810095221590e-03
2.577420265848217327e-05
1.599081118019499690e-05
3.645496921737411707e-05
1.119842324920439854e-05
-3.152522783077268187e+00
2.391748917187795698e+00
-5.176537363005920822e-01
2.297977847760575898e+00
2.110221961884644948e+00
1.710821627216940088e+00
8.073845635423186895e-01
2.649031672457619724e+00
1.173829281569070671e-04
-1.174988605610677647e-04
-2.178441241940391911e-05
1.921110437704576267e-04
2.352015110622797216e-04
8.619024231681717842e-06
1.043702927770006738e-04
-7.932217023717776962e-04
-1.086572132398615730e-04
-4.539424888175025733e-05
2.944113674444169180e-04
4.862337821694144065e-05
-2.273768692831426534e-05
2.487581151851629680e-04
2.747995381773149848e-05
-7.136831460661412826e-05
1.828607943495540373e-04
6.919030285382638803e-05
-7.444048652714414620e-05
-2.655082069959120760e-05
-6.911801287671845428e-02
6.673543923710854864e-05
-5.742577748815659230e-05
-1.403902267621838485e-04
-1.030818971963684663e-04
-1.878017175526393301e-02
1.342086331752098541e-04
1.074430362287666986e-04
6.877416336240285851e-05
3.672100604363003626e-05
-5.820636687255429341e-03
-4.214662151898360359e-05
-4.260957245070657971e-05
5.659079591285928604e-05
3.627742379624772037e-05
-4.781697675920118171e-03
-3.227865231359328298e-05
-4.056659869834058246e-05
9.099628522208719423e-05
3.570586777537022231e-06
-1.556322863285763579e-03
3.367452820396100120e-05
-5.147179160923956659e-05
-1.217635103320257629e-04
8.811322477938346247e-05
-2.491121889731755940e-03
-1.551700323698304964e-04
3.403335933143051390e-05
1.081390305170855382e-02
-1.961216696904884496e-05
-6.495027256414576643e-05
-2.806795019191093976e-05
-1.010593494030714943e-04
-1.031410634427863508e-04
6.839042502814318691e-02
-4.899675771135696134e-03
-1.520417356938965400e-05
4.358673994849472172e-05
-3.449870486656701762e-05
4.878823516891413528e-05
6.128524156095630339e-05
-3.094110652646048926e-02
3.378089932710473878e-03
5.115095166481219060e-05
-3.949910619910148332e-05
6.828549571483329139e-05
-5.622051065908684848e-06
-3.655534998611036958e-05
2.128947951949636264e-02
7.478408025875509391e-06
1.527093343997489982e-06
-7.619311385674402710e-06
-7.418874228925964907e-06
1.922685272669483062e-03
-4.089525519878196803e-05
2.336623200243647422e-06
-3.010493591008979946e-05
1.191912778638358537e-05
-3.152566222110445793e+00
2.391902896614976903e+00
-5.177085684590571057e-01
2.298089622678305854e+00
2.110138434271938923e+00
1.710774514757959830e+00
8.073926699151537933e-01
2.649038757184089210e+00
-1.546147951552946024e-04
-5.615021732171426340e-05
1.014215422866978364e-04
-3.714221458449442443e-04
3.807541114072435316e-04
2.992303567971304080e-04
1.072698873440409431e-04
-8.322911372882752347e-04
-1.644751088711230000e-04
-7.744459302194546627e-06
2.929386196025567817e-04
3.823903035667511124e-05
-1.694371781084211433e-05
2.206642537065507225e-04
4.309820379494097158e-05
6.897744216227326712e-05
2.735837395001701239e-04
-8.655452748481000705e-05
1.437036923213584616e-05
1.695606317059987315e-05
-6.888119655095051308e-02
-4.858127488931428825e-05
3.035352601232711896e-05
-1.866140285109736782e-04
2.260688260615452351e-05
-1.865727644792294221e-02
-6.158969146904637792e-05
4.785487346173597679e-05
1.209615651668598138e-04
-3.300585973515019118e-05
-5.770351272435173332e-03
3.474962644888822876e-05
4.359552236614642367e-06
1.187219221075737732e-04
-3.479999885655282515e-05
-4.728116191022745454e-03
3.844199969128817202e-05
-2.406949560921324495e-06
1.558321530877368856e-04
-8.490944008684422808e-05
-1.472391620390146785e-03
1.029390435727128459e-04
-1.003812022086681853e-05
-1.205316125918106133e-04
1.294899557640600922e-04
-2.582139677786097869e-03
-1.751991514165927930e-04
-1.965074167007942662e-06
-1.082240504316389976e-02
2.327957330836294414e-04
1.225897363068626910e-04
5.679933719903579314e-05
4.162372103571634029e-05
7.106898681812612013e-05
-6.844609222405334537e-02
4.889799848171748342e-03
-1.701853225354141731e-04
-6.582046250728454959e-05
-8.249767919826095364e-05
-2.960659237534598795e-05
-4.421513906875753654e-05
3.101030395559003019e-02
-3.360459946689693320e-03
1.672023222358526686e-04
2.282451322791652902e-05
1.043863453192381968e-04
3.369005081227339961e-05
2.009549859974016600e-05
-2.138187263501510615e-02
1.952342374363549957e-05
1.920803098285213091e-05
-1.711481941219617593e-05
3.475025176370778626e-05
1.877928496194610202e-03
-6.029149651770365683e-06
3.885650148038847390e-06
3.210093362079980491e-05
-1.830683083220203836e-05
-3.152530810184320131e+00
2.391779436521376034e+00
-5.176642601946577216e-01
2.298011903194528749e+00
2.110226524335044207e+00
1.710816683623181067e+00
8.073847006236540835e-01
2.649031374975761466e+00
-3.590197120891998881e-05
-9.378640953856489824e-05
-5.965683321035625979e-05
3.446741016596867454e-05
2.810869238774094158e-04
-1.154480386931635108e-04
-2.055882101871035457e-04
-7.905927999200176035e-04
-1.882483657405377268e-05
8.233780690430512680e-05
2.998828618183134497e-04
3.462330042556496286e-05
5.517020411827736330e-05
2.525619120543877937e-04
2.278755169237709890e-05
4.141919034309729953e-05
1.941331052230009188e-04
5.909862318206044840e-05
1.711668537687772952e-04
3.099494778449499253e-06
-6.906268084255873241e-02
2.796681585218500042e-06
-8.094265809326073834e-05
1.029272454393912221e-04
7.180916378677009262e-05
-1.877942243705016737e-02
7.742624000870793597e-05
-2.130984592869549562e-05
-5.784358007208808227e-05
-2.850382723855512387e-05
-5.815243285009584831e-03
-3.237504920738171405e-05
3.140475279143982012e-05
-4.765861826092897437e-05
-1.900359305261634801e-05
-4.771288614417262125e-03
-2.572550095240901916e-05
2.218163218402830129e-05
-8.353202854238577987e-05
5.841541401283675188e-05
-1.541045988608789885e-03
-8.430383345493744650e-06
4.521797422876701274e-05
1.319368184552980878e-04
-1.846630064812055771e-04
-2.496157468771558179e-03
-3.744553325612376546e-05
-9.049422039533910921e-05
1.083720386520835473e-02
9.581949920602550116e-05
5.476990185115829073e-05
2.954765969460926289e-06
6.527087620416280409e-06
-4.242468974631615972e-05
6.836211827493270110e-02
-4.901236740904390578e-03
-4.695524222831975927e-05
-4.164372178463911786e-05
-4.616215488899115538e-05
2.323680292394368760e-06
3.460174070975296275e-06
-3.092230198195978358e-02
3.367389078450165781e-03
4.841790679454530295e-06
5.527282229400223975e-05
6.940031396248345918e-05
-7.107076038719247656e-06
2.408572832276730056e-05
2.127041004109707367e-02
1.441937553623037490e-05
-2.385389955551694737e-06
6.745705225482534614e-06
-1.251076255099153552e-05
1.919485962776278044e-03
-5.646323457576894141e-06
-5.733573118535980999e-06
-2.853808889908021238e-05
1.350421211730097625e-05
-3.152574194228938254e+00
2.391930890995340064e+00
-5.177109329521581982e-01
2.298104540144397578e+00
2.110123530974422845e+00
1.710766986458332806e+00
8.073948278348942464e-01
2.649039768452710941e+00
3.995152150666243665e-05
-7.541563289680528522e-05
-5.214814790768297105e-06
6.095253509264127959e-05
3.679636682424180117e-04
-1.071899436297976118e-05
5.959300894732085408e-05
-8.924106915592648799e-04
1.038125065800469551e-05
-1.889858508104630240e-05
2.897871048760513745e-04
-8.798985189562179483e-06
-1.892307053704894102e-05
2.022936365225978502e-04
-1.302309184660230834e-05
6.597208545876705459e-06
3.077933349992681791e-04
8.322327022244390083e-06
6.824533605973655184e-05
8.922379294198687469e-05
-6.919913058005448814e-02
4.600234278900796475e-05
-1.415661621235261988e-04
1.115761453988482386e-04
-2.692862285541413345e-05
-1.873305939209641072e-02
2.530587815316235852e-05
-3.605255150087501048e-05
-4.543454225844512925e-05
-6.121538746434709497e-06
-5.789945309845118647e-03
-4.967846528359575131e-06
4.399841532702398778e-05
-3.367679437945271461e-05
-9.106047436040205537e-06
-4.740391020000343444e-03
-1.105581607106691862e-05
2.697134263854167449e-05
-2.798280288963711677e-05
-3.142993562178106001e-07
-1.449161935868137135e-03
1.086726114332346694e-06
2.203450863511521320e-05
2.458557717274339202e-05
-1.802723699330559064e-05
-2.630940530150564522e-03
-4.403484337967640463e-05
-4.880203585162369681e-05
-1.091881234931578112e-02
1.104363085659392906e-04
-3.600429993371438318e-05
9.024312280890220417e-05
-6.096943386338371518e-06
-7.323976531097996148e-05
-6.881955263509290099e-02
4.948656383423746807e-03
-9.191072133340360455e-05
2.874357218265147132e-05
-1.052356944444034215e-04
6.550696947245395461e-06
5.939707340112305740e-05
3.120313933758921826e-02
-3.414921445241273553e-03
9.432905154376400553e-05
-5.028805177421600810e-05
1.213246364024766349e-04
-1.470219662692642012e-05
-7.337791411719094448e-05
-2.152881677654849835e-02
2.318690442963721246e-06
5.851576890115005726e-06
5.833597869232240484e-06
-3.619748699772339031e-06
1.867424224129541439e-03
-1.800860748577952928e-06
3.022700003497142264e-06
3.473088858733225631e-05
8.779108848452676700e-06
-3.152539254758372600e+00
2.391833987426493113e+00
-5.176791313527270288e-01
2.298082652118232261e+00
2.110293127280243208e+00
1.710850084082376155e+00
8.073822815250403240e-01
2.649021359752207427e+00
-9.253481627204034944e-05
-9.068952143905417880e-05
-1.808712640193631315e-05
-1.007964800301115553e-04
3.106624466818923899e-04
5.425360959385356913e-06
-1.661554359329247654e-04
-8.355809974510590779e-04
-9.230941371720772267e-05
7.423898668573780983e-05
3.032319420814757614e-04
4.096478873522671753e-05
4.249500605694039596e-05
2.562092301629759986e-04
2.602600117456506135e-05
6.795342212724761748e-05
1.752366329569087020e-04
6.067628109033885748e-05
1.276403907303734486e-04
2.083044779383912051e-05
-6.893605889050531677e-02
5.587220697700996316e-05
-4.754955137051784797e-05
1.887094794741349412e-04
8.813417876085962387e-05
-1.874442711109249732e-02
1.127786901704089250e-04
3.718897981508405889e-05
-9.550420094727317031e-05
-4.017140318611043951e-05
-5.821578203843256506e-03
-3.573002697680200269e-05
-2.075061791919608929e-05
-8.497252186612603631e-05
-3.672871056106771271e-05
-4.789293945597377332e-03
-3.374826536541242683e-05
-2.487606870878403755e-05
-1.340554262976372218e-04
1.967231050274565737e-05
-1.579867484488292357e-03
2.274181388088544764e-05
-2.489499115266995707e-05
1.688841096168550398e-04
-1.379642660774696504e-04
-2.464493402564335058e-03
-1.447712083684024749e-04
-2.030347493902646673e-07
1.089046913630700719e-02
7.399998077896319248e-06
8.689558194109906972e-05
4.457667668007064821e-06
-8.131246117003439449e-05
-1.088074976683310689e-04
6.835460897502319833e-02
-4.938726658906232581e-03
6.164862233740912162e-06
-5.963739857281204161e-05
-2.585564843475898766e-05
4.230940937217361536e-05
5.313834561561263175e-05
-3.090138412879388577e-02
3.403711270114746345e-03
-4.306816412528351526e-05
6.548494497354156747e-05
2.606611421865530354e-05
-1.233566114497920056e-05
-2.054580984413572221e-05
2.121180218712157700e-02
6.927374798974648843e-06
5.277107028808542422e-07
1.757557707954569620e-05
1.482304986498807816e-06
1.927056274663441421e-03
-2.947322299136614292e-05
-4.043945881516322735e-06
-2.116240920802521402e-05
1.306614789379805170e-05
-3.152553764563580607e+00
2.391837598852526892e+00
-5.176817836069861345e-01
2.297993760417966325e+00
2.110062638706722282e+00
1.710743856274137498e+00
8.073955066121236701e-01
2.649049046242823557e+00
5.330874770940827601e-05
-9.674374390002907914e-05
-1.269577873641911233e-04
1.291380283736701085e-04
2.910240696150229178e-04
-3.133609022473436180e-04
-2.287361838212946118e-05
-8.375257579088977392e-04
9.701266754930471870e-05
5.405032347847555193e-06
2.808973989613679613e-04
-7.323235774289346453e-06
6.069825401791382059e-06
2.039361956021396222e-04
-1.873489183343159833e-05
-2.174755269284262400e-05
2.917179075069726039e-04
8.741718916092811194e-05
-4.969875438976987473e-05
2.804399753254552762e-05
-6.917081274043886119e-02
6.517966467947558344e-05
-2.394155830601310845e-05
2.785714223237788125e-05
-5.132600042024766798e-05
-1.872007977364121070e-02
2.564683721862574383e-05
1.156900397592969547e-04
-5.804415720299792194e-06
9.313234885155593449e-06
-5.776863873814877363e-03
-4.702051346273968652e-05
-6.691407702791844379e-05
-2.816076367011118530e-06
1.449244434448984706e-05
-4.723282530733145454e-03
-5.785881543757450676e-05
-6.628336410158376473e-05
4.436800683802635359e-06
3.559201093937564714e-05
-1.442643750024346846e-03
-9.261723180971406777e-05
-9.391328626152329532e-05
-9.149358441071667809e-06
-4.161881259564933165e-05
-2.609682712017827831e-03
8.448060314968192336e-05
7.618733997139461749e-05
-1.080546692178544974e-02
6.635667641848030929e-05
1.768867685036327065e-05
1.334863549983661413e-05
5.544849863067867306e-05
-1.608164893276726060e-04
-6.852163345813939987e-02
4.899580387209647760e-03
-3.986008796829140489e-05
-9.930768870472424801e-06
-8.928396061118684668e-05
-2.807015063909163496e-05
1.156025193263361889e-04
3.107859500160010599e-02
-3.392155490881211544e-03
3.076151259552934244e-05
-6.393350800044765581e-06
1.499208388645763279e-04
6.697037063341199992e-06
-1.099689757398530660e-04
-2.147961877560188027e-02
-1.329795677884853655e-06
4.782622230400690759e-06
3.172069793036339929e-06
2.387147138299580392e-06
1.874037075946271029e-03
2.327320548861294756e-05
1.869568624471109101e-05
3.829031613704579607e-05
7.684567674062477496e-06
-3.152538604384590215e+00
2.391821102172784208e+00
-5.176759130766088735e-01
2.298057889046877911e+00
2.110259668588727155e+00
1.710836823580978550e+00
8.073846592003535161e-01
2.649027322595488343e+00
-6.974074781006184612e-05
-9.482510503283707011e-05
2.163437769574462412e-05
-1.188730895777397961e-04
2.882128867845910013e-04
8.931048631868994598e-05
-4.883675262093043287e-05
-8.113826519470431495e-04
-8.278585949840108185e-05
2.858647253424760840e-05
3.002207896947757938e-04
3.502521046323571745e-05
1.420379672866718440e-05
2.562681528020418868e-04
1.152127545262499387e-05
4.615615856613068126e-05
1.724836434270895710e-04
8.501033361523846303e-05
1.886687691977743941e-05
2.510420538071405868e-05
-6.909676232944200747e-02
1.320549555795980275e-04
2.151452529191352075e-05
1.085666961827463971e-04
6.207540348778574921e-05
-1.875969717068786888e-02
1.697452025701963571e-04
1.930112650298170614e-04
-5.329734952309391372e-05
-2.917108963718210922e-05
-5.824794488282840701e-03
-4.923820464004354989e-05
-9.969555180457033926e-05
-5.103625638343520411e-05
-2.964388970571061520e-05
-4.791392116263371546e-03
-4.272829206741174081e-05
-8.821227878518071990e-05
-7.351504466801547853e-05
-8.092581676999396651e-06
-1.581349345470253222e-03
3.942992853199969315e-05
-1.048382465631126476e-04
6.916153921878053141e-05
-5.771897832726298407e-05
-2.463531106156584532e-03
-1.984542237949684046e-04
9.556241559965374891e-05
1.087234010109190512e-02
-1.747462657082101377e-05
3.120559210503052994e-05
-4.363092034987553491e-05
-1.927389717652894631e-04
-1.023901502776518140e-04
6.842770448200902189e-02
-4.920341865972227037e-03
2.036318374752025921e-05
-2.164643717031514868e-05
-1.306129545630696498e-05
1.053236268329779603e-04
5.351308215097139685e-05
-3.095738736099524352e-02
3.382726992009025234e-03
-4.222732919651774313e-05
2.536718168346663440e-05
3.533499363981423835e-05
-5.185479459583775821e-05
-1.828684076174218968e-05
2.128720063481757269e-02
5.296772602164128070e-06
-6.603528037735214776e-06
9.901644077278692370e-06
6.148426629226835642e-08
1.929250405623773260e-03
-5.965881037479122805e-05
1.734644227780694076e-06
-2.714901583398410126e-05
1.938530763889424285e-05
-3.152544354840656204e+00
2.391788661772589197e+00
-5.176694871250194785e-01
2.297975945521394170e+00
2.110120057483790834e+00
1.710774437275717652e+00
8.073903716747505843e-01
2.649042098523266109e+00
-9.525915529288947963e-06
-9.584729046648130402e-05
-1.178385724815033298e-04
7.291288532249316822e-06
2.887060397655759336e-04
-2.992218159510984764e-04
-5.657599161378254753e-05
-8.174052543317644141e-04
1.101219500369398491e-04
1.080106916448865433e-05
2.803474595639324457e-04
-1.181525404010738887e-05
8.769805480872380256e-06
2.153675402198845323e-04
-1.215541445050065684e-05
-6.224875616484579037e-06
2.499966058707392630e-04
3.618768619916557503e-05
-4.217255629220453676e-05
-2.376221295879223658e-06
-6.892886528206081109e-02
-2.908684988822273117e-05
9.660681291361527742e-05
-3.439661044011228444e-05
-1.456655512888835574e-05
-1.866366704999181808e-02
-7.856012850623975445e-05
2.707187258771107303e-04
9.020840980531498872e-06
4.777762176309348536e-06
-5.774863024609430684e-03
-1.433419254469743250e-05
-1.607338136396682074e-04
4.099230382494393606e-06
4.999604236571866746e-06
-4.731157390886455739e-03
-2.579549636582594355e-05
-1.440778340563573959e-04
7.918417873087984067e-06
1.487943021347830216e-05
-1.474954546680415672e-03
-9.863726369139697611e-05
-1.873488805860892316e-04
-2.236666616595639132e-05
-2.548352133816378075e-05
-2.573846401539865020e-03
1.847871605611289857e-04
1.768088819970983815e-04
-1.077332939137352723e-02
-2.057075325958380519e-05
3.940697025475335333e-05
-1.779037798717297836e-05
1.749677000400364033e-04
-1.816230825679534568e-04
-6.819332169146170852e-02
4.874825866062934207e-03
1.207088497156175535e-05
-2.836519994024749467e-05
-6.334307544522341238e-05
-9.660067324032049719e-05
1.208433003311774976e-04
3.091239814854156859e-02
-3.360300666786269520e-03
-1.406229431272278140e-05
2.379306308879552067e-05
1.235661697889089278e-04
4.833096667189765942e-05
-9.982122650839791306e-05
-2.133910052039170169e-02
4.969569790202273720e-06
1.087532687452785543e-05
2.249306207822930593e-06
9.554177360631413906e-06
1.884206230262368015e-03
5.370765620508319749e-05
2.104996640377355564e-05
3.403670938785821295e-05
1.429064042652824270e-05
-3.152528166728289616e+00
2.391754771165684801e+00
-5.176566340992775350e-01
2.297983479707932375e+00
2.110224299610931720e+00
1.710825255626722274e+00
8.073836930450720706e-01
2.649029775881421411e+00
9.066555141058181371e-06
-1.227820681188164596e-04
1.722910983294220728e-05
-1.157729931978857397e-05
2.404457793896923171e-04
1.049302099277154426e-04
6.867728050839395817e-05
-8.197284228532193814e-04
-1.321171101963859609e-04
-1.066701801680331485e-05
2.892853534202676261e-04
3.203178019642839648e-05
-9.614001821632010586e-06
2.369537016638768553e-04
8.369774571211048504e-06
7.607151501485412480e-06
1.941249968398426587e-04
5.835065193607315520e-05
-1.469445515876643591e-05
7.302193070116486302e-06
-6.907712130119876559e-02
1.263971857428051321e-04
4.945908219028166859e-05
-2.865653930590939718e-05
4.376310676070712118e-06
-1.874959544097340447e-02
1.702238922850652248e-04
1.665340630992939936e-04
-1.813073252279006313e-07
-5.344328799176889050e-06
-5.816667490752619289e-03
-3.375040662494143470e-05
-1.043954147502578931e-04
-5.436033436391517134e-06
-2.584216262355768748e-06
-4.782302420146104967e-03
-2.744370199199650255e-05
-8.921477353070016289e-05
-1.996340296026294771e-06
-1.683286861870985480e-05
-1.548871061397256044e-03
6.268206234974540980e-05
-1.068729363416920776e-04
-1.610868032773754455e-05
4.411230939514956969e-05
-2.517798748260579277e-03
-2.265636766726124665e-04
1.089402212523464379e-04
1.083253071142327439e-02
-5.301292060134725633e-05
-3.133266423115864613e-05
-1.389172126831095255e-05
-1.714218670443186637e-04
-8.752441503650457838e-05
6.848638362851863781e-02
-4.903232663590380985e-03
2.309683318035311720e-05
2.283136647732050785e-05
-3.840794601813954379e-05
8.670267012717382867e-05
5.400119179597799839e-05
-3.100058564137418010e-02
3.374443490024603767e-03
-1.371194064331392323e-05
-2.008122936115439060e-05
6.813637852753733071e-05
-3.082280096628561719e-05
-2.151689179735337323e-05
2.133514528420828865e-02
4.578535160413958489e-06
-4.208760979563059494e-06
2.721666611436155721e-06
-6.737467220495474006e-06
1.914186764198796921e-03
-5.635166049193130627e-05
3.149226436217629054e-06
-2.859555874931944284e-05
1.550158618524331627e-06
-3.152522083118200147e+00
2.391731364462405640e+00
-5.176492288785012885e-01
2.297924422940187839e+00
2.110143490699291746e+00
1.710791927981529348e+00
8.073867149785250996e-01
2.649037165545823136e+00
-8.189388388143238051e-06
-1.414362300493021913e-04
-4.606448908882145618e-05
-2.789076553010717927e-05
2.128654073651390331e-04
-1.967224776399608722e-04
8.891021143461893227e-06
-8.314026289808740776e-04
1.984034483970387554e-04
-1.585272480835888030e-05
2.797021727339698140e-04
-4.523369892200950664e-05
-1.044313741718189324e-05
2.113719293047858672e-04
-3.199659905769613219e-05
-5.408658665482083582e-06
2.437340627147876354e-04
4.078973193548599409e-06
-5.183457782215097204e-07
4.851025451998200282e-06
-6.906737377724379845e-02
-3.795821051556921497e-05
-5.409264380254669765e-05
3.456944364637422242e-06
-8.693252168762858600e-06
-1.873576085687535253e-02
-8.614050357048138717e-05
2.288515187110958264e-05
-9.988003212540435953e-06
6.260654105364737366e-06
-5.797120182811072060e-03
1.532764742096279871e-06
-4.576530532909542815e-05
-1.463560756301239348e-05
2.613435659569706006e-06
-4.760312536237064351e-03
-3.283064151469478216e-06
-4.166219238811936701e-05
-3.200694322667694451e-05
-1.203895805721089009e-05
-1.500096517213378271e-03
-9.105642186686590720e-05
-5.806767660572970731e-05
3.871926497613718929e-05
3.128352882652913529e-05
-2.583277836055776402e-03
2.303566172400865449e-04
7.112903495931998765e-05
-1.083145559646958751e-02
-2.454482372338186343e-05
-2.553166566957265583e-05
4.055117964135018793e-05
7.758709576398078490e-05
-1.114200685794182813e-04
-6.853360818078947647e-02
4.898620163856836317e-03
2.673240062196964063e-05
8.368969686068676779e-06
-7.893305235841252543e-05
-2.633426962038725068e-05
9.120675143538443681e-05
3.104494131515262920e-02
-3.372753554517320118e-03
-4.378381777651444470e-05
6.826643205607379290e-07
1.120116813624980751e-04
-2.351304268215779255e-05
-7.340757836669275149e-05
-2.140084697293754765e-02
6.965620088352652726e-06
1.481840073826062886e-05
4.279620643979702122e-06
3.876085331556516190e-06
1.893917574451226991e-03
3.627654295975117800e-05
-2.530940598499185185e-06
3.042002399376619913e-05
1.555865651859707758e-06
-3.152540878960437443e+00
2.391801599923164101e+00
-5.176748497665913940e-01
2.298002819824868759e+00
2.110161011444860790e+00
1.710792251647929474e+00
8.073882849024091035e-01
2.649036178489035276e+00
2.579198949027480239e-05
-1.045213122456998883e-04
9.206177560304072086e-05
1.459086563910453986e-05
2.796649257124123218e-04
3.040618208449295725e-04
7.752945132289998744e-05
-8.238225089043017162e-04
-2.225934259653271807e-04
-2.603292411226089677e-05
2.873241658477572284e-04
4.724466234235083018e-05
-2.022780488154872058e-05
2.234643365659372976e-04
3.911510997205946792e-05
-1.514209200244786765e-06
2.395421029439363120e-04
-3.912816385828494104e-05
-6.702692655856758771e-05
1.290073966364179304e-05
-6.903610430327547509e-02
1.438506796622781182e-05
-1.094920311064250407e-04
-7.685642506549751380e-05
-1.458332089510362673e-05
-1.872214574848485996e-02
1.835244736336667782e-05
4.367588102043009019e-05
3.161137837090025071e-05
1.013850613002755441e-06
-5.795543607214316377e-03
1.269421139118263203e-05
-4.245535326573000889e-05
2.453432659694600642e-05
-2.894509915910646451e-06
-4.755339929352436941e-03
2.018632900657644461e-05
-4.340358220009406091e-05
4.711125225644545157e-05
-2.699362689165963328e-05
-1.501841091546723180e-03
1.102388540026820723e-04
-5.953997313245109962e-05
-7.932418996154559990e-05
6.170452015147978077e-05
-2.567460018061680765e-03
-2.259007454451520736e-04
4.945387245581594159e-05
1.085049845240489488e-02
-3.175022758778942022e-05
-6.714988744544462184e-05
2.235975144990187680e-05
-5.397867683579475780e-05
-1.556701047811297417e-04
6.854363577337684033e-02
-4.923035805970141406e-03
-9.466873567862219702e-07
3.794247849906278434e-05
-6.789128791961224207e-05
1.239570324551011668e-05
1.167895695247455701e-04
-3.103971779212907900e-02
3.403749290758002061e-03
2.218632894041309631e-05
-2.029089311090139360e-05
1.014376577644134775e-04
3.195621987205516388e-05
-1.015565696899811850e-04
2.138560615775612905e-02
4.423985672137139744e-06
3.812739856729223040e-06
7.751749732388111581e-07
-9.399065612251779399e-06
1.894032774764954586e-03
-3.100822866917155507e-05
6.528588424257957099e-06
-3.386299446316434552e-05
6.593064795084319497e-06
-3.152537577122498380e+00
2.391781267718079196e+00
-5.176706029710530510e-01
2.298012755520001615e+00
2.110219529543049699e+00
1.710818136210256357e+00
8.073838901494406750e-01
2.649029328010825246e+00
1.710996490550719458e-05
-8.545080657750117646e-05
-6.508035672004997669e-05
-4.066047248035451703e-05
3.081279046964423805e-04
-1.974786320104806887e-04
1.389372080854513235e-04
-7.944410749338852743e-04
1.266312136612207293e-04
-4.833017020564795606e-05
2.954598232145465840e-04
-3.323569957879542246e-05
-3.543434311245839414e-05
2.442298116285852448e-04
-2.598211082472937086e-05
4.247493096020383782e-06
2.030495114262521102e-04
-3.171935887574591916e-06
4.685758033623412151e-05
1.869887600651883247e-05
-6.901913923495657521e-02
-3.497463404810081423e-05
-2.976365164788997899e-05
1.338089493642014461e-04
-1.422420155801414974e-05
-1.873700802221285946e-02
-8.171624114377962884e-05
9.874138117350981115e-05
-5.570637125863040395e-05
3.871360155805214393e-06
-5.808228700173581789e-03
5.852288555372397137e-06
-6.660738010092209923e-05
-5.533800465474189454e-05
2.232047426909725097e-06
-4.771717811904144582e-03
4.075457943314132964e-07
-6.210050622485362626e-05
-9.117911389934027912e-05
-4.613999547145721880e-05
-1.534516373416207986e-03
-7.319913442364982530e-05
-7.400872767051742940e-05
1.024606198966106511e-04
1.285382989473722907e-04
-2.531630745513109570e-03
1.879583467809447855e-04
6.072347994967204079e-05
-1.085309661648002633e-02
2.162208979075231144e-05
-9.119779802990160208e-05
2.118404163626436132e-05
1.050827188983280685e-04
-1.216531351299493264e-04
-6.845463960105953316e-02
4.907860547996620304e-03
5.235337431320217019e-06
5.678080569629405990e-05
-5.102116658893887657e-05
-5.366674819476732880e-05
8.433914430087767738e-05
3.097675485194070766e-02
-3.373044518546808312e-03
-4.229360159187846866e-05
-4.899834437873331499e-05
6.783883635907463072e-05
1.504788288562004762e-05
-6.164090981919525614e-05
-2.130964585714914886e-02
5.956398035047435558e-06
1.158065960903931191e-05
1.014946683165209810e-05
-4.214196418592867747e-06
1.905598147787201848e-03
3.911752204338581323e-05
-3.573838347788584145e-07
2.895471129088026123e-05
1.557274822629733252e-05
-3.152564931996364450e+00
2.391906960678187755e+00
-5.177053953978995038e-01
2.298071631417065053e+00
2.110086610028275356e+00
1.710746190552774992e+00
8.073970459184074411e-01
2.649047267060352873e+00
-1.102350278528679926e-05
-5.700898250297328686e-05
1.406229049795288386e-04
-9.106077965105141385e-05
3.670972423422025517e-04
3.460021695914241137e-04
1.258481585275221830e-04
-8.253164038558660504e-04
-1.096216031407650740e-04
-3.438015304753833979e-05
2.930906173064320736e-04
1.903605199352825249e-05
-3.585353917537646229e-05
2.174783018078859818e-04
3.162165165450457599e-05
4.803063585948664528e-05
2.941040391891838550e-04
-8.203281767068802449e-05
-1.397500721798249513e-04
1.901600390218614618e-05
-6.900803390287402195e-02
-4.375902664176538510e-05
-6.386745436287306725e-05
-1.648571879127552319e-04
7.993717676048163532e-05
-1.869547417170800557e-02
-6.499040794123251081e-05
1.750552005212777746e-04
8.240740542499949293e-05
-1.891971276112683928e-05
-5.767545951598270458e-03
3.588924328057962261e-05
-7.516165687533330939e-05
7.538679873426668780e-05
-2.183873793683760228e-05
-4.711985800821264468e-03
4.262795209557577016e-05
-7.807072058790405999e-05
9.517410179178431876e-05
-5.728815550449590155e-05
-1.443643071066274489e-03
8.417644282295285514e-05
-1.117799408559782111e-04
-7.169205913787048091e-05
9.362109918619142257e-05
-2.584998107114849352e-03
-1.003932804270610474e-04
7.881180286395039953e-05
1.080499077497352675e-02
4.685644277874147397e-05
-1.258618056449048537e-04
4.611969751384600857e-05
-7.915344447276414196e-05
-2.155849396584218203e-04
6.833930178379146736e-02
-4.903569206301189656e-03
-3.107716645044914135e-05
8.433514412545158869e-05
-9.493763069394131615e-05
3.639490500351204912e-05
1.460528104879635575e-04
-3.096796384668804025e-02
3.396736166974831123e-03
3.266649112492294501e-05
-6.210753176227073904e-05
1.342859497146537545e-04
-2.153044283577636858e-06
-1.416441146160950584e-04
2.137985892955140618e-02
3.815370706251289441e-06
3.487883990153798144e-06
-6.569563937179205603e-06
-2.400925673438087239e-05
1.874099831333857821e-03
-2.344237300589042689e-05
1.969510674586290202e-05
-3.675186548586487534e-05
2.255827807020330733e-05
-3.152544406149961009e+00
2.391807080715636413e+00
-5.176778110882661599e-01
2.298034105395610371e+00
2.110202465504197544e+00
1.710801456166334944e+00
8.073855905018419987e-01
2.649033459387111655e+00
-7.036282882057963385e-05
-5.848261799443318833e-05
3.385942997300171774e-05
-1.773492817000063516e-04
3.489006495942574776e-04
1.827992760300085114e-04
6.917424398661736686e-05
-7.755584470372317530e-04
-2.111944744916585269e-04
-7.585944915121138477e-06
3.015234222716994253e-04
8.390479725581690817e-05
-1.286215672172866802e-05
2.497451929948926925e-04
7.030311645666269390e-05
3.045732201235024599e-05
2.175103688341523166e-04
-1.494629432039829616e-05
7.780030609201053706e-05
5.935568176646617480e-06
-6.902361842447017615e-02
-4.830929571185128791e-05
1.991569348913894847e-04
2.076327201024301186e-06
2.819480825336200664e-05
-1.875248139518719340e-02
2.262447689841551183e-06
9.041153486344095762e-05
1.255587588455389910e-05
-1.656924922974297354e-05
-5.801047734393192240e-03
-2.048184283706978577e-06
-6.099077102637991913e-05
2.013815689954451702e-05
-1.219711371584324540e-05
-4.754672828286108689e-03
9.013943385871777683e-06
-5.122012597539217385e-05
3.126857682614250095e-05
-3.845110228441284768e-05
-1.513424012325035282e-03
8.945528917091428143e-05
-8.985102147668420480e-05
-2.617545933670979775e-05
7.372680275590534713e-05
-2.525892987245977311e-03
-1.940674800705867150e-04
1.396739398254411740e-04
-1.088978219273264991e-02
7.218388793317986017e-05
1.982799792329124119e-05
3.731869862072523247e-05
8.220474736801448162e-05
9.841427471169025484e-05
-6.838581262593632082e-02
4.930244584817806454e-03
-6.257018615355291883e-05
-7.119039635098247179e-06
-6.186871711524356832e-05
-5.281453988515051471e-05
-5.110859946016966734e-05
3.094589826468706686e-02
-3.392397781802938481e-03
6.735052849603668504e-05
-5.271360589365818410e-06
7.739996804298487909e-05
5.507923296175717704e-05
1.034846474704453553e-05
-2.129985939583921989e-02
6.720821720150775363e-06
7.094619085914765407e-06
9.435831896399186317e-07
8.025475069079675045e-06
1.904113851089267884e-03
-6.801777434948955495e-06
1.101256391675722564e-05
3.300356650693154364e-05
-2.674164452743774172e-05
-3.152545945152286144e+00
2.391853530078043466e+00
-5.176859071965685954e-01
2.298015289271209127e+00
2.110079937767763703e+00
1.710743029109977220e+00
8.073942561987089706e-01
2.649045583462479314e+00
6.758236313325968617e-05
-8.165696819043325415e-05
-5.269670334521796230e-05
2.266865976186761486e-04
3.225281813149004709e-04
-1.310326267702211476e-04
-1.644742872783273586e-04
-8.272865845551447342e-04
4.649359674641568619e-05
3.531948848843842524e-05
2.954634343054524277e-04
3.717021679005075974e-06
4.241259857761930105e-05
2.149095577917811055e-04
3.272358231774224533e-06
-8.489666786690836485e-05
3.104335088442346929e-04
3.054892687001583033e-05
1.794957698653213427e-04
-7.600510257651550694e-05
-6.901918979236880414e-02
1.989506304091845823e-05
2.160522541276978323e-05
1.177101987071692860e-04
-8.623344635685239816e-05
-1.875476267721921594e-02
5.298223719752617603e-05
-1.517795407269800220e-05
-5.859741939513294273e-05
4.038453238410221477e-05
-5.772368674539478904e-03
-1.689925005537218957e-05
1.982254841277547244e-05
-4.899647489110779144e-05
4.378633510492402467e-05
-4.712894167341710391e-03
-1.333389667431186392e-05
2.490789439081674239e-05
-5.687059105036489006e-05
8.187188348232487145e-05
-1.427901032262402252e-03
-1.593237497755724719e-05
2.978322018338612059e-05
6.015346217020525548e-05
-1.005484927870409776e-04
-2.615294108292237369e-03
2.331604064676048513e-06
-1.052403782348824084e-06
1.091703501227861070e-02
8.397079112252192785e-05
8.479692181798505549e-05
1.434611979181862895e-04
1.487381807242825829e-05
8.422602214793907115e-05
6.843671432318217118e-02
-4.953750538003729928e-03
-6.243162787978814594e-05
-6.541752048460941927e-05
-1.356581269191525774e-04
6.575429307038036311e-08
-7.684926623284814079e-05
-3.098860838249787100e-02
3.423993959330590402e-03
5.621151747793514406e-05
6.815169144536479618e-05
1.487241150527531669e-04
-2.232575562046330852e-05
9.023232712695253299e-05
2.137132614469659103e-02
-3.324993733465507668e-07
6.579078034967314990e-06
8.819908155416941037e-07
1.188237357891398457e-05
1.879763838244020210e-03
3.466589985174928787e-06
-2.384818636004565367e-06
-3.895796418498838755e-05
-6.628904627546000107e-07
-3.152524979557019158e+00
2.391756561393017400e+00
-5.176556601940414115e-01
2.297913061080735897e+00
2.110054504684961696e+00
1.710741495135035706e+00
8.073920648505319431e-01
2.649047845656562483e+00
-1.114085080886484261e-04
-1.061544947628635053e-04
-1.067497164425237465e-06
-2.752321336409895881e-04
2.673160901031233945e-04
9.379745697861235042e-05
9.165554228657594397e-05
-8.041373691814429191e-04
-1.742539921028394699e-04
1.335684033782449833e-06
2.848709694447810721e-04
5.536600750275892386e-05
-6.489300712444953927e-06
2.066423793492861056e-04
4.688913561337577180e-05
6.528025600693645992e-05
2.997042797092483056e-04
-3.048995398224050614e-05
3.541395375620761841e-05
2.036905836200517779e-05
-6.890421190879975066e-02
-3.100481499810269978e-05
1.098035498791729084e-04
-2.617007372756809276e-05
4.139577679077678174e-05
-1.871312759267266743e-02
-3.876608236310399554e-07
1.851220019113310319e-04
4.236501241954468660e-05
-3.744239478362505297e-05
-5.760437949785985300e-03
1.090684455473720069e-05
-7.288905922782930563e-05
4.478279686513412600e-05
-3.435800931140049915e-05
-4.707866021103453841e-03
1.345366106156167319e-05
-7.387973047883370056e-05
5.641433153317009050e-05
-6.702440086940185567e-05
-1.431126415683047024e-03
6.992168771114971567e-05
-1.068402501054349250e-04
-4.504062685098395090e-05
9.034093824087192296e-05
-2.611912613473117012e-03
-1.551657428073515939e-04
9.482070540027526381e-05
-1.082989859680433611e-02
8.972480976115299826e-05
4.197966230092302006e-05
1.231483898611884786e-04
1.044888120100453781e-04
4.420225512806550544e-06
-6.819022132781710210e-02
4.899731702709520832e-03
-9.056003793427085070e-05
-1.609048135379299643e-05
-1.309453631672171520e-04
-7.187871079758560407e-05
4.284267602703032904e-06
3.088683827604274748e-02
-3.374024105069296786e-03
1.003613583355747105e-04
-5.524936845014430864e-06
1.564713161572289096e-04
6.959076872906566277e-05
-3.412238598649247959e-05
-2.131940023306149942e-02
2.694094774481216423e-06
1.539053945149465065e-05
-1.011908385081870636e-06
1.430115056380031643e-05
1.877123111904453441e-03
1.099846824867807766e-05
1.753608421757588197e-05
3.659500691020587152e-05
2.211115567218673549e-06
-3.152526738544914053e+00
2.391754036020881991e+00
-5.176560381962946877e-01
2.297934395530113694e+00
2.110097038155664073e+00
1.710756844386707165e+00
8.073896955673435238e-01
2.649044607777135685e+00
-2.433458393597180236e-05
-8.620393529563952217e-05
-6.471811820856774374e-06
5.848849749986431614e-05
2.926634761347486798e-04
1.094357613603673960e-05
-2.096987355792204698e-04
-7.771157987322471067e-04
-4.348119347289673995e-05
6.942981445675155505e-05
2.916028703552065978e-04
2.435403575176778188e-05
5.670571993968876346e-05
2.252692175017982027e-04
2.291307655400232968e-05
-1.353676326733965892e-05
2.706651893384020647e-04
-8.650502506733523758e-07
1.886415354241015654e-04
-4.074270866379937905e-05
-6.894016686053849874e-02
-2.551799391144632953e-05
-8.565204848399554476e-05
1.858306495971691612e-04
4.272179712891543296e-06
-1.873684350175209082e-02
1.873512900949173490e-05
-8.583602736934257396e-05
-9.310017855904061351e-05
-1.304314768481631135e-06
-5.772527653648188914e-03
-3.019137835063386601e-07
4.937419357875723650e-05
-8.270707358063013402e-05
4.160108381864071865e-06
-4.717768167060982024e-03
1.991754309660619940e-06
4.361574934439107099e-05
-1.171985611457273223e-04
6.542826538247280364e-05
-1.451569383615424792e-03
2.050998941441000044e-05
6.353228769640685970e-05
1.365280851940845527e-04
-1.575999886121414980e-04
-2.579368896605573926e-03
-5.082550336036279284e-05
-6.804593587384367547e-05
1.085561042483094464e-02
7.865688995367225295e-05
1.127655046314923228e-04
9.570256471200244697e-05
4.647279441305436675e-05
-6.860031533683459345e-06
6.812741053256846091e-02
-4.923787107945344285e-03
-3.736627753119794136e-05
-8.200319968209619651e-05
-1.107683840551841603e-04
-2.409534570390771250e-05
-9.712794481835616833e-06
-3.084172172734762213e-02
3.401452715221888346e-03
3.071630829916730497e-06
8.691023598831628359e-05
1.363471223092115742e-04
1.098939848090056519e-05
3.172901137789507992e-05
2.126848998424581833e-02
-1.259029577483836409e-07
5.221178671843240259e-06
1.095620012218255978e-05
1.140561022406114513e-05
1.889315816716387580e-03
6.143856345948516906e-06
-8.104622457929372935e-06
-3.929643649561714852e-05
3.550447067011914875e-06
-3.152583057279277678e+00
2.391962960480625622e+00
-5.177261306452871636e-01
2.298173228527808476e+00
2.110191737179481830e+00
1.710787844015270842e+00
8.073920201799718033e-01
2.649031858537691075e+00
1.810463171879881424e-05
-3.590139861431719363e-05
-4.147603446281283282e-05
6.515580579394796013e-05
4.419545201022951524e-04
-6.717152370564445445e-05
-3.987662190482957748e-05
-8.734934384066795916e-04
-2.504121285768745576e-05
-7.601845720241237993e-07
3.057111419771668540e-04
-4.379636339173940084e-06
1.682608660432214086e-06
2.264921007926325809e-04
-1.297887056142044067e-05
-3.447958285717314978e-05
2.869788332525535605e-04
9.542833460240986133e-06
2.523206224774231189e-05
3.682015274243818047e-05
-6.915566497671288282e-02
3.787022260964676866e-05
-1.492241609452571146e-04
-3.414850212468914406e-05
-5.354317007447446778e-05
-1.876224443368154984e-02
5.777573776669436351e-05
6.676603623010594207e-05
1.091628496040796713e-05
1.346892319053412412e-05
-5.800874075508653284e-03
-1.967581959013666777e-06
1.287479478773185658e-05
1.650744469137831470e-05
8.890849918577199262e-06
-4.747625180427332905e-03
-8.184328377119673534e-06
-4.021241128507400519e-06
2.292448980783051796e-05
2.735783271629168905e-05
-1.464016058066079998e-03
7.785275991537736820e-06
-1.958803799152183050e-05
4.430511946997493214e-06
-5.930228303001115308e-05
-2.603966338390392189e-03
-6.242617891509386931e-05
-2.060889210574167878e-05
-1.097282253182486553e-02
7.283169874478681127e-05
5.012340423360395463e-05
1.319939183824607454e-04
3.094584634531419428e-05
-8.640301893827136734e-05
-6.884454185504719492e-02
4.971745432655976654e-03
-6.667872920791058128e-05
-3.232015163467428804e-05
-1.103250467296753440e-04
-1.715513798282547703e-05
7.119604862833016378e-05
3.117423851478994673e-02
-3.424451528424857054e-03
7.634576445304019150e-05
9.881638293347941087e-06
9.508299427768082679e-05
3.873040547078778124e-06
-9.560362998691612193e-05
-2.145808784510149295e-02
1.724133594766414377e-05
4.352107724969483287e-06
3.295452778440870965e-06
1.277270796096084346e-05
1.868486509814432789e-03
4.578072703064626949e-06
6.404620587831501630e-06
2.906924740119184086e-05
2.035555182291147978e-05
-3.152544403830008335e+00
2.391807068200432873e+00
-5.176778060394051639e-01
2.298034098566290595e+00
2.110202471909655042e+00
1.710801459305504091e+00
8.073855905313543913e-01
2.649033458152472598e+00
-5.829275861476092475e-06
-5.848237738129358687e-05
7.789694107523595498e-05
6.966663645868585069e-05
3.489029758299261970e-04
2.450747826799009980e-04
-1.482630978526411510e-04
-7.755600991634953485e-04
-1.655133892989655946e-04
6.887382159869787817e-05
3.015242144792444861e-04
4.852103589080555086e-05
5.446287781344681732e-05
2.497455237257346569e-04
4.628376185981631995e-05
2.258454600286997752e-06
2.175107174119600482e-04
-3.382688849338084903e-05
1.337710826897026096e-04
-3.886221011063811142e-05
-6.902359127161711294e-02
-2.929717879919416061e-05
-1.669942233501889913e-04
7.733844702524288281e-05
1.605902710332756761e-05
-1.875246662694429398e-02
-2.328750854308341283e-05
-4.701434683740627615e-05
-5.909546411162055687e-05
-1.005813896940033626e-05
-5.801047938552451183e-03
1.332544487448644369e-05
1.962821145806182432e-05
-5.443630770875003969e-05
1.708516507857525657e-06
-4.754671591820240628e-03
1.507004552824395534e-05
8.183073107461798565e-06
-9.344968807999108910e-05
5.824647594825248698e-05
-1.513413144340911530e-03
7.802687278098424542e-05
1.787480757036956014e-05
1.340107585581012061e-04
-1.312049194365444774e-04
-2.525915777307877891e-03
-1.608819570892206820e-04
-4.719491062563427449e-05
1.088999168561634659e-02
4.913634494303374331e-05
8.108586363557771220e-05
3.732036368677207894e-05
2.394128645072097876e-05
-1.117204653576723671e-04
6.838577548166216435e-02
-4.930333051990634305e-03
-1.297615015296443592e-05
-4.929525658797475262e-05
-6.186867672981766209e-05
-2.024643933837841706e-05
7.974135812918367854e-05
-3.094588419149638461e-02
3.392458463798044346e-03
-2.471293633404548487e-05
4.507354308543639731e-05
7.739872996520742732e-05
3.210761507948752848e-05
-6.350127982615640120e-05
2.129985112077182816e-02
1.983459099072840804e-05
-7.094466181685353458e-06
9.063338432086870617e-06
-1.877871326692122280e-06
1.904110810663481096e-03
-1.035085224358067322e-05
-6.322792778789404749e-06
-3.300377397446880700e-05
1.917342021905324011e-05
-3.152564913809331237e+00
2.391906870542443553e+00
-5.177053636901396416e-01
2.298071569247374768e+00
2.110086638041157148e+00
1.710746198319367029e+00
8.073970455050966111e-01
2.649047264969196736e+00
1.099661588142939340e-05
-5.700460551299536046e-05
-1.408019985308366518e-04
9.101107813910347746e-05
3.671070037371054404e-04
-3.464995140443685989e-04
-1.258653535368150188e-04
-8.253199565787200202e-04
1.096597012532919409e-04
3.437880373750722845e-05
2.930896458122682043e-04
-1.903716724841786106e-05
3.585170560211656352e-05
2.174765497172082799e-04
-3.159264629830390160e-05
-4.802568783148033246e-05
2.941067692438474731e-04
8.194785133974660362e-05
-1.396933259008447011e-04
-1.901766717520329223e-05
-6.900788032790410031e-02
4.375881181029614778e-05
-6.430905154246107855e-05
-1.648356582087730790e-04
-7.993607159640010208e-05
-1.869540420396003169e-02
6.498869230295713055e-05
1.749912851659979850e-04
8.240713637541119331e-05
1.891942224648933949e-05
-5.767556983175803863e-03
-3.588873869243467372e-05
-7.517347662759969967e-05
7.538080499212242624e-05
2.183847254897990970e-05
-4.711996624533885090e-03
-4.262771643262459409e-05
-7.807464830533894929e-05
9.516618085717473935e-05
5.728707276659057978e-05
-1.443633363680243411e-03
-8.417440327861071183e-05
-1.118110023574437120e-04
-7.169666952511641821e-05
-9.361894627538514099e-05
-2.585044646669035912e-03
1.003876205992874134e-04
7.889272356744229334e-05
-1.080507009080477858e-02
4.685944308536571339e-05
1.258752763328957035e-04
4.611801090531955638e-05
7.915099541451584182e-05
-2.155828886488760261e-04
-6.833919276384700647e-02
4.903607629779279872e-03
-3.107891777394400368e-05
-8.433625552747511540e-05
-9.493805030023720615e-05
-3.637330677949392405e-05
1.460514615941173279e-04
3.096792590344170371e-02
-3.396764721974216555e-03
3.266808027118224501e-05
6.210158500321677445e-05
1.342876238178431630e-04
2.116184660704646713e-06
-1.416438463818680193e-04
-2.137984100331750958e-02
3.825442239621548810e-06
-3.487195788225789985e-06
-6.570009511317284221e-06
2.400935973386814819e-05
1.874090265606324175e-03
2.344295600550976499e-05
1.970371686827002448e-05
3.675217540121723542e-05
2.251748280117062606e-05
-3.152537576810648279e+00
2.391781271923594687e+00
-5.176706046948867934e-01
2.298012756324867123e+00
2.110219526054134320e+00
1.710818134180576600e+00
8.073838901540584256e-01
2.649029329086411089e+00
-1.711931258600792342e-05
-8.545091715528681979e-05
6.505864478807557930e-05
4.067247480232110985e-05
3.081260285073497847e-04
1.974603311557902321e-04
-1.389737053991781958e-04
-7.944403577050188070e-04
-1.266725447364821415e-04
4.832919110800851866e-05
2.954587982428428269e-04
3.323326404361959534e-05
3.542613063778286809e-05
2.442293341758919778e-04
2.597208931299059835e-05
-4.226388821472926334e-06
2.030485572813378278e-04
3.203985169234212270e-06
4.684401328363622247e-05
-1.870116812305642031e-05
-6.901914862879632295e-02
3.497126580290807300e-05
-2.957172981495959693e-05
1.337851112605523466e-04
1.422513925256227747e-05
-1.873701592245812647e-02
8.171749442102433508e-05
9.881263442522496233e-05
-5.570150743727369244e-05
-3.872024361049865792e-06
-5.808229989097568428e-03
-5.853517746014111301e-06
-6.660127886967069080e-05
-5.532386739463104116e-05
-2.232984167885657123e-06
-4.771720231134882195e-03
-4.091061017646785078e-07
-6.210389800542090379e-05
-9.114624943639032301e-05
4.613860383347468796e-05
-1.534525585564912222e-03
7.319707757941368851e-05
-7.400022581239759905e-05
1.024303724752845908e-04
-1.285375332219584150e-04
-2.531614052517196928e-03
-1.879574648669817038e-04
6.067725217055706141e-05
1.085330923102130474e-02
2.162126352253136707e-05
9.120284562614199789e-05
2.118100629164287874e-05
-1.050626548145853177e-04
-1.216513709758071122e-04
6.845460097330348381e-02
-4.907949703960589466e-03
5.235655791386716225e-06
-5.678249217451708346e-05
-5.102047821751130863e-05
5.366460460313267518e-05
8.433740116832076032e-05
-3.097673747542846467e-02
3.373104846196960625e-03
-4.229382763166811060e-05
4.899487887579466309e-05
6.783947728503277042e-05
-1.505765878508146059e-05
-6.163873276401708864e-05
2.130963327524443979e-02
5.924292447685540605e-06
-1.158052599683286228e-05
1.014973681169776903e-05
4.214162934192095889e-06
1.905601162054275420e-03
-3.911749529212783902e-05
-3.601810598498149905e-07
-2.895450435588230525e-05
1.554284351137180220e-05
-3.152540880231338605e+00
2.391801604294778727e+00
-5.176748530925171510e-01
2.298002819641020711e+00
2.110161003640314004e+00
1.710792248701940244e+00
8.073882847427623632e-01
2.649036179254677492e+00
-2.579940049778233600e-05
-1.045236335167744964e-04
-9.209570821465325489e-05
-1.460438642133355487e-05
2.796601145504771114e-04
-3.041335396277807706e-04
-7.753632776399943787e-05
-8.238242776255403060e-04
2.225846104700620156e-04
2.603449203458636199e-05
2.873228498230517305e-04
-4.724060984902205939e-05
2.023116752390333563e-05
2.234626436408562256e-04
-3.911054985347814806e-05
1.504202656544416275e-06
2.395431820440175491e-04
3.912913867482918574e-05
-6.703703136659198373e-05
-1.290320127001663925e-05
-6.903610665791336254e-02
-1.438863420409359096e-05
-1.095153838652026699e-04
-7.685556049762373222e-05
1.457848633952792000e-05
-1.872215166664642494e-02
-1.835539170435513214e-05
4.365822648072871027e-05
3.160595569511492393e-05
-1.012316847045097992e-06
-5.795541728756249331e-03
-1.269381181460727285e-05
-4.244958022605846323e-05
2.452667679110798096e-05
2.896026322640540157e-06
-4.755337661182856834e-03
-2.018615039260338603e-05
-4.339717398786649091e-05
4.709081954247421964e-05
2.699540829285282319e-05
-1.501837313861448774e-03
-1.102385393167646386e-04
-5.954202672157613740e-05
-7.929534429910008652e-05
-6.170483833992066749e-05
-2.567464873288610901e-03
2.259002249736408879e-04
4.947844310794458599e-05
-1.085051436130215867e-02
-3.175158905349825464e-05
6.714977250052667169e-05
2.236047439257288216e-05
5.398933500283596525e-05
-1.556664053178570192e-04
-6.854364809113443202e-02
4.923052924100689010e-03
-9.452774728588428030e-07
-3.794344021883648056e-05
-6.789305953337765320e-05
-1.239803493338176126e-05
1.167871147913756560e-04
3.103972270990212196e-02
-3.403771724328060952e-03
2.218430587688611936e-05
2.029190339865498210e-05
1.014406393885485674e-04
-3.196006423843795931e-05
-1.015544301900039642e-04
-2.138561320106996747e-02
4.424835926122020662e-06
-3.813074680845490944e-06
7.742086931735174711e-07
9.398625242961958356e-06
1.894034811180896278e-03
3.100872913832264811e-05
6.527135585662652045e-06
3.386307555493722277e-05
6.590366225146159157e-06
-3.152522084857061202e+00
2.391731375440901086e+00
-5.176492335705701331e-01
2.297924430373118110e+00
2.110143486286035319e+00
1.710791926436943555e+00
8.073867150476982113e-01
2.649037166417054667e+00
8.180773564893849216e-06
-1.414348365484604554e-04
4.604599108673498929e-05
2.786759695038504758e-05
2.128670025086276847e-04
1.966873071790996167e-04
-8.891927426862940764e-06
-8.314021797138548744e-04
-1.984083558389778193e-04
1.585356913885841262e-05
2.797015991799541175e-04
4.523330411794418491e-05
1.044752548414759129e-05
2.113719439279934057e-04
3.199269758963890759e-05
5.400268172903482553e-06
2.437327098357714643e-04
-4.062653499103656570e-06
-5.566318245721259966e-07
-4.851759899249154934e-06
-6.906740210744184705e-02
3.795923378510342519e-05
-5.406410659227075220e-05
3.438697497918519484e-06
8.692990725149479033e-06
-1.873576573063100506e-02
8.614237889107713951e-05
2.289033460156269042e-05
-9.988680611420604208e-06
-6.260835081898355456e-06
-5.797119628784371675e-03
-1.533780797797389345e-06
-4.576286402109052076e-05
-1.463977343484710916e-05
-2.613691196519309863e-06
-4.760312981464759341e-03
3.281895610912673590e-06
-4.165764340264782817e-05
-3.202964880537451206e-05
1.203874133320796643e-05
-1.500101172987383744e-03
9.105547133802949374e-05
-5.805433562571002106e-05
3.876005951042255169e-05
-3.128364220300052737e-05
-2.583267599955793147e-03
-2.303572115192624361e-04
7.111082610096191735e-05
1.083145483147357827e-02
-2.454318719975138573e-05
2.554883094848579383e-05
4.054814735976464135e-05
-7.759608741188662832e-05
-1.114177093364916108e-04
6.853361008986433300e-02
-4.898621124142580469e-03
2.673129609746373943e-05
-8.374928945062363995e-06
-7.893174407428045491e-05
2.634418739340242156e-05
9.120484459676736445e-05
-3.104494332987148622e-02
3.372748163728562891e-03
-4.378277704656230310e-05
-6.783149372817411636e-07
1.120108733903418807e-04
2.349549336467382640e-05
-7.340561015046863499e-05
2.140084952768705334e-02
6.963227158174717629e-06
-1.481844014776271200e-05
4.276730772377761755e-06
-3.876069683747052004e-06
1.893921366653741455e-03
-3.627678623864785310e-05
-2.534522478728060873e-06
-3.042009942606939800e-05
1.556561912687874990e-06
-3.152528169436117356e+00
2.391754777303360502e+00
-5.176566377050735301e-01
2.297983484539418697e+00
2.110224297494609047e+00
1.710825255150567825e+00
8.073836928938024071e-01
2.649029775771819750e+00
-9.065167595558750705e-06
-1.227819431022106680e-04
-1.725423984452793363e-05
1.157807036276722466e-05
2.404460031779712408e-04
-1.049831832943095883e-04
-6.867510456017210060e-05
-8.197292251533835113e-04
1.321176718542845636e-04
1.066608274851039657e-05
2.892851395494254745e-04
-3.202703910801573209e-05
9.613365705065515186e-06
2.369536927133140437e-04
-8.364887522876536375e-06
-7.605879189253367983e-06
1.941246092529055314e-04
-5.834998932369191144e-05
-1.469360144835406864e-05
-7.304841775805428756e-06
-6.907712142035354885e-02
-1.263949866379607267e-04
4.945585022082137940e-05
-2.865688327000049350e-05
-4.376283611423415550e-06
-1.874959697289929270e-02
-1.702219332913736767e-04
1.665358834477055248e-04
-1.817688404605895638e-07
5.343710456139519029e-06
-5.816664773900903466e-03
3.374954724890807316e-05
-1.043962714846586551e-04
-5.436368566081788503e-06
2.583440425533403868e-06
-4.782300056561742015e-03
2.744282947529572668e-05
-8.921481761575635223e-05
-1.996324225573583552e-06
1.683113260841378090e-05
-1.548868221723700284e-03
-6.268304937395432965e-05
-1.068709574663994440e-04
-1.610954081652918841e-05
-4.411015366137883070e-05
-2.517802115711911815e-03
2.265642367418757856e-04
1.089375301869127959e-04
-1.083253613113810930e-02
-5.301145368550897212e-05
3.133377413011881980e-05
-1.389163354311578891e-05
1.714293933706173990e-04
-8.752540054286469043e-05
-6.848639283287666357e-02
4.903234232211387510e-03
2.309606370178223596e-05
-2.283186606038395666e-05
-3.840809337483236385e-05
-8.670588821538851828e-05
5.400243892403810888e-05
3.100059196869451097e-02
-3.374443316832636489e-03
-1.371148190687512748e-05
2.008130184048435569e-05
6.813660941485180644e-05
3.082403293797343602e-05
-2.151853490993968585e-05
-2.133515252622004976e-02
4.578710471660170985e-06
4.209176766703623569e-06
2.721514534780504973e-06
6.737544393675456967e-06
1.914187765384680467e-03
5.635201558521236585e-05
3.150533207079043866e-06
2.859527859829653874e-05
1.551072597118948707e-06
-3.152544355690939160e+00
2.391788661562858742e+00
-5.176694883443617723e-01
2.297975946559118299e+00
2.110120058773711449e+00
1.710774438103788153e+00
8.073903714137303789e-01
2.649042098258926003e+00
9.523195528010330857e-06
-9.584775076059120612e-05
1.178138104147732445e-04
-7.298743253898216802e-06
2.887050055307271296e-04
2.991731018831145922e-04
5.657741941192892407e-05
-8.174059688562513009e-04
-1.101256365640299018e-04
-1.080198655446929121e-05
2.803475539220545102e-04
1.181959676506334653e-05
-8.770203952837310967e-06
2.153680082614583462e-04
1.216018351889450384e-05
6.225439137954314459e-06
2.499953525540869791e-04
-3.618802817529776091e-05
-4.217229651677057117e-05
2.374727389355157144e-06
-6.892886381095145176e-02
2.909041997379061516e-05
9.660493967805989027e-05
-3.439978696655116356e-05
1.456734239615844123e-05
-1.866366692146426490e-02
7.856186331507643197e-05
2.706969203223875378e-04
9.020564098758621844e-06
-4.778199527393461974e-06
-5.774864091295434099e-03
1.433372403535911966e-05
-1.607255791944732428e-04
4.098386602335834067e-06
-5.000066408087189236e-06
-4.731158120662410684e-03
2.579502362002220419e-05
-1.440728909502910003e-04
7.915887261843983783e-06
-1.488064014874595379e-05
-1.474953107449580034e-03
9.863799593450689983e-05
-1.873546150997743736e-04
-2.236376170351841780e-05
2.548540783018847478e-05
-2.573852331468043722e-03
-1.847900037292989853e-04
1.768304582142769593e-04
1.077332872702240624e-02
-2.057239641609369570e-05
-3.940544894963523247e-05
-1.778968949310566483e-05
-1.749646804286902804e-04
-1.816220855294673961e-04
6.819333228165880278e-02
-4.874824727208479890e-03
1.207178803494418401e-05
2.836576652988805601e-05
-6.334292172385617981e-05
9.659974944965983058e-05
1.208423133141219540e-04
-3.091240330434670558e-02
3.360299597754292864e-03
-1.406291086180415611e-05
-2.379476901818635283e-05
1.235654766143581829e-04
-4.833201389224329656e-05
-9.981984282395831715e-05
2.133910320398626700e-02
4.964054154044952004e-06
-1.087496402414152142e-05
2.248488385197310664e-06
-9.554034020128582651e-06
1.884208149406900110e-03
-5.370725300100253263e-05
2.104599838714235399e-05
-3.403679230269828653e-05
1.428667015762978001e-05
-3.152538602547008129e+00
2.391821095685105369e+00
-5.176759093418461521e-01
2.298057882241008265e+00
2.110259668573887026e+00
1.710836822984733052e+00
8.073846592907308883e-01
2.649027322684664565e+00
6.974568635510410301e-05
-9.482781212101173453e-05
-2.165766844157742527e-05
1.188833390482224063e-04
2.882076966792759690e-04
-8.935920224694530209e-05
4.883508913554076138e-05
-8.113816678957901226e-04
8.278600638280283173e-05
-2.858718550773603999e-05
3.002206184873960318e-04
-3.502259839941737689e-05
-1.420390005228967452e-05
2.562673745288939734e-04
-1.151766926499970742e-05
-4.615785956821045181e-05
1.724857416268663361e-04
-8.501126106960811427e-05
1.886326458629995761e-05
-2.510747551078876307e-05
-6.909676261580670331e-02
-1.320510140635081705e-04
2.151107826436080353e-05
1.085713687315073648e-04
-6.207951890549280659e-05
-1.875970093483006473e-02
-1.697437643482683036e-04
1.930084138804976832e-04
-5.329904194134819359e-05
2.917224902497126890e-05
-5.824793942476670476e-03
4.923797298396483081e-05
-9.969925780352982135e-05
-5.103786493373390097e-05
2.964495523371991242e-05
-4.791392743315369546e-03
4.272812858523932736e-05
-8.821459049436720858e-05
-7.351550320826137240e-05
8.093875530027626493e-06
-1.581354694051293744e-03
-3.942966320017522903e-05
-1.048363597225231419e-04
6.915979772210745268e-05
5.771844018280366465e-05
-2.463519378070377040e-03
1.984536693463453776e-04
9.555283763488671401e-05
-1.087234246220616755e-02
-1.747723786713799646e-05
-3.120362650428626762e-05
-4.362860151814820786e-05
1.927418395481040681e-04
-1.023894045493194301e-04
-6.842770020793795260e-02
4.920342059139134853e-03
2.036555197199496538e-05
2.164686155136650626e-05
-1.306301484313085459e-05
-1.053225378118766088e-04
5.351348840675312479e-05
3.095738456132051883e-02
-3.382726137057604811e-03
-4.223031803975277115e-05
-2.536857820637057820e-05
3.533703810776160636e-05
5.185069451217788389e-05
-1.828754690404784267e-05
-2.128719812448140805e-02
5.300450520340346718e-06
6.603944917867619007e-06
9.902614629917085411e-06
-6.170072026166440674e-08
1.929247509570823724e-03
5.965882957466474420e-05
1.735347605890140074e-06
2.714875141202853775e-05
1.939142300391605181e-05
-3.152553760316674669e+00
2.391837586806568883e+00
-5.176817768847219448e-01
2.297993749052336998e+00
2.110062640045185844e+00
1.710743856008362096e+00
8.073955068102659505e-01
2.649049046469623914e+00
-5.332154919084761070e-05
-9.674588544813806507e-05
1.269316558495626958e-04
-1.291668290064478561e-04
2.910194466784446661e-04
3.133063395974088538e-04
2.287718103920466226e-05
-8.375229631545921555e-04
-9.701458280425559661e-05
-5.404360147126174708e-06
2.808973870275663040e-04
7.328783318266756804e-06
-6.068226734397834832e-06
2.039357191198413978e-04
1.874172787936041472e-05
2.174831789923826065e-05
2.917195957074473090e-04
-8.741991837802908546e-05
-4.970612627206835092e-05
-2.804336611423180199e-05
-6.917080054855126447e-02
-6.517970752665960908e-05
-2.393534083921345463e-05
2.786058550360104118e-05
5.132838062945130472e-05
-1.872007872752976670e-02
-2.564809305912461087e-05
1.156808614187057930e-04
-5.806717357441567586e-06
-9.314274353690523651e-06
-5.776864713473624409e-03
4.702074377636237916e-05
-6.691161448705120526e-05
-2.817324834959966358e-06
-1.449370139416450440e-05
-4.723284374373878589e-03
5.785888669191058351e-05
-6.628327507100482149e-05
4.440421178904135923e-06
-3.559388625283875865e-05
-1.442651653649655325e-03
9.261834587760447068e-05
-9.392102575643966242e-05
-9.159885665715122123e-06
4.162033507828637744e-05
-2.609666948475681744e-03
-8.448351337134834529e-05
7.620274044701626855e-05
1.080546215040993629e-02
6.635361100517980760e-05
-1.768938834077087626e-05
1.334957413642173796e-05
-5.544165351439454999e-05
-1.608185583406357335e-04
6.852160212226340863e-02
-4.899579761432446869e-03
-3.985783393209331048e-05
9.931573314256525930e-06
-8.928492567834844795e-05
2.806719225736611532e-05
1.156036248363702910e-04
-3.107857732929534753e-02
3.392156325141604516e-03
3.075928538635753909e-05
6.391340291331097396e-06
1.499224450578363205e-04
-6.696091278922034385e-06
-1.099697697552896912e-04
2.147960333757600176e-02
-1.333894105322937403e-06
-4.781728841901145867e-06
3.173836409347887701e-06
-2.387172742548390519e-06
1.874033629024851296e-03
-2.327285807360524256e-05
1.869299534885669766e-05
-3.829038612275222162e-05
7.681550570309933924e-06
-3.152539251047079993e+00
2.391833971117719226e+00
-5.176791233968658368e-01
2.298082641094804313e+00
2.110293134734033682e+00
1.710850086228376643e+00
8.073822815279934062e-01
2.649021358838866025e+00
9.251249612774272747e-05
-9.069010513264243352e-05
1.806291982119341923e-05
1.007444289531880702e-04
3.106621084503474045e-04
-5.473618639824683930e-06
1.661542086939203893e-04
-8.355795219742703697e-04
9.230497283939224397e-05
-7.423472397349502609e-05
3.032328900688657379e-04
-4.096436027070188496e-05
-4.248746499626119687e-05
2.562096892861485844e-04
-2.602845913782630543e-05
-6.796121050135189964e-05
1.752380331466908822e-04
-6.066031263988837566e-05
1.276774968451300108e-04
-2.083008885013173548e-05
-6.893603079913007692e-02
-5.587476029170852440e-05
-4.757861608997975694e-05
1.887253785197489037e-04
-8.813354308801790748e-05
-1.874442309486112554e-02
-1.127783552180253602e-04
3.717668248100650737e-05
-9.550374586933557024e-05
4.017089788174245705e-05
-5.821581581307164882e-03
3.572919641117952593e-05
-2.075239954327589586e-05
-8.496890931299652628e-05
3.672805835845187837e-05
-4.789296198504275695e-03
3.374713840689492057e-05
-2.488020397190442910e-05
-1.340335673434137130e-04
-1.967296084666918059e-05
-1.579867230906295593e-03
-2.274361320211915006e-05
-2.491148679433770823e-05
1.688430683263335871e-04
1.379642833039555674e-04
-2.464497634940478622e-03
1.447724455410349356e-04
-1.751475584439953604e-07
-1.089047249725924073e-02
7.399857403360930730e-06
-8.687245842856257134e-05
4.460571059392015592e-06
8.131045716610482373e-05
-1.088083214971779524e-04
-6.835460292507164470e-02
4.938724136350434654e-03
6.165075771875786273e-06
5.962759731932212740e-05
-2.585653393155640245e-05
-4.230247366195694937e-05
5.313962755672917832e-05
3.090137840387664758e-02
-3.403713126618315710e-03
-4.306826517504473879e-05
-6.547705584338892396e-05
2.606634043877606444e-05
1.231948467176808052e-05
-2.054734038710509037e-05
-2.121179364823500696e-02
6.929959871961226064e-06
-5.275864797073856038e-07
1.757828952978992719e-05
-1.481995535501483274e-06
1.927051042199236447e-03
2.947364460908314613e-05
-4.041322584867120687e-06
2.116254638755750783e-05
1.306796883255756419e-05
-3.152574189486722300e+00
2.391930869963741824e+00
-5.177109230786589578e-01
2.298104524958431760e+00
2.110123538198251936e+00
1.710766989224522971e+00
8.073948279422058505e-01
2.649039767382028732e+00
-3.997233221039965458e-05
-7.541935954222646690e-05
5.167081454912449199e-06
-6.098832224309025016e-05
3.679576787325290841e-04
1.061595773568964340e-05
-5.960474563819953401e-05
-8.924101587746565648e-04
-1.039462176511324115e-05
1.890026205306653487e-05
2.897881433970573282e-04
8.803960825757874674e-06
1.892205489618025235e-05
2.022938541578398722e-04
1.303087300848681478e-05
-6.589876417048713399e-06
3.077951231466216739e-04
-8.325862106720930658e-06
6.826538123667663834e-05
-8.922535597396502702e-05
-6.919910694684344721e-02
-4.600773333865307638e-05
-1.414969276354722226e-04
1.115924918919228217e-04
2.692557897112311647e-05
-1.873305223875120981e-02
-2.531171348687720029e-05
-3.601569971428317772e-05
-4.543424612546194955e-05
6.121587103161000090e-06
-5.789947239113485238e-03
4.968969336465315781e-06
4.399245537245174352e-05
-3.367298768540993880e-05
9.105772355196327741e-06
-4.740392038765112170e-03
1.105689623570270782e-05
2.696858247821286254e-05
-2.795947650004697435e-05
3.143588387213754878e-07
-1.449159026033722047e-03
-1.084577565598529147e-06
2.205756102678325329e-05
2.454248102634696551e-05
1.802629087577008480e-05
-2.630948001206534145e-03
4.403238315742772984e-05
-4.886312083681177137e-05
1.091879784853515972e-02
1.104352214625426223e-04
3.599066401313826945e-05
9.024786894579195362e-05
6.118714531530512670e-06
-7.324450237459990617e-05
6.881954212932107906e-02
-4.948641849924425261e-03
-9.191032456341136341e-05
-2.873506489131119840e-05
-1.052376907328504696e-04
-6.553986699230583950e-06
5.940062925205734151e-05
-3.120313392879442427e-02
3.414896515752497731e-03
9.432927753449553204e-05
5.027453911652273236e-05
1.213254857908852014e-04
1.469438079938825681e-05
-7.338148029225507172e-05
2.152881194066671999e-02
2.319513607603850957e-06
-5.851740945599040336e-06
5.839610008022524988e-06
3.619976729841084062e-06
1.867418580136280190e-03
1.800942532194873169e-06
3.023914891796166803e-06
-3.473072138243406802e-05
8.780548496312937795e-06
-3.152530807525351086e+00
2.391779421094274660e+00
-5.176642529413241212e-01
2.298011892996922434e+00
2.110226528791665945e+00
1.710816686040117940e+00
8.073847008623823429e-01
2.649031374033057329e+00
3.586725703119663375e-05
-9.378717826563325445e-05
5.960929639086763718e-05
-3.451071464188675778e-05
2.810863334994604138e-04
1.153789512260671173e-04
2.055474537441549765e-04
-7.905901888250514925e-04
1.876947694521723022e-05
-8.233624589088438771e-05
2.998841565904390651e-04
-3.462200998153310515e-05
-5.517564370504317956e-05
2.525626670066025777e-04
-2.279229689434794106e-05
-4.139555330126727661e-05
1.941341889486239945e-04
-5.907525476924167264e-05
1.712079409123003736e-04
-3.102010960157150932e-06
-6.906268182734887073e-02
-2.803919149864354202e-06
-8.114632168891393587e-05
1.029683946181979759e-04
-7.180857047328319666e-05
-1.877941246409893516e-02
-7.742998230115597760e-05
-2.138306723841325069e-05
-5.785184301325594188e-05
2.850294286669259147e-05
-5.815243333710615019e-03
3.237528843461507386e-05
3.140177548637343988e-05
-4.767490304452449160e-05
1.900237839407740921e-05
-4.771287619650909501e-03
2.572509584659248848e-05
2.219009849714609741e-05
-8.355295034979961740e-05
-5.841669308372268141e-05
-1.541038871042187813e-03
8.429869464241757332e-06
4.521462134533097869e-05
1.319327129214407099e-04
1.846626648056139759e-04
-2.496170254315663826e-03
3.744486755787469062e-05
-9.044325506887419927e-05
-1.083699884078090196e-02
9.581920251548877929e-05
-5.475518787683569810e-05
2.956955500156566163e-06
-6.495997167501970076e-06
-4.242445420086756250e-05
-6.836213586376278795e-02
4.901160462029746819e-03
-4.695503525616333187e-05
4.163986267948714378e-05
-4.616263392838784729e-05
-2.331530586620675491e-06
3.460191359473728610e-06
3.092230899951922685e-02
-3.367345852340566936e-03
4.841897318151318179e-06
-5.527874164796138219e-05
6.940020191781304248e-05
7.099683611753990534e-06
2.408515115381437005e-05
-2.127041240239287839e-02
1.444990178407229515e-05
2.385382745893375438e-06
6.747528871108211422e-06
1.251097950510793723e-05
1.919481083007332787e-03
5.647572369488920941e-06
-5.730462352099898468e-06
2.853866902446309780e-05
1.353569727518745709e-05
-3.152566239372996737e+00
2.391902975329132985e+00
-5.177085963417112913e-01
2.298089680756180364e+00
2.110138414408814000e+00
1.710774510466459120e+00
8.073926701812915718e-01
2.649038757879758954e+00
1.545962736552391570e-04
-5.615333442595521994e-05
-1.016268624506841173e-04
3.714157930363421551e-04
3.807486444588482465e-04
-2.997549525053946028e-04
-1.073185933545568721e-04
-8.322900260333010187e-04
1.644727030283138481e-04
7.741495230277253549e-06
2.929406356030799310e-04
-3.824393523735040621e-05
1.693336777798161446e-05
2.206666058109875612e-04
-4.307987652178470455e-05
-6.894529481751368876e-05
2.735814068762031483e-04
8.649601597638851311e-05
1.423449517937798361e-05
-1.696305129503337256e-05
-6.888133371385576909e-02
4.857948301269828916e-05
3.095608334031685902e-05
-1.866576118358880909e-04
-2.260897543027084121e-05
-1.865733145214176769e-02
6.159109951258830130e-05
4.800058544376085393e-05
1.209548259674191154e-04
3.300580532368093734e-05
-5.770341159627346943e-03
-3.475032474079107917e-05
4.370578506522139787e-06
1.187216127391596131e-04
3.479938756175118201e-05
-4.728104886675761794e-03
-3.844301948130199271e-05
-2.416310606633605834e-06
1.558154255293932007e-04
8.490771076967212807e-05
-1.472390803487984333e-03
-1.029402860639956797e-04
-1.002014166059965521e-05
-1.204796934742731192e-04
-1.294880527324402720e-04
-2.582116437065340268e-03
1.751989807283835124e-04
-2.068599993719680123e-06
1.082253886550334568e-02
2.327971521335330668e-04
-1.225567110713179399e-04
5.680311216105932148e-05
-4.161410029192421853e-05
7.106792769882635738e-05
6.844617515313741740e-02
-4.889852299892568331e-03
-1.701853154825646577e-04
6.581271339914693914e-05
-8.249702502453187813e-05
2.962843440363228248e-05
-4.421518138466858599e-05
-3.101033354233494188e-02
3.360492966938718410e-03
1.672015434271040572e-04
-2.283026141741299536e-05
1.043824880501559305e-04
-3.373754444317548541e-05
2.009694771472076563e-05
2.138188655112070388e-02
1.948434047197949949e-05
-1.920790269983107070e-05
-1.711336675762250561e-05
-3.474956836943451357e-05
1.877934942991887424e-03
6.029681075539938730e-06
3.876797903258318370e-06
-3.210081164863187058e-05
-1.829880371981957264e-05
-3.152550839824720619e+00
2.391835303063903684e+00
-5.176891313443569009e-01
2.298061267604650570e+00
2.110208187983058536e+00
1.710806204885395587e+00
8.073862264226595586e-01
2.649030880017784195e+00
4.298914994033358454e-05
-6.049007353989228680e-05
5.888478523723660301e-05
9.575083629751032430e-05
3.578773192941257417e-04
2.543253140983923848e-04
-1.784877295177171301e-05
-7.987122513433899274e-04
-2.559447806292855249e-04
1.814824998012560883e-06
2.991336515641993877e-04
7.062574297521677282e-05
1.885197140150471560e-06
2.442187345704906285e-04
6.294337472229350188e-05
-1.859205297931300837e-06
2.214922235489711906e-04
-5.095438657836193273e-05
1.830476652894732353e-05
2.288474441531132813e-05
-6.892952817368525054e-02
-3.660129540720822748e-05
1.642851258224057882e-04
1.605448068840294130e-04
3.840434109826974004e-05
-1.871414014275700824e-02
-3.363160206476570834e-05
8.203535157053449482e-05
-6.680662045352431634e-05
-4.433615800893421477e-06
-5.795681195927267042e-03
1.614831651241497310e-05
-3.548846523409284398e-05
-6.013775607557341634e-05
3.605735021530704189e-06
-4.754367531788542683e-03
2.242139777268218099e-05
-2.690580661812846529e-05
-8.434961872309806679e-05
2.668761224784313251e-05
-1.513211100314333212e-03
1.101463317272099497e-04
-5.069550994925138646e-05
7.886692318171230950e-05
-4.693527822455199612e-05
-2.540325171217548347e-03
-2.236377347648353198e-04
8.875303992536101344e-05
-1.084504122908161450e-02
-6.143802151353404059e-05
-1.101358140559600127e-04
3.769398457294931282e-05
8.234261900287565515e-05
1.296336686936482886e-04
-6.843638416762862220e-02
4.916673166339289441e-03
5.120083474100564462e-05
5.810048722987485692e-05
-6.189158123955443291e-05
-6.186989376574109079e-05
-7.260961373622412326e-05
3.096416954592973170e-02
-3.392928970389818329e-03
-5.418178348362507951e-05
-2.307830933753980739e-05
7.673800563305285816e-05
6.712853221651311417e-05
3.985837845622299501e-05
-2.129959497130359120e-02
-6.951837978648163583e-06
-3.706985013537879466e-06
9.550817629080666756e-06
-2.807468593442688927e-05
1.897481593129073324e-03
-5.332276199461016657e-07
4.174198161947345566e-06
3.165460565613490980e-05
-9.877829310352920851e-06
-3.152524979701906815e+00
2.391756556501356545e+00
-5.176556594639001307e-01
2.297913056712638902e+00
2.110054504483477977e+00
1.710741494848653454e+00
8.073920644895480336e-01
2.649047845295840808e+00
-5.482377135074750297e-05
-1.061557158218264310e-04
-9.701185887418928137e-05
-2.189546883131371097e-04
2.673131677191917591e-04
-1.914380891105275971e-04
1.967349474264686081e-04
-8.041373916922438681e-04
-7.759726571832195832e-06
-4.727650814406103498e-05
2.848708152519323702e-04
2.884236604606161831e-05
-4.384188328939665806e-05
2.066423578468131535e-04
1.782715192553254588e-05
5.903224448416477879e-05
2.997042007677532547e-04
4.128591476496339189e-05
-1.128844664031880421e-04
3.703424063085567993e-05
-6.890418553126650969e-02
2.136238864776124780e-06
-2.425545652547491174e-05
-1.472730321935649908e-04
2.103356035757463199e-05
-1.871312939785062246e-02
3.565757404882702905e-05
-1.152182528457695838e-04
4.194466046539934822e-05
-2.816711628370044198e-05
-5.760437129543246118e-03
-2.697319824092949151e-05
7.312716217149531459e-05
4.158871236501808445e-05
-2.883081559649518011e-05
-4.707863745702445604e-03
-2.302850184476768391e-05
7.571372168379707137e-05
6.428215294693748281e-05
-9.406632165313785776e-05
-1.431119886468272279e-03
-2.308548895289409667e-05
1.022602202317498426e-04
-5.951487853884029552e-05
1.795464566243492178e-04
-2.611924269674217695e-03
6.575729519029804154e-07
-8.640507246087956506e-05
1.082988935652828832e-02
-4.868826205639401918e-05
-6.947294805927420845e-05
1.231491719092051018e-04
8.861062589360385209e-05
7.549471417810072436e-05
6.819022928252897742e-02
-4.899720125605954227e-03
4.156839520043657723e-05
5.419537392377480212e-05
-1.309463590005808392e-04
-4.988446487149057100e-05
-8.056980092936629357e-05
-3.088684156828195443e-02
3.374003701105779754e-03
-2.062909846234736071e-05
-6.302762774557888479e-05
1.564729310584902361e-04
3.002511146391668073e-05
1.039770437104107223e-04
2.131940853404240555e-02
5.700696812686926974e-07
-1.539068294200004409e-05
-1.468528498131202605e-05
-2.373979909476870570e-06
1.877122266533070303e-03
1.788426667721392850e-05
-9.641066047016039501e-06
-3.659497389395073639e-05
-3.447323144926435620e-06
-3.152526738128371697e+00
2.391754040709280993e+00
-5.176560390878897078e-01
2.297934398881287699e+00
2.110097037702383993e+00
1.710756843983701314e+00
8.073896957247380657e-01
2.649044608334911288e+00
-6.558133759643125971e-06
-8.620224200916689651e-05
-2.433294318240355417e-05
1.979104038971621696e-05
2.926669778258957945e-04
5.605939238715511655e-05
-6.720525489677537647e-05
-7.771154440697347491e-04
-2.033410628540618026e-04
1.362209600578367848e-05
2.916026277663698839e-04
7.230372008725093774e-05
8.502501473203078754e-06
2.252689018323042675e-04
6.056934338103161228e-05
-5.999876444114388022e-06
2.706652813690004844e-04
-1.216991902391019388e-05
-2.017011935017733599e-05
1.723469639382671037e-06
-6.894017737644982102e-02
-4.804425178320243092e-05
2.061312568897566682e-04
-1.858842983196067267e-05
-1.409273364697873900e-05
-1.873684354261553886e-02
1.306754394560121667e-05
2.038413857002736829e-04
3.793445696043711693e-06
-3.897218115253241991e-07
-5.772528858861729860e-03
-1.280551022007815219e-06
-1.053188834218835897e-04
3.583026917947277983e-06
3.556920904729566637e-07
-4.717770583599139970e-03
4.598640432838392816e-06
-9.344246320088265634e-05
3.573987599100292528e-06
1.495283958006913844e-05
-1.451577166013457440e-03
6.691738443797965634e-05
-1.332915659636860271e-04
-9.319422858150079619e-06
-3.478545005250529301e-05
-2.579354950840407994e-03
-1.618978758737715535e-04
1.523051689593599438e-04
-1.085561021927719180e-02
-3.338871293082895501e-05
1.612687614365788296e-05
9.570258464010328314e-05
1.209027085909343980e-04
7.154796276009640216e-05
-6.812739722313299051e-02
4.923782085413886712e-03
2.709526509839047523e-05
-2.012689924971739082e-05
-1.107679589666659553e-04
-8.306316347917727183e-05
-2.750325208870896786e-05
3.084171557653636944e-02
-3.401450791530363262e-03
-2.901464687527666202e-05
3.392406638648415556e-05
1.363462359631906901e-04
8.075526912988732981e-05
-1.320485034089931547e-05
-2.126848093932690031e-02
3.142192185905225897e-06
-5.220866075499546290e-06
1.536730135969493355e-06
3.826551899903396243e-07
1.889316833672623165e-03
1.294998268618952932e-05
1.354094971608846894e-05
3.929652872105461337e-05
-1.672548751548223441e-06
-3.152593770396057149e+00
2.392027573448030520e+00
-5.177452211764447254e-01
2.298243465697311638e+00
2.110226303507180656e+00
1.710797507345507507e+00
8.073891646855767545e-01
2.649025262723769814e+00
1.127348768428314653e-05
7.895636352737409091e-06
2.094265675748478489e-05
-1.911514216969571658e-07
5.362621781107815722e-04
1.534808129016995140e-05
3.384057748003568177e-05
-8.772675354899914756e-04
6.488067702325046567e-05
-7.209561291210426546e-06
3.176642064389064964e-04
-1.659568478964279972e-05
-1.087127838968291339e-06
2.374583469085832558e-04
-6.615176780165864132e-06
6.790322857630615427e-06
2.959594272473797176e-04
-2.096067506594996734e-05
-4.498804926562276034e-06
1.898181545365663957e-05
-6.901909013764058465e-02
8.243387898725302101e-07
1.072174357091902988e-04
-9.568945064841620550e-05
-1.858839823311626504e-05
-1.876537188909912363e-02
1.536873845780071970e-05
1.311751082489439105e-04
3.152094579462545498e-05
-9.132472134679076633e-06
-5.796654735221665709e-03
1.119146296923482988e-05
-5.400995751231954533e-05
3.534916046872730531e-05
-1.018719025340203801e-05
-4.744870613450359945e-03
1.670568307767464428e-05
-3.603383757290400352e-05
5.655281311114861262e-05
-1.612353451715440271e-05
-1.465732085416025787e-03
1.464228332578591438e-05
-4.779499645595448941e-05
-4.260547092594438843e-05
1.665513765734211461e-05
-2.601891228116605739e-03
8.428186783550779002e-07
7.890075182070738127e-05
1.102368842703448613e-02
8.961682120998504079e-05
-6.469620993373176722e-05
2.024071913010114243e-04
-2.626687449523192053e-05
6.336502833942771543e-05
6.876206596340085631e-02
-5.002292052234731494e-03
-4.141650408222134240e-05
3.741592191326519046e-05
-1.207960587582667528e-04
2.494590861703246308e-05
-6.724273846540765667e-05
-3.111368898566015118e-02
3.447468050975108222e-03
4.033693420001490055e-05
-2.562326688213651619e-05
7.101639745053615893e-05
-4.580323269754991750e-05
8.281069404239658083e-05
2.137525724712428452e-02
8.820843891139368655e-06
5.746924921498042737e-06
-1.256419304945882124e-05
-1.010652077850837172e-05
1.878070755288186507e-03
-9.580705301252805540e-06
9.714944996743206298e-06
-2.900902466896876483e-05
-2.818878466895986205e-06
-3.152544624232027637e+00
2.391827796646946336e+00
-5.176798032148668405e-01
2.298003197706402378e+00
2.110098910212714785e+00
1.710752829977808309e+00
8.073909010608655290e-01
2.649042515797912944e+00
-6.141019681823997925e-05
-5.599807439382261959e-05
5.859619273110061631e-05
-1.414870243557947611e-04
3.663715142499367888e-04
2.412216929196548277e-04
3.309661140330962952e-05
-8.004401718345201646e-04
-2.198684091726409899e-04
1.821973009928803296e-06
2.966066616380881073e-04
5.973894668645699212e-05
-1.486456596689863202e-06
2.207270943769542389e-04
6.640692236978734718e-05
2.009931127601957644e-05
3.009326062663964180e-04
-1.118729337121080131e-04
2.744809737509178041e-05
-4.291409876722911219e-06
-6.875458278729196238e-02
-1.171738687849592682e-04
2.243363893753103164e-04
-1.260157613466145968e-05
1.895916765130839640e-05
-1.868749063096515617e-02
-1.044802486201963729e-04
2.714354588127113402e-04
2.225755712110359460e-05
-1.084400680900208570e-05
-5.752131429114406939e-03
5.276384020346216639e-05
-1.271720122925109979e-04
2.627345360825219088e-05
-6.775595125088724135e-06
-4.697931120000607350e-03
5.809651415940452640e-05
-1.156153937411778289e-04
3.028428857049062661e-05
-2.450411962770525137e-05
-1.427878485718059570e-03
1.079524649740513535e-04
-1.530767278993587716e-04
-1.563509090368775704e-05
4.945665844671184961e-05
-2.600124096237787803e-03
-1.355369171436579599e-04
1.455990346753051074e-04
-1.089225441367328018e-02
6.552181549747507520e-05
3.024623219435775695e-05
1.643596643255904044e-04
1.842876086086283303e-04
1.788866028654134688e-05
-6.812373884150074721e-02
4.935969448795766296e-03
-5.294193101091277970e-05
-1.824347015014346138e-05
-1.355046705358332881e-04
-1.223241087577221645e-04
-2.148547227610419878e-05
3.084237073792129441e-02
-3.402269466009273571e-03
5.330945192280842093e-05
1.059577729764950695e-05
1.365185712653878281e-04
1.077353803359130165e-04
5.569351980529548343e-06
-2.126165266491070877e-02
6.771227543029862284e-06
3.404809928533416891e-06
-9.672163528414339038e-07
8.681700199087167961e-06
1.875910789489213751e-03
3.156611433262855853e-05
1.801037667664815052e-05
3.764557132413810087e-05
3.436444449394604299e-06
-3.152575618983050276e+00
2.391976645621023412e+00
-5.177263633304070023e-01
2.298170348934643670e+00
2.110177324441708802e+00
1.710779699320256864e+00
8.073905674699265456e-01
2.649030607714385699e+00
3.009887611464951958e-05
-2.356783360631093229e-05
6.164136643825498521e-05
8.661830333917170961e-05
4.662611124852661512e-04
1.375795131312396256e-04
-4.804055945273844280e-05
-8.640678055280946864e-04
-1.170195501921900919e-05
1.443308198657366706e-05
3.136902882316589046e-04
1.210131907474248963e-06
2.410881862053314338e-05
2.297508017625994007e-04
1.643048724209078727e-05
-4.856652364830713856e-05
3.122708709775585392e-04
-6.662984777685208545e-05
7.139336742034122114e-05
-7.236246825814093050e-05
-6.907004967951861640e-02
-7.324336680129226460e-05
-3.392831861088102313e-05
2.447407212933432139e-05
-3.172878509262299772e-05
-1.879327088983516469e-02
-4.602664324245270679e-05
-3.693285558345382118e-06
-3.064218127515310061e-05
2.350149086017192025e-05
-5.789892674497040294e-03
3.690770151770132821e-05
1.138584932102038383e-05
-2.618696825723395612e-05
2.996121034488772759e-05
-4.734884362049708757e-03
4.043124121576203848e-05
1.243372602110501209e-05
-2.643911924514506125e-05
3.829888392009227693e-05
-1.447442104712319284e-03
4.283916235941597882e-05
5.689341431459032504e-06
2.442741134642626973e-05
-2.079525798151664914e-05
-2.620094704894758344e-03
-1.276938631382510738e-05
1.944815994985939526e-05
1.102357511449817210e-02
2.822450624118344681e-05
4.301697688521616183e-05
2.384578588425292911e-04
4.095506665600907132e-05
1.703226809235787930e-05
6.875237287076567394e-02
-5.006386363007190102e-03
-1.668837671977817520e-05
-2.833105176837282923e-05
-1.468031273562618588e-04
-1.953142649795125418e-05
-1.032835030825897675e-05
-3.110897175767286804e-02
3.455743332570243749e-03
1.111459548619616287e-05
2.299281602886305925e-05
9.936190830150612441e-05
6.417833711878128994e-07
1.335396629654956354e-05
2.138776078813483389e-02
4.205589363918224875e-06
1.163103982176755800e-05
-1.909714490822631147e-06
5.419634243607188346e-06
1.877455339348651055e-03
4.812148435936957030e-06
3.192394112018620274e-06
-3.406856923755847033e-05
2.153483733427518677e-06
-3.152593768184285938e+00
2.392027567709809954e+00
-5.177452181825831223e-01
2.298243460977532848e+00
2.110226304253659091e+00
1.710797507261668571e+00
8.073891648393309861e-01
2.649025262956867355e+00
2.376744188537577502e-05
7.895433136928997533e-06
6.796010970356561494e-07
1.317522751131871227e-05
5.362617341668969887e-04
7.765286177611926402e-06
7.311326128985658895e-05
-8.772667927457479791e-04
3.139190589103484563e-06
-1.797861591876491358e-05
3.176642211384283153e-04
-2.050423401926211432e-06
-6.271736830562972407e-06
2.374580873358298817e-04
-2.358802934218945339e-06
-1.476591811710016664e-05
2.959602170788085476e-04
-1.637339211240847146e-05
9.511366105747673903e-05
1.020826324840521954e-05
-6.901908819596430655e-02
-1.602608950033651623e-05
-4.974015850036787493e-05
1.614409161605706924e-04
4.016225522795544164e-06
-1.876536884129823696e-02
2.378227304735663336e-05
1.729247719672617479e-05
-6.253268419620526997e-05
5.126135785608442862e-06
-5.796656893241210889e-03
1.350503138490043647e-05
-2.933862854503722147e-07
-4.887891521209124772e-05
9.374399436931171747e-06
-4.744872321521963372e-03
1.717560800130324547e-05
-1.259562343439597968e-05
-6.966823033834705354e-05
4.619722166474101433e-06
-1.465733530078367364e-03
2.128521861681946850e-05
-2.507551014967150248e-05
8.963883305876759649e-05
9.056497383366890583e-06
-2.601889922049976326e-03
-1.400306604585169098e-05
-2.556706667932420812e-06
-1.102369038583515988e-02
1.006750976555344235e-05
-5.510277805245226133e-05
2.024068827248676206e-04
4.289819495244040276e-05
-1.092931480641458087e-04
-6.876205558907128035e-02
5.002291652731143297e-03
-3.752577929922059057e-05
4.031674610981543527e-05
-1.207960458821915467e-04
-1.993188927929191072e-05
6.948907633311192161e-05
3.111368327977832859e-02
-3.447465922652955591e-03
5.154759544446889125e-05
-5.248324493897236272e-05
7.101663678622804898e-05
-7.096323262219722921e-07
-7.633848012358359063e-05
-2.137525196383946446e-02
-1.976180482162983492e-06
-5.746602532125371504e-06
1.469461232470335764e-05
-1.335054108067288071e-05
1.878069713817055167e-03
3.962484556142813202e-06
6.025160363755465120e-06
2.900916069937168300e-05
9.039438504664267090e-06
-3.152544623944916413e+00
2.391827796679089957e+00
-5.176798017194295110e-01
2.298003198100710520e+00
2.110098913100791673e+00
1.710752830484331355e+00
8.073909011617316223e-01
2.649042515553686084e+00
2.006158972221245207e-05
-5.599868605441426193e-05
8.248782440199351439e-05
1.382145629971301458e-04
3.663706422424133080e-04
2.431729836889671374e-04
-1.738693944977859449e-04
-8.004402797850518163e-04
-1.386042368765224284e-04
5.264466567616895822e-05
2.966070820248211271e-04
2.829265647185738659e-05
5.676156889861369071e-05
2.207272571130633053e-04
3.448848819781464545e-05
-8.682594255745527262e-05
3.009335575790052925e-04
-7.333246395433477111e-05
1.805719908450238980e-04
-1.036208110666135161e-04
-6.875458041200101234e-02
-5.486890182483745364e-05
-1.359667211724909256e-04
2.413621819065231672e-04
-8.100278101072760223e-05
-1.868749373821809376e-02
-6.865897937717609762e-05
-1.248119453954360438e-04
-1.212590685738735885e-04
4.027264123274483683e-05
-5.752130869921427692e-03
3.577334539179360061e-05
4.431420375089284924e-05
-1.132605523177561023e-04
4.692511481131293836e-05
-4.697931815358535705e-03
3.491647348145333375e-05
3.505741031582575656e-05
-1.477140326302141119e-04
8.123723534073967517e-05
-1.427884816433835609e-03
7.519771073868998013e-05
5.030884834602323836e-05
1.339209446932887568e-04
-9.264965265705252077e-05
-2.600110691144219208e-03
-1.105986391252391561e-04
-5.924617646436145576e-05
1.089225557733219593e-02
-1.726958007961442929e-05
1.747205947927729305e-04
1.643606472151171172e-04
6.594989400734193978e-05
-6.568599041679220457e-05
6.812373259876153275e-02
-4.935970113196267925e-03
7.864127646968737534e-06
-1.150582545455079036e-04
-1.355049629090231827e-04
-4.536399317370970203e-05
5.659053177383235097e-05
-3.084236647543102394e-02
3.402269303171609645e-03
-2.183144166716219532e-05
9.860123117866846643e-05
1.365185336082604117e-04
4.469221962961358006e-05
-4.895116727796945677e-05
2.126164794348375797e-02
-6.363214783704188742e-06
-3.404702749305101592e-06
1.607907886093363180e-05
3.167760233628171104e-05
1.875908771475377637e-03
8.264681763092826192e-06
-8.169005386401512149e-06
-3.764534018351927607e-05
4.137601996303505491e-06
-3.152545943477989887e+00
2.391853525015273263e+00
-5.176859037467583802e-01
2.298015286723148698e+00
2.110079941695568451e+00
1.710743030569644496e+00
8.073942564387134313e-01
2.649045583110481772e+00
-1.181948862578188829e-05
-8.165686988987751627e-05
-8.490082163441616068e-05
-8.988933499203422689e-08
3.225293883730414105e-04
-2.619016268504936436e-04
-4.195658550405371784e-05
-8.272864137296124121e-04
1.656947216495869061e-04
2.087456162072339760e-05
2.954641099182404190e-04
-2.872825059792709040e-05
2.403730862835557234e-05
2.149098093176726645e-04
-3.508994267812906082e-05
-1.599645576815997543e-05
3.104343695628907092e-04
8.878973301739635413e-05
-7.104869685586217339e-05
-2.077024300912121407e-05
-6.901919517677782001e-02
7.577030141569364799e-05
-1.662941253596128717e-04
-7.200906347736657314e-05
2.768055803671923809e-06
-1.875475912163219669e-02
1.011714286269939757e-04
-9.436718678680355323e-05
4.646928671569931053e-05
5.557143589995702641e-06
-5.772370200767490064e-03
-4.342343235431925122e-05
4.083701643483805078e-05
4.607388949922924820e-05
1.034594814390883094e-05
-4.712896025583088871e-03
-4.458690826996426760e-05
2.997743071913803721e-05
5.422788217444116397e-05
2.713839689311944744e-05
-1.427903416167029555e-03
-7.886889530565288869e-05
3.434260672209063601e-05
-3.097131736138532547e-05
-4.825478568713533584e-05
-2.615291151450856687e-03
8.824232658113988432e-05
-5.153066144897351804e-05
-1.091704442470464199e-02
3.095743759319455812e-05
5.526787030285621469e-05
1.434628824305284045e-04
-6.599382598392934153e-05
-1.148331843979742695e-04
-6.843670636594616219e-02
4.953763853377349605e-03
-3.533812285098268885e-05
-3.264678025499482270e-05
-1.356582174092367532e-04
5.668644758159176308e-05
9.249149468517204979e-05
3.098860335217736017e-02
-3.424010717365748302e-03
5.003770876864984535e-05
1.474094849897526879e-05
1.487231970562462313e-04
-7.018698422832841738e-05
-9.379663239330736542e-05
-2.137131757404225202e-02
7.343675489715744548e-07
-6.579072153631206760e-06
-2.506899289639411563e-06
8.942622391848810187e-06
1.879761745568823451e-03
-8.557068226958282602e-06
4.260720107058960180e-07
3.895798570104843934e-05
3.493608104508183834e-08
-3.152524977554515662e+00
2.391756549557245481e+00
-5.176556553487480228e-01
2.297913051864132861e+00
2.110054507138165114e+00
1.710741495848752569e+00
8.073920647684424967e-01
2.649047845149724356e+00
-5.659998690647622386e-05
-1.061561094571853315e-04
9.596709323133435299e-05
-5.631725511296217790e-05
2.673125395171020192e-04
2.853171529494698136e-04
-1.050768732963216860e-04
-8.041360386377718016e-04
-1.665135417941521006e-04
4.861501595154696934e-05
2.848713809903752792e-04
2.652491166155489444e-05
3.735926012677535056e-05
2.066427256969862185e-04
2.905478699077305613e-05
6.238414927638705936e-06
2.997047581582478002e-04
-7.175390102878058743e-05
7.743030872361749382e-05
-1.666499079360335899e-05
-6.890419039027564918e-02
-3.314280845046044168e-05
-8.563004869926093762e-05
1.734117276685435548e-04
2.036443740894941675e-05
-1.871312559804321624e-02
-3.604503852936737085e-05
-6.992194674576974979e-05
-8.430350711941850229e-05
-9.276160343113986967e-06
-5.760438385669514223e-03
3.787976322817787720e-05
-2.413469101690599825e-07
-8.636783291161116358e-05
-5.527982987444957910e-06
-4.707865229884255175e-03
3.648197741401837922e-05
-1.842866388358896552e-06
-1.207143259168082136e-04
2.704083393868094039e-05
-1.431122050204636838e-03
9.300596285380453485e-05
4.545576652369040133e-06
1.046066936696212358e-04
-8.920457480479236818e-05
-2.611920928842490115e-03
-1.558205042168175317e-04
-8.362064505480166295e-06
1.082989700686018582e-02
-4.103551962626045269e-05
1.114739051428982500e-04
1.231491336349255228e-04
1.587204630067954453e-05
-7.991214426839845977e-05
6.819021606102536326e-02
-4.899732669741384272e-03
4.899088557506971371e-05
-7.029652732286993254e-05
-1.309461132203912359e-04
-2.199696871622392001e-05
7.628385485525522895e-05
-3.088683438357549271e-02
3.374020137273014714e-03
-7.973186556603549871e-05
5.751429057188964787e-05
1.564725908400621535e-04
3.957015178579265016e-05
-6.985326578455676786e-05
2.131939936438439001e-02
-3.265726878162386604e-06
-1.539072307030431514e-05
1.569042359149194093e-05
1.667482809962462197e-05
1.877120453855829138e-03
-6.885687660184043862e-06
-7.896112914595581614e-06
-3.659510702159487171e-05
1.222956154973167971e-06
-3.152550837463925948e+00
2.391835286855870990e+00
-5.176891252957146472e-01
2.298061257869097318e+00
2.110208194662187342e+00
1.710806207900947618e+00
8.073862263398413619e-01
2.649030878768311226e+00
2.953599302549464543e-05
-6.049061130229365485e-05
-6.670195013524029843e-05
1.724429999847626113e-04
3.578777748646668313e-04
-2.101276774952025739e-04
-2.127063893308403053e-04
-7.987131628519346773e-04
1.433911534010674121e-04
6.025672396475095522e-05
2.991343739575324200e-04
-3.688664960855324098e-05
5.356923990782968100e-05
2.442189805781303977e-04
-3.311170678451099905e-05
-4.319921749449480344e-05
2.214928423126573127e-04
2.711078956567911698e-05
-1.515449922220842103e-04
-4.313775508993014781e-05
-6.892950314311820093e-02
-1.522521196339670854e-06
-6.646874906626875777e-05
-1.513658289615544140e-04
-4.832775988059936152e-05
-1.871412561105079836e-02
-1.644349341621784166e-05
9.795417874704302318e-05
6.414014903842743867e-05
1.620178447138681933e-05
-5.795681592768301034e-03
-4.235059501653891498e-06
-4.011661379528137241e-05
5.338430916270725112e-05
1.761497447977147779e-05
-4.754366930677926539e-03
-1.433417072636287211e-05
-3.862565524027059444e-05
8.610178401869880704e-05
8.204605132663519615e-05
-1.513202207764610587e-03
-7.818673648013820009e-05
-4.771501850158599159e-05
-1.162981681637245668e-04
-1.702079178925508312e-04
-2.540345060628606579e-03
1.524670953249259472e-04
2.397654737674100880e-05
-1.084525294928908278e-02
-8.154694298978483122e-05
1.263742328158582329e-04
3.769568485904872812e-05
5.423125390051667608e-05
-1.180238191918460628e-04
-6.843634280293395267e-02
4.916762726303315102e-03
3.728111626006408701e-05
-8.263194599406433524e-05
-6.189181825380640767e-05
-1.938459576247841560e-05
8.064660148394655259e-05
3.096415391108010839e-02
-3.392990100333986587e-03
-7.427492675611525007e-06
6.968082907700618236e-05
7.673747557705203060e-05
-1.358664914098768237e-05
-6.685313948545995783e-05
-2.129958593025239183e-02
-5.088498955228224754e-06
-3.706945755960140742e-06
-8.389201563307444086e-06
1.357553736569289560e-05
1.897477994263342292e-03
2.458016018847873174e-05
6.185668292343917915e-06
3.165497244448059775e-05
1.099250390463807413e-05
-3.152566220016716603e+00
2.391902882104561368e+00
-5.177085629199450478e-01
2.298089614830164606e+00
2.110138442037820194e+00
1.710774518175455450e+00
8.073926697910921435e-01
2.649038755783683641e+00
1.056065446550767412e-05
-5.615029156303557884e-05
1.846434147912081767e-04
7.347316221575450699e-05
3.807555545745763478e-04
4.713652112783553363e-04
-8.875495291517609920e-05
-8.322925526568883446e-04
-1.751457029073698194e-04
2.924641376108744884e-05
2.929395129318566383e-04
2.582554087188880187e-05
2.886186054805930522e-05
2.206647238475448918e-04
3.621606172416929400e-05
-4.049684680943632003e-05
2.735844242237428872e-04
-1.029912503926025706e-04
1.929746140881061570e-05
-3.358976154923558528e-05
-6.888116703484596648e-02
-3.897687454127189352e-05
-2.765808316545982810e-05
1.348266901090181078e-04
-4.203396430722418213e-05
-1.865726151162340474e-02
-5.037431679039957927e-05
1.376669131817515631e-04
-5.670217809931161167e-05
1.359160554432700831e-05
-5.770351247354383456e-03
4.595891114015810959e-05
-1.069286970648189423e-04
-6.145414288597319304e-05
1.589267164958299951e-05
-4.728115282315713958e-03
4.935875617854309214e-05
-1.015998420189389900e-04
-8.661144452737888372e-05
4.669484004241348244e-05
-1.472382894153907544e-03
1.250032665773553463e-04
-1.299096803908474150e-04
5.852698931271873022e-05
-8.698330324065982702e-05
-2.582158843002893382e-03
-1.997411791725921520e-04
1.053445196801814558e-04
1.082261862767016497e-02
-5.485077359533812973e-05
9.732156052773190819e-05
5.680262199362143272e-05
-8.534539694331905180e-05
-2.371411122221835435e-04
6.844605349649673931e-02
-4.889890195407838383e-03
4.680107340255190099e-05
-5.854773186996100427e-05
-8.249834009747825103e-05
4.219461520755423464e-05
1.694918524203166453e-04
-3.101028891934545090e-02
3.360521386221585090e-03
-6.619750526934908234e-05
4.059912357631741435e-05
1.043853533585666071e-04
-2.918259120575394158e-06
-1.548488309842082754e-04
2.138186290360152841e-02
6.128842974336052608e-06
-1.920803766221963922e-05
1.192016737567008072e-05
1.215342336300810665e-05
1.877924940039236773e-03
-3.310892472306451503e-05
1.287854501133488499e-05
-3.210091942244233578e-05
2.604490851143396752e-05
-3.152522763882700918e+00
2.391748821749124954e+00
-5.176537026728018631e-01
2.297977780649246071e+00
2.110221990004789383e+00
1.710821634863138874e+00
8.073845630693481379e-01
2.649031670276974726e+00
-1.174035323577038052e-04
-1.174959598285962002e-04
2.160506457980743795e-05
-1.921465050313140503e-04
2.352080002172468359e-04
-9.120904789946559003e-06
-1.043901855865106995e-04
-7.932243376106132195e-04
1.087027312780740557e-04
4.539238877720048462e-05
2.944101333987368761e-04
-4.862624542891948859e-05
2.273477376285145605e-05
2.487560710382549648e-04
-2.745276264323137053e-05
7.137516118554640984e-05
1.828641471599356616e-04
-6.927264763561651875e-05
-7.439070955187322785e-05
2.654890181783524242e-05
-6.911784179898010361e-02
-6.673442521297999475e-05
-5.786991565384739253e-05
-1.403710494199150748e-04
1.030820872664724500e-04
-1.878009995007468014e-02
-1.342067308315746154e-04
1.073634417889917237e-04
6.877527135326825625e-05
-3.672114479644173965e-05
-5.820646964068761954e-03
4.214619521193073957e-05
-4.262059795764972588e-05
5.658608892158367530e-05
-3.627760301399682774e-05
-4.781708488047725462e-03
3.227805244608101853e-05
-4.057093239929499288e-05
9.099122292028258524e-05
-3.571650653661561183e-06
-1.556315404916441044e-03
-3.367531820330648296e-05
-5.150826538670600778e-05
-1.217719627121114289e-04
-8.811111385116708432e-05
-2.491164723844281961e-03
1.551700511756652070e-04
3.412451903342150804e-05
-1.081398179882286058e-02
-1.961077307508374973e-05
6.496610730836004772e-05
-2.806763871274209343e-05
1.010562438143160972e-04
-1.031413028001989304e-04
-6.839030059562231645e-02
4.899713153364413168e-03
-1.520505587934521934e-05
-4.358958254694080648e-05
-3.450025245776110194e-05
-4.876449047432205501e-05
6.128599345520027285e-05
3.094106220938714139e-02
-3.378117857582483251e-03
5.115190760046509164e-05
3.949544884595679458e-05
6.828845429324506555e-05
5.582259087456108008e-06
-3.655709824910115193e-05
-2.128945708194888639e-02
7.488534361603001047e-06
-1.526977628687028110e-06
-7.619245596557111836e-06
7.419275907187723051e-06
1.922675031243583884e-03
4.089567098475798378e-05
2.343180794610024093e-06
3.010519121696752983e-05
1.187892705565211742e-05
-3.152538076030789060e+00
2.391776971825132492e+00
-5.176625692869046835e-01
2.297921261471219001e+00
2.110033780131633119e+00
1.710738480717874710e+00
8.073945737519189203e-01
2.649050535065940348e+00
2.626041859881538280e-05
-1.215709248444374595e-04
1.321997572325414811e-04
5.540241007935935440e-05
2.452079488837739622e-04
3.407202733674255697e-04
8.569789617174352009e-06
-8.352334135053368549e-04
-1.358213207825528638e-04
3.540196236860566741e-06
2.728765521008825567e-04
1.521011739309578858e-05
3.629284513372001799e-06
1.921750390635637671e-04
2.996239193409001950e-05
-5.254917382975250045e-06
2.982175054209415706e-04
-1.058174879146888558e-04
-2.704716586865558937e-05
1.674439213283457307e-05
-6.903052527436485952e-02
-8.381178207004093099e-05
1.529738881229057712e-05
-1.428302977786767027e-05
-1.706842230012814839e-05
-1.867960484066267038e-02
-2.577766291214438846e-05
1.173601690030847485e-04
4.156886924698942326e-06
-1.411683342562118485e-06
-5.762211022551358940e-03
5.512033069035868281e-05
-9.216523009681197478e-05
-4.232268061102913007e-06
-1.340445788220543222e-06
-4.714738391220081939e-03
6.275326153286944460e-05
-8.735179609380334421e-05
-1.081470801713864293e-05
1.068856131098038397e-05
-1.435302544024228723e-03
1.096361560471441246e-04
-1.231145252690181012e-04
-7.418158144344586739e-06
-3.091813039698988188e-05
-2.624841894327995060e-03
-1.308418470599177893e-04
1.168370526510859714e-04
1.077342588933042494e-02
-6.330717126188897034e-05
1.375594610455402756e-06
3.092664644669534946e-05
-5.479029656177457699e-05
-1.972598479434348445e-04
6.837619346396482667e-02
-4.868121652590428304e-03
4.710332985710706868e-05
3.373640392635224913e-06
-1.008242430749674984e-04
2.538861984870707886e-05
1.451792263120617018e-04
-3.101811419002424575e-02
3.352916873368507779e-03
-5.379506610997367871e-05
-1.106894726243233551e-05
1.627034754590975935e-04
3.950463031736719567e-06
-1.367251448783143451e-04
2.144851349499560245e-02
6.910807266992185453e-06
-2.261810421586525947e-05
5.296523099588498231e-06
-4.348236285398822447e-06
1.869118004088212749e-03
-2.577443804353883421e-05
1.598520543655339255e-05
-3.645458879400670143e-05
1.116959662635249022e-05
-3.152550469240493314e+00
2.391897142481458793e+00
-5.176940104981173629e-01
2.298143157181550489e+00
2.110310063938618974e+00
1.710855036908319748e+00
8.073849607589913546e-01
2.649022573625421817e+00
-7.092441159919216217e-05
-7.621071345188898827e-05
8.097511348757350852e-06
-1.216948800007452243e-04
3.296035025233991222e-04
-1.487516840915101366e-05
-5.569910299434522661e-05
-8.381091033930611160e-04
6.287928381391497514e-05
2.328560330734399841e-05
3.093143591578593641e-04
-4.049059068560203448e-05
1.305777903850446077e-05
2.697073069231591949e-04
-1.265885969800911764e-05
3.979740323222409886e-05
1.526761575416856159e-04
-1.197576271814788560e-04
-5.968025253825457463e-05
1.900132384599035142e-05
-6.905131934126419735e-02
-1.492255481982827838e-04
3.886004543217542757e-05
-8.183486985691200769e-05
3.859839139211381978e-05
-1.875922765938483477e-02
-1.810492927705854654e-04
2.435662642124548308e-04
4.301398773066759782e-05
-2.114654816448775684e-05
-5.829937466442594064e-03
7.069501215822985359e-05
-1.141464685724933074e-04
3.288226111100299204e-05
-2.304881129220293318e-05
-4.798116366439901699e-03
6.661660182822877301e-05
-1.053566008094434684e-04
4.290304610161295722e-05
-1.167857693614459579e-05
-1.613722961616329910e-03
-9.540828426283755803e-06
-1.258555811517855696e-04
-4.933429052795420514e-05
-3.283514557767467756e-05
-2.400505803833232008e-03
1.807420904575135078e-04
9.426727434578774313e-05
-1.077898630136736938e-02
8.614650072881046422e-07
3.711615190590548583e-05
-7.349138607397678880e-05
1.992342704577152888e-04
-1.786666599945495315e-04
-6.836125292395514585e-02
4.866950137283141548e-03
-4.732803846980103944e-06
-3.023407389361919886e-05
1.158903975233098460e-05
-1.126785446667439113e-04
7.711469790455801818e-05
3.091400227214548269e-02
-3.333661449061746471e-03
1.054134184199522796e-05
3.358471965222803674e-05
1.770587368832288178e-06
5.818703606096698079e-05
-2.765093727558629380e-05
-2.123291811450945393e-02
5.211653951230753735e-06
7.886057838972854108e-06
-8.356585642402072109e-06
1.011894918071750287e-05
1.941033247594177577e-03
5.934093064869094835e-05
1.149453087610823260e-05
2.251832365681311890e-05
2.656660420880358430e-05
-3.152630068625061899e+00
2.392106431523488119e+00
-5.177741372980314560e-01
2.298322157012808731e+00
2.110230738231734904e+00
1.710804063168128053e+00
8.073930979022696519e-01
2.649028108072767118e+00
-1.707465402941366821e-06
3.163067522664780905e-05
3.191867369596360061e-05
-1.597473679958321172e-05
5.772260640883590966e-04
9.235080806043165919e-05
2.202287870022020475e-05
-8.923155623874867021e-04
-5.696374410364903496e-05
6.374824663868081436e-07
3.068002805024845517e-04
-1.238555047804806381e-05
3.083326415882090352e-06
2.380467002821821812e-04
-6.511173225469253059e-06
2.430872037059830158e-06
2.543463524672774450e-04
-5.239090560375492766e-05
3.183774748927941745e-06
-1.775496234059561877e-05
-6.928174513486229369e-02
-5.683469556411169764e-05
1.006450345713296411e-04
-1.609212189776973502e-05
4.038455008404727393e-06
-1.871740845165725461e-02
5.873199996623488768e-05
5.581854654652013180e-05
-4.126537390536615390e-07
-2.661093827867125813e-06
-5.807680028500771148e-03
3.433952178861986409e-05
-6.370785462911845586e-05
1.857411609914130947e-07
-3.384210046876169983e-06
-4.763289955283008491e-03
4.089063828367416151e-05
-5.279421633937704593e-05
4.068879572682683282e-06
-9.999211977271666812e-06
-1.505681734236115517e-03
5.503596352152368630e-05
-7.263168032728235996e-05
-6.392327043323058929e-06
1.432062742462681042e-05
-2.557885727115051088e-03
-4.738229494861478182e-05
8.441029623110489922e-05
1.083848560542352568e-02
2.073619114925417993e-05
-8.927864014571088892e-06
-3.642589226799525237e-05
-3.311983979622352102e-05
-1.018191345436196896e-04
6.889359115766878483e-02
-4.894268398861232466e-03
-1.167380408891534652e-05
8.051617496462513089e-06
-2.769325668189499823e-05
1.806815171129503336e-05
6.284810645612094217e-05
-3.124557746065297070e-02
3.359202433746246753e-03
8.675631541530829998e-06
-4.765317430395597261e-06
5.175356236350805994e-05
-6.485035766132900417e-06
-4.457411128069491526e-05
2.152211265546723554e-02
3.593779863199379396e-06
-1.751608712875318656e-05
2.575986906636333634e-06
-3.515116080662722298e-06
1.872991699373443121e-03
-1.478887132169667319e-05
1.442508629910402383e-05
-3.110577463641200305e-05
-2.048423242137762431e-05
-3.152581981576109804e+00
2.392023430360335379e+00
-5.177378367190498265e-01
2.298301386399816515e+00
2.110423102853681954e+00
1.710902225241015762e+00
8.073783489049829454e-01
2.649001592620958245e+00
-2.412943477904746668e-05
-2.207717633808314525e-05
-6.519340505535602083e-05
-1.126561486574099091e-04
4.735848714899747874e-04
-2.328650973869530083e-04
1.145818108748911514e-04
-9.105301221618885676e-04
1.920216797836288118e-04
-4.115999682422982558e-05
3.216053867234094617e-04
-4.977475934524629695e-05
-2.734189023399452801e-05
2.853375191768527499e-04
-3.019214465675301519e-05
-1.661199695822283883e-05
1.224667925216842406e-04
-2.672036419515712020e-05
7.543774405240690232e-05
-3.325078696850405696e-05
-6.870442426486353393e-02
-7.248521466889025662e-05
-7.959520176819499240e-05
3.825298771103320742e-05
-1.417550379064262149e-06
-1.866971682650689357e-02
-3.855238492398239730e-05
3.394628826418365827e-05
-2.676319390080021928e-05
1.680981957040529682e-05
-5.829688520411917090e-03
2.281028963946972991e-05
-4.089142935962442488e-05
-2.510047476830445712e-05
1.668878723285043426e-05
-4.815772463704721604e-03
2.777767127276793024e-05
-4.458820359791767346e-05
-4.103081593596677982e-05
-3.240060168779529209e-05
-1.669995042393755246e-03
-5.996061655588717115e-05
-4.493063529849996256e-05
5.067769061698271238e-05
1.167600803707204279e-04
-2.347329320481752676e-03
2.234370303218742386e-04
8.820345529612453472e-06
-1.086289890473305167e-02
-1.801394182695007992e-06
-1.014183151590622965e-05
-4.869933616232641205e-05
5.506221700929511860e-05
-1.856424671847453395e-04
-6.844828521724292958e-02
4.917465393994435371e-03
-9.354826117323141767e-06
1.420488906140552482e-05
4.258873224766666910e-05
-2.310309221473065555e-05
1.032886776182346400e-04
3.090585993052514385e-02
-3.368366266262596848e-03
4.920024562501257434e-06
-3.032742455103256351e-05
-8.356423617938632531e-05
-1.242924433898480799e-05
-6.670235985149121512e-05
-2.112066832027295268e-02
1.711705578043083747e-05
-1.026078787601022850e-06
1.363317479582364501e-05
9.381524836102133301e-06
1.942877639465147906e-03
3.088087452574956237e-05
1.302691891669021090e-07
1.109233128435653487e-05
1.725790071448071006e-05
-3.152631722958989968e+00
2.392110967350285833e+00
-5.177759531263724790e-01
2.298328575229465542e+00
2.110236759893761693e+00
1.710807047575074069e+00
8.073924736719386708e-01
2.649026399755738392e+00
-4.133015884441480694e-05
3.481384462632696169e-05
2.036143287072174704e-05
-4.928564499236126476e-05
5.889232052709442167e-04
5.702125268346584807e-05
-7.781558576641252052e-05
-8.994884923398350704e-04
-3.207064144076965015e-05
1.727213943507691841e-05
3.069213366845928415e-04
4.833145109237516922e-06
1.827459585785035673e-05
2.366080939211084617e-04
9.157669067754044110e-06
-3.286436751314026375e-05
2.577239570578463432e-04
-2.960561618926665624e-05
6.156531988838842648e-05
-1.030710170875610105e-04
-6.923430747029496457e-02
-4.511284066485439070e-05
-8.013853562315918582e-05
1.554747032669933152e-04
9.248282923883340196e-06
-1.870791966595751130e-02
-2.480109368121889181e-05
-5.055793612100697543e-05
-6.114330569120532074e-05
2.473905018868797134e-05
-5.805861360465592973e-03
1.830990408203165447e-05
2.986988395114832648e-05
-5.171647179201686910e-05
2.597923347782813861e-05
-4.763072265233203595e-03
2.247082818268238925e-05
2.127626999073808385e-05
-5.566011246242906431e-05
1.687421954102113664e-05
-1.503881382820641387e-03
2.074603401474185688e-05
2.090459396779027789e-05
4.622022825588606313e-05
1.061833460811190810e-05
-2.565688852718758014e-03
8.571030243714389588e-06
-3.080087785658957504e-05
1.085438573027042511e-02
4.972101462072777214e-05
8.062703167844881714e-05
-2.288050074106956489e-05
1.873554394319098843e-05
-3.434434268303175348e-05
6.892056996511186640e-02
-4.903577451225098194e-03
-5.335684686237564429e-05
-5.496446064531294119e-05
-3.201404677985290881e-05
-1.382917936802924487e-05
3.653787861947866518e-05
-3.125397161182801725e-02
3.366766491946309413e-03
5.486550674394820564e-05
6.097052950207728305e-05
5.054267241153855006e-05
1.565464380898653302e-05
-4.578852252572223778e-05
2.151961651958231650e-02
-1.287265368288965895e-05
-1.626998905488211575e-05
7.672476346818533867e-06
1.101031093059335665e-05
1.871280780851840341e-03
1.229249442102991173e-06
1.766464660628804298e-06
-3.330586393522315934e-05
1.743786598810270890e-07
-3.152534134788985032e+00
2.391863904474934355e+00
-5.176810992588862792e-01
2.298102212009923928e+00
2.110305638139163609e+00
1.710859140218044860e+00
8.073837895809053977e-01
2.649019570022203673e+00
1.493660016433948177e-04
-1.208776392325051734e-04
7.195242623335055361e-05
2.363350424312638583e-04
2.638387777381173607e-04
1.121373094854643561e-04
1.365042043281657622e-04
-8.749885680622848660e-04
6.580873854849353844e-05
-7.636410734677650364e-05
3.045801434985502694e-04
-3.321144227157795336e-05
-3.138317291887181531e-05
2.538974780734513763e-04
-1.440034824411431905e-05
-1.518766503957674156e-04
1.739749786260510436e-04
-5.774939218708754622e-05
1.001607890556689652e-04
-1.151034249887752090e-04
-6.892378418845429566e-02
-3.475101015339458407e-05
-9.756486709569696381e-05
9.618705191008906680e-05
-1.856977201975173943e-04
-1.875379997059448134e-02
-5.926893210038682654e-05
-1.537630748223995356e-04
-5.566974155850267186e-05
8.416469109605903120e-05
-5.824869368319865806e-03
2.765953596501461212e-05
7.931187913424957007e-05
-4.784913711317114056e-05
8.027104682172667605e-05
-4.797317715424308064e-03
2.878807952065010452e-05
6.765350729116533044e-05
-8.032404208082002841e-05
1.506332647612439543e-05
-1.601215739395026993e-03
7.947800488756189962e-06
1.003420689708232026e-04
1.108451037359664722e-04
1.539645451256273418e-04
-2.439388050260423661e-03
5.136306141141044451e-05
-1.143784713782329098e-04
-1.084188402949072538e-02
1.348953700541799007e-05
9.847176425534828314e-06
9.446885449959641079e-06
-4.670511036771244056e-05
6.369963494258805078e-05
-6.842873088127925107e-02
4.899071533213981283e-03
7.483381873542522059e-06
8.360655326880503662e-06
-2.418272575699029203e-05
3.353651477844372741e-05
-3.941214310402370215e-05
3.092552758982120009e-02
-3.355280163652970497e-03
-4.410975365407628773e-05
-3.879997848621126488e-05
1.647072600719119706e-05
-3.268865190061352429e-05
4.743504687262380635e-05
-2.121594354931421664e-02
2.021560363062022874e-06
3.254791078330445959e-06
1.729158619404860472e-05
1.668657314964774001e-05
1.938675943804263205e-03
-7.664599833732580147e-06
-1.866493092251187043e-05
1.529954944571822921e-05
-1.690939903463956995e-06
-3.152538073906804961e+00
2.391776966974945573e+00
-5.176625657781847023e-01
2.297921258054940186e+00
2.110033783265757190e+00
1.710738481281288692e+00
8.073945739369482455e-01
2.649050535040690768e+00
1.013512013052902667e-04
-1.215708808638110271e-04
-8.884089250287235777e-05
2.673474632631818578e-04
2.452082999149455406e-04
-2.183221865496507959e-04
-1.219047113315194209e-04
-8.352325110756674519e-04
6.048025588145536455e-05
1.140164290054664331e-05
2.728769318801864819e-04
-1.066761179500898941e-05
2.413531795707144701e-05
1.921751305343241223e-04
-1.812466969563243646e-05
-8.901930168469508427e-05
2.982183504754103544e-04
5.747174104347931196e-05
2.585407493586443922e-07
-8.095772766513614511e-05
-6.903052231257779392e-02
2.740372654331775862e-05
-3.109455216133066640e-05
-9.450683965900608119e-05
-1.379010613388858544e-05
-1.867960524447005027e-02
2.767066069911520737e-05
-7.104942890996592420e-05
7.774030462393582866e-05
4.844121100451116507e-05
-5.762213597708310334e-03
-2.633768317818758055e-05
4.968281113504219326e-05
7.776532943514463507e-05
5.501579817896197207e-05
-4.714741048906751636e-03
-3.021586584549588815e-05
4.001052154156669314e-05
1.120215123780017114e-04
8.960270279280532942e-05
-1.435307618851876027e-03
-6.407491131804427204e-05
5.219007089053846174e-05
-9.745984005436373427e-05
-9.785256749854866665e-05
-2.624834223878603524e-03
9.219722025867010647e-05
-6.484116037589423057e-05
1.077342355790223208e-02
2.024859976194131553e-04
-4.813410629805523443e-05
3.092730560604745049e-05
2.621120899449482997e-05
4.380489766871837297e-05
6.837618744627255163e-02
-4.868122914764000560e-03
-1.492808321063439055e-04
2.029996247159189006e-05
-1.008242867647866220e-04
-1.562133549558444379e-05
-3.179721361586340883e-05
-3.101810871555023275e-02
3.352919252515806654e-03
1.453052032865900681e-04
8.955082947821894814e-06
1.627032970446130183e-04
7.615512863370303264e-06
2.177490590738655283e-05
2.144850549048084309e-02
6.218320417124311491e-06
-2.261785237276951114e-05
-1.649327198731750802e-05
-2.014703784243831184e-05
1.869116127129204826e-03
1.665320294924193005e-05
-3.405826844703923380e-06
-3.645460119861184940e-05
-1.157834386699012249e-05
-3.152522762139595258e+00
2.391748811449259549e+00
-5.176536980764084861e-01
2.297977774298271658e+00
2.110221995704560705e+00
1.710821636948105073e+00
8.073845629634817112e-01
2.649031669305224490e+00
7.741260343291849833e-05
-1.174971730995787416e-04
9.083663416759691711e-05
8.817795748600329095e-05
2.352063415884489167e-04
1.708777856896489720e-04
1.463293956056443545e-04
-7.932245160750008017e-04
3.605656949347896734e-05
-6.480718648526465390e-05
2.944108871341079769e-04
-1.499792759842400136e-05
-3.514004432056026876e-05
2.487566007998213394e-04
-5.961705720274332397e-06
-9.568176875997310023e-05
1.828646247054668025e-04
-2.717414886251511970e-05
8.733338308027007325e-05
-7.106941597057199987e-05
-6.911781577240005969e-02
1.037451976054174115e-05
-3.554031530744500463e-05
-2.277992816066680369e-05
-1.677678732133276360e-04
-1.878009626345761296e-02
-2.216866838410543581e-05
-1.752551981994924645e-04
2.524521476227209928e-06
5.486029615397834810e-05
-5.820647977755799909e-03
1.072820903384966054e-05
8.086949838615747226e-05
6.847416444387541937e-06
4.609239107535366517e-05
-4.781708507573595099e-03
1.527797078041059030e-05
6.928644479106471155e-05
-8.671574490282316625e-07
-2.737794554049123304e-05
-1.556311776974528011e-03
1.993007762727959820e-05
1.045388073160408084e-04
3.129878465177107907e-05
1.784368798420238875e-04
-2.491173447864594975e-03
-1.277897680044835283e-06
-1.224931086378378692e-04
-1.081398367144935369e-02
9.912812320051183484e-05
5.505176704183589585e-05
-2.806559413393722169e-05
-1.067971819547067008e-04
3.458653675751568318e-05
-6.839029959012726811e-02
4.899712765451744167e-03
-4.547248370170722895e-05
-2.044321319634596066e-05
-3.450082472774250453e-05
6.214172676985946317e-05
-4.381017521999988878e-05
3.094106006216620214e-02
-3.378123683609727656e-03
6.083048366603015819e-06
-1.490839487240620343e-05
6.828842255439566966e-05
-3.701312118316742286e-05
6.257658336847858344e-05
-2.128945379482829331e-02
6.548538793981239887e-06
-1.527069416501844338e-06
1.782840033670771276e-06
3.170714376208920123e-05
1.922671928921710965e-03
-2.687271332065404946e-05
-7.767363905569952577e-06
3.010498024407169931e-05
-1.243350771690677342e-05
-3.152522082603487874e+00
2.391731367505285366e+00
-5.176492289516334555e-01
2.297924424998943671e+00
2.110143489524134885e+00
1.710791927617071106e+00
8.073867153385754225e-01
2.649037166122372611e+00
3.576563609807175185e-05
-1.414350248703519566e-04
-3.012492780976117404e-05
1.563529046316622330e-04
2.128674001333715794e-04
-1.224983144934491510e-04
-1.673846151592448006e-04
-8.314012667104239869e-04
1.068884715046984548e-04
3.124908004924033998e-05
2.797022234369719949e-04
-3.634312215751405839e-05
2.248882433088637985e-05
2.113720767822644200e-04
-2.504483755077506179e-05
-6.233038853752646043e-06
2.437339413022322787e-04
-2.631047994595313516e-06
4.709479726393761469e-05
3.529720594199696037e-05
-6.906740060301619355e-02
-1.477993049099949295e-05
2.655130828964740179e-05
-2.153980974196167259e-05
7.025294833912476252e-05
-1.873576000706555014e-02
-5.060089574977219085e-05
-8.455891419170679795e-06
4.462864291832815408e-05
1.802605252055215009e-06
-5.797120699243756003e-03
6.188997066559065994e-06
1.422637412151067479e-05
4.340153497193221838e-05
4.149492263223372149e-06
-4.760314286212647197e-03
6.224239668764394674e-07
8.145140295774923664e-06
6.630614457204156540e-05
7.283753443210265162e-05
-1.500102620035448234e-03
-5.595368037724493863e-05
1.288738535641403593e-06
-8.098340143356444324e-05
-1.838536728361064810e-04
-2.583265772447308761e-03
1.422706442750329328e-04
-2.004450012956037587e-06
1.083144112206988266e-02
1.087635375775050824e-04
-7.997170842343457632e-05
4.054959410417641186e-05
1.668158282199969870e-05
3.445279895988639712e-05
6.853359963219105011e-02
-4.898605279076258950e-03
-9.235263620309847607e-05
2.699982302233039887e-05
-7.893204871653285160e-05
-5.922299431157388230e-06
-2.245162611363023367e-05
-3.104494023561613775e-02
3.372727081378121099e-03
8.546394735344431306e-05
2.068925218386721788e-05
1.120106722558005669e-04
-1.116295021765545425e-05
-1.214832131794790901e-06
2.140084560696296073e-02
-2.132164362865426053e-06
-1.481861841308809193e-05
5.746010768586809828e-08
-2.947821407099554037e-05
1.893918529273745351e-03
2.149547977374935783e-05
4.971671295407101751e-06
-3.042027439918807427e-05
-6.814716529120080771e-06
-3.152540880387340039e+00
2.391801600095083913e+00
-5.176748512150484149e-01
2.298002819624162196e+00
2.110161009171525937e+00
1.710792251665454566e+00
8.073882846724601547e-01
2.649036178008072895e+00
-6.685595168824033543e-05
-1.045232878616628668e-04
6.835592937248163392e-05
-2.560422308900395629e-04
2.796619755949453830e-04
1.646526959273351769e-04
2.314913743057463744e-04
-8.238244668429411683e-04
-4.417788344637842428e-05
-5.393026169718339409e-05
2.873240608226714323e-04
1.071355670577610344e-06
-4.399669416077142941e-05
2.234638436239718665e-04
2.029326199619984128e-06
3.316053974478579982e-05
2.395426445913308644e-04
-2.085122672196918208e-05
1.283597379409041385e-04
-6.011662342379721011e-06
-6.903609969792359746e-02
1.836400630911760520e-05
-3.512512685672022385e-06
6.400799859272992155e-07
-2.318645207182821880e-05
-1.872214484872948906e-02
-3.450993962961310807e-06
-8.846716551787091245e-05
2.095469483593351701e-05
-1.048692001630746205e-05
-5.795541097508098358e-03
7.223882140083902424e-06
4.859291520548271329e-05
2.530564160936092590e-05
-1.892986461288086151e-05
-4.755336013648860452e-03
7.584990514525422490e-06
4.294507477666328508e-05
2.798427596482790900e-05
-1.089673934094791222e-04
-1.501829816393253228e-03
3.174018177899492360e-05
7.054394143131699599e-05
-3.165333579132052378e-06
2.264879850772154519e-04
-2.567479232481234466e-03
-5.951164893994325181e-05
-9.335840716967920832e-05
-1.085030018370523180e-02
1.506880239674220729e-04
1.318605205967698230e-05
2.236203253767193866e-05
-8.512801926576385892e-05
5.033655380916649512e-05
-6.854368429416368702e-02
4.922963007309817500e-03
-1.006684358867064144e-04
8.232508440497656073e-06
-6.789262843000590242e-05
3.905800996238282478e-05
-5.921283983562780108e-05
3.103973835938069609e-02
-3.403710861276459769e-03
7.685666712956984589e-05
-3.782720399325971861e-05
1.014387592752092476e-04
-1.604381840278478626e-06
6.999015538742848217e-05
-2.138562373147849527e-02
3.529602868394016727e-06
-3.813021241620413553e-06
-6.040543907910356438e-06
2.215499610497354823e-05
1.894032551142367992e-03
-2.364374928249143003e-05
-2.590977607875877839e-06
3.386303095731972655e-05
-7.105937381850072933e-06
-3.152538622754134323e+00
2.391821193341457263e+00
-5.176759463723326071e-01
2.298057952021001604e+00
2.110259637553796086e+00
1.710836815089444851e+00
8.073846596170192180e-01
2.649027325009990719e+00
5.358997281457217505e-05
-9.482870270972513322e-05
4.942387884638763627e-05
1.367455483855798044e-04
2.882050274583244963e-04
5.785582738987427292e-05
-4.729254115493291779e-05
-8.113802967379569065e-04
8.371962847594506237e-05
1.603768908351264476e-05
3.002212804187610580e-04
-4.227307789946451431e-05
2.875453583982038680e-06
2.562692001110935440e-04
-1.803872082460862274e-05
5.054122202637930636e-05
1.724810269510472602e-04
-8.255075874288950871e-05
-2.813496455869536530e-05
1.018030261033299206e-04
-6.909693772495602293e-02
-8.776764743201434689e-05
5.995788218765633589e-06
-2.214561237807887079e-04
1.159624159437174559e-04
-1.875976600694892471e-02
-1.386340871615104864e-04
-2.386477507083579046e-06
1.129891932207401604e-04
-2.805553647732635016e-05
-5.824784723911753843e-03
4.988317287725819359e-05
3.699003964342731608e-06
1.019192393750293583e-04
-2.218169522278160260e-05
-4.791381100115102779e-03
4.703769203182884531e-05
-8.962987352933990469e-08
1.275534459227453199e-04
3.819304096091931324e-05
-1.581351933643577318e-03
-1.270433768601298774e-05
-1.120666467690512837e-05
-1.173205638224181918e-04
-1.430059111836193644e-04
-2.463498951741520393e-03
1.492105353779714101e-04
1.201414111460806351e-05
1.087226690629054110e-02
9.741053857497804919e-05
-1.825046844111319344e-04
-4.363006635037941505e-05
6.934536690127133542e-05
3.605842268017188195e-05
6.842783078099953786e-02
-4.920308122081872362e-03
-5.652647916052429451e-05
1.020309121054162441e-04
-1.306081317094427707e-05
-3.389363535699566196e-05
-9.119215918912576579e-06
-3.095743645358384893e-02
3.382701416778838548e-03
3.695159065033302472e-05
-5.758958038610143622e-05
3.533338090064806758e-05
3.920772995272232353e-06
-2.742864477988440761e-05
2.128723093143913836e-02
1.413471976993595149e-05
-6.603980571613809770e-06
-6.453914007870597234e-06
-5.169648449911353231e-05
1.929261546276647438e-03
2.977611468546985515e-05
7.704707492909088881e-06
-2.714910851332734572e-05
-1.425099239152029977e-05
-3.152553764320731311e+00
2.391837606683484552e+00
-5.176817853072390729e-01
2.297993762850199406e+00
2.110062633789320685e+00
1.710743853241088797e+00
8.073955067290162768e-01
2.649049047608212692e+00
8.326653627818307373e-05
-9.674474679785723119e-05
1.096135969409415514e-04
2.067671911017471189e-04
2.910206988961643731e-04
2.684682265535443760e-04
-7.260154392032726757e-05
-8.375239818840052655e-04
-6.835811216160489912e-05
3.641529390337179976e-06
2.808966678495467039e-04
8.338126649521996177e-06
1.318852236781008574e-05
2.039354712971726529e-04
1.461604058144497017e-05
-6.481426066347365466e-05
2.917187299818961663e-04
-6.253145830851036618e-05
4.217510713701842252e-06
-7.046941925817839202e-05
-6.917082793136977714e-02
-8.307544891128840463e-06
5.482183647455274571e-05
8.626332035477708618e-05
3.452597204929125059e-06
-1.872009205247510480e-02
-5.727463410347435305e-05
-8.205180550994401541e-05
-5.503483142483803659e-05
3.606419822392487636e-05
-5.776864162756386104e-03
3.157610325698965287e-05
3.848446957111636497e-05
-5.598670091824740880e-05
4.286054381034047438e-05
-4.723284636824487577e-03
4.148042715476421278e-05
3.559267667432363058e-05
-8.353922808638301997e-05
6.241282370105046722e-05
-1.442657985265311145e-03
7.713265949737559395e-05
4.312152649510341050e-05
7.054370707639418545e-05
-5.235425133249253142e-05
-2.609653105253916666e-03
-7.828445496966916902e-05
-3.013769138743279199e-05
-1.080525283127333445e-02
-1.724501440509614708e-04
-5.685082974546813413e-05
1.334749334357121509e-05
-1.239266624562655218e-05
2.294267692161833933e-05
-6.852165896217010665e-02
4.899491353759301976e-03
1.200444351252982376e-04
2.927324815591689266e-05
-8.928426849375697971e-05
5.436886054824611146e-06
-2.328227150674900712e-05
3.107860087593275825e-02
-3.392095943738846538e-03
-1.106157988177876848e-04
-2.609263344384230834e-06
1.499222533849313421e-04
-8.898793426819547481e-06
2.834524809331424411e-05
-2.147961917141464824e-02
-5.965233892221211750e-06
4.781882952512896134e-06
1.459899289849848458e-05
-2.134843570514050482e-05
1.874037554852428164e-03
-9.569215612843703358e-06
-1.209421414326198425e-05
3.829010340876869091e-05
-4.971443351570603513e-06
-3.152539253521218665e+00
2.391833986322692063e+00
-5.176791296437882606e-01
2.298082650494220225e+00
2.110293128632679593e+00
1.710850083504463326e+00
8.073822815227651439e-01
2.649021359875074477e+00
6.190031519046068631e-05
-9.068956807567528453e-05
-7.108332027350530453e-05
4.564183388450589922e-05
3.106620112620474619e-04
-8.996643014341716748e-05
1.630112673040445012e-04
-8.355797125650565784e-04
-9.775656764980841503e-05
-7.259076550699287218e-05
3.032319051960065816e-04
4.380878187617263681e-05
-4.378343127210454662e-05
2.562091452201522277e-04
2.378369808417417884e-05
-8.651356130316063841e-05
1.752372966537131668e-04
2.852002861250721151e-05
-1.050144195311338534e-04
-5.880179850369245641e-05
-6.893604935918438981e-02
-9.900427551507297134e-06
-8.678052744918985338e-05
-6.217643205081181657e-05
-1.417358420146616735e-04
-1.874443404161358143e-02
1.993634973272564255e-05
-1.820079045492201749e-04
2.978508231707663084e-05
5.102851823716996079e-05
-5.821579404142332784e-03
-1.692467758819397091e-05
9.307619636832127662e-05
2.094443441219530426e-05
4.759068020801186788e-05
-4.789295553229652030e-03
-1.493421150823319909e-05
8.601806482322236710e-05
4.545123775162230635e-05
-2.953199286102510410e-05
-1.579874373915241426e-03
5.664715811153046171e-06
1.285372694945159969e-04
-8.457285589227731535e-05
1.943582645348325140e-04
-2.464479922977982993e-03
-4.709329904008692773e-05
-1.461648248948257912e-04
1.089046060945952042e-02
-9.792959104816837887e-05
2.698962174848781349e-05
4.457904905559584297e-06
1.159136367557513298e-04
4.799450913384184503e-05
6.835460776986833353e-02
-4.938710828666276025e-03
4.293665468032626439e-05
-6.829360408734891450e-06
-2.585592753630641671e-05
-7.280299308731286254e-05
-3.190803706950781637e-05
-3.090138287093038838e-02
3.403690149345676031e-03
3.740626657916870657e-06
-2.205860665281450181e-05
2.606664977756675827e-05
6.287732802028994086e-05
4.757137515296961175e-05
2.121180190696910980e-02
-1.478422980903366265e-05
5.273997924717146709e-07
-1.229347111290666019e-05
2.478408637422904314e-05
1.927054843543840341e-03
1.602026272691352700e-05
-1.319774306607530718e-05
-2.116226588135327883e-05
-5.387176544678759157e-07
-3.152564915169679516e+00
2.391906877122208730e+00
-5.177053662663436695e-01
2.298071573174793159e+00
2.110086635214672324e+00
1.710746196899303850e+00
8.073970455625598674e-01
2.649047265593854839e+00
1.164146703810728790e-04
-5.700494065715572267e-05
7.989875177148080074e-05
2.545174918088361719e-04
3.671054721016381132e-04
2.519959733111403182e-04
-3.203679472920405223e-05
-8.253196457805396426e-04
-1.638305767764081642e-04
-7.017815451539271361e-07
2.930893132389199491e-04
3.929297077554075356e-05
9.433320685754063807e-06
2.174763795810132983e-04
4.685202177927515188e-05
-4.694950718454273702e-05
2.941070030193032266e-04
-8.257972109716483220e-05
1.415780303128946153e-05
-2.838615472708545546e-05
-6.900789169541361734e-02
-3.835402242005807121e-05
1.530608022905741465e-04
2.339394562515511179e-04
-1.631418470101912081e-05
-1.869540759548599801e-02
-1.017227991706080533e-04
5.524771807896131819e-05
-1.063020586922631397e-04
2.162102960091689366e-05
-5.767555611890653328e-03
3.432897930138462122e-05
-3.378068817612054579e-05
-1.053038299386358190e-04
2.599758050740848887e-05
-4.711997248918791716e-03
4.022618294251830253e-05
-2.624811093562473747e-05
-1.444259427799054682e-04
4.425471223198896263e-05
-1.443641621286546146e-03
9.169930341820344889e-05
-2.653342396350814495e-05
1.041999453954589084e-04
-4.013138489326165711e-05
-2.585027511940788097e-03
-1.312718033902727892e-04
2.268842586540897421e-05
-1.080506550327940685e-02
-2.101296702485076079e-04
-1.314990839306522325e-04
4.611832927065712129e-05
6.944812346046424015e-05
6.721323804931219085e-05
-6.833918369853407559e-02
4.903602142398201698e-03
1.420233537425500282e-04
7.367940591936024191e-05
-9.493841892114704417e-05
-5.485411352069101670e-05
-4.611223658085203099e-05
3.096792275135501135e-02
-3.396765397725110165e-03
-1.390006676696140583e-04
-3.290055475086059152e-05
1.342882245630935834e-04
5.272386853637375196e-05
4.253125658098007148e-05
-2.137983603577136085e-02
-2.142239125743931535e-05
-3.487778989806649592e-06
2.034172490444024041e-05
-3.230662124108072590e-05
1.874092082614820095e-03
9.071486161225570354e-06
-4.161252126721955462e-06
3.675218876972806935e-05
-7.951659381570007823e-06
-3.152544406073578109e+00
2.391807070247780054e+00
-5.176778080226688283e-01
2.298034100339229724e+00
2.110202471227700105e+00
1.710801459044335893e+00
8.073855902920897831e-01
2.649033457967401084e+00
-6.455308044003339480e-05
-5.848315301963555269e-05
-4.397492745338921005e-05
-2.470787225185641514e-04
3.489009981106268874e-04
-6.214663040687048827e-05
2.174635421009296719e-04
-7.755601068038507108e-04
-4.564959070192169214e-05
-7.645430574980922943e-05
3.015241504607794236e-04
3.538477580292187562e-05
-6.731390446668198107e-05
2.497456824321066487e-04
2.402015882900502254e-05
2.817375283714339024e-05
2.175105294851685154e-04
1.888160960677107283e-05
-2.114932453680951887e-04
4.480515809562012064e-05
-6.902359139326345872e-02
-1.901240353843202681e-05
-3.237798313053411384e-05
-7.939491045013262233e-05
1.213911279275392389e-05
-1.875246910122832164e-02
2.554926069241275453e-05
-4.345391783937364231e-05
4.654614584359165013e-05
-6.511179401518796397e-06
-5.801045588037925978e-03
-1.537365866341760710e-05
4.136150159265455673e-05
3.430435286097106932e-05
-1.390525659522831760e-05
-4.754670220888385611e-03
-6.056028059911888089e-06
4.305060664368355264e-05
6.220067744709434658e-05
-9.669640471128267221e-05
-1.513413897267502179e-03
1.142811475085356721e-05
7.199677608005509901e-05
-1.078689740778770111e-04
2.049305066680357922e-04
-2.525913064064557768e-03
-3.318436661550647318e-05
-9.247115078715595761e-05
1.088999512144375043e-02
-1.213214665750457152e-04
-6.126753661896372320e-05
3.732124270212217043e-05
5.825628567970135021e-05
1.330718035941788439e-05
6.838577662705556948e-02
-4.930338846995559014e-03
7.554655750236286254e-05
4.217735842147653930e-05
-6.186918317911856147e-05
-3.257205929296067720e-05
-2.863325924139378201e-05
-3.094588559928543314e-02
3.392464789205319568e-03
-4.263772276838430526e-05
-5.034018596897937457e-05
7.739931226261216601e-05
2.298594372650166037e-05
5.315259667351029168e-05
2.129985375861880720e-02
-2.653138220044087261e-05
-7.094424749220032151e-06
-1.000891539054110766e-05
9.903404555510364905e-06
1.904111211114484399e-03
3.549143419041575438e-06
-4.684930017183894842e-06
-3.300357338500902404e-05
7.581589588646802297e-06
-3.152545943639967874e+00
2.391853524380071594e+00
-5.176859049446231875e-01
2.298015285653585149e+00
2.110079938564007218e+00
1.710743029924328695e+00
8.073942563520597471e-01
2.649045583411688387e+00
7.941104050361574981e-05
-8.165590462548078313e-05
3.219329152417323169e-05
2.267968300004147807e-04
3.225306135723367273e-04
1.308123435344944784e-04
-1.225122257107470985e-04
-8.272858047992148788e-04
-1.191738326287573559e-04
1.444448583238760800e-05
2.954637358325915681e-04
3.244301872572142741e-05
1.837592146593814568e-05
2.149097761734694893e-04
3.836745385611746331e-05
-6.890571185949582078e-05
3.104334011516483448e-04
-5.826085680161463012e-05
-1.084750250632630637e-04
-5.523193920827854640e-05
-6.901919763315335354e-02
-5.587433465028191946e-05
1.446472462008973692e-04
-4.572382993619581305e-05
-8.900059260874424371e-05
-1.875475602252808793e-02
-4.818847535918764787e-05
1.095494719054923485e-04
1.213488457192705861e-05
3.482752680288516583e-05
-5.772370597849888277e-03
2.652440478252861747e-05
-6.066422654053952896e-05
2.926720282716190877e-06
3.344079809767734710e-05
-4.712895085858138239e-03
3.125331614842625236e-05
-5.489067264980453359e-05
2.626485581803693944e-06
5.473394635761096136e-05
-1.427896844268798648e-03
6.293695393202527208e-05
-6.413337430043357444e-05
-2.913452129561281242e-05
-5.229338292209881008e-05
-2.615304445436141684e-03
-8.591111684502569117e-05
5.258577821697627865e-05
-1.091704243724498855e-02
-1.149265183325160183e-04
2.951867811903507045e-05
1.434618135936413519e-04
8.086093078188958706e-05
3.060721715143288960e-05
-6.843670874722668218e-02
4.953762971633348874e-03
9.776849302938804358e-05
-3.276797576553982638e-05
-1.356580386334821364e-04
-5.661521282270296851e-05
-1.564231201113514642e-05
3.098860597037076531e-02
-3.424010925424345562e-03
-1.062485567034833641e-04
5.341168122118529027e-05
1.487235046862319526e-04
4.785780638125593060e-05
3.564354004806868058e-06
-2.137132140397753413e-02
-3.994314694472957117e-07
-6.579068566006380635e-06
1.620981180366231787e-06
2.939653735242677042e-06
1.879763682120895582e-03
1.202329392639770985e-05
1.959008752741288285e-06
3.895840655865599213e-05
6.147708320608784738e-07
-3.152544623929515399e+00
2.391827799515475750e+00
-5.176798025485894739e-01
2.298003200143946767e+00
2.110098912307284191e+00
1.710752830340124930e+00
8.073909012571718335e-01
2.649042515631718331e+00
-8.146050908735901581e-05
-5.599813123729666629e-05
-2.385551408997635316e-05
-2.796758915099921937e-04
3.663720280331519800e-04
-1.844010135599693893e-06
2.069639769543015861e-04
-8.004406384173060269e-04
-8.128177891132394540e-05
-5.082409944943441879e-05
2.966071258084773525e-04
3.144461038213562881e-05
-5.825117594290932536e-05
2.207272528977865774e-04
3.190839197713173580e-05
1.069291171017138972e-04
3.009334735356969013e-04
-3.851497878135023089e-05
-2.080212851786552870e-04
9.933038260310676163e-05
-6.875458174226448116e-02
-6.230435454095020580e-05
-8.842388874161384842e-05
-2.287666430778761452e-04
9.996261325112814483e-05
-1.868749415950527598e-02
-3.582112079141786475e-05
-1.466187095350860109e-04
9.900523979903242907e-05
-5.111714221354745545e-05
-5.752130875958938461e-03
1.699032880665403509e-05
8.285730207200960051e-05
8.698990410958007944e-05
-5.370123896582022847e-05
-4.697931311482925198e-03
2.317997612342011975e-05
8.055912837419466920e-05
1.174270554169189369e-04
-1.057416413491710531e-04
-1.427882591750555784e-03
3.275432835199025604e-05
1.027699167992649550e-04
-1.182745161205406466e-04
1.421056743423385700e-04
-2.600114274658283254e-03
-2.493710324744182095e-05
-8.635195271420375240e-05
1.089225478174174998e-02
-4.825141800810558296e-05
-1.444737601779956353e-04
1.643605872173811711e-04
1.183395014629196030e-04
4.779988532941596008e-05
6.812374125118522694e-02
-4.935969748008667279e-03
4.507727173415593085e-05
9.681527691781906600e-05
-1.355047994512706411e-04
-7.696272005446216761e-05
-3.510646297684579756e-05
-3.084237048225629482e-02
3.402269517573487841e-03
-3.147784874361686178e-05
-8.800568626037426042e-05
1.365180564133813140e-04
6.304575250342730412e-05
4.338248939501633235e-05
2.126165093548276763e-02
-4.074940809389339391e-07
-3.404575519703640653e-06
-1.511334679534062945e-05
-2.299622993266628532e-05
1.875909121959662244e-03
2.330124108618816239e-05
-9.840056213252179823e-06
-3.764533680954995924e-05
-7.587591230954893857e-06
-3.152575619546806873e+00
2.391976644377138417e+00
-5.177263636547460024e-01
2.298170349176207328e+00
2.110177325918723312e+00
1.710779699890172090e+00
8.073905672566842329e-01
2.649030607497818934e+00
-3.832966033946918615e-05
-2.356734967697427918e-05
5.687101240160950225e-05
-7.582079844920509783e-05
4.662621615925477761e-04
1.437535822113634749e-04
-1.389310828651886846e-05
-8.640682441949415656e-04
-4.744766609455181125e-05
6.168800372618220756e-06
3.136903059410694485e-04
1.310545088416517424e-05
-2.176134481850003751e-06
2.297508650327895132e-04
2.909931083603177319e-05
3.342492709488963803e-05
3.122706873827030207e-04
-7.538810741740001136e-05
-6.331406102581295381e-06
2.724858426960783073e-05
-6.907005131613619398e-02
-9.929216323287655367e-05
7.876846574402787335e-05
-9.037258241428602369e-06
2.399471798274197313e-05
-1.879326816480691997e-02
-5.049246554603556349e-05
2.305155876918668894e-05
5.462319786155888556e-06
-2.021185255155614650e-05
-5.789892952775090203e-03
3.880697726855419477e-05
-3.223049551095742845e-05
2.327733858318761757e-06
-2.003352620584169643e-05
-4.734884926948791130e-03
4.616294882475432336e-05
-2.889539614089077830e-05
8.294030996661934981e-06
-1.794972976633176930e-05
-1.447442521182948968e-03
5.458749028333545299e-05
-2.573977225192200537e-05
-2.905394791880487628e-05
6.601294376332145062e-07
-2.620095525833405700e-03
-2.439398115079835158e-05
1.142848757056369571e-05
-1.102357797401733522e-02
-2.886263832915900336e-05
-1.395654970309920164e-05
2.384584244151145838e-04
5.773033132510209733e-05
1.592802397410631083e-05
-6.875236874660017872e-02
5.006388861927009437e-03
1.728879725247938100e-05
2.747897616709577516e-06
-1.468030878934798583e-04
-3.430106033079952880e-05
-9.289167275099789712e-06
3.110897017390649305e-02
-3.455744754637915268e-03
-1.712241324790090852e-05
1.094066691867386784e-05
9.936152004035372909e-05
2.023382339335963979e-05
2.949144095842573142e-06
-2.138775999147756249e-02
-2.329817596531680041e-07
-1.163070280815815577e-05
-1.809587644075194579e-06
-1.457389091742823477e-06
1.877455493090737174e-03
7.099912650414166426e-06
-3.248554089689739265e-06
3.406854965385224519e-05
-4.729570291035971281e-06
-3.152626176339043518e+00
2.392150971151716377e+00
-5.177865363458535874e-01
2.298389661426345487e+00
2.110307035737901682e+00
1.710827971163515260e+00
8.073851668104430335e-01
2.649010818941453849e+00
-2.345942867368801135e-06
8.162134778880256875e-05
4.355909500229198381e-05
-1.727357488113219551e-05
7.102624336864625260e-04
9.612803228026132107e-05
2.010770093040386316e-05
-9.131400988498560370e-04
-1.023129599442339308e-05
-1.097289021712244453e-05
3.333450432451555315e-04
-7.782461576746531621e-06
-1.292752249591297729e-05
2.500630552391012919e-04
4.807306142468509335e-06
2.012297934607597093e-05
2.959766506410842365e-04
-5.797230833280745353e-05
-6.235432086685373677e-05
5.087881192880220954e-05
-6.888680985769631004e-02
-4.843607528443323704e-05
4.509313731499678575e-05
-7.424827560535463044e-05
1.421362028147433754e-05
-1.873990199968284323e-02
-3.209254497167900064e-05
4.729988871949520799e-05
4.038707334904293584e-05
-1.231367303857835936e-05
-5.795296695541125691e-03
3.007719939372273130e-05
-2.603015312728934491e-05
3.639303256898142227e-05
-1.680355822954583177e-05
-4.752862748609055013e-03
3.297421838793556319e-05
-1.866807078848336989e-05
4.670361182946953745e-05
-1.501574931525584580e-05
-1.486584360575322851e-03
3.533014830625688522e-05
-2.931708662134840384e-05
-4.413607975403376613e-05
-8.156860913303214689e-06
-2.588720942337748281e-03
-1.391499612949510898e-05
4.746205893088296056e-05
1.109601004261140389e-02
3.903627025382831912e-05
-6.316990717693882543e-05
2.714757819090550528e-04
1.095168856975718566e-05
-1.717409536318805809e-05
6.888935839672438721e-02
-5.040643243421383778e-03
-1.293845973022257666e-05
3.503962707814565672e-05
-1.206328508052863235e-04
-5.066889395774118975e-06
1.684797115073498070e-06
-3.114883628055897108e-02
3.469017996767197447e-03
8.597019844748049954e-06
-2.253605143750892791e-05
1.690844934442055358e-05
-4.512154994360841731e-06
7.017264913058616181e-06
2.133246700339389706e-02
-1.480597948380167476e-06
1.364870048819484928e-05
-7.240066993278131266e-06
-1.058439330106391964e-05
1.869681124409533881e-03
-1.165166112199611124e-06
9.512944816321371026e-06
-2.515886818811794681e-05
-3.966790161901074564e-06
-3.152626176097505173e+00
2.392150970716478753e+00
-5.177865361371626340e-01
2.298389660615767216e+00
2.110307034987235930e+00
1.710827970873142423e+00
8.073851668617696431e-01
2.649010819048346566e+00
3.653875411441041127e-05
8.162060935694003677e-05
2.379468097113795447e-05
7.457806844819774234e-05
7.102609711047186587e-04
6.297325948207110587e-05
1.199082897508315683e-06
-9.131402233345370639e-04
-2.252177238990738382e-05
-1.222594012213862264e-05
3.333449513417790751e-04
5.612102378010250757e-06
-2.297798356005353897e-06
2.500628390448482539e-04
1.360379883060023495e-05
-4.015122234722569625e-05
2.959770402040677790e-04
-4.642604597675279267e-05
7.023926135033540553e-05
-1.650736154068071755e-05
-6.888681130995427671e-02
-6.828096642397748248e-05
3.142737221912661038e-05
7.808886075829003142e-05
-2.068539232633996312e-05
-1.873990247811285065e-02
-2.835621687410799807e-05
4.064528093964959028e-05
-4.273646081000420785e-05
1.989059314276441133e-05
-5.795296695639499257e-03
2.570298947748335942e-05
-2.196010676452860065e-05
-3.436351790131310591e-05
2.015465631197710326e-05
-4.752862675679431735e-03
3.103985810162454562e-05
-2.218240533730115387e-05
-4.873936311034570107e-05
2.308864938485774272e-05
-1.486584060908291861e-03
3.066955066034432947e-05
-2.579087461492908702e-05
6.316703934260977727e-05
-1.612853556567021734e-05
-2.588721340876924768e-03
1.064537860137571116e-07
1.450130777442863934e-05
-1.109601005211570401e-02
-3.439022742007997492e-05
-2.210015887103345712e-05
2.714762147168654771e-04
6.018360604566637254e-05
-2.521873323453832725e-05
-6.888936003426421317e-02
5.040643011760038289e-03
7.927785229403221806e-06
1.313227346600856829e-05
-1.206332157161500024e-04
-3.287802389497004055e-05
1.036205797584239543e-05
3.114883718596730966e-02
-3.469017720602605385e-03
1.779038542303284891e-06
-1.517628570510147877e-05
1.690893144647154234e-05
1.725984423967593523e-05
-1.095331241905014527e-05
-2.133246807370001857e-02
4.169926289492950785e-06
-1.364859903565243736e-05
1.185870124049200492e-05
-6.301175263408677796e-06
1.869681169016774308e-03
8.583856066697092624e-06
1.512881802732783665e-06
2.515887389823953137e-05
6.946595722700957092e-07
-3.152626176210111542e+00
2.392150971048245367e+00
-5.177865362401977700e-01
2.298389661028061859e+00
2.110307035234593176e+00
1.710827970958505917e+00
8.073851668530055425e-01
2.649010819009796958e+00
3.888676786892178786e-05
8.162088832282406690e-05
-1.972978438491259295e-05
9.185748157310082585e-05
7.102615432839412806e-04
-3.305010740066926730e-05
-1.891005698011528777e-05
-9.131402623654060954e-04
-1.230617796864974598e-05
-1.253109191285036651e-06
3.333450012658426562e-04
1.339345570043780210e-05
1.062949579840017801e-05
2.500629119410532767e-04
8.787103599296436268e-06
-6.027401995908186506e-05
2.959769647395462115e-04
1.157252446939263057e-05
-7.893646064079839130e-06
-6.738630167396020775e-05
-6.888681139844213264e-02
-1.984399091296129699e-05
-7.657059591068102362e-05
-3.842890155742263497e-06
-3.490004432282848299e-05
-1.873990250257036305e-02
3.737079345691165448e-06
-8.795548033578795707e-05
2.349973962358396307e-06
3.220461854152667172e-05
-5.795296686137803820e-03
-4.374848418125449928e-06
4.799223944384945655e-05
-2.028856675995344849e-06
3.695840472003206553e-05
-4.752862679712913617e-03
-1.935023421920623428e-06
4.085206565668968100e-05
2.035609573546055394e-06
3.810477139873983375e-05
-1.486584125897140582e-03
-4.661384746818916005e-06
5.510237514276212568e-05
-1.902890286097646703e-05
-7.972308082412080875e-06
-2.588721226549412467e-03
1.402187481716611245e-05
-6.194546515707186800e-05
1.109600998108147690e-02
-4.644387127171077309e-06
4.106984945309881310e-05
2.714762430315424691e-04
4.922993086997482426e-05
4.239407716181910375e-05
6.888935998634337921e-02
-5.040642975429832084e-03
5.009777105535837428e-06
-2.190741475776824252e-05
-1.206331823160027711e-04
-2.781245349664734998e-05
-1.204805211279537901e-05
-3.114883714584557040e-02
3.469017659793047909e-03
-1.037536452132760032e-05
7.359795389503086255e-06
1.690881877436899161e-05
2.177372467955144371e-05
3.937204950979229096e-06
2.133246790356405770e-02
-2.692336849073476493e-06
1.364859355935816036e-05
-4.618887844919527424e-06
4.283168425557191874e-06
1.869681126425778040e-03
9.748817961404503108e-06
-1.102712263708165706e-05
-2.515886681768325661e-05
3.257396977098924850e-06
-3.152575619387494310e+00
2.391976643994619067e+00
-5.177263629939443668e-01
2.298170348647893491e+00
2.110177326534521836e+00
1.710779699966668010e+00
8.073905672996631866e-01
2.649030607445160168e+00
6.842494416174290956e-05
-2.356784146673429050e-05
4.734509805644462519e-06
1.624301691695351256e-04
4.662611962769753994e-04
-6.280444442690875755e-06
-3.414729637279102455e-05
-8.640679024124995906e-04
3.576257252796794732e-05
8.264544180312293414e-06
3.136904305040335043e-04
-1.189350213105383649e-05
2.628615965036525326e-05
2.297509753234943861e-04
-1.265919715546420605e-05
-8.199438576748870099e-05
3.122708106192144568e-04
8.733175295054329903e-06
-6.506617410509697437e-05
-9.961231086054654041e-05
-6.907004884713377479e-02
2.604810395492929197e-05
-4.489194729406431801e-05
-1.543756503703781698e-05
-5.572445782454561898e-05
-1.879327069407500314e-02
4.465976833590295803e-06
-1.935097965979572552e-05
2.518063546397478875e-05
4.371372038720035882e-05
-5.789893015080218273e-03
-1.899041158924247156e-06
2.084459791158964337e-05
2.386043268326188855e-05
4.999512881435553597e-05
-4.734885288254915038e-03
-5.731370849534259585e-06
1.646268445755199930e-05
1.814536127643884235e-05
5.624906898239831493e-05
-1.447444735195465475e-03
-1.174803926458797822e-05
2.005116977946027446e-05
4.628875892715166073e-06
-2.145563775410910926e-05
-2.620091135402877018e-03
1.162480080607072283e-05
-3.087312407568589028e-05
-1.102357682327666580e-02
6.380084012632899777e-07
5.697375091845598150e-05
2.384586575829884814e-04
-1.677639516103217511e-05
-3.295971740523070135e-05
-6.875236828971037495e-02
5.006387182314340004e-03
-6.002999848469176881e-07
-3.107905136345915894e-05
-1.468031824858988255e-04
1.477156948375016679e-05
1.961700296547743100e-05
3.110896944607148551e-02
-3.455743302128255409e-03
6.007484557634189097e-06
1.205193755560365215e-05
9.936161973458576546e-05
-1.959397196085929785e-05
-1.630298868573702026e-05
-2.138775824284856047e-02
-3.975163692609314501e-06
-1.163099809995684578e-05
3.719140765302843989e-06
6.877175137592751015e-06
1.877454936622933047e-03
-2.287501357429584897e-06
5.784523861327524243e-08
3.406844871779085625e-05
2.558252609913691121e-06
-3.152593768492237380e+00
2.392027569270699594e+00
-5.177452181782743468e-01
2.298243462908730717e+00
2.110226306663254281e+00
1.710797508106552955e+00
8.073891647900348634e-01
2.649025262584766338e+00
1.248827726236322153e-05
7.895836057651364629e-06
-2.023089408251812588e-05
1.335450005450909325e-05
5.362631049161382078e-04
-7.485930072505245420e-06
3.927298109935163477e-05
-8.772672852511542285e-04
-6.175480475721315812e-05
-1.076641661400190273e-05
3.176645836295797771e-04
1.454427714134392312e-05
-5.182669955659265133e-06
2.374584289909827540e-04
4.247973403436700545e-06
-2.155347538536346813e-05
2.959601184187515897e-04
4.612745879834047921e-06
-9.061997883068529562e-05
-8.774573601447475729e-06
-6.901908396885564345e-02
-1.685168747913429448e-05
-5.752676725567741275e-05
-6.575314656726027364e-05
2.260513115919683674e-05
-1.876537114106872906e-02
8.413868074438776668e-06
-1.484569312723969694e-04
3.101390471143887858e-05
1.425824341925114715e-05
-5.796657058806876234e-03
2.312932932390819249e-06
5.430247072263068384e-05
1.353234553171087421e-05
1.956121629111621369e-05
-4.744873049180468004e-03
4.691781259093862695e-07
4.862936993094318960e-05
1.311679848414666920e-05
2.074230815301886157e-05
-1.465736304612922812e-03
6.641477484468735244e-06
7.287083879702409251e-05
-4.702903151504613357e-05
-7.597094778910023377e-06
-2.601885564463073033e-03
-1.484409630892081846e-05
-7.634397993662526407e-05
1.102368999542559583e-02
-9.968394867357430883e-05
9.597697223323288984e-06
2.024084404079126709e-04
6.916853768934691678e-05
4.592884901389367863e-05
6.876206086605202161e-02
-5.002289801627922070e-03
7.894215303160066061e-05
2.897031706641303034e-06
-1.207961775100390572e-04
-4.488077652637292446e-05
-2.247142721762502779e-06
-3.111368468660057410e-02
3.447463707219335614e-03
-9.188477395867745067e-05
-2.685543884736728574e-05
7.101586193097690625e-05
4.509597478356286313e-05
-6.471677204873042908e-06
2.137525030709139934e-02
-6.846771186768546569e-06
5.746685507612543328e-06
-2.131005044364689708e-06
-3.244042669234439526e-06
1.878069139105362651e-03
1.354299899623543951e-05
-1.573854630128432470e-05
-2.900901934529262000e-05
-6.238872491469314642e-06
-3.152526736108570482e+00
2.391754029175877427e+00
-5.176560343697266253e-01
2.297934389930871291e+00
2.110097040302960192e+00
1.710756844853370096e+00
8.073896956476428466e-01
2.649044607755190572e+00
-1.777394084443279204e-05
-8.620425356956854402e-05
1.781388759899466987e-05
3.870857787183001409e-05
2.926632266622300818e-04
-4.524766998837824895e-05
-1.424990075693684504e-04
-7.771148877041006301e-04
1.598721590777080952e-04
5.580384555904031440e-05
2.916029537135396378e-04
-4.794831493939638914e-05
4.819569662937848607e-05
2.252689598116483852e-04
-3.764590833595660439e-05
-7.523915041881054774e-06
2.706660310577843013e-04
1.127918294048086388e-05
-1.684869811092708919e-04
-4.246857481115566481e-05
-6.894015760869935672e-02
2.252757580863560464e-05
-1.205704885326549418e-04
-1.672584871854474646e-04
1.836322852207952847e-05
-1.873684200961830970e-02
5.668840909366052805e-06
-1.180204045139335376e-04
8.931136960563326201e-05
-9.138027268570003865e-07
-5.772529590823757308e-03
9.784146311917157977e-07
5.594271597968757326e-05
7.912780192349577789e-05
3.804930327583768530e-06
-4.717770134770108738e-03
-2.606870640683017499e-06
4.982133065783302632e-05
1.136208557202482411e-04
5.047585154753019639e-05
-1.451572844682167893e-03
-4.640720371689628925e-05
6.973196514460839896e-05
-1.271909026955212038e-04
-1.228149777156460544e-04
-2.579363935300066878e-03
1.110723792430062308e-04
-8.420978010607261459e-05
-1.085561080749531705e-02
-4.526740510839332224e-05
9.662284883810894412e-05
9.570417429793226516e-05
-7.442113663728359800e-05
-6.468891941412320545e-05
-6.812739494781512584e-02
4.923784431930950702e-03
1.027031036003611415e-05
-6.186480902281988985e-05
-1.107689782430323899e-04
5.896949909218069394e-05
3.721648598828560233e-05
3.084171293456230978e-02
-3.401448178457841445e-03
2.594356603113348245e-05
5.296905965514187020e-05
1.363474207032883828e-04
-6.977169130156557269e-05
-1.852479323772259195e-05
-2.126848072300135603e-02
-3.019010815492523584e-06
-5.220988145950434655e-06
-1.249742134044147177e-05
1.102352905755994749e-05
1.889313959855631279e-03
-6.805917173920714505e-06
-5.436377089257029985e-06
3.929654018684999465e-05
-1.892255398703808001e-06
-3.152583056618647905e+00
2.391962958876315160e+00
-5.177261286318430855e-01
2.298173227070087421e+00
2.110191739341334305e+00
1.710787844261965285e+00
8.073920202445573624e-01
2.649031858367374426e+00
-2.684444018514765265e-05
-3.590229824683324571e-05
-3.641021199595788284e-05
-2.553603403701533350e-05
4.419527905230815246e-04
-8.998137033716359584e-05
-4.163219689268840258e-05
-8.734929165673350690e-04
2.200533588654469638e-05
-4.174594341723542669e-06
3.057114987798810186e-04
-1.530452243672744781e-06
-1.040385904468122679e-05
2.264922496496158256e-04
-7.948933873047737701e-06
-8.966907151737187032e-06
2.869797553114109955e-04
3.464212488472233949e-05
-1.418323106980064056e-04
5.120666415616006517e-05
-6.915566166388453784e-02
-1.294991002367130149e-05
5.273399999081412447e-05
7.488677669785089269e-05
2.326271528850983467e-05
-1.876224782328948446e-02
7.525723856375611271e-05
-3.816492955321818068e-06
5.695989328985493622e-06
5.030799975029230881e-06
-5.800873242947412849e-03
-1.264792883867354139e-05
-1.588762171722667708e-05
-1.173380649734495201e-05
-2.642136934425298646e-06
-4.747625592643151676e-03
-1.179155374183876899e-05
-1.228235558972682803e-05
-2.842926437164893682e-05
2.042159720557511270e-05
-1.464022192624873020e-03
-1.979954358835795533e-05
-1.006204622017718735e-05
-2.005185984195574850e-05
-8.371428700672435422e-05
-2.603952740357960358e-03
2.014418140265010568e-05
6.480632458428425081e-06
1.097282314638065026e-02
-1.112418133147224149e-04
5.186167138737109682e-05
1.319953036269805313e-04
-2.793558531757358004e-05
-1.987059125810458084e-05
6.884453409507539090e-02
-4.971745775206920862e-03
9.499597677241695861e-05
-3.101788336441334715e-05
-1.103257283261004779e-04
1.941135015295897661e-05
2.214637062601336047e-05
-3.117423337368233766e-02
3.424451072602766911e-03
-1.209671019577274263e-04
8.297022935152439894e-06
9.508344601918440608e-05
-6.620357787490119988e-06
-1.831510457678625989e-05
2.145808263551365891e-02
-2.625079984889503067e-05
-4.351994679899455685e-06
3.896688626638332003e-06
1.035086462425062336e-05
1.868484367914390260e-03
-8.772188584663479784e-06
-6.057698159221569663e-06
-2.906892954139295463e-05
4.745415127153527948e-06
-3.152530808011056784e+00
2.391779428401598739e+00
-5.176642558134989525e-01
2.298011897303271045e+00
2.110226526666513447e+00
1.710816684460737314e+00
8.073847008441292772e-01
2.649031374840975062e+00
-6.958862533642506932e-05
-9.378614015734066192e-05
1.238543344055543106e-06
-8.270173894981113763e-05
2.810876571758632756e-04
-8.764456908192720143e-05
-1.190807551296381862e-04
-7.905907706576452074e-04
1.686424988763218064e-04
7.114950180942474856e-05
2.998833348541513262e-04
-5.399425887549453922e-05
4.731711811018512618e-05
2.525621322916529049e-04
-3.638099710353072424e-05
7.188570171897049467e-05
1.941337902110610073e-04
-6.326834593329240595e-06
-1.556940937556740723e-04
3.973830871978692187e-06
-6.906268584954651513e-02
-1.284918115463561583e-06
-1.078064899128525862e-04
-6.992835414241124997e-05
1.029581356321639059e-04
-1.877941857876552073e-02
-2.347415346720584800e-05
-7.850005409230773794e-05
5.612331360433667015e-05
-4.228931937018721196e-05
-5.815244381154067305e-03
8.497112454997930172e-06
3.439357333594028198e-05
4.304439159014745075e-05
-3.178026692586508896e-05
-4.771289967940652715e-03
3.594416554962659259e-06
3.018246938666385189e-05
8.092603063429999180e-05
2.190737279797492983e-05
-1.541047832155826485e-03
-5.480479520126295022e-05
4.971535882758216395e-05
-1.443222096921389561e-04
-1.247601999850061127e-04
-2.496154583275521192e-03
1.411998496940040687e-04
-6.897615750236364793e-05
-1.083721204003782954e-02
-8.464977886746792579e-05
3.302559760019527072e-05
2.955683336629266744e-06
-4.416391304207559730e-05
-6.176864649318040967e-05
-6.836210259718228377e-02
4.901249693003323880e-03
2.647391275227887163e-05
-1.880436232781495934e-05
-4.616230963677345200e-05
3.722742181256006103e-05
3.893376859154251690e-05
3.092229387243331656e-02
-3.367405868251433388e-03
1.843770665625982068e-05
2.148128646164220129e-05
6.940018831109832920e-05
-5.142488608644949508e-05
-1.623587655983819251e-05
-2.127040035391362591e-02
-1.891108129047096957e-05
2.385346001719083705e-06
-8.339000581445267860e-06
-1.114591142218592163e-05
1.919483531688193512e-03
8.011378282214704069e-06
-2.977826728750408583e-06
2.853838159918371982e-05
5.726831924179770177e-06
-3.152574192263056574e+00
2.391930879669050380e+00
-5.177109283334268008e-01
2.298104532240057285e+00
2.110123535474574208e+00
1.710766988181548376e+00
8.073948276624886011e-01
2.649039767618794006e+00
1.548806338009624045e-05
-7.541792036404825188e-05
-3.718868402238203395e-05
2.126238714669886876e-05
3.679597772750415902e-04
-5.808690730623108109e-05
3.878775115883322032e-05
-8.924108117911967123e-04
-4.642800728858828828e-05
-1.707036864467375144e-05
2.897876727732685278e-04
1.196550678896914259e-05
-2.074318475217617146e-05
2.022939454689642240e-04
9.866176349859520064e-06
1.050914415265708662e-05
3.077937493887016453e-04
-1.525305891684167902e-06
-1.566757744179759809e-04
8.445300601283818945e-05
-6.919910803784228015e-02
-5.426796056147256719e-05
1.162315806563682624e-05
-8.699737963154883353e-05
8.453685780053297571e-06
-1.873305750009256546e-02
3.597353927749184625e-05
-7.862572865097071037e-05
6.082189943405988419e-05
-7.363218267876944599e-06
-5.789946139172554365e-03
2.817241134304174856e-06
1.735071902960210919e-05
4.020004221473440860e-05
-1.412773813154996388e-05
-4.740390811754173137e-03
2.357650808102678775e-06
1.567886141752309541e-05
3.309070452111467515e-05
7.833601636022120536e-07
-1.449157863435708311e-03
8.149856375853015893e-07
1.319714314152020521e-05
-5.458448210786544762e-05
-4.714770584828461420e-05
-2.630949646829642847e-03
-6.405474102619241423e-06
3.152477070220282705e-06
1.091881181123348886e-02
-1.186466993053554055e-04
-2.328541531611521675e-05
9.024604911462424939e-05
2.811282703388371003e-05
-5.901820740050159504e-05
6.881955433600353556e-02
-4.948657826914235405e-03
9.739554497098393358e-05
2.004015393813982776e-05
-1.052369846903482287e-04
-2.160842241285421415e-05
4.989687475109757771e-05
-3.120313783467253479e-02
3.414917676169482337e-03
-1.107127570944779912e-04
-3.786472269443671296e-05
1.213253137306562895e-04
3.618887660788064451e-05
-4.500127135443013500e-05
2.152881610335479964e-02
-8.767776773148481129e-06
-5.851643692509330764e-06
-3.012321325559304437e-07
-3.369384556933661306e-06
1.867421354957552251e-03
2.234414862833484724e-06
-6.567974609280276591e-06
-3.473068095571315076e-05
-2.385793461421646211e-06
-3.152534135601183785e+00
2.391863906380857330e+00
-5.176811016024093215e-01
2.298102213728735688e+00
2.110305635873301000e+00
1.710859140058399452e+00
8.073837894752102784e-01
2.649019570186224914e+00
-1.370194891675107483e-04
-1.208765598696918530e-04
9.334979369389649812e-05
-2.153421310984823160e-04
2.638406734426237098e-04
1.485287168228417915e-04
-1.252368047181786812e-04
-8.749889056715372693e-04
8.531891409258175036e-05
6.694605356077834980e-05
3.045798102163130663e-04
-4.952506307721365661e-05
2.816848824887408580e-05
2.538974614442940153e-04
-1.997156741094328943e-05
1.259409324411755451e-04
1.739737398313649631e-04
-1.026683055380880893e-04
-1.345588009650105794e-04
8.764710497145204553e-05
-6.892379011462061722e-02
-8.230508027294884330e-05
-3.798933264477735608e-05
-1.812662801431658491e-04
1.441767283647097015e-04
-1.875379756085550353e-02
-1.311843474376384565e-04
-6.420951275942589679e-06
9.652518465087799070e-05
-6.603597693134215176e-05
-5.824870027775011679e-03
5.905941170703306065e-05
8.553007007932165480e-06
8.251641914483317456e-05
-6.506656278397917172e-05
-4.797316990414308112e-03
5.512322179643943060e-05
7.610051776031621194e-06
1.270569159470319367e-04
-1.441471682649757518e-05
-1.601208695124079189e-03
9.072016214583567028e-06
1.938924586530603347e-05
-1.544651607957911845e-04
-1.214634241462580046e-04
-2.439403090601459205e-03
1.076552724427248185e-04
-3.880183211133102152e-05
-1.084188705840604533e-02
4.842184084980546283e-05
3.552475198053089804e-05
9.446224298822331056e-06
3.188305476436591353e-05
-4.353228542122353738e-05
-6.842874101690643585e-02
4.899073692772022356e-03
-3.787424392160494355e-05
-3.322324007566962065e-05
-2.418236229491908806e-05
-9.528072518866584090e-06
1.322536783687853351e-05
3.092553389604178055e-02
-3.355281681424094123e-03
6.313524531920274799e-05
4.770743988452893082e-05
1.647039660630442159e-05
-1.725795914909448623e-05
1.448256771210292872e-05
-2.121595014656638828e-02
4.523024461949485230e-07
3.254872908760613923e-06
-2.481218113749116124e-05
-1.705146626274688055e-06
1.938678409273219150e-03
1.828370326063653121e-05
-5.641837749999792330e-06
1.529975634578540364e-05
2.589897415555203009e-06
-3.152631722836219730e+00
2.392110970113488833e+00
-5.177759539256950871e-01
2.298328577000378292e+00
2.110236758674800317e+00
1.710807047331786679e+00
8.073924737981296174e-01
2.649026399886349914e+00
3.038374233486830934e-06
3.481435524392974094e-05
-4.595913126569638342e-05
-2.471399826661080509e-05
5.889244050977264153e-04
-7.114591887752669090e-05
6.667523370673023215e-05
-8.994888500384710809e-04
-5.136269246778999147e-05
-1.282180618224512496e-05
3.069212963531160222e-04
1.254165513304092303e-05
-1.707089520267281486e-05
2.366080214264311811e-04
1.124335395060414268e-05
4.208002679506679975e-05
2.577238385272011376e-04
-1.364662220232122178e-05
-1.001700561017584501e-04
9.060431491229322494e-05
-6.923430906454640377e-02
-6.670414881197468237e-05
-1.327696042046689652e-05
-1.215260840220031696e-04
1.685507985212568525e-05
-1.870791972306048295e-02
2.041026056218477001e-05
-1.093760747734563114e-04
5.643890241660516399e-05
-2.822633365757115333e-05
-5.805861193740055083e-03
1.226991927223571282e-05
3.801887746433564179e-05
4.428283180144450281e-05
-3.244982147244427441e-05
-4.763071504630692066e-03
1.126358898981370878e-05
3.415088759568521350e-05
4.593138141232243864e-05
-2.640368371572219939e-05
-1.503878557308330720e-03
4.241007160313089064e-06
3.774624082386719649e-05
-4.978212120583167238e-05
-1.273160113973525700e-05
-2.565693284943808532e-03
4.909916432188328131e-06
-2.461392885258747239e-05
1.085439042690709149e-02
-5.460432703283200212e-05
-5.653588643014494379e-05
-2.288089441363286292e-05
6.045603698917869306e-05
-2.588687371820404433e-05
6.892057718222505125e-02
-4.903579908922792857e-03
5.832157240236559084e-05
3.945766552292030054e-05
-3.201390688730917922e-05
-4.068603005723597305e-05
2.793897301783229746e-05
-3.125397503435861646e-02
3.366767969671361545e-03
-6.708703813159213897e-05
-4.404278686226480150e-05
5.054245124156211966e-05
4.497443126839232235e-05
-2.462035587585712187e-05
2.151961958346771536e-02
6.277835184497930010e-06
-1.627009939115363769e-05
-2.307274541472783928e-06
-6.569636450171140933e-06
1.871281216354643432e-03
8.920595299640964840e-06
-7.529420954815820477e-06
-3.330593285014987596e-05
-1.124011759756935475e-05
-3.152576794096307644e+00
2.391977481302007824e+00
-5.177245488088845216e-01
2.298278087201301556e+00
2.110470972467982875e+00
1.710928326087050921e+00
8.073724525157744969e-01
2.648993284212011190e+00
3.513110669330191159e-05
-1.366796567190331144e-05
-6.156277035657329558e-05
1.111956328338725665e-04
4.834524291237986618e-04
-1.959385941784260723e-04
-7.601126886125526838e-05
-8.977691317549444956e-04
1.313771596232648684e-04
1.686197373916143284e-05
3.239879237130517675e-04
-2.995142173302779457e-05
1.289039683888140219e-05
3.022572579042624567e-04
-2.077532318897822120e-05
-4.880200480881733696e-06
7.436355424904491328e-05
7.867615159600678813e-06
-4.267280676563396755e-05
1.065890730341531936e-05
-6.862465328067153536e-02
-1.920779761266811370e-05
-5.762817905484871809e-05
-2.616862387539224905e-06
-7.333725912813450373e-06
-1.865328155488499978e-02
7.467910652114373373e-06
-2.456516230417198361e-06
-6.974164002374805873e-06
-2.015802459696317792e-07
-5.836105685388821504e-03
1.579077187964698730e-06
-1.087808855078003037e-05
-9.384076148835826650e-06
-2.371983889500254920e-06
-4.830745634015328957e-03
4.303573234121925172e-06
-1.270130422786001207e-05
-7.403434434074136875e-06
2.712546089201705815e-05
-1.710217946396307446e-03
-4.775005344712396647e-05
-1.113773355626030282e-05
-6.277829529046246436e-06
-7.573611543851505121e-05
-2.301690669586161156e-03
1.314301793377236336e-04
-3.605029872364604638e-06
-1.081746100866499104e-02
-6.209092846568463537e-05
-1.429247800956894368e-06
-8.909238592761520303e-05
3.397232144624088776e-06
-8.536476931946310577e-05
-6.829077189903398626e-02
4.884846095481558403e-03
3.934781604861142416e-05
-3.171973957922667644e-06
7.350946929694443521e-05
4.169873586166018657e-06
5.421736008126523297e-05
3.081629207861032171e-02
-3.331075866481460548e-03
-3.213734115027195958e-05
1.171343464615457255e-05
-1.187180078241357323e-04
-2.163219971105520079e-05
-3.968054609523052493e-05
-2.102112073099505346e-02
-5.071381432810215641e-06
1.438839470257270503e-06
-3.041673421349085221e-06
-6.271151460585726550e-06
1.949938344352718234e-03
1.408027789446706854e-05
-7.079850856599901132e-07
9.579550732659676191e-06
1.162187732840437224e-05
-3.152686412515658620e+00
2.392288302327705285e+00
-5.178370902433819811e-01
2.298543123683593592e+00
2.110352056627738726e+00
1.710847842832637911e+00
8.073871368892072686e-01
2.649007263303428505e+00
7.189746006533197258e-10
1.422539599220454514e-04
1.249519771120965276e-08
2.144697193709940141e-09
8.370393199844303710e-04
3.747590130330827330e-08
-2.956819578153018004e-10
-9.659249242999767837e-04
-5.800257103169832924e-09
1.728775610888430713e-11
3.219728397095476227e-04
-3.258521254990860109e-10
-1.401355800045763264e-10
2.548586993865046071e-04
-3.116014743394591964e-09
4.328091780788424679e-10
2.323922948859033413e-04
8.706775360461591602e-09
-1.200169220496102857e-09
-3.300460829778531253e-10
-6.899248720142445168e-02
-5.508740256119290081e-10
-1.878381579753938136e-08
8.285938877182335392e-11
4.599530323281661925e-11
-1.862571263226871568e-02
-5.597801920866558020e-11
-4.044348037043220519e-09
-4.509566757201549565e-11
4.827304020876133768e-11
-5.807183902076492980e-03
4.810758871119622225e-11
8.673856150490463801e-10
-5.432140153170422780e-11
6.092367296728756784e-11
-4.776533357673595076e-03
3.208653855299220579e-11
6.991395806561637274e-10
-3.274838274562059878e-10
1.827914837827442433e-11
-1.547743977712854766e-03
-4.556493397844435874e-11
-1.813808493611524797e-09
7.156897849646905656e-10
8.352677649573330390e-11
-2.514656500946510932e-03
1.629540176367219428e-10
6.103250609544417477e-09
1.087203286764815147e-02
-1.917301877868877188e-11
2.247392847546632048e-10
-5.614594206374001750e-05
-3.149449718882475384e-10
2.066570376671327470e-10
6.892017055918772672e-02
-4.903420400696632472e-03
-2.308532889325369215e-13
-1.749215386899522774e-10
1.597514375320345514e-05
-7.276157020823549071e-10
-1.936757807901364312e-10
-3.124430871438931348e-02
3.348145627198743750e-03
-4.587553196384526026e-11
1.344974556472635159e-10
-3.111744883629342928e-05
8.800145982442902923e-10
1.074384510527427519e-10
2.143587894920983422e-02
-1.055704157735399416e-09
-1.691264337422350200e-05
-5.637250152928867665e-11
4.293335159381284082e-11
1.863739432624592074e-03
3.008149562235203422e-11
-4.040982291950700855e-10
-2.828548542902541781e-05
-5.017655409757030424e-09
-3.152576794032678986e+00
2.391977481062685928e+00
-5.177245487046429062e-01
2.298278087029346661e+00
2.110470972549335134e+00
1.710928326107889141e+00
8.073724525179396538e-01
2.648993284204742338e+00
-7.087109644207418169e-05
-1.366794664440975499e-05
3.381255364567736117e-07
-2.252575409338637030e-04
4.834524752554344995e-04
1.613954028622444514e-06
1.517773312750543926e-04
-8.977691462585383510e-04
1.488109528600237653e-07
-3.436999075668307059e-05
3.239879216774178990e-04
3.731416976975918043e-07
-2.443956017879745011e-05
3.022572529628480458e-04
-7.710631016716067028e-07
9.260326970750228396e-06
7.436356886217885837e-05
2.792030598258671203e-07
7.122641893251625313e-05
-2.196359916790437128e-05
-6.862465283751767453e-02
3.735779582921543607e-07
-8.167350978747619849e-06
3.432506173749667368e-06
1.013407295497309181e-05
-1.865328139812926986e-02
2.617181082649493741e-06
-1.043984245974026058e-06
1.290851532404080693e-05
1.468278685168253417e-06
-5.836105717758153545e-03
-6.149537990178260739e-07
-5.995427857898400368e-07
1.569225614361528508e-05
4.912943396956282710e-06
-4.830745654653659411e-03
-9.758374222866149329e-08
-1.775250995948321121e-06
1.334534380383034356e-05
-5.491553185107500654e-05
-1.710217907671910927e-03
3.835504619136957055e-07
-8.451125704267388323e-07
6.267138771456834333e-06
1.516899402519920599e-04
-2.301690789097865942e-03
-1.253170635789383903e-07
-3.626234740046597746e-06
-1.081746132928546045e-02
1.049738962592137087e-04
3.656011994584897756e-06
-8.909240585558420022e-05
-4.604576896954052780e-07
-1.109035445658144037e-05
-6.829077147805875936e-02
4.884846202657058649e-03
-6.662782528463908715e-05
5.196944306435193409e-06
7.350946176135943200e-05
6.632405449558006232e-07
6.967697925228365376e-06
3.081629190540528113e-02
-3.331075912134880395e-03
5.043319029551827177e-05
-2.459036133031354977e-05
-1.187179826702168539e-04
6.705285785536343791e-07
-7.991667346605797111e-06
-2.102112062946092513e-02
1.260315139185339189e-05
1.438877348685359655e-06
2.133526793052073978e-06
1.532935948504987036e-05
1.949938307775396767e-03
-1.609178845205331804e-06
-2.280805394966216539e-06
9.579551622762605569e-06
-1.427560099851681353e-06
-3.152630068823417009e+00
2.392106432198868760e+00
-5.177741375402642454e-01
2.298322157735250393e+00
2.110230738464942135e+00
1.710804063254317553e+00
8.073930978947808645e-01
2.649028108037271956e+00
2.848623073755448144e-05
3.163100034220560266e-05
-1.446237135970351823e-05
8.793611154146664839e-05
5.772267674778797705e-04
-3.228592824300490134e-05
-6.033891839797367519e-05
-8.923156057296969482e-04
9.401152053123212286e-06
-1.104470259794726098e-05
3.068003404190521358e-04
5.640139587271822332e-06
-7.178151620074033636e-06
2.380467787417352447e-04
5.805849953826622636e-07
-4.659386271664572735e-05
2.543462409860691741e-04
2.410336306086987039e-05
-8.877126534345523715e-05
-4.034261671789508277e-05
-6.928174642499872193e-02
4.379260525561609694e-05
-4.759054571311279727e-05
-4.029744717986023642e-05
4.884426166708575364e-05
-1.871740882011278806e-02
-3.286305915448046793e-05
-4.185105649994537739e-05
5.537939801220358475e-05
3.106939184664664577e-05
-5.807680093713032954e-03
-1.486508165149757576e-05
3.149779286925172598e-05
4.562855543035248596e-05
3.710440584676073496e-05
-4.763290028141827295e-03
-1.751436708962414885e-05
2.655903380523979743e-05
6.086406042531557447e-05
5.266204232478255231e-05
-1.505681895808294330e-03
-1.885849548827144663e-05
3.983730214807582417e-05
-6.989871234566787258e-05
-4.819438808595480394e-05
-2.557885488992053639e-03
1.128967168746740547e-05
-4.773282341904339532e-05
1.083848495858995981e-02
7.780943431867854213e-05
-2.421808007834538043e-05
-3.642601604160813911e-05
2.429122248786706652e-05
6.886840042301682532e-05
6.889359182535267911e-02
-4.894268086167278403e-03
-4.859104389198586711e-05
1.162198728652738273e-05
-2.769316108039432400e-05
-1.600798130745788393e-05
-4.153436781257946507e-05
-3.124557774217769091e-02
3.359202197795313483e-03
3.426434557163456334e-05
-3.234052930122470183e-06
5.175342250418601964e-05
7.370542352514778653e-06
2.980074612747967149e-05
2.152211266944101253e-02
-1.953412253370649513e-05
-1.751612196771825986e-05
-1.378083138967876105e-05
-1.104986852227908870e-05
1.872991673792396509e-03
1.043862138794640862e-05
-4.982254204841652626e-06
-3.110577330192070195e-05
7.121444507567497568e-06
-3.152550469434818758e+00
2.391897143225997890e+00
-5.176940101693362495e-01
2.298143158013627119e+00
2.110310065314295880e+00
1.710855037165032400e+00
8.073849608011582912e-01
2.649022573484132170e+00
4.248277390836826184e-05
-7.621056392279361089e-05
5.734675876069560705e-05
4.798959091790804769e-05
3.296037385064156701e-04
1.127560052362555100e-04
8.230074691878262348e-05
-8.381088321583559557e-04
1.680654565927108493e-05
-4.670872613644304870e-05
3.093146814613882819e-04
8.067024847816406819e-08
-1.749408087955027551e-05
2.697077216425950168e-04
-4.973344567339854904e-06
-1.236041102616762045e-04
1.526760280447917221e-04
2.540004927225237254e-05
-3.830322978319675858e-06
-1.387347861491520194e-04
-6.905131630736742465e-02
5.815894997213079311e-05
-7.114044541512906921e-05
-1.700307229936023478e-04
-1.760917769429182504e-04
-1.875923013261133684e-02
5.709845899693220600e-05
-1.926501771673939760e-04
7.734826907938898420e-05
7.179652168767716291e-05
-5.829937558866383172e-03
-1.703418298447959217e-05
9.432304095577940172e-05
7.480096291548365191e-05
6.921554004069810796e-05
-4.798116840004536254e-03
-1.334759021094552569e-05
8.115429879788131032e-05
8.753748665594136065e-05
-2.424288256972764385e-06
-1.613725930418780747e-03
1.488391112594027892e-05
1.000827897665547070e-04
-5.695778183827961399e-05
1.729456765684326039e-04
-2.400500011020342481e-03
-6.193422801842145275e-05
-8.985916247702943811e-05
-1.077898821733333685e-02
1.543007228729884744e-04
1.539826466274183759e-04
-7.349153379420519938e-05
-1.317594827941764737e-04
9.007845420355448801e-05
-6.836125065442369420e-02
4.866952393796170930e-03
-6.441789849246032720e-05
-8.246632090186178455e-05
1.158926471718849105e-05
8.252432487408352477e-05
-4.265534320927009005e-05
3.091400014427002699e-02
-3.333663130711779672e-03
1.867672301332577289e-05
3.360041657581866399e-05
1.770290616098790792e-06
-5.818175881930683243e-05
2.295365808431060542e-05
-2.123291491416994664e-02
2.040246706620918037e-05
7.886131120346472046e-06
-5.778033267314722785e-06
4.633137826657622517e-05
1.941032673981682834e-03
-3.843342392890547812e-05
-1.298316666772226071e-05
2.251814528343788519e-05
-1.780453625334822590e-05
-3.152544355894747685e+00
2.391788661837049190e+00
-5.176694889798987287e-01
2.297975946661366287e+00
2.110120057368619850e+00
1.710774437708562967e+00
8.073903714033821011e-01
2.649042098401030110e+00
9.727005891366503876e-05
-9.584724040474388793e-05
-6.714080520993332768e-05
2.627329460216782080e-04
2.887059693328151815e-04
-1.432203994337865845e-04
-1.236548503760916248e-04
-8.174061391498662309e-04
6.055137049669703938e-06
1.563531431311589420e-05
2.803473860160063955e-04
3.444398210697810806e-06
1.491694956234418450e-05
2.153677946626948595e-04
1.510193196691735225e-06
-3.445812121787810280e-05
2.499954323973555860e-04
1.271606318225848709e-05
-6.259608310555883365e-05
2.400104239161740018e-05
-6.892886773193815375e-02
-1.660018397616044774e-05
-8.485448427172199125e-05
-2.172423507514812768e-04
6.075169503925916675e-05
-1.866366442283803884e-02
-5.189547209216016773e-05
-1.651228083436821607e-04
1.346856016147961774e-04
1.480219957830211154e-05
-5.774863889106891281e-03
-3.028864545950724551e-06
8.817491630486726847e-05
1.227237031904775100e-04
2.483878215484441345e-05
-4.731157567543996766e-03
-8.567196239013985699e-06
7.558746811362470621e-05
1.582915872878613199e-04
9.286206732399854172e-05
-1.474950594215020550e-03
-3.643168856700857729e-05
1.005408000400470788e-04
-1.419431953380660954e-04
-1.727736648249345323e-04
-2.573856873415009822e-03
7.032391623260409353e-05
-1.077951830481506596e-04
1.077332946459370541e-02
1.675755084227072492e-04
-1.318207831888693841e-04
-1.779000154937190881e-05
1.216136429783531395e-04
7.299630999318962310e-05
6.819332914204757901e-02
-4.874826507836034148e-03
-1.106886287728029838e-04
6.947359500322324976e-05
-6.334294085172907651e-05
-7.286682207509461925e-05
-4.996738375038730674e-05
-3.091240259947930849e-02
3.360301452238218228e-03
9.347830974396271250e-05
-2.995642357854402110e-05
1.235656461906469578e-04
4.477284504123643270e-05
3.773119765906223552e-05
2.133910426550083422e-02
9.891532216447525673e-06
-1.087516022872473644e-05
-1.935301612166959433e-05
-4.173489590200826424e-05
1.884208471533434757e-03
3.512772002341943151e-05
-8.572771352685567029e-06
-3.403690722637603850e-05
-1.145472881720274456e-05
-3.152528168265795294e+00
2.391754777577505209e+00
-5.176566363613515076e-01
2.297983484259915610e+00
2.110224298200899629e+00
1.710825255189049265e+00
8.073836930824500602e-01
2.649029775808790621e+00
-1.038707760400692080e-05
-1.227821034537871945e-04
1.644073606373495190e-05
-9.665392169198899113e-05
2.404459943188910233e-04
4.237108243091199523e-05
1.487524377800552775e-04
-8.197290629278463628e-04
-6.573454694555356322e-06
-3.307156194597259265e-05
2.892853089265977557e-04
6.780161629056453415e-06
-1.205479927491844364e-05
2.369536106586526926e-04
-4.134096978512495369e-06
-4.672252045470724898e-05
1.941252409406215283e-04
3.574711148513881723e-05
-3.549946451701798365e-05
-1.058146203677654863e-04
-6.907712203144732166e-02
6.952573186868671665e-05
-3.748325959178474762e-05
-1.298990073419380631e-04
-1.452302787873462260e-04
-1.874959807222929820e-02
8.890152682454498852e-05
-1.080595506705245908e-04
9.049869457341549279e-05
2.655591406426039097e-05
-5.816664356881148801e-03
-2.150247656092792550e-05
5.203467622698304356e-05
7.997868141792745396e-05
2.247395458480470914e-05
-4.782300058781312896e-03
-1.595872594269587448e-05
3.989698645259995573e-05
9.354842951021776290e-05
-6.270192418568985848e-05
-1.548870693142029385e-03
1.676520319567339443e-05
5.171695511395837269e-05
-8.628507522183599416e-05
2.182666673411798211e-04
-2.517795417091867310e-03
-7.508123251796840225e-05
-6.844522265784532640e-05
-1.083252939673568990e-02
1.023043623365215739e-04
1.327922086096079528e-04
-1.389198991963436214e-05
-1.128530500836409005e-04
-2.147363579604443656e-06
-6.848639049075069818e-02
4.903228806210318050e-03
-5.831507744684589264e-05
-6.367464218731878510e-05
-3.840794097269457918e-05
6.312744912391406475e-05
-6.998670833147525167e-06
3.100059021310579838e-02
-3.374439689885380071e-03
2.549090518299098251e-05
1.665692935406154636e-05
6.813635425253171396e-05
-3.280525866110149810e-05
-1.116237057679754594e-06
-2.133515102938147306e-02
-9.427725038456942030e-07
4.208995949422743429e-06
-4.088365595053978369e-06
4.543336653470921071e-05
1.914186497191658299e-03
-3.401040815091765327e-05
7.867176449564429984e-07
2.859518333560091190e-05
-4.748158402001023429e-06
-3.152528167688550820e+00
2.391754773725840444e+00
-5.176566364606853821e-01
2.297983482010206302e+00
2.110224297348531675e+00
1.710825255245961740e+00
8.073836929791582406e-01
2.649029776033678729e+00
1.041043705782478346e-05
-1.227809587587733143e-04
-1.646756083322497725e-05
9.669882500335194478e-05
2.404481008685108222e-04
-4.242635075959997107e-05
-1.487501520000152327e-04
-8.197293400102104687e-04
6.573251636270281993e-06
3.306730428069655969e-05
2.892850739042858140e-04
-6.774108018795620739e-06
1.205045705198545616e-05
2.369535367821157788e-04
4.140879863757242305e-06
4.672513253999931811e-05
1.941244639089121260e-04
-3.575010578518118061e-05
-3.549919981801655071e-05
1.058073697837438529e-04
-6.907712310289146340e-02
-6.952319136744591552e-05
-3.747815964637768362e-05
-1.299127268365779433e-04
1.452288507525515359e-04
-1.874959183346086924e-02
-8.890154617988240326e-05
-1.080636002926262205e-04
9.050518348469372191e-05
-2.655687120516820915e-05
-5.816667867321775355e-03
2.150302639017377898e-05
5.203620366072543129e-05
7.998280320788535573e-05
-2.247521760749231884e-05
-4.782301561842226476e-03
1.595933666221167272e-05
3.989708868161343175e-05
9.354357896609516768e-05
6.269980890832865675e-05
-1.548864445564376033e-03
-1.676423407096823285e-05
5.171350733626662308e-05
-8.626675989901848307e-05
-2.182651256019660954e-04
-2.517812544319053287e-03
7.508054004882336189e-05
-6.844037088107673365e-05
1.083253037277549791e-02
1.023052132196763074e-04
-1.327917128461962928e-04
-1.389175715629797914e-05
1.128587988655474939e-04
-2.147608354945282003e-06
6.848639330620251431e-02
-4.903232504575581394e-03
-5.831553726913778907e-05
6.367449746052166945e-05
-3.840784567961039175e-05
-6.313180812896716245e-05
-6.998549561511562683e-06
-3.100059164028498918e-02
3.374444104631118754e-03
2.549106335236609507e-05
-1.665600626301320421e-05
6.813612774566289720e-05
3.280897657415741893e-05
-1.116270313570363187e-06
2.133515094262652956e-02
-9.430363468508569163e-07
-4.208906446939410717e-06
-4.091571756908892995e-06
-4.543379054929257003e-05
1.914188577692699060e-03
3.401097505258476937e-05
7.851028989882397318e-07
-2.859574378874711153e-05
-4.748248661453583534e-06
-3.152544356151948612e+00
2.391788658845811710e+00
-5.176694885908724730e-01
2.297975945703668810e+00
2.110120059741116272e+00
1.710774439249782120e+00
8.073903712114101072e-01
2.649042097481277835e+00
-9.725497578074620338e-05
-9.584787870414604536e-05
6.713266045183290608e-05
-2.627078768561385246e-04
2.887055600192390929e-04
1.432092980985863061e-04
1.236544833222055328e-04
-8.174074761054335361e-04
-6.062917269617287830e-06
-1.563919584341574788e-05
2.803478017449429144e-04
-3.446463144009665581e-06
-1.491754984837901960e-05
2.153682074139745474e-04
-1.516249232928715572e-06
3.445262091274260978e-05
2.499950628394151842e-04
-1.270040520845418312e-05
-6.256243332836532514e-05
-2.400561985910882289e-05
-6.892884601325544036e-02
1.660245157682790733e-05
-8.487393393258844954e-05
-2.172271706841716701e-04
-6.075219659118554091e-05
-1.866366046411181354e-02
5.189574901345221734e-05
-1.651350109732841679e-04
1.346864049867261388e-04
-1.480269786346150181e-05
-5.774862429839625229e-03
3.029225331117657355e-06
8.817249885774793884e-05
1.227287429793269958e-04
-2.483943587835707315e-05
-4.731154799703223349e-03
8.567571466417740105e-06
7.558221045968388280e-05
1.583151380880537594e-04
-9.286323131755870347e-05
-1.474940617340414354e-03
3.643253518427084841e-05
1.005224598629003474e-04
-1.419819925491177734e-04
1.727746506321101692e-04
-2.573875774291765461e-03
-7.032506692269968347e-05
-1.077684536760712677e-04
-1.077333731506088105e-02
1.675753473837906724e-04
1.318322166778374775e-04
-1.778928451494701801e-05
-1.216232323308834382e-04
7.299595989831032111e-05
-6.819334354861525394e-02
4.874831422982390042e-03
-1.106885160619850914e-04
-6.947760372462094026e-05
-6.334302455357661288e-05
7.287723422031846068e-05
-4.996701076131365195e-05
3.091240940052808819e-02
-3.360312616208914471e-03
9.347810860563026888e-05
2.996043106423754566e-05
1.235652115038291671e-04
-4.479009619580100925e-05
3.773116369026896250e-05
-2.133911119117978816e-02
9.893923597710188199e-06
1.087487469505198078e-05
-1.934960869159375874e-05
4.173459379721856629e-05
1.884207474987594768e-03
-3.512763222633102510e-05
-8.571662135278541698e-06
3.403663599469492135e-05
-1.145424329883168609e-05
-3.152550471041758229e+00
2.391897150852554166e+00
-5.176940135869364523e-01
2.298143163357214469e+00
2.110310060458288728e+00
1.710855036042494781e+00
8.073849611034338292e-01
2.649022574132749330e+00
-4.248196097915747107e-05
-7.620893045109900735e-05
-5.736575037771222046e-05
-4.799342736802939251e-05
3.296069881179590662e-04
-1.127916711356854085e-04
-8.230005204432426209e-05
-8.381087055255291183e-04
-1.681227667545610622e-05
4.671069331452413717e-05
3.093143852221502265e-04
-7.947857446469522823e-08
1.750181698541102186e-05
2.697073791818675433e-04
4.972680115404636768e-06
1.235811151417846377e-04
1.526759625966432480e-04
-2.539660687052544652e-05
-3.828676398630456376e-06
1.387322873823565450e-04
-6.905134971816959122e-02
-5.815761770043852055e-05
-7.115788598127626916e-05
-1.700341505176749895e-04
1.760917792549936947e-04
-1.875922637573239349e-02
-5.709842361964828574e-05
-1.926618216330396038e-04
7.735267832494395837e-05
-7.179673469144283015e-05
-5.829935476591260879e-03
1.703442891711924242e-05
9.431819229707857043e-05
7.480726627611566275e-05
-6.921572941512494671e-05
-4.798115834232807332e-03
1.334779733088450968e-05
8.114415279397816120e-05
8.754913628497939366e-05
2.423631328218144975e-06
-1.613725690663644864e-03
-1.488352753529649237e-05
1.000584582379131194e-04
-5.696732660738631701e-05
-1.729444164895153641e-04
-2.400498102165072884e-03
6.193368834127164135e-05
-8.983309539894101733e-05
1.077897404899133202e-02
1.543010815224594903e-04
-1.539679912799311575e-04
-7.349247754405430211e-05
1.317533243016770625e-04
9.007772390778314917e-05
6.836124159297296554e-02
-4.866935947579754430e-03
-6.441834696805769783e-05
8.245448707319302415e-05
1.158970242641152448e-05
-8.252080900750964068e-05
-4.265473217954370792e-05
-3.091400225759731793e-02
3.333649000546010446e-03
1.867695220350730880e-05
-3.358271410005352173e-05
1.769853192522263807e-06
5.817551587986106434e-05
2.295350501016100390e-05
2.123291832838381313e-02
2.040099500274701220e-05
-7.885912879975615075e-06
-5.780918517924252004e-06
-4.633143953713954159e-05
1.941034906024746015e-03
3.843357582679858618e-05
-1.298370630903835005e-05
-2.251859228381944585e-05
-1.779878791252120557e-05
-3.152630070150514108e+00
2.392106434388296066e+00
-5.177741396902512117e-01
2.298322159831527767e+00
2.110230737364877651e+00
1.710804063266629482e+00
8.073930977648305918e-01
2.649028107971420187e+00
-2.845985226821714717e-05
3.163094807537514480e-05
1.447708380152623516e-05
-8.785031752820272703e-05
5.772264410024252439e-04
3.234319207040065253e-05
6.031019033927569615e-05
-8.923163405961413372e-04
-9.435162656805586728e-06
1.104212658753891339e-05
3.068001229554586165e-04
-5.644433845907067643e-06
7.171029671666229730e-06
2.380468540344383337e-04
-5.913026773746698079e-07
4.660264485482685690e-05
2.543456321804753997e-04
-2.407821103903299198e-05
-8.875682547352211271e-05
4.034114999024087517e-05
-6.928174529445260688e-02
-4.379391287523379836e-05
-4.775419588583869508e-05
-4.028257111501640860e-05
-4.884389006606660579e-05
-1.871741203245259194e-02
3.286246901099232711e-05
-4.191797304932121093e-05
5.538300042654037598e-05
-3.106944860283469942e-05
-5.807680734703063972e-03
1.486471711014146951e-05
3.148788011774552735e-05
4.562520734458388289e-05
-3.710441827364291043e-05
-4.763289618558456603e-03
1.751400774413840823e-05
2.655766254479160262e-05
6.084424847984931520e-05
-5.266234702141173337e-05
-1.505678949442564160e-03
1.885797116781233321e-05
3.982920632458240655e-05
-6.986834407652596772e-05
4.819521087790692174e-05
-2.557892082265094021e-03
-1.128916788313255972e-05
-4.770180574207941724e-05
-1.083827441086133818e-02
7.781099738133549597e-05
2.422489115566043173e-05
-3.642623163290295563e-05
-2.426491583131732132e-05
6.886801049562068112e-05
-6.889364800070028882e-02
4.894175418092853481e-03
-4.859192577916167420e-05
-1.162804668490595916e-05
-2.769313792648324390e-05
1.599825178176024774e-05
-4.153374415874526914e-05
3.124560214407585274e-02
-3.359141339032350754e-03
3.426473079275405226e-05
3.242676169871156177e-06
5.175344384101415729e-05
-7.364069340618085546e-06
2.980038957500113009e-05
-2.152213025099440277e-02
-1.949712719758050507e-05
1.751595805931944333e-05
-1.378270555745268397e-05
1.104990377762520975e-05
1.872993624786705759e-03
-1.043854605961011062e-05
-4.983078633459962271e-06
3.110569948245559425e-05
7.150365389034453799e-06
-3.152576794069595234e+00
2.391977491553475055e+00
-5.177245512305151953e-01
2.298278092586865107e+00
2.110470968566920735e+00
1.710928323591572431e+00
8.073724527165665465e-01
2.648993285372035267e+00
7.084977289947643375e-05
-1.366741155668302343e-05
-3.384085618537791862e-07
2.251854996650339913e-04
4.834527190353769127e-04
-1.652352486896462681e-06
-1.517545159475222388e-04
-8.977679210227209250e-04
-1.047609559476318374e-07
3.437267605385458324e-05
3.239875007502549279e-04
-3.698472774315723015e-07
2.445012208507294846e-05
3.022568461651331745e-04
7.837417168508213351e-07
-9.290165221747024140e-06
7.436386769514265801e-05
-3.055137165616655562e-07
7.129753720255916174e-05
2.196461486108296874e-05
-6.862466967407115925e-02
-3.729141762520228246e-07
-8.297193424436927352e-06
3.467916144124809016e-06
-1.013347466768342700e-05
-1.865329379674381810e-02
-2.616984063594293556e-06
-1.110461003724121576e-06
1.291783509470067820e-05
-1.468237148929381756e-06
-5.836107587023015367e-03
6.149662855785151689e-07
-6.084513485723853647e-07
1.570262974826576181e-05
-4.912875128205567689e-06
-4.830748161851390089e-03
9.756389813654130073e-08
-1.772048238932521445e-06
1.337685919836790135e-05
5.491568307510015718e-05
-1.710228810660244063e-03
-3.835829002545536589e-07
-8.381421719612903334e-07
6.216036838062507093e-06
-1.516901807946880647e-04
-2.301668828016793789e-03
1.252756571181151341e-07
-3.615330603549031594e-06
1.081724198206798077e-02
1.049742133110185085e-04
-3.667263925582076728e-06
-8.909363491663505052e-05
4.574631934602566966e-07
-1.109203305478054986e-05
6.829081139045709015e-02
-4.884741043595204439e-03
-6.662834178938997591e-05
-5.194341582929399952e-06
7.350966292387142720e-05
-6.635561605551375462e-07
6.968635356423765930e-06
-3.081630656614927494e-02
3.330992657281080325e-03
5.043347909267289228e-05
2.459216093807551316e-05
-1.187175746852620062e-04
-6.651416010614380754e-07
-7.992014920171015748e-06
2.102112738107591444e-02
1.263492128623711106e-05
-1.438960256652857359e-06
2.132992139920470830e-06
-1.532939220855544338e-05
1.949939771943471527e-03
1.609209204002487014e-06
-2.278263542551910526e-06
-9.579724307611664648e-06
-1.396433744336469327e-06
-3.152686397030645349e+00
2.392288224975363864e+00
-5.178370612958038688e-01
2.298543069347364298e+00
2.110352082433260001e+00
1.710847850131979930e+00
8.073871363979763238e-01
2.649007260848083245e+00
1.418933088188404525e-07
1.422545893181126168e-04
5.718856819866873033e-08
4.437448546914835063e-07
8.370418036103798032e-04
1.778203939134812622e-07
-8.760807773272552092e-08
-9.659270773473698250e-04
-3.271327012395440765e-08
-4.398491803266933836e-11
3.219726240807206001e-04
1.493538898378504372e-10
-3.617603555147705314e-08
2.548575847282528398e-04
-1.404003706301841801e-08
1.092840108983586416e-07
2.323947120860943793e-04
4.087508759563676309e-08
-2.309341075148329908e-07
-6.197285359562233499e-09
-6.899233681658668849e-02
-1.564524887566455274e-09
1.325065759524682503e-07
2.782871590747608916e-09
-1.563837385775392575e-09
-1.862565437519450237e-02
-2.432334981357689663e-10
7.809831061497504488e-10
-1.225226927368067060e-08
-4.541872400079985979e-10
-5.807188536253094467e-03
-5.245119423941860222e-11
7.371777417584796847e-10
-1.712786119650468712e-08
-7.072250266606576342e-10
-4.776538397206072165e-03
-1.058976798728601903e-10
1.867941236952230498e-09
-4.442652800650146075e-08
-1.595877593668601325e-09
-1.547733218504127040e-03
-3.026562283098324267e-10
1.231668181090315354e-08
5.842954955821439212e-08
2.173660336285294393e-09
-2.514694309493526337e-03
5.344116224094335027e-10
-2.407821563843531263e-08
-1.087168265099949793e-02
6.501597922927037953e-10
2.212034560517004413e-08
-5.614529451497193846e-05
-6.897213232200537131e-10
-6.466718297869198101e-10
-6.892011790078207689e-02
4.903271655817382016e-03
-5.668039222565948631e-10
-2.499376999709933052e-08
1.597378806745750057e-05
-5.566799757307734743e-09
6.393025562591433887e-10
3.124429299377437866e-02
-3.348045253196861061e-03
-5.053184010524131822e-11
2.899983617477073225e-08
-3.111522145095649283e-05
7.106990981338632489e-09
2.963247845631421180e-12
-2.143587640481392498e-02
6.936634480848870408e-08
1.691255975423369722e-05
7.244799618880746056e-09
1.363697982684255529e-10
1.863727179445310743e-03
5.988624373707419548e-11
-4.873977357415644557e-10
2.828566533631606157e-05
1.746513616692830164e-08
-3.152576794750681533e+00
2.391977486822576715e+00
-5.177245510360140024e-01
2.298278090738007595e+00
2.110470970967623039e+00
1.710928325353593182e+00
8.073724523613518000e-01
2.648993284471779397e+00
-3.531151439116026966e-05
-1.366795398924586583e-05
6.128806519199725411e-05
-1.116809337240743110e-04
4.834519904585903374e-04
1.951992837497437119e-04
7.603987415276806960e-05
-8.977688418911655742e-04
-1.313370602339261704e-04
-1.686357809076119858e-05
3.239877064415423898e-04
2.994868373071243024e-05
-1.286647842058082790e-05
3.022573320657771139e-04
2.081406498708356621e-05
4.811441581948536466e-06
7.436284745454091287e-05
-7.984671588357147875e-06
-4.300239439520249702e-05
-1.065889436768075035e-05
-6.862465802168987716e-02
1.920486369996586432e-05
-5.686900937523569569e-05
-2.680908886497837128e-06
7.333390450242236006e-06
-1.865328945588812237e-02
-7.468448089854368881e-06
-2.300348456758183677e-06
-6.982245178476540758e-06
2.021868482513528850e-07
-5.836106590524406910e-03
-1.578304734102978254e-06
-1.085806566827393621e-05
-9.387169107301987096e-06
2.372316729250656686e-06
-4.830745949675925577e-03
-4.303085450099104429e-06
-1.269813528154071280e-05
-7.439299765486433199e-06
-2.712561110184772274e-05
-1.710219275722207020e-03
4.774937021561777821e-05
-1.108309680802395080e-05
-6.186929187298982410e-06
7.573651068795372540e-05
-2.301687942094712749e-03
-1.314281876807599063e-04
-3.763365345289302631e-06
1.081724843853380108e-02
-6.209017261853597125e-05
1.439469242436788171e-06
-8.909320046961155537e-05
-3.380684640414549635e-06
-8.536203552648465422e-05
6.829082082179878388e-02
-4.884753968774933029e-03
3.934733808493255517e-05
3.189584819992142412e-06
7.350969602347955101e-05
-4.145265827541777266e-06
5.421625125574432971e-05
-3.081631059999095923e-02
3.331014518363262667e-03
-3.213754844990944411e-05
-1.175066227657964747e-05
-1.187179148489300728e-04
2.158024517210773373e-05
-3.967883549128217843e-05
2.102113268028259555e-02
-5.037714590892609088e-06
-1.439117858210675408e-06
-3.038457645273034074e-06
6.271962378547101067e-06
1.949939626414625175e-03
-1.407900555287671979e-05
-7.184461509437866503e-07
-9.579297154964945408e-06
1.164873582374960890e-05
-3.152631743255946084e+00
2.392111075445489288e+00
-5.177759921130452581e-01
2.298328649439391747e+00
2.110236723521822455e+00
1.710807036387707258e+00
8.073924745320746332e-01
2.649026403664048512e+00
-3.028001785288983580e-06
3.481366041534629096e-05
4.610892936687883731e-05
2.473326271143180041e-05
5.889207374906481329e-04
7.158794015462119115e-05
-6.665776485807114744e-05
-8.994854856881202539e-04
5.130853027876397803e-05
1.282067450469950921e-05
3.069212260658452812e-04
-1.253953911482300450e-05
1.706535055523272359e-05
2.366091030540168826e-04
-1.127339210529351130e-05
-4.206330928073574710e-05
2.577206675829016845e-04
1.374212104681620477e-05
-1.002044804599974215e-04
-9.060255768984424012e-05
-6.923450436038310063e-02
6.669976589089988799e-05
-1.287111165078461171e-05
-1.215533159224158792e-04
-1.685500803281693861e-05
-1.870799803551754029e-02
-2.041123829879862007e-05
-1.093068206902389255e-04
5.644507902983229906e-05
2.822671022308920592e-05
-5.805852569257407940e-03
-1.227012097715502717e-05
3.803090873623460430e-05
4.429678119787359872e-05
3.245009345788848489e-05
-4.763063969037474067e-03
-1.126400045793909900e-05
3.415445487287970417e-05
4.595406098088305016e-05
2.640436304810629055e-05
-1.503897594494337788e-03
-4.242116304265230862e-06
3.777056943893067321e-05
-4.978950482216451989e-05
1.273033606236089751e-05
-2.565629817434657983e-03
-4.908314695881664446e-06
-2.467976616749549415e-05
-1.085430234182460998e-02
-5.460452176878961318e-05
5.649974482683338411e-05
-2.288353517652247371e-05
-6.045470084653755739e-05
-2.588791082156491688e-05
-6.892070278705988984e-02
4.903531613711478374e-03
5.832122245752132967e-05
-3.943796612494512990e-05
-3.201191418728682736e-05
4.067029353123980984e-05
2.793977801458932212e-05
3.125402261325728459e-02
-3.366727550188230826e-03
-6.708713658763997825e-05
4.401985848839664976e-05
5.054028599069462779e-05
-4.495336446431278938e-05
-2.462046709565934291e-05
-2.151964341462672334e-02
6.267554904856317095e-06
1.627000487133668338e-05
-2.313292787530104276e-06
6.569404266873216602e-06
1.871296480249116457e-03
-8.920527669043661870e-06
-7.532772023807507802e-06
3.330610108151559013e-05
-1.120076289330423173e-05
-3.152534139836394633e+00
2.391863911289814570e+00
-5.176811059518706681e-01
2.298102219620790532e+00
2.110305634939696695e+00
1.710859141561855923e+00
8.073837891712608572e-01
2.649019569102758709e+00
1.370106476363612785e-04
-1.208768585664806187e-04
-9.334343556322106049e-05
2.152899740053623853e-04
2.638409681306858566e-04
-1.485448861435244099e-04
1.252753634989850040e-04
-8.749903494560079369e-04
-8.527644425972919829e-05
-6.694024034435042570e-05
3.045802514376871190e-04
4.953059111475216643e-05
-2.815525121491342157e-05
2.538981326999871892e-04
1.998470369397691953e-05
-1.259613958630660235e-04
1.739724240838919122e-04
1.026385594167302266e-04
-1.345451048646835804e-04
-8.764379235912247513e-05
-6.892379735267818719e-02
8.230723320780408431e-05
-3.817656931263241869e-05
-1.812491263989577327e-04
-1.441761923437866329e-04
-1.875379336164628707e-02
1.311851901708395505e-04
-6.483793061638046837e-06
9.652209778550301079e-05
6.603618718128397090e-05
-5.824864717474421798e-03
-5.905936959901848929e-05
8.545584050886206873e-06
8.250379230184776581e-05
6.506690497286895776e-05
-4.797310968017506373e-03
-5.512303571424477424e-05
7.612726492108615818e-06
1.270233517128635926e-04
1.441542623774203841e-05
-1.601193868579794347e-03
-9.071721090751727298e-06
1.938260685725854868e-05
-1.544284150933046920e-04
1.214627580539770631e-04
-2.439427833502769930e-03
-1.076552825512329110e-04
-3.876229910983097142e-05
1.084167358212142704e-02
4.842367001952089731e-05
-3.552098179523586162e-05
9.447716391296212546e-06
-3.189764815184824255e-05
-4.353327893649136830e-05
6.842878949811385947e-02
-4.898985315455335263e-03
-3.787488619013215131e-05
3.321945539654918710e-05
-2.418247806778260622e-05
9.527304927507694620e-06
1.322605193261825189e-05
-3.092555950741231532e-02
3.355223525339345002e-03
6.313532746610216531e-05
-4.769846480359786240e-05
1.646961627566924380e-05
1.726979771740572910e-05
1.448193929737178810e-05
2.121597504394469313e-02
4.827682866714915139e-07
-3.254842490258146341e-06
-2.481341596955995241e-05
1.705317780225170282e-06
1.938679128004323080e-03
-1.828385479422725015e-05
-5.638440205457693544e-06
-1.529958074411022148e-05
2.619009725887108041e-06
-3.152574190669410026e+00
2.391930873373268263e+00
-5.177109262983554672e-01
2.298104528568860605e+00
2.110123536378296638e+00
1.710766989232268331e+00
8.073948277977848198e-01
2.649039767457748606e+00
-1.549173273180485546e-05
-7.541669081574566957e-05
3.721492561669550704e-05
-2.127056727661093055e-05
3.679628828910355611e-04
5.814236109645835784e-05
-3.878059136354648816e-05
-8.924109473863179980e-04
4.643744118577647942e-05
1.707103680261192201e-05
2.897878648598106212e-04
-1.196796955015499040e-05
2.074349349043008733e-05
2.022939082720980313e-04
-9.868018431620573450e-06
-1.050470703215091806e-05
3.077938530423682956e-04
1.521524123908920677e-06
-1.566630213376010391e-04
-8.444915672412830815e-05
-6.919911221002893187e-02
5.426912555415846497e-05
1.164573900149214951e-05
-8.700824587346554003e-05
-8.453151923744691039e-06
-1.873304667449068525e-02
-3.597265292912548047e-05
-7.860486846147703036e-05
6.082969636373729999e-05
7.363645163351660691e-06
-5.789947869674834900e-03
-2.817227525698175910e-06
1.734258081375982365e-05
4.020834283277004487e-05
1.412829212035750985e-05
-4.740391420603922400e-03
-2.357553581425936610e-06
1.567147079921368043e-05
3.310175354800676956e-05
-7.823156742980014481e-07
-1.449151321012624337e-03
-8.148434813649296240e-07
1.320206099807394212e-05
-5.459052171796462409e-05
4.714665197598281695e-05
-2.630965406151897137e-03
6.405525602972898900e-06
3.120800287269650955e-06
-1.091879463478656262e-02
-1.186464152741224104e-04
2.328278958248003114e-05
9.024643259132256179e-05
-2.812126012249351568e-05
-5.901965452139443843e-05
-6.881955400145071955e-02
4.948639728501576240e-03
9.739523238253304169e-05
-2.003756924675529488e-05
-1.052367333787152665e-04
2.161076294581301398e-05
4.989787812725052056e-05
3.120314142961446574e-02
-3.414896163370635326e-03
-1.107125143970029185e-04
3.786095993410899476e-05
1.213244925089562720e-04
-3.618651396282728981e-05
-4.500182985431303213e-05
-2.152881929358952534e-02
-8.766999241067389287e-06
5.851729081472158351e-06
-3.032427788073933667e-07
3.369655806397808275e-06
1.867421382995959568e-03
-2.234633251314984640e-06
-6.565400138152974294e-06
3.473106790321797753e-05
-2.379832778727418940e-06
-3.152530806138369890e+00
2.391779420148026247e+00
-5.176642518697677220e-01
2.298011892206676343e+00
2.110226531314397747e+00
1.710816686373152207e+00
8.073847008286781923e-01
2.649031373982101201e+00
6.959410091151309828e-05
-9.378716057116003491e-05
-1.223420667383182158e-06
8.271961048826549558e-05
2.810867072647672588e-04
8.767130192014317789e-05
1.190809163043093704e-04
-7.905911629128204885e-04
-1.686368381637982439e-04
-7.114985585940279092e-05
2.998840886594697302e-04
5.399434987780807988e-05
-4.732138202148205799e-05
2.525625979492302896e-04
3.638444139024829473e-05
-7.187688809833292568e-05
1.941340615320999669e-04
6.312697497759788825e-06
-1.556531227203145507e-04
-3.971015552787593526e-06
-6.906265961201581149e-02
1.286206118195185218e-06
-1.078333971243149820e-04
-6.990917951125248577e-05
-1.029573847955672736e-04
-1.877941450006233998e-02
2.347505384265733059e-05
-7.849595996672975118e-05
5.612363198438136976e-05
4.228943303400019282e-05
-5.815245284239711765e-03
-8.497348434253302750e-06
3.439023268625772758e-05
4.304871421482689994e-05
3.178051442525575416e-05
-4.771289416128636496e-03
-3.594434214048759948e-06
3.017781690421167401e-05
8.094973114686513857e-05
-2.190677447170115639e-05
-1.541041882190990336e-03
5.480469034087661207e-05
4.970459794330083387e-05
-1.443648695213909944e-04
1.247595471005821257e-04
-2.496167091561321549e-03
-1.411992767068869241e-04
-6.896259732962107690e-05
1.083721227349484367e-02
-8.465022870169508495e-05
-3.304262498309381473e-05
2.957065972822303657e-06
4.417280620796755573e-05
-6.176857437675755021e-05
6.836210902460261585e-02
-4.901248544001137949e-03
2.647410483700113164e-05
1.881120237009676114e-05
-4.616253562447075742e-05
-3.723631981155116387e-05
3.893406720252405324e-05
-3.092229532672798736e-02
3.367411702074885049e-03
1.843763056989084458e-05
-2.148703894741822696e-05
6.939980219280300622e-05
5.144103613200843423e-05
-1.623630703277641240e-05
2.127040007986424897e-02
-1.890862371361278307e-05
-2.385083382894468810e-06
-8.335726795486824965e-06
1.114575422455478884e-05
1.919480801970647110e-03
-8.011697021773756108e-06
-2.973300119742399057e-06
-2.853818810663629585e-05
5.724426192978389889e-06
-3.152583054344662905e+00
2.391962952903567974e+00
-5.177261252911049549e-01
2.298173222685447659e+00
2.110191741578211655e+00
1.710787844660331958e+00
8.073920203546790519e-01
2.649031858418726681e+00
2.683589488884573454e-05
-3.590225895364346361e-05
3.642364185385660422e-05
2.551997971989749181e-05
4.419530127627935095e-04
9.001053126337803028e-05
4.163110346812559604e-05
-8.734922884368587258e-04
-2.200539835692135989e-05
4.176090619381971715e-06
3.057116825643860485e-04
1.527216458008238827e-06
1.040516071508935841e-05
2.264921856363030545e-04
7.945330733940991316e-06
8.965766966596128672e-06
2.869804343089472519e-04
-3.464104841280953723e-05
-1.418307250648520059e-04
-5.120334312673637889e-05
-6.915565961815668683e-02
1.294963358305551457e-05
5.273592047504101253e-05
7.487766996835601560e-05
-2.326198730524258623e-05
-1.876224526921903973e-02
-7.525701207112457810e-05
-3.799884834375300469e-06
5.698200699204473778e-06
-5.030387325041639100e-06
-5.800875715324688847e-03
1.264772117150667381e-05
-1.589034942661896220e-05
-1.173245262771218202e-05
2.642673133035144213e-06
-4.747627867907937282e-03
1.179137271514796957e-05
-1.228428615399557915e-05
-2.843247594221203465e-05
-2.042071768174124962e-05
-1.464025067477432804e-03
1.979929067523300654e-05
-1.005726304294176661e-05
-2.004183229955636901e-05
8.371365619699137352e-05
-2.603949395308578340e-03
-2.014404676118474664e-05
6.464336178974745015e-06
-1.097282163075819807e-02
-1.112415803478598441e-04
-5.186359416486647882e-05
1.319955243848126847e-04
2.792749398068661553e-05
-1.987110846025534399e-05
-6.884452553569324340e-02
4.971748842505438470e-03
9.499577641431280041e-05
3.101896382047970553e-05
-1.103257349736579823e-04
-1.940708767835056794e-05
2.214678802792501944e-05
3.117422717336946342e-02
-3.424455217186049821e-03
-1.209668997207610493e-04
-8.298329998988619163e-06
9.508335487017766097e-05
6.616817337307432734e-06
-1.831549470592295841e-05
-2.145807530833865676e-02
-2.625200326264752254e-05
4.351909419984535373e-06
3.895193461435872450e-06
-1.035069880849618573e-05
1.868482938355693363e-03
8.771947951549533603e-06
-6.055462191571070085e-06
2.906917332484003103e-05
4.743530635048954103e-06
-3.152526735105529720e+00
2.391754026250822562e+00
-5.176560317089985430e-01
2.297934387601478168e+00
2.110097043119625315e+00
1.710756845279163940e+00
8.073896957253808848e-01
2.649044607573668220e+00
1.777012028881887781e-05
-8.620548880164597468e-05
-1.779708287766414230e-05
-3.871544105498911890e-05
2.926608312449796752e-04
4.528261094842445100e-05
1.424977196996506253e-04
-7.771141083323517430e-04
-1.598725699612054600e-04
-5.580311261465214893e-05
2.916032594745140115e-04
4.794565585391671723e-05
-4.819517495436744225e-05
2.252690794574139566e-04
3.764198261297048355e-05
7.523649120223178510e-06
2.706668705001312610e-04
-1.127652813753087901e-05
-1.684881833182488766e-04
4.247049858948753190e-05
-6.894015350087298599e-02
-2.252841185541664499e-05
-1.205746694273948389e-04
-1.672624797878570393e-04
-1.836282477422137720e-05
-1.873684497400869217e-02
-5.668523266112650652e-06
-1.180071821734915124e-04
8.931091623388010426e-05
9.140041212731453337e-07
-5.772529251362300967e-03
-9.787952218830701543e-07
5.593678867443972839e-05
7.912708414562397066e-05
-3.804646731397594902e-06
-4.717771173061886814e-03
2.606492425237855637e-06
4.981771530925703159e-05
1.136191982624106098e-04
-5.047541564885782119e-05
-1.451580144744452593e-03
4.640663357000579466e-05
6.973653647760369879e-05
-1.271884166101498910e-04
1.228147465380444430e-04
-2.579348904130795810e-03
-1.110719522529631084e-04
-8.422628985096063245e-05
1.085560710321919163e-02
-4.526743242579470139e-05
-9.662220694389895854e-05
9.570462461723494574e-05
7.442047324102303834e-05
-6.468936934003288557e-05
6.812738631412272594e-02
-4.923781903792568901e-03
1.027032618762285972e-05
6.186430093913118850e-05
-1.107691989901109925e-04
-5.896902402353519299e-05
3.721685192534913110e-05
-3.084170747879848989e-02
3.401446295891751882e-03
2.594367689315367573e-05
-5.296849902504513464e-05
1.363477036336827736e-04
6.977228539523146352e-05
-1.852504338261583500e-05
2.126847495671242705e-02
-3.016901177281045747e-06
5.220958501209183034e-06
-1.249754563942110947e-05
-1.102346985769157850e-05
1.889311664486188801e-03
6.805440895115474204e-06
-5.433629349777885842e-06
-3.929627400846858869e-05
-1.888266069399327583e-06
-3.152593768554125209e+00
2.392027566103097858e+00
-5.177452172338963265e-01
2.298243460857942289e+00
2.110226308055131561e+00
1.710797508422652324e+00
8.073891646538382538e-01
2.649025262436130124e+00
-1.248864859674539646e-05
7.895238063407100052e-06
2.023485827215278044e-05
-1.335453317373450012e-05
5.362616478748831982e-04
7.492852897987887324e-06
-3.927192880454316148e-05
-8.772669195008779173e-04
6.175593082703958645e-05
1.076686824812668670e-05
3.176646162421472089e-04
-1.454477380595100350e-05
5.182880272054366360e-06
2.374585369707724958e-04
-4.248188868852050031e-06
2.155314914807379979e-05
2.959601395249632574e-04
-4.613011733837139416e-06
-9.062072492123249496e-05
8.775847044090057266e-06
-6.901908271200857259e-02
1.685016846448260126e-05
-5.753016347149542738e-05
-6.576069583686701544e-05
-2.260480628738043089e-05
-1.876537112675004046e-02
-8.414230541825827884e-06
-1.484526163979603777e-04
3.101466703735843161e-05
-1.425810725690920345e-05
-5.796657238885050828e-03
-2.313103890767045359e-06
5.430275872250452454e-05
1.353230146277641880e-05
-1.956103194033929750e-05
-4.744873829605559742e-03
-4.694486104751550417e-07
4.862980045088848545e-05
1.311358605899435161e-05
-2.074200831928127084e-05
-1.465739112133079705e-03
-6.641989592341959525e-06
7.287286079937388167e-05
-4.702237038567412834e-05
7.596867855845997899e-06
-2.601881226397402460e-03
1.484450331259755472e-05
-7.634701518017039993e-05
-1.102368525620005257e-02
-9.968413427579648524e-05
-9.599788353007549999e-06
2.024088580490288058e-04
-6.917096779013557782e-05
4.592900612238309116e-05
-6.876205479020652822e-02
5.002287393417306771e-03
7.894220643505565861e-05
-2.896181354255832139e-06
-1.207963694363854007e-04
4.488062893672948949e-05
-2.247160206911790435e-06
3.111368184340043697e-02
-3.447462339088553339e-03
-9.188467546241048129e-05
2.685482255515162029e-05
7.101616694995052659e-05
-4.509457762066486656e-05
-6.471761867626033872e-06
-2.137524766326318049e-02
-6.848881691551690718e-06
-5.746782538609143481e-06
-2.132377286147025533e-06
3.244055390426652354e-06
1.878068665144003993e-03
-1.354304757603525645e-05
-1.573798522076737044e-05
2.900900799242230244e-05
-6.239483069462197537e-06
-3.152575619272253160e+00
2.391976643367832001e+00
-5.177263622497522144e-01
2.298170347974800798e+00
2.110177327326488328e+00
1.710779700059005703e+00
8.073905673307235631e-01
2.649030607379456281e+00
-6.842528878393615939e-05
-2.356846900482858749e-05
-4.727256878508899192e-06
-1.624307928838183632e-04
4.662598546416308037e-04
6.294577241323348659e-06
3.414768198503111428e-05
-8.640675089937252529e-04
-3.576191927138214557e-05
-8.264842410243532504e-06
3.136905739022960611e-04
1.189254001290157334e-05
-2.628635187487440411e-05
2.297511380245789519e-04
1.265805892532158703e-05
8.199380780992668359e-05
3.122709315030228455e-04
-8.732172766066606973e-06
-6.506550728158083793e-05
9.961373655808521783e-05
-6.907004520382192814e-02
-2.604915102710018949e-05
-4.489280396242545834e-05
-1.544606607955750999e-05
5.572472047233825330e-05
-1.879327313595858390e-02
-4.466115265194911706e-06
-1.934238453167115205e-05
2.518086657781018104e-05
-4.371360707897199894e-05
-5.789892982817199628e-03
1.898821035662944419e-06
2.084254285401931632e-05
2.385985795889041818e-05
-4.999493929918041044e-05
-4.734885646607598503e-03
5.731110165351242105e-06
1.646135112441539491e-05
1.814144863374754065e-05
-5.624874012961995955e-05
-1.447447363190785966e-03
1.174760980582917566e-05
2.005396873490200121e-05
4.635845183056346160e-06
2.145540404866163849e-05
-2.620085890310843140e-03
-1.162447118268830417e-05
-3.088218715082587649e-05
1.102357900024747081e-02
6.378559767934071159e-07
-5.697290536930466921e-05
2.384590064724405323e-04
1.677563448261562131e-05
-3.295983258499410621e-05
6.875236626714814614e-02
-5.006389483912422264e-03
-6.002596967410313387e-07
3.107942334937177208e-05
-1.468033313820980151e-04
-1.477208835782577284e-05
1.961715718007243665e-05
-3.110896759450833618e-02
3.455745042024493778e-03
6.007617784562244390e-06
-1.205266181849469351e-05
9.936181706993174600e-05
1.959569509455863056e-05
-1.630317319125809759e-05
2.138775556288877167e-02
-3.977032650345249632e-06
1.163090958861481838e-05
3.717969671397928889e-06
-6.877166860233809519e-06
1.877454357282506286e-03
2.287343613907117041e-06
5.956073241502972664e-08
-3.406833403610346487e-05
2.558696798971954412e-06
-3.152626176219006204e+00
2.392150971077118271e+00
-5.177865362570035490e-01
2.298389661059373257e+00
2.110307035239001650e+00
1.710827970959757360e+00
8.073851668522890046e-01
2.649010819009444795e+00
-3.888737844496108751e-05
8.162090541669086204e-05
1.972974611002780549e-05
-9.185910401266861140e-05
7.102615800724920020e-04
3.305001761003546323e-05
1.891005931634547575e-05
-9.131402735381066640e-04
1.230619426529762860e-05
1.253105646939167537e-06
3.333450018887704723e-04
-1.339344171616122561e-05
-1.062940811090336426e-05
2.500629124030788225e-04
-8.787085347374733735e-06
6.027377768123956580e-05
2.959769644533988579e-04
-1.157253368711699777e-05
-7.891539888769889865e-06
6.738629376055413909e-05
-6.888681138085396560e-02
1.984399043995869203e-05
-7.657098379523883010e-05
-3.842370660625071908e-06
3.490003377285112805e-05
-1.873990247732875564e-02
-3.737085622760998873e-06
-8.795558767988391718e-05
2.350041424462082594e-06
-3.220461683868318484e-05
-5.795296692685406557e-03
4.374855586311667324e-06
4.799222173911184432e-05
-2.028847596527867783e-06
-3.695840371906479178e-05
-4.752862684175153223e-03
1.935029623164013205e-06
4.085204768271389833e-05
2.035756974315339402e-06
-3.810476787395861815e-05
-1.486584123401618130e-03
4.661391159726862446e-06
5.510230166705460601e-05
-1.902935436759144714e-05
7.972300926936046862e-06
-2.588721245831566899e-03
-1.402187637749406640e-05
-6.194532469591344369e-05
-1.109600997648175526e-02
-4.644389067721824745e-06
-4.106970328986072477e-05
2.714762363780071075e-04
-4.922990029049010619e-05
4.239408892421528234e-05
-6.888936000178284835e-02
5.040642962229432977e-03
5.009780215730583490e-06
2.190741350552869240e-05
-1.206331739979204370e-04
2.781243634828974628e-05
-1.204805775708792104e-05
3.114883716338121347e-02
-3.469017637396515363e-03
-1.037536601726785350e-05
-7.359847704497595930e-06
1.690880450280415892e-05
-2.177370724760626736e-05
3.937209188925702881e-06
-2.133246791923685062e-02
-2.692334288068303372e-06
-1.364859484958647409e-05
-4.618900585033646530e-06
-4.283166614246961923e-06
1.869681138192212655e-03
-9.748817280948160794e-06
-1.102712194581573777e-05
2.515886401275346557e-05
3.257411759648370182e-06
-3.152626176104733613e+00
2.392150970740367644e+00
-5.177865361499733865e-01
2.298389660635298259e+00
2.110307034981017793e+00
1.710827970872727644e+00
8.073851668612535004e-01
2.649010819047556975e+00
-3.653825832705031099e-05
8.162060798230417157e-05
-2.379473929650783822e-05
-7.457659606995947592e-05
7.102609703166858253e-04
-6.297338303688819949e-05
-1.199242934275533451e-06
-9.131402312629889042e-04
2.252179112860899391e-05
1.222594262052066960e-05
3.333449517150175161e-04
-5.612097059290511594e-06
2.297687258054934516e-06
2.500628390431468696e-04
-1.360379356743173624e-05
4.015155175035460181e-05
2.959770395810241701e-04
4.642604111958573561e-05
7.024089006931198741e-05
1.650735616375459966e-05
-6.888681130955962018e-02
6.828097580609043468e-05
3.142704716248344125e-05
7.808916219870974890e-05
2.068539009230463904e-05
-1.873990247288272182e-02
2.835622504845050791e-05
4.064514112015493751e-05
-4.273637144439303750e-05
-1.989059297065231055e-05
-5.795296692212027409e-03
-2.570298745724143821e-05
-2.196009478695158939e-05
-3.436346008542820701e-05
-2.015465648126989892e-05
-4.752862666689187422e-03
-3.103985445265904357e-05
-2.218240345030223832e-05
-4.873920051654941836e-05
-2.308865367897189620e-05
-1.486584033150080333e-03
-3.066954363137419756e-05
-2.579095269338969813e-05
6.316672723004492602e-05
1.612854555680719054e-05
-2.588721388552039492e-03
-1.064613728380770717e-07
1.450149633750233685e-05
1.109600952568811846e-02
-3.439023196357879862e-05
2.210011027687492063e-05
2.714762136427038841e-04
-6.018365644811741132e-05
-2.521872832763054784e-05
6.888936012970307832e-02
-5.040642786045577278e-03
7.927786847983925300e-06
-1.313229192438609494e-05
-1.206332133012553293e-04
3.287805108678202757e-05
1.036205340169469419e-05
-3.114883723897284018e-02
3.469017546143563120e-03
1.779037683606382245e-06
1.517631018275420550e-05
1.690892651425891791e-05
-1.725987872598474306e-05
-1.095330791008562732e-05
2.133246813212869714e-02
4.169867912141969656e-06
1.364859863537689439e-05
1.185868173616465250e-05
6.301174651810029009e-06
1.869681176378019168e-03
-8.583855179713362074e-06
1.512866040241041862e-06
-2.515887228013593104e-05
6.946580096242699841e-07
-3.152626176374872191e+00
2.392150971340776699e+00
-5.177865364111360336e-01
2.298389661553545960e+00
2.110307035675293985e+00
1.710827971143721760e+00
8.073851668116110991e-01
2.649010818948115187e+00
2.346195140791018901e-06
8.162133993126253779e-05
-4.355929197938924178e-05
1.727431046893177034e-05
7.102624134217067238e-04
-9.612862048417316826e-05
-2.010777834270582789e-05
-9.131400890768153703e-04
1.023141812759933446e-05
1.097289094192174937e-05
3.333450443800055037e-04
7.782467504869780325e-06
1.292746973736659514e-05
2.500630579524789373e-04
-4.807254272464874388e-06
-2.012283423610135337e-05
2.959766464041678632e-04
5.797217352828251604e-05
-6.235520306835531197e-05
-5.087881998971769716e-05
-6.888681022110887398e-02
4.843610068937259259e-05
4.509295652098350765e-05
-7.424840931897838127e-05
-1.421362639018217643e-05
-1.873990216549801038e-02
3.209255499334879430e-05
4.729998254134488425e-05
4.038701749043782061e-05
1.231368015250014960e-05
-5.795296680369820506e-03
-3.007719729148015017e-05
-2.603018976267482538e-05
3.639298638053548458e-05
1.680356534055253779e-05
-4.752862734986611562e-03
-3.297421499449748546e-05
-1.866811256467391581e-05
4.670349480586738445e-05
1.501575621277898175e-05
-1.486584399516323665e-03
-3.533013706431815628e-05
-2.931712872183023667e-05
-4.413589075960206213e-05
8.156860697179241316e-06
-2.588720815842063261e-03
1.391497686943246328e-05
4.746204240142663582e-05
-1.109601041317260714e-02
3.903626552409305249e-05
6.316989321265557736e-05
2.714757859905089776e-04
-1.095173120636242382e-05
-1.717409000259262700e-05
-6.888935861701331320e-02
5.040643406287833271e-03
-1.293845564046957209e-05
-3.503964484087275727e-05
-1.206328513837194583e-04
5.066931171068036468e-06
1.684796730023921212e-06
3.114883634548509111e-02
-3.469018137786498718e-03
8.597013028878295509e-06
2.253607949819551136e-05
1.690844902579174969e-05
4.512105959048444019e-06
7.017263075850875640e-06
-2.133246701434083833e-02
-1.480597793354893038e-06
-1.364869941015558010e-05
-7.240044851951666391e-06
1.058439288192175115e-05
1.869681144964611269e-03
1.165165825004484503e-06
9.512964453921253288e-06
2.515886823939832433e-05
-3.966854205839751729e-06
-3.152575619404050400e+00
2.391976644071360791e+00
-5.177263630064730116e-01
2.298170348721944922e+00
2.110177326557540312e+00
1.710779699957948763e+00
8.073905673015800977e-01
2.649030607445370666e+00
3.832363100318407641e-05
-2.356787720660783489e-05
-5.687378417165250789e-05
7.580903438406154859e-05
4.662610652001213845e-04
-1.437591220876657458e-04
1.389265543881025003e-05
-8.640679093813780813e-04
4.744702298641878671e-05
-6.168138654958202742e-06
3.136904459128642911e-04
-1.310480765128607711e-05
2.177011427437759040e-06
2.297510060181195317e-04
-2.909867496351561912e-05
-3.342597954927021458e-05
3.122708136033344067e-04
7.538821551001936643e-05
-6.332015308814389724e-06
-2.724737455901594956e-05
-6.907004768428073871e-02
9.929123045263113501e-05
7.876918525354906393e-05
-9.036728839461988206e-06
-2.399450848956483393e-05
-1.879327037354900157e-02
5.049221881513201956e-05
2.304098065123165624e-05
5.461088949788717845e-06
2.021206622401984119e-05
-5.789892887938544348e-03
-3.880698176424296204e-05
-3.222904280781101969e-05
2.326485834006459207e-06
2.003378540213448568e-05
-4.734885170688079431e-03
-4.616300926399926111e-05
-2.889483763206509027e-05
8.293540458646792978e-06
1.795014592439053092e-05
-1.447444676604767427e-03
-5.458761724026911386e-05
-2.574371383026417950e-05
-2.905576984991798797e-05
-6.604421300615274151e-07
-2.620091093726544494e-03
2.439406157253394065e-05
1.143822498875137882e-05
1.102357642124557856e-02
-2.886284675898914773e-05
1.395739131648254263e-05
2.384587090365833384e-04
-5.773056363724346366e-05
1.592795560134003375e-05
6.875236858452946076e-02
-5.006386704784297585e-03
1.728894707350446037e-05
-2.747384220482557301e-06
-1.468032097372302253e-04
3.430091944668411984e-05
-9.289206953551299925e-06
-3.110896963735344106e-02
3.455742698738905640e-03
-1.712246266640042027e-05
-1.094223966686854137e-05
9.936166459977024967e-05
-2.023391973002893352e-05
2.949301137646653825e-06
2.138775844865113684e-02
-2.336572578104557799e-07
1.163081147531993187e-05
-1.809154204340786634e-06
1.457509375456222787e-06
1.877454975980787479e-03
-7.099836619806114630e-06
-3.250327511205717608e-06
-3.406845082457942255e-05
-4.728027885051133391e-06
-3.152544624041782040e+00
2.391827796836310416e+00
-5.176798018095374321e-01
2.298003198487168941e+00
2.110098913526922360e+00
1.710752830647728207e+00
8.073909011306300565e-01
2.649042515494691052e+00
8.145724136067092726e-05
-5.599849122859624009e-05
2.385378500508336067e-05
2.796701856980414545e-04
3.663710932382468685e-04
1.840148081063764426e-06
-2.069645304894106384e-04
-8.004402767538088079e-04
8.128053197167121652e-05
5.082462080778515651e-05
2.966071358918230235e-04
-3.144471857564885939e-05
5.825140151655426634e-05
2.207273288025077794e-04
-3.190837583313691021e-05
-1.069290394832728987e-04
3.009334728092762415e-04
3.851529100898537538e-05
-2.080232904254355423e-04
-9.932886877790224767e-05
-6.875458151096888737e-02
6.230371729351244503e-05
-8.842275064951715582e-05
-2.287678913066835159e-04
-9.996224245246526597e-05
-1.868749407681136177e-02
3.582090824395888862e-05
-1.466252100103689309e-04
9.900578386360463202e-05
5.111731737228364429e-05
-5.752131038820560219e-03
-1.699035760987052695e-05
8.285747824335633056e-05
8.699001837387757973e-05
5.370151614859945330e-05
-4.697931987611940821e-03
-2.318002392227815138e-05
8.055874590754332908e-05
1.174264814108428678e-04
1.057421260617494232e-04
-1.427884911545300537e-03
-3.275441158690825104e-05
1.027668104919660336e-04
-1.182729925715361881e-04
-1.421060139759695493e-04
-2.600110810185726762e-03
2.493716941572532658e-05
-8.634645356041489622e-05
-1.089225667797640365e-02
-4.825149257097014616e-05
1.444748540873469749e-04
1.643609221380626373e-04
-1.183369979767911584e-04
4.779979846743762951e-05
-6.812373494976464716e-02
4.935970693377709009e-03
4.507732246399531392e-05
-9.681486651674472196e-05
-1.355049555647469539e-04
7.696214193043718322e-05
-3.510646323546325227e-05
3.084236753932390745e-02
-3.402269733473300192e-03
-3.147786087063586882e-05
8.800445759126634439e-05
1.365183228569204210e-04
-6.304591151912103733e-05
4.338263118762052031e-05
-2.126164851492034005e-02
-4.073304103576006743e-07
3.404638339889610576e-06
-1.511371797096493696e-05
2.299626085892247018e-05
1.875908751158581649e-03
-2.330120425369667852e-05
-9.841092163069157855e-06
3.764531188101655993e-05
-7.585892444372392728e-06
-3.152545943039384735e+00
2.391853522701900658e+00
-5.176859030021223607e-01
2.298015284264084190e+00
2.110079940791388609e+00
1.710743030241187235e+00
8.073942564120432097e-01
2.649045583244983515e+00
-7.942489543530725912e-05
-8.165704177799345317e-05
-3.219752314309400651e-05
-2.268250448118735562e-04
3.225284016975396920e-04
-1.308222969434885176e-04
1.225122379980159301e-04
-8.272851829043302227e-04
1.191750468575319028e-04
-1.444233316349942492e-05
2.954640045907389241e-04
-3.244249380282263247e-05
-1.837279041665476880e-05
2.149098884292131439e-04
-3.836618907217244037e-05
6.890349136751152651e-05
3.104341009318294120e-04
5.826000598601223780e-05
-1.084771104545378213e-04
5.523350417323464635e-05
-6.901919519280513837e-02
5.587278047058847643e-05
1.446499757768498953e-04
-4.571661922727490528e-05
8.900055570560464196e-05
-1.875475912395255240e-02
4.818788832716686251e-05
1.095397311202107963e-04
1.213037865728265396e-05
-3.482715133908888830e-05
-5.772369957274790103e-03
-2.652440034141385095e-05
-6.066095993893101635e-05
2.923622237157462087e-06
-3.344038534634836182e-05
-4.712895727306065999e-03
-3.125341275411981699e-05
-5.488900831684236840e-05
2.628753190230158289e-06
-5.473330455256574889e-05
-1.427903189463839480e-03
-6.293713340646435309e-05
-6.413700084007163682e-05
-2.914521243249418894e-05
5.229292636337344114e-05
-2.615290962766086188e-03
8.591118733614069793e-05
5.259659078545944892e-05
1.091704309254541011e-02
-1.149270797284310166e-04
-2.951837609879584892e-05
1.434622321169545800e-04
-8.086061784710234582e-05
3.060747104820032375e-05
6.843670169181730045e-02
-4.953763321177742304e-03
9.776888072463333582e-05
3.276771837859630788e-05
-1.356582354732609880e-04
5.661526202016911070e-05
-1.564250234480134630e-05
-3.098860138866569441e-02
3.424010482124812196e-03
-1.062487581978604557e-04
-5.341228455889711238e-05
1.487237340577832190e-04
-4.785849502306378789e-05
3.564538947257978561e-06
2.137131678273126306e-02
-4.031320099024153156e-07
6.579112668197761903e-06
1.622792899206584264e-06
-2.939289815916769138e-06
1.879761761363217239e-03
-1.202309797493331827e-05
1.957355413218842856e-06
-3.895814688815096372e-05
6.122071733811931121e-07
-3.152544404083834628e+00
2.391807065751096584e+00
-5.176778054586927968e-01
2.298034097005336118e+00
2.110202472672377816e+00
1.710801459349144071e+00
8.073855904115383453e-01
2.649033458060148227e+00
6.454035553098825097e-05
-5.848256532361647848e-05
4.397788284803597178e-05
2.470524228526159785e-04
3.489023616872455845e-04
6.215074752561097055e-05
-2.174643245450317219e-04
-7.755595605837603936e-04
4.565059426891217444e-05
7.645734111697782105e-05
3.015242598211523403e-04
-3.538491031498971454e-05
6.731695554049598894e-05
2.497455520461654556e-04
-2.401993218761905928e-05
-2.817449508321352540e-05
2.175110452823734845e-04
-1.888091791662507656e-05
-2.114937818013876147e-04
-4.480373104435270929e-05
-6.902359116385332893e-02
1.900904852247787234e-05
-3.237760586334017480e-05
-7.938679176959116332e-05
-1.213908706919090085e-05
-1.875246644900751408e-02
-2.555010708579027215e-05
-4.347119934105216012e-05
4.654491576061126312e-05
6.511472588788349999e-06
-5.801047957932645681e-03
1.537336189051929778e-05
4.136476363798310800e-05
3.430351725323922338e-05
1.390562415873852980e-05
-4.754672110299840160e-03
6.055573211681884824e-06
4.305282963439635915e-05
6.220286680820530324e-05
9.669698639241666391e-05
-1.513415167412991182e-03
-1.142891836233705672e-05
7.199163724050009578e-05
-1.078763299441511786e-04
-2.049308845736476793e-04
-2.525912676437571704e-03
3.318499323092910210e-05
-9.245388574284829273e-05
-1.088999446199646025e-02
-1.213217749093211447e-04
6.127390266496895652e-05
3.732128520350652678e-05
-5.825155027821499816e-05
1.330768512243377458e-05
-6.838576992084377526e-02
4.930334365047165865e-03
7.554680077300206416e-05
-4.218056556035880509e-05
-6.186910239884026164e-05
3.256927628214126833e-05
-2.863362149697554204e-05
3.094588185443123557e-02
-3.392458900237026523e-03
-4.263790613180694963e-05
5.034281701900555081e-05
7.739913189169778107e-05
-2.298308199184167442e-05
5.315298725402429515e-05
-2.129984944153189008e-02
-2.652942817445180269e-05
7.094555664330463038e-06
-1.000776960869778913e-05
-9.903090281963725181e-06
1.904110240802542060e-03
-3.549146739626532341e-06
-4.687588467209901971e-06
3.300376330833644165e-05
7.583505102786821170e-06
-3.152564913628618015e+00
2.391906870815164510e+00
-5.177053632117422088e-01
2.298071569333414388e+00
2.110086638982443308e+00
1.710746198517363759e+00
8.073970455415782066e-01
2.649047264840794558e+00
-1.164239257204604584e-04
-5.700531592875250630e-05
-7.991153106899238565e-05
-2.545301025594626492e-04
3.671057172704352695e-04
-2.520263155506938940e-04
3.203233967491482401e-05
-8.253200344223009938e-04
1.638272987566955050e-04
7.014575924461842227e-07
2.930898534030133081e-04
-3.929237884744632973e-05
-9.437896305634309440e-06
2.174766757958980588e-04
-4.684923687367189334e-05
4.696409609665025625e-05
2.941071260484001736e-04
8.257692285647339945e-05
1.416545691507111078e-05
2.838683393338852640e-05
-6.900787035712364903e-02
3.835065357588249833e-05
1.531069157629103483e-04
2.339575582971439719e-04
1.631391605647094481e-05
-1.869540518946442159e-02
1.017217947208082289e-04
5.525745424569738834e-05
-1.063048840908449973e-04
-2.162078940687594012e-05
-5.767556471685337562e-03
-3.432906371608557213e-05
-3.377888453734939302e-05
-1.053047205858772292e-04
-2.599742185279845007e-05
-4.711996571953280290e-03
-4.022648586676338457e-05
-2.624303337157077841e-05
-1.444165809394804348e-04
-4.425426802003924092e-05
-1.443635427369644852e-03
-9.169981569787494485e-05
-2.651209288338277455e-05
1.041772113431498514e-04
4.013051285952990625e-05
-2.585040327402913195e-03
1.312719463885288207e-04
2.265212769699712721e-05
1.080506977487691311e-02
-2.101300835580842755e-04
1.314839138952334711e-04
4.611960917901003487e-05
-6.943664966628992560e-05
6.721268980502769332e-05
6.833919187631676273e-02
-4.903606127771782328e-03
1.420237299690468163e-04
-7.366889967168251683e-05
-9.493865573646440015e-05
5.485126073117186241e-05
-4.611220614354503218e-05
-3.096792459278204651e-02
3.396763186749743400e-03
-1.390009522342777748e-04
3.288475055783215219e-05
1.342878607357954335e-04
-5.272476199693433346e-05
4.253145723801844691e-05
2.137983844191421526e-02
-2.141997175934292176e-05
3.487511690780393386e-06
2.034751544771178913e-05
3.230676896404447015e-05
1.874089847780832738e-03
-9.071309591427182892e-06
-4.162026220072654204e-06
-3.675206651444025332e-05
-7.953421704936761594e-06
-3.152539252666187508e+00
2.391833981465520953e+00
-5.176791278999697266e-01
2.298082647534003709e+00
2.110293129432074810e+00
1.710850084341946520e+00
8.073822816344882192e-01
2.649021359782578688e+00
-6.192983844669717195e-05
-9.068921746553215268e-05
7.106884301814311768e-05
-4.570508459881769420e-05
3.106630779759155230e-04
8.993780367636349904e-05
-1.630157920418214489e-04
-8.355794930406815549e-04
9.774635632890164264e-05
7.259397002770846818e-05
3.032322128096521835e-04
-4.380737524476398861e-05
4.378687581696421693e-05
2.562092879719179311e-04
-2.378217297923774208e-05
8.651510373713778407e-05
1.752373619516748118e-04
-2.852351862333996351e-05
-1.049895133493071757e-04
5.880293768221263491e-05
-6.893605647343320486e-02
9.897955307736484680e-06
-8.679100126819032195e-05
-6.215263255171135203e-05
1.417355828998522848e-04
-1.874442704146506850e-02
-1.993679483644902547e-05
-1.820219918859129608e-04
2.978219689539303634e-05
-5.102808255478895978e-05
-5.821580645296188690e-03
1.692461706061898052e-05
9.308560725654685332e-05
2.094360350969914737e-05
-4.759032732778692876e-05
-4.789296269410673636e-03
1.493403879199612120e-05
8.602796627111414240e-05
4.546733665232916591e-05
2.953252924557379266e-05
-1.579871136820250929e-03
-5.665138076332771114e-06
1.285427069714639725e-04
-8.461368918972550978e-05
-1.943588485982516707e-04
-2.464488419933924795e-03
4.709375091339291293e-05
-1.461512890627311256e-04
-1.089046981748407507e-02
-9.793056485461249829e-05
-2.697769357897660978e-05
4.458534411895531679e-06
-1.159073614220374669e-04
4.799576509556492329e-05
-6.835460220337320758e-02
4.938724187806857110e-03
4.293731866082163302e-05
6.826388206329121614e-06
-2.585591748803170442e-05
7.280093522993648402e-05
-3.190891962761253919e-05
3.090137958547578556e-02
-3.403706956739181201e-03
3.740150089892731958e-06
2.205642616761338570e-05
2.606624763064162298e-05
-6.287782335799853533e-05
4.757175566411043707e-05
-2.121179606815535440e-02
-1.478721634912911871e-05
-5.274837876085832020e-07
-1.229030997283608764e-05
-2.478368279260883948e-05
1.927054391084743025e-03
-1.602018684046211414e-05
-1.319910173360833378e-05
2.116255532158567719e-05
-5.414742666085231408e-07
-3.152553763230224959e+00
2.391837594862223249e+00
-5.176817813923930700e-01
2.297993756201786475e+00
2.110062638587923090e+00
1.710743855963532623e+00
8.073955066472248143e-01
2.649049046319284617e+00
-8.326648032412153986e-05
-9.674500378120394310e-05
-1.096359176553831217e-04
-2.067414385240237120e-04
2.910213154458879750e-04
-2.684821507950910496e-04
7.257283174922440851e-05
-8.375246963346292530e-04
6.830887755482296844e-05
-3.642227473353680794e-06
2.808973300033100018e-04
-8.342096948407539395e-06
-1.319613796218127439e-05
2.039359453570099639e-04
-1.462720576433319190e-05
6.484066250032170125e-05
2.917186754916343086e-04
6.255453386107780634e-05
4.134289369259387149e-06
7.046777434313860212e-05
-6.917080960540684942e-02
8.303926168193439747e-06
5.498646353775720136e-05
8.624431008221139592e-05
-3.453158000131243874e-06
-1.872007971209430077e-02
5.727365056904152826e-05
-8.197967477787242185e-05
-5.504224762400050696e-05
-3.606402648366431379e-05
-5.776862744871950374e-03
-3.157597425451093677e-05
3.848625296660908968e-05
-5.599301468387452924e-05
-4.286058297246803539e-05
-4.723282296251625316e-03
-4.148056494762946550e-05
3.558204529343676563e-05
-8.355871172232440182e-05
-6.241292816902907362e-05
-1.442647022747005044e-03
-7.713303243625104053e-05
4.310930676301735569e-05
7.057814696528395110e-05
5.235415151195888374e-05
-2.609674541648258125e-03
7.828454745709034659e-05
-3.015527803864755086e-05
1.080546586616568799e-02
-1.724494456108896338e-04
5.686569449256173104e-05
1.334918073377794334e-05
1.240337218374348328e-05
2.294404476248126760e-05
6.852161768353677573e-02
-4.899578879355303770e-03
1.200444199147324663e-04
-2.927702856919022411e-05
-8.928460987642217184e-05
-5.435917892500862457e-06
-2.328299141690626500e-05
-3.107858723566640433e-02
3.392153927732796150e-03
-1.106160634163976886e-04
2.606775097315888181e-06
1.499218120751232008e-04
8.886957591923747663e-06
2.834553760809119661e-05
2.147961394984656408e-02
-5.992400948661769956e-06
-4.782185289656470896e-06
1.460092186020525338e-05
2.134870750117835660e-05
1.874035596045508980e-03
9.569414443978772195e-06
-1.209646485228341650e-05
-3.829020617652893494e-05
-5.000443773169642789e-06
-3.152581982050065346e+00
2.392023432112118986e+00
-5.177378379564161470e-01
2.298301388553967595e+00
2.110423103177127224e+00
1.710902225702223056e+00
8.073783487759942368e-01
2.649001592452243425e+00
6.850734750400553795e-05
-2.207582671406491635e-05
1.167912460280048066e-05
2.579515608438007874e-04
4.735880130866494328e-04
1.881113443493467413e-05
-2.235832366593174859e-04
-9.105309866641606367e-04
3.226899105855914941e-06
6.368746159285264719e-05
3.216053134661779091e-04
-1.075727296945188784e-05
3.982222329740397690e-05
2.853375009669805004e-04
-8.577700935026171363e-06
3.143645741007834878e-05
1.224662038187165729e-04
-1.039900887457484536e-06
-1.066361097530161238e-04
7.939918693140608080e-05
-6.870442273729311655e-02
7.447865003426171584e-06
-2.555953027514804151e-05
1.026212264051222828e-05
3.409436261375272076e-05
-1.866971294181298327e-02
1.804858788470912155e-05
-5.010841244604287003e-05
-2.202986977885112755e-05
-2.815834133574113599e-05
-5.829688361003004804e-03
3.152985784541730322e-06
4.362282355597918042e-05
-2.606366213045206452e-05
-3.239982931764201089e-05
-4.815772199879878555e-03
5.645751228666957887e-07
4.403080908931085913e-05
-1.839852489875596972e-05
6.812873635172694386e-05
-1.669993071711830309e-03
1.921548481940125408e-06
5.799314294950430338e-05
-1.769302250944201828e-05
-2.518830501396535516e-04
-2.347333961884489652e-03
-1.060237954615634581e-05
-4.828626389961646558e-05
-1.086289700361773962e-02
-1.598698317217245703e-04
-4.261250403521767496e-05
-4.869935831897792555e-05
-3.631092927681924161e-05
9.438065202903018862e-05
-6.844828494282151343e-02
4.917462854896324786e-03
9.412809995578224850e-05
1.290559573816811925e-05
4.258923620403809451e-05
2.385397296513205656e-05
-4.354296240728259496e-05
3.090586037985429760e-02
-3.368363946726743528e-03
-6.022623029250306692e-05
2.592634052097671357e-05
-8.356535311279493505e-05
-2.005165684616025881e-05
2.909065859943763509e-05
-2.112066904917442312e-02
-2.351079973994716184e-05
-1.026116353487906791e-06
-6.705650860550965351e-06
-3.143407785087954905e-05
1.942878189505725661e-03
-7.315553143605049885e-06
-1.187254751420149519e-05
1.109231957628390464e-05
6.190146862436295856e-06
-3.152630068891686399e+00
2.392106432578090747e+00
-5.177741376533141482e-01
2.298322158088689893e+00
2.110230738499012659e+00
1.710804063244716122e+00
8.073930979071758385e-01
2.649028108032406070e+00
-2.677664760266087129e-05
3.163113572345510778e-05
-1.741984357080899432e-05
-7.195501433665952955e-05
5.772270478177107637e-04
-5.995573488506620273e-05
3.831506429936646491e-05
-8.923156537928419920e-04
4.754544901941719479e-05
1.040714168403488322e-05
3.068003911694043529e-04
6.744430793650757163e-06
4.094314874962361861e-06
2.380468196561211919e-04
5.921571154120243476e-06
4.416417165336059903e-05
2.543462861234596899e-04
2.831238301265463192e-05
8.558321998765284697e-05
5.809675344041638750e-05
-6.928174631685996010e-02
1.304046930372660101e-05
-5.310799303092885370e-05
5.638936856638490929e-05
-5.288289581945786536e-05
-1.871740878586606802e-02
-2.586955021607289086e-05
-1.397864486206608359e-05
-5.496689067478564969e-05
-2.840807408392087227e-05
-5.807680049774232439e-03
-1.947409826466281523e-05
3.221235070161082077e-05
-4.581445668885874602e-05
-3.371993133938880924e-05
-4.763289983897699836e-03
-2.337597690221578054e-05
2.623700658280217075e-05
-6.493393602640376214e-05
-4.266273685596576261e-05
-1.505681859633922889e-03
-3.617724752562731700e-05
3.278886380423759613e-05
7.629324650954431354e-05
3.387415970903307524e-05
-2.557885498448439834e-03
3.609271285848102481e-05
-3.665954488704165808e-05
1.083848537772991866e-02
-9.854609368310741566e-05
3.314665653647214431e-05
-3.642588017002679202e-05
8.827778022836953783e-06
3.295109026590285588e-05
6.889359157394091271e-02
-4.894268319829657779e-03
6.026501427699006500e-05
-1.967411921133060769e-05
-2.769320302742003803e-05
-2.062159724754860876e-06
-2.131412256203718569e-05
-3.124557762522725546e-02
3.359202375284449284e-03
-4.294013659016348823e-05
7.999728845465848811e-06
5.175338888917420388e-05
-8.832100213488819677e-07
1.477347346574945123e-05
2.152211260031786783e-02
1.593708286118500876e-05
-1.751609610989379262e-05
1.120468463504597177e-05
1.456512573575498542e-05
1.872991686254421410e-03
4.350262988023418428e-06
-9.444006968219410749e-06
-3.110576967111004332e-05
1.334814120283946842e-05
-3.152576794139172911e+00
2.391977481482467915e+00
-5.177245488705715104e-01
2.298278087356206978e+00
2.110470972431973902e+00
1.710928326060169091e+00
8.073724525218360926e-01
2.648993284214604671e+00
3.573855732669521321e-05
-1.366786106791551339e-05
6.118879452868042140e-05
1.140566586917665160e-04
4.834526723051530556e-04
1.942163375622728240e-04
-7.576440078686435067e-05
-8.977691446437710034e-04
-1.315086572202768598e-04
1.750790943794080791e-05
3.239879338820748347e-04
2.957921200937509531e-05
1.154963711109378854e-05
3.022572422795963450e-04
2.155559971379899606e-05
-4.381742270505474676e-06
7.436363376580104861e-05
-8.172612978476316028e-06
-2.855893242344279817e-05
1.130536197366927400e-05
-6.862465294269469440e-02
1.883506075395761535e-05
6.574260156932531379e-05
-8.157466769138867115e-07
-2.800655801802037076e-06
-1.865328141163151085e-02
-1.008502939382923107e-05
3.488634812525135450e-06
-5.934364693091849738e-06
-1.266679164632816087e-06
-5.836105644642430867e-03
-9.640889038164812002e-07
1.148019477039704085e-05
-6.308167001251936457e-06
-2.540937929279870213e-06
-4.830745596153328963e-03
-4.205963103259648352e-06
1.447860308869306940e-05
-5.942859155079043901e-06
2.779012293049561345e-05
-1.710217897254194324e-03
4.736662313204786017e-05
1.197772976385732204e-05
1.340195542839045875e-08
-7.595383007936681082e-05
-2.301690728477776698e-03
-1.313051079808734737e-04
7.248558694349050232e-06
-1.081746102708580105e-02
-4.288202720068258402e-05
-2.227444057067095272e-06
-8.909228074463135250e-05
-2.935468672977947779e-06
9.645553597099441737e-05
-6.829077183229405323e-02
4.884846105120606644e-03
2.727946811529964716e-05
-2.024445513305195158e-06
7.350942262553984696e-05
-4.831240103406403766e-06
-6.118546809118352169e-05
3.081629208702624592e-02
-3.331075873299674077e-03
-1.829551677350521721e-05
1.287647251426506404e-05
-1.187179897487698754e-04
2.095936888960243157e-05
4.767235444355299935e-05
-2.102112077767345766e-02
-7.535206674233011715e-06
1.438845070622525495e-06
9.080638341655226565e-07
-9.058363940585927010e-06
1.949938311023940345e-03
-1.247113367350857847e-05
2.987447883591503148e-06
9.579532160357207471e-06
-1.020936894216129818e-05
-3.152631722903667111e+00
2.392110970153785932e+00
-5.177759544724884755e-01
2.298328577303364817e+00
2.110236758187557182e+00
1.710807047303551043e+00
8.073924737474562630e-01
2.649026399928422038e+00
3.830009267957978610e-05
3.481488569250017163e-05
2.563174990181243951e-05
7.401737459274365747e-05
5.889254953363096384e-04
1.422952698487572908e-05
1.113866743530450782e-05
-8.994890950281568456e-04
8.341598179972119383e-05
-4.451382841497692177e-06
3.069211649629036186e-04
-1.737593591482499187e-05
-1.205219250744923199e-06
2.366078932239550124e-04
-2.041048006756214218e-05
-9.212872013894516277e-06
2.577236992848472167e-04
4.327745464743533996e-05
3.860097335619352049e-05
1.246356909591810134e-05
-6.923431155171877460e-02
1.118176986786686348e-04
9.335870729270615703e-05
-3.395653414567851886e-05
-2.610398865464918638e-05
-1.870791722095515794e-02
4.391474638077565260e-06
1.599370831866698162e-04
4.706187753850732660e-06
3.487006241397785212e-06
-5.805861278332331843e-03
-3.057950499463593132e-05
-6.788714137993509849e-05
7.434623248160466568e-06
6.470194817122839736e-06
-4.763071311589568181e-03
-3.373398009883148363e-05
-5.542500383794393844e-05
9.724969758434925000e-06
9.528677202342496102e-06
-1.503876471634138122e-03
-2.498649469166627684e-05
-5.864983592139520079e-05
3.572551660061638466e-06
2.114030631970041028e-06
-2.565697737314014994e-03
-1.348104860598311154e-05
5.541953205391524063e-05
1.085439193958738675e-02
4.883165128940944151e-06
-2.408936297937137882e-05
-2.288119804859031770e-05
-7.918978864884779591e-05
6.023239400514829311e-05
6.892057661620057396e-02
-4.903582030469390979e-03
-4.964757215751203667e-06
1.550493009430970880e-05
-3.201374509802928925e-05
5.451345984465363198e-05
-6.447754927069735201e-05
-3.125397517623664662e-02
3.366769986588605008e-03
1.222153295969373229e-05
-1.692508839621396455e-05
5.054225849579659091e-05
-6.062800563479119346e-05
7.040905167358360757e-05
2.151962079605629352e-02
6.590282111400940759e-06
-1.627018101391475253e-05
-5.367157998745356319e-06
-4.440690488100569822e-06
1.871281770206027891e-03
-1.014981663791259404e-05
5.763997430257872820e-06
-3.330605557827796478e-05
1.104890262299245557e-05
-3.152581981463787208e+00
2.392023433389099729e+00
-5.177378381109409844e-01
2.298301388663107403e+00
2.110423101340801022e+00
1.710902225154403933e+00
8.073783489752845988e-01
2.649001592759455459e+00
-4.437497260520776275e-05
-2.207624454124488926e-05
5.347206246698670788e-05
-1.452917065072822315e-04
4.735871140760326142e-04
2.139340972401560740e-04
1.090009261172702950e-04
-9.105307781732000297e-04
-1.952316569092135234e-04
-2.252753955206629409e-05
3.216052091793554046e-04
6.053429684611003015e-05
-1.247953710296027599e-05
2.853373081371722271e-04
3.878031772889047079e-05
-1.482665598489527937e-05
1.224664229852879659e-04
2.773311503800199242e-05
3.119540090886299428e-05
-4.615161245391638436e-05
-6.870442905915101484e-02
6.503958512013292663e-05
1.050999163946389828e-04
-4.852345397906540929e-05
-3.267927956222322792e-05
-1.866971494198453943e-02
2.050380644243443427e-05
1.616790879318824191e-05
4.879285130989487537e-05
1.134884459593247884e-05
-5.829688612443217205e-03
-2.596287318726154376e-05
-2.732329340532884730e-06
5.116346683448073142e-05
1.571107071904058431e-05
-4.815771702187791360e-03
-2.834181782993738642e-05
5.573853070974648120e-07
5.942497687394998948e-05
-3.572810462976220506e-05
-1.669990387851258591e-03
5.803989042158260158e-05
-1.306342094565457796e-05
-3.297647287747700734e-05
1.351225033945297263e-04
-2.347338087899111629e-03
-2.128355673895011369e-04
3.947057156887426137e-05
-1.086289601945936503e-02
1.616707786329769306e-04
5.275261152948740751e-05
-4.869975349019312061e-05
-1.875053604485053815e-05
9.126087486226587379e-05
-6.844829363192078686e-02
4.917462588089793925e-03
-8.477277526513311758e-05
-2.711145477677642324e-05
4.258905341635553510e-05
-7.485998039079982957e-07
-5.974565348314925771e-05
3.090586467534439663e-02
-3.368364562136036931e-03
5.530562002084975248e-05
4.403388328063083694e-06
-8.356482274497756269e-05
3.247741303867969585e-05
3.761157536242789754e-05
-2.112067323784088194e-02
6.388388232936124069e-06
-1.026198988811363277e-06
-6.928387229040850457e-06
2.205251754438794563e-05
1.942878692499159891e-03
-2.356496127421805553e-05
1.174405491363609226e-05
1.109245439286296292e-05
-2.346444300881507812e-05
-3.152553764117069779e+00
2.391837597529092196e+00
-5.176817836893212732e-01
2.297993758838978717e+00
2.110062637019033183e+00
1.710743855849874429e+00
8.073955065659770280e-01
2.649049046420278497e+00
1.366057643585469805e-04
-9.674375440816662501e-05
-1.727171138799358835e-05
3.359445832348010794e-04
2.910238403326654948e-04
-4.474161748313333436e-05
-9.544831918701688982e-05
-8.375255916258189616e-04
2.868612588173278838e-05
9.043077300210602992e-06
2.808971728920820572e-04
1.015774385832271090e-06
1.925962564619712180e-05
2.039359805661283267e-04
-4.120009549061812398e-06
-8.658423233623046471e-05
2.917178067577894649e-04
2.488836232446759155e-05
4.556811188884184139e-05
-4.242697241079915714e-05
-6.917081370960792563e-02
5.687615176843872043e-05
-3.110166644956812495e-05
-1.141220641528028644e-04
-4.787442713595729642e-05
-1.872007712876455621e-02
-3.162741932107534007e-05
-3.369492839931905793e-05
6.085450410692931980e-05
4.537725079222141807e-05
-5.776863571977488079e-03
-1.544413759057127741e-05
2.842235650470464306e-05
5.881351126047119513e-05
5.735310201020244099e-05
-4.723281838264850943e-03
-1.637772627542887865e-05
3.069927458439620078e-05
7.911147303725226765e-05
9.800480281712638166e-05
-1.442640933277024046e-03
-1.548402509160168474e-05
5.080978816726718393e-05
-6.139756989185792913e-05
-9.397243261339228093e-05
-2.609687697157358176e-03
6.197133841806444580e-06
-4.604623125517481245e-05
1.080546443822846467e-02
1.060936332689431730e-04
-3.917438544479880103e-05
1.334876912500310153e-05
4.304461616466654728e-05
1.378738332074658040e-04
6.852162914118076209e-02
-4.899578129905431817e-03
-8.018527238479167523e-05
1.934546864291292710e-05
-8.928421096354895170e-05
-2.263744449836463979e-05
-9.232008224644593824e-05
-3.107859369083990769e-02
3.392153975053499061e-03
7.985547960352631361e-05
-8.998286862898640000e-06
1.499211626265432168e-04
-2.184547788002869887e-06
8.162336534945182406e-05
2.147961943027039064e-02
7.324618418766445211e-06
-4.782326127297147154e-06
-1.777775195797309132e-05
-1.896193225415373986e-05
1.874037651306981710e-03
1.370353139290355769e-05
-6.595461541560186018e-06
-3.829047053525831364e-05
-2.692931452447230260e-06
-3.152538605658082638e+00
2.391821103992538777e+00
-5.176759154045748046e-01
2.298057889005332477e+00
2.110259664039010996e+00
1.710836822470892082e+00
8.073846590519829780e-01
2.649027322807312235e+00
-5.358920089099732348e-05
-9.482651927004536862e-05
-4.959151839654851366e-05
-1.367376188549990950e-04
2.882099257561845929e-04
-5.833201949281751285e-05
4.727332643001358697e-05
-8.113830732424725731e-04
-8.367579673449287536e-05
-1.604313751810493099e-05
3.002201259758090711e-04
4.226881073728028443e-05
-2.881864565721482747e-06
2.562674365994996274e-04
1.806438372904840280e-05
-5.053431038667031917e-05
1.724837781392908175e-04
8.246636253747503592e-05
-2.808418172075557388e-05
-1.018081949413927791e-04
-6.909677242946986320e-02
8.777124661827218760e-05
5.555533753042520570e-06
-2.214298475888871348e-04
-1.159634207933514581e-04
-1.875969898935704594e-02
1.386345392228214245e-04
-2.466385206363475098e-06
1.129880332757849829e-04
2.805506131549406550e-05
-5.824792163419982918e-03
-4.988281244720155010e-05
3.689082215021029642e-06
1.019135510168986788e-04
2.218094927109213283e-05
-4.791389631394709150e-03
-4.703728856199910135e-05
-9.344330740961359275e-08
1.275516676576485134e-04
-3.819441107765240767e-05
-1.581343828886727296e-03
1.270551341298783830e-05
-1.124362742447856660e-05
-1.173374975767061475e-04
1.430069108026380280e-04
-2.463539577873176661e-03
-1.492127019937573070e-04
1.210638218715987547e-05
-1.087234487818036777e-02
9.741032629620796635e-05
1.825142944987704166e-04
-4.362977247470908870e-05
-6.935391500210031767e-05
3.605929068927514263e-05
-6.842771635320853141e-02
4.920346928192157604e-03
-5.652648576960194599e-05
-1.020318177445630765e-04
-1.306247643412250525e-05
3.391847299261000013e-05
-9.119754651218731274e-06
3.095739496791995171e-02
-3.382732266914858545e-03
3.695197891649139831e-05
5.758616579701441023e-05
3.533651308378418787e-05
-3.958960215770548322e-06
-2.742881975860402487e-05
-2.128721040903430728e-02
1.414343764148087886e-05
6.603744808199445656e-06
-6.452193934409437143e-06
5.169624834670649542e-05
1.929251737686955024e-03
-2.977603102530673458e-05
7.710003052333345091e-06
2.714897365956287867e-05
-1.429285997526768545e-05
-3.152540882191783300e+00
2.391801615610039011e+00
-5.176748577139318463e-01
2.298002828075090598e+00
2.110161000181762780e+00
1.710792247339052441e+00
8.073882848716107397e-01
2.649036179980704286e+00
6.685631489369197114e-05
-1.045209877897204979e-04
-6.835788105233655263e-05
2.560681355528440437e-04
2.796646034628079338e-04
-1.646262977526505170e-04
-2.315229263649405504e-04
-8.238238262280575454e-04
4.413907737947373789e-05
5.393009025656529025e-05
2.873225370017800772e-04
-1.074966274237232892e-06
4.399380941524244924e-05
2.234627245879345573e-04
-2.042060562503103038e-06
-3.315631901348075803e-05
2.395423734539682483e-04
2.088320241503630742e-05
1.283364366915135156e-04
6.009087577856821183e-06
-6.903612959803485938e-02
-1.836685588554832702e-05
-3.367136960914394669e-06
6.046807309848931577e-07
2.318577207880864429e-05
-1.872215423753207514e-02
3.449848340998022504e-06
-8.841126751040251949e-05
2.096157684631297640e-05
1.048691988698823827e-05
-5.795540959484519680e-03
-7.224066557077622654e-06
4.859696211991341601e-05
2.532069287969393576e-05
1.892982369777013876e-05
-4.755337900335807749e-03
-7.585359288236927775e-06
4.293611192023366385e-05
2.801068406297732880e-05
1.089669369647818707e-04
-1.501841585993218429e-03
-3.174079714449531443e-05
7.052863418346075049e-05
-3.178635108090847912e-06
-2.264869255775142089e-04
-2.567455226357913921e-03
5.951200723031212887e-05
-9.336441074562480495e-05
1.085051406716513837e-02
1.506878301088075548e-04
-1.316675333722311728e-05
2.235876628978866743e-05
8.513533378790418080e-05
5.033699807501152736e-05
6.854364640385521290e-02
-4.923050836866751240e-03
-1.006687916273783470e-04
-8.244496863633811630e-06
-6.789217799566329981e-05
-3.905831203284993456e-05
-5.921312990028184623e-05
-3.103972350367896135e-02
3.403774863173295029e-03
7.685711297199999980e-05
3.783930105929106434e-05
1.014398197319577033e-04
1.597715353871155671e-06
6.999040202789342385e-05
2.138561259393836206e-02
3.497252114752184843e-06
3.812975260906602444e-06
-6.044578118142970838e-06
-2.215489580752085918e-05
1.894037554378689330e-03
2.364377815204124717e-05
-2.593786181347948645e-06
-3.386317645855968928e-05
-7.133426815769645197e-06
-3.152522086884424812e+00
2.391731381575281201e+00
-5.176492369227115864e-01
2.297924434288644679e+00
2.110143483976535173e+00
1.710791925299579574e+00
8.073867148277499295e-01
2.649037166569974122e+00
-3.575430877008424534e-05
-1.414348246238523446e-04
3.010942258687177866e-05
-1.563250069201679079e-04
2.128664313667599436e-04
1.224648602562422974e-04
1.673811186780348496e-04
-8.314024417052458043e-04
-1.068876946856008546e-04
-3.124888396519911045e-05
2.797012080919506643e-04
3.634425255274538913e-05
-2.248778729689552023e-05
2.113718499803404446e-04
2.504508152925378499e-05
6.224203102508132609e-06
2.437322584656294636e-04
2.637320287781846711e-06
4.705895348009527532e-05
-3.529858574393459746e-05
-6.906739604214422179e-02
1.478085572595606856e-05
2.653794791984370022e-05
-2.157021013955166599e-05
-7.025267211480744453e-05
-1.873577242127186931e-02
5.060056292362731848e-05
-8.455547644181572747e-06
4.462979901953252702e-05
-1.802912674012070379e-06
-5.797118460977971482e-03
-6.188636763474036884e-06
1.422523313717643443e-05
4.339803468289923265e-05
-4.149714767363552623e-06
-4.760311837105759419e-03
-6.221573454042281682e-07
8.143493698120775727e-06
6.627312029637848385e-05
-7.283795940565859057e-05
-1.500101464029479767e-03
5.595411741683643976e-05
1.281685153227976143e-06
-8.091614257291619662e-05
1.838544001346655596e-04
-2.583265954544328082e-03
-1.422712444197178844e-04
-1.991082051588153514e-06
-1.083144778999891797e-02
1.087648454901482889e-04
7.996286227621488517e-05
4.054785185522019608e-05
-1.667763451094204149e-05
3.445352550816629662e-05
-6.853362122748071772e-02
4.898609975058644886e-03
-9.235336358697475174e-05
-2.700011466804053085e-05
-7.893201650709981421e-05
5.923540060930726752e-06
-2.245191973287754406e-05
3.104494879394040230e-02
-3.372732724975280143e-03
8.546436780152872888e-05
-2.068391484735465570e-05
1.120116324108792749e-04
1.115736251279430733e-05
-1.214787854897461886e-06
-2.140085655366363165e-02
-2.130825483813196736e-06
1.481864010910758462e-05
5.274989302901254753e-08
2.947795240956706752e-05
1.893922649946583022e-03
-2.149515789752828735e-05
4.972048419870405537e-06
3.041973134907202279e-05
-6.817601449225383844e-06
-3.152522766724433101e+00
2.391748838483075179e+00
-5.176537086944610344e-01
2.297977790813019894e+00
2.110221983568529414e+00
1.710821631791249020e+00
8.073845631494541708e-01
2.649031671508303543e+00
-7.742332109450861450e-05
-1.174958456917191943e-04
-9.083136000602809262e-05
-8.823138528172476684e-05
2.352070431401844311e-04
-1.708935306810999263e-04
-1.463024863057973176e-04
-7.932237008678782921e-04
-3.601457916827262404e-05
6.480912523060737378e-05
2.944095535331997786e-04
1.500060061611995481e-05
3.515245253815643483e-05
2.487557267903564399e-04
5.968376358016594542e-06
9.564667215270744702e-05
1.828639402798745109e-04
2.716362524332375679e-05
8.737950166866760397e-05
7.107004675188665927e-05
-6.911786678519162008e-02
-1.037082505021412644e-05
-3.567602664624196403e-05
-2.277819083324429528e-05
1.677686025486352784e-04
-1.878011448028311589e-02
2.216932704150600204e-05
-1.753188754422166753e-04
2.530688491840870826e-06
-5.486032188726041692e-05
-5.820646152519293702e-03
-1.072795047084972454e-05
8.087076746335881776e-05
6.848710861024952400e-06
-4.609233105462004270e-05
-4.781708961510060772e-03
-1.527760729670560921e-05
6.930290901612071218e-05
-8.709130060182497019e-07
2.737802109701270809e-05
-1.556325575758375334e-03
-1.992922294418388485e-05
1.045689066322087128e-04
3.130379908673792949e-05
-1.784368566408650115e-04
-2.491141590744579224e-03
1.276763521376093977e-06
-1.225008574757205783e-04
1.081376587341389972e-02
9.912848838313444741e-05
-5.504935583232109498e-05
-2.806891987354453999e-05
1.067779393917987079e-04
3.458556059935356808e-05
6.839034298871483897e-02
-4.899621415165294341e-03
-4.547289301782569027e-05
2.044029814168602270e-05
-3.450020894292353535e-05
-6.213169954261428389e-05
-4.381006445804114767e-05
-3.094107682215811728e-02
3.378055673466103664e-03
6.083468637488958998e-06
1.491641763343333352e-05
6.828921948778300666e-05
3.700503559819424195e-05
6.257674514550948253e-05
2.128946383208188409e-02
6.573136551748971028e-06
1.527152391027396597e-06
1.777456749060404509e-06
-3.170724392576122199e-05
1.922677703356679780e-03
2.687285399978999917e-05
-7.767830276756251037e-06
-3.010528160465581035e-05
-1.240111591525573870e-05
-3.152538057111037517e+00
2.391776882549243588e+00
-5.176625363275424441e-01
2.297921198471116977e+00
2.110033807543437501e+00
1.710738488221270615e+00
8.073945734818883668e-01
2.649050532905920186e+00
-1.012020463293685619e-04
-1.215678316449403558e-04
8.890132927490975541e-05
-2.669265347697136583e-04
2.452149265817823304e-04
2.184842057810209301e-04
1.218597653535468962e-04
-8.352347751891762160e-04
-6.047625723806046452e-05
-1.140185849514903539e-05
2.728758486022462583e-04
1.067453188912736325e-05
-2.416166977286758057e-05
1.921734729612392559e-04
1.812257404725282442e-05
8.909578132884591489e-05
2.982208668523224273e-04
-5.744903978708222364e-05
-5.327421288402883759e-10
8.095149313216813431e-05
-6.903036719491868756e-02
-2.740269365338618771e-05
-3.077529002767486616e-05
-9.454312916148786697e-05
1.378896068544635252e-05
-1.867953981735946331e-02
-2.767046725665491512e-05
-7.099148554889626764e-05
7.773319504842418517e-05
-4.844162671076185128e-05
-5.762220840948541027e-03
2.633765719837738559e-05
4.968964214269950609e-05
7.775949879234645475e-05
-5.501643430204323842e-05
-4.714748563373346614e-03
3.021607677000608642e-05
4.000701756862428803e-05
1.119969277348293511e-04
-8.960442569214133179e-05
-1.435296803470818491e-03
6.407513872503945709e-05
5.220214397724141041e-05
-9.741069999698952187e-05
9.785508634589541721e-05
-2.624878015582719770e-03
-9.219665032099143048e-05
-6.489613877755960397e-05
-1.077329255613372616e-02
2.024855756069963899e-04
4.814724283644226423e-05
3.092715024501091481e-05
-2.621385841053121626e-05
4.380324077462248965e-05
-6.837611206593013913e-02
4.868063283578371453e-03
-1.492810156251336970e-04
-2.032126462161212279e-05
-1.008257732076998231e-04
1.561074973255158942e-05
-3.179661299502947042e-05
3.101808553195097018e-02
-3.352877216314747132e-03
1.453054156412404252e-04
-8.925018052787306051e-06
1.627062668973881798e-04
-7.595276659117921464e-06
2.177553742614593123e-05
-2.144849843227381384e-02
6.260139663815869745e-06
2.261798323142195704e-05
-1.648862795751871585e-05
2.014643482742213597e-05
1.869107248379367698e-03
-1.665299226829582537e-05
-3.410530919006806577e-06
3.645466120169010686e-05
-1.158766389497820672e-05
-3.152534117934746138e+00
2.391863818526696051e+00
-5.176810699135829807e-01
2.298102153411899717e+00
2.110305665511050144e+00
1.710859148404999974e+00
8.073837890590830346e-01
2.649019567735697134e+00
-1.495070495982828683e-04
-1.208733334622572302e-04
-7.206492887646807238e-05
-2.367448359306101552e-04
2.638485638706007230e-04
-1.124092229033916274e-04
-1.364578329541934511e-04
-8.749928533888826727e-04
-6.581677815499951067e-05
7.636159625194883875e-05
3.045792329236217681e-04
3.321242429376484258e-05
3.140820755603520621e-05
2.538959970190033484e-04
1.441259110575006473e-05
1.517990683048383357e-04
1.739769524253088158e-04
5.772260741105304219e-05
9.990004270501832984e-05
1.151039824707746832e-04
-6.892362472168513110e-02
3.474961161498049244e-05
-9.723419911350571036e-05
9.614750350997653718e-05
1.856959740820870888e-04
-1.875372953721525168e-02
5.926711956780543851e-05
-1.537075044590997341e-04
-5.567328764963489927e-05
-8.416459809392441900e-05
-5.824879812087114389e-03
-2.765901928083934979e-05
7.932483471663440990e-05
-4.785206213323113181e-05
-8.027132222766801453e-05
-4.797327547597268413e-03
-2.878777729233570129e-05
6.765326210466361353e-05
-8.034821516212228767e-05
-1.506254829297099500e-05
-1.601203311073369365e-03
-7.947940059241228531e-06
1.003515011861775359e-04
1.108978681067068458e-04
-1.539679141833586774e-04
-2.439440591790794938e-03
-5.136234912721684927e-05
-1.144244671888058852e-04
1.084175345338786629e-02
1.349112883069223182e-05
-9.857429518864157820e-06
9.447126429418251092e-06
4.672434060903584417e-05
6.370006356299934974e-05
6.842865840740997019e-02
-4.899015997965408716e-03
7.482020173734055604e-06
-8.339196716821633897e-06
-2.418333640769564086e-05
-3.353243494609032388e-05
-3.941227778302277499e-05
-3.092550630085583868e-02
3.355242034809145617e-03
-4.410875972238082225e-05
3.876837041034750090e-05
1.647166854979072170e-05
3.266922703354728475e-05
4.743549173760546432e-05
2.121593680193810047e-02
2.058136720853578016e-06
-3.254841132731018521e-06
1.729501814530612922e-05
-1.668660321082347022e-05
1.938668469150785006e-03
7.665826012087060019e-06
-1.867238750473886825e-05
-1.529964421456841300e-05
-1.705529398842917359e-06
-3.152566239329027464e+00
2.391902975936373466e+00
-5.177085963131036195e-01
2.298089681224080305e+00
2.110138414603923263e+00
1.710774510685381111e+00
8.073926702140455935e-01
2.649038757831691182e+00
-1.054007679480176369e-05
-5.615263334284210667e-05
-1.844668729975278295e-04
-7.343823259025640537e-05
3.807501557787969920e-04
-4.708706431045136219e-04
8.877595451145619241e-05
-8.322897856664429822e-04
1.751025311414131373e-04
-2.924544633150794534e-05
2.929406390695519949e-04
-2.582303137675605846e-05
-2.885999758872172878e-05
2.206667149182528031e-04
-3.624377275923735571e-05
4.049147213192492100e-05
2.735812375762818440e-04
1.030757722471342664e-04
1.924639654455456966e-05
3.359150465565520689e-05
-6.888133796638741535e-02
3.897662899184388061e-05
-2.721649743149393615e-05
1.348096751692659848e-04
4.203512026451946659e-05
-1.865733219634216344e-02
5.037482737743533825e-05
1.377436566937063976e-04
-5.670254089709796536e-05
-1.359172024794035575e-05
-5.770341557233402661e-03
-4.595954190325169438e-05
-1.069185540383066016e-04
-6.144863352404339083e-05
-1.589258443566109023e-05
-4.728105344319070459e-03
-4.935920310043439218e-05
-1.015967165277243143e-04
-8.660517610070124310e-05
-4.669456069028674484e-05
-1.472391275705352406e-03
-1.250041633514234636e-04
-1.298751835253224339e-04
5.853542485159725643e-05
8.698317185656640296e-05
-2.582116377696722174e-03
1.997430034907452109e-04
1.052543877500289630e-04
-1.082253735175857726e-02
-5.484982842202351487e-05
-9.733747184408070036e-05
5.680233490060193624e-05
8.534886964581571075e-05
-2.371419727183574251e-04
-6.844617260582626372e-02
4.889852241877065339e-03
4.680051276733136149e-05
5.855124237759195757e-05
-8.249684301942124265e-05
-4.221763658275275773e-05
1.694925172404041901e-04
3.101033269334882436e-02
-3.360493601089943431e-03
-6.619731972544689973e-05
-4.059641978272380213e-05
1.043826968828032858e-04
2.956713997712817881e-06
-1.548487516227483804e-04
-2.138188638954590867e-02
6.119244602929884216e-06
1.920790188159683708e-05
1.192055768988589735e-05
-1.215366063634688723e-05
1.877935272935675644e-03
3.310862365675146766e-05
1.287201797216117527e-05
3.210048215956991398e-05
2.608445503328563108e-05
-3.152550837148635932e+00
2.391835280836639210e+00
-5.176891228263873490e-01
2.298061255318582408e+00
2.110208198429359694e+00
1.710806210232078239e+00
8.073862262969198067e-01
2.649030877705838893e+00
-2.952759854826222724e-05
-6.049139875648163822e-05
6.672167978903292634e-05
-1.724572997510455917e-04
3.578775798569037471e-04
2.101408759351948105e-04
2.127436888175484567e-04
-7.987135317899419920e-04
-1.433478269174803940e-04
-6.025585436078521461e-05
2.991352783666520639e-04
3.688896347043622132e-05
-5.356137904040837868e-05
2.442195674896426808e-04
3.312127396540984398e-05
4.317966680496214513e-05
2.214929760577759982e-04
-2.714024341848939991e-05
-1.515289037645655215e-04
4.314180738651410361e-05
-6.892949811309494190e-02
1.527018401313215944e-06
-6.666025369013242065e-05
-1.513411185739801294e-04
4.832882336106093303e-05
-1.871411954862003957e-02
1.644513248899253754e-05
9.788345580581976212e-05
6.413520953597032963e-05
-1.620179029021306158e-05
-5.795680909935102196e-03
4.235137185733953212e-06
-4.012278041321764405e-05
5.337018459812505386e-05
-1.761482852856964960e-05
-4.754365270748227637e-03
1.433453796755063570e-05
-3.862237261454908965e-05
8.606917650563866945e-05
-8.204550913305436502e-05
-1.513194238887842057e-03
7.818728757030880849e-05
-4.772363095198455137e-05
-1.162684386472911707e-04
1.702071545319090435e-04
-2.540360424466597041e-03
-1.524670769707016111e-04
2.402287859488076271e-05
1.084503978567922036e-02
-8.154606923402914903e-05
-1.263795542432763052e-04
3.769772571040122533e-05
-5.425309765219165498e-05
-1.180243073720935914e-04
6.843637940721786217e-02
-4.916673310949205497e-03
3.728081010289730282e-05
8.263392977087577560e-05
-6.189197977813504226e-05
1.938779643423041042e-05
8.064710464518134352e-05
-3.096417025181942215e-02
3.392929688816493251e-03
-7.427433957371510839e-06
-6.967747109336308066e-05
7.673655929248124341e-05
1.359548745297873250e-05
-6.685366025570342813e-05
2.129959790820423748e-02
-5.056250417602995350e-06
3.706792723684487105e-06
-8.389848294890119582e-06
-1.357573121956530317e-05
1.897475695556208146e-03
-2.458057842567453019e-05
6.188615550165895004e-06
-3.165490823867466298e-05
1.102254018002163448e-05
-3.152524975162451781e+00
2.391756541584175277e+00
-5.176556506133029867e-01
2.297913046478736732e+00
2.110054510719742815e+00
1.710741497257961763e+00
8.073920650576146274e-01
2.649047844828703813e+00
5.661347980767609519e-05
-1.061562032324565169e-04
-9.593177754669678786e-05
5.634354812126087571e-05
2.673129825475403093e-04
-2.852423583416135479e-04
1.050836803727959545e-04
-8.041349537958330813e-04
1.665215730065918690e-04
-4.861724314174485520e-05
2.848719886847326252e-04
-2.652849266771878281e-05
-3.736270334026454829e-05
2.066429527683037509e-04
-2.905862911081408067e-05
-6.231311985253592048e-06
2.997056663102638449e-04
7.175221656655986495e-05
7.744224677146442290e-05
1.666651438304888374e-05
-6.890419125806089562e-02
3.314550137094237096e-05
-8.560422412786511392e-05
1.734180694177089388e-04
-2.036408736697202504e-05
-1.871312094290136438e-02
3.604621010360858349e-05
-6.990668979375398121e-05
-8.430149231668644617e-05
9.276133276632091574e-06
-5.760439721507043358e-03
-3.787999175042175697e-05
-2.465663224294058035e-07
-8.636329684185566102e-05
5.527990875626182118e-06
-4.707866792630259825e-03
-3.648196711476826544e-05
-1.848637564564941190e-06
-1.206977391471221028e-04
-2.704069738633737045e-05
-1.431123874845829100e-03
-9.300582639515668666e-05
4.548497163253798737e-06
1.045809380980729144e-04
8.920427955944854287e-05
-2.611918679142639227e-03
1.558205699101514966e-04
-8.386781341357978016e-06
-1.082988426252827312e-02
-4.103592793383093254e-05
-1.114756318986581131e-04
1.231502868605655054e-04
-1.588226878935995907e-05
-7.991344916972228235e-05
-6.819020463182126623e-02
4.899717407260575572e-03
4.899092342178701029e-05
7.029878222713354090e-05
-1.309462540936799646e-04
2.199933367776920300e-05
7.628463431339239649e-05
3.088683076073825418e-02
-3.373999571286819422e-03
-7.973181681079411810e-05
-5.751662999949614372e-05
1.564722522080664452e-04
-3.956640836563015025e-05
-6.985356355280363579e-05
-2.131939505615144601e-02
-3.267038965737775877e-06
1.539089522369308178e-05
1.569175434824402198e-05
-1.667502377093740633e-05
1.877117911972036495e-03
6.885045169389617361e-06
-7.894907866515488105e-06
3.659511990087504715e-05
1.224969559970072455e-06
-3.152545941679917085e+00
2.391853514129386404e+00
-5.176858990377826153e-01
2.298015280040132335e+00
2.110079947650036036e+00
1.710743032787543916e+00
8.073942563046440091e-01
2.649045582121402731e+00
1.182789466056518907e-05
-8.165825312352861711e-05
8.491778202303264808e-05
1.129305371994071550e-07
3.225274724213650183e-04
2.619326116597069185e-04
4.195697596790373218e-05
-8.272864777837985210e-04
-1.656879320866146794e-04
-2.087538102606912769e-05
2.954648437691966586e-04
2.872842744165639040e-05
-2.404175318533446350e-05
2.149103198265488852e-04
3.509328130702997478e-05
1.600518621252046029e-05
3.104346522999788457e-04
-8.880375949534013730e-05
-7.101071921473804411e-05
2.077153103329811273e-05
-6.901916909248384524e-02
-7.576842492990546851e-05
-1.663202868870657190e-04
-7.199163009061760308e-05
-2.767779343382177161e-06
-1.875475511158628331e-02
-1.011703129090244110e-04
-9.436968355637794068e-05
4.647015900795016541e-05
-5.557165831307428235e-06
-5.772371287986002332e-03
4.342322228242272760e-05
4.083378170584392209e-05
4.607840256767897535e-05
-1.034595046979897942e-05
-4.712896201171553646e-03
4.458692611308892335e-05
2.997238277797185601e-05
5.425101601268222105e-05
-2.713830397369731794e-05
-1.427899922083781777e-03
7.886883475082071687e-05
3.432883275838509793e-05
-3.101214027043677985e-05
4.825455967064255585e-05
-2.615299960089558385e-03
-8.824176950529192230e-05
-5.151171331741911789e-05
1.091704547860740046e-02
3.095688974295455814e-05
-5.528543988746626586e-05
1.434646515982296311e-04
6.600057195443745708e-05
-1.148331324093926440e-04
6.843670644778614143e-02
-4.953763245364033695e-03
-3.533785584499180401e-05
3.265299220655680946e-05
-1.356586261873713589e-04
-5.669487558911383718e-05
9.249173821385234424e-05
-3.098860180137941525e-02
3.424016489687741957e-03
5.003760348688875300e-05
-1.474532134810683799e-05
1.487230589242057033e-04
7.020319233028339155e-05
-9.379684023100824533e-05
2.137131479779449603e-02
7.367756238704293355e-07
6.579198534227190774e-06
-2.504015558292964111e-06
-8.942820893668141746e-06
1.879758623022473709e-03
8.556717741539871316e-06
4.294411566865450561e-07
-3.895783444495288660e-05
3.426118855470500126e-08
-3.152544621546356396e+00
2.391827790592517822e+00
-5.176797978121844279e-01
2.298003193445106618e+00
2.110098916006299063e+00
1.710752831011406627e+00
8.073909013273001811e-01
2.649042515546209842e+00
-2.006388965324892512e-05
-5.599920752918311883e-05
-8.247258444724249330e-05
-1.382184030288426775e-04
3.663696837936836377e-04
-2.431406541133395360e-04
1.738689725276684056e-04
-8.004393638279403344e-04
1.386049709987825351e-04
-5.264379374939457160e-05
2.966074111811595974e-04
-2.829642642766787709e-05
-5.676110377502059396e-05
2.207273406783428929e-04
-3.449255501557183266e-05
8.682583911954631830e-05
3.009343561386266619e-04
7.333319242597333262e-05
1.805711344565236361e-04
1.036229994318669557e-04
-6.875457406898562163e-02
5.486950013326380242e-05
-1.359654047613297490e-04
2.413531292117233841e-04
8.100312842363672551e-05
-1.868749324619517829e-02
6.865947512738515665e-05
-1.248061619455303746e-04
-1.212580773254386243e-04
-4.027246744987876895e-05
-5.752133237117599412e-03
-3.577349653785112351e-05
4.431290182511837187e-05
-1.132603744302291551e-04
-4.692484583465261695e-05
-4.697934302031748534e-03
-3.491657033202771486e-05
3.505599081169630862e-05
-1.477177430716076177e-04
-8.123679563333400296e-05
-1.427889771632564813e-03
-7.519782922208137249e-05
5.030936138877237793e-05
1.339295040963069312e-04
9.264935882110141247e-05
-2.600103090242526435e-03
1.105987244250180608e-04
-5.925209188659491207e-05
-1.089225190911880838e-02
-1.726957223188631957e-05
-1.747235726017961656e-04
1.643611494796595740e-04
-6.595774836143722397e-05
-6.568637136881863917e-05
-6.812372396389455853e-02
4.935970784266204524e-03
7.864133893369269768e-06
1.150588476199059266e-04
-1.355050893409367324e-04
4.536845787137628802e-05
5.659082942259313284e-05
3.084235980978829519e-02
-3.402271323800631821e-03
-2.183137309050091866e-05
-9.860085235812089026e-05
1.365185841277934131e-04
-4.469585923557904076e-05
-4.895137546230549216e-05
-2.126163916619891806e-02
-6.365214021909296215e-06
3.404508302788474190e-06
1.607803355936751524e-05
-3.167753574335641802e-05
1.875906849032053531e-03
-8.265030864087764264e-06
-8.168464072039199756e-06
3.764544651207392710e-05
4.137140636094286815e-06
-3.152593767053473606e+00
2.392027564573789178e+00
-5.177452148877988991e-01
2.298243458096000502e+00
2.110226307400010270e+00
1.710797507618882385e+00
8.073891649610774879e-01
2.649025262729844954e+00
-2.377714038744059078e-05
7.893863959597548869e-06
-6.656673784067912479e-07
-1.319373236630534381e-05
5.362586172332109002e-04
-7.736393263850624338e-06
-7.311472230449856638e-05
-8.772655946236224871e-04
-3.140166650704060520e-06
1.797999483786411466e-05
3.176646587897454660e-04
2.048351332023122103e-06
6.273178422469065884e-06
2.374583413839558422e-04
2.355487069669424683e-06
1.476445527366347128e-05
2.959612354516110290e-04
1.637611221645275103e-05
9.511310377849867530e-05
-1.020501240566482146e-05
-6.901908186460418981e-02
1.602435234380488360e-05
-4.974249659588444197e-05
1.614379985278976341e-04
-4.015477074247993865e-06
-1.876537433975054153e-02
-2.378232169059485413e-05
1.729536957133213801e-05
-6.253438831439696224e-05
-5.125802702417978540e-06
-5.796656554227155346e-03
-1.350545266129309270e-05
-2.979039895385301063e-07
-4.888096447044265787e-05
-9.373929095313037466e-06
-4.744873652324751653e-03
-1.717604631285426050e-05
-1.259866197729829176e-05
-6.967031857048160137e-05
-4.618881323293685864e-06
-1.465743036463261918e-03
-2.128587983434095967e-05
-2.507458924822264133e-05
8.963904466642767473e-05
-9.057196730208510788e-06
-2.601870377040812685e-03
1.400354411777430977e-05
-2.564043577841708003e-06
1.102368619496336966e-02
1.006716485690752755e-05
5.510440769208947210e-05
2.024077240609413464e-04
-4.289941079216968674e-05
-1.092937314871143687e-04
6.876204570277633099e-02
-5.002287289280296992e-03
-3.752549991058607565e-05
-4.031678412000735983e-05
-1.207964327440674140e-04
1.993237004127050845e-05
6.948940004529301922e-05
-3.111367669975347722e-02
3.447462078576719879e-03
5.154752860981595339e-05
5.248225760910707732e-05
7.101706163550706996e-05
7.100464038018097096e-07
-7.633854751275742168e-05
2.137524410952066148e-02
-1.974586871442656063e-06
5.746763506958918531e-06
1.469499054141133721e-05
1.335064137644410772e-05
1.878066819779173214e-03
-3.962829812782686954e-06
6.026084213639813122e-06
-2.900885144140369392e-05
9.045135427487074322e-06
-3.152575619221813064e+00
2.391976639993233178e+00
-5.177263617533983675e-01
2.298170345382220869e+00
2.110177326961336419e+00
1.710779699917087671e+00
8.073905672048155013e-01
2.649030607438058293e+00
-3.010303605988296416e-05
-2.356885950489018191e-05
-6.163877201390477109e-05
-8.662538675347972433e-05
4.662585761454593513e-04
-1.375754188330899786e-04
4.804097483541222970e-05
-8.640670656300690261e-04
1.170175107255930506e-05
-1.443212655654568451e-05
3.136903544398841675e-04
-1.210708758794137342e-06
-2.410832152262783098e-05
2.297510095472470157e-04
-1.643071282506295013e-05
4.856611763952657418e-05
3.122708752280926002e-04
6.663000858040697824e-05
7.139317841928336135e-05
7.236533991046308729e-05
-6.907004906709465764e-02
7.324131670201573980e-05
-3.392985804931503775e-05
2.446605856277904889e-05
3.172953004337769947e-05
-1.879327105769820760e-02
4.602612266416434444e-05
-3.695523022229093928e-06
-3.064079250105960697e-05
-2.350123706858278639e-05
-5.789893015662721937e-03
-3.690789809523185394e-05
1.138634621161043183e-05
-2.618689944224604130e-05
-2.996078269997926957e-05
-4.734885814864184250e-03
-4.043156136468721069e-05
1.243380338168876458e-05
-2.644266651623719652e-05
-3.829806314621029802e-05
-1.447447254494330700e-03
-4.283975385252983953e-05
5.688370888864071749e-06
2.443486653042830048e-05
2.079458628329445939e-05
-2.620086806070845258e-03
1.276986172039114835e-05
1.945039515575510748e-05
-1.102357273209398497e-02
2.822428870716855694e-05
-4.301765303135242097e-05
2.384586686489491292e-04
-4.095490880631438456e-05
1.703223268954292234e-05
-6.875236070388085485e-02
5.006385033503590876e-03
-1.668824945285382697e-05
2.833225066222417124e-05
-1.468035105597429585e-04
1.953060114802201118e-05
-1.032831519639410445e-05
3.110896611333726497e-02
-3.455742185777328779e-03
1.111463150487871981e-05
-2.299468741915799074e-05
9.936249234706283351e-05
-6.403843133865417874e-07
1.335394616272568839e-05
-2.138775586076031854e-02
4.203783146222425714e-06
-1.163106717225062883e-05
-1.911450251197459782e-06
-5.419578568340274239e-06
1.877454509840969978e-03
-4.812165264150164174e-06
3.191875218596392069e-06
3.406853749514995042e-05
2.154704106783301510e-06
-3.152544623436609683e+00
2.391827794154128828e+00
-5.176798004207627812e-01
2.298003195491975514e+00
2.110098913307175472e+00
1.710752830438985184e+00
8.073909011599121888e-01
2.649042515558910793e+00
6.139649779141935168e-05
-5.599958802619819931e-05
-5.859269267652355857e-05
1.414597441370960473e-04
3.663685111496527147e-04
-2.412162752379312311e-04
-3.309651084450571063e-05
-8.004391091707364816e-04
2.198703574645983344e-04
-1.820138704681325723e-06
2.966070501200220662e-04
-5.973935526353961353e-05
1.489240748493859251e-06
2.207273290674783336e-04
-6.640682279467069460e-05
-2.010173200375568162e-05
3.009334614663327842e-04
1.118731890166350983e-04
2.744780081317709289e-05
4.294263571889909547e-06
-6.875457699779330412e-02
1.171713349710063433e-04
2.243371945474593229e-04
-1.260276288062740226e-05
-1.895879070476933018e-05
-1.868749617180856526e-02
1.044794414425864650e-04
2.714339666749320651e-04
2.225342975579523252e-05
1.084443921525054763e-05
-5.752130847723044803e-03
-5.276403312762980159e-05
-1.271708277541340796e-04
2.626991432345111388e-05
6.776142492254216392e-06
-4.697932185358125699e-03
-5.809685128478923660e-05
-1.156150859413288792e-04
3.028278106113594010e-05
2.450505740401971922e-05
-1.427887385432746780e-03
-1.079530677480733066e-04
-1.530777443951176207e-04
-1.563890210866996570e-05
-4.945741737962224205e-05
-2.600105678582651132e-03
1.355373778544932185e-04
1.456012384411011504e-04
1.089225618163298590e-02
6.552111385806465771e-05
-3.024496893929014794e-05
1.643603723878311884e-04
-1.842879172448488607e-04
1.788854823516709130e-05
6.812372922151452292e-02
-4.935971670582338724e-03
-5.294148848291373925e-05
1.824347068783656106e-05
-1.355050161584089863e-04
1.223235311082545174e-04
-2.148534231985140854e-05
-3.084236410771871995e-02
3.402270496932926873e-03
5.330941602757797515e-05
-1.059699478653161045e-05
1.365190322501069753e-04
-1.077341951695612939e-04
5.569208055311667543e-06
2.126164529774042522e-02
6.765554949850545615e-06
-3.404923779239216685e-06
-9.665330791793848612e-07
-8.681369421153600470e-06
1.875908193101598646e-03
-3.156601212947593351e-05
1.801046474402510922e-05
-3.764518797417292580e-05
3.434253089654846114e-06
-3.152593768237326177e+00
2.392027568031161788e+00
-5.177452177672084987e-01
2.298243461472945892e+00
2.110226305797134216e+00
1.710797507729531430e+00
8.073891648266219301e-01
2.649025262747201293e+00
-1.128644125958484735e-05
7.895423004069819072e-06
-2.094749069960112490e-05
1.637741442946669210e-07
5.362618303438653963e-04
-1.535947388260638664e-05
-3.384136766691856098e-05
-8.772666576236760275e-04
-6.488027389758058941e-05
7.212950699471734889e-06
3.176644558746521008e-04
1.659653631540305635e-05
1.090537625499791351e-06
2.374583860515252901e-04
6.616628270155985089e-06
-6.790870670438836946e-06
2.959600937504539117e-04
2.096023408286941012e-05
-4.497646053594202102e-06
-1.898166085786051399e-05
-6.901908425525270230e-02
-8.266533888561986530e-07
1.072157708565756431e-04
-9.568974920300999960e-05
1.858807715921610162e-05
-1.876537109123316283e-02
-1.536942858703911705e-05
1.311662147727042302e-04
3.151999943855932513e-05
9.132646046758502738e-06
-5.796656920484624144e-03
-1.119149695402840618e-05
-5.400873536705383252e-05
3.534779855120808817e-05
1.018732965356436340e-05
-4.744872783174952646e-03
-1.670585265349951279e-05
-3.603297726168766708e-05
5.655119471671708265e-05
1.612369873037687010e-05
-1.465735998701644949e-03
-1.464263919353600454e-05
-4.779758118522448853e-05
-4.260603125418671664e-05
-1.665521128550509546e-05
-2.601885459583131929e-03
-8.425287299765115779e-07
7.890944536575154747e-05
-1.102368924681274356e-02
8.961641442075665362e-05
6.470189616175578168e-05
2.024075849117873416e-04
2.627248453471799387e-05
6.336520909125181386e-05
-6.876205839789256702e-02
5.002289584688681193e-03
-4.141622643644463867e-05
-3.741949561843100909e-05
-1.207961314906563083e-04
-2.494813144308700455e-05
-6.724289900581967554e-05
3.111368382130908633e-02
-3.447463742088670898e-03
4.033684939753210200e-05
2.562655930887863213e-05
7.101638160443742021e-05
4.580422151514572816e-05
8.281083166115552584e-05
-2.137525046323946604e-02
8.820733271818102729e-06
-5.746703720614003506e-06
-1.256424760423084381e-05
1.010677093343259229e-05
1.878069181377317034e-03
9.580854078411069009e-06
9.714056178896301411e-06
2.900909010627577287e-05
-2.816563793290720883e-06
-3.152526736721223966e+00
2.391754031562080218e+00
-5.176560352187588032e-01
2.297934393283981525e+00
2.110097042830946457e+00
1.710756845898053990e+00
8.073896955705253120e-01
2.649044607445841137e+00
6.550030358152681266e-06
-8.620338406780455199e-05
2.431573974628106326e-05
-1.980175243853390639e-05
2.926653552143216111e-04
-5.609794356970171716e-05
6.720007436809349117e-05
-7.771155153433976105e-04
2.033367588603517335e-04
-1.362282220234678217e-05
2.916032156092773732e-04
-7.230260597519843247e-05
-8.507315108456172152e-06
2.252693532301402069e-04
-6.056625099640213856e-05
6.014848190227147233e-06
2.706654227801890160e-04
1.216728196235783411e-05
-2.016052959086345555e-05
-1.724055774499750303e-06
-6.894015345075377166e-02
4.804236690789099023e-05
2.061743982887422055e-04
-1.857706548169547336e-05
1.409202954669435542e-05
-1.873684077197828104e-02
-1.306831617764279426e-05
2.038553691739877045e-04
3.791406354909298971e-06
3.898170581419753227e-07
-5.772529742700636436e-03
1.280654578297972274e-06
-1.053167073609608407e-04
3.582038646591673237e-06
-3.557057028117925385e-07
-4.717770565492216024e-03
-4.598649792248076993e-06
-9.343687823104961511e-05
3.580251200926548436e-06
-1.495271751122855966e-05
-1.451573777202692667e-03
-6.691739430266795976e-05
-1.332680600810280691e-04
-9.336122338851200980e-06
3.478490153230758529e-05
-2.579363258978808766e-03
1.618977104054718469e-04
1.522656389429256473e-04
1.085561026870069702e-02
-3.338914520805357725e-05
-1.614036515247709415e-05
9.570420169216498074e-05
-1.208890810042025869e-04
7.154753933521790926e-05
6.812739915501836441e-02
-4.923783815842190832e-03
2.709569308635105804e-05
2.013663620614202020e-05
-1.107683467897069979e-04
8.306058079476284989e-05
-2.750318620934775679e-05
-3.084171447521722592e-02
3.401447231882462167e-03
-2.901497133993216350e-05
-3.393920416947115320e-05
1.363461331038498536e-04
-8.075766377864309351e-05
-1.320479338283117067e-05
2.126848061692939926e-02
3.142682085949205999e-06
5.220796302183352547e-06
1.541126108690128352e-06
-3.824867328065903894e-07
1.889314181902810533e-03
-1.294963702252500829e-05
1.354076415123543460e-05
-3.929637458737108831e-05
-1.674985070352827659e-06
-3.152524977659506789e+00
2.391756550089132016e+00
-5.176556555180912289e-01
2.297913052377789533e+00
2.110054507295426429e+00
1.710741495944863466e+00
8.073920647702049758e-01
2.649047845088060793e+00
5.479960984679672084e-05
-1.061560918291335354e-04
9.698475041101242765e-05
2.189018636884630577e-04
2.673129552342580310e-04
1.913824746444369590e-04
-1.967386592495246121e-04
-8.041366232852675822e-04
7.750211544806088522e-06
4.727881206861556904e-05
2.848713562374895572e-04
-2.883898568687743327e-05
4.384447735500498670e-05
2.066425431604716420e-04
-1.782244693014280342e-05
-5.903000614573830564e-05
2.997050668188268839e-04
-4.129141714195688989e-05
-1.128591841669262684e-04
-3.703568635243941506e-05
-6.890418804357885396e-02
-2.139135387400794945e-06
-2.426886117662288393e-05
-1.472576543980165997e-04
-2.103426473885746599e-05
-1.871312493154288908e-02
-3.565853123577358158e-05
-1.152254240151085829e-04
4.194185249459833446e-05
2.816729418177715404e-05
-5.760438229656330948e-03
2.697333648826692461e-05
7.313154851169945494e-05
4.158719846320661648e-05
2.883081171248096932e-05
-4.707865146861124270e-03
2.302848411340772451e-05
7.571981339178857290e-05
6.429463149390944230e-05
9.406627815012732412e-05
-1.431121876140385978e-03
2.308523810936374192e-05
1.022668974301084704e-04
-5.954902602644013992e-05
-1.795466834830885855e-04
-2.611921348036192435e-03
-6.572590067644042394e-07
-8.640227788609273476e-05
-1.082989774713348334e-02
-4.868920300435007273e-05
6.948300755324032622e-05
1.231500063273438528e-04
-8.860349490051393998e-05
7.549520469563660192e-05
-6.819021548582401837e-02
4.899733004773977954e-03
4.156901653640113561e-05
-5.419774405656871408e-05
-1.309464332852703500e-04
4.988140335331962241e-05
-8.057022531694920352e-05
3.088683415977176716e-02
-3.374020354016358907e-03
-2.062941624978418837e-05
6.302533107995102581e-05
1.564726030143532426e-04
-3.002507750508671069e-05
1.039772380327230869e-04
-2.131939907716294894e-02
5.682880616220939473e-07
1.539067534189427801e-05
-1.468307845244856604e-05
2.374412729448790657e-06
1.877120239044555335e-03
-1.788381762022040025e-05
-9.641043605860307852e-06
3.659504747911754557e-05
-3.446095540982047718e-06
-3.152550837283442320e+00
2.391835286505533009e+00
-5.176891251085753431e-01
2.298061257503392074e+00
2.110208194739541909e+00
1.710806207956916625e+00
8.073862263392562744e-01
2.649030878776008180e+00
-4.298584853239657789e-05
-6.049079066130770522e-05
-5.891203044857036292e-05
-9.571879676101534013e-05
3.578773359257699915e-04
-2.543509924723054861e-04
1.782019734934332076e-05
-7.987130532865489418e-04
2.558966741931593394e-04
-1.816490701968173413e-06
2.991344119941038711e-04
-7.062774466784209229e-05
-1.893544270865505497e-06
2.442190665283176863e-04
-6.295238478841215523e-05
1.886122135810437703e-06
2.214926890767842933e-04
5.097799439132517864e-05
1.822200148062153632e-05
-2.288789779617082104e-05
-6.892950404631938144e-02
3.659654663842729951e-05
1.644481909760681657e-04
1.605174648760261777e-04
-3.840548762996400488e-05
-1.871412616632218279e-02
3.362979016909023325e-05
8.210328777971063465e-05
-6.681284334073085067e-05
4.433597905584461753e-06
-5.795681691185616130e-03
-1.614830290095230133e-05
-3.548734790182657699e-05
-6.014347847776674945e-05
-3.605992895900863617e-06
-4.754367019310697801e-03
-2.242174496061309898e-05
-2.691825167936866601e-05
-8.437217087033785563e-05
-2.668809389640883591e-05
-1.513202384850454840e-03
-1.101469984059763412e-04
-5.071170922138264084e-05
7.890962399529521292e-05
4.693553701807924675e-05
-2.540344744614651123e-03
2.236379664772105455e-04
8.873861872064960099e-05
1.084525267749080445e-02
-6.143706516551850419e-05
1.101532516784561389e-04
3.769565570956381895e-05
-8.232783962015301216e-05
1.296346831788160354e-04
6.843634142290178080e-02
-4.916762567799385503e-03
5.120066210040981509e-05
-5.810471778420245493e-05
-6.189184646550154045e-05
6.186793220429515679e-05
-7.261006458964458423e-05
-3.096415313943995037e-02
3.392989938554271528e-03
-5.418193384798883480e-05
2.307543516978555716e-05
7.673753958790940910e-05
-6.713742109801988872e-05
3.985878878110183298e-05
2.129958535993941096e-02
-6.981367117400342310e-06
3.706913654942360376e-06
9.551821996161272881e-06
2.807488468992897678e-05
1.897478166164450223e-03
5.334664218642286813e-07
4.171741295952273183e-06
-3.165493950951406261e-05
-9.909311134769372819e-06
-3.152537577127421997e+00
2.391781272854405671e+00
-5.176706050691097794e-01
2.298012757189932476e+00
2.110219525902474302e+00
1.710818134049892691e+00
8.073838901727548034e-01
2.649029329076262762e+00
4.777410762500268059e-05
-8.545035511597239811e-05
4.733898776988256369e-05
1.913144365223712470e-04
3.081273163251696708e-04
6.345822053904456080e-05
-1.791842633560628527e-04
-7.944404649771019504e-04
5.702533940668769522e-05
5.294563874177884500e-05
2.954588285100221063e-04
-2.523710563771207791e-05
4.020840466881021229e-05
2.442292391011810699e-04
-1.768949337345103085e-05
6.524802030621760021e-07
2.030489485265221357e-04
5.249844524395650205e-06
-4.902105877673023152e-05
2.093456253098025226e-05
-6.901914817876710073e-02
3.368115776803803224e-05
-2.580828864642750048e-05
1.868433785949783789e-05
7.788028176627972130e-05
-1.873701542720001417e-02
2.853936093455899329e-05
-1.652730556839481087e-04
-2.982863266537150735e-05
-7.004535906650940624e-06
-5.808229819003548830e-03
4.267386923291737735e-07
8.154092055172471401e-05
-2.612242905238215237e-05
-1.470001577994860113e-06
-4.771720081846606877e-03
1.729486022404881358e-06
7.896496335951664193e-05
-1.851230952023367733e-05
8.646080062271849459e-05
-1.534525254458847781e-03
-3.358102635546387506e-06
1.159324737534734228e-04
1.329545403793133056e-06
-2.270452332014816904e-04
-2.531614641944063184e-03
1.733707041227556885e-05
-1.190367750417986332e-04
-1.085330940517209922e-02
-1.161647255846828396e-04
-4.538497596747511492e-05
2.118171408870689332e-05
-1.315147168266773362e-04
4.210261740076205045e-05
-6.845460186933938207e-02
4.907949814325872351e-03
7.042141926157667782e-05
1.808404982994347380e-05
-5.102074285425785283e-05
7.600811235265675446e-05
-4.670407346950918200e-05
3.097673815629287120e-02
-3.373104953848501952e-03
-3.223484890225213273e-05
1.145662312735122503e-05
6.783953598969716392e-05
-4.996037526589854505e-05
6.744786274432508413e-05
-2.130963390701092267e-02
-1.642844182817907020e-05
1.158052862945064599e-05
-5.386416083833585246e-06
-3.176954174939953211e-05
1.905600845442540761e-03
-2.320829116079730058e-05
-8.610619350683654987e-06
2.895448954221587810e-05
-2.647258383644331570e-06
-3.152540880368303711e+00
2.391801604805538606e+00
-5.176748532663059121e-01
2.298002820831920978e+00
2.110161005164169268e+00
1.710792249316974267e+00
8.073882846843960515e-01
2.649036179111463163e+00
-9.264759861146308791e-05
-1.045229068412112405e-04
-2.368587879601958450e-05
-2.706598520299368640e-04
2.796612641707747239e-04
-1.393636014669734358e-04
1.539897198310116570e-04
-8.238236479529124651e-04
1.784324928125782773e-04
-2.789447075708014205e-05
2.873231184745932815e-04
-4.616754795757993881e-05
-2.375780497009008261e-05
2.234632510242220505e-04
-3.708025790616330806e-05
3.464640750950624877e-05
2.395422527081288687e-04
1.827233216430141217e-05
-6.131357017622531295e-05
-1.891289117681793988e-05
-6.903610782466444717e-02
3.979639103462301319e-06
1.127869690481198787e-04
7.624214508292339676e-05
-8.606746280332160017e-06
-1.872215219008117187e-02
-2.180530798133064978e-05
4.472534838487246040e-05
-5.256697402498325259e-05
-1.149927133817265344e-05
-5.795542084822309647e-03
-5.469518284768853228e-06
-6.146411433356063430e-06
-4.984769641770916444e-05
-1.603374468432524561e-05
-4.755338087604498755e-03
-1.260046072031675360e-05
4.580482549817548293e-07
-7.511023829706670800e-05
-8.197174602562202063e-05
-1.501838260656978988e-03
-7.849718168124330967e-05
-1.101466416804074505e-05
8.249433673630598052e-05
1.647827650929479897e-04
-2.567463638182098610e-03
1.663877333882248150e-04
4.394273292462955031e-05
1.085051367189835726e-02
-1.189354313908157820e-04
8.033206465899106821e-05
2.235987728715221889e-05
-3.115925526983175271e-05
1.053310928697486328e-04
6.854364702315654534e-02
-4.923052484694757230e-03
1.016134674341615993e-04
-2.971015803869065308e-05
-6.789244855119093425e-05
2.666017197145386080e-05
-5.757485194520249637e-05
-3.103972182617965869e-02
3.403771256639541096e-03
-9.904119200308114787e-05
-1.753082677280880133e-05
1.014398048156707477e-04
-3.355248846332068791e-05
3.156449268428156737e-05
2.138561198459492871e-02
-7.925883610969091503e-06
3.812996110563320355e-06
5.265932462328310045e-06
3.155392579736642292e-05
1.894035156926498781e-03
7.364815124219281162e-06
-3.934615847460016798e-06
-3.386303993181646367e-05
5.305735408669634166e-07
-3.152538603856448685e+00
2.391821100014737578e+00
-5.176759124643047771e-01
2.298057886168405783e+00
2.110259666433779824e+00
1.710836822806015789e+00
8.073846592318172366e-01
2.649027322813699126e+00
-1.614044868222379867e-05
-9.482617837516739596e-05
7.120176469656850282e-05
1.788519874300841493e-05
2.882109006230840383e-04
1.475615265503905211e-04
-9.610551769435105366e-05
-8.113825905180917057e-04
9.061090600567799373e-07
4.462610366954228660e-05
3.002204478507695127e-04
-7.243323370270183639e-06
1.708238441508579938e-05
2.562674429050356903e-04
-6.535315197587047929e-06
9.669080121644297481e-05
1.724847225897929975e-04
2.518495605501337359e-06
9.214318641219431706e-06
1.269137169606529385e-04
-6.909676554462827747e-02
4.428459037948294288e-05
-2.712130146715740348e-05
1.128555979868687111e-04
1.780417499592761162e-04
-1.875969755921078411e-02
3.111050436274210088e-05
-1.905322329355492244e-04
-5.968902245008301567e-05
-5.722720194118470743e-05
-5.824794281569420015e-03
6.450029220453280983e-07
9.600599583629188677e-05
-5.087556950671503781e-05
-5.182589881450308988e-05
-4.791391741661279145e-03
4.309427683619695580e-06
8.830605589440964297e-05
-5.403780290592605543e-05
3.010046215943975971e-05
-1.581347661575718995e-03
2.672518660577613201e-05
1.160826927815253339e-04
4.818373634452391158e-05
-2.007253126313107456e-04
-2.463533990500486708e-03
-4.924263864088296208e-05
-1.076676688718439365e-04
-1.087234529210903689e-02
-7.993329471007028057e-05
-1.513181525051941051e-04
-4.362919622470998182e-05
-1.233924834474938435e-04
6.633062132329042154e-05
-6.842770780740813075e-02
4.920344329154911767e-03
3.616122200291263002e-05
8.038980973390440449e-05
-1.306254275737495085e-05
7.140815336460575556e-05
-4.439380575199072983e-05
3.095738959798407380e-02
-3.382727859359291930e-03
5.277741506665948202e-06
-3.222197798486135009e-05
3.533636402484885419e-05
-4.789600617163810106e-05
4.571599770111713524e-05
-2.128720360033863057e-02
-1.944511608179592358e-05
6.603902435747646376e-06
-3.450469115489837590e-06
-5.163501650598186654e-05
1.929250021444972509e-03
-2.988266475476650133e-05
-9.443026874771760434e-06
2.714900276182240777e-05
-5.111639100129479430e-06
-3.152544356001602210e+00
2.391788666317746781e+00
-5.176694902875593751e-01
2.297975950225725761e+00
2.110120056917730746e+00
1.710774437736131581e+00
8.073903715389022517e-01
2.649042098422969449e+00
-1.067785777962514094e-04
-9.584653759459646049e-05
-5.064187886938829506e-05
-2.554059379593411625e-04
2.887079836965070895e-04
-1.558537434963748860e-04
6.707770660873592773e-05
-8.174072828495468736e-04
1.040526216524505985e-04
-4.835919141621263537e-06
2.803475019726615891e-04
-1.526491566450329112e-05
-6.149627469985941236e-06
2.153677480768502483e-04
-1.367970727558143719e-05
2.823676935961819421e-05
2.499955499081460181e-04
2.349668891557742361e-05
1.047646639470121988e-04
-2.638100287124232370e-05
-6.892886733777808805e-02
-1.248662906568032659e-05
-1.181008925855661119e-05
2.516256304848049391e-04
-7.531947660399104317e-05
-1.866366420353399863e-02
-2.666532697273937369e-05
-1.055564081236448550e-04
-1.437022543034144275e-04
-1.002464520069373203e-05
-5.774863835644256788e-03
-1.130458535226393246e-05
7.255129091175333586e-05
-1.268199240546481407e-04
-1.983951072528930093e-05
-4.731157017967562925e-03
-1.722732170799873091e-05
6.848763222108646045e-05
-1.662136262279695885e-04
-7.798350822236474770e-05
-1.474948117788749038e-03
-6.220518137720670230e-05
8.682119976893696222e-05
1.643248753414064357e-04
1.472912044079124406e-04
-2.573861141095458872e-03
1.144650593310707869e-04
-6.904397383901159720e-05
1.077333524545044489e-02
-1.470040861504331997e-04
1.712283383252093680e-04
-1.778961627680111790e-05
5.335586426195848813e-05
1.086271752115729270e-04
6.819334021455261685e-02
-4.874829443540537426e-03
9.861715173417021259e-05
-9.784204108447393331e-05
-6.334283281052462133e-05
-2.373457374647239704e-05
-7.087563529682705532e-05
-3.091240747141287687e-02
3.360303209224543321e-03
-7.941539087596006900e-05
5.375552162277743185e-05
1.235649058353195662e-04
3.559183929417036873e-06
6.208858738980337468e-05
2.133910776677195448e-02
-1.486126277524238068e-05
-1.087516150464664336e-05
1.710081229235396738e-05
5.128878202172451812e-05
1.884209090533314106e-03
1.857948597998841525e-05
-1.247002641528653752e-05
-3.403688395464633462e-05
-2.850644792425888305e-06
-3.152550468996354827e+00
2.391897145089658228e+00
-5.176940111272627654e-01
2.298143158474411862e+00
2.110310062187699121e+00
1.710855036372735061e+00
8.073849609375843839e-01
2.649022573831210092e+00
2.844155720357571348e-05
-7.621066281814157638e-05
-6.548726551731180972e-05
7.370114389749810209e-05
3.296039838092995784e-04
-9.800208833502167165e-05
-2.659885929987267712e-05
-8.381097081753812600e-04
-7.966791121796461673e-05
2.342263555646878172e-05
3.093142857285138066e-04
4.041203582002272785e-05
4.436442558676825066e-06
2.697069683794745725e-04
1.764217201888020040e-05
8.380652452203613304e-05
1.526767108848400075e-04
9.433262356141316129e-05
6.350916497304564569e-05
1.197313648722657387e-04
-6.905131913309546510e-02
9.106951050864896344e-05
3.222575916558264924e-05
2.518571322129413035e-04
1.374939992903165438e-04
-1.875922774791768943e-02
1.239530547579115270e-04
-5.091041763796057685e-05
-1.203622866160250732e-04
-5.065062783295501544e-05
-5.829937167136263476e-03
-5.366121210069742481e-05
1.982271210336180963e-05
-1.076835550020101349e-04
-4.616754402196193301e-05
-4.798115486066864208e-03
-5.326938731751479264e-05
2.420242336169872857e-05
-1.304443833161066796e-04
1.410125015711199080e-05
-1.613720115742586000e-03
-5.343492686264405254e-06
2.577225478487922615e-05
1.063000462208062982e-04
-1.401088886472873554e-04
-2.400510007113997556e-03
-1.188078624656211134e-04
-4.404239218837573149e-06
-1.077898463729828719e-02
-1.551598821412326565e-04
-1.911014098880179214e-04
-7.349084337928551980e-05
-6.747518451137011792e-05
8.858760543968536259e-05
-6.836125913047262637e-02
4.866949236386673011e-03
6.914930349497991867e-05
1.127000442043938635e-04
1.158866667886650215e-05
3.015695229356775338e-05
-3.445877305362086062e-05
3.091400532430187142e-02
-3.333661278235949821e-03
-2.921676654253646272e-05
-6.718356565557849936e-05
1.770830655863434022e-06
-8.892039560379693622e-09
4.696085656282668742e-06
-2.123292099562012689e-02
-2.561905566809571618e-05
7.886003197178794279e-06
1.413357966843797366e-05
-5.645031385148603610e-05
1.941033531400820043e-03
-2.090714334792195377e-05
1.490246876474403610e-06
2.251829274838417221e-05
-8.777974795885349127e-06
-3.152538076687379842e+00
2.391776974001061262e+00
-5.176625713716407340e-01
2.297921263250634727e+00
2.110033777846972658e+00
1.710738480354129232e+00
8.073945737044577742e-01
2.649050535236916026e+00
-1.275938861758557424e-04
-1.215697558271536596e-04
-4.333625114920759778e-05
-3.227127772232254044e-04
2.452102326698881764e-04
-1.223191897496377339e-04
1.133346726661861896e-04
-8.352340736910608687e-04
7.532295088097378129e-05
-1.494485370885963177e-05
2.728763691064824332e-04
-4.540089734493490057e-06
-2.776866177212055780e-05
1.921749870129606003e-04
-1.184337311125250598e-05
9.427789269631533901e-05
2.982169035657064333e-04
4.836934229310244223e-05
2.678671836900902402e-05
6.420931744046363965e-05
-6.903052696090657137e-02
5.640764653654312469e-05
1.574573749027572290e-05
1.087744856546433850e-04
3.085801708347597262e-05
-1.867960159886641880e-02
-1.893494334103020113e-06
-4.630661343637884207e-05
-8.189233643766732494e-05
-4.703008626291680142e-05
-5.762211572875842840e-03
-2.878233963367418126e-05
4.248056846995258191e-05
-7.353044636576258489e-05
-5.367604253539942996e-05
-4.714737674667127815e-03
-3.253702876397045727e-05
4.734045395870223035e-05
-1.012143072798709649e-04
-1.002926388054115709e-04
-1.435296199031033375e-03
-4.556085804441836496e-05
7.092395070478740827e-05
1.048995371912833858e-04
1.287721225208879187e-04
-2.624855270250363477e-03
3.864463369067013958e-05
-5.199592811885755164e-05
1.077342518349742699e-02
-1.391788710864902672e-04
4.676208968054868312e-05
3.092649817770798393e-05
2.858632694840220357e-05
1.534552824613553447e-04
6.837620057488308367e-02
-4.868121293596062819e-03
1.021773823055771233e-04
-2.367471435992017995e-05
-1.008241031962217593e-04
-9.773862146391851247e-06
-1.133821208812755090e-04
-3.101811871403519633e-02
3.352917233086540917e-03
-9.151003025736963127e-05
2.114859478434170069e-06
1.627031641111727212e-04
-1.155942608604194655e-05
1.149500928928054834e-04
2.144851802074676517e-02
-1.313063014614197711e-05
-2.261808576230217322e-05
1.119386875793795658e-05
2.449513343139137172e-05
1.869119995553957881e-03
9.121343246089438830e-06
-1.257851415545837583e-05
-3.645483939400652544e-05
3.966620769423165500e-07
-3.152534137686033855e+00
2.391863911337474669e+00
-5.176811049340932502e-01
2.298102217339145881e+00
2.110305632993215053e+00
1.710859139435234599e+00
8.073837893467258331e-01
2.649019570230386034e+00
-1.233125487950640406e-05
-1.208763284910204221e-04
-1.653496136478007511e-04
-2.096363636664173706e-05
2.638409666513227836e-04
-2.607962012851096616e-04
-1.126427029420807609e-05
-8.749893831426864763e-04
-1.511101876525758054e-04
9.413913940050785495e-06
3.045794698234731207e-04
8.273922176642763149e-05
3.211245714544831367e-06
2.538972954542556776e-04
3.438333829888503228e-05
2.593520073675971869e-05
1.739733166096410206e-04
1.603905852368975728e-04
3.439030023247215823e-05
2.745437731113117624e-05
-6.892379399375966886e-02
1.170592877454413845e-04
1.355011165532760391e-04
8.507576103569115236e-05
4.152057146543219467e-05
-1.875379789881405357e-02
1.904540579622560103e-04
1.601953133923341853e-04
-4.085514511618592134e-05
-1.812898464378674947e-05
-5.824867497402415328e-03
-8.671844066426872524e-05
-8.786999628331738238e-05
-3.466689059079595774e-05
-1.520480504997943064e-05
-4.797314494505030245e-03
-8.391062438300222527e-05
-7.526642432202335336e-05
-4.673421742062231491e-05
-6.491145168030058594e-07
-1.601204400279958220e-03
-1.701905636878815774e-05
-1.197297227420968070e-04
4.362584920338434611e-05
-3.250077446478455016e-05
-2.439409109238311127e-03
-1.590183138879133838e-04
1.531727675435747623e-04
-1.084188621834595613e-02
-6.191085759968905332e-05
-4.537918229661000447e-05
9.446123250513721592e-06
1.481913707115868530e-05
-2.016789420086458409e-05
-6.842874654850554517e-02
4.899076265768569083e-03
3.039066364428583220e-05
2.486728589851107025e-05
-2.418256969875451357e-05
-2.400524978945121977e-05
2.618714339125373033e-05
3.092553813408396163e-02
-3.355286238295000344e-03
-1.902556347613038089e-05
-8.911781589137296396e-06
1.647082521607882988e-05
4.994292569479371756e-05
-6.191807654709786946e-05
-2.121595649901420605e-02
-2.474972090161665765e-06
3.254613159733700067e-06
7.520485328429174195e-06
-1.498183504116109701e-05
1.938679903315505305e-03
-1.061862742056932495e-05
2.430910994070332445e-05
1.529970494159915749e-05
-9.119080975558837383e-07
-3.152574193388951951e+00
2.391930887829124774e+00
-5.177109318481191158e-01
2.298104536787587193e+00
2.110123530052535834e+00
1.710766986147698843e+00
8.073948278167573100e-01
2.649039768549899421e+00
2.448395637539443906e-05
-7.541714561622398037e-05
3.204049181804950047e-05
3.972291089439596625e-05
3.679606461675284136e-04
4.754478397254885695e-05
2.081332033939894028e-05
-8.924106806375375987e-04
5.680158765729390741e-05
-1.826702621032299799e-06
2.897870042730105568e-04
-2.076770439561906269e-05
1.829696201682567646e-06
2.022933409269852200e-04
-2.290481153440150058e-05
-3.942373544913887036e-06
3.077938052252936684e-04
9.878971781182934348e-06
8.840847040062422603e-05
4.771238833794347388e-06
-6.919913067219503333e-02
1.002740256967555644e-04
1.298023591485867809e-04
-2.460255529008145318e-05
-3.538276334805368653e-05
-1.873306029474629264e-02
-1.066397060761925021e-05
1.146329451830792746e-04
-1.538300814340731986e-05
1.242212474263761697e-06
-5.789945187103486685e-03
-7.785533142711162493e-06
-6.134905314445591594e-05
-6.520876687686579849e-06
5.022648492241189378e-06
-4.740390745118993124e-03
-1.341389601035278175e-05
-4.265773370823018010e-05
-5.120805157435886676e-06
-1.096671443013247469e-06
-1.449161090358870368e-03
2.705711920316706707e-07
-3.528168166875330757e-05
3.003432870585298335e-05
2.912091295724688938e-05
-2.630941450000368487e-03
-3.762772119083899265e-05
4.574395694789573402e-05
1.091881188158535382e-02
8.213009012028777995e-06
-1.268999701563967115e-05
9.024513914219697841e-05
-3.423515806569364488e-05
1.322616876110512679e-04
6.881955283248460120e-02
-4.948656133009328439e-03
-5.486851901441758858e-06
8.682641979059230067e-06
-1.052370073930126299e-04
2.816052326538002895e-05
-1.092963276261083635e-04
-3.120313907620039795e-02
3.414921378894122256e-03
1.638543201089621309e-05
-1.239186587756241006e-05
1.213257290717823650e-04
-5.088228574045707106e-05
1.183814627756040014e-04
2.152881662793280221e-02
6.444108385089878754e-06
-5.851697099145933593e-06
-5.541504477750108077e-06
-2.505136310799747074e-07
1.867423928416088799e-03
-4.035338579489502467e-06
3.544269984802003465e-06
-3.473091246254238771e-05
-6.404704989343976747e-06
-3.152539254646691713e+00
2.391833987487651747e+00
-5.176791317617442933e-01
2.298082651665682707e+00
2.110293126745124148e+00
1.710850083275755384e+00
8.073822813543829469e-01
2.649021359991393432e+00
-3.056812975930270468e-05
-9.068885231184638110e-05
-8.915616815692662734e-05
-5.501329340646992689e-05
3.106631246238035493e-04
-8.454426787472478467e-05
-3.134638518188749209e-06
-8.355799198848565777e-04
-1.900317334114547336e-04
1.639304841756722089e-06
3.032316758164024578e-04
8.476891890846136566e-05
-1.297291569208692473e-06
2.562091480735221661e-04
4.981129269148786232e-05
-1.856556178956166411e-05
1.752364584683494399e-04
8.917916987797648055e-05
-2.268112206789949827e-05
-3.797150732664069175e-05
-6.893605560216747863e-02
4.597820706021403959e-05
1.343049052503844393e-04
-1.265711732921217191e-04
-5.360081553823544255e-05
-1.874443205583824559e-02
1.327154951122995398e-04
1.448378054433893214e-04
6.572499002574696679e-05
1.085665856321302910e-05
-5.821579715748825129e-03
-5.265389970311680273e-05
-7.233815150346175119e-05
6.403108051279586337e-05
1.086189629753498066e-05
-4.789294928460442573e-03
-4.868124947295850310e-05
-6.115678950254275050e-05
8.857555072085089229e-05
-9.859582129069925410e-06
-1.579868925209138150e-03
2.840906093665459235e-05
-1.036568589146296716e-04
-8.423294817998651460e-05
5.639397794165394023e-05
-2.464491843688815936e-03
-1.918672789650701716e-04
1.463601304440182186e-04
-1.089046316346315574e-02
9.053097604094914250e-05
1.138567060932427558e-04
4.457822403623745711e-06
3.458358848163492700e-05
6.081316039475851212e-05
-6.835461719287233562e-02
4.938711812370698631e-03
-4.910268930821606176e-05
-6.645706937195757771e-05
-2.585594529113527384e-05
-3.048462795362280424e-05
-2.123065205774385747e-05
3.090138756155178662e-02
-3.403690510527064214e-03
3.932822203331408448e-05
4.342686227322135840e-05
2.606671758347348100e-05
5.053909850797415576e-05
-2.702461800585726805e-05
-2.121180612103096275e-02
7.858512881071940889e-06
-5.273571567595202944e-07
-5.287399027672319216e-06
2.626506604853528329e-05
1.927056430965045459e-03
-1.345359814407869558e-05
1.724249846001284399e-05
2.116246870224619564e-05
-1.254323913969551847e-05
-3.152564916253610239e+00
2.391906887983462848e+00
-5.177053695712973136e-01
2.298071579876919568e+00
2.110086632131975115e+00
1.710746195335388631e+00
8.073970456490096037e-01
2.649047266080420737e+00
1.274228530935854389e-04
-5.700518633236625800e-05
-6.082597519210011490e-05
3.455210279025304389e-04
3.671049993208136408e-04
-9.433934163843648657e-05
-1.578678811097572433e-04
-8.253201706933005781e-04
-5.413307794311530518e-05
3.367828271298817732e-05
2.930892003307354111e-04
2.025492357226223991e-05
4.529634520781772273e-05
2.174762128905572908e-04
1.525554304236866342e-05
-9.501290895229527137e-05
2.941070778425727145e-04
-6.279447800631562308e-07
1.256062997211380484e-04
-4.740274467238418579e-05
-6.900790420668084790e-02
5.414289082483238202e-06
-8.900910741216935644e-05
-6.909431241432470211e-05
-9.624749485736148395e-05
-1.869542171972245551e-02
-3.673084627029434251e-05
-2.303149464501030950e-04
2.390346283416180573e-05
4.053967229516859086e-05
-5.767556653701802830e-03
-1.559587243603872508e-06
1.089515420122159737e-04
2.992932432368970095e-05
4.783551943397072194e-05
-4.711997448584917363e-03
-2.400914759767490653e-06
1.043308521662672647e-04
4.927061444226941088e-05
1.015401626516285009e-04
-1.443643742105077789e-03
7.525552984596054667e-06
1.383369144594282906e-04
-3.251734323993324161e-05
-1.337471736110781829e-04
-2.585021610406233218e-03
-3.088336570230732652e-05
-1.015208516178103598e-04
1.080485911013690827e-02
1.632683333412872405e-04
-5.625757473982830742e-06
4.611894467502000716e-05
1.485718752040280765e-04
1.483724148618956185e-04
6.833924510840300170e-02
-4.903517211939809918e-03
-1.109436776838105014e-04
-1.066418393944729669e-05
-9.493887147210382238e-05
-9.122350483985235342e-05
-9.994083194871323031e-05
-3.096794561254653799e-02
3.396702720212215962e-03
1.063318087095131562e-04
2.922145381663109444e-05
1.342885441876183472e-04
5.485077510186286596e-05
9.911359226866440792e-05
2.137985094339338310e-02
1.762111113231263466e-05
3.487500025859519535e-06
-1.377872821092929038e-05
-8.297547219149868127e-06
1.874093217421705709e-03
3.251356556885152255e-05
-1.553809504632747010e-05
-3.675216413273854513e-05
-1.454853098801112566e-05
-3.152537558634403325e+00
2.391781183349950712e+00
-5.176705730228614577e-01
2.298012693963619402e+00
2.110219552290558909e+00
1.710818141443017915e+00
8.073838897921289393e-01
2.649029327010624879e+00
-6.474956187965167872e-05
-8.544798876595371311e-05
1.777469330983079323e-05
-1.502293306719622930e-04
3.081327706894926625e-04
1.341232061000458735e-04
4.016264266350813008e-05
-7.944427952106755415e-04
-1.836767671223650013e-04
-4.614898012750637686e-06
2.954578562617537758e-04
5.847352450285550949e-05
-4.807169004865799927e-06
2.442275122295305113e-04
4.366304025931319534e-05
-4.804122348518293162e-06
2.030518328860710293e-04
-2.048138248174862083e-06
1.910312375061297072e-06
-3.963718199811766714e-05
-6.901899103225059284e-02
1.291675193233190674e-06
5.565825263137988768e-05
-1.525078407666066943e-04
-6.365696677409175960e-05
-1.873694883598531896e-02
5.317727722121837544e-05
6.651626241263340958e-05
8.552334265843680922e-05
3.132890570631274591e-06
-5.808239322618210555e-03
-6.279634343196015012e-06
-1.493011532635083798e-05
8.144044419429448498e-05
-7.625055731342781197e-07
-4.771729596680230993e-03
-2.137639916142363404e-06
-1.686210587397795916e-05
1.096313938629560515e-04
-4.032194108225275705e-05
-1.534516523108429712e-03
7.655692514184095983e-05
-4.192232047392175579e-05
-1.037050102714582960e-04
9.850859607673972452e-05
-2.531656818270928630e-03
-2.052958997021597570e-04
5.831420284926360203e-05
-1.085317736416073139e-02
9.454281286502353235e-05
1.365980257041957526e-04
2.118239822299777808e-05
2.643930487041847022e-05
7.955014040733415174e-05
-6.845451949289674265e-02
4.907892574895727014e-03
-7.565696694358391323e-05
-7.488747952814501911e-05
-5.102225145902500314e-05
-2.234752663665885057e-05
-3.763475127904595836e-05
3.097671054008251101e-02
-3.373066013109968925e-03
7.452852894262117743e-05
3.756898585844588062e-05
6.784204583637834518e-05
3.491884740577108973e-05
-5.807039270755356020e-06
-2.130962194450334093e-02
1.054058798233474081e-05
1.158048424307328702e-05
-4.759263126020226060e-06
3.598316483924942548e-05
1.905590767451193933e-03
-1.590931344189292374e-05
8.964934858022487402e-06
2.895460846614818476e-05
-1.292017950394602765e-05
-3.152550818785393449e+00
2.391835196803485886e+00
-5.176890929337170100e-01
2.298061194095192938e+00
2.110208221128563544e+00
1.710806215441105227e+00
8.073862259821333875e-01
2.649030876709459914e+00
7.237918431592045608e-05
-6.048792057184341022e-05
-7.842861060873573559e-06
2.677525494598547925e-04
3.578839196358971401e-04
4.410752332464819986e-05
-2.304807023844244963e-04
-7.987152405173382225e-04
-1.125288776225226461e-04
6.207171381939086683e-05
2.991333725076808264e-04
3.373797438744780165e-05
5.548786737739833249e-05
2.442173022912981907e-04
2.983965244085489278e-05
-4.516094900558698588e-05
2.214956178901174007e-04
-2.386734635815275052e-05
1.330586354364653536e-04
-2.024665258775696763e-05
-6.892934598197227036e-02
-3.812276967999820134e-05
-9.770183775247302978e-05
-9.189400355276210002e-06
-9.921189372803370060e-06
-1.871405892618889510e-02
-5.007486999555231999e-05
-1.800016619227567591e-04
2.666564619243421701e-06
1.176821927031639482e-05
-5.795691246657228013e-03
1.191338269483904061e-05
7.561301601570992654e-05
6.753850212900009841e-06
2.122101354210416047e-05
-4.754376712221793956e-03
8.087486456048707003e-06
6.554242942061530835e-05
-1.756272852018182209e-06
1.087351673812921710e-04
-1.513193785727978691e-03
3.195987851679985827e-05
9.843648144906158451e-05
3.744299190345956748e-05
-2.171460383902706285e-04
-2.540387148129687623e-03
-7.117051509026899243e-05
-1.127609858788816493e-04
1.084512044973485849e-02
1.429860765385104499e-04
1.621046569091682751e-05
3.769502557059156711e-05
1.365725316588750800e-04
-1.161044520459455012e-05
6.843625795406131640e-02
-4.916705104311552832e-03
-8.848294747663580173e-05
-2.450618507592559892e-05
-6.189302124025644614e-05
-8.124918869366559932e-05
-8.037023167160373995e-06
-3.096412540475148439e-02
3.392950747266027314e-03
6.160978603916326892e-05
4.657460363209024040e-05
7.674023995930985553e-05
5.353536898072591872e-05
2.699531072131243058e-05
2.129957363171828058e-02
1.210610351943859172e-05
3.706858887045599675e-06
-1.158704360492787840e-06
-1.449920797479196770e-05
1.897468322257294011e-03
2.404733938905466981e-05
-1.036336094245457690e-05
-3.165495040386073278e-05
-1.107735351966115207e-06
-3.152544423317018563e+00
2.391807158999098792e+00
-5.176778387226902423e-01
2.298034163074159419e+00
2.110202445698117213e+00
1.710801452094213415e+00
8.073855907858979997e-01
2.649033460070878920e+00
5.846236052418630732e-06
-5.848493908186595770e-05
-7.772207375297303378e-05
-6.963806125932575034e-05
3.488968249203102442e-04
-2.445837819076080366e-04
1.482833855083044543e-04
-7.755566278697710939e-04
1.654686673207405451e-04
-6.887226136053111846e-05
3.015253982525297740e-04
-4.851867431355136556e-05
-5.446073224448964249e-05
2.497476654415154546e-04
-4.631155791034284055e-05
-2.263695447279884384e-06
2.175075091493248905e-04
3.391168479178398201e-05
1.337187843851581808e-04
3.886556526795382485e-05
-6.902375835362702106e-02
2.929719897314293515e-05
-1.665504116358348030e-04
7.732044794744096579e-05
-1.605748260127133587e-05
-1.875253666980633560e-02
2.328752091487161773e-05
-4.694414114666442788e-05
-5.909522337635262121e-05
1.005818179130188193e-05
-5.801038053829736356e-03
-1.332605346894983602e-05
1.963883560209510665e-05
-5.443053101591126811e-05
-1.708156590161814933e-06
-4.754662011040934437e-03
-1.507039403720908757e-05
8.186043027960456133e-06
-9.344364088617067754e-05
-5.824570621894477616e-05
-1.513423722022004753e-03
-7.802765109200029145e-05
1.790641950815639386e-05
1.340203714063558055e-04
1.312044537176972015e-04
-2.525869504927621446e-03
1.608838093445626530e-04
-4.727971404446035177e-05
-1.088991322017654299e-02
4.913774972956541816e-05
-8.110001866693265695e-05
3.732017829230147021e-05
-2.393592098200018371e-05
-1.117211901256306896e-04
-6.838588929328173749e-02
4.930296308259850616e-03
-1.297676676394383423e-05
4.929893530590773003e-05
-6.186731591270762387e-05
2.022305747230305258e-05
7.974200939479738227e-05
3.094592528773879719e-02
-3.392430956572712632e-03
-2.471278886604575927e-05
-4.507201394191644671e-05
7.739635490659931005e-05
-3.206945122267437168e-05
-6.350126402590827420e-05
-2.129987197925912318e-02
1.982526761309235866e-05
7.094386642285818387e-06
9.063201462789611217e-06
1.877873733536702689e-06
1.904120779475857372e-03
1.035052602222049961e-05
-6.330340133791183808e-06
3.300338291402973032e-05
1.921499722656366458e-05
-3.152583056151271990e+00
2.391962952200856751e+00
-5.177261259393307613e-01
2.298173223967573175e+00
2.110191743154028465e+00
1.710787846685500879e+00
8.073920202130429047e-01
2.649031857297790893e+00
-1.811043803816300766e-05
-3.590365001134157097e-05
4.149170986857388869e-05
-6.519913426188605685e-05
4.419515224549505020e-04
6.717560863382182829e-05
3.991403852918163318e-05
-8.734934678724102283e-04
2.508558630156396065e-05
7.632830596150090455e-07
3.057123262543458894e-04
4.382643756922853501e-06
-1.671499794570182663e-06
2.264927615251231927e-04
1.298975218224154848e-05
3.445778074272280419e-05
2.869796954810231726e-04
-9.573066226604706952e-06
2.524457289171107115e-05
-3.681492060301827301e-05
-6.915565606555441891e-02
-3.786745987203516848e-05
-1.494144607663400702e-04
-3.411725486050174718e-05
5.354403382739142338e-05
-1.876224133145143122e-02
-5.777440610861326291e-05
6.668489925799658607e-05
1.090666702057053886e-05
-1.346842540167416348e-05
-5.800872967330153798e-03
1.967562996875370050e-06
1.287187881282835520e-05
1.649004856809282516e-05
-8.890222762262986163e-06
-4.747624428405658806e-03
8.184543074699808800e-06
-4.016163648688703044e-06
2.289379151269307433e-05
-2.735675361273480472e-05
-1.464014666954377604e-03
-7.784855175396173744e-06
-1.960035326450767880e-05
4.450103705365651588e-06
5.930137986651201859e-05
-2.603968264330035198e-03
6.242599242777137738e-05
-2.055098677844937929e-05
1.097260773464324782e-02
7.283206434057157698e-05
-5.012779226109599119e-05
1.319962080978294428e-04
-3.096730915430324872e-05
-8.640342011119507841e-05
6.884457046971852179e-02
-4.971655480866560284e-03
-6.667875522788210482e-05
3.232170672936803858e-05
-1.103252361845993151e-04
1.715818184560716296e-05
7.119622845521646930e-05
-3.117424985348412822e-02
3.424390241429859424e-03
7.634573397725470851e-05
-9.878768865831356275e-06
9.508222460602976100e-05
-3.864540018986629185e-06
-9.560373263871754193e-05
2.145809511822827781e-02
1.726963674035980655e-05
-4.352115969191342227e-06
3.296586427449823534e-06
-1.277248154783219397e-05
1.868482518229519062e-03
-4.578241696451131558e-06
6.405918493977232926e-06
-2.906894401207023220e-05
2.038266325564240663e-05
-3.152526733982801588e+00
2.391754022350237374e+00
-5.176560299772873242e-01
2.297934385826151171e+00
2.110097044241350694e+00
1.710756846228967953e+00
8.073896959902450154e-01
2.649044607472870627e+00
2.433549973164358851e-05
-8.620419110140248743e-05
6.502208134553882728e-06
-5.848898014554479094e-05
2.926637731805537337e-04
-1.088056186794074138e-05
2.097049714832644764e-04
-7.771138278795247656e-04
4.348965746786439510e-05
-6.942876315206155074e-05
2.916037375253692607e-04
-2.435685043975773111e-05
-5.670583348328192444e-05
2.252694526337334466e-04
-2.291550544644821159e-05
1.354330764403698377e-05
2.706667611311218066e-04
8.628234059203441879e-07
1.886534020738440520e-04
4.074397149636798396e-05
-6.894016350394024939e-02
2.551843098183608416e-05
-8.562911573738282885e-05
1.858362980425158932e-04
-4.272189852568225674e-06
-1.873683832690888756e-02
-1.873467759495667988e-05
-8.582976533518287736e-05
-9.309908486438519713e-05
1.304448695402840282e-06
-5.772531334496669095e-03
3.016064803494396325e-07
4.937009293422317302e-05
-8.270381132006876935e-05
-4.159963735451399354e-06
-4.717772007780246350e-03
-1.991922783605524897e-06
4.361073403401032311e-05
-1.171835057281169694e-04
-6.542797084433914765e-05
-1.451575043725036700e-03
-2.051021872879299046e-05
6.353238666830985271e-05
1.365019057984561790e-04
1.575996513269220501e-04
-2.579361139063656490e-03
5.082592474130593870e-05
-6.806165271939541720e-05
-1.085559779333192254e-02
7.865583775508184355e-05
-1.127620075725263484e-04
9.570414975723640083e-05
-4.647796810655182892e-05
-6.860917181020394218e-06
-6.812739239394247082e-02
4.923769148392899246e-03
-3.736583532834851680e-05
8.200202175439030025e-05
-1.107686361603889280e-04
2.409573229528986263e-05
-9.712264464476622061e-06
3.084171337854739459e-02
-3.401427779814879607e-03
3.071424119896319117e-06
-8.690937098890580545e-05
1.363468477624651259e-04
-1.098483180552802289e-05
3.172894198793396346e-05
-2.126847923143126637e-02
-1.275150608325876936e-07
-5.220845459222468862e-06
1.095749188763920539e-05
-1.140549156193804885e-05
1.889311648208815038e-03
-6.144330537857569936e-06
-8.104287365341228356e-06
3.929664173760635793e-05
3.554740828971017725e-06
-3.152524976365811860e+00
2.391756541657512614e+00
-5.176556516707442324e-01
2.297913048975585237e+00
2.110054515691296206e+00
1.710741499283775724e+00
8.073920645817236341e-01
2.649047843788065570e+00
1.114091615063212597e-04
-1.061571310728443712e-04
1.066538472114831075e-06
2.752448847629248262e-04
2.673122876552880625e-04
-9.380674991016119298e-05
-9.165977071329451959e-05
-8.041375621559861651e-04
1.742563419358099277e-04
-1.337200877627853208e-06
2.848723265777237186e-04
-5.536471667918687619e-05
6.480160835388378725e-06
2.066433944366949556e-04
-4.688265649666498928e-05
-6.525678549693899103e-05
2.997047124816135588e-04
3.047327464886825498e-05
3.546243716559223987e-05
-2.036764302428255985e-05
-6.890416412548881764e-02
3.100417428810657398e-05
1.098212019954253413e-04
-2.614113698465837056e-05
-4.139582010473464376e-05
-1.871312149453419407e-02
3.876452605730022955e-07
1.851333835604809883e-04
4.236374361179906349e-05
3.744235028544840482e-05
-5.760440050854785145e-03
-1.090679972966919974e-05
-7.289003898926715245e-05
4.478616463886823392e-05
3.435792125884253094e-05
-4.707866219699266379e-03
-1.345352413439348800e-05
-7.387912720948871300e-05
5.644355341933943659e-05
6.702468530312644872e-05
-1.431119445318861658e-03
-6.992176930783978658e-05
-1.068303829319666726e-04
-4.509822713934313551e-05
-9.034198792010014495e-05
-2.611929858154694688e-03
1.551664368988026294e-04
9.479998054093846812e-05
1.082990105092566935e-02
8.972384475103788691e-05
-4.201108716023237502e-05
1.231515978401265254e-04
-1.044685933530315608e-04
4.419661192311269415e-06
6.819022213026532109e-02
-4.899733277324932849e-03
-9.055930704743634339e-05
1.610649824361444146e-05
-1.309461189473396653e-04
7.186780599359573942e-05
4.284632214538006308e-06
-3.088683506103089005e-02
3.374026449599487436e-03
1.003608161763856939e-04
5.505564725307663656e-06
1.564710819373978795e-04
-6.957712555365929471e-05
-3.412255761875773730e-05
2.131939662465785756e-02
2.697136711681368394e-06
-1.539052652005861799e-05
-1.004591306199838045e-06
-1.430121569690753032e-05
1.877117488779531367e-03
-1.099831574807494904e-05
1.753923914833016313e-05
-3.659475849602985545e-05
2.208121000782164653e-06
-3.152545940747149444e+00
2.391853517618576230e+00
-5.176858993384596541e-01
2.298015280277134753e+00
2.110079943431570015e+00
1.710743030665797360e+00
8.073942566371329344e-01
2.649045583271235405e+00
-6.760954747558780946e-05
-8.165759413939529653e-05
5.268496948980363537e-05
-2.267450395323927521e-04
3.225276253824593299e-04
1.310099756296289437e-04
1.644700225487883056e-04
-8.272847852272705374e-04
-4.650261149274619184e-05
-3.531632568975018538e-05
2.954642638971206837e-04
-3.717330352662873540e-06
-4.240948223883242376e-05
2.149097747518129143e-04
-3.271693011170501492e-06
8.489865288932699249e-05
3.104351319550657080e-04
-3.055360460791988570e-05
1.795226427318606741e-04
7.600603758588448181e-05
-6.901918892418956730e-02
-1.989661275455826216e-05
2.159370090722471068e-05
1.177174854687361861e-04
8.623309269694296201e-05
-1.875475862950526720e-02
-5.298247250809684668e-05
-1.517919993044706720e-05
-5.859915581936697742e-05
-4.038414205143119008e-05
-5.772372218685367130e-03
1.689917122124471081e-05
1.982576116244953767e-05
-4.899783673069259130e-05
-4.378604735242221921e-05
-4.712898122576146369e-03
1.333376385670950561e-05
2.491267517901602014e-05
-5.686158694942558274e-05
-8.187142871434736392e-05
-1.427908136881545463e-03
1.593211234885436381e-05
2.979062855403944536e-05
6.012703440075683570e-05
1.005479659656675732e-04
-2.615283212592674732e-03
-2.331420112435577730e-06
-1.055829307750221131e-06
-1.091704037811641603e-02
8.396961455490233733e-05
-8.478949825086422309e-05
1.434627342892375035e-04
-1.487452964314185146e-05
8.422632392181538539e-05
-6.843669367876724363e-02
4.953764442811875099e-03
-6.243093727346363166e-05
6.541564959043708744e-05
-1.356584076126887001e-04
-6.444484254206593599e-08
-7.684936735919244556e-05
3.098859498956618372e-02
-3.424012875313522334e-03
5.621131223385272650e-05
-6.815364151748268652e-05
1.487238780925985437e-04
2.232232363473319648e-05
9.023218595417977460e-05
-2.137130820824445845e-02
-3.362063568979371201e-07
-6.579374116728664091e-06
8.830660749236068745e-07
-1.188196652778975926e-05
1.879759802851330283e-03
-3.466495482671775154e-06
-2.384299432367770522e-06
3.895828439447591405e-05
-6.619856348058950502e-07
-3.152544402635204079e+00
2.391807061549252822e+00
-5.176778022895005549e-01
2.298034093037268022e+00
2.110202474806293971e+00
1.710801459646534850e+00
8.073855905004047040e-01
2.649033457961908589e+00
7.036247554310909704e-05
-5.848434994545808675e-05
-3.386925845364488962e-05
1.773746120357715637e-04
3.488987275439409379e-04
-1.827885676062442587e-04
-6.920399850751847047e-05
-7.755584614834540747e-04
2.111460237677613601e-04
7.584972205772766034e-06
3.015244287001019020e-04
-8.390944150823197796e-05
1.285436712621035183e-05
2.497455833831564004e-04
-7.031608018036773907e-05
-3.043073557060929700e-05
2.175116705266147399e-04
1.497266530429541137e-05
7.771778693352307987e-05
-5.936788244883324690e-06
-6.902359222443822662e-02
4.830364482145239283e-05
1.993148939533094044e-04
2.045504926793987954e-06
-2.819561893262595941e-05
-1.875247097549734981e-02
-2.264241290344479749e-06
9.049271222083184478e-05
1.254909183560380656e-05
1.656930428399679969e-05
-5.801048001255889978e-03
2.047789117458262951e-06
-6.099550730429607285e-05
2.013157488115649391e-05
1.219704744807471045e-05
-4.754673451881746490e-03
-9.014608620562576820e-06
-5.123615122621477354e-05
3.124431970135633851e-05
3.845097021363095169e-05
-1.513422695811863150e-03
-8.945647774826985109e-05
-8.986263114464541825e-05
-2.613060687216654245e-05
-7.372676825722006657e-05
-2.525897520730543359e-03
1.940683759417140242e-04
1.396429578747090917e-04
1.088999052758452858e-02
7.218438348957607149e-05
-1.980994403171713707e-05
3.732094973642879898e-05
-8.219087625610955322e-05
9.841424680932971125e-05
6.838576087853984187e-02
-4.930331606823155563e-03
-6.257010645935465675e-05
7.114339780756116349e-06
-6.186920099282219865e-05
5.281303591646725314e-05
-5.110836731998466293e-05
-3.094587617255688261e-02
3.392456828817815018e-03
6.735039587174502281e-05
5.268917495603422149e-06
7.739972224733888961e-05
-5.508748401774384972e-05
1.034826963055028495e-05
2.129984375799617510e-02
6.693494482141402460e-06
-7.094663982452106398e-06
9.446440406230985169e-07
-8.025250578131586706e-06
1.904108090041167940e-03
6.801554751467275145e-06
1.101275431963742854e-05
-3.300342670076766480e-05
-2.676920304115642558e-05
-3.152583056687551899e+00
2.391962955514373323e+00
-5.177261276462987727e-01
2.298173224858872654e+00
2.110191740743865729e+00
1.710787844640243804e+00
8.073920201011081099e-01
2.649031858212557822e+00
-4.496515117353920934e-05
-3.590288940262288946e-05
5.031176711464566348e-06
-9.072595681208835030e-05
4.419512958146888768e-04
-2.291646284284520885e-05
-1.753169081060643717e-06
-8.734923817572020407e-04
4.706524846630788278e-05
-3.412036099548586271e-06
3.057114802417050872e-04
2.850196983013489853e-06
-1.208282988030313417e-05
2.264923627443108387e-04
5.039856622334415597e-06
2.550867001090101232e-05
2.869795762741745703e-04
2.507355845774294904e-05
1.165976547937462918e-04
1.438949268829344333e-05
-6.915566198781800122e-02
-5.082276556394969965e-05
9.643334877679270124e-05
-4.075309681828394114e-05
7.680550883636312089e-05
-1.876224798128413654e-02
1.748130245952181502e-05
-6.294696467352507892e-05
-1.660725869785322455e-05
-8.437619296142266826e-06
-5.800873519959058242e-03
-1.068051305960163871e-05
3.012569923078475083e-06
-4.770831684069927096e-06
-1.153243316641903836e-05
-4.747626509257770085e-03
-3.607483175215001774e-06
1.630447641003910931e-05
5.498253103292855047e-06
-6.935456120086775972e-06
-1.464025116800562803e-03
-2.758519302264081353e-05
2.965082005058002236e-05
1.564087768527871607e-05
-2.441232518707637953e-05
-2.603948469127764873e-03
8.257033478737816257e-05
1.413124688122275487e-05
-1.097281778751646106e-02
3.841069830105910024e-05
1.736231728604700525e-06
1.319951760882474845e-04
-5.888300010223270105e-05
1.062748905882933577e-04
-6.884452872728369366e-02
4.971742963246013683e-03
-2.831765784533629010e-05
1.303185087806745814e-06
-1.103257050873857059e-04
3.656841502050142429e-05
-9.334311252542597920e-05
3.117423102654297284e-02
-3.424449271265134903e-03
4.462146198645354674e-05
-1.586152854994254502e-06
9.508372020224434285e-05
-1.049484227975703361e-05
1.139188875979691524e-04
-2.145808051162700208e-02
9.007939265490949826e-06
4.351911921295007325e-06
-7.195430668426837305e-06
-2.421438043496321765e-06
1.868483913621081993e-03
-1.335021522401208870e-05
-3.459301322766646547e-07
2.906896841173476522e-05
-2.511347689329395359e-05
-3.152530807561966242e+00
2.391779426489164972e+00
-5.176642545801241058e-01
2.298011895423353490e+00
2.110226527529517782e+00
1.710816684689099310e+00
8.073847008507708534e-01
2.649031374795336458e+00
-3.371154881751374944e-05
-9.378712898926153444e-05
6.091051325790919411e-05
-1.172219742609297791e-04
2.810853903691624880e-04
2.786828338968911408e-05
8.650368123952444901e-05
-7.905899989104707946e-04
1.874398209667783291e-04
-1.118622855643589202e-05
2.998834185751574738e-04
-8.861577773815666368e-05
-7.851348412347211055e-06
2.525623541240859158e-04
-5.917348279745491212e-05
3.047143414127727649e-05
1.941334840467500897e-04
-6.540682722866447826e-05
-1.550311889963274452e-05
8.759518036961826603e-07
-6.906268264005954727e-02
-4.085953692764163984e-06
1.887099933623151600e-04
-3.302556593095019063e-05
3.115080885898684730e-05
-1.877942122149716536e-02
-1.009033726109447498e-04
9.981241459039395651e-05
1.723971012773309122e-06
-1.378613918057257930e-05
-5.815244426821145930e-03
4.087255418905529384e-05
-6.580212471429393675e-05
4.615860461615927385e-06
-1.277738017610877420e-05
-4.771290443091747401e-03
2.932002399119739929e-05
-5.236941489739238857e-05
2.589569160674314979e-06
-3.650864156745199315e-05
-1.541050781765041563e-03
-4.637433553395130443e-05
-9.494218177715299523e-05
1.242846937459807786e-05
5.990245224140187583e-05
-2.496148842489468497e-03
1.786449615374402652e-04
1.594754905178850316e-04
1.083721411943014759e-02
-1.116839056175927657e-05
-2.173474690582237988e-05
2.955270703007550903e-06
-5.068347441579125435e-05
1.041922092917930108e-04
6.836209867713458066e-02
-4.901251904214254385e-03
2.048073547818002034e-05
2.283800672256430537e-05
-4.616221540531401102e-05
3.489689131587510990e-05
-4.239334055825710358e-05
-3.092229115498477260e-02
3.367407477189264010e-03
-2.327931154906773839e-05
-3.379486387914079778e-05
6.940041968685889406e-05
-4.431259985906936386e-05
-7.850339899135205975e-06
2.127039720537529655e-02
4.488272856148718318e-06
-2.385510489619792329e-06
1.589799724856994756e-06
1.364896944668260058e-06
1.919483133494271233e-03
1.365829052790237829e-05
8.711814476390796185e-06
-2.853822769706785558e-05
-1.924683489202317995e-05
-3.152566219977633644e+00
2.391902882186129009e+00
-5.177085628231479220e-01
2.298089613856368452e+00
2.110138439748272088e+00
1.710774517142890971e+00
8.073926699622914205e-01
2.649038756101967262e+00
1.651756752937078780e-04
-5.615028784832366403e-05
8.315967054608653275e-05
4.449175736364362806e-04
3.807553563033297048e-04
1.720034403417093302e-04
-1.960508920458252228e-04
-8.322923009446131894e-04
-1.070023731742318720e-05
3.698844586748242617e-05
2.929393789380429266e-04
-1.241482653638268846e-05
4.579736551653580288e-05
2.206643557080400359e-04
-6.882758900764234601e-06
-1.094494611482588902e-04
2.735853227643366510e-04
-1.643608893859860195e-05
-3.358526711878275211e-05
-5.054998489864678986e-05
-6.888117007067426356e-02
9.601159660445920778e-06
-2.909956095580143627e-06
5.181599738218951087e-05
-6.464255220784250388e-05
-1.865726169631928832e-02
1.121568398315409823e-05
-1.856040756436054409e-04
-6.425396231160749824e-05
4.659759569005338369e-05
-5.770350882735828489e-03
1.120877377213731112e-05
1.025715034219804847e-04
-5.726283295714516114e-05
5.069250828418793415e-05
-4.728114680803678464e-03
1.091601617619515087e-05
1.040221317885889948e-04
-6.920000025639214483e-05
1.316030628606728236e-04
-1.472381929663207781e-03
2.206271101118473612e-05
1.399600793705210689e-04
6.196510214904106409e-05
-2.164711012076249983e-04
-2.582159344336940575e-03
-2.454037317914605127e-05
-1.033486374433158651e-04
-1.082261699791315160e-02
-1.779462293479969811e-04
-2.525187547472614036e-05
5.680237404703109005e-05
-1.269555693115013636e-04
1.660734000836052229e-04
-6.844604710357109212e-02
4.889889311343865314e-03
1.233844355872051770e-04
7.269506904215611472e-06
-8.249879434237168685e-05
7.180237395576385788e-05
-1.252773492574585932e-04
3.101028688076086504e-02
-3.360520740767579308e-03
-1.010049609005857414e-04
1.777040789750512079e-05
1.043864246285976238e-04
-3.662039156805224583e-05
1.347534933881149120e-04
-2.138186310824168393e-02
-2.562594236695744400e-05
1.920818657399827201e-05
5.193676299294821283e-06
-2.259662758280039626e-05
1.877924591826255103e-03
-2.707965626457963551e-05
-1.676314123982098822e-05
3.210097467501796253e-05
-7.721317193030280673e-06
-3.152522763871900668e+00
2.391748822537812735e+00
-5.176537032655791348e-01
2.297977781275575726e+00
2.110221989293455280e+00
1.710821634757548448e+00
8.073845630779544758e-01
2.649031670373403369e+00
-3.997324134107412420e-05
-1.174958330359938903e-04
1.124978155186411196e-04
-1.039243054611535940e-04
2.352083602227922300e-04
1.619023935758046062e-04
4.193764242101054155e-05
-7.932250584770489908e-04
1.447479126441151491e-04
-1.941611408780680341e-05
2.944100562661029373e-04
-6.362523519971144729e-05
-1.241078319520836159e-05
2.487559153536362307e-04
-3.341998608121527766e-05
-2.429660269890404490e-05
1.828641462950474496e-04
-9.643861111517238306e-05
-1.290716273382916911e-05
-4.452120561015363454e-05
-6.911784466603775046e-02
-5.635952295321265551e-05
9.333066479395499531e-05
1.631685151251145954e-04
-6.468687069324395491e-05
-1.878009806013466662e-02
-1.563764297004226320e-04
6.788765802997837539e-05
-7.129784335551539259e-05
1.813948667938618709e-05
-5.820646949509326699e-03
5.287519414149535811e-05
-3.825101205778074181e-05
-6.342798484766803166e-05
9.815100117676708760e-06
-4.781708162871754243e-03
4.755705374348975989e-05
-2.871910908562784015e-05
-9.010158833030744202e-05
-3.094904884824687687e-05
-1.556313457724104853e-03
-1.374367170969038605e-05
-5.304561165099112478e-05
9.043645758194471945e-05
9.032504552020767974e-05
-2.491168435031189225e-03
1.538911292406450085e-04
8.839515174498450783e-05
1.081398270220430835e-02
-7.951705457016834851e-05
1.199999431095619096e-04
-2.806774178711057832e-05
-5.733710362541895203e-06
6.855436778450160577e-05
6.839029904195571830e-02
-4.899715008981538403e-03
6.067703395411564414e-05
-6.402784225580839396e-05
-3.450023892202433440e-05
1.336627585689543910e-05
-1.747492842103380746e-05
-3.094106180346002655e-02
3.378119678069258901e-03
-5.723447605937115150e-05
2.458519080676075121e-05
6.828835996223851790e-05
-3.141149765713537804e-05
-2.602090719406203057e-05
2.128945800061824919e-02
-1.403692824910422201e-05
1.526877570091450228e-06
5.838767308786611864e-06
3.912628693069861998e-05
1.922675808572938414e-03
1.402257288492329948e-05
5.428070251658199171e-06
-3.010520065165976763e-05
5.378325843047749438e-07
-3.152522084699440175e+00
2.391731377717388973e+00
-5.176492341742766623e-01
2.297924431056254324e+00
2.110143483731992120e+00
1.710791925570114502e+00
8.073867152255921331e-01
2.649037166655351605e+00
4.396139859251120530e-05
-1.414346460246832535e-04
1.592341764769071306e-05
1.842470303261185827e-04
2.128678991282170231e-04
7.416428651815549101e-05
-1.762676824503390226e-04
-8.314029250358071421e-04
-9.149591232036845246e-05
4.709966198821018406e-05
2.797014029898399414e-04
8.887776956069043036e-06
3.293288072782330194e-05
2.113713421477540506e-04
6.952965071027477110e-06
-8.273415586003565010e-07
2.437336760410871439e-04
-6.720869594320430789e-06
-4.653012734147699329e-05
3.044477226216125119e-05
-6.906739973023837131e-02
2.318113456055783967e-05
2.748641551356025958e-05
1.810728746254701969e-05
7.894589743056602826e-05
-1.873576482050719888e-02
3.554266511626807100e-05
-1.442071321250576837e-05
-3.463871211500579378e-05
-4.458023067117853895e-06
-5.797118935708226589e-03
4.655612208455834353e-06
3.153250011226539114e-05
-2.875741337885251344e-05
1.535960867657952978e-06
-4.760311750436014254e-03
3.904959273863544853e-06
3.350828399582155454e-05
-3.426030856478704412e-05
8.487597445974199998e-05
-1.500097810939728929e-03
3.510255994296809486e-05
5.676551062957806615e-05
4.219862096572797995e-05
-2.151364637765754335e-04
-2.583272412210034941e-03
-8.808685119712337554e-05
-6.911814396475435447e-05
-1.083145241967958979e-02
-8.422015742048417648e-05
-5.442570769786350855e-05
4.054890586382975393e-05
-6.092497428941245474e-05
7.696578935602153837e-05
-6.853361442792367531e-02
4.898619888246433761e-03
6.562096574037071467e-05
1.862686067175553864e-05
-7.893243981578305923e-05
2.042576638566401845e-05
-6.875367353729750636e-05
3.104494588024835078e-02
-3.372747796318529938e-03
-4.168070077351280719e-05
2.000952413047559766e-05
1.120115520891855343e-04
1.233491775018861016e-05
7.462068280252877849e-05
-2.140085231128628987e-02
-4.835396084934021632e-06
1.481847186785354006e-05
-4.332522401552427974e-06
-3.335439531122682015e-05
1.893921168484890769e-03
-1.478138828062938899e-05
-2.436168659684188735e-06
3.042013877881778001e-05
5.244116788916068487e-06
-3.152528169954067483e+00
2.391754779900856942e+00
-5.176566403190976384e-01
2.297983486691594468e+00
2.110224294509023935e+00
1.710825254782309512e+00
8.073836928436550764e-01
2.649029776056914365e+00
-1.944285477813279770e-05
-1.227807091200498301e-04
-7.505387014019861093e-07
-8.505230486029220088e-05
2.404483105910350000e-04
-6.244829407237842325e-05
8.007341893574864452e-05
-8.197302097975220879e-04
1.255233888280234058e-04
-2.240651223994776352e-05
2.892848457318537478e-04
-2.525183588288692029e-05
-2.444123018463633106e-06
2.369535861716336991e-04
-1.251356192154766034e-05
-5.432698147807071289e-05
1.941236368136475344e-04
-2.257584098683481125e-05
5.019154081454776147e-05
-1.131171612720608451e-04
-6.907712754357178686e-02
-5.687230047394435748e-05
-1.203237833968546361e-05
1.585372779337023287e-04
-1.496065135090642539e-04
-1.874959194212335797e-02
-8.132226216158903271e-05
-5.845010694039031091e-05
-9.031340066324933724e-05
3.190027255953341756e-05
-5.816665425919833633e-03
1.224738652278340454e-05
5.235270646289781442e-05
-7.454078394641439097e-05
2.505829339953299776e-05
-4.782299027444897321e-03
1.148447172414317677e-05
4.931360274623083635e-05
-9.156054929976219464e-05
-4.586923245122261512e-05
-1.548859596452657316e-03
-4.591732573736617874e-05
5.516319138167319108e-05
1.024160136315919252e-04
1.741551912907712027e-04
-2.517819905225033086e-03
1.514825051305489180e-04
-4.051760954370104111e-05
1.083253412693319269e-02
-4.929181771941293366e-05
1.641297650733740117e-04
-1.389232856074257283e-05
5.857757167603895067e-05
8.967120681997785368e-05
6.848640001041177150e-02
-4.903231911363365933e-03
3.521802167194163988e-05
-8.650697629682731898e-05
-3.840769826413820143e-05
-2.358185246328843880e-05
-4.700227787358604711e-05
-3.100059735829229293e-02
3.374442200395069529e-03
-1.177832816667780027e-05
3.673835690845403043e-05
6.813602788046692338e-05
-1.975409100786864117e-06
2.263281149284340440e-05
2.133515921339733390e-02
-3.635365922415237366e-06
-4.209092550488926414e-06
1.364042675431475929e-06
5.217076460257553223e-05
1.914190786339161395e-03
2.234093911844492149e-05
-3.931210882842140516e-06
-2.859566496631221787e-05
3.187919639295083609e-06
-3.152528171907083454e+00
2.391754784304312320e+00
-5.176566421503605575e-01
2.297983490211287005e+00
2.110224294212311058e+00
1.710825254511430860e+00
8.073836927553051934e-01
2.649029775829295996e+00
1.947064493002695652e-05
-1.227808923394751116e-04
7.616980109298668723e-07
8.511003930188992513e-05
2.404482138534424541e-04
6.247492400337562903e-05
-8.007334008693219821e-05
-8.197308049705776759e-04
-1.255272353208299670e-04
2.240085397630616940e-05
2.892847941301315037e-04
2.525072912261980439e-05
2.437811215017039236e-06
2.369534425663558563e-04
1.251139997518281236e-05
5.432771509301078988e-05
1.941242217503283591e-04
2.257501344428114963e-05
5.018956324971950590e-05
1.131144021972989994e-04
-6.907712717373269695e-02
5.687490411520538906e-05
-1.202788443513598017e-05
1.585444855151426486e-04
1.496051724192505638e-04
-1.874959423999698199e-02
8.132130593656997151e-05
-5.845074306081707088e-05
-9.031689655870346557e-05
-3.189991411770413975e-05
-5.816662160521564144e-03
-1.224636757133810375e-05
5.235498250307000465e-05
-7.454246819373476387e-05
-2.505794583009122360e-05
-4.782297128602430378e-03
-1.148321407326113362e-05
4.931464247303280542e-05
-9.155661738144589556e-05
4.586926388338322070e-05
-1.548861413278990358e-03
4.591949003186417231e-05
5.516224662680857988e-05
1.024058702703349285e-04
-1.741546555484089999e-04
-2.517813041725855232e-03
-1.514845442909061981e-04
-4.051507113172715050e-05
-1.083253314810941718e-02
-4.929221954440635156e-05
-1.641350596530080511e-04
-1.389180141245227595e-05
-5.858219818649710968e-05
8.967272682719603597e-05
-6.848640164909791661e-02
4.903234279145858576e-03
3.521865383173381804e-05
8.651034041184588446e-05
-3.840808946611873331e-05
2.358328389527451123e-05
-4.700356795406084032e-05
3.100059869068112067e-02
-3.374445708546378476e-03
-1.177919862688464429e-05
-3.674054802599953026e-05
6.813644318148098789e-05
1.975645091636962390e-06
2.263419881663413630e-05
-2.133516185886985550e-02
-3.638871923031996577e-06
4.208795668805660685e-06
1.365954595451321883e-06
-5.217121898431483851e-05
1.914189823824880878e-03
-2.234119816468056914e-05
-3.932116378291297090e-06
2.859529281685381920e-05
3.182843169545167814e-06
-3.152522086159113002e+00
2.391731384424734763e+00
-5.176492373434126160e-01
2.297924435668702081e+00
2.110143480920271486e+00
1.710791924416186882e+00
8.073867152128140212e-01
2.649037167341843801e+00
-4.394715381693099863e-05
-1.414333735730725948e-04
-1.590641608123395396e-05
-1.842237263249907808e-04
2.128690148681107279e-04
-7.412528613994683263e-05
1.762724626956444082e-04
-8.314015719195278539e-04
9.150031922601839637e-05
-4.709958335353358049e-05
2.797009962065965128e-04
-8.888623555996969544e-06
-3.292821633487600513e-05
2.113715387547210854e-04
-6.956086009857858612e-06
8.105378163366728020e-07
2.437325871241740704e-04
6.723183511912368270e-06
-4.653910504517154542e-05
-3.044641494305197742e-05
-6.906742624763269334e-02
-2.317948025049894464e-05
2.744472278993798520e-05
1.809456173997232072e-05
-7.894802918337784532e-05
-1.873576876455232063e-02
-3.554044583948677734e-05
-1.444479897032417522e-05
-3.463539181779326065e-05
4.458691745324152092e-06
-5.797118651808174684e-03
-4.655443487768314177e-06
3.153137585717673529e-05
-2.875566173576919277e-05
-1.535230497921813376e-06
-4.760312942079673003e-03
-3.904674790176659198e-06
3.350314793321412782e-05
-3.426603936499752898e-05
-8.487547891773729856e-05
-1.500104695910162112e-03
-3.510235126830077315e-05
5.674008929137895336e-05
4.221539834219134645e-05
2.151370408152290825e-04
-2.583258958974035333e-03
8.808683083131612257e-05
-6.907430419350115444e-05
1.083145428893689949e-02
-8.421836004071333367e-05
5.443844663435490339e-05
4.054681586367764323e-05
6.091050243152131222e-05
7.696553707666668829e-05
6.853360735510058421e-02
-4.898619045237037097e-03
6.561937148331293862e-05
-1.863741619367490594e-05
-7.893149962381190710e-05
-2.042361221568379228e-05
-6.875365236044058033e-05
-3.104494405897187045e-02
3.372751446376316339e-03
-4.167891594934206511e-05
-1.999268005305069110e-05
1.120110324833428067e-04
-1.233162193752337411e-05
7.462112257420970953e-05
2.140084975330006425e-02
-4.835920861611343397e-06
-1.481841327504552575e-05
-4.337434288861602807e-06
3.335431865247474718e-05
1.893923988848174615e-03
1.478138088408263500e-05
-2.436927720365442292e-06
-3.042035889099298424e-05
5.247601990619366768e-06
-3.152522766197614956e+00
2.391748829029168633e+00
-5.176537070003423002e-01
2.297977785925025440e+00
2.110221987254401022e+00
1.710821633714518120e+00
8.073845628062096269e-01
2.649031670456504894e+00
4.000513537840953986e-05
-1.174954754574556186e-04
-1.124647551723878655e-04
1.039933338398304867e-04
2.352085354028441181e-04
-1.618338535101457049e-04
-4.193494650687718363e-05
-7.932253291180043839e-04
-1.447392291239340569e-04
1.941306600306733925e-05
2.944097067340934815e-04
6.362113430252680187e-05
1.240736785551209999e-05
2.487559213459014000e-04
3.341497853779077027e-05
2.429410817995602593e-05
1.828635981678316061e-04
9.644162839961457770e-05
-1.293346431383989199e-05
4.452076713340111496e-05
-6.911783683106366427e-02
5.636116994820313192e-05
9.334622416392397877e-05
1.631531656893576618e-04
6.468608666510499393e-05
-1.878010359511658039e-02
1.563748779247919234e-04
6.788463757336612103e-05
-7.129632053614476253e-05
-1.813919161455550472e-05
-5.820645646601293501e-03
-5.287414499439199028e-05
-3.825396487036295684e-05
-6.342779507238393481e-05
-9.814709315293171908e-06
-4.781706845193030297e-03
-4.755573581419330215e-05
-2.872465986546502196e-05
-9.011474328487543268e-05
3.094955105863735187e-05
-1.556312934177015491e-03
1.374555740286855648e-05
-5.305619264936962341e-05
9.046914025522602995e-05
-9.032524023005092623e-05
-2.491168366193643752e-03
-1.538923624127795924e-04
8.840202209920355533e-05
-1.081397447603953295e-02
-7.951640397261053317e-05
-1.200107241457864507e-04
-2.806793160957388178e-05
5.727925242696052413e-06
6.855516809366841643e-05
-6.839031506848879116e-02
4.899700618220823381e-03
6.067711928370246501e-05
6.402942076719228093e-05
-3.450040784330407617e-05
-1.336371039458279325e-05
-1.747563685882834623e-05
3.094106997952092777e-02
-3.378101372246030548e-03
-5.723503831570172975e-05
-2.458076960202191003e-05
6.828886220104808669e-05
3.141195512506192813e-05
-2.601973836999742348e-05
-2.128946684548482793e-02
-1.403557739367231332e-05
-1.526832361025575640e-06
5.837043970428689539e-06
-3.912673859902087012e-05
1.922677001395001325e-03
-1.402292679790944968e-05
5.426050683780115182e-06
3.010510974308030916e-05
5.379228104573875388e-07
-3.152566223252376787e+00
2.391902901733075737e+00
-5.177085702748617235e-01
2.298089628879104840e+00
2.110138437969818703e+00
1.710774516187955951e+00
8.073926697488292836e-01
2.649038756614073176e+00
-1.651795592437166013e-04
-5.614921784568270308e-05
-8.313210709750057576e-05
-4.449541753581208285e-04
3.807570116519454814e-04
-1.719778626610469769e-04
1.960855355927926952e-04
-8.322931992198685834e-04
1.075026062370565320e-05
-3.698824191011198365e-05
2.929390490011284944e-04
1.241707371210202133e-05
-4.579008155044546726e-05
2.206646555311246897e-04
6.891879676982836468e-06
1.094238035108727322e-04
2.735836082083622405e-04
1.641329702685135033e-05
-3.350978761121515973e-05
5.055366751869890072e-05
-6.888118647503990721e-02
-9.595410509129231359e-06
-3.072333970722835456e-06
5.183611632849109349e-05
6.464561575436646970e-05
-1.865727457778127568e-02
-1.121331782008570842e-05
-1.856684006866368361e-04
-6.424498081587497341e-05
-4.659792924998514799e-05
-5.770350842434589581e-03
-1.120911457816448206e-05
1.025696478326085622e-04
-5.725461530482110978e-05
-5.069258361946383417e-05
-4.728116134474161063e-03
-1.091585862101260014e-05
1.040337968870989904e-04
-6.917389284820037209e-05
-1.316045377777863416e-04
-1.472392298917792530e-03
-2.206253318419367513e-05
1.399756444169300020e-04
6.191852822600259687e-05
2.164749448506610640e-04
-2.582139108132749938e-03
2.454138053733088856e-05
-1.033347962678653209e-04
1.082240944092557541e-02
-1.779456648761754828e-04
2.522979919793340298e-05
5.680267279642436939e-05
1.269405435256234084e-04
1.660730654968098872e-04
6.844610766111274003e-02
-4.889801857224122458e-03
1.233844941041622447e-04
-7.262168557257086231e-06
-8.249797568050595831e-05
-7.179962090329863292e-05
-1.252771934805005285e-04
-3.101030954344646817e-02
3.360461035467744544e-03
-1.010050136957991735e-04
-1.777049197816481891e-05
1.043844761269840937e-04
3.662822233343094480e-05
1.347533169952015069e-04
2.138187338861364389e-02
-2.559571141163176757e-05
-1.920790907809801743e-05
5.192093177400664309e-06
2.259575788443054329e-05
1.877928483164249557e-03
2.707910872563293081e-05
-1.676054821557045548e-05
-3.210055825633338026e-05
-7.689084077123207236e-06
-3.152530789595374472e+00
2.391779338541592637e+00
-5.176642237192499163e-01
2.298011833406102156e+00
2.110226551904576198e+00
1.710816691253961519e+00
8.073847005243882657e-01
2.649031372947240559e+00
3.385553988434790093e-05
-9.378395875517177727e-05
-6.081295680636497267e-05
1.176367618062153968e-04
2.810925012372920539e-04
-2.762817104686516223e-05
-8.655260004175934299e-05
-7.905929098530220349e-04
-1.874326232294657195e-04
1.118759973067306839e-05
2.998823122163838360e-04
8.861677065905719292e-05
7.825802193444003141e-06
2.525602263564093999e-04
5.916492986969975828e-05
-3.039488098703810282e-05
1.941371782032106936e-04
6.542982105528521606e-05
-1.576593919613613470e-05
-8.749031513482152193e-07
-6.906252816726518584e-02
4.086059817448887618e-06
1.890405390231381013e-04
-3.305482468745438591e-05
-3.115091065322935003e-05
-1.877935143037943663e-02
1.009019318680379364e-04
9.987015656747131307e-05
1.717193015941055316e-06
1.378587999676765947e-05
-5.815253573133187005e-03
-4.087201848932764739e-05
-6.579267219244901068e-05
4.610640873099936218e-06
1.277732663212054093e-05
-4.771299101097088713e-03
-2.931920919988744958e-05
-5.237093982950569800e-05
2.567255271858909221e-06
3.650875010378246290e-05
-1.541038455823217062e-03
4.637524919398440591e-05
-9.492947619488208187e-05
1.247359742130160319e-05
-5.990227791809390339e-05
-2.496197299601953835e-03
-1.786447846617210617e-04
1.594209331135404981e-04
-1.083707956243285149e-02
-1.116944320676843292e-05
2.174501389581818753e-05
2.956301150471019046e-06
5.066926021974173591e-05
1.041933045069381482e-04
-6.836201995319315938e-02
4.901192499853387376e-03
2.048120667339942225e-05
-2.285850856739165366e-05
-4.616407268356360893e-05
-3.490334928840381121e-05
-4.239396301382021646e-05
3.092226662130843906e-02
-3.367367302240887282e-03
-2.327999848303283564e-05
3.382543756336731642e-05
6.940331385314919832e-05
4.433259539846643241e-05
-7.849161142699646702e-06
-2.127038947647337183e-02
4.529750676709575207e-06
2.385330150703867174e-06
1.595120595751845549e-06
-1.365435880699682474e-06
1.919473265270300617e-03
-1.365857905553260576e-05
8.705456843025342548e-06
2.853881097606534461e-05
-1.925736269951969194e-05
-3.152583038140881921e+00
2.391962868981665213e+00
-5.177260964732872672e-01
2.298173163656280327e+00
2.110191765877808656e+00
1.710787851724328235e+00
8.073920198811342930e-01
2.649031856287934694e+00
4.481958212924655959e-05
-3.590004617488007333e-05
-5.114914225352938486e-06
9.030839593743496838e-05
4.419581706384966046e-04
2.270330224549913910e-05
1.802193907278709737e-06
-8.734955571571777731e-04
-4.707165075647440702e-05
3.410795532457320620e-06
3.057104812740821633e-04
-2.852761425239986633e-06
1.210861595470997503e-05
2.264904314506803126e-04
-5.032247658425761694e-06
-2.558686889106839759e-05
2.869827147094363524e-04
-2.509823049339869594e-05
1.163358453479246800e-04
-1.438621928202720910e-05
-6.915550267743440782e-02
5.081793422950900462e-05
9.676681184332371543e-05
-4.078348681227682911e-05
-7.680467287534995338e-05
-1.876218024249191527e-02
-1.748245227511078143e-05
-6.288371915500659667e-05
-1.661422817460809430e-05
8.438037680750934340e-06
-5.800882976672279770e-03
1.068040805220561072e-05
3.018662467194643839e-06
-4.776229343017509375e-06
1.153285476229777036e-05
-4.747635483711862281e-03
3.607029751253281033e-06
1.630027126453882262e-05
5.475439069074451097e-06
6.936674403607499242e-06
-1.464013641598809357e-03
2.758451328505452747e-05
2.966330979847716542e-05
1.568654664201099287e-05
2.441014851276268041e-05
-2.603995438253247502e-03
-8.257037569208976018e-05
1.407127846468677270e-05
1.097268888384245189e-02
3.841141766853773093e-05
-1.748373811901040653e-06
1.319949030816926216e-04
5.889388215533789342e-05
1.062740064338783656e-04
6.884445135434572038e-02
-4.971687421370845142e-03
-2.831807626949447938e-05
-1.281032441354334572e-06
-1.103268935000838169e-04
-3.656281553743735268e-05
-9.334273307414050948e-05
-3.117420611426535010e-02
3.424411246112138516e-03
4.462129796410525806e-05
1.553974794681169190e-06
9.508605527449622008e-05
1.047826706452502582e-05
1.139193753452033417e-04
2.145807144960996254e-02
9.049335126322404941e-06
-4.351965379112971211e-06
-7.189902634585019822e-06
2.421666285958639308e-06
1.868474644834857345e-03
1.335055835799287693e-05
-3.510287991405461371e-07
-2.906910997572971755e-05
-2.512281045524093065e-05
-3.152550856573460347e+00
2.391835379251601612e+00
-5.176891583324134682e-01
2.298061323119033883e+00
2.110208167489971309e+00
1.710806200575563096e+00
8.073862267002596127e-01
2.649030880808548538e+00
-7.250296522267587942e-05
-6.049338619045448498e-05
7.931631983846659491e-06
-2.681328726660372249e-04
3.578714004714824218e-04
-4.383315195110855465e-05
2.305494724647624675e-04
-7.987101771356158557e-04
1.124779406567835320e-04
-6.207238088024589259e-05
2.991354975203487730e-04
-3.373759364320862532e-05
-5.546039708820791752e-05
2.442210635960974418e-04
-2.985970788274008929e-05
4.507803902423411176e-05
2.214892898926080806e-04
2.392745277667153263e-05
1.332672845905088295e-04
2.025108964391728224e-05
-6.892967046051708124e-02
3.812038981839988450e-05
-9.759060417098195349e-05
-9.168337862950877784e-06
9.922708275383903642e-06
-1.871419592770409701e-02
5.007424427311960350e-05
-1.799928570809920282e-04
2.672466824578727818e-06
-1.176833481204098635e-05
-5.795671789359395192e-03
-1.191382789213542715e-05
7.561720460274549017e-05
6.764915404965186202e-06
-2.122078467444444609e-05
-4.754356929083266431e-03
-8.087867392503464078e-06
6.554950685053096587e-05
-1.723909481965558803e-06
-1.087339284287062470e-04
-1.513210687075596797e-03
-3.196065901410602081e-05
9.845628026973850928e-05
3.739914281620235133e-05
2.171439896202242189e-04
-2.540302196008837991e-03
7.117189711573932104e-05
-1.127876472264168731e-04
-1.084517276245270528e-02
1.429869336294269187e-04
-1.623672890905245893e-05
3.769444930449075692e-05
-1.365558802128608333e-04
-1.161000017694396869e-05
-6.843646268124332910e-02
4.916724896628491860e-03
-8.848306794911000206e-05
2.453096265964528708e-05
-6.189004849926904583e-05
8.123211681366739262e-05
-8.036722164525555989e-06
3.096419771250286807e-02
-3.392962066670966725e-03
6.160966144796742880e-05
-4.660318798262852837e-05
7.673480746460750734e-05
-5.351547534671654291e-05
2.699448095277187740e-05
-2.129960893659276280e-02
1.205707367793921412e-05
-3.707090924326319602e-06
-1.162629345230721328e-06
1.449946676799839613e-05
1.897488520522997227e-03
-2.404736859491639789e-05
-1.036515192407298541e-05
3.165477536052373669e-05
-1.057995972551692117e-06
-3.152537576358274585e+00
2.391781265024968128e+00
-5.176706019594344843e-01
2.298012753086394078e+00
2.110219529981914643e+00
1.710818136641796494e+00
8.073838900781357131e-01
2.649029328007043382e+00
6.490253971718874337e-05
-8.545184730391040286e-05
-1.766588356824256591e-05
1.506315654263530113e-04
3.081252647109860633e-04
-1.338856800818232504e-04
-4.017562601711177297e-05
-7.944403021067348008e-04
1.837246341828723049e-04
4.617767747913561525e-06
2.954596439375386857e-04
-5.846872515184924968e-05
4.789877608102757550e-06
2.442300359734576225e-04
-4.366069785231124192e-05
4.861300577237605682e-06
2.030483334262178673e-04
2.041100347496550534e-06
2.186959347155585133e-06
3.963917404385501608e-05
-6.901914479760155874e-02
-1.286076203041138302e-06
5.513789489392960028e-05
-1.524449183553198289e-04
6.365702903006307959e-05
-1.873701002333794108e-02
-5.317663516446860842e-05
6.637862770726441560e-05
8.552491832312510644e-05
-3.132860170587816557e-06
-5.808229529129997452e-03
6.280222946251562475e-06
-1.494311867760584456e-05
8.143188373675304772e-05
7.627604589445713878e-07
-4.771718813230831080e-03
2.138887672110552341e-06
-1.685553666047289026e-05
1.096247369525759556e-04
4.032265136413195456e-05
-1.534517878187044134e-03
-7.655465162847071843e-05
-4.194552533175282914e-05
-1.037276561671732949e-04
-9.850914542147067043e-05
-2.531629333874583013e-03
2.052944653903497011e-04
5.842250321746680517e-05
1.085309527629890053e-02
9.454500400782892347e-05
-1.365928958996031435e-04
2.118230160164102927e-05
-2.647401036729975579e-05
7.954943417612858267e-05
6.845463712580156235e-02
-4.907860141161211193e-03
-7.565764185219067076e-05
7.486815951817578385e-05
-5.102032215274429627e-05
2.234450462296156889e-05
-3.763401388732324311e-05
-3.097675377910084904e-02
3.373044596123160339e-03
7.452867050712581659e-05
-3.753434107527706782e-05
6.783844034739285045e-05
-3.489156939090692997e-05
-5.808590885313601702e-06
2.130964539771659089e-02
1.053312273761444003e-05
-1.158041628155669143e-05
-4.764017310576377064e-06
-3.598405330929794793e-05
1.905598885471955408e-03
1.590881694337470810e-05
8.972328290836242143e-06
-2.895435031994763591e-05
-1.288034327593496568e-05
-3.152564911787053781e+00
2.391906863377052161e+00
-5.177053589264293265e-01
2.298071565312329589e+00
2.110086643667433037e+00
1.710746200323939537e+00
8.073970457647394738e-01
2.649047264445492544e+00
-1.274188835495586227e-04
-5.700428020610716264e-05
6.088821249644428622e-05
-3.455418407122151127e-04
3.671079302365824054e-04
9.443863510689694350e-05
1.579081238368128812e-04
-8.253180110791488982e-04
5.419025735679191153e-05
-3.367931740133259374e-05
2.930905838720727886e-04
-2.025727822675921723e-05
-4.529269446918510655e-05
2.174774423369710795e-04
-1.525137934396675462e-05
9.499782928003069806e-05
2.941069544570318892e-04
6.038914121317729452e-07
1.255338986336725668e-04
4.740842551349247393e-05
-6.900786345429003876e-02
-5.402993200221014279e-06
-8.882635911402190533e-05
-6.911999363635722171e-05
9.625367845854891895e-05
-1.869539744969882927e-02
3.673610650327266761e-05
-2.302334096458184495e-04
2.390259975443181001e-05
-4.054142932547015059e-05
-5.767557312431140400e-03
1.558845578904070623e-06
1.089483442043081098e-04
2.993130666485803980e-05
-4.783707284663413689e-05
-4.711997844100594864e-03
2.400578496352672613e-06
1.043133556739396435e-04
4.926856964586571878e-05
-1.015433072267089848e-04
-1.443637851654857316e-03
-7.525006052559989880e-06
1.383246605524587588e-04
-3.250355823676879218e-05
1.337515504744645823e-04
-2.585036661661832720e-03
3.088186205515894403e-05
-1.015624690737639902e-04
-1.080505387121690787e-02
1.632746219651075997e-04
5.607602690194330233e-06
4.611787871986253173e-05
-1.485989409502722373e-04
1.483689091767007896e-04
-6.833917251570541251e-02
4.903589205004658946e-03
-1.109475836469805922e-04
1.067013077289344098e-05
-9.493734920042011527e-05
9.122935307743831597e-05
-9.993809657710432323e-05
3.096791759867546096e-02
-3.396741315548804964e-03
1.063353701055358088e-04
-2.922085802429673536e-05
1.342866484516681835e-04
-5.483978012584255499e-05
9.911074214280523632e-05
-2.137983175767135119e-02
1.759173987547090921e-05
-3.487247176962073860e-06
-1.377700631623774861e-05
8.297563527161124636e-06
1.874087293265577162e-03
-3.251489783863753053e-05
-1.554001896793700665e-05
3.675222796198346744e-05
-1.457757036275994424e-05
-3.152539250827239847e+00
2.391833971354185628e+00
-5.176791234577642342e-01
2.298082641812634108e+00
2.110293136118898794e+00
1.710850087215161297e+00
8.073822814424924665e-01
2.649021358614853661e+00
3.060348311160855037e-05
-9.069026948702258242e-05
8.920289352471009060e-05
5.509469956947169909e-05
3.106620904430204382e-04
8.463563784001197361e-05
3.138754660463917174e-06
-8.355802813380527275e-04
1.900485220091701634e-04
-1.642551472504806537e-06
3.032329035234272046e-04
-8.477220124688087538e-05
1.289703807424169172e-06
2.562099065147657858e-04
-4.981246417366610746e-05
1.857377043630978097e-05
1.752369261119212014e-04
-8.918885783626214901e-05
-2.261934271356844280e-05
3.797552603798757132e-05
-6.893602835856557642e-02
-4.597517140770033617e-05
1.342649991087649462e-04
-1.265429274159849326e-04
5.360377602342662501e-05
-1.874442151874775725e-02
-1.327144551463166626e-04
1.448343254108705209e-04
6.572552245542482782e-05
-1.085788217732594832e-05
-5.821581926596585202e-03
5.265383514568745414e-05
-7.233761532960826632e-05
6.403600108599562734e-05
-1.086281920704076378e-05
-4.789296519034379890e-03
4.868176538354394151e-05
-6.115567895559025622e-05
8.861221234307148245e-05
9.859495887290697696e-06
-1.579867057890102207e-03
-2.840816726474005270e-05
-1.036612858323475732e-04
-8.430701001268481819e-05
-5.639569030118392871e-05
-2.464498868523658671e-03
1.918671844759998221e-04
1.463764432682710293e-04
1.089047209595072827e-02
9.053242166277624889e-05
-1.138879528748471036e-04
4.459479377699054892e-06
-3.458434293067533163e-05
6.081177106207749303e-05
6.835459884156393218e-02
-4.938725081608611074e-03
-4.910287485558920920e-05
6.646705587916027966e-05
-2.585557702479424069e-05
3.047952646150346484e-05
-2.122995497204956811e-05
-3.090137672954245546e-02
3.403714318138489903e-03
3.932807323586120975e-05
-4.342905289355279225e-05
2.606503256260411794e-05
-5.052303760718401316e-05
-2.702536022362465786e-05
2.121179218069090683e-02
7.860073946721775058e-06
5.276163749449433232e-07
-5.282996689412840707e-06
-2.626637435835194064e-05
1.927051848989562834e-03
1.345274366317366342e-05
1.724711106154794456e-05
-2.116234702846635574e-05
-1.254214496485616206e-05
-3.152574189358029688e+00
2.391930873920831147e+00
-5.177109243225894719e-01
2.298104526338394571e+00
2.110123535798298366e+00
1.710766988003905142e+00
8.073948279241900394e-01
2.649039767873968110e+00
-2.447356142745963113e-05
-7.541889023816080589e-05
-3.200698037307889285e-05
-3.970696393162171289e-05
3.679582174697373573e-04
-4.747045901463538774e-05
-2.080903074036458952e-05
-8.924101681868134911e-04
-5.679657806911868551e-05
1.828141075843203874e-06
2.897876005503088729e-04
2.076298290695345218e-05
-1.823919046134464227e-06
2.022933668339213758e-04
2.289762983071927068e-05
3.925134514440070422e-06
3.077949531522557050e-04
-9.876171270185108629e-06
8.841897934042125149e-05
-4.770594699009286072e-06
-6.919910241001100970e-02
-1.002727035165339197e-04
1.298483699852722990e-04
-2.460002922089172628e-05
3.538014350327129472e-05
-1.873305667634054400e-02
1.066569766463241873e-05
1.146621859767627384e-04
-1.538501018307592916e-05
-1.241544737545323057e-06
-5.789947804537059518e-03
7.785780019699415966e-06
-6.134908328421228858e-05
-6.522677262719389456e-06
-5.021993972414194130e-06
-4.740392218764801803e-03
1.341438972154896135e-05
-4.265384774440456853e-05
-5.119220664575423829e-06
1.097350932350182222e-06
-1.449160296529183921e-03
-2.703185867129553150e-07
-3.525572633669523032e-05
3.002535923774259883e-05
-2.912086229425799941e-05
-2.630945167701482894e-03
3.762825419038915516e-05
4.569450688106046717e-05
-1.091880496626326455e-02
8.209922534520308363e-06
1.270095158884692894e-05
9.024635083700743854e-05
3.421452131751418976e-05
1.322607556440513841e-04
-6.881954737200771111e-02
4.948656673939174494e-03
-5.484842069929712276e-06
-8.693059057708999468e-06
-1.052374363858955136e-04
-2.815471121004849749e-05
-1.092958098314174504e-04
3.120313186338526459e-02
-3.414918671858646268e-03
1.638363211626101592e-05
1.240921418254817824e-05
1.213261073008797125e-04
5.088244174698995843e-05
1.183807736910031793e-04
-2.152880849665907842e-02
6.442316642943761722e-06
5.851405048776944459e-06
-5.538079922549891439e-06
2.506391140617478434e-07
1.867419350641448539e-03
4.035059964857878943e-06
3.545500476884335230e-06
3.473098740253533314e-05
-6.407720283914646996e-06
-3.152534136525732222e+00
2.391863910466087706e+00
-5.176811030225791921e-01
2.298102218754238812e+00
2.110305639045763737e+00
1.710859141319256649e+00
8.073837893574628000e-01
2.649019569711116961e+00
1.235864455095995405e-05
-1.208751891394674316e-04
1.653747750573345617e-04
2.101966767703035942e-05
2.638447651087034475e-04
2.608487813194472851e-04
1.126628049018332608e-05
-8.749916242742229039e-04
1.511116116200694748e-04
-9.419600489433098073e-06
3.045801441030081052e-04
-8.274364927368104707e-05
-3.217996967792182534e-06
2.538975647489878076e-04
-3.439023531609933709e-05
-2.593114257533485898e-05
1.739736285655655462e-04
-1.603858565033463592e-04
3.439183782447596469e-05
-2.745396386826274779e-05
-6.892379006137837327e-02
-1.170578273840102638e-04
1.354953066808879496e-04
8.506119933456494475e-05
-4.151806597019620229e-05
-1.875379582756262278e-02
-1.904506906925265502e-04
1.602207814409549480e-04
-4.084994380898017603e-05
1.812798753982952448e-05
-5.824870661157748562e-03
8.671764078372447900e-05
-8.787784910394209111e-05
-3.466379942248503380e-05
1.520395325734747641e-05
-4.797318053757192342e-03
8.391052004351212017e-05
-7.527028324238232353e-05
-4.673674390114765311e-05
6.480267485861963730e-07
-1.601210116224368717e-03
1.701816135649261908e-05
-1.197191772663503447e-04
4.363565947217783289e-05
3.250140656270683300e-05
-2.439402730482028402e-03
1.590212640506118277e-04
1.531430745903611845e-04
1.084188789822694565e-02
-6.190944557197251320e-05
4.536981619542717492e-05
9.447438973592819922e-06
-1.482471667016264667e-05
-2.016792593768825664e-05
6.842874911688649753e-02
-4.899074569150781849e-03
3.038999674198427465e-05
-2.486213745385764263e-05
-2.418185742469880495e-05
2.400810839209113789e-05
2.618662140799329560e-05
-3.092553608698759421e-02
3.355283167965963757e-03
-1.902499882241705459e-05
8.908993918399572462e-06
1.646836075573122893e-05
-4.994351260655075929e-05
-6.191714527760850285e-05
2.121594907090208412e-02
-2.469596063460189451e-06
-3.254729214874193730e-06
7.518185930192566022e-06
1.498061823440824453e-05
1.938678310161498801e-03
1.061774328745822789e-05
2.431409790341692526e-05
-1.529945293569658874e-05
-9.045114544164469493e-07
-3.152538079382370295e+00
2.391776981114261069e+00
-5.176625738529434528e-01
2.297921270745693523e+00
2.110033780771303213e+00
1.710738480960922070e+00
8.073945736932793826e-01
2.649050534763839782e+00
1.276190551900789464e-04
-1.215695650461368071e-04
4.334926738039506801e-05
3.227647056477610504e-04
2.452108278903236162e-04
1.223485689711365778e-04
-1.133322125916035061e-04
-8.352353465954986478e-04
-7.532453542729318616e-05
1.493880149390156687e-05
2.728769200428527971e-04
4.538870455516624818e-06
2.776138643823961038e-05
1.921756486190216880e-04
1.184130041504397197e-05
-9.427476566970668611e-05
2.982170754230411116e-04
-4.837042471781704037e-05
2.678449033522117655e-05
-6.421089673067656781e-05
-6.903053628076356862e-02
-5.640762475159167774e-05
1.574790990932766355e-05
1.087764185611117312e-04
-3.085650137553077764e-05
-1.867960804066152308e-02
1.892326322513961014e-06
-4.629842316222733471e-05
-8.189444998246833219e-05
4.702972135555308982e-05
-5.762210231718137982e-03
2.878336193914918250e-05
4.248161449623390142e-05
-7.353094808966741157e-05
5.367554701940029343e-05
-4.714737745316631423e-03
3.253818266885753768e-05
4.734065043723331381e-05
-1.012103665529162769e-04
1.002907266604791071e-04
-1.435301053261400219e-03
4.556193853811766535e-05
7.092397531884700522e-05
1.048921068167840535e-04
-1.287687865793777470e-04
-2.624845213622517895e-03
-3.864457593101849089e-05
-5.199591151303716127e-05
-1.077342542138743330e-02
-1.391771845986801859e-04
-4.676713896143509970e-05
3.092657195021691896e-05
-2.859158997946514152e-05
1.534568262627757041e-04
-6.837621446095015765e-02
4.868124214884761609e-03
1.021759562634803236e-04
2.367800488005313442e-05
-1.008237770402063693e-04
9.774306389809700761e-06
-1.133828797721906788e-04
3.101812640198041773e-02
-3.352921551918209946e-03
-9.150843689875298032e-05
-2.117372105782920361e-06
1.627024743111778193e-04
1.156136523652764696e-05
1.149505109593864304e-04
-2.144852441856210518e-02
-1.313435727362801341e-05
2.261746413194745155e-05
1.119518863473720162e-05
-2.449533081407407990e-05
1.869119860126542722e-03
-9.121267991860714072e-06
-1.257833227176110419e-05
3.645437589304858074e-05
3.903351981222305447e-07
-3.152550471970711587e+00
2.391897156707192718e+00
-5.176940158693044136e-01
2.298143168488479660e+00
2.110310061642744373e+00
1.710855035710581395e+00
8.073849609397349969e-01
2.649022574226817195e+00
-2.842939466957230047e-05
-7.620744244763865034e-05
6.550248163137228712e-05
-7.368269889030634907e-05
3.296093209114465267e-04
9.803681407128452549e-05
2.660451460675933012e-05
-8.381093093823942372e-04
7.967312355244127566e-05
-2.342274250469428859e-05
3.093144871430426879e-04
-4.041293526882159593e-05
-4.432105373648697851e-06
2.697078802333356543e-04
-1.764620570349463650e-05
-8.382297945322030920e-05
1.526751933754161685e-04
-9.432666939082184334e-05
6.349804122330628391e-05
-1.197309845852260329e-04
-6.905134000392365579e-02
-9.106553769591262549e-05
3.218137585921530190e-05
2.518415202651920286e-04
-1.374936693372009057e-04
-1.875923039187549907e-02
-1.239468216270655056e-04
-5.093757314553246215e-05
-1.203586386965120353e-04
5.065088859498613754e-05
-5.829936520459396906e-03
5.365960676690104879e-05
1.982261213272994263e-05
-1.076818618426998687e-04
4.616798411112177668e-05
-4.798116844730911795e-03
5.326783186457208913e-05
2.419853474399575837e-05
-1.304510882176385046e-04
-1.410091244809604698e-05
-1.613729578260370305e-03
5.341566037347265049e-06
2.574973693416401148e-05
1.063181106791273698e-04
1.401093593186080398e-04
-2.400491615259036683e-03
1.188083756915620935e-04
-4.363859819590582592e-06
1.077898781090819678e-02
-1.551614119235491043e-04
1.911138813824855484e-04
-7.349443464766888812e-05
6.745976809997188345e-05
8.859216395016390527e-05
6.836124777336766156e-02
-4.866949128350956354e-03
6.914943766890405998e-05
-1.127102181816389036e-04
1.159070346408615226e-05
-3.015547903225820499e-05
-3.446150503741383388e-05
-3.091400031267973331e-02
3.333665498252804012e-03
-2.921650631734534938e-05
6.720012914909074804e-05
1.768912175473258408e-06
1.410085629007927933e-08
4.699149042342503973e-06
2.123291404191425882e-02
-2.562000012253280463e-05
-7.885886704780587669e-06
1.412856005101394445e-05
5.644991966343065653e-05
1.941035799100024892e-03
2.090748099967149081e-05
1.489646412773730196e-06
-2.251829528282831656e-05
-8.773777334264518129e-06
-3.152544358258198010e+00
2.391788671852048687e+00
-5.176694935302157408e-01
2.297975953031015983e+00
2.110120053004767904e+00
1.710774435893586132e+00
8.073903713476896504e-01
2.649042098792333100e+00
1.068106760147816852e-04
-9.584671289632120273e-05
5.067601191283455683e-05
2.554739014880667977e-04
2.887067242061691109e-04
1.559235674490620544e-04
-6.707052529664482544e-05
-8.174074014659011341e-04
-1.040421781927320044e-04
4.832215142189142624e-06
2.803469276729095207e-04
1.526037823273640394e-05
6.145725934343561364e-06
2.153673797411372981e-04
1.367424857234622715e-05
-2.823899216170601298e-05
2.499956088110566162e-04
-2.349276705251141743e-05
1.047393084973485041e-04
2.638060661074286689e-05
-6.892885558552745706e-02
1.248891192134416253e-05
-1.179540584507840105e-05
2.516099700902809690e-04
7.531926474583892786e-05
-1.866366778001857588e-02
2.666401404582999745e-05
-1.055609624680046944e-04
-1.437013915822932144e-04
1.002508126040062980e-05
-5.774861393375869262e-03
1.130526720781792566e-05
7.254826725702943836e-05
-1.268205184354992377e-04
1.984013801601105446e-05
-4.731154683540583945e-03
1.722826797255337270e-05
6.848175051475656765e-05
-1.662291968786701020e-04
7.798302560653005478e-05
-1.474947495795769347e-03
6.220623449009477488e-05
8.681042200010837787e-05
1.643614090712099238e-04
-1.472882008241922672e-04
-2.573859102041188389e-03
-1.144649385011876328e-04
-6.903803729009261618e-05
-1.077332220335148680e-02
-1.470030581605143161e-04
-1.712408468468566572e-04
-1.779092469162205092e-05
-5.336267938271051139e-05
1.086266534852111613e-04
-6.819334490809668414e-02
4.874812948642061675e-03
9.861673766354476893e-05
9.784483101159025019e-05
-6.334312820691252732e-05
2.373769283181705698e-05
-7.087555660295098703e-05
3.091241057985825991e-02
-3.360283620943518325e-03
-7.941557986853903413e-05
-5.375264051938053914e-05
1.235664410808665764e-04
-3.559106001702760794e-06
6.208931531789872553e-05
-2.133911401964130525e-02
-1.486116761090084510e-05
1.087515445558352622e-05
1.709884453226660685e-05
-5.128920654658902583e-05
1.884209875156321948e-03
-1.857996013545992016e-05
-1.247199484098753973e-05
3.403685388776920531e-05
-2.851028005415169966e-06
-3.152538605346204559e+00
2.391821114705150464e+00
-5.176759173053440133e-01
2.298057893597501788e+00
2.110259658987221787e+00
1.710836819440263223e+00
8.073846594387662501e-01
2.649027324196190580e+00
1.614026602224076664e-05
-9.482776337806547761e-05
-7.116955085884094599e-05
-1.791008142137311219e-05
2.882061420960464618e-04
-1.475252294060860545e-04
9.613310462596417897e-05
-8.113818775798256654e-04
-8.595024100006158402e-07
-4.462490234924161722e-05
3.002196561175475066e-04
7.245088814231457437e-06
-1.707399897960493412e-05
2.562669612366908867e-04
6.543989096057595473e-06
-9.672090154575499693e-05
1.724844827981702143e-04
-2.542056922882496514e-06
9.297505628213902085e-06
-1.269107142485544418e-04
-6.909678892330793631e-02
-4.427876455074457145e-05
-2.728506965947268253e-05
1.128755940279388913e-04
-1.780430609792635658e-04
-1.875971458520106147e-02
-3.110878495215209307e-05
-1.905978349264861890e-04
-5.968161014066880322e-05
5.722870717609786066e-05
-5.824793876685013631e-03
-6.450788247628838493e-07
9.600372074779469429e-05
-5.086921432207487518e-05
5.182772521524437392e-05
-4.791392205315917266e-03
-4.309225626770036557e-06
8.831720662451323658e-05
-5.401651538619341825e-05
-3.009791136643978057e-05
-1.581357211309254414e-03
-2.672374978232794828e-05
1.160991246807283620e-04
4.814459706692337344e-05
2.007239210913571944e-04
-2.463511638076325110e-03
4.923995600248172775e-05
-1.076569651948614816e-04
1.087213509157635219e-02
-7.993286172311713129e-05
1.513009917721912191e-04
-4.363058500254923811e-05
1.233774379735385208e-04
6.632852330157442897e-05
6.842775033410680718e-02
-4.920256044941430373e-03
3.616009383064055626e-05
-8.038529233283454498e-05
-1.306277767773762755e-05
-7.140657973516463259e-05
-4.439260882033245047e-05
-3.095740562351973618e-02
3.382667745987594406e-03
5.279447594691739909e-06
3.222456654882390891e-05
3.533770049751923381e-05
4.790615497042092076e-05
4.571525126730209554e-05
2.128721270979874389e-02
-1.941702959053842809e-05
-6.604147516963501674e-06
-3.452419316114362525e-06
5.163467161792214562e-05
1.929253751854230481e-03
2.988209010063169074e-05
-9.439814778837906858e-06
-2.714882452407484852e-05
-5.080339176082618010e-06
-3.152540862516119979e+00
2.391801517463809201e+00
-5.176748220496425468e-01
2.298002759097994563e+00
2.110161030346441979e+00
1.710792256054737281e+00
8.073882844030940698e-01
2.649036177136883552e+00
9.279008732152326010e-05
-1.045205115009346345e-04
2.377645762043317616e-05
2.710699685179779241e-04
2.796673818549039701e-04
1.395902878045968696e-04
-1.540379186580336662e-04
-8.238273685118856779e-04
-1.784264026751097030e-04
2.789588320871103428e-05
2.873220929158860426e-04
4.616950332464856598e-05
2.373267418939668848e-05
2.234609437069889968e-04
3.707290738780482042e-05
-3.457080602738875699e-05
2.395465446726533745e-04
-1.825092612539453677e-05
-6.157248523694174545e-05
1.891103476409452568e-05
-6.903594295281169357e-02
-3.978719418329997731e-06
1.131160082666041091e-04
7.620357147136027991e-05
8.605696563740054339e-06
-1.872208321238267095e-02
2.180269555065928366e-05
4.479205850653302022e-05
-5.257282979140738408e-05
1.149923380328558972e-05
-5.795550649118867172e-03
5.470561700283450428e-06
-6.139353243317987966e-06
-4.985290606006080382e-05
1.603370315699591373e-05
-4.755346720764963911e-03
1.260181276241221251e-05
4.549360125763960295e-07
-7.513557133947233323e-05
8.197108814235220034e-05
-1.501828311153440444e-03
7.849884525967725326e-05
-1.099953870281146549e-05
8.254532412806941271e-05
-1.647809956393653371e-04
-2.567507040453905105e-03
-1.663879161125568994e-04
4.387958939197999608e-05
-1.085038152561913598e-02
-1.189366143562447381e-04
-8.032051120834544748e-05
2.236176829509273212e-05
3.114645326310512552e-05
1.053310119597825143e-04
-6.854356851059921485e-02
4.922995450740585803e-03
1.016139487570484742e-04
2.968832940854670890e-05
-6.789469259316401051e-05
-2.666639136881398956e-05
-5.757506887959612215e-05
3.103969630148989758e-02
-3.403732687148339556e-03
-9.904176408437543114e-05
1.756265475221172327e-05
1.014428897991373479e-04
3.357089698953884412e-05
3.156569780557496045e-05
-2.138560162710256840e-02
-7.886328493363639830e-06
-3.813060019472328324e-06
5.270185692484374244e-06
-3.155390230806531544e-05
1.894024579555217847e-03
-7.364982325288866975e-06
-3.939274780883096345e-06
3.386343983971351710e-05
5.204938886594568585e-07
-3.152537558761074443e+00
2.391781183330554672e+00
-5.176705731205960559e-01
2.298012694087000707e+00
2.110219552360748096e+00
1.710818141424436556e+00
8.073838897932020808e-01
2.649029327007241807e+00
-4.791739837780735456e-05
-8.544803582754103340e-05
-4.742597751759073104e-05
-1.917264825806996040e-04
3.081327767081652562e-04
-6.367653433327589985e-05
1.792316956537789313e-04
-7.944430787008635716e-04
-5.703271061412004325e-05
-5.294729932916449549e-05
2.954578658491817953e-04
2.523511091569252896e-05
-4.018326899332902652e-05
2.442274562291486080e-04
1.769726999175726020e-05
-7.293617891110523114e-07
2.030520138256345459e-04
-5.274015039129179992e-06
-4.928045291256109546e-05
-2.093314396646624165e-05
-6.901898571875293709e-02
-3.368480067960288524e-05
-2.548016587064017360e-05
1.864681367756757506e-05
-7.787998657789440291e-05
-1.873694757623248913e-02
-2.854021335800508590e-05
-1.652055779155749615e-04
-2.983469491653900494e-05
7.005030291954455926e-06
-5.808239146253739785e-03
-4.265910709562708431e-07
8.154723259581574666e-05
-2.612772663896514662e-05
1.470341433792457747e-06
-4.771729547876413235e-03
-1.729593476357057396e-06
7.896114057567949298e-05
-1.853789245879462571e-05
-8.645994438629517852e-05
-1.534516436676645890e-03
3.357936025075972282e-06
1.159468003757827443e-04
1.381178951715353196e-06
2.270434247728916259e-04
-2.531657105680367326e-03
-1.733747272901804698e-05
-1.190993873742157184e-04
1.085317690241609061e-02
-1.161640786432217983e-04
4.537439229662025390e-05
2.118201929334623257e-05
1.315284463312872557e-04
4.210241104514239260e-05
6.845451989822318173e-02
-4.907892356380517615e-03
7.042097255768889016e-05
-1.806263019929932497e-05
-5.102212801977833168e-05
-7.600259464971894643e-05
-4.670374794739785406e-05
-3.097671078176331833e-02
3.373065843800074695e-03
-3.223469356009892267e-05
-1.148823902733642601e-05
6.784202536450761878e-05
4.994254926104414890e-05
6.744823365147762338e-05
2.130962212602253991e-02
-1.638911309509897505e-05
-1.158052097199023262e-05
-5.382267303430611000e-06
3.176972380227865165e-05
1.905590925875436624e-03
2.320877226093647898e-05
-8.615344359631397836e-06
-2.895470117627167478e-05
-2.657101577727415424e-06
-3.152553782733788612e+00
2.391837689554372037e+00
-5.176818160900148458e-01
2.297993822528609620e+00
2.110062608739371903e+00
1.710743847939015128e+00
8.073955070089328112e-01
2.649049048615450985e+00
-1.365591671385995285e-04
-9.674792986481134394e-05
1.745956019426247508e-05
-3.358583228752211021e-04
2.910149835681657450e-04
4.526070242084616227e-05
9.547252342841059682e-05
-8.375231634460582938e-04
-2.873055200584090986e-05
-9.046518071392488521e-06
2.808980092133321572e-04
-1.014480211377258827e-06
-1.926304137010229870e-05
2.039374169358392701e-04
4.090626690471607933e-06
8.658262077494680606e-05
2.917152645230951138e-04
-2.480616104104434324e-05
4.551397985191868835e-05
4.242557672524288094e-05
-6.917097396102006579e-02
-5.687518255300229655e-05
-3.065785147998695672e-05
-1.141372199780038793e-04
4.787472560755160595e-05
-1.872014761773577521e-02
3.162567891050958033e-05
-3.361549769194390689e-05
6.085046698740558836e-05
-4.537843779971942185e-05
-5.776852052240206807e-03
1.544505699322087136e-05
2.843681010083225815e-05
5.881665826465389999e-05
-5.735425706492545126e-05
-4.723270682080697377e-03
1.637890446442327009e-05
3.070609352056555968e-05
7.911886189668380855e-05
-9.800657772330683944e-05
-1.442650146820801576e-03
1.548545876431872085e-05
5.084846208335462396e-05
-6.139573511619597439e-05
9.397432949643429265e-05
-2.609641221111370316e-03
-6.197347291378531894e-06
-4.613882813614843308e-05
-1.080538397066034030e-02
1.060959096898519364e-04
3.915463058538470181e-05
1.334781290310282920e-05
-4.304471472464345893e-05
1.378739513857161385e-04
-6.852174590855078518e-02
4.899539990795344704e-03
-8.018654531057002252e-05
-1.934104303610465836e-05
-8.928281491909183243e-05
2.261565527714108734e-05
-9.232028137471786104e-05
3.107863600859449293e-02
-3.392125793494853332e-03
7.985628484679670571e-05
9.002098496251688441e-06
1.499189788455035366e-04
2.222636787432740921e-06
8.162423799581319155e-05
-2.147964287143324172e-02
7.313478022789702843e-06
4.781852799955768575e-06
-1.777593277637026163e-05
1.896141176256857801e-05
1.874046454008147355e-03
-1.370444652496445397e-05
-6.602245046511872391e-06
3.829015227797834102e-05
-2.657758177614967521e-06
-3.152581984786938740e+00
2.392023438333214180e+00
-5.177378416603117817e-01
2.298301395591558993e+00
2.110423103736471351e+00
1.710902227280141963e+00
8.073783484111251019e-01
2.649001591601865435e+00
4.440715171802846390e-05
-2.207417778488725453e-05
-5.344060102855808917e-05
1.453266775909802704e-04
4.735918891595703936e-04
-2.138994182606734711e-04
-1.089643503398009613e-04
-9.105318843371276293e-04
1.952835654388287686e-04
2.252671017817618889e-05
3.216058639943420892e-04
-6.053206095576221628e-05
1.248680072777714957e-05
2.853385622409835860e-04
-3.877106001135688504e-05
1.479825720483062467e-05
1.224637685972216304e-04
-2.776330031887790507e-05
3.123100097021221859e-05
4.614982243830137616e-05
-6.870442372876842119e-02
-6.502978630384070001e-05
1.048976862866777236e-04
-4.850100611384321192e-05
3.267771227304390306e-05
-1.866970688320848670e-02
-2.049711839007222123e-05
1.608766572384597374e-05
4.879177605483090617e-05
-1.134877037790644647e-05
-5.829685806138973532e-03
2.596104336248349623e-05
-2.739477291887128612e-06
5.115330031107321272e-05
-1.571102124715649241e-05
-4.815768215973875721e-03
2.834061484357106869e-05
5.605424103265958628e-07
5.939618456286454228e-05
3.572910415115063143e-05
-1.669980771954731637e-03
-5.804024069654805382e-05
-1.307639073222459218e-05
-3.294559264914309610e-05
-1.351249164104517306e-04
-2.347355705372047418e-03
2.128344655997020109e-04
3.952862762912014209e-05
1.086267153503930188e-02
1.616738683673912130e-04
-5.276361685203185235e-05
-4.870030652414508721e-05
1.872246590467973280e-05
9.126335567394782376e-05
6.844832291746372199e-02
-4.917365201737466940e-03
-8.477545917338430654e-05
2.711286669807900802e-05
4.259065763234648472e-05
7.524317256567660331e-07
-5.974709028757295946e-05
-3.090587882589083957e-02
3.368296070129586390e-03
5.530833218659740895e-05
-4.394956298491334941e-06
-8.356771240905329357e-05
-3.246468882316317413e-05
3.761299791238912075e-05
2.112068492642551684e-02
6.420702787114918065e-06
1.026008782458037185e-06
-6.930062380876603981e-06
-2.205291861359235034e-05
1.942878627160119073e-03
2.356433888104053197e-05
1.174576024788587508e-05
-1.109234874926639715e-05
-2.342932028474968914e-05
-3.152631723991051960e+00
2.392110973687299857e+00
-5.177759553963140471e-01
2.298328579687006101e+00
2.110236757629432081e+00
1.710807047244576884e+00
8.073924738319780969e-01
2.649026399726800651e+00
-3.825580043432646451e-05
3.481432912548086591e-05
-2.557226383736908523e-05
-7.392155928071870085e-05
5.889243449850927944e-04
-1.409946643493172297e-05
-1.113346469267216769e-05
-8.994892036038833801e-04
-8.340692639752963198e-05
4.444862257214071683e-06
3.069213010569938260e-04
1.736923578922954062e-05
1.197026966565941171e-06
2.366081000372835465e-04
2.040162266495089411e-05
9.216130292571022954e-06
2.577235634507255967e-04
-4.327654855795202992e-05
3.858495961002664904e-05
-1.246161697252230803e-05
-6.923431270894968292e-02
-1.118129543560101051e-04
9.340140757226099780e-05
-3.395668363857124730e-05
2.610261144796876967e-05
-1.870792120729539154e-02
-4.392013156205686194e-06
1.599470082475590673e-04
4.709377908282336492e-06
-3.487191951933259594e-06
-5.805859423154485430e-03
3.058023331818178665e-05
-6.789545802461535934e-05
7.438827878663908182e-06
-6.470376516582937248e-06
-4.763069766825946474e-03
3.373512499676075966e-05
-5.543451641513135874e-05
9.731536993444650540e-06
-9.528466171945271527e-06
-1.503876625070139656e-03
2.498853877986176102e-05
-5.865710513717307408e-05
3.569811728466777288e-06
-2.114870928511655614e-06
-2.565694414106593942e-03
1.347933369843644125e-05
5.540894906873238489e-05
-1.085438204816030830e-02
4.882656796536372860e-06
2.407266916598260374e-05
-2.288095808471168890e-05
7.916796841654484096e-05
6.023186057159857394e-05
-6.892058002838226394e-02
4.903563797948732803e-03
-4.964475766396794320e-06
-1.549825649687228477e-05
-3.201400236439201630e-05
-5.450625227118261818e-05
-6.447747697374084461e-05
3.125397968762924639e-02
-3.366745715915787571e-03
1.222080222793121837e-05
1.692291478584574541e-05
5.054268905511742627e-05
6.062912451184180077e-05
7.040984599178059947e-05
-2.151962647066783113e-02
6.589955316148142376e-06
1.627007675797400546e-05
-5.366959168369659296e-06
4.440122212042819800e-06
1.871281908527931085e-03
1.014907695423206331e-05
5.763995505101549401e-06
3.330605119532300119e-05
1.105030512781041271e-05
-3.152576794371065194e+00
2.391977484617832328e+00
-5.177245502949947564e-01
2.298278087900774924e+00
2.110470968243540302e+00
1.710928324277285029e+00
8.073724527864027944e-01
2.648993285478006054e+00
-3.572964140357171720e-05
-1.366791725184455034e-05
-6.114076274664201132e-05
-1.140702347983166103e-04
4.834509857805976279e-04
-1.941431099079703399e-04
7.579842420085037169e-05
-8.977674538277096231e-04
1.315594981033083879e-04
-1.750465723669806248e-05
3.239872673792747811e-04
-2.957760593551356834e-05
-1.153705451519941051e-05
3.022570169160573167e-04
-2.154795914800362088e-05
4.348005858786030897e-06
7.436337037613268298e-05
8.143281376509257192e-06
-2.850241672788714870e-05
-1.130120779746694270e-05
-6.862468638457853987e-02
-1.882774853799353953e-05
6.552457368033968782e-05
-7.824516640767197143e-07
2.802108749680059147e-06
-1.865328989238342408e-02
1.008740626629651727e-05
3.412130996097606262e-06
-5.928552153167126218e-06
1.266494072168166700e-06
-5.836108619320387950e-03
9.639282589191925412e-07
1.147524824998575477e-05
-6.304845976556703181e-06
2.541019784686996325e-06
-4.830750327665981128e-03
4.206156649509969142e-06
1.448322340683722947e-05
-5.928397978874810477e-06
-2.778892147546907170e-05
-1.710232280672641060e-03
-4.736441057387061283e-05
1.196817328653093540e-05
-1.804991959595883262e-08
7.595157677826106229e-05
-2.301666178861362308e-03
1.313006987231960486e-04
7.301842946455082694e-06
1.081725064475622458e-02
-4.288057841809854312e-05
2.228005287153588150e-06
-8.909408220261760825e-05
2.900692241053666465e-06
9.645210113493800710e-05
6.829081480099771784e-02
-4.884755653533576387e-03
2.727822261669052907e-05
2.017331930192361750e-06
7.350985457114413146e-05
4.837394120249343104e-06
-6.118320555704760699e-05
-3.081630760871872932e-02
3.331019282640029604e-03
-1.829470895839601589e-05
-1.285669193466012225e-05
-1.187175353721831722e-04
-2.094761083578690081e-05
4.767033099321637884e-05
2.102112319203193816e-02
-7.499010990331983511e-06
-1.438783741879966318e-06
9.042145231298535563e-07
9.057721634298640978e-06
1.949942040642214285e-03
1.247011849350878167e-05
2.990444150032175872e-06
-9.579323437371846741e-06
-1.018073717362299935e-05
-3.152630050366173275e+00
2.392106343372142341e+00
-5.177741046294307425e-01
2.298322096686151728e+00
2.110230768434444126e+00
1.710804071624620892e+00
8.073930976293437478e-01
2.649028105596720639e+00
2.692755095784553051e-05
3.163527530505210253e-05
1.753359614422003092e-05
7.238348494370647635e-05
5.772362308019431641e-04
6.022661486586067562e-05
-3.835911944540299390e-05
-8.923177636659253113e-04
-4.752867506688347938e-05
-1.040631535517593775e-05
3.067999684400525584e-04
-6.745385976319789441e-06
-4.121131335645341779e-06
2.380457113931637393e-04
-5.932164509506338972e-06
-4.408281427009902269e-05
2.543490178411784183e-04
-2.828537766825333754e-05
8.532154048170731420e-05
-5.809589227176361476e-05
-6.928158385252808360e-02
-1.303716409216919151e-05
-5.277247681020072684e-05
5.634542975445933099e-05
5.288340904062252838e-05
-1.871734158039826609e-02
2.586919010664000360e-05
-1.389470256738267490e-05
-5.497073047670291324e-05
2.840704353038985816e-05
-5.807690256523674599e-03
1.947355755039609861e-05
3.221630396443412616e-05
-4.581691095296903276e-05
3.371897716737317231e-05
-4.763300491980235023e-03
2.337560633017037661e-05
2.622945705655477973e-05
-6.495784045670169250e-05
4.266092534757734596e-05
-1.505676569700147363e-03
3.617709303088901185e-05
3.280620229718313234e-05
7.634898136927025262e-05
-3.387149416364841826e-05
-2.557921033134408304e-03
-3.609272102467246885e-05
-3.674298013436014287e-05
-1.083833823170669494e-02
-9.854369312398939158e-05
-3.313531728253591097e-05
-3.642665919850740508e-05
-8.845346203694402516e-06
3.294877984070198034e-05
-6.889350812701287852e-02
4.894199951767585870e-03
6.026328214377515589e-05
1.965183942373023812e-05
-2.769384618031209278e-05
2.057404969650408343e-06
-2.131261075599284716e-05
3.124554925921376597e-02
-3.359150588323766423e-03
-4.293902493936760465e-05
-7.966189810361087761e-06
5.175492970809457416e-05
9.035964794703808518e-07
1.477321477664526937e-05
-2.152209755153658768e-02
1.597544896742927612e-05
1.751602855133529334e-05
1.120859847702152651e-05
-1.456492079205454736e-05
1.872980867385978798e-03
-4.350615010891610102e-06
-9.447694728398371158e-06
3.110601486085867468e-05
1.333801545213756214e-05
-3.152581963588624081e+00
2.392023340439354051e+00
-5.177378046977779702e-01
2.298301324549761659e+00
2.110423133267810059e+00
1.710902234172958947e+00
8.073783481351621827e-01
2.649001589709048865e+00
-6.865340335827113563e-05
-2.207528880723234194e-05
-1.176031695803776049e-05
-2.583651677111125592e-04
4.735902757095648494e-04
-1.902182536257200222e-05
2.236287139657257815e-04
-9.105338557696580903e-04
-3.233504955430714471e-06
-6.368944932798171576e-05
3.216048748805711119e-04
1.075602624210329495e-05
-3.980059670191946140e-05
2.853361640162845698e-04
8.587726520071653502e-06
-3.150748805545216722e-05
1.224690157541967169e-04
1.010363616223724950e-06
-1.068579996258220291e-04
-7.939687123427094893e-05
-6.870424809348935069e-02
-7.450179638067379231e-06
-2.523449248419904747e-05
1.023547327723964005e-05
-3.409393623366805261e-05
-1.866964713360418429e-02
-1.804910605227688750e-05
-5.003383199574594590e-05
-2.203433157338970902e-05
2.815900855084597752e-05
-5.829696936376349385e-03
-3.153053873424440799e-06
4.362658544817258526e-05
-2.606307102157192870e-05
3.240032946662199534e-05
-4.815780564345231544e-03
-5.647846446554559755e-07
4.402392298265819304e-05
-1.840181921722004336e-05
-6.812769326836415015e-05
-1.669982256700854560e-03
-1.921875095103342410e-06
5.800643356073896653e-05
-1.767506827147820195e-05
2.518810578295016273e-04
-2.347379497747546003e-03
1.060232113315364290e-05
-4.835567628221395240e-05
1.086277236037692939e-02
-1.598695500625772032e-04
4.258602372200466848e-05
-4.869798097066266318e-05
3.634042927824688207e-05
9.438002244590367081e-05
6.844820100032170118e-02
-4.917410502623566562e-03
9.412767949587120631e-05
-1.287765727282471403e-05
4.258768358065927184e-05
-2.385865934150616121e-05
-4.354195540148543238e-05
-3.090583012623392828e-02
3.368337668172297766e-03
-6.022602790027471042e-05
-2.596458862917471041e-05
-8.356310325541294048e-05
2.004832366084703023e-05
2.909044097920091693e-05
2.112065466610341460e-02
-2.346908331522965608e-05
1.026085746034038839e-06
-6.699069050810840196e-06
3.143414861656024500e-05
1.942865658757806768e-03
7.315784764249865942e-06
-1.187209218608520605e-05
-1.109233290540380000e-05
6.184110812879156301e-06
