-3.152629897133671477e+00
2.392106991887774203e+00
-5.177754900008357808e-01
2.298325668269832089e+00
2.110237775341108346e+00
1.710807399826573816e+00
8.073921293332869675e-01
2.649026188442732632e+00
-4.669589620814350371e-05
-3.499959655395832626e-05
6.036355402801769508e-05
-9.007361274564049851e-05
-5.890483256889671171e-04
1.001399822837034171e-04
-1.303320453061808261e-05
8.947201453561989728e-04
5.685257842603209195e-05
5.911559649591516063e-06
-3.077614900268347935e-04
-1.400629964481311185e-05
1.601895739677681169e-06
-2.376685343324209357e-04
-1.218105907270654567e-05
1.101774676998274469e-05
-2.572986149270205334e-04
1.367516304089705419e-05
-4.594160932413181297e-05
1.890527214199421140e-05
-6.922942834938251855e-02
-9.398997129205660141e-05
6.943868481492466516e-05
4.405300969848305792e-05
-3.505605268751939095e-05
-1.870901262706381116e-02
3.671413660626888695e-05
1.575942742339360653e-04
-4.869920045466560497e-06
3.658379066852239308e-06
-5.806582026092822583e-03
1.791257355935052059e-05
-6.866754397870109884e-05
-8.436576373219668244e-06
7.004392698864274087e-06
-4.764743109958073999e-03
2.161650468745364057e-05
-5.617771792301107318e-05
-1.158640844730164323e-05
1.072781768100459186e-05
-1.505886417084558847e-03
5.651774531491247640e-06
-6.167970792038824767e-05
-4.437857287140587208e-06
2.715976117733073553e-06
-2.566430101541433001e-03
3.381130834590553608e-05
6.101908261999856344e-05
-1.323907456787376362e-02
3.692148741592601478e-06
3.158625217597493167e-05
1.422506551606098069e-05
-6.393639841843464303e-05
-4.407388900893151676e-05
6.849655545964632164e-02
5.982016231511369693e-03
-2.988419353374568402e-06
-1.933777265236376938e-05
3.323795297829022777e-05
4.468324981444016307e-05
5.223865132632904938e-05
-3.105861195498510474e-02
-4.107510261812841353e-03
1.182935858991760456e-05
2.043454089977534262e-05
-4.750381406295155207e-05
-5.250142673708173112e-05
-5.598597571560655003e-05
2.138353436935741536e-02
-8.168184737797969412e-06
-1.869536644270252638e-05
6.918880959750411063e-06
-5.182277818572203075e-06
1.873443847634073851e-03
7.384651753077589489e-06
6.320384306052971015e-06
3.129432888914323034e-05
1.565143526556522519e-05
-3.152554816855875686e+00
2.391926888951466879e+00
-5.177024266240526362e-01
2.298180300307931301e+00
2.110342202716390947e+00
1.710869252401121976e+00
8.073832680645842697e-01
2.649016632389401327e+00
2.626490091299180931e-05
7.291205263034849365e-05
-5.568039027431799883e-05
6.637012998474077475e-05
-3.514875086296381269e-04
-5.079796932832078430e-05
-2.981533801124534790e-05
8.671956551999247722e-04
-1.160541215492256106e-04
6.958386398231956741e-06
-3.124221336222253974e-04
6.522958605510626752e-05
-2.776378338229602881e-06
-2.704640333480765155e-04
3.222227512449226397e-05
4.972009479448271366e-05
-1.511132879236071853e-04
1.066677508635342591e-04
6.316121139458570188e-05
-8.674620895929145183e-05
-6.896732158590104800e-02
-9.784125352531899793e-05
1.137659607167056715e-04
1.799976563224625148e-04
-9.543369370294390317e-05
-1.874934536437717139e-02
-1.212886324621627689e-04
5.445625463290393624e-05
-1.006497964798672129e-04
2.754991393498963540e-05
-5.832540682253746327e-03
6.328589094499184272e-05
-3.987514696623915291e-05
-9.501355042354015434e-05
2.928861005913823790e-05
-4.804479527143646830e-03
6.102561474885667762e-05
-3.366268680103705969e-05
-1.157062638309393204e-04
-1.360478258346305998e-05
-1.625047834861144532e-03
-5.724025684121612919e-06
-5.830539416394801377e-05
9.170536991806455397e-05
1.114793198043706831e-04
-2.395313319588922643e-03
1.569274845349935457e-04
8.276791956066764471e-05
1.327665671023891755e-02
1.578274540349881329e-04
-1.448947464883530776e-04
4.431973948288911447e-05
-4.247566329135669711e-05
-1.917426006746393227e-05
-6.797628632955085570e-02
-6.023729922235905067e-03
-6.787860379653593880e-05
8.535426904840738289e-05
-9.831867304650049322e-06
1.601567498305598149e-05
8.218962355801108857e-06
3.071992404085471112e-02
4.148543221290272760e-03
3.258987628787447972e-05
-5.515652927258231635e-05
1.686007403359744694e-05
1.518428604968660505e-05
1.794817785281374633e-05
-2.106274566874198270e-02
-6.121062190076184681e-06
-5.036648351643922003e-06
1.191856140594674501e-05
3.802336103849782281e-05
1.941809272131902585e-03
2.419315620892249622e-05
1.712298166349230516e-05
-1.899622011623620449e-05
-2.335765951481787669e-05
-3.152596580528304493e+00
2.391997771141631812e+00
-5.177357701104778887e-01
2.298184521842136174e+00
2.110157496269073008e+00
1.710779726995140804e+00
8.073946198957697717e-01
2.649036905154467991e+00
-1.288550335291072102e-04
3.363724848759496507e-05
-7.809280468450586089e-05
-3.206192132337538567e-04
-4.395148270894979172e-04
-1.674496485106364294e-04
1.042189723078751069e-04
8.803653426622767321e-04
1.351321861633006697e-05
6.904681198311171870e-06
-2.933050021610690648e-04
9.001206664052198333e-06
-6.608399713594348017e-06
-2.178430800209443601e-04
-2.176129628974913448e-06
1.057314867707483645e-04
-2.782718919342852385e-04
5.435797648152284635e-05
6.784171494143820778e-05
-6.025321551672167732e-05
-6.910257597999752699e-02
-4.995359549148288038e-05
-6.633934470731033331e-05
1.346118877889843925e-04
-1.902845414993180784e-05
-1.867689675637166161e-02
3.367220603572759459e-06
-1.110043699746501964e-04
-1.049021124954468834e-04
5.918033655303690333e-05
-5.782653485490965584e-03
2.863006878330664844e-05
6.635961900658548401e-05
-9.386882478586622194e-05
6.752438504473544790e-05
-4.737881783032826290e-03
3.227191719196823862e-05
5.821441740084375572e-05
-1.225510591408618714e-04
1.024735786767709366e-04
-1.472828228935308889e-03
4.301268438598688853e-05
7.878618062841555953e-05
1.125065525726508947e-04
-9.481598362878831683e-05
-2.587355452970764580e-03
-3.385207848834964308e-05
-7.895804837360465391e-05
-1.318468565325209632e-02
1.545752941959827910e-04
4.827513725545306417e-05
-1.676602070118521359e-06
5.893168969075380332e-05
-1.017713793556431021e-04
6.826454125885390856e-02
5.960224063897792517e-03
-1.040424862281088192e-04
-2.544801585610236483e-05
5.977929056509394268e-05
-3.913974345583855121e-05
6.179401525699781180e-05
-3.096382036669305740e-02
-4.101741505936590260e-03
9.306724035150113448e-05
1.179599981442809868e-05
-9.639011724644000467e-05
2.631892925247393392e-05
-4.735695057476660419e-05
2.136157750192657634e-02
5.574874743739219362e-06
-1.882784492871300851e-05
2.381871243326501883e-05
-1.855963254062873140e-05
1.873089817178278911e-03
-2.007351084712180188e-05
-9.736631540659248856e-06
3.119605680539398393e-05
-4.444422288005182701e-06
-3.152537481928517238e+00
2.391829474809617828e+00
-5.176740907927951385e-01
2.298068794037783302e+00
2.110276583288780650e+00
1.710844277178730222e+00
8.073843086566170335e-01
2.649025786316697051e+00
-7.332674575631487860e-05
1.018804241857908157e-04
8.644427868329757699e-05
-1.003325864836796151e-04
-2.798910736058121945e-04
1.801624690295587227e-04
-1.085960219083401612e-04
8.312044015102495196e-04
6.393746067884586797e-06
4.637930986247485550e-05
-3.003936626018395887e-04
9.456541232516092591e-08
1.594705325422315274e-05
-2.553922466719697531e-04
-3.562006118685586255e-06
1.202850775780903863e-04
-1.695746946682922358e-04
1.235734991724816028e-05
8.912791725245014420e-06
-1.316933381305530719e-04
-6.904898051059536745e-02
-6.485341063838237149e-05
-5.563109000361393316e-05
1.175677999525672217e-04
-1.984128730799791871e-04
-1.875823311152453876e-02
-3.854134716966959489e-05
-2.121364510043075523e-04
-6.299727492648573169e-05
6.671697029752188431e-05
-5.825629335527990511e-03
1.185846566310001988e-05
1.006221679540563157e-04
-6.061470141510328529e-05
6.492603361050213926e-05
-4.792131881993505829e-03
6.913204717057941503e-06
8.423980381640423006e-05
-7.046995865785308480e-05
-7.395232455470101207e-06
-1.587734747260625273e-03
-2.937749775200303984e-05
1.062660007207983010e-04
5.117452633791518218e-05
1.826060374429718251e-04
-2.446352452141589522e-03
7.896376264876500488e-05
-1.073766002775915869e-04
1.314652010862488174e-02
1.190357322398620347e-04
-1.303558997953912124e-04
4.533709468005492349e-05
-1.412729922675213623e-04
-6.213515892305142285e-05
-6.798695484626669783e-02
-5.940508700353110301e-03
-4.932499726384475050e-05
6.467328977842443679e-05
9.863237781059311371e-06
8.513488923911164145e-05
4.056329639513648645e-05
3.075693987018526809e-02
4.075622476405360572e-03
6.089612875456468927e-06
-1.728728688138166607e-05
-2.905684083503133619e-05
-5.618005973014995153e-05
-3.178892390875141284e-05
-2.114364707298033857e-02
-6.122577745152598593e-06
8.974918521116533087e-06
2.297902870314761769e-06
4.084816907473205831e-05
1.932656352165409942e-03
4.264219553707423310e-05
-8.751623477663145190e-06
-2.428630414240194157e-05
-1.669248114532174076e-05
-3.152521953002013433e+00
2.391715106342067187e+00
-5.176429942000383422e-01
2.297862553317095990e+00
2.110030452022112257e+00
1.710739886081422245e+00
8.073926170208526321e-01
2.649050935216679559e+00
-5.348419495015583626e-05
1.363623747113399797e-04
-8.911976065505285930e-05
-1.537002492675546722e-04
-2.088164649516385113e-04
-2.284182296557800505e-04
9.535588586501279895e-05
8.151647513135799840e-04
8.032989917836649927e-05
-1.474116328035411842e-05
-2.709943527103972263e-04
-1.975771397481586788e-05
-1.644079877431448575e-05
-1.938868423138658122e-04
-2.500575481034312682e-05
2.510573202285362661e-05
-2.872572042022893731e-04
5.181841304627048323e-05
1.400021248938797085e-05
-1.908505847296785261e-05
-6.901102250734462984e-02
-2.915047136363597968e-05
-3.086262893751913396e-05
1.205045431216831089e-04
5.675596530029769732e-05
-1.869038420551882157e-02
-1.517603756157618255e-05
-7.349455987540060974e-05
-8.314718626747295794e-05
1.426613143567533374e-05
-5.764064586503203809e-03
2.194135038775067302e-05
5.272516469818683185e-05
-8.236315863607115474e-05
2.023061926030720519e-05
-4.717390848329775475e-03
2.598223969200423730e-05
4.279085957264496394e-05
-1.164681869315200647e-04
5.962551495354031193e-05
-1.440908120358094660e-03
7.079122652199299696e-05
5.326481343826986402e-05
1.053080470130877337e-04
-1.061624318344412841e-04
-2.617553003798942391e-03
-1.216518389001385421e-04
-6.137807887912848342e-05
-1.312576545659802953e-02
1.663283514707107006e-04
9.134584097262156508e-05
-3.207590074016941628e-05
2.893090259559302942e-05
-6.938010070807638929e-05
6.782848733160425081e-02
5.934812372565301773e-03
-1.252130593437231817e-04
-4.561932476488346814e-05
1.019989296043490729e-04
-1.716166557489946873e-05
4.568019834594701711e-05
-3.076055635966821328e-02
-4.090599259463822274e-03
1.208935181893504339e-04
7.491379929168624253e-06
-1.652116734221636962e-04
5.936308209447552567e-06
-2.881346575290318762e-05
2.126867260552438299e-02
-6.908754114781520900e-06
-2.468466298261815526e-05
1.084572672974232449e-05
-2.862926620013798236e-05
1.874224455990027276e-03
-2.152813095800858514e-05
-2.138396678915056208e-06
3.471509511215690178e-05
-1.737527982801539270e-05
-3.152537199748477459e+00
2.391779158602493016e+00
-5.176689652002570696e-01
2.298010489882860163e+00
2.110217006690049413e+00
1.710816061525369136e+00
8.073846754502720380e-01
2.649030907774554411e+00
5.169479610882344645e-06
8.872036855767559383e-05
9.161168779392737656e-05
1.149352483450305582e-04
-2.957881288928608022e-04
1.797132628774261178e-04
-2.088369133414462605e-04
7.917093722313121038e-04
2.223340707822165166e-05
6.469000300359144056e-05
-2.947608231335111981e-04
-1.500101567892947757e-05
4.767191979450519383e-05
-2.463592543087373484e-04
-7.707956678737068075e-06
1.529418580320841023e-05
-1.962698105463201131e-04
-2.745055847881636079e-05
-1.366905963505458976e-04
-1.730940845845073059e-05
-6.905735090580999991e-02
-1.328174809042497167e-05
-4.332877755269001589e-05
2.862934665226333142e-06
-7.441654804222606228e-05
-1.874708264844032052e-02
1.965306814586400229e-05
-1.665671671174981502e-04
-1.756896989233831967e-06
1.524071422480783266e-05
-5.811551611797982804e-03
-1.138992179028415377e-05
7.930659632517846210e-05
-8.507042490342812664e-06
5.589524089120202494e-06
-4.771951413873222123e-03
-1.411134825300317756e-05
6.775600377831956914e-05
-4.863453604863496668e-06
-7.851623313059560329e-05
-1.536769751541584069e-03
-2.107895876932030122e-05
1.025575871564432583e-04
-2.737219202072772975e-05
2.077642775275555817e-04
-2.519715026959783860e-03
8.797821730431052225e-06
-1.232025306067213927e-04
1.319616022902564065e-02
1.380453237611768279e-04
-1.438093850355029978e-05
1.150655237525111119e-05
-1.089372304201708221e-04
-3.416717652790458512e-05
-6.800942272158927437e-02
-5.978801900706279260e-03
-8.195245818566778253e-05
-6.663728926180442942e-06
4.180767873508163535e-05
6.052068075248337909e-05
4.684464294568962267e-05
3.077568510801163837e-02
4.122620273646371639e-03
5.145174449992272935e-05
3.658325502858982459e-05
-7.202959548736204143e-05
-2.981934068595616487e-05
-6.486793527767586390e-05
-2.117604123323554161e-02
-6.482477160896101914e-06
-2.569210152302198787e-07
2.989110916396789299e-06
2.261014261721572792e-05
1.908399215513717192e-03
2.722096597773360725e-05
-7.156204025633190876e-06
-3.258465746309477482e-05
-1.011689481880050047e-05
-3.152563509290384758e+00
2.391885346297736969e+00
-5.177060083700387727e-01
2.298102366708009381e+00
2.110200691755802271e+00
1.710802658319795055e+00
8.073873188240136001e-01
2.649029933149469773e+00
1.601826229204226875e-04
4.859530323069778538e-05
-3.062785234469716508e-05
4.558537069356942157e-04
-3.982701681778744521e-04
-3.004721373904071353e-05
-2.366751519692780834e-04
8.252116107695869895e-04
-4.687141540481260470e-05
4.859898276695676057e-05
-2.982880375737601442e-04
2.788201096038088613e-05
5.308758577818663992e-05
-2.332982322938439382e-04
2.116237147225731070e-05
-1.032761974697832469e-04
-2.472981157309612349e-04
-7.504325582986408122e-06
8.137723034491053486e-05
4.240529172484471844e-05
-6.881321576954055330e-02
2.380515312854641647e-05
-3.005775674668885889e-05
1.051634717410301597e-05
5.900293759773044097e-05
-1.866418174256475118e-02
4.518737587261021705e-05
-1.518397283131737616e-04
3.236820790126319360e-05
-4.330689402795161354e-05
-5.780921350671823673e-03
6.289869825348663995e-07
8.701908037481753439e-05
2.798229116154832611e-05
-4.614415593008154755e-05
-4.744488607109235978e-03
-5.343533909722659537e-07
8.801669125138323344e-05
2.401843843809783842e-05
-1.409556911029569073e-04
-1.499107755210002781e-03
-8.307188378135112595e-06
1.249978463407447565e-04
-1.365594173970310329e-05
2.514355012043803473e-04
-2.565745614815923351e-03
1.867234531841800504e-05
-1.134323066303754494e-04
-1.324443130959592797e-02
-1.408764522586834224e-04
6.359847213876362870e-06
-8.070937624431173685e-05
1.273904402071652738e-04
-9.999843649497082432e-05
6.809882820430218642e-02
5.991780957714841829e-03
1.073382768104975054e-04
-1.422932274729323508e-05
7.585883328100652412e-05
-7.419961819446661768e-05
8.241190114009310907e-05
-3.082576012741768123e-02
-4.120282861434407598e-03
-8.669791634162212911e-05
3.651643824305035677e-05
-7.478310982669128526e-05
4.641716346787058700e-05
-9.605269495724876559e-05
2.120977063590864797e-02
1.966983938614066301e-05
-1.339104624482209357e-05
6.321575059881745219e-06
1.776263414061691331e-05
1.886045665853906773e-03
-2.201406772741365298e-05
-1.491051181913514707e-05
2.814438766223485320e-05
2.324560373285426262e-06
-3.152536856317735836e+00
2.391784290708919514e+00
-5.176684802888831261e-01
2.297998321327954230e+00
2.110169655008189871e+00
1.710786098324440507e+00
8.073874738833245468e-01
2.649038619905155656e+00
-7.286971151565385944e-06
7.177248354457851313e-05
2.927558729828240078e-05
-4.818534357520053027e-05
-3.136770315335195552e-04
1.718165157384332793e-04
6.099122476210621751e-05
7.663295903854588920e-04
-2.170173678123744020e-04
-9.114080140875378979e-06
-2.992268666899280884e-04
7.803657734456422902e-05
-2.143613086676020741e-06
-2.469357875061722451e-04
6.653727429931483278e-05
5.598762102832538132e-06
-2.240471943110006170e-04
-1.461178875048721893e-05
-8.751034652508901278e-06
1.932059547608293748e-05
-6.910359204643302944e-02
4.091145181783019434e-05
1.776293163098818274e-04
3.258457119077111551e-06
-1.238944735110194195e-06
-1.878017258219433563e-02
-7.866319195352558654e-06
5.597002199431439092e-05
6.031488424586745777e-06
-9.540465224287690106e-07
-5.801208467848723710e-03
2.805810572588953139e-06
-3.783856666653064721e-05
1.306000512537082442e-06
1.364259197646724386e-06
-4.748879916033669178e-03
-7.073255992388990699e-06
-2.851508131490469359e-05
5.385241515821098971e-07
2.156723404912879740e-05
-1.501190314344585854e-03
-8.898832980972209029e-05
-5.924212261626972382e-05
-4.276623538247006982e-06
-4.506235903149464187e-05
-2.528937167749955618e-03
2.023250097083555913e-04
1.166228565449301262e-04
1.322681550893593100e-02
-3.344307764759465096e-08
4.703953902762333938e-06
-2.275293150123813835e-05
6.163624962097027406e-05
-1.528495380835718804e-04
-6.794286423301379441e-02
-5.991271098337836408e-03
8.134952906798537865e-06
6.546473871026987001e-06
6.721926108736384076e-05
-4.269871422977057195e-05
7.446368869069917677e-05
3.074797603822751815e-02
4.129886398140964789e-03
-9.554813808517279304e-06
-2.182583480658227559e-05
-9.813452865022227745e-05
4.773920440707458447e-05
-2.833691602841019669e-05
-2.118032595573069235e-02
-2.744163213954022723e-06
-2.131934764302228320e-07
-2.424031608971071914e-06
-5.373899862341058710e-06
1.904796379156517647e-03
8.915072648764952364e-06
3.938684456963615623e-06
-3.542265065463933923e-05
-2.402437979575546909e-05
-3.152588867115313942e+00
2.391973994040129892e+00
-5.177304212602299449e-01
2.298180274232714648e+00
2.110185131712113193e+00
1.710787555188663100e+00
8.073930039644180434e-01
2.649033012331492021e+00
-5.752579417412502472e-05
3.656744769977378264e-05
-8.575139708202450094e-05
-1.163399539182144915e-04
-4.420633274235031586e-04
-1.932696159996965461e-04
-1.455938055861454939e-06
8.786974595344258180e-04
4.280721004458725842e-05
-4.253198703083849752e-06
-3.017521542883223190e-04
-1.448443415881126042e-05
-1.441232877701432137e-05
-2.226683459824218604e-04
-2.439508436645025375e-05
2.991967720962219720e-05
-2.836889091392939973e-04
4.480254090169987039e-05
-1.506913965868984643e-04
-1.677067382247897798e-05
-6.920629862805446897e-02
-9.010033738016299957e-05
1.286212186396950945e-04
5.014531202787693372e-05
-8.866126620599074678e-05
-1.874449007017581909e-02
-6.164075950089578171e-05
-3.744679337088505436e-05
1.655826335220731340e-05
1.047093420775664107e-05
-5.801036414998551015e-03
2.479827745714217711e-05
7.563818909821256242e-06
1.667982731821381499e-06
1.502384491713761939e-05
-4.751370211840663486e-03
2.966995033196645785e-05
2.046974365809449886e-05
-9.336328873648461213e-06
1.114749849264464420e-05
-1.470557358742806886e-03
2.644419076312074673e-05
3.694089955279132771e-05
-2.259003047967033070e-05
2.653465211949147719e-05
-2.602838629284102805e-03
2.178982316879631465e-05
3.484600012099086866e-06
-1.333176075605228827e-02
5.888046681230916374e-05
1.980259558353872958e-06
-9.242807997367208372e-05
2.943881271461141406e-05
-1.677098517853758920e-04
6.848106031174619468e-02
6.037586592491251541e-03
-4.247652560120848935e-05
2.514328021657643696e-08
9.444647350845963851e-05
-1.368629027747054875e-05
1.397741068149851952e-04
-3.102768284585411679e-02
-4.158463307626169593e-03
6.093169838336457008e-05
1.958329941442653950e-06
-9.183421437667337039e-05
-1.470224459015237424e-05
-1.582352175554405192e-04
2.137361841966160109e-02
-1.065109542585108960e-05
-8.321067855007171628e-06
1.014037762411019525e-05
2.301587050502499276e-06
1.866581786058783138e-03
-1.134053985576521754e-05
-1.162877189131261799e-06
3.389769598512171189e-05
-2.935870733765638240e-05
-3.152533977585974867e+00
2.391793803904723070e+00
-5.176686431340148387e-01
2.298023558473079042e+00
2.110225932283122052e+00
1.710817128245827323e+00
8.073848554452528470e-01
2.649030930928921279e+00
5.922955798702680746e-05
9.209613619590925344e-05
-4.467249416192211811e-05
1.390215273952052216e-04
-2.892716317166086184e-04
3.053990717777007886e-06
-4.050493557847413941e-05
7.985764872879961467e-04
-1.834467528455877418e-04
4.491758373855692598e-06
-2.995991285884668084e-04
8.160197670659580281e-05
8.596393090803497680e-06
-2.499375761221999032e-04
5.515233982843742021e-05
-7.863658003425762807e-06
-1.996680928855270828e-04
5.557266668871501964e-05
-4.604716347388515974e-05
-1.933820886407581173e-05
-6.908442269076855990e-02
-1.067279248698714805e-05
1.327569070107028053e-04
5.489186550491497070e-05
-1.287916780969685304e-05
-1.877920288404318072e-02
-9.943846159387825204e-05
8.803494953081244818e-05
-3.410250027525781762e-05
-5.204883204322651347e-06
-5.816576288665986465e-03
3.636445863595216637e-05
-5.021168093517995709e-05
-3.824934603037284545e-05
-3.366797812757868968e-06
-4.773734474278200010e-03
2.790129751226690715e-05
-4.178379746387836922e-05
-5.649770089971277177e-05
-3.062997084827965210e-05
-1.541665769514748369e-03
-5.025128144935468429e-05
-8.169127543091058330e-05
5.705662425723504697e-05
7.351487192923198278e-05
-2.501802395971777088e-03
1.913494398612310978e-04
1.352846616124530298e-04
1.327769209046395643e-02
5.715498857494739557e-05
-6.974834340419641980e-05
-1.216132603876207696e-05
3.891525686990201984e-05
-9.332296516717780016e-05
-6.800176820794304189e-02
-6.011791524281387238e-03
-4.972768510634286614e-05
3.665118053255907475e-05
4.710471119144521435e-05
-2.725676982271726207e-05
3.508726821847330847e-05
3.076382008230861553e-02
4.136818200980920714e-03
5.393097608339379213e-05
-1.702801633580010385e-05
-6.518504320838537647e-05
3.910214139962690382e-05
1.725140127570746074e-05
-2.116204910728423927e-02
-7.853761541129047397e-06
7.169892924626767867e-06
-1.103806996197411925e-06
1.829268190287825966e-05
1.918568674323656428e-03
1.603130453912404436e-05
1.036814744983483266e-05
-2.794556608916029322e-05
-2.060703635651728511e-05
-3.152532371666137312e+00
2.391758263937894036e+00
-5.176565062562564767e-01
2.297900981289139555e+00
2.110019586152994453e+00
1.710728543067642882e+00
8.073952649939234449e-01
2.649053966812586314e+00
-1.452589467308934394e-04
1.159054462082790074e-04
1.161040856534550165e-05
-3.752616620992239686e-04
-2.406724920425147400e-04
4.205035338311461941e-05
1.449326804053779145e-04
8.086067446649547160e-04
-2.427425851362502858e-05
-2.376487151318057005e-05
-2.750563976940319797e-04
1.311928572714142095e-05
-3.464013978222006706e-05
-1.988999905900564282e-04
1.478623221657054102e-05
9.243145407690473532e-05
-2.933663839673672155e-04
-2.297838191850443346e-05
-6.203448908133211070e-05
-3.382312080553700594e-05
-6.900555361429638879e-02
1.163571432372285941e-05
-1.056332732025236972e-04
1.341922774855989705e-04
-6.631965875532940609e-05
-1.868908539939851537e-02
8.884476918501578923e-05
-1.034689481523831510e-04
-6.781204246380980599e-05
4.273715643669966156e-05
-5.758478064862143468e-03
-1.141033571827852224e-05
5.644700632707063228e-05
-6.865228351371581970e-05
5.449229198132177644e-05
-4.705219666151831681e-03
-1.177350105161162271e-05
5.302100491051411305e-05
-9.151101030066795055e-05
1.144894810490246646e-04
-1.430502405940226908e-03
-1.478908440777442726e-05
7.843153324592138601e-05
6.356710483526611553e-05
-1.450817450591122273e-04
-2.605714018487779744e-03
2.181622446921918179e-06
-8.347805538991727849e-05
-1.316893373634898078e-02
1.494718287931315424e-04
4.174983256467756920e-05
-1.570225910464684294e-05
1.090214143549398437e-04
-8.319202999861594928e-05
6.778797915073010716e-02
5.976146183575545279e-03
-1.038968123041970198e-04
-1.529056817331313732e-05
1.000784336063886143e-04
-6.256962926346184358e-05
5.707184739574321184e-05
-3.073731368949543519e-02
-4.143257452009763836e-03
9.885468846006429311e-05
-2.509717003803808681e-06
-1.714324497359247246e-04
2.855894731424970167e-05
-4.822785997835981600e-05
2.125528549020296032e-02
-1.650555399115478136e-05
9.096273154760416493e-07
1.804248491163522013e-05
-2.067137654709400767e-05
1.872614984759886792e-03
-2.334749663016300422e-05
-7.102175097136728199e-06
4.020296918168047938e-05
-9.989429820637918921e-07
-3.152531492238412447e+00
2.391769420868728346e+00
-5.176629612157935822e-01
2.297996642791494626e+00
2.110219553521966773e+00
1.710821876805923569e+00
8.073844093553019796e-01
2.649030460258830377e+00
1.065664642884708109e-04
1.068917533658789480e-04
-7.944155484448558308e-05
2.783741180469663686e-04
-2.668086304792240560e-04
-1.188911876864944222e-04
-1.143609604177303802e-04
8.045930456837195426e-04
-8.446240649839438540e-05
2.330636761817828288e-05
-2.920863029919637619e-04
4.225437041619282123e-05
1.936376138878658372e-05
-2.413187687067108571e-04
1.770601393637556183e-05
-6.686042832918808365e-06
-1.948410397511515216e-04
7.800109632557932252e-05
-3.383549401429438754e-05
-4.822468133898450381e-05
-6.906224576513232682e-02
-6.528726459571331398e-05
-1.101313525234679565e-06
1.543321734669812566e-04
-4.675958689910175020e-05
-1.874361024534622680e-02
-1.532246026797947779e-04
6.503837432370398759e-05
-9.130121344602356356e-05
-1.412738862566811351e-06
-5.813674702230813875e-03
4.454119739695390479e-05
-2.353685626389314645e-05
-8.541867828427060212e-05
-5.850007291590528691e-06
-4.779392447729552580e-03
4.100816560755206314e-05
-2.743393513547402347e-05
-1.141182811689933825e-04
-7.543552272830893321e-05
-1.549287150416548894e-03
-1.093271427181821535e-05
-4.607363798431390807e-05
1.107965790837519800e-04
1.727152487404417255e-04
-2.513973719706772553e-03
1.350729738260958500e-04
3.452609855323812195e-05
1.321275180828543859e-02
1.167086097939250798e-04
-1.388072574153892576e-04
1.013711354281437993e-05
-3.114603265996528428e-05
9.564691110525028531e-06
-6.804407972209451649e-02
-5.974778754585852170e-03
-8.987131079313650031e-05
7.047992777203175400e-05
3.818448408856450760e-05
1.198970822969204355e-05
-1.963529476215212979e-05
3.079880057413875161e-02
4.107616504697581168e-03
8.345093830392381201e-05
-2.491195781597629151e-05
-6.429622801817740096e-05
1.045657250572088652e-05
5.800094017651403447e-05
-2.119735849293147636e-02
-1.740037103546414224e-05
1.286756905825544358e-05
2.177144464509544759e-06
4.496353626484922775e-05
1.913010878489805350e-03
2.135564761775333710e-05
1.031024825551953635e-05
-2.909480535195357542e-05
-4.904980928725039772e-06
-3.152546936675186373e+00
2.391809427259038223e+00
-5.176785548011466620e-01
2.298034352075432718e+00
2.110214844907827292e+00
1.710817487281826921e+00
8.073849822471970139e-01
2.649029128908692687e+00
-7.956115047503897015e-05
9.949277437206475094e-05
-5.766093171697886507e-05
-2.744845465062163356e-04
-2.989986522407596381e-04
-1.417670658818987318e-04
2.173361466138863359e-04
8.402751245234948421e-04
3.269829674376147131e-05
-3.349672006506529870e-05
-2.882266914920179304e-04
-6.996695066134648553e-06
-2.386292961746470177e-05
-2.281430734400493850e-04
-2.100285289229936761e-06
3.134515435316602362e-05
-2.184737793953097729e-04
4.288461735182170001e-06
3.382720728459243098e-07
5.175109405970842666e-05
-6.895764963478330511e-02
3.308948291799816005e-05
-2.713635396258003672e-05
9.609320734928338968e-05
5.856541434664394260e-05
-1.869690802345347347e-02
4.663800221464353105e-05
-1.046380978347717205e-04
-9.323037917056811242e-05
1.292077350189314324e-05
-5.801330055317299728e-03
-1.215000522981297200e-06
5.449003402345946659e-05
-8.461447165096066462e-05
1.700480873279648555e-05
-4.767237025781011564e-03
4.169363702455224400e-06
4.299511529115064725e-05
-1.037593273806985397e-04
1.109770891306539257e-04
-1.523126167507806751e-03
3.987508705186338509e-05
5.713416286154857321e-05
9.517528696419646052e-05
-2.467660228222794822e-04
-2.552996058882749456e-03
-8.570611993737011684e-05
-7.253370137732181324e-05
-1.321667708749182588e-02
1.532309391986872143e-04
9.023485235811856513e-05
-9.186868169919204519e-06
9.439916664475436715e-05
-2.225749198334894471e-05
6.813163189801992037e-02
5.982483854716385586e-03
-1.037308723301125614e-04
-3.470232961371366373e-05
5.052787902107280793e-05
-5.236026686029064030e-05
2.606740662880111230e-05
-3.085210393703820969e-02
-4.118728136099418513e-03
7.974453603699037645e-05
-8.996409511357163560e-06
-7.658033404243751174e-05
2.354381753550132024e-05
-1.814487309025801737e-05
2.123573524473392968e-02
3.027706733509262895e-06
-6.895499301483250286e-06
1.002942576893177049e-05
-3.606216253730290663e-05
1.896812058382149700e-03
-3.150980469183614733e-05
-1.761904428502033453e-06
2.840955987152051496e-05
-5.994768628189159283e-06
-3.152546936339502448e+00
2.391809426263232119e+00
-5.176785544340821721e-01
2.298034351235656914e+00
2.110214845168251419e+00
1.710817487428944128e+00
8.073849822318256431e-01
2.649029128902832930e+00
7.956235219078812470e-05
9.949324013740126066e-05
5.766024545360209160e-05
2.744874814229434105e-04
-2.989978961022134391e-04
1.417648759911253745e-04
-2.173365779528879888e-04
8.402752202971112017e-04
-3.269660005595464547e-05
3.349636567333924380e-05
-2.882267139593574427e-04
6.996455270074867976e-06
2.386237713736394378e-05
-2.281430560690186644e-04
2.100023056546496342e-06
-3.134461641097189720e-05
-2.184736703383812189e-04
-4.287660336759175039e-06
3.362942487447596017e-07
-5.175251105724184252e-05
-6.895765019890162661e-02
-3.308971974700432740e-05
-2.713668665712989751e-05
9.609346626213440099e-05
-5.857101270199352883e-05
-1.869690821402394260e-02
-4.663839245145660960e-05
-1.046378764287986566e-04
-9.323050838116473456e-05
-1.292016148397803646e-05
-5.801330509397783879e-03
1.215281759413700674e-06
5.448985184624082997e-05
-8.461472236700922690e-05
-1.700526229552078356e-05
-4.767237436107015641e-03
-4.168989177603520547e-06
4.299494463821555224e-05
-1.037599510708901138e-04
-1.109797775695411129e-04
-1.523126459568530230e-03
-3.987394308877457771e-05
5.713411174908748075e-05
9.517617518896634562e-05
2.467708650290209582e-04
-2.552996146117499261e-03
8.570425318279754011e-05
-7.253406265128183408e-05
1.321667645225788577e-02
1.532280957541680942e-04
-9.023625686830727237e-05
-9.186774530871300026e-06
-9.439915511568570602e-05
-2.225669934756489658e-05
-6.813162984133713795e-02
-5.982483781783142808e-03
-1.037294779790006675e-04
3.470332205154241269e-05
5.052763836014932675e-05
5.236043230763136368e-05
2.606676303614245335e-05
3.085210286901814841e-02
4.118728320331842968e-03
7.974347121633771750e-05
8.995170140334632618e-06
-7.657993272136565110e-05
-2.354407767345567687e-05
-1.814411159095706376e-05
-2.123573447663270816e-02
3.027303747761192878e-06
6.895315238269686267e-06
1.002944059482982096e-05
3.606210665774292135e-05
1.896812317518251382e-03
3.150978931126788193e-05
-1.761975070643367067e-06
-2.840940879394120806e-05
-5.994581247675225455e-06
-3.152531492458587881e+00
2.391769421422018649e+00
-5.176629616203444195e-01
2.297996642977595538e+00
2.110219552516049202e+00
1.710821876446062539e+00
8.073844092811773843e-01
2.649030460327308045e+00
-1.065660611755115110e-04
1.068915862435323332e-04
7.944074105685797974e-05
-2.783733233327403012e-04
-2.668079726889278653e-04
1.188894526246684919e-04
1.143610629796175317e-04
8.045911401140284610e-04
8.446242636303015992e-05
-2.330678349503444559e-05
-2.920861549694006966e-04
-4.225432143663599457e-05
-1.936440179105472837e-05
-2.413189762781002415e-04
-1.770623957232604411e-05
6.686851947030808866e-06
-1.948404848574736671e-04
-7.799982507731339294e-05
-3.383536445560086144e-05
4.822236702031312133e-05
-6.906224886298358012e-02
6.528509542160225616e-05
-1.101692961092413155e-06
1.543305730839714942e-04
4.675546298288046324e-05
-1.874361390546281855e-02
1.532235422175613705e-04
6.503805524177982901e-05
-9.130125288050685737e-05
1.413375847497027119e-06
-5.813673778483133096e-03
-4.454050387664992155e-05
-2.353691857449175911e-05
-8.541872794126884202e-05
5.849889261426015645e-06
-4.779392103911814411e-03
-4.100726981321028953e-05
-2.743411188729747720e-05
-1.141186792624058924e-04
7.543326030828348113e-05
-1.549288059011185272e-03
1.093313719577839778e-05
-4.607393367399670276e-05
1.107973493400734601e-04
-1.727106349108215272e-04
-2.513971374572567669e-03
-1.350717379207170253e-04
3.452642997595458188e-05
-1.321275267075547322e-02
1.167102371273779672e-04
1.388057465787255820e-04
1.013649334224986376e-05
3.114530261827746995e-05
9.565306955311003029e-06
6.804408526066442475e-02
5.974779115956713356e-03
-8.987244780929914620e-05
-7.047932196044991897e-05
3.818519942962173008e-05
-1.198947370812342717e-05
-1.963517163335379420e-05
-3.079880357905466493e-02
-4.107616807985825513e-03
8.345189829651736887e-05
2.491202988325172439e-05
-6.429718661781110012e-05
-1.045621656584182094e-05
5.800040964128400176e-05
2.119736124575805070e-02
-1.740040165709887316e-05
-1.286774699358082591e-05
2.177095306338467165e-06
-4.496355420868479989e-05
1.913010402861309994e-03
-2.135530402420127250e-05
1.031040515713954229e-05
2.909518190431169046e-05
-4.904817106583816652e-06
-3.152532371807096112e+00
2.391758265738196165e+00
-5.176565068303530248e-01
2.297900982396942737e+00
2.110019585284307997e+00
1.710728542712423028e+00
8.073952650122847574e-01
2.649053966913621938e+00
1.452603890590361559e-04
1.159061031529959492e-04
-1.161134295086418055e-05
3.752647842100475303e-04
-2.406706868630704467e-04
-4.205300829204783319e-05
-1.449325085093102221e-04
8.086060959777252415e-04
2.427569163223822682e-05
2.376437460610703051e-05
-2.750564286221656232e-04
-1.311971296103798333e-05
3.463943178490970493e-05
-1.989001375676230474e-04
-1.478666899351245312e-05
-9.243101973417147384e-05
-2.933662603029624357e-04
2.297888906753375502e-05
-6.203533391859871599e-05
3.382238740907918435e-05
-6.900555713665805502e-02
-1.163522951696106637e-05
-1.056346954580658767e-04
1.341941029724354520e-04
6.631537033596580986e-05
-1.868908900843295820e-02
-8.884494800290011719e-05
-1.034691830003659543e-04
-6.781248550558971813e-05
-4.273689986204622473e-05
-5.758477541470375174e-03
1.141037840600879206e-05
5.644673791537016685e-05
-6.865241521626591701e-05
-5.449279806284164774e-05
-4.705219632326632095e-03
1.177359975995183707e-05
5.302057127554615274e-05
-9.151058528823779363e-05
-1.144918394714905025e-04
-1.430503682795780706e-03
1.479030328265701669e-05
7.843115471209259225e-05
6.356615274424030513e-05
1.450857520197278865e-04
-2.605711336992534710e-03
-2.184443646796621711e-06
-8.347836186329402508e-05
1.316893540900416180e-02
1.494711945884393076e-04
-4.175086699968548996e-05
-1.570319733083108682e-05
-1.090219234121782635e-04
-8.318976691697394302e-05
-6.778798379776838912e-02
-5.976147103993795576e-03
-1.038963854357159190e-04
1.529103532021524464e-05
1.000789430854829437e-04
6.256994877184302180e-05
5.707094444407079508e-05
3.073731603873669158e-02
4.143258249456999685e-03
9.885417898449898755e-05
2.509826563642250869e-06
-1.714326814535004073e-04
-2.855953464258641022e-05
-4.822745176302073444e-05
-2.125528760815023274e-02
-1.650541389481833990e-05
-9.097057586926449689e-07
1.804260251935042620e-05
2.067141259089628211e-05
1.872614995025677831e-03
2.334742257462271258e-05
-7.101939506582149314e-06
-4.020315407215113625e-05
-9.987520784344072929e-07
-3.152533978272503035e+00
2.391793807998267241e+00
-5.176686448300789056e-01
2.298023561651827418e+00
2.110225930498365265e+00
1.710817127368291057e+00
8.073848554830932445e-01
2.649030931111231890e+00
-5.923068190711471871e-05
9.209608067072046363e-05
4.467094628227813967e-05
-1.390236343858575121e-04
-2.892714098190160327e-04
-3.057768872013685857e-06
4.050444243247801400e-05
7.985755255951233495e-04
1.834474866505042307e-04
-4.491659529958991816e-06
-2.995989183496408940e-04
-8.160190241244013644e-05
-8.596509960113927104e-06
-2.499374116023554324e-04
-5.515226880871152630e-05
7.864489828736302652e-06
-1.996682997971246660e-04
-5.557210674292386936e-05
-4.604841891911828390e-05
1.933668392408761667e-05
-6.908442636562912853e-02
1.067376569499557844e-05
1.327574119272858502e-04
5.489205419389399008e-05
1.287749941847290459e-05
-1.877920744834166156e-02
9.943637971595025316e-05
8.803299083281300040e-05
-3.410292834609734882e-05
5.205450370023150821e-06
-5.816575587946230808e-03
-3.636404522648609594e-05
-5.021141769073632539e-05
-3.824966311586815713e-05
3.367193548633869930e-06
-4.773734459917584015e-03
-2.790095790685122551e-05
-4.178399689703661654e-05
-5.649833777567791126e-05
3.062963820497581317e-05
-1.541667116026800184e-03
5.025219757269408489e-05
-8.169232855119390403e-05
5.705780345074449949e-05
-7.351329954742431253e-05
-2.501799733374614372e-03
-1.913507728601360398e-04
1.352862289637236644e-04
-1.327769473323260792e-02
5.715577054581002375e-05
6.974768620229869964e-05
-1.216242069024958683e-05
-3.891494109488336482e-05
-9.332365645047272992e-05
6.800177798676421137e-02
6.011792926782862437e-03
-4.972819863567298250e-05
-3.665097032765022981e-05
4.710525434738210837e-05
2.725728480182653150e-05
3.508778561515501354e-05
-3.076382526719859123e-02
-4.136819487400399467e-03
5.393138595214072594e-05
1.702805462557703157e-05
-6.518549365510176163e-05
-3.910373533307431935e-05
1.725079657336067111e-05
2.116205390791178059e-02
-7.853718032916376206e-06
-7.169848167253375796e-06
-1.103535960018546319e-06
-1.829264136272243260e-05
1.918568462238958100e-03
-1.603138030689237872e-05
1.036810480120126587e-05
2.794568338314064846e-05
-2.060687093405489856e-05
-3.152588867500806469e+00
2.391973997754766046e+00
-5.177304228803024655e-01
2.298180276880053441e+00
2.110185129560559592e+00
1.710787554262372945e+00
8.073930039439900508e-01
2.649033012574722790e+00
5.752574171117948360e-05
3.656790358329262461e-05
8.575147818259463528e-05
1.163397763128840110e-04
-4.420614387563245613e-04
1.932700566584737547e-04
1.456254103327376528e-06
8.786953429236688201e-04
-4.280765135669474856e-05
4.253075284083711959e-06
-3.017518065827424958e-04
1.448400091964029189e-05
1.441205323057573974e-05
-2.226683890010996460e-04
2.439429304358087383e-05
-2.991916285389419110e-05
-2.836882265932406293e-04
-4.480165846239544865e-05
-1.506897519665803325e-04
1.676933947623556256e-05
-6.920630689109268097e-02
9.009815982123924082e-05
1.286206077775149193e-04
5.014658810859322114e-05
8.866021308454537816e-05
-1.874449826021628088e-02
6.163678260610188937e-05
-3.744873948024485130e-05
1.655780269686904705e-05
-1.047070252808035318e-05
-5.801035806699360482e-03
-2.479763492619611886e-05
7.563985804233683350e-06
1.667777352279877843e-06
-1.502374795146031055e-05
-4.751370468285703169e-03
-2.966999033086928871e-05
2.046953530203702106e-05
-9.336222675712497706e-06
-1.114798666774646796e-05
-1.470559825786494062e-03
-2.644640942909296183e-05
3.693963006872490239e-05
-2.259041040771556571e-05
-2.653340256431402171e-05
-2.602833779877641775e-03
-2.178511146317193984e-05
3.486999599840443618e-06
1.333176435240652005e-02
5.888141955853060523e-05
-1.981452661479744760e-06
-9.242852583377786369e-05
-2.944099106349864505e-05
-1.677105621768162805e-04
-6.848107149374679792e-02
-6.037588350856743814e-03
-4.247719619745333048e-05
-2.494393762745574731e-08
9.444688331946768378e-05
1.368683491343427791e-05
1.397746194944518648e-04
3.102768836279764034e-02
4.158464763371420500e-03
6.093250721305461628e-05
-1.957697006023188644e-06
-9.183493040464986434e-05
1.470311430081785910e-05
-1.582359092600423998e-04
-2.137362353854336400e-02
-1.065110367567303064e-05
8.320983295271886250e-06
1.014031813016003887e-05
-2.301476020434296398e-06
1.866581963934719991e-03
1.134044801367450873e-05
-1.162747587848966552e-06
-3.389795212846403397e-05
-2.935842140318930659e-05
-3.152536856035791146e+00
2.391784289399959462e+00
-5.176684796534000155e-01
2.297998319923026056e+00
2.110169654502746184e+00
1.710786097958338470e+00
8.073874740382170900e-01
2.649038619996616717e+00
2.169030821450094971e-05
7.177209884731212053e-05
2.094578480378120355e-05
1.246459393944967034e-04
-3.136786285081855606e-04
1.276301944102008245e-04
-1.574385795306720739e-04
7.663311890795504976e-04
-1.613260423934293906e-04
6.302536846490089796e-05
-2.992267983861971988e-04
4.691143111572421381e-05
5.655667791949376701e-05
-2.469352434836676285e-04
3.512550417238268917e-05
-9.869908181754595469e-06
-2.240484471259626047e-04
-1.215444386025336736e-05
1.581768883617426730e-04
4.509059802297116703e-05
-6.910358840756244958e-02
3.723147624831702439e-06
-8.123909201039950217e-05
4.683701314778862936e-05
-7.429450854454850339e-06
-1.878016860396788945e-02
-2.860281745078408692e-06
-3.080827359443364191e-05
-3.578314203088104033e-05
1.952528491149386602e-06
-5.801208722416984279e-03
2.229644290143246980e-06
1.369602822792519444e-05
-2.534612044485339536e-05
-5.443401416726852842e-06
-4.748879485477520285e-03
-4.717433276113999559e-06
1.312624960698380373e-05
-5.157608588437719472e-05
-6.628176024020981277e-05
-1.501188057876180499e-03
-6.317021401812808262e-05
2.915286762209360358e-05
1.031445588365774641e-04
1.526862940283311369e-04
-2.528940792680076446e-03
1.401851349908778241e-04
-5.460430272383454662e-05
-1.322681436846909545e-02
-1.323563165494157264e-04
5.573152575997033543e-05
-2.275260811704371555e-05
2.674408376444567005e-05
7.645239603356365592e-05
6.794285631156324334e-02
5.991270716712877344e-03
6.042096837514292565e-05
-3.370392099965587940e-05
6.721947967183034001e-05
-2.701809709817635987e-05
-4.427572880750683601e-05
-3.074797228505946750e-02
-4.129886308670190249e-03
-1.976362435037609406e-05
3.042858991352627223e-05
-9.813511116667748835e-05
4.277008431994512214e-05
2.244215491524752682e-05
2.118032338558937036e-02
2.218645566940132094e-05
2.133182606001176500e-07
4.622303486309729380e-06
5.033774542336996467e-06
1.904796092761860526e-03
9.111662290025896067e-06
1.298412468874160074e-07
3.542270429966970589e-05
9.638105530373236216e-06
-3.152581700383158658e+00
2.391974800396752254e+00
-5.177269694122764720e-01
2.298174207935241409e+00
2.110174059511976896e+00
1.710775610852085293e+00
8.073921581808628511e-01
2.649034372243371571e+00
-1.392244832796953632e-05
1.776319613812393002e-05
1.373698253556787186e-05
-2.834217141635370736e-05
-4.676454312220504035e-04
-2.204728090544612155e-05
1.498806892491236719e-05
8.549093231100122125e-04
9.326091879590764052e-05
-4.173038531447716856e-06
-3.103081822222440462e-04
-1.935022253666616372e-05
-5.783727211549881002e-06
-2.313381935303504230e-04
-7.996300590392660564e-06
-4.776218090048975745e-06
-2.989127352272579006e-04
5.150952639584326673e-06
1.020960832642744693e-04
-1.094412492948213292e-05
-6.909599381998379752e-02
-2.845196263357580024e-05
-5.696000301360737254e-05
3.296298453724444215e-05
-3.852849670838851199e-05
-1.877060884010564590e-02
4.738479310768234473e-06
-1.853290112230913857e-04
-2.543499575863763504e-05
-2.936335741029373518e-06
-5.792066287129611114e-03
7.564030660907675174e-06
5.636388328738521202e-05
-6.423053231798651094e-06
-7.152654786683195843e-06
-4.734299925531033730e-03
4.836111509710372955e-06
5.216200884674923344e-05
3.957004745619048243e-06
-1.706460173125131773e-05
-1.451274274820210652e-03
1.911377321187582464e-05
8.177470130516248197e-05
2.389050113346174390e-05
3.151444412154776227e-05
-2.600380579561580811e-03
-3.865346330737500619e-05
-8.586429268056663478e-05
1.339973254419083923e-02
-1.154147747574066568e-04
3.120246549800139574e-05
-1.557265299870283504e-04
-8.623886165325629692e-05
-2.988262561018709129e-05
-6.821995089203010398e-02
-6.079296051612271407e-03
9.365975598187275663e-05
-1.057158141993111216e-05
1.185782984909622417e-04
5.629419436169671325e-05
-8.478282787677520610e-06
3.088505384278764088e-02
4.194109055292782190e-03
-1.122379865551326883e-04
-1.497319067249943191e-05
-1.002023788733968218e-04
-5.760078204967163486e-05
1.200517786472559724e-05
-2.126064990431634355e-02
1.351797570016091037e-05
-2.970527921137151297e-06
-2.040405041363202595e-06
-9.697229070117961919e-07
1.877914547962048842e-03
1.386082210810363159e-05
-1.864011929701497264e-05
-3.228381757714522178e-05
-5.543193416531428866e-06
-3.152527909181281007e+00
2.391757062265232214e+00
-5.176573669807574829e-01
2.297929697722175035e+00
2.110082524297843598e+00
1.710751515490077868e+00
8.073898795093238379e-01
2.649044796426758719e+00
3.545525157828193440e-05
8.473342157849328253e-05
-4.633432984169887639e-05
1.708924685949964268e-04
-3.019948134613680175e-04
-5.288075330251966878e-05
-1.847441648267188750e-04
7.844404627103708505e-04
-7.367970127880149231e-05
5.345547574297072977e-05
-2.902207417158198899e-04
3.410017667786590913e-05
4.978134386742366104e-05
-2.184383569674363482e-04
2.962279268048191778e-05
-4.605006092982643208e-05
-2.863797434188437548e-04
-1.494555353456017497e-05
1.664712771413637445e-04
5.384710921401894687e-05
-6.887973545814943255e-02
5.213260846775706354e-05
-7.434480502490931498e-05
1.820908800726957493e-04
1.638719933145069585e-05
-1.871653787384985890e-02
9.928421071931205558e-06
-1.324756658272005115e-04
-7.776452147644302378e-05
-2.076173689018190666e-05
-5.762925157142135581e-03
-4.208944667657301786e-06
7.703340889224596878e-05
-6.867635764110027882e-05
-2.320388898431937350e-05
-4.709821036303213360e-03
-1.001504538298405780e-05
7.590563058623628942e-05
-1.021263790889736633e-04
-8.181343221639117425e-05
-1.438820816714668710e-03
-1.985427258566351710e-05
9.993737434799337472e-05
1.146390716542651338e-04
1.574833372903970924e-04
-2.597982895204990848e-03
2.500652589210695877e-05
-9.199498328869075924e-05
-1.324666095022331014e-02
-5.428323450730118682e-05
9.930857988653938630e-05
-1.295769351205913744e-04
1.114857624414497723e-04
-2.678165679396689661e-05
6.769566116521597010e-02
6.000254731572869128e-03
3.421295863637583735e-05
-6.682359742702650377e-05
1.255838147133387511e-04
-7.050780510358705040e-05
3.267018212529070303e-05
-3.065253926615449376e-02
-4.135397999152729161e-03
-6.300377425873422699e-06
6.421765302696506167e-05
-1.423996423746288348e-04
5.682586439904006989e-05
-4.983579541606290332e-05
2.114296963163382614e-02
3.016456757094142195e-06
-7.220429280178301129e-06
1.456369168644454631e-05
-9.678292926569418862e-06
1.881941055339789648e-03
-1.987918944231729240e-05
-6.708395452347155636e-06
3.818301174838063968e-05
-6.234264722108798316e-06
-3.152550331021104491e+00
2.391866966200985267e+00
-5.176911760743881930e-01
2.298038542382964344e+00
2.110101487840895018e+00
1.710750340243178291e+00
8.073925923113530745e-01
2.649041925810315945e+00
4.581419777074566789e-05
6.174967871734225126e-05
6.810070108522012656e-05
9.393421361216213730e-05
-3.623841949219651706e-04
2.034766228625242137e-04
3.858425783237771694e-06
8.197553420733583824e-04
-1.182652492398126605e-04
-1.027844722398230624e-05
-3.021369866648158714e-04
2.701594637391855339e-05
1.835741556931090411e-07
-2.225920380501727124e-04
4.270261475999153499e-05
-3.948201589761203583e-05
-3.106447139517354620e-04
-9.652107818797101024e-05
3.615344368557160421e-05
1.453199564027524951e-05
-6.903976357535523967e-02
1.013592828352552331e-04
1.329529609431462193e-04
1.532174008401750512e-05
2.615808249775977907e-05
-1.877447675964620186e-02
7.821008748472321292e-05
9.293079615049632523e-05
-2.019210659508772940e-05
-2.176119632022460043e-05
-5.774891973299407094e-03
-4.739057609531457883e-05
-5.938386604905692898e-05
-1.669693927922293318e-05
-1.866506632998307275e-05
-4.715108519930599415e-03
-5.262392740986656135e-05
-5.253184548977477941e-05
-2.802392283431516903e-05
-2.287489358046943005e-05
-1.428343075720937437e-03
-7.909858128230353499e-05
-5.807008532142988479e-05
5.358370803267881757e-05
2.372448201676293487e-05
-2.618251181418175446e-03
7.571629915488535751e-05
4.541848624919935700e-05
1.335484633428447865e-02
-8.395358653581243280e-06
1.198645021097620965e-06
-1.865504522797004072e-04
9.022782412986365182e-05
-3.261739260322822371e-05
-6.805789952975578594e-02
-6.058900938947403211e-03
6.478184294027658236e-06
4.082314229901138573e-06
1.466876794115976740e-04
-6.099352480398755657e-05
2.180363006245406802e-05
3.080725929898752574e-02
4.183149685751966218e-03
-9.245019564049555480e-06
-1.611342004011447271e-05
-1.392622959144173417e-04
4.973579130011608683e-05
-1.294824282358652710e-05
-2.122804002440523488e-02
3.578748346994979927e-06
-6.406417282082998207e-06
4.260248473150735722e-06
-1.467808853424198740e-07
1.878866308999857689e-03
-1.440771898964418834e-05
1.358825526882444928e-06
-3.873248638879142006e-05
-1.428139582616814204e-06
-3.152581700382352636e+00
2.391974800999183248e+00
-5.177269698798848685e-01
2.298174208297662169e+00
2.110174058796139729e+00
1.710775610676655401e+00
8.073921581146509263e-01
2.649034372306587226e+00
-1.886539843477202889e-05
1.776404570505153409e-05
-5.206752883954538511e-06
4.898604180577807244e-06
-4.676434195573181494e-04
-3.562326755206597282e-05
-7.326838863829097297e-05
8.549085098540128852e-04
5.961957711314821756e-05
1.467133421390070768e-05
-3.103078276429119503e-04
-1.328879363420367937e-05
4.035025929307215300e-06
-2.313381153502545623e-04
-9.002701312333431875e-06
-6.854879762630949197e-06
-2.989119829474249637e-04
-1.573242742905434034e-06
-1.736586036250300970e-06
1.916632409860557747e-05
-6.909599706608696157e-02
-2.370579914263656364e-05
1.169216299439394878e-04
1.440126233539581893e-04
-2.337126895925891416e-05
-1.877061242428407564e-02
-3.099881552309476443e-05
1.212170698877674635e-04
-3.609389455285213702e-05
-8.018336395234357868e-06
-5.792066086540807734e-03
1.239373487478824770e-06
-5.021023512096215097e-05
-4.196130205489680132e-05
-7.764687858548043194e-06
-4.734300285062860783e-03
-3.776246791541235798e-06
-3.164416843316710979e-05
-7.279973897932105970e-05
-2.508752493959946457e-05
-1.451275789877255317e-03
-5.222032704392550839e-06
-3.745746324840018809e-05
6.242258925888230926e-05
4.923660466107171528e-05
-2.600378214135895625e-03
7.966856288168854905e-06
6.361314683467152631e-05
-1.339973389234653048e-02
8.358594659140829164e-05
9.028522178743331530e-05
-1.557258244541184777e-04
-1.609756918199249111e-05
-8.501191793063391823e-05
6.821995572860958812e-02
6.079296571677754273e-03
-3.948711209721209731e-05
-5.403698667616596411e-05
1.185781441460902891e-04
1.899318367793028663e-05
8.535141718066881125e-05
-3.088505635971397489e-02
-4.194109319617073811e-03
4.572206108718228964e-05
4.239682964334884503e-05
-1.002025853986693998e-04
-4.176879980994250229e-05
-1.032041485966949767e-04
2.126065218619079683e-02
-1.155726766826289140e-05
2.970434014876630296e-06
1.716263531790425162e-05
-1.248869855868739648e-05
1.877914523975761059e-03
6.090664349283821403e-06
7.553569783775920463e-06
3.228403452056779186e-05
-8.927126678279673384e-06
-3.152527909549881269e+00
2.391757065134593851e+00
-5.176573680796924259e-01
2.297929700084603510e+00
2.110082523500208751e+00
1.710751515081698315e+00
8.073898795242170356e-01
2.649044796520727107e+00
5.786456803481920092e-05
8.473339119297756440e-05
7.555685929098423983e-06
1.312725920541738477e-04
-3.019944369994993945e-04
1.216100171848422768e-04
-2.856891219579444030e-05
7.844397424784135516e-04
-1.968407109100372651e-04
-2.804312530263671101e-06
-2.902205869783303039e-04
6.334353109982256082e-05
-7.660785969350049725e-07
-2.184384252593893870e-04
5.791893481512110130e-05
-1.007528529248719252e-05
-2.863793029966226551e-04
-4.734062546957773271e-05
-1.887108512188835478e-05
-1.822663564703173953e-05
-6.887974111259677346e-02
7.270083179013636697e-05
1.813649057523301737e-04
2.367825592128394030e-05
-4.079793762209281004e-07
-1.871654255159305863e-02
1.915632287128576894e-05
2.239397595302055060e-04
-2.782979272265101808e-05
-6.735365352970129301e-06
-5.762924759374446135e-03
-2.008470593210672878e-05
-1.058645552980434161e-04
-3.139737923349642380e-05
-2.928857680623073027e-06
-4.709821154807434553e-03
-2.510273816199432272e-05
-9.742960692343825607e-05
-3.548688226088620682e-05
-2.371497601861734386e-05
-1.438822193243347296e-03
-8.077907686290702383e-05
-1.384102207413626595e-04
2.235629108075482365e-05
5.709072103956182190e-05
-2.597980088980478969e-03
1.488862239642358668e-04
1.452689251714714348e-04
1.324666317513932372e-02
5.033456615671820988e-05
-4.689660089505175416e-05
-1.295772480993939713e-04
1.417474926764558489e-04
-3.361775122868873936e-05
-6.769566679309217683e-02
-6.000255946714641922e-03
-4.539929114057741607e-05
2.764963025445835599e-05
1.255841336874462949e-04
-9.312620699407722245e-05
1.329307995854124916e-05
3.065254200037025034e-02
4.135399133663279769e-03
4.630910655567054381e-05
-1.710290062423477626e-05
-1.424001536102729309e-04
8.402801530040101760e-05
1.946230197071865085e-05
-2.114297210326114215e-02
-6.905099381051242472e-06
7.220338395859052108e-06
-1.472662145602666171e-06
1.237672887870397962e-05
1.881941065247369396e-03
-1.832139985908075872e-05
1.596732199375731865e-05
-3.818327053279504908e-05
5.132373892432725345e-07
-3.152553154116133793e+00
2.391880104702658993e+00
-5.176978385341103328e-01
2.298053444652396138e+00
2.110112242467050869e+00
1.710762064134089488e+00
8.073935195651784635e-01
2.649040399652152544e+00
-7.231908022084867788e-05
7.352651484315972288e-05
-4.229051148608158766e-05
-2.819856245691565975e-04
-3.523886769335915665e-04
-5.250641171389153748e-05
2.527748581061363756e-04
8.432780662257736027e-04
-4.782011459882581011e-05
-5.653000109847052635e-05
-2.928358724078145253e-04
2.252556886903412230e-05
-5.933686301627896678e-05
-2.125383741993308812e-04
1.348289192945177514e-05
9.733697950187522987e-05
-2.984305053286612675e-04
9.996268355081094079e-06
-2.217273506748362964e-04
-5.413736568650711744e-05
-6.877292360289986861e-02
-2.365878426067844929e-05
-7.731339130617330586e-05
-1.464978799713316049e-04
-1.059351253071721987e-04
-1.866648060450516039e-02
3.491223305441030437e-06
-2.161167580896970037e-04
6.497393486124377259e-05
4.099880623391771067e-05
-5.759175869973031173e-03
3.261050877543926019e-06
9.766998730856028192e-05
5.314063473661170996e-05
4.367317221046379154e-05
-4.711430019381379272e-03
6.939596673882986655e-06
9.323290668569622652e-05
6.473512987193705314e-05
1.092701643466826005e-04
-1.444304725549833959e-03
-5.735024360697702308e-06
1.279534788231970340e-04
-7.716441986491113071e-05
-1.730064844902172222e-04
-2.602927145983268548e-03
3.917659995844244969e-05
-1.013966194152995319e-04
-1.324957808181671630e-02
1.067512491057978196e-04
-9.982453511421887117e-05
-1.246209332896736077e-04
1.071071374383144757e-04
-1.036262084447439960e-04
6.784842484261693896e-02
6.016774041975730090e-03
-8.136899424835135775e-05
8.506789350307727548e-05
1.202247429412314772e-04
-6.299300746223609516e-05
7.982333770065923664e-05
-3.071350842301052986e-02
-4.165145984649590467e-03
7.542750857090607230e-05
-9.899318378775857734e-05
-1.303881033086259217e-04
3.402072280674748217e-05
-9.134093242106665692e-05
2.116168997463738904e-02
8.200561162320810585e-06
1.111733076313649359e-05
-4.775464422466678058e-06
1.594410042883993546e-05
1.872698715029291533e-03
-2.557546361574398208e-05
-1.505082351112529927e-05
3.523292127152728395e-05
-1.117672623617807677e-05
-3.152563509552227305e+00
2.391885348700454550e+00
-5.177060095471219814e-01
2.298102368464384426e+00
2.110200690180688898e+00
1.710802657626476542e+00
8.073873187816358321e-01
2.649029933334611453e+00
1.066252702940756177e-04
4.859554140424957556e-05
1.234264894680726747e-04
2.539769565212384589e-04
-3.982689321816299715e-04
3.798122179016691358e-04
-7.775043620370709918e-05
8.252097506614508929e-04
-2.284111548957079465e-04
1.526645213061200170e-07
-2.982877427214255931e-04
5.602832178127169888e-05
8.214050241585968152e-06
-2.332982540775413428e-04
5.655149965390500309e-05
-4.513200176597720369e-05
-2.472975487918117454e-04
-9.317885858948859014e-05
-1.467677181890060002e-05
5.851454310625871236e-07
-6.881322212198143218e-02
4.862710856576893089e-05
8.552738119354435023e-05
1.262348256859852666e-04
-9.635481206026643547e-06
-1.866418755415138672e-02
7.369227636486370449e-05
8.503154847625834069e-05
-9.154379050106090532e-05
-2.219748578104819073e-05
-5.780921071300257862e-03
-3.719054559894484276e-05
-1.547902874962768058e-05
-9.021500700421348259e-05
-2.260924840355588974e-05
-4.744488969279814228e-03
-4.022919363288305380e-05
-1.977621606296965504e-05
-1.202620946824615864e-04
-6.328540798313353857e-05
-1.499109676373896333e-03
-1.262247656858699084e-04
-4.169688612514679934e-05
1.050689298710478278e-04
1.095511179051400057e-04
-2.565742150752981475e-03
2.270856112344096832e-04
4.488292775878874720e-05
1.324443305601423308e-02
1.570384535087424645e-04
-1.071445731100982134e-04
-8.070946799384678960e-05
6.920235882815727047e-05
-7.200290748549868607e-05
-6.809883758834553436e-02
-5.991781788266363484e-03
-1.250394825241800834e-04
5.714392851885084171e-05
7.585884113793517347e-05
-4.942418634048205937e-05
5.175142676976660690e-05
3.082576475687918982e-02
4.120283579704957407e-03
1.265330325317300391e-04
-2.193953980363135404e-05
-7.478332445916106852e-05
5.483494105828362348e-05
-2.705613977030987523e-05
-2.120977486078360480e-02
-7.819627001897207436e-06
1.339114942695214289e-05
9.751432786284520548e-06
2.794595034232507541e-05
1.886045921265038687e-03
4.375885828584731140e-06
1.293041943120026122e-05
-2.814449182491354922e-05
-1.818858266781973702e-05
-3.152537199328522721e+00
2.391779155720801686e+00
-5.176689640384521951e-01
2.298010488009640362e+00
2.110217008155026441e+00
1.710816062069307142e+00
8.073846754910017909e-01
2.649030907622998754e+00
-5.169767092406363728e-06
8.871904518803399448e-05
-9.161199191695346903e-05
-1.149365787379778413e-04
-2.957916612146426101e-04
-1.797148718650357416e-04
2.088380163370580714e-04
7.917108582939052890e-04
-2.223181432039520415e-05
-6.469016636225541177e-05
-2.947608010099089315e-04
1.500040596948187994e-05
-4.767206050602876966e-05
-2.463589901249257485e-04
7.707370900522083154e-06
-1.529397480504212422e-05
-1.962702068834553705e-04
2.745094473585905849e-05
-1.366930729549989897e-04
1.730962932109758688e-05
-6.905734472390237522e-02
1.328090576976502686e-05
-4.332756598445961730e-05
2.861304950894829734e-06
7.441579931267534528e-05
-1.874707703774467979e-02
-1.965350301087395724e-05
-1.665649302170417001e-04
-1.756474617984487519e-06
-1.524063609473342814e-05
-5.811551991074213018e-03
1.138990425326292079e-05
7.930629725551173903e-05
-8.506690288060740455e-06
-5.589571117383738925e-06
-4.771951215114208535e-03
1.411126733515576310e-05
6.775600940617622966e-05
-4.863163167489977418e-06
7.851616319138709880e-05
-1.536767666512898990e-03
2.107875340433394576e-05
1.025581942059891296e-04
-2.737230094288636904e-05
-2.077643050189236233e-04
-2.519718988966390769e-03
-8.797690227434429517e-06
-1.232036441953117921e-04
-1.319615820081213205e-02
1.380451782184630963e-04
1.438093938650199764e-05
1.150707348855986578e-05
1.089364765059520619e-04
-3.416686295116665856e-05
6.800941311195114747e-02
5.978800876904256933e-03
-8.195258126784825718e-05
6.663864550021810461e-06
4.180756946637123606e-05
-6.052072817283378101e-05
4.684484744458226879e-05
-3.077568035915763042e-02
-4.122619442305730346e-03
5.145197218413731716e-05
-3.658335182847504362e-05
-7.202977326895357302e-05
2.982040168534843129e-05
-6.486817655422224063e-05
2.117603719505826987e-02
-6.482558829810737620e-06
2.568946131411545177e-07
2.988982921347171570e-06
-2.261012902233039217e-05
1.908398877034559078e-03
-2.722093610082927130e-05
-7.155920254381929226e-06
3.258472326501526007e-05
-1.011724532515268730e-05
-3.152521952445656694e+00
2.391715102375705726e+00
-5.176429928074987030e-01
2.297862550560650252e+00
2.110030453748094725e+00
1.710739886846654345e+00
8.073926169723246726e-01
2.649050935046648458e+00
5.348274848218729496e-05
1.363621924214703657e-04
8.911832710591631066e-05
1.536974189023092730e-04
-2.088174724686180789e-04
2.284154544074433555e-04
-9.535635292378092482e-05
8.151656224639116516e-04
-8.033043366595089916e-05
1.474147299337180510e-05
-2.709944703122263258e-04
1.975801364772844455e-05
1.644088524465584390e-05
-1.938868245502709366e-04
2.500579232653213135e-05
-2.510480056587998169e-05
-2.872571906837938054e-04
-5.181715610095260756e-05
1.399903510933080651e-05
1.908356575464618173e-05
-6.901101943841636555e-02
2.914998074371975834e-05
-3.086185605829909213e-05
1.205038529333863219e-04
-5.675598522767016647e-05
-1.869037933885443412e-02
1.517321689658509578e-05
-7.349220839157914655e-05
-8.314657569628759075e-05
-1.426564614133650738e-05
-5.764065709195733897e-03
-2.194049971642937928e-05
5.272467924221213695e-05
-8.236237195692714080e-05
-2.022992596965613430e-05
-4.717391257426443475e-03
-2.598152492980446561e-05
4.279081191157441881e-05
-1.164669793889577435e-04
-5.962470570167635966e-05
-1.440906733290326942e-03
-7.079079042043496021e-05
5.326555153569366115e-05
1.053071454665422812e-04
1.061622063321820302e-04
-2.617556521879938619e-03
1.216525578536483733e-04
-6.137951592397087274e-05
1.312576418779668429e-02
1.663264596091836717e-04
-9.134659003875143530e-05
-3.207447283955222606e-05
-2.893116122731735629e-05
-6.937876819386348641e-05
-6.782847922086573944e-02
-5.934811669444615967e-03
-1.252120750295544890e-04
4.561945395106152632e-05
1.019980022129510222e-04
1.716221001420473961e-05
4.567955551476702040e-05
3.076055218860372295e-02
4.090598563729655815e-03
1.208926504637295851e-04
-7.491218836888104398e-06
-1.652107864538177040e-04
-5.937528263670838278e-06
-2.881296005947708893e-05
-2.126866886787397853e-02
-6.909098100917483156e-06
2.468461026490864434e-05
1.084548092342756879e-05
2.862955249944760020e-05
1.874224621278096532e-03
2.152810209823949133e-05
-2.138178165604935274e-06
-3.471478609736042346e-05
-1.737574966823629392e-05
-3.152537480777748868e+00
2.391829470084810172e+00
-5.176740889863998829e-01
2.298068789080139229e+00
2.110276581999328105e+00
1.710844276669752251e+00
8.073843087649589245e-01
2.649025786503655500e+00
7.332773943385218580e-05
1.018814244547409497e-04
-8.643961587956807834e-05
1.003352232523023945e-04
-2.798897168341924445e-04
-1.801527081762926107e-04
1.085951876796591533e-04
8.312055365142938289e-04
-6.394011942483162432e-06
-4.637913639155608720e-05
-3.003933241882386271e-04
-9.507205075524611648e-08
-1.594692862003095122e-05
-2.553914099126758461e-04
3.562145478903494647e-06
-1.202853622948306964e-04
-1.695759989640308963e-04
-1.236043653734889217e-05
8.916382674517922026e-06
1.316942759315041164e-04
-6.904898328610602209e-02
6.485648722142148270e-05
-5.563019743649671132e-05
1.175684027155624457e-04
1.984119463942002662e-04
-1.875823153889936284e-02
3.854530356936131693e-05
-2.121317805953762121e-04
-6.299794414116038769e-05
-6.671719069848268554e-05
-5.825629814670156559e-03
-1.186012797516728615e-05
1.006199450128212041e-04
-6.061524404026018308e-05
-6.492662361858288840e-05
-4.792131677959800100e-03
-6.914786906971043647e-06
8.423799436939033555e-05
-7.047041736051273516e-05
7.393661507227774208e-06
-1.587732093049461918e-03
2.937647608806575130e-05
1.062637126004933386e-04
5.117493736527046794e-05
-1.826038239945133954e-04
-2.446357250299397226e-03
-7.896515433191276905e-05
-1.073745629825740037e-04
-1.314652187185129384e-02
1.190347955974180912e-04
1.303572103423095141e-04
4.533598063573979209e-05
1.412723086045222115e-04
-6.213305747182701691e-05
6.798695539898125251e-02
5.940509819880209798e-03
-4.932450252799177107e-05
-6.467432114123523846e-05
9.864435426092804660e-06
-8.513411155470663604e-05
4.056164434366408417e-05
-3.075694009068359602e-02
-4.075623620037980600e-03
6.089117539081144968e-06
1.728882769259186135e-05
-2.905861976712324768e-05
5.617867203414368948e-05
-3.178697547229409649e-05
2.114364767004912882e-02
-6.122467393732597125e-06
-8.974780352249248669e-06
2.297487064983514630e-06
-4.084837411858289379e-05
1.932656147044599197e-03
-4.264198860392146386e-05
-8.751417018546849003e-06
2.428645602718373854e-05
-1.669206531412992722e-05
-3.152596578723688925e+00
2.391997764407551408e+00
-5.177357677435582284e-01
2.298184514750333918e+00
2.110157494290661351e+00
1.710779726332331219e+00
8.073946199625281483e-01
2.649036905405152797e+00
1.288614325096181521e-04
3.363909001421143798e-05
7.809552179550695262e-05
3.206333654579161720e-04
-4.395121017764843513e-04
1.674557108394141339e-04
-1.042198285664124068e-04
8.803666283389515552e-04
-1.351444402746696872e-05
-6.904928808791495592e-06
-2.933042741487038832e-04
-9.000787595422689210e-06
6.608515060761570200e-06
-2.178417307814235781e-04
2.176928039091306796e-06
-1.057336809568857266e-04
-2.782733031771257625e-04
-5.435959178136593449e-05
6.783736095708936716e-05
6.025216938317903750e-05
-6.910255907682642806e-02
4.995428966340269630e-05
-6.633632891005452996e-05
1.346169077452681942e-04
1.903065560925965623e-05
-1.867688989330672233e-02
-3.364891906834714371e-06
-1.110037604577499199e-04
-1.049041702225711838e-04
-5.918139673252129388e-05
-5.782652871782900314e-03
-2.863066556984622752e-05
6.635953565358089111e-05
-9.387100319456475326e-05
-6.752589957097981466e-05
-4.737880683436241497e-03
-3.227265043855076304e-05
5.821467525202497198e-05
-1.225541334229204502e-04
-1.024771905872528226e-04
-1.472825261410294542e-03
-4.301436372549109679e-05
7.878679518027534583e-05
1.125093173948499888e-04
9.482062102279077221e-05
-2.587359921236024544e-03
3.385440100745013085e-05
-7.895827498589147789e-05
1.318467949140013015e-02
1.545774846954395265e-04
-4.827702423507358211e-05
-1.677659853094315423e-06
-5.893097956067509368e-05
-1.017738820527716321e-04
-6.826451944511977010e-02
-5.960221071567172249e-03
-1.040441633445820776e-04
2.544872525291140119e-05
5.978030055567816470e-05
3.913928352541188086e-05
6.179560826334563016e-05
3.096381023922713943e-02
4.101739531715643816e-03
9.306928941428148014e-05
-1.179569583669925971e-05
-9.639180443022504763e-05
-2.631798716082714404e-05
-4.735841709461465453e-05
-2.136157136999021489e-02
5.574290206499406795e-06
1.882804625919897923e-05
2.381962450297969431e-05
1.856008115485400785e-05
1.873089602141868792e-03
2.007356095836897137e-05
-9.736816737058534782e-06
-3.119592305094451897e-05
-4.445117315470328845e-06
-3.152554817417374089e+00
2.391926890647765092e+00
-5.177024271448020798e-01
2.298180301842699169e+00
2.110342202616638740e+00
1.710869252172545485e+00
8.073832681351658103e-01
2.649016632385302383e+00
-2.626360174536472082e-05
7.291123935179721904e-05
5.568042907482323380e-05
-6.636745304061305044e-05
-3.514893921492449023e-04
5.079728589520843534e-05
2.981561149664730916e-05
8.671963099332893020e-04
1.160558385577337484e-04
-6.958741064308767923e-06
-3.124223555621498437e-04
-6.523003431767657309e-05
2.775972286738211900e-06
-2.704639946284939623e-04
-3.222271588269882807e-05
-4.971988711844502418e-05
-1.511141897329911356e-04
-1.066672305981739249e-04
6.316300576867457835e-05
8.674408292735219517e-05
-6.896732088242364667e-02
9.784037568752977643e-05
1.137665162205851667e-04
1.799974806662813453e-04
9.542910290545047482e-05
-1.874934361163746108e-02
1.212872729899432383e-04
5.445649969554512302e-05
-1.006496832508464490e-04
-2.754923612505633286e-05
-5.832540481601184920e-03
-6.328555650382022737e-05
-3.987522473158809568e-05
-9.501327494475102795e-05
-2.928892507024415614e-05
-4.804479167880409615e-03
-6.102544224412212069e-05
-3.366284938697558038e-05
-1.157054067279917448e-04
1.360231638998731879e-05
-1.625046939151499623e-03
5.724125679443619577e-06
-5.830592993199363113e-05
9.170389853952609508e-05
-1.114746702870066412e-04
-2.395314625129917399e-03
-1.569275290791830903e-04
8.276885474189520000e-05
-1.327665534009683096e-02
1.578305405814375492e-04
1.448933562378202180e-04
4.431884251121509521e-05
4.247470824358270491e-05
-1.917502814614857089e-05
6.797628852605303029e-02
6.023729220590233815e-03
-6.788007171741020258e-05
-8.535323148432382313e-05
-9.831575402241554684e-06
-1.601500815295029464e-05
8.219557103567877963e-06
-3.071992544062675246e-02
-4.148542588060993852e-03
3.259075302510113480e-05
5.515525572138328756e-05
1.686018755505010180e-05
-1.518501362276610737e-05
1.794773922208326789e-05
2.106274682469591597e-02
-6.120539327622291528e-06
5.036573588132324010e-06
1.191860800549830084e-05
-3.802352974159378327e-05
1.941808951981298641e-03
-2.419320190605417603e-05
1.712302919557463343e-05
1.899618392276048422e-05
-2.335736455082098131e-05
-3.152629897329603637e+00
2.392106993574396601e+00
-5.177754906739591156e-01
2.298325669563528351e+00
2.110237774681951173e+00
1.710807399496527603e+00
8.073921293537985600e-01
2.649026188524454817e+00
4.669649316003060904e-05
-3.499981692185901144e-05
-6.036397444705794745e-05
9.007491439526826241e-05
-5.890488056341232175e-04
-1.001405639229331981e-04
1.303280334859262813e-05
8.947198254297784393e-04
-5.685342711356922282e-05
-5.911824271978822316e-06
-3.077614452670471203e-04
1.400608250699984140e-05
-1.602186255309603562e-06
-2.376684260523787766e-04
1.218058701414547834e-05
-1.101789297485132500e-05
-2.572988246120610232e-04
-1.367465273844369449e-05
-4.594152401644183733e-05
-1.890469378413472306e-05
-6.922942889872563121e-02
9.398943089377145323e-05
6.943863405078237218e-05
4.405354763012064661e-05
3.505090584847791140e-05
-1.870901396923949078e-02
-3.671886403337184444e-05
1.575945514232124259e-04
-4.869950763947673349e-06
-3.658197044002213137e-06
-5.806581983750471604e-03
-1.791203779714223418e-05
-6.866787109605673560e-05
-8.436693189261764320e-06
-7.005213061614776638e-06
-4.764743224694752491e-03
-2.161672366013471627e-05
-5.617821654305140371e-05
-1.158649280247596463e-05
-1.073022621623344948e-05
-1.505886871463503257e-03
-5.653621510594893112e-06
-6.168087146921516994e-05
-4.438123149996284309e-06
-2.712593441998799554e-06
-2.566429414784638773e-03
-3.380773638595806039e-05
6.102073661998558469e-05
1.323907486568548855e-02
3.690138746180086178e-06
-3.158679923278220219e-05
1.422443706564080479e-05
6.393553859622154011e-05
-4.407326820689868967e-05
-6.849655768370294107e-02
-5.982016554900627774e-03
-2.987577730962330536e-06
1.933860674029077128e-05
3.323800850130870232e-05
-4.468281668578734638e-05
5.223875339142392341e-05
3.105861302351292652e-02
4.107510729699928934e-03
1.182881998435269161e-05
-2.043586476585943886e-05
-4.750364613574989403e-05
5.250122984804774429e-05
-5.598632226509574206e-05
-2.138353548308258301e-02
-8.167879312485202170e-06
1.869531489327423972e-05
6.918802458797297672e-06
5.182093401194261923e-06
1.873444057669271202e-03
-7.384878222943968456e-06
6.320666391703219514e-06
-3.129423004189619238e-05
1.565158299145981186e-05
-3.152533749667999707e+00
2.391836595414871702e+00
-5.176773162305738918e-01
2.298080223053026394e+00
2.110295861606014345e+00
1.710853960672803264e+00
8.073828607059598816e-01
2.649020439698233087e+00
-9.155526545970910557e-06
1.103772972987102172e-04
1.313744263823789140e-04
-1.285640434958910364e-05
-2.782684546279285374e-04
1.747330393407272317e-04
-1.369247949167888253e-05
8.522384128760867889e-04
1.806459561283869160e-04
8.638122907491507509e-06
-3.029681877069251208e-04
-8.823406787514073864e-05
2.879852386108467673e-06
-2.542071241182240001e-04
-4.433539799761510448e-05
2.143961125683633816e-05
-1.745852220411791948e-04
-1.259489002090319592e-04
-4.019798670032599924e-05
-2.714218557806362311e-05
-6.891686513857205043e-02
7.349857206956746450e-05
1.603393367964865441e-04
-9.290865061236712138e-05
-4.054251908847412837e-05
-1.874933327377915904e-02
1.609221542198827700e-04
1.557623472263792584e-04
4.329196942277928399e-05
1.610656157036881108e-05
-5.824093235208709952e-03
-6.861719634972807255e-05
-8.652926068632979311e-05
3.555833701369688453e-05
1.242387979109329457e-05
-4.793907630585443266e-03
-6.299270559091023954e-05
-7.185456715598440155e-05
5.026625323180255485e-05
-2.834524534166112461e-06
-1.588283494403542858e-03
9.330713616504559453e-06
-1.192403692743324159e-04
-5.414914938084113808e-05
3.307133975221098642e-05
-2.460444505718980147e-03
-1.717383468187080040e-04
1.692989427749122197e-04
-1.321000628903316529e-02
-5.105107597761599988e-05
-4.899032520298240550e-05
-1.045582325814170543e-05
-4.001305782827138484e-05
-2.168710254412233376e-05
6.796756088929584161e-02
5.969705976713916840e-03
2.715445544042923050e-05
2.558986840134225852e-05
2.814988916046215484e-05
3.614619281524563820e-05
-2.670490056071866958e-06
-3.072035084233884494e-02
-4.090586804229767205e-03
-1.894771718842264314e-05
-7.338627972610323408e-06
-2.566394866269396113e-05
-5.508396892677579573e-05
4.403405854189028096e-05
2.108062225399777792e-02
5.158197146178160287e-07
-3.753442476859124191e-06
-7.801917915967521351e-06
1.574165089507514691e-05
1.932186179435143192e-03
-9.217621559455682146e-06
1.908491196693723815e-05
1.749899881917779871e-05
-2.982378171691057902e-06
-3.152521952657411308e+00
2.391715104549467785e+00
-5.176429935491072554e-01
2.297862552081078924e+00
2.110030452719738658e+00
1.710739886367965479e+00
8.073926170429093219e-01
2.649050935163110854e+00
-1.039004634461261254e-04
1.363623908734515593e-04
1.759578358587436523e-06
-2.746032024296143036e-04
-2.088171152625720867e-04
1.890199050132528838e-05
1.172369425031161887e-04
8.151657379593009456e-04
-4.241595459563540755e-05
-2.448243501347641311e-05
-2.709942601798793647e-04
2.887343335592834171e-06
-2.988151930311106248e-05
-1.938865833861696880e-04
1.734987843442006314e-06
5.744174030462614856e-05
-2.872573484545451299e-04
4.167682021900309447e-06
-3.375510079218330649e-05
-3.478744444049058568e-05
-6.901102247372306597e-02
1.953294408079254800e-06
3.304396714066959451e-06
-1.239031235616818512e-04
1.523433007729319932e-05
-1.869038210587144547e-02
-5.673771657163939619e-05
-6.761274283325970926e-05
8.723519503125397843e-05
2.613437701297277929e-05
-5.764065424773878905e-03
-1.384624330957144058e-06
4.564464812299786906e-05
7.824001940573622376e-05
3.261561657780909880e-05
-4.717391293393460167e-03
-4.529224337984112799e-06
4.993248920387427097e-05
1.043600581390196372e-04
9.111745785956432402e-05
-1.440907396200377145e-03
-1.624066487697620913e-05
7.423056349495069149e-05
-1.058007583980859461e-04
-1.584320135831113240e-04
-2.617555156375434011e-03
3.111104859591640171e-05
-6.050882959285010145e-05
1.312576529765555923e-02
-1.432471505088397587e-04
7.072689205240710771e-05
-3.207470127417760830e-05
-6.464219807739746994e-05
-1.093531064921597845e-04
-6.782848351493327155e-02
-5.934812342118523862e-03
1.021658525119937058e-04
-3.767317470960794947e-05
1.019983255002594041e-04
3.092605064780274630e-05
8.559696834872576121e-05
3.076055445765727564e-02
4.090599272381428494e-03
-8.539914507579659088e-05
8.888910192540885012e-06
-1.652112906132367776e-04
-3.518573828022305769e-06
-9.028972629095534472e-05
-2.126867105479778725e-02
1.851074011520460717e-05
2.468458990359317321e-05
-7.275204586760727638e-06
-3.295864369939354344e-05
1.874224482784041333e-03
1.402975705067806403e-05
-8.323524584017590587e-06
-3.471498825657128333e-05
2.706843831870912008e-06
-3.152537199570695670e+00
2.391779158117366411e+00
-5.176689651112137414e-01
2.298010489670291534e+00
2.110217006702463927e+00
1.710816061487626438e+00
8.073846754834448358e-01
2.649030907788039180e+00
8.190283045234980717e-05
8.871964198054748687e-05
4.132780348008322695e-05
2.130449338796230625e-04
-2.957900563930296626e-04
-9.684094773122981295e-06
-8.515635771344626215e-05
7.917097588733565481e-04
1.919759973558682125e-04
1.935476204988442907e-05
-2.947604857155171538e-04
-6.352339185176451841e-05
1.716605287805075529e-05
-2.463589067092693133e-04
-4.513827897396051011e-05
-1.613990731685049234e-05
-1.962697019336111714e-04
-2.697192760017143461e-05
3.079272506877127162e-05
-2.015813266888352110e-05
-6.905735182057055888e-02
8.351448096554194359e-06
1.400389519990024060e-04
-1.456867377246712420e-04
-2.019062468995436849e-05
-1.874708240111698856e-02
7.427309322895008468e-05
8.080234645298629793e-05
6.956058034867778359e-05
-2.243049472837161892e-06
-5.811551824608840282e-03
-1.889391436133143167e-05
-3.813171566130868197e-05
6.293259825625435039e-05
-9.425924020538563168e-06
-4.771951588994855463e-03
-1.189651865934303603e-05
-2.651102526474810554e-05
9.124607072372693741e-05
-5.751425978572874160e-05
-1.536769410225131104e-03
5.745806251330435200e-05
-4.706873795452884153e-05
-9.300057057143318318e-05
1.115042466896849912e-04
-2.519715909492566824e-03
-1.755317432888314278e-04
8.530964688751582281e-05
-1.319615993267249376e-02
-9.861107730493564108e-05
-1.015330727255089969e-04
1.150742018126912902e-05
-4.201324303043196644e-05
-1.024672082205765975e-04
6.800942027632078668e-02
5.978801684140321385e-03
8.154503609002412313e-05
4.908222393262541517e-05
4.180751176369700006e-05
3.603160720670327451e-05
4.755062205207775256e-05
-3.077568393196310897e-02
-4.122620165594971346e-03
-8.190374278396961782e-05
-7.535017902161037688e-06
-7.203001971270960035e-05
-4.659324576086095447e-05
-1.212465216360861979e-05
2.117604054606302133e-02
1.201144735696820539e-05
2.569766329238302224e-07
-7.692058595864034861e-06
3.487890443146414313e-05
1.908399041802742984e-03
-5.970628759406436782e-06
9.893174529143383862e-07
3.258484209609180350e-05
-5.533993655637645809e-07
-3.152531492216512632e+00
2.391769420624386022e+00
-5.176629613099383853e-01
2.297996642583250537e+00
2.110219553367744805e+00
1.710821876895306293e+00
8.073844092074952128e-01
2.649030460238176676e+00
1.553613973241804795e-05
1.068913218180498329e-04
1.320112694345484234e-04
-3.616213254315784264e-05
-2.668083141872101003e-04
3.005284382146262544e-04
1.303183141406778073e-04
8.045906816674048070e-04
-5.680861242649723984e-05
-4.824742635082476274e-05
-2.920861729355030980e-04
-9.432639222571152928e-07
-2.502137399542323659e-05
-2.413192140346265681e-04
7.916150294288701032e-06
-6.419282498746879955e-05
-1.948397806640447295e-04
-4.478954232615591500e-05
1.593341893546430658e-05
8.065193949887295571e-05
-6.906224955312917357e-02
-9.121238010946085446e-06
2.984898106407401705e-05
-2.084798339546881170e-05
1.560712904743755136e-04
-1.874361419372672088e-02
3.611875885850294120e-05
-1.661750672429100390e-04
2.526818641188977222e-05
-3.786672832331868752e-05
-5.813674061197798143e-03
-2.349398212388930870e-05
9.083781889191214990e-05
1.895144614274102193e-05
-3.258914076696405997e-05
-4.779392381252921956e-03
-2.556988235758091978e-05
8.769190035088195482e-05
1.715409321583755747e-05
4.718383893768321734e-05
-1.549288561184883947e-03
-5.986213772061574497e-05
1.218657710942402033e-04
-2.548640788265835302e-05
-2.033300807490020959e-04
-2.513970719215630981e-03
8.203918026775465402e-05
-1.132143774304682443e-04
1.321275277043681973e-02
-5.007171959197189489e-05
9.637522909088905212e-05
1.013680794303278843e-05
-1.046376547920843583e-04
-1.058567833276723505e-04
-6.804408478393118853e-02
-5.974779313850280341e-03
2.793168414516654461e-05
-4.562369119419975574e-05
3.818482594618484438e-05
5.504208644473531416e-05
8.764934700458541263e-05
3.079880285526682970e-02
4.107617142150833678e-03
8.504401199979785093e-06
3.401074635931241501e-06
-6.429681874220265214e-05
-2.680147237895229577e-05
-1.012717242442277409e-04
-2.119736006049267873e-02
1.295619030148113420e-05
1.286766558699137578e-05
7.839643744277248862e-06
-4.097641974456904014e-05
1.913010772372573812e-03
2.826180827895642634e-05
-7.040787654097991439e-06
-2.909517721198355702e-05
-1.261438971775146281e-05
-3.152532371250146959e+00
2.391758260485557841e+00
-5.176565048428092286e-01
2.297900978917665871e+00
2.110019587956506459e+00
1.710728543767943810e+00
8.073952650238078732e-01
2.649053966624070000e+00
8.267578780897380866e-05
1.159042548679370919e-04
1.199752929684059664e-04
2.240220564984710941e-04
-2.406758848576035122e-04
3.039079374426241400e-04
-9.348560036765655307e-05
8.086082066136417168e-04
-1.133692827862250649e-04
2.324491058487197664e-05
-2.750567010338548580e-04
1.402182675980202281e-05
3.012818632462468824e-05
-1.988998414213805088e-04
2.261080309022736099e-05
-6.612202375795366797e-05
-2.933672637519085498e-04
-6.857139390573385479e-05
1.224810863063883820e-04
2.698867972385451974e-05
-6.900554611705846109e-02
2.347276864798778298e-05
-8.845767334770974002e-07
2.250882431072932316e-05
1.101025246137740367e-04
-1.868907804130572753e-02
1.301205827900049833e-05
1.679523626557959310e-04
-1.497814008453758887e-05
-3.125009581872837284e-05
-5.758478815439386188e-03
-3.130607027165366405e-05
-8.695065281169009385e-05
-1.159074545232923489e-05
-3.744202722684902883e-05
-4.705219565543206951e-03
-4.130488750431385140e-05
-8.596519764125440388e-05
-2.216942492846937535e-05
-7.005242876434881333e-05
-1.430499908680722253e-03
-9.175627381299023282e-05
-1.184636818597691076e-04
4.051562524890903806e-05
7.443097607652366060e-05
-2.605719197880817899e-03
1.245536939818288834e-04
9.678247302405968279e-05
-1.316893218243161100e-02
-2.690772127688192180e-06
7.354132580804253853e-05
-1.570257801884744620e-05
-9.066704936905875881e-05
1.710386022581627044e-04
6.778796748214226120e-02
5.976145426019189091e-03
2.523598617955243343e-06
-4.654137359285910949e-05
1.000782578154321700e-04
4.452813402528138335e-05
-1.185117425705672824e-04
-3.073730808400838496e-02
-4.143256703958332274e-03
-7.661488070113465533e-06
2.598684398027816629e-05
-1.714318342137619716e-04
-1.210783536233835545e-05
1.097239540921755374e-04
2.125528083208171048e-02
7.390524671562322340e-06
9.098251434680394885e-07
-2.870737037130557305e-06
-9.883955834838795791e-06
1.872614752210731513e-03
2.957545331231826590e-05
1.917650539077676180e-05
4.020259093520687436e-05
1.480230351133247934e-05
-3.152533978443944118e+00
2.391793806769831221e+00
-5.176686438569247928e-01
2.298023562566560152e+00
2.110225935878049963e+00
1.710817129573188433e+00
8.073848554508775699e-01
2.649030930399715711e+00
-6.829113456484509363e-05
9.209334253805614772e-05
-2.893845957168719019e-05
-6.683159371279478610e-05
-2.892789316197391073e-04
-1.218640847316948160e-04
-1.386271714595179697e-04
7.985794456884639982e-04
1.267903031823336738e-04
6.842414325291303881e-05
-2.995997394068091661e-04
-4.469108004491874846e-05
4.346405773328565020e-05
-2.499376581447616060e-04
-3.502532492635274846e-05
5.206228584925421006e-05
-1.996690586108580581e-04
-2.096411647958132201e-05
-9.196581548948892966e-05
4.284877844312447517e-07
-6.908441263496939433e-02
2.208504513775619293e-05
-1.062288606018810591e-04
-1.036944010350390939e-04
-7.967001789769691624e-05
-1.877919602055436871e-02
6.087201889642597800e-05
3.527663521705731161e-06
6.053738323030479667e-05
3.409348589380399282e-05
-5.816576636808123112e-03
-1.367500718164574747e-05
-4.430481978155801368e-06
5.531173926646008637e-05
2.584600776074560811e-05
-4.773734515350201713e-03
-1.103578499400381235e-05
-1.223516467831425617e-05
9.899451845384325994e-05
-2.820449166901575574e-05
-1.541664356591402555e-03
5.164938281128125656e-05
-8.082319153648856902e-06
-1.456829436962002369e-04
1.289569764456668932e-04
-2.501806071931783528e-03
-1.593366801418373752e-04
-1.823520452184755145e-05
1.327769230233084505e-02
5.224531873595974346e-05
6.857814294448100613e-05
-1.216393649945690658e-05
4.094853763642492418e-05
9.616013002605802316e-05
-6.800176577240910070e-02
-6.011791877120739591e-03
-5.525040560700345688e-06
-4.193298364349483994e-05
4.710478312019289460e-05
-1.811512989593778164e-05
-6.060954690022195648e-05
3.076381799602392886e-02
4.136818562601562131e-03
-4.190308325907198157e-05
4.237940256709852097e-05
-6.518335593462543098e-05
-4.801649783108907863e-06
3.808017650296980673e-05
-2.116204514573927914e-02
-1.391738354969313413e-05
7.169619343516880157e-06
-8.428215479807656899e-06
4.736715190774417814e-06
1.918568429912405207e-03
-2.385795277696492120e-05
-6.139516424249480544e-06
-2.794511850994686893e-05
1.711334363974189638e-05
-3.152553153850444989e+00
2.391880102852989243e+00
-5.176978377229970452e-01
2.298053443463210499e+00
2.110112243650419384e+00
1.710762064564674390e+00
8.073935196187919106e-01
2.649040399540635971e+00
-4.746277278138029670e-07
7.352596224639450142e-05
8.375814409968982896e-05
9.549337502353250767e-05
-3.523907028415130226e-04
2.704075713415169183e-04
-1.677979041685614937e-04
8.432796883618854517e-04
-1.949914271642876019e-04
4.777329245028980639e-05
-2.928360455063480790e-04
3.769373591547315217e-05
4.134753732822903940e-05
-2.125381996590063050e-04
4.464978937673564751e-05
-4.001786619041696608e-05
-2.984312101791661070e-04
-8.930670911304669892e-05
1.778001464716925072e-04
6.579837242774505199e-06
-6.877291553745154551e-02
5.871096616979400314e-05
-1.533423544462067024e-04
2.604078256607131824e-04
5.599251993662694412e-05
-1.866647481532026503e-02
8.999399995652713103e-05
-1.880696894305106782e-05
-1.170708122419834049e-04
-1.767543010749616421e-05
-5.759176303188033239e-03
-3.713622719341726892e-05
7.432984007813375174e-06
-1.073117147280811115e-04
-1.582654967533670819e-05
-4.711429814458855010e-03
-4.129201742641549155e-05
-5.961282573106226605e-07
-1.431807509976506176e-04
-5.960111189663445572e-05
-1.444302862205699371e-03
-9.176542740616845401e-05
-7.911691609837639717e-06
1.264014216485329274e-04
1.204303246349177541e-04
-2.602930748323210516e-03
1.302444726523789413e-04
-1.613655055800465891e-05
-1.324957602496291964e-02
3.636492645115807845e-05
1.426705628359667584e-04
-1.246208129783779595e-04
3.289646290840033717e-05
1.442620476106076040e-04
6.784841503060781709e-02
6.016772958521356129e-03
-2.844339429396700904e-05
-9.708737617314887845e-05
1.202244907950091729e-04
-4.217348175776449055e-05
-1.103789229918331700e-04
-3.071350355599442722e-02
-4.165144987263365642e-03
4.138928768339291547e-05
7.895915721706350593e-05
-1.303876580460733986e-04
6.872021108202634862e-05
1.109921483835137252e-04
2.116168587415267685e-02
-1.377748688964424394e-05
1.111736894524549806e-05
1.542165974934819796e-05
-3.012098284236369087e-05
1.872698725064800632e-03
-1.020226973203483892e-06
3.390504717601500163e-06
3.523265504430351879e-05
-1.505135456039607337e-06
-3.152527909206976897e+00
2.391757062054625571e+00
-5.176573669378798925e-01
2.297929697760095369e+00
2.110082524770156898e+00
1.710751515764256991e+00
8.073898794194807049e-01
2.649044796367948429e+00
-2.238037822005961358e-05
8.473352271133887011e-05
-5.387115928606612115e-05
3.970665541046095905e-05
-3.019936509229088559e-04
-1.744342539264549536e-04
-1.561888085558413427e-04
7.844391500503654184e-04
1.231532848183785223e-04
5.625909137182025731e-05
-2.902207401037455920e-04
-2.924378693193706110e-05
5.054027825531923147e-05
-2.184389006908323265e-04
-2.830084044132341137e-05
-3.595478861908500776e-05
-2.863785077476756116e-04
3.240877717654697305e-05
-1.476487303155660583e-04
7.207439430648095472e-05
-6.887973968492359933e-02
-2.056616052304496281e-05
-1.069990356063252714e-04
-2.057808106441036541e-04
1.679520908434787565e-05
-1.871654104713096900e-02
-9.228100839420554373e-06
-9.145862974168244327e-05
1.055969011567929692e-04
-1.402636479046280148e-05
-5.762924577914509648e-03
1.587580026995191905e-05
2.883008766810977129e-05
1.000755397051096031e-04
-2.027517628415736117e-05
-4.709820942283402326e-03
1.508765901829569049e-05
2.152335438814289252e-05
1.376078460509976378e-04
-5.809891707649464442e-05
-1.438822010165110481e-03
6.092589487415278312e-05
3.847592804898165744e-05
-1.369782375971118548e-04
1.003932863274828544e-04
-2.597980266189592671e-03
-1.238824537718199960e-04
-5.328277304471618081e-05
1.324666264017043682e-02
3.947217701837264781e-06
1.462054651817072280e-04
-1.295767605504066777e-04
-3.026123383734289490e-05
6.040182024459497638e-05
-6.769566321705614009e-02
-6.000255733847640119e-03
1.118730812354833647e-05
-9.447517154509280698e-05
1.255840858222830730e-04
2.261753678998795151e-05
-4.596457674997938159e-05
3.065254022159576153e-02
4.135398921841830500e-03
-4.000928267903320571e-05
8.132254861160825485e-05
-1.424001634394624766e-04
-2.720231692356539542e-05
3.037453779350206403e-05
-2.114297029761838531e-02
3.899242048301701210e-06
7.220301891700388157e-06
-1.309213909285949313e-05
-2.205517878434262767e-05
1.881940803108612731e-03
-1.557822633739054012e-06
-9.258516933640341525e-06
-3.818346029360627342e-05
5.731428940165541827e-06
-3.152550330908621579e+00
2.391866965355292418e+00
-5.176911758128980301e-01
2.298038541522936296e+00
2.110101487661805386e+00
1.710750340208376796e+00
8.073925922871268979e-01
2.649041925820366572e+00
8.186413484257500008e-05
6.174967515785978987e-05
-5.627186181127256373e-06
2.231232996952250015e-04
-3.623841598981054901e-04
2.038508968355654959e-05
-1.004825361863307320e-04
8.197550801324278479e-04
-6.247365970658478023e-05
1.825805814321746135e-05
-3.021369899660856107e-04
2.240928419315327871e-05
3.707872795840664822e-05
-2.225919996132605849e-04
2.119254851131547601e-05
-1.033450620898693185e-04
-3.106448403484810710e-04
-1.406910792251372998e-05
9.703330297455874847e-05
9.504527976814225562e-05
-6.903976124890563726e-02
3.809433667980753266e-05
-9.778904609803536381e-05
7.281244341854568988e-05
8.081375443942670294e-05
-1.877447572472948009e-02
1.645097350051603251e-05
-5.973487591871289482e-05
-4.133071123578291415e-05
-5.192227613700966995e-05
-5.774891783815244359e-03
-4.849542451251242516e-06
4.717907435435660535e-05
-3.714468418295597228e-05
-5.490589931115258230e-05
-4.715108350172807390e-03
-1.014766092970531109e-05
4.072616632844900926e-05
-3.628201389360412462e-05
-7.993806816602076705e-05
-1.428342855205507952e-03
-1.973942434710917383e-05
5.330435824400816505e-05
1.255269203542992186e-05
7.743355439942219208e-05
-2.618251511345560337e-03
1.731266203751763422e-05
-6.911311305513831741e-05
-1.335484618608072382e-02
-2.405144297036755771e-05
7.873917469947123125e-05
-1.865507302122385025e-04
4.407577082556987809e-05
2.357844511775798388e-05
6.805789731935768527e-02
6.058900852622732709e-03
1.564451999147350590e-05
-5.078005316842538986e-05
1.466877869342880780e-04
-3.403208678754462806e-05
-1.651170706886675912e-05
-3.080725841508456103e-02
-4.183149634886104348e-03
-6.592001472943248260e-06
3.501544137269504129e-05
-1.392623240347549973e-04
3.882249326158194525e-05
1.448029807746167678e-05
2.122803952274893158e-02
-5.443309187241993519e-07
6.406425766415809169e-06
-9.537905266433823197e-07
-1.255082948223434371e-05
1.878866208156983707e-03
-7.076842494346908207e-06
-4.369090293006847904e-06
3.873243954582092499e-05
3.815337536991199145e-06
-3.152616625802003192e+00
2.392120713701637591e+00
-5.177761808738757798e-01
2.298349885242801705e+00
2.110282094202909242e+00
1.710819404360401030e+00
8.073864346983671281e-01
2.649014553256643811e+00
4.516266886144581550e-05
-5.755360443075090236e-05
2.220968250319702822e-05
1.035369461348554588e-04
-6.572427370102862897e-04
4.323488444250256596e-05
-1.447193215339055879e-05
9.060025077350683347e-04
2.396062644602628617e-06
-2.448727959714913852e-06
-3.293510065172241229e-04
-9.768332896279812290e-06
1.009833026621949741e-05
-2.452624670084969211e-04
-4.121351033525938616e-06
-6.303030304947171837e-05
-3.005350042758050738e-04
-1.748469916220912968e-05
1.605690932785034655e-05
6.932370768215253003e-05
-6.894594110212132199e-02
-1.465133118394302799e-05
-5.127173995416887866e-05
1.875252744129693623e-05
3.207116420660883929e-05
-1.875277538334771746e-02
1.950691789318483271e-05
-6.852468496091545732e-05
-9.006246674438065920e-06
-3.454629596834839873e-05
-5.795068714426331036e-03
-5.942390689745744383e-06
3.607338776059540713e-05
-3.090202918071871031e-06
-3.977337624093307583e-05
-4.751382806669556848e-03
-3.704941861746317350e-06
3.091012773783060816e-05
-8.341566443671468670e-06
-4.143906208084786885e-05
-1.479765854945231654e-03
-6.898640795677510497e-06
4.583766505525423005e-05
2.613302011134319586e-05
9.449690491966776138e-06
-2.599187700972214500e-03
1.450630459412280354e-05
-5.486521253158094106e-05
1.350577119459307231e-02
-4.639005944507114745e-06
3.642629597537142905e-05
-2.691873294329710786e-04
-3.950352566226033365e-05
-3.808093905560911221e-05
-6.848002913778664102e-02
-6.128046704869304258e-03
7.009238233625657332e-06
-1.785401065348981805e-05
1.269384466352392604e-04
1.994416945935754092e-05
1.306966126492963357e-05
3.096822689437037091e-02
4.213317894489742969e-03
-1.386831833888664707e-05
1.712470953017950425e-06
-3.286079871224825699e-05
-1.302188605762107286e-05
-9.589083005142587292e-06
-2.122544475161732697e-02
2.623834455558123903e-06
-1.155223858196164179e-05
6.153367886739301372e-06
-2.555450325661829660e-06
1.871816627437768729e-03
7.119072816351294016e-06
-9.075409013192120566e-06
-2.700562711941122693e-05
2.304558734501066096e-06
-3.152616626085853468e+00
2.392120714774593981e+00
-5.177761812528729468e-01
2.298349886457117019e+00
2.110282094648541662e+00
1.710819404493204354e+00
8.073864346945699433e-01
2.649014553192690524e+00
3.336239399362878879e-06
-5.755414543500282469e-05
5.019836999900639135e-05
1.429411406900204238e-05
-6.572440058356266573e-04
1.112268671343605948e-04
-9.305716281554969832e-06
9.060027793695881165e-04
-1.132587735663329845e-05
7.235424342836879353e-06
-3.293510922016178936e-04
-7.004652716070658680e-06
8.620472399323005240e-06
-2.452625315396405334e-04
6.689269721822752130e-06
-1.637844629789913086e-05
-3.005349745287322133e-04
-6.334174745476563216e-05
3.635394455457857752e-05
4.734955835013850058e-05
-6.894593958526160082e-02
5.271013465653299622e-05
3.956820999865661836e-05
4.996386431145217089e-05
-8.594209958890591339e-07
-1.875277487252717187e-02
3.752754393724027601e-05
5.050995953699772330e-05
-2.673674209409406701e-05
-1.212643396388293795e-05
-5.795068718348706481e-03
-3.288938770386547509e-05
-2.583835643847406526e-05
-2.522345654018877346e-05
-1.667772432954299307e-05
-4.751382845946437207e-03
-3.629751177152707451e-05
-1.813289542928710256e-05
-3.552822491712959461e-05
-1.474448982827265057e-05
-1.479766012652443527e-03
-3.933693591321028480e-05
-3.014115460846887172e-05
3.445500918675290864e-05
-7.838705727028750134e-06
-2.599187504234882345e-03
1.543697231812434986e-05
5.005687957392736091e-05
-1.350577136943736933e-02
3.529964060761591957e-05
5.242440885762311654e-05
-2.691871325952478744e-04
1.179406776843764694e-05
1.502359547495652967e-05
6.848002785896618871e-02
6.128046911260497456e-03
-1.482407226629134551e-05
-2.619855081315599336e-05
1.269381986570197046e-04
-5.488367805678219958e-06
-4.650014565835548612e-07
-3.096822624361820347e-02
-4.213318110149944472e-03
1.523951970639221402e-05
1.213266105912465296e-05
-3.286041676047422866e-05
-5.029705034671674830e-06
-7.215603027443847879e-06
2.122544403661508552e-02
6.860486735631529613e-07
1.155232650487959790e-05
4.782495952826112170e-06
-7.443048760927810657e-06
1.871816613951691240e-03
1.346634577004791151e-06
9.867420960715008859e-06
2.700554899375993360e-05
-3.416312901121566921e-06
-3.152616626254772125e+00
2.392120715361980121e+00
-5.177761814618967451e-01
2.298349887059901508e+00
2.110282094802205410e+00
1.710819404546433997e+00
8.073864346878857345e-01
2.649014553170297326e+00
-4.179758219099757974e-05
-5.755447470566846246e-05
2.800651720944455966e-05
-8.915538515014609280e-05
-6.572446298779960859e-04
6.804709204151992118e-05
5.152871293491857827e-06
9.060027218528369890e-04
-1.372993335809602190e-05
9.683614287940025910e-06
-3.293511432885698909e-04
2.763147026589402769e-06
-1.485314604019202266e-06
-2.452626256546225087e-04
1.080522063527666966e-05
4.667370080883216795e-05
-3.005348615738773254e-04
-4.584119960051144971e-05
-5.246204606074254123e-05
-2.197389849804533496e-05
-6.894593986241803751e-02
6.736020280833908435e-05
1.172368014642357985e-05
-6.872914756768670665e-05
-3.293078131083636631e-05
-1.875277497612650932e-02
1.801902756614877713e-05
1.802005957085057539e-05
3.574639308635183226e-05
2.242034768637093082e-05
-5.795068662512069951e-03
-2.694609276949069693e-05
-1.023624067686352139e-05
2.831653678359771895e-05
2.309610390415302964e-05
-4.751382806908303370e-03
-3.259163546339988448e-05
-1.277829718618150208e-05
4.386603914593714606e-05
2.669532411320768881e-05
-1.479766128283233409e-03
-3.243702839622546972e-05
-1.569490196935869486e-05
-6.057227923441250430e-05
-1.728933605476520229e-05
-2.599187192239342699e-03
9.297113360227803232e-07
4.801702471828241819e-06
1.350577129856875974e-02
-3.066284050808206450e-05
1.599771210312106104e-05
-2.691870707853538658e-04
5.129675090616135245e-05
2.305916619606621765e-05
-6.848002784049900260e-02
-6.128046919122226086e-03
7.816172463140998346e-06
-8.346496476523417203e-06
1.269381387162364649e-04
-2.543346011240454869e-05
-1.260612284947196980e-05
3.096822615282160060e-02
4.213318140217947247e-03
-1.372136328598718910e-06
1.042249513491139991e-05
-3.286031166997542552e-05
7.993279496164738945e-06
1.680625041561192683e-05
-2.122544379095942652e-02
-3.299433941039239967e-06
-1.155233858035850680e-05
-1.093727042822929623e-05
-4.887750135446261091e-06
1.871816609694549726e-03
-5.772440470544842558e-06
-7.913803569276307303e-07
-2.700555579715277076e-05
1.122442486895154374e-06
-3.152550331456715149e+00
2.391866968908832991e+00
-5.176911770426227966e-01
2.298038544646898718e+00
2.110101487226385242e+00
1.710750339818730925e+00
8.073925923967822937e-01
2.649041925874511261e+00
-3.607845798310059700e-05
6.174929625099090987e-05
7.370941416720517897e-05
-1.292752860384709969e-04
-3.623855416844457868e-04
1.830354021217315413e-04
1.043546816937833421e-04
8.197560824465240439e-04
-5.578230335477240220e-05
-2.853575272632524737e-05
-3.021370101900376268e-04
4.606956809081715412e-06
-3.688774790695579619e-05
-2.225917131662404828e-04
2.151471994831000809e-05
6.384242220435214395e-05
-3.106456041235692764e-04
-8.246553033674957679e-05
-1.332341616226740983e-04
-8.051308339340895195e-05
-6.903976319614607560e-02
6.326452469700800593e-05
-3.514410858919338361e-05
-8.814522811499453554e-05
-5.465523435565445491e-05
-1.877447677643105661e-02
6.175896381492529082e-05
-3.319060209519253651e-05
6.152498716778217244e-05
3.016081227140470839e-05
-5.774892100167701610e-03
-4.254113794652413574e-05
1.220380261510234170e-05
5.384320159825719122e-05
3.624072445131701565e-05
-4.715108610395266422e-03
-4.247644656238849900e-05
1.180508833075151270e-05
6.430062554832848671e-05
5.706327828691207477e-05
-1.428342898555549608e-03
-5.935942301099569635e-05
4.768107885660494106e-06
-6.611982389515176379e-05
-5.370949541350383030e-05
-2.618251720362829542e-03
5.840368936678489814e-05
2.368766770055819254e-05
-1.335484686823524073e-02
3.244575788033648295e-05
-7.754020833572342151e-05
-1.865513148670075450e-04
4.615172617290774770e-05
9.038210553814405007e-06
6.805790168214169433e-02
6.058901223825340424e-03
-2.212191862868305089e-05
5.486395855395327301e-05
1.466877707620092841e-04
-2.696022313881864686e-05
-5.291813461931035227e-06
-3.080726048351865864e-02
-4.183149954373600703e-03
1.583645567522913274e-05
-5.113048535504881515e-05
-1.392620092747834382e-04
1.091220003798348522e-05
-1.531992317978360201e-06
2.122804120161166097e-02
-3.023764865222864200e-06
6.406511140590173334e-06
-3.307508728119987716e-06
1.240405010421560188e-05
1.878866346635707204e-03
-7.330964766839360601e-06
3.010574835264454599e-06
3.873224141956609534e-05
-2.376926739461191406e-06
-3.152581700731157177e+00
2.391974803368408065e+00
-5.177269705919705922e-01
2.298174210235269577e+00
2.110174058383188278e+00
1.710775610319697382e+00
8.073921582149032883e-01
2.649034372358381795e+00
-4.914560880186615651e-06
1.776360079163303565e-05
-1.892335694785915034e-05
3.332665682847116913e-05
-4.676446141137599773e-04
-1.351525925029979820e-05
-8.827006461530647989e-05
8.549091457535065372e-04
-3.365136732928083693e-05
1.884353562027548743e-05
-3.103079390269771159e-04
6.060967425072515303e-06
9.811561800174657059e-06
-2.313379810076086950e-04
-1.011309144219014013e-06
-2.058827976530083737e-06
-2.989127054016448926e-04
-6.710816273755167388e-06
-1.004063583563459408e-04
3.011331395361903059e-05
-6.909599839533039911e-02
4.745774836382700640e-06
-5.994104707437896882e-05
-1.769870936723103375e-04
1.515941928328244550e-05
-1.877061301455851955e-02
-3.573885253717437637e-05
6.411616881714229325e-05
6.153128539833245330e-05
-5.082633515868185872e-06
-5.792066087208036160e-03
-6.324495332595153911e-06
-6.154494763115343721e-06
4.838615144949516415e-05
-6.123548479062672920e-07
-4.734300198498384710e-03
-8.612583367532277876e-06
-2.051847487538303058e-05
6.883727289824364019e-05
-8.021679662073268264e-06
-1.451275512444447253e-03
-2.433753327105601049e-05
-4.431529336918109212e-05
-8.629558705147970677e-05
1.771865280391496443e-05
-2.600378481123555036e-03
4.662379115748120694e-05
2.224488322371874309e-05
1.339973427779416262e-02
3.182740551646839194e-05
5.908326772647567657e-05
-1.557267130677143785e-04
7.014062575315177170e-05
1.148936461232182146e-04
-6.821995812391919156e-02
-6.079296819111932454e-03
-5.417184961406030543e-05
-4.346744616969276708e-05
1.185784997720269740e-04
-3.730206254770849778e-05
-7.687270909146021007e-05
3.088505743446885721e-02
4.194109558711228876e-03
6.651573368933786333e-05
5.737147769688308427e-05
-1.002026816495152350e-04
1.583367329523393348e-05
9.119859086763479827e-05
-2.126065304551777793e-02
-1.950066855907603338e-06
-2.970502704467781825e-06
-1.512338124591230569e-05
-1.151909401793742001e-05
1.877914496400638535e-03
-7.770294469511971393e-06
1.108706659269527689e-05
-3.228397094375608928e-05
1.448075994342674661e-05
-3.152536856596027004e+00
2.391784293213782941e+00
-5.176684812891569898e-01
2.297998323094669448e+00
2.110169653520591382e+00
1.710786097570471176e+00
8.073874739619824048e-01
2.649038620072874384e+00
-2.900453398083389705e-05
7.177259381107204024e-05
8.310083234103779557e-06
-1.729138977431954457e-04
-3.136769762698179542e-04
4.412697939087278139e-05
2.184419523194626456e-04
7.663297030549279156e-04
-5.568127236336610438e-05
-7.213860720409225654e-05
-2.992266012780960905e-04
3.112578365046904448e-05
-5.869283887348306094e-05
-2.469353930048338560e-04
3.141681008354135643e-05
1.544757186382973084e-05
-2.240476733193840853e-04
-2.470269120229188998e-06
-1.494722077311963883e-04
-2.577080841172172537e-05
-6.910359384449686615e-02
3.718686606375825872e-05
-9.636955226860900291e-05
-5.010502812341301090e-05
6.189429184232279695e-06
-1.878017497778660880e-02
-5.005949544790456172e-06
-2.515730245945024991e-05
2.975433539578149425e-05
-2.906546204392041084e-06
-5.801208237379833210e-03
5.766356509015700671e-07
2.414135971001755854e-05
2.404248121293119141e-05
6.807455949773333267e-06
-4.748879894423299435e-03
-2.355210076290332867e-06
1.538761007504941514e-05
5.103378444043045654e-05
8.784776160654939330e-05
-1.501190645518090923e-03
-2.581714499234259206e-05
3.009009063217670888e-05
-9.885315512843530867e-05
-1.977460316713536910e-04
-2.528936303183014576e-03
6.213909657269939095e-05
-6.202359846061960137e-05
-1.322681605507996724e-02
1.323880903623608166e-04
-5.102709475614990511e-05
-2.275330636897221481e-05
3.489175210655821413e-05
7.639664053148143008e-05
6.794286821418026034e-02
5.991271390360937421e-03
-6.855449816236473381e-05
4.025231987230134222e-05
6.721959938590406358e-05
-1.567884540253964795e-05
-3.018755386837579250e-05
-3.074797806302450448e-02
-4.129886635334908095e-03
2.931750682207373386e-05
-5.225699642846093730e-05
-9.813505859151104571e-05
4.966921694499768034e-06
5.894338584839955812e-06
2.118032806517275088e-02
-1.943136722605700141e-05
2.131795373835421517e-07
-2.199334346765562066e-06
-1.040778580105002678e-05
1.904796309763880612e-03
-1.963562941051502425e-07
-4.068072567101527247e-06
3.542272486396240623e-05
1.439726071643980365e-05
-3.152588867195522671e+00
2.391973995397983721e+00
-5.177304219072142999e-01
2.298180275303479903e+00
2.110185130879880688e+00
1.710787554757853934e+00
8.073930039767495126e-01
2.649033012438315460e+00
4.550899077229239999e-05
3.656729930321946055e-05
-9.267524494831403574e-05
1.092338930602567977e-04
-4.420634632955884429e-04
-1.973313046550002003e-04
-3.780509279795543111e-05
8.786968392910867072e-04
2.013445946030304975e-05
1.041684911011431599e-05
-3.017519214435608350e-04
-1.092606708107995208e-05
1.391783339579848704e-05
-2.226682385784866682e-04
-2.468334096610247342e-05
-2.383322957762229390e-05
-2.836886850866583406e-04
4.832445400696370390e-05
-3.606146960853073825e-05
6.964243850742787368e-05
-6.920630148563207407e-02
-5.957213805356725367e-05
-1.947874661849716517e-04
7.354075671063678215e-06
9.048010146590231809e-06
-1.874449304909770603e-02
-1.076017077873162936e-04
6.215726360120630070e-05
-1.482885536472655256e-05
-1.623977218518972028e-05
-5.801036309600856970e-03
2.146664938164541528e-05
1.055667075961812186e-05
-1.856074089049782912e-05
-1.818295280220829632e-05
-4.751370381264592366e-03
2.784556302668364047e-05
-8.791163170170416906e-06
-2.732528868610353937e-05
-1.732933010734884151e-05
-1.470558096085665747e-03
2.287617185789652795e-05
-2.655275162262583216e-05
8.282720251798113617e-06
-5.599288968918019935e-06
-2.602837237680894270e-03
3.387358135367154804e-05
-2.131542324082829796e-05
1.333176164024752960e-02
1.157998911505545069e-04
-2.450619484872982820e-05
-9.242798177832439732e-05
1.643537092197222874e-05
1.348472858122647024e-04
-6.848106220945568423e-02
-6.037587036933238227e-03
-9.980926354651720308e-05
1.186551036626852285e-05
9.444658410189855913e-05
-6.822954944887024524e-06
-1.066732448347259524e-04
3.102768375206843565e-02
4.158463702024052001e-03
1.065697719599037040e-04
1.371178998861612695e-05
-9.183462313697328405e-05
-5.653856515684788130e-06
1.318862928049563648e-04
-2.137361962906177831e-02
-2.009746568314038596e-05
8.320973372217542631e-06
-4.063721685129925053e-06
1.097189182236718975e-05
1.866581820427586080e-03
-3.677220693958536068e-06
9.363612680472878862e-06
-3.389781477557837021e-05
2.391183981347586376e-05
-3.152533749518652506e+00
2.391836593930373400e+00
-5.176773155195235621e-01
2.298080221914953647e+00
2.110295862494572905e+00
1.710853961057599237e+00
8.073828607140627334e-01
2.649020439593341436e+00
1.183431258634699032e-04
1.103772112771284324e-04
-5.777600235827221173e-05
1.577259577260710279e-04
-2.782689938844824448e-04
-7.628552132354657974e-05
1.632947063102495170e-04
8.522392902289681067e-04
-7.845744699835124078e-05
-8.073180539676673147e-05
-3.029684510393531411e-04
3.663662924769943739e-05
-3.983325780355015107e-05
-2.542071686757728399e-04
1.967789510541053275e-05
-1.198011333526700391e-04
-1.745857099706911203e-04
4.439517545436044287e-05
-1.187760166323067676e-04
7.722279505029182398e-05
-6.891686011670600243e-02
-1.324611247900133425e-05
-1.149586686476888322e-04
-8.844355937612195383e-05
1.596325383849426854e-04
-1.874932941338065470e-02
-4.535342061887504114e-05
-1.583363575674693366e-04
5.329135840666685497e-05
-6.747742771196179982e-05
-5.824093458866848837e-03
2.036061221633571366e-05
8.075529141382802728e-05
4.444943008660917009e-05
-6.076547582150020071e-05
-4.793907438740929901e-03
2.073722548339251810e-05
6.672067893173641768e-05
7.813036700854696526e-05
9.496999442140313728e-06
-1.588282419827265939e-03
-2.212287516864149797e-06
1.031548354744976176e-04
-1.195366564294338422e-04
-1.652640927908359232e-04
-2.460446498178105353e-03
5.723307064843951729e-05
-1.315534060532435657e-04
-1.321000616591677494e-02
4.430732372531645882e-05
-1.015688207631398399e-05
-1.045609265429292556e-05
6.243263860935329302e-05
-3.336707326001119717e-05
6.796755585016177326e-02
5.969705992977215707e-03
-1.126452548667921435e-05
1.850921793290792784e-05
2.814975647136112868e-05
-4.023314734878465537e-05
2.485114240021271161e-05
-3.072034834214978222e-02
-4.090586852749234295e-03
-2.866079877352119016e-05
-4.403566498012239337e-05
-2.566339560429280187e-05
3.389651701138746652e-05
-3.842587919063405848e-05
2.108061985608009406e-02
-2.838497437534674228e-06
-3.753323518338748908e-06
-1.262745343806359914e-05
-1.585369819179463405e-05
1.932186215142156927e-03
-9.023850789223988769e-06
-1.629856315459016604e-05
1.749875165738978036e-05
1.052942337453609289e-06
-3.152629897165425188e+00
2.392106992318118852e+00
-5.177754901770658114e-01
2.298325668531521870e+00
2.110237775132695948e+00
1.710807399777369620e+00
8.073921293141186339e-01
2.649026188464852272e+00
-7.561527738417364109e-05
-3.499976223127188295e-05
-1.024026506317547984e-05
-1.317327187426008280e-04
-5.890483880844799187e-04
-2.788221048421535894e-05
-5.575743358885263551e-05
8.947195141138254964e-04
1.713109674164862322e-05
1.508520723182819290e-05
-3.077615109365058150e-04
-1.883851282314582070e-06
1.134732653420950564e-05
-2.376686552738389488e-04
-4.707559081189737653e-06
-6.327107480696759118e-06
-2.572984295067892811e-04
1.639215477021278440e-05
-3.718388064493971567e-05
9.084986965418432887e-05
-6.922942941907345160e-02
-3.062225519735996770e-05
-7.448228285162676013e-05
-1.585109332709346529e-04
-4.932518502613715208e-05
-1.870901386461077884e-02
-1.199695985723224208e-05
-4.064048884613668351e-05
6.190375518474872650e-05
-1.368326310718200116e-05
-5.806581846940729250e-03
1.212413719788584213e-05
3.011524919880733341e-05
5.287067655145556515e-05
-1.521822430092416366e-05
-4.764743102540012175e-03
1.687485991766129659e-05
2.078179011811897908e-05
5.920844941154467379e-05
4.685630637291153750e-07
-1.505886849884337502e-03
1.211898245435270242e-05
2.080864974038240206e-05
-5.062011386632606297e-05
-2.792177155855022033e-05
-2.566429265534790182e-03
1.925369228623282242e-05
-3.436200689737646947e-05
1.323907472070437637e-02
3.632275301817242986e-05
7.116242077000666747e-05
1.422453257992131737e-05
-4.613372013682762521e-06
2.523334218096102283e-05
-6.849655696126219495e-02
-5.982016403917836400e-03
-4.374590573650639393e-05
-4.836599830648698499e-05
3.323813435218356260e-05
5.592857722006975326e-06
-2.870725391670726203e-05
3.105861260297000659e-02
4.107510521386639572e-03
4.257105461334946984e-05
5.568566635901381166e-05
-4.750384180493734398e-05
-8.551768877398306743e-06
3.823759140303634521e-05
-2.138353489402557844e-02
1.764093621948218890e-05
1.869540089282115358e-05
-8.933754522504945041e-06
-8.986527965017968923e-06
1.873443933577211441e-03
-7.954211566966567755e-07
2.832060775828626996e-06
-3.129436031307596794e-05
-7.437554822160548709e-07
-3.152579633236912038e+00
2.391989419849206655e+00
-5.177283330001921646e-01
2.298288649938804884e+00
2.110468747975990933e+00
1.710926210209129383e+00
8.073728871484410208e-01
2.648993587479656409e+00
-8.594638786590225827e-05
8.900058892497269419e-06
-5.468987539013805232e-07
-2.737289024689607735e-04
-4.956224411579394223e-04
-2.466869058674960994e-06
1.856022612058735703e-04
9.026518097681260084e-04
-2.140444887353495397e-07
-4.161904133072917230e-05
-3.236937677446983879e-04
-5.435335782206806763e-07
-2.972281274585278368e-05
-2.998478083048956226e-04
1.107114725963012834e-06
1.154017602361464439e-05
-8.053633946690996141e-05
-4.252849352609212619e-07
-8.607917494862770151e-05
2.716426184414303356e-05
-6.858306328581789679e-02
3.865984521601143506e-07
-1.194283735253182425e-05
-4.875609967180290758e-06
-1.363949040839594254e-05
-1.864305451001479347e-02
3.823483348332640907e-06
-1.525266216700022634e-06
-1.556850859070570733e-05
-1.513119101708883257e-06
-5.833547556208298727e-03
-8.642146244005466597e-07
-9.143383371661983691e-07
-1.911701255968439883e-05
-5.968178932708698180e-06
-4.827188501085952731e-03
-1.396786734431744618e-07
-2.619207881007163730e-06
-1.652389679610917928e-05
6.658380081081797673e-05
-1.705088686644847104e-03
5.316073200466837971e-07
-1.209185290107269951e-06
-7.299720871921543653e-06
-1.843156006810764392e-04
-2.305692828804307114e-03
-1.772203591810393429e-07
-5.446404606388197785e-06
-1.318889040237856101e-02
1.277669906930219992e-04
4.567283842110215000e-06
8.347928969423129564e-05
6.156216243455275738e-07
1.655685601752850689e-05
6.787306748874427642e-02
5.955931733156779456e-03
-8.097531436026307063e-05
6.499117721818926247e-06
-7.099711378481289581e-05
-9.628588797019272474e-07
-1.039188238962401420e-05
-3.062979442887186696e-02
-4.061809014457734915e-03
6.174449234163611230e-05
-3.015884844791009208e-05
1.175981339805315384e-04
-9.309642935287679687e-07
1.187336724973036665e-05
2.089485433967785272e-02
-1.518877545839514836e-05
-1.657156605721954997e-06
-2.429416168725461036e-06
-1.828859431680666318e-05
1.947293234671740704e-03
-2.323645169946816741e-06
-3.342751706993330717e-06
9.235319790436250252e-06
-2.134271190105796045e-06
-3.152686479976832157e+00
2.392290958432971681e+00
-5.178385053470430099e-01
2.298545173464514146e+00
2.110351611786879911e+00
1.710847695076473718e+00
8.073872282976315429e-01
2.649007079059107372e+00
1.037281993965750866e-08
-1.425214615004221329e-04
6.632544925353944638e-09
3.100107490459952110e-08
-8.379372200122219526e-04
2.017457051430183772e-08
-4.684653456843521440e-09
9.649740324770423846e-04
-3.370915630166716547e-09
-2.879610516184104357e-10
-3.226248558809367405e-04
-1.589610259712892821e-10
-2.580799433952234396e-09
-2.554038275278347437e-04
-1.708175699360546852e-09
7.182473428436957954e-09
-2.328874961625553041e-04
4.805105022942445127e-09
-1.710841969308381371e-08
3.044032318855603975e-10
-6.899314283893245858e-02
5.798797716212076984e-10
6.579962381937132862e-09
-3.637374966827760526e-09
8.080296472202822395e-11
-1.862504543833945481e-02
-1.005244657210941219e-11
1.559501752170989678e-09
7.558846152900820689e-10
-2.065710948034188304e-11
-5.806457797719625710e-03
-6.816657924416452845e-11
-4.800344983547146348e-10
6.055891855209935703e-10
8.857800023550897197e-13
-4.776749098290201771e-03
-6.916108663353136612e-11
-3.409252576987517505e-10
-1.749510888679317359e-09
4.739165856113114333e-11
-1.548330288427799978e-03
8.007437606356631668e-12
5.450908119290096071e-10
5.757567027022505282e-09
-1.010259840336721776e-10
-2.516051757580524840e-03
-1.544045300463277194e-10
-1.978661369269860879e-09
1.325603886242594960e-02
-1.633276670158461152e-10
-5.067590221085915284e-10
5.180251512856490215e-05
1.403750902394163973e-10
1.149033914608163591e-10
-6.850918947598945430e-02
-5.978621771523515149e-03
1.673722214161262567e-10
-4.869817032363189504e-10
-1.464358676503581258e-05
-5.316896802524818610e-10
-9.468137365399221857e-11
3.105694608926199557e-02
4.082345631884247428e-03
-7.043231358983723362e-11
6.569161674404626213e-10
3.151787108206238752e-05
5.226912219233238997e-10
9.729434122371412381e-11
-2.130659060521982937e-02
3.535118383569603542e-09
2.040145472033225323e-05
-3.970208593029463183e-10
-2.688809223173429392e-12
1.864146236488460444e-03
-5.103560043489058707e-11
1.427649828125108489e-10
-2.699438626846149066e-05
3.682196625748851698e-09
-3.152579633229267042e+00
2.391989419868296274e+00
-5.177283329930532085e-01
2.298288649942151096e+00
2.110468747966392389e+00
1.710926210204759546e+00
8.073728871519559869e-01
2.648993587482614487e+00
4.342567682152186765e-05
8.900049829196378381e-06
-7.415949190871625385e-05
1.389371948156504838e-04
-4.956224579550439283e-04
-2.358268837681715612e-04
-9.260549402412381330e-05
9.026518187687118753e-04
1.608446540879875965e-04
2.128067680371528126e-05
-3.236937684155218107e-04
-3.577147349505722951e-05
1.390784596240622147e-05
-2.998478098807450453e-04
-2.629396063383318902e-05
-5.416558510828368999e-06
-8.053634663373991642e-05
1.020569961406809557e-05
3.266517964447410773e-05
-1.391722073536321097e-05
-6.858306341170869458e-02
2.333104180904496585e-05
8.051384581494837388e-05
1.109774755478150477e-06
3.508474191604881083e-06
-1.864305454925228520e-02
-1.372371513405041079e-05
4.984514555894209139e-06
6.993816223524968936e-06
1.504969958222594821e-06
-5.833547576759185241e-03
-8.782602147221527751e-07
1.393991872388489488e-05
7.291316869905689201e-06
3.105031429954738163e-06
-4.827188509908236780e-03
-5.098702883631575259e-06
1.786549335265399658e-05
7.211651695190466927e-06
-3.375217236800977634e-05
-1.705088704779534215e-03
5.739755718305585778e-05
1.491412521433564808e-05
-1.056636852069098863e-06
9.231094175223892489e-05
-2.305692784725627172e-03
-1.595335374535715889e-04
9.046821624720785250e-06
-1.318889015118877156e-02
-4.954464602217536909e-05
-2.815878524525024934e-06
8.347931932757915452e-05
3.647079157786514009e-06
-1.189283794041537618e-04
6.787306757848202143e-02
5.955931660801818024e-03
3.148802660430595111e-05
-2.414623596229349602e-06
-7.099711140482085903e-05
6.110214566472696972e-06
7.532295631306518992e-05
-3.062979442149998607e-02
-4.061808998078858361e-03
-2.058952547545751484e-05
1.588421267314116822e-05
1.175981169302640905e-04
-2.565320952728424204e-05
-5.940919921345925948e-05
2.089485428590284397e-02
9.451163536031743516e-06
-1.657201632498157421e-06
-1.680961646494088374e-06
1.115658921995361680e-05
1.947293242164579302e-03
-1.467646604484424289e-05
3.775225202272090299e-06
9.235316689607110218e-06
-1.208429541347389869e-05
-3.152596577723563609e+00
2.391997759770412291e+00
-5.177357662717765319e-01
2.298184509726775016e+00
2.110157492553815128e+00
1.710779725879242985e+00
8.073946199261423651e-01
2.649036905597272451e+00
-1.320462563412044235e-04
3.364025053451103441e-05
7.255199530954598041e-05
-3.052841187915628085e-04
-4.395091060062324747e-04
1.939566986452303295e-04
6.380593625705967666e-05
8.803650956410327775e-04
-8.350364101273817280e-05
1.124695047781715967e-05
-2.933038687913146268e-04
-1.478561846526111221e-06
-5.194785327990566532e-06
-2.178414385537597443e-04
4.635489600524133285e-06
9.995950017225557868e-05
-2.782731827441762879e-04
-6.438887305848571638e-05
-9.139904698427284667e-05
-7.338562996594640876e-05
-6.910255106781694467e-02
2.720438487158037153e-05
-2.558042659594350230e-05
-1.634503322657278324e-04
-6.603742667524555498e-06
-1.867688760062891432e-02
1.816664070783291399e-05
-6.107815084159327185e-05
1.099245247773215461e-04
5.438616080615850000e-05
-5.782651847057573152e-03
-3.693786842792103477e-05
5.766959254169992368e-05
9.735377265477456723e-05
6.171234782118374185e-05
-4.737879785562540760e-03
-4.234327308700522308e-05
5.218721819050231423e-05
1.295076541030714084e-04
8.849154612054749682e-05
-1.472824556627127602e-03
-6.724159648928585027e-05
6.674104904150408336e-05
-1.246267997070285669e-04
-7.673162754729016886e-05
-2.587360302577845078e-03
6.519144885601484932e-05
-5.795495758143291102e-05
1.318468056481008829e-02
-1.654285482550073814e-04
7.517568067214063822e-05
-1.677667158327122987e-06
-1.234166027061121221e-05
-8.298478066686137272e-05
-6.826450665878341928e-02
-5.960222068724337248e-03
1.055397122142606378e-04
-4.662188855168307748e-05
5.978086050964850906e-05
2.468064807908758838e-06
5.920960801058752386e-05
3.096380454078385275e-02
4.101740873106842454e-03
-8.754944714863802015e-05
2.869150782170380980e-05
-9.639309610914685578e-05
2.945401771389737186e-06
-5.692362756663644466e-05
-2.136156823037415123e-02
1.071076185358427191e-06
1.882772762141291108e-05
-2.034312964669369485e-05
-2.666444714731475412e-05
1.873089292290481189e-03
6.036381768818307797e-06
-1.575998975945071777e-05
-3.119614406249938791e-05
7.051648761782299853e-06
-3.152537480457983765e+00
2.391829468125348690e+00
-5.176740884672352827e-01
2.298068787694167003e+00
2.110276582533648249e+00
1.710844276972382838e+00
8.073843086627573440e-01
2.649025786454546338e+00
3.817522146040358360e-05
1.018812011157607732e-04
1.067217628101805238e-04
1.057890785423738035e-04
-2.798897795388271149e-04
1.769643981575850763e-04
-4.875009220296262378e-05
8.312043429023123313e-04
9.724358119574630528e-05
2.327207701503946038e-05
-3.003932885356772661e-04
-4.011776924736198523e-05
4.893390719764101142e-06
-2.553916720001701314e-04
-1.559109036357370345e-05
7.083260140505436681e-05
-1.695751234600248794e-04
-9.799030825603579774e-05
-5.266454549484700202e-05
-1.220143214404180530e-04
-6.904898511489448998e-02
8.162015167320786895e-05
2.009051783927884175e-05
-2.425020744577664669e-04
-1.325883997971159301e-04
-1.875823230922082918e-02
1.525580799653505697e-04
4.249092471293263145e-06
1.186397352019237278e-04
4.362955712736152282e-05
-5.825630208408780729e-03
-5.184819660745542281e-05
4.247947785136837785e-06
1.032608505901168116e-04
3.845121405004697595e-05
-4.792132124602136931e-03
-5.276994759711314494e-05
1.037542000671684287e-05
1.272592642151017923e-04
-2.913810085399524442e-05
-1.587732680292071926e-03
-8.284600509283369257e-06
7.896894553508352520e-06
-1.185668950132096121e-04
1.596876586591546336e-04
-2.446356849967807733e-03
-1.186564394607878795e-04
9.369861494322945857e-06
-1.314652049685284020e-02
-1.133250452284816079e-04
-1.875235093248863978e-04
4.533672196049484682e-05
4.225522970468687943e-05
-7.202078539780171782e-05
6.798695234327747916e-02
5.940509088778506315e-03
5.978929705851838798e-05
1.060666610262475575e-04
9.864016290271268583e-06
-1.344207147805966807e-05
2.243543750734489165e-05
-3.075693862499446346e-02
-4.075623035057527634e-03
-3.057272142481016770e-05
-5.729824030172274028e-05
-2.905839698463634491e-05
-1.311669705368732100e-05
1.062041309623723028e-05
2.114364660718302813e-02
1.752528027824324709e-05
-8.974789675143566106e-06
-8.728412293291631496e-06
5.735307223912295912e-05
1.932656206377600817e-03
-1.405452773543915799e-05
2.385735771501664725e-06
2.428643126264193514e-05
3.046246871387547255e-06
-3.152546936074535289e+00
2.391809423156265879e+00
-5.176785530453121842e-01
2.298034348716426312e+00
2.110214846779446596e+00
1.710817488323066904e+00
8.073849821413829897e-01
2.649029128669437849e+00
-8.969555020829425031e-05
9.949324468607308397e-05
4.007232771073421912e-05
-2.599536932235117391e-04
-2.989975088954917835e-04
1.668299677633876136e-04
1.369753724638342795e-04
8.402752745657225079e-04
-1.718700510955010596e-04
-2.280836172936398404e-05
-2.882271108973812339e-04
2.551068489275825480e-05
-1.375554331008313759e-05
-2.281435994863575424e-04
1.961543854341516219e-05
1.939974018575931880e-05
-2.184733556253992258e-04
-2.500015168500221660e-05
-2.369944958959294915e-05
5.453400872611744755e-05
-6.895764844444589314e-02
-2.827314537418371132e-05
1.327249140381438642e-05
-1.386722948941829692e-04
6.967189625867273740e-05
-1.869690514416238319e-02
-2.739984254716829791e-05
-3.089926359946986497e-05
9.380580130002186007e-05
5.407586765749077679e-06
-5.801330180070605504e-03
-1.179724913192420604e-05
5.349500493593475344e-05
7.954266453808567043e-05
1.211233964387679342e-05
-4.767236880681059545e-03
-1.264174464832691553e-05
5.178126875865421143e-05
1.013554688071522996e-04
9.002035182977926784e-05
-1.523125527382279730e-03
-7.617088225184894001e-05
6.129208610448645114e-05
-1.103930377090741157e-04
-1.976062587938618473e-04
-2.552997337661266561e-03
1.708519368035857084e-04
-4.615808333541307474e-05
1.321667537024956256e-02
-9.589047643976736368e-05
1.268694423814272203e-04
-9.187447402587978207e-06
-3.094551335262787223e-05
-1.215731619832683070e-04
-6.813162673519547463e-02
-5.982483164772432922e-03
7.444027752370632571e-05
-6.269763471811336773e-05
5.052804916897378484e-05
3.872701948309841338e-06
7.679945946491160058e-05
3.085210116185699292e-02
4.118727596054475720e-03
-5.558594212979792691e-05
1.589230923670245069e-05
-7.657993752524863695e-05
1.956286192967846894e-05
-5.998769191102777416e-05
-2.123573213435643245e-02
3.686298855648530720e-06
6.895489433947906506e-06
-6.541069568832239174e-06
-4.531937782413394912e-05
1.896811957392363938e-03
1.547599153105483566e-05
-7.805270851278753330e-06
-2.840951519326546861e-05
5.621321460116866190e-06
-3.152546936270415046e+00
2.391809424141616791e+00
-5.176785537218352440e-01
2.298034349702958057e+00
2.110214846013182655e+00
1.710817487864382036e+00
8.073849821697622886e-01
2.649029128794000432e+00
8.969725890877291215e-05
9.949322057500631670e-05
-4.007526673434157584e-05
2.599579549906993721e-04
-2.989977677641797709e-04
-1.668364976567821706e-04
-1.369765382136678314e-04
8.402750525382880926e-04
1.718703702937722543e-04
2.280786552909513576e-05
-2.882268298384285383e-04
-2.551045005201819642e-05
1.375486096873445812e-05
-2.281433322948980195e-04
-1.961515148371661033e-05
-1.940007773636519370e-05
-2.184732216301272893e-04
2.500038567197554115e-05
-2.369930436488818307e-05
-5.453407607295757478e-05
-6.895765036532390535e-02
2.827482622612094779e-05
1.327411508662975585e-05
-1.386734187778301136e-04
-6.967831311367351783e-05
-1.869690649874884356e-02
2.740502888408880499e-05
-3.090055918103832514e-05
9.380592227985543301e-05
-5.407302981378834215e-06
-5.801330649433110963e-03
1.179659880780796553e-05
5.349518427619003947e-05
7.954249330427724720e-05
-1.211338286699515808e-05
-4.767237361939003631e-03
1.264236445265768093e-05
5.178139066619696066e-05
1.013545067711104871e-04
-9.002422060758375920e-05
-1.523125987479508059e-03
7.617472673429064489e-05
6.129211563327119621e-05
-1.103910851108957285e-04
1.976122988035980258e-04
-2.552997093374494760e-03
-1.708588436665336844e-04
-4.615803572268185965e-05
-1.321667558088914125e-02
-9.588968187387121242e-05
-1.268708269266296661e-04
-9.185796230236353832e-06
3.094717782810741009e-05
-1.215711016627577532e-04
6.813162717252116418e-02
5.982483244684135178e-03
7.444027160740307111e-05
6.269849780449860636e-05
5.052729935887782797e-05
-3.873781028282787323e-06
7.679898871643380410e-05
-3.085210167083267396e-02
-4.118727763197110522e-03
-5.558616232247441061e-05
-1.589304102271062429e-05
-7.657973697062885055e-05
-1.956213296383177164e-05
-5.998801650420191776e-05
2.123573327664108473e-02
3.686275646473956154e-06
-6.895459075487864057e-06
-6.540829015740768455e-06
4.531905464557283401e-05
1.896812025965014751e-03
-1.547571603520330797e-05
-7.804794119322216160e-06
2.840948661717420049e-05
5.621405088884425970e-06
-3.152537480912454892e+00
2.391829470174515748e+00
-5.176740890084047253e-01
2.298068790579980814e+00
2.110276584769262165e+00
1.710844277725523055e+00
8.073843087199065183e-01
2.649025786180913666e+00
-3.817671453825417587e-05
1.018794193385790295e-04
-1.067250094801683649e-04
-1.057922915573779375e-04
-2.798944586582935695e-04
-1.769716900707340318e-04
4.875092441912826026e-05
8.312066588271349067e-04
-9.724291781198037606e-05
-2.327272856990100054e-05
-3.003934249817845543e-04
4.011833679742519239e-05
-4.894702395318378742e-06
-2.553916996811917231e-04
1.559158544629357302e-05
-7.082983392171448797e-05
-1.695750080862694082e-04
9.799157575037149587e-05
-5.266431378046657150e-05
1.220096854892102796e-04
-6.904897701582157765e-02
-8.162136480627203358e-05
2.009077919432337484e-05
-2.425025581103393735e-04
1.325793098627792263e-04
-1.875822834407528394e-02
-1.525565603310378158e-04
4.250583780068958265e-06
1.186404445948066784e-04
-4.362770677022849105e-05
-5.825630193583392416e-03
5.184895289324436770e-05
4.246398210153000176e-06
1.032616081227841030e-04
-3.845062935816281999e-05
-4.792131968050446916e-03
5.277127676443608295e-05
1.037412584758245603e-05
1.272604763657966332e-04
2.913563154846936199e-05
-1.587732047005146639e-03
8.287208250335179516e-06
7.895709923985932114e-06
-1.185678582673138051e-04
-1.596810640007919756e-04
-2.446357996005922401e-03
1.186535471533413426e-04
9.370213449546310481e-06
1.314651807126458564e-02
-1.133296411905643057e-04
1.875206942476939946e-04
4.533728961582036976e-05
-4.225534494969648684e-05
-7.201967183237148961e-05
-6.798694261579671383e-02
-5.940507610575927744e-03
5.979162519400074705e-05
-1.060654798798652237e-04
9.863627517396264532e-06
1.344185213354409490e-05
2.243482180297665102e-05
3.075693344578398630e-02
4.075621589213393979e-03
-3.057439718927334234e-05
5.729791459469135348e-05
-2.905787309525655060e-05
1.311718987674739188e-05
1.062084510322219606e-05
-2.114364169855642572e-02
1.752542362372063508e-05
8.974859826557838953e-06
-8.728962297649823891e-06
-5.735342514352650793e-05
1.932655941389878514e-03
1.405458957856537265e-05
2.385967598701384883e-06
-2.428650657485858968e-05
3.046027926485537086e-06
-3.152596578233842539e+00
2.391997762121455651e+00
-5.177357672009563760e-01
2.298184512045165384e+00
2.110157492465122964e+00
1.710779725687232578e+00
8.073946199800986490e-01
2.649036905633625594e+00
1.320472251107333221e-04
3.363987711337723023e-05
-7.255081340909477435e-05
3.052866281869530754e-04
-4.395100573655145179e-04
-1.939541823266379252e-04
-6.380649795712975934e-05
8.803653289294391653e-04
8.350421101851453014e-05
-1.124734707710063711e-05
-2.933038823342746203e-04
1.479005763337919125e-06
5.194048606196543068e-06
-2.178414460794740625e-04
-4.635004439693013765e-06
-9.995881892426418326e-05
-2.782731821056692997e-04
6.438887807712664185e-05
-9.139735735878308769e-05
7.338465541597248565e-05
-6.910255528180930806e-02
-2.720295445470151396e-05
-2.558395383269829269e-05
-1.634487112219745817e-04
6.596952648178620480e-06
-1.867688912201882073e-02
-1.816587199619943609e-05
-6.108022820601212964e-05
1.099238422947996201e-04
-5.438541986490404959e-05
-5.782652383178840325e-03
3.693785841925085903e-05
5.766994203390249011e-05
9.735322030777827419e-05
-6.171280290017899469e-05
-4.737880274267536503e-03
4.234322801126884638e-05
5.218725592544182272e-05
1.295069127331291382e-04
-8.849490149865415220e-05
-1.472825076594856415e-03
6.724197414127428051e-05
6.674037664753144309e-05
-1.246259936730022321e-04
7.673792878447720516e-05
-2.587359867731436197e-03
-6.519247626710531168e-05
-5.795348800562076888e-05
-1.318468188400900853e-02
-1.654270949052005606e-04
-7.517625486937098284e-05
-1.676507344193500781e-06
1.234324362530628966e-05
-8.298468008017265488e-05
6.826451120422324936e-02
5.960222875595080211e-03
1.055391327831310417e-04
4.662213174940702670e-05
5.978017833049159568e-05
-2.468444885143526377e-06
5.920962884854025221e-05
-3.096380674733330979e-02
-4.101741531008321409e-03
-8.754925455249900484e-05
-2.869145573686164005e-05
-9.639252546441400005e-05
-2.945568983930534350e-06
-5.692377028039617270e-05
2.136156994653374414e-02
1.071162842513891187e-06
-1.882760337782677173e-05
-2.034283470092650365e-05
2.666391792612628903e-05
1.873089408905316599e-03
-6.036652220901643755e-06
-1.575992754547351593e-05
3.119610816440339580e-05
7.051255298810135333e-06
-3.152579633066185050e+00
2.391989419782307724e+00
-5.177283330813933215e-01
2.298288649897457514e+00
2.110468747809870482e+00
1.710926210184041674e+00
8.073728871001748519e-01
2.648993587496249358e+00
-4.342458795975521980e-05
8.899744217428281340e-06
7.416029855291354647e-05
-1.389347154132018324e-04
-4.956227103511557514e-04
2.358275951419878599e-04
9.260510669666629829e-05
9.026508430118980941e-04
-1.608432069959864371e-04
-2.128098513544569181e-05
-3.236936150485653064e-04
3.577108634138929965e-05
-1.390827709836127144e-05
-2.998478646168738150e-04
2.629375209130244465e-05
5.416843997888359471e-06
-8.053581681014769077e-05
-1.020581898093783700e-05
3.266633784923318360e-05
1.391476299805770919e-05
-6.858306619317404429e-02
-2.333352224661552942e-05
8.051260890656608278e-05
1.112657612720474716e-06
-3.512019570518470614e-06
-1.864305661486123644e-02
1.372232888050097980e-05
4.982500837735065051e-06
6.993533705707651786e-06
-1.504296718943223170e-06
-5.833547489176310261e-03
8.787870975942453351e-07
1.394022600484954170e-05
7.291213422180651321e-06
-3.105121472959586361e-06
-4.827188640117811673e-03
5.098798262780352864e-06
1.786559698725742165e-05
7.211921140101269103e-06
3.374975144777610638e-05
-1.705089286934522493e-03
-5.739861702101061445e-05
1.491421300876176896e-05
-1.057188887460471507e-06
-9.230591199144069087e-05
-2.305691673959833592e-03
1.595358149275421513e-04
9.046258274045755179e-06
1.318889033108282260e-02
-4.954659357785753021e-05
2.813591626775946083e-06
8.347914748798104800e-05
-3.649274320687359574e-06
-1.189265271998213075e-04
-6.787306949240015652e-02
-5.955931764950418358e-03
3.148856472739669602e-05
2.415707513339008898e-06
-7.099697055973526461e-05
-6.109022425854920314e-06
7.532221553207494322e-05
3.062979500805002031e-02
4.061809221511026094e-03
-2.058930195597648071e-05
-1.588477313514146424e-05
1.175977360450605053e-04
2.565246431650330039e-05
-5.940907889240443641e-05
-2.089485471555229540e-02
9.450643350122113891e-06
1.657185864509393713e-06
-1.681460984415762568e-06
-1.115665735357498803e-05
1.947293429798682219e-03
1.467648045507042903e-05
3.775506528193295952e-06
-9.235375067503543296e-06
-1.208467164207659543e-05
-3.152686480536973868e+00
2.392290961252176107e+00
-5.178385063262300747e-01
2.298545175436291554e+00
2.110351610812746692e+00
1.710847694701162824e+00
8.073872283079267520e-01
2.649007079155406341e+00
-9.912619152781074875e-09
-1.425206930198274352e-04
-7.069241799799790484e-09
-3.019960710322081425e-08
-8.379353256531005614e-04
-2.061174137530548879e-08
5.269199796227248148e-09
9.649736103886587171e-04
2.548292028098231786e-09
2.204509207640079889e-10
-3.226249969537705480e-04
3.155879694837105648e-10
2.636566942954186369e-09
-2.554038707287343071e-04
1.752309270105984145e-09
-7.370721222137411144e-09
-2.328879452364921408e-04
-4.696990960350782551e-09
-1.455346419462024933e-08
1.756279053898036282e-09
-6.899314567597346348e-02
2.982972499923544171e-10
5.941762349039213887e-09
-9.009911362907690215e-10
1.057459918703140075e-09
-1.862504753005067223e-02
-6.347578250264996796e-10
-5.994671375369310464e-10
9.397071860086694433e-11
-6.105051146163615398e-10
-5.806457825698537432e-03
-8.119922353735654499e-11
-4.827416275219419910e-11
3.267177968400346160e-10
-4.558236793532006352e-10
-4.776749175188357149e-03
-1.357896934380593436e-10
-3.179803660466722070e-10
-1.385798301731232141e-09
1.847353201552871977e-10
-1.548331175589921305e-03
-2.824546627515707800e-10
2.565898907513070223e-10
4.594247585964557349e-09
-1.320812835087732870e-09
-2.516049957569654449e-03
5.411340787138302551e-10
-1.865504514349247677e-09
-1.325604061226411633e-02
-5.205842299742493500e-10
2.359813691746872732e-09
5.180210787185043908e-05
1.837066285559999869e-09
1.488465030840395978e-10
6.850919946959233009e-02
5.978622729087980370e-03
9.566992695328601610e-11
-6.828329273998706875e-10
-1.464382075712887532e-05
-4.012070706504771318e-10
8.321342067136015393e-11
-3.105695082538297708e-02
-4.082346313942154976e-03
1.618062405520050059e-10
4.277268320078351704e-10
3.151856258504399932e-05
-9.836334002904256899e-11
-3.592100029130005307e-10
2.130659400751586108e-02
3.478322964848036492e-09
-2.040132077990296244e-05
-8.373346302990466673e-10
-2.121625743238054539e-10
1.864146698015252922e-03
-3.920349867039185633e-11
4.521343186459036631e-10
2.699412574907312070e-05
3.764820337781071564e-09
-3.152579633473148846e+00
2.391989420736128302e+00
-5.177283333996961501e-01
2.298288650344085582e+00
2.110468747426947456e+00
1.710926210188103092e+00
8.073728870738355878e-01
2.648993587521615733e+00
8.594554957923634529e-05
8.901318713424970219e-06
5.477198471607697762e-07
2.737263668817341549e-04
-4.956190094538241026e-04
2.468539968852737175e-06
-1.856013021037034093e-04
9.026503118785883430e-04
2.144973714159403073e-07
4.161884585178609480e-05
-3.236938555068437579e-04
5.429531384990193783e-07
2.972288234829771554e-05
-2.998481830506985880e-04
-1.107686517238387370e-06
-1.154076143848476181e-05
-8.053576589899273316e-05
4.252564935570984611e-07
-8.607794916024354831e-05
-2.716283794330779430e-05
-6.858306790989590618e-02
-3.878681194053596847e-07
-1.194107043626508300e-05
-4.873556029707142777e-06
1.364182476832740581e-05
-1.864305774216760622e-02
-3.823126647751339899e-06
-1.528089661614672654e-06
-1.556883648886265745e-05
1.512652678793276434e-06
-5.833547367546840744e-03
8.639534162819244419e-07
-9.136689517544123906e-07
-1.911701907988526839e-05
5.968172826037228143e-06
-4.827188733441236182e-03
1.394148649538847947e-07
-2.619010708351152039e-06
-1.652366491592568819e-05
-6.658208037887882597e-05
-1.705090370782079119e-03
-5.319244830157545192e-07
-1.209376617751829836e-06
-7.299784117281401982e-06
1.843117239501930243e-04
-2.305689925478401469e-03
1.773205727440503235e-07
-5.446251546722462403e-06
1.318889238495407970e-02
1.277656076474527347e-04
-4.566833783293611573e-06
8.347969455763104563e-05
-6.168333647032623117e-07
1.655808511860054925e-05
-6.787307622493363168e-02
-5.955932733810717639e-03
-8.097447872989081328e-05
-6.499107542629078450e-06
-7.099745696471926326e-05
9.631908548985217626e-07
-1.039269328524055792e-05
3.062979889607228209e-02
4.061809702091978731e-03
6.174351067240835364e-05
3.015815761553511691e-05
1.175986862141324002e-04
9.312014618487838500e-07
1.187414846447400302e-05
-2.089485785334466161e-02
-1.518902580999270111e-05
1.657194076812559653e-06
-2.429234839094142874e-06
1.828875695798407161e-05
1.947293464176626503e-03
2.324045791200541708e-06
-3.343099994323310355e-06
-9.235271241896577261e-06
-2.134335044590099592e-06
-3.152629896682387578e+00
2.392106990866528449e+00
-5.177754897873848572e-01
2.298325667381469373e+00
2.110237775239776514e+00
1.710807399917138927e+00
8.073921292454504517e-01
2.649026188466856446e+00
7.561268648182851580e-05
-3.499981642889483501e-05
1.023983779643161673e-05
1.317269189752373029e-04
-5.890480323204022161e-04
2.788144847519045553e-05
5.575770269901060778e-05
8.947185161078740701e-04
-1.713139201907898493e-05
-1.508470542755778312e-05
-3.077611677177329681e-04
1.883797836978217869e-06
-1.134662943063278544e-05
-2.376687665146791644e-04
4.707527477825951853e-06
6.326865548741719122e-06
-2.572972065509717744e-04
-1.639230785764584798e-05
-3.718464287597478702e-05
-9.084639521110326804e-05
-6.922943231075756598e-02
3.062343358449122195e-05
-7.448429308235044919e-05
-1.585092835387140833e-04
4.932917964791164021e-05
-1.870901693614989911e-02
1.199759607889953086e-05
-4.064230567870883457e-05
6.190324458965399789e-05
1.368271775576885055e-05
-5.806581447935252153e-03
-1.212466427604033882e-05
3.011597649145182146e-05
5.287026965516794616e-05
1.521863423442825706e-05
-4.764743192241053908e-03
-1.687522826194213415e-05
2.078233583188885024e-05
5.920810901556818550e-05
-4.648322186945322483e-07
-1.505887640766811163e-03
-1.211900938785801112e-05
2.080915207009253809e-05
-5.061991994046989530e-05
2.791449660471157046e-05
-2.566427789867454026e-03
-1.925425175052583056e-05
-3.436220512831807974e-05
-1.323907506660847340e-02
3.632259204884775473e-05
-7.116026705433764477e-05
1.422482755092380202e-05
4.615448577805267684e-06
2.523265408259909616e-05
6.849655650013815322e-02
5.982016465452334383e-03
-4.374618031235412950e-05
4.836548003888177516e-05
3.323861174928111062e-05
-5.594191704887622053e-06
-2.870654256891707386e-05
-3.105861242561074043e-02
-4.107510495366056315e-03
4.257202334590100279e-05
-5.568672847672248897e-05
-4.750505586918231382e-05
8.553088000691671849e-06
3.823680601035937148e-05
2.138353510909777114e-02
1.764107199151953285e-05
-1.869547391504455342e-05
-8.933886979391712519e-06
8.986753633212271456e-06
1.873443678538359424e-03
7.953675728748221276e-07
2.832458874167317897e-06
3.129482564522391777e-05
-7.438113405755508722e-07
-3.152533749630709980e+00
2.391836594640686098e+00
-5.176773158445240330e-01
2.298080222391555516e+00
2.110295862026009051e+00
1.710853960881493441e+00
8.073828607110506983e-01
2.649020439664945492e+00
-1.183441590645323152e-04
1.103776603698173589e-04
5.777707615754290420e-05
-1.577292003327209055e-04
-2.782676481982307784e-04
7.628749296387464637e-05
-1.632927902872153560e-04
8.522386665185642529e-04
7.845811166848459914e-05
8.073204550481161471e-05
-3.029683647049246026e-04
-3.663687677663820321e-05
3.983379994489169562e-05
-2.542073072236269104e-04
-1.967810274299344481e-05
1.198009658510281421e-04
-1.745852237407788843e-04
-4.439499862373823573e-05
-1.187754711218430353e-04
-7.722097202567687699e-05
-6.891686237897456935e-02
1.324488692725319565e-05
-1.149597153170506909e-04
-8.844426327742432544e-05
-1.596283912647991079e-04
-1.874933151253585853e-02
4.535175602792478706e-05
-1.583389141533577218e-04
5.329109549707307402e-05
6.747703205397995836e-05
-5.824093045727461553e-03
-2.036016515233915973e-05
8.075584838543061448e-05
4.444911823231084442e-05
6.076585437754775289e-05
-4.793907440099658135e-03
-2.073723412770026763e-05
6.672116548514949624e-05
7.812936551690265771e-05
-9.493986368650113631e-06
-1.588283329067535603e-03
2.211356408650987982e-06
1.031553403009217843e-04
-1.195346787755086982e-04
1.652582495201016248e-04
-2.460444751079219651e-03
-5.723123986396141759e-05
-1.315537016894399161e-04
1.321000726503090798e-02
4.430737234617748536e-05
1.015830610189470630e-05
-1.045568078479955365e-05
-6.243440753766837199e-05
-3.336599450083155630e-05
-6.796755744113436304e-02
-5.969706584545725163e-03
-1.126437669033114163e-05
-1.850961718311075883e-05
2.814981999541346647e-05
4.023425522211956961e-05
2.485090294341500521e-05
3.072034947504473021e-02
4.090587336119309164e-03
-2.866115923747967684e-05
4.403521332581485223e-05
-2.566372295001971560e-05
-3.389765147440905067e-05
-3.842607283832807571e-05
-2.108062132709762754e-02
-2.838576289097607930e-06
3.753394706121786814e-06
-1.262731559630061160e-05
1.585376618223508730e-05
1.932186063080691511e-03
9.023814485557549094e-06
-1.629836466199280744e-05
-1.749897214306846561e-05
1.052670614078201066e-06
-3.152588867130243333e+00
2.391973994802043535e+00
-5.177304216293227013e-01
2.298180274846677307e+00
2.110185131271073100e+00
1.710787554966843205e+00
8.073930039665697667e-01
2.649033012372696394e+00
-4.551044737920921599e-05
3.656752876081135789e-05
9.267686510284965889e-05
-1.092374355088832809e-04
-4.420632405097499459e-04
1.973349827329293671e-04
3.780568859588534405e-05
8.786973491940601759e-04
-2.013446033474332688e-05
-1.041639332790871892e-05
-3.017519780818605710e-04
1.092584533264302440e-05
-1.391728945312166051e-05
-2.226681846516934886e-04
2.468309434552352753e-05
2.383360450853741171e-05
-2.836888639365457688e-04
-4.832464892116271555e-05
-3.606247812849882380e-05
-6.964144245933729565e-05
-6.920629994249719030e-02
5.957187352479222965e-05
-1.947907219768892941e-04
7.354482691377181710e-06
-9.044520716320746546e-06
-1.874449198110011636e-02
1.075992121089710911e-04
6.215664975767464526e-05
-1.482930666158845324e-05
1.623966129654507240e-05
-5.801036305116400761e-03
-2.146651747183549695e-05
1.055712134692109860e-05
-1.856109372784127805e-05
1.818376611545849923e-05
-4.751370374823078377e-03
-2.784609152914421261e-05
-8.790479538985957410e-06
-2.732571544296885223e-05
1.733179257695014310e-05
-1.470557841564156844e-03
-2.287805411964937492e-05
-2.655180809152753833e-05
8.283000959859267411e-06
5.595798844216013203e-06
-2.602837963027149117e-03
-3.387077930599356962e-05
-2.131583089525013397e-05
-1.333176176632448577e-02
1.157988391713040788e-04
2.450728954227558677e-05
-9.242843538499051492e-05
-1.643581583236517971e-05
1.348443826631013319e-04
6.848106200861668602e-02
6.037587180245634899e-03
-9.980910110430254848e-05
-1.186615105773386491e-05
9.444672824758353069e-05
6.823112875426466011e-06
-1.066722880243152385e-04
-3.102768381947863113e-02
-4.158463810417958699e-03
1.065699015348206622e-04
-1.371105544461182084e-05
-9.183450134302162393e-05
5.653823723913184267e-06
1.318860754147140556e-04
2.137361958054365824e-02
-2.009768982694139922e-05
-8.320953825245498245e-06
-4.063563152393387192e-06
-1.097175328130381628e-05
1.866581664711858659e-03
3.676883035366856618e-06
9.363194680458709592e-06
3.389774424389127133e-05
2.391180470858009395e-05
-3.152536857585167773e+00
2.391784297570960671e+00
-5.176684829208890726e-01
2.297998328700412873e+00
2.110169656977105568e+00
1.710786099028055895e+00
8.073874737940668345e-01
2.649038619561537633e+00
2.900549178645601121e-05
7.177097785605288409e-05
-8.307112118858136455e-06
1.729180292961659572e-04
-3.136808128914485901e-04
-4.411911663421014544e-05
-2.184456880807831875e-04
7.663304635563954886e-04
5.567739889172043140e-05
7.213983603421482036e-05
-2.992268580656196270e-04
-3.112578008108409032e-05
5.869405345823003437e-05
-2.469358520468477292e-04
-3.141646340490250984e-05
-1.544947780916805253e-05
-2.240467413108576319e-04
2.467520544988266874e-06
-1.494766401609015595e-04
2.577371459932170433e-05
-6.910358559380727628e-02
-3.718573382532108285e-05
-9.637110411304960524e-05
-5.011153009827034167e-05
-6.183302533823030922e-06
-1.878017418008442324e-02
5.007203783036369009e-06
-2.515663707687188243e-05
2.975664294503776335e-05
2.905282957181309797e-06
-5.801207959009348561e-03
-5.777523031185770802e-07
2.414221753709719899e-05
2.404446166802325381e-05
-6.807990868286354936e-06
-4.748880350892316533e-03
2.354093475376676595e-06
1.538861933093808556e-05
5.103644268962496543e-05
-8.784741042157359950e-05
-1.501192339200168322e-03
2.581441498543244522e-05
3.009185668885664111e-05
-9.885590959423390541e-05
1.977443733815869567e-04
-2.528934559299123551e-03
-6.213455372020918193e-05
-6.202593867448368513e-05
1.322681702006607909e-02
1.323903226878853350e-04
5.103183026018633280e-05
-2.275503397528022553e-05
-3.489040149715305584e-05
7.639433714799151887e-05
-6.794287432283055428e-02
-5.991270961767770388e-03
-6.855616571637616723e-05
-4.025533132400187144e-05
6.721931319804246019e-05
1.567804426471581581e-05
-3.018603556787272883e-05
3.074798029060369503e-02
4.129885142846256331e-03
2.931890274944260215e-05
5.225973955576149535e-05
-9.813341892512573994e-05
-4.966326773953564939e-06
5.892965208346398519e-06
-2.118032784484503994e-02
-1.943090534632178811e-05
-2.128907818291491403e-07
-2.199511601340186978e-06
1.040721685371037361e-05
1.904796404734105005e-03
1.960522613451769983e-07
-4.068298254474627599e-06
-3.542248670319802172e-05
1.439743842841108844e-05
-3.152581700643596552e+00
2.391974802656958499e+00
-5.177269704860637534e-01
2.298174209733098827e+00
2.110174058452461754e+00
1.710775610409335679e+00
8.073921581618520582e-01
2.649034372339328147e+00
4.914229352997044240e-06
1.776351370900064366e-05
1.892301615246583431e-05
-3.332679013852296872e-05
-4.676447844855173694e-04
1.351383183207494586e-05
8.826958841347048654e-05
8.549087321189580493e-04
3.365210904075424539e-05
-1.884328423488084296e-05
-3.103078444965218750e-04
-6.061396182922367231e-06
-9.811506800722283729e-06
-2.313379417250577416e-04
1.011131795872124368e-06
2.059627130273325348e-06
-2.989124871796949422e-04
6.709953932241900212e-06
-1.004058104832050973e-04
-3.011475234273626326e-05
-6.909599869778089432e-02
-4.745698330014511178e-06
-5.993900220321356025e-05
-1.769866394973441471e-04
-1.515826788199060339e-05
-1.877061299535733724e-02
3.573900021063714926e-05
6.411671616698679183e-05
6.153115648872644109e-05
5.082943663291771257e-06
-5.792066254601732286e-03
6.324125605566206548e-06
-6.153874007148664351e-06
4.838597844879426142e-05
6.129997295540206062e-07
-4.734300470730206864e-03
8.612066229631240599e-06
-2.051761430466057652e-05
6.883712713445436357e-05
8.022509275760535352e-06
-1.451275799742758046e-03
2.433724336092901838e-05
-4.431398356846747675e-05
-8.629575927690638941e-05
-1.771892750173086365e-05
-2.600378528414318789e-03
-4.662455267905492578e-05
2.224404422061641200e-05
-1.339973456558671283e-02
3.182768395369956274e-05
-5.908353452189808741e-05
-1.557265294820642243e-04
-7.014093928204114588e-05
1.148905831194572133e-04
6.821995824387765139e-02
6.079297046389858100e-03
-5.417194140222830051e-05
4.346726052939023908e-05
1.185782849226699187e-04
3.730207490935519754e-05
-7.687159206763765013e-05
-3.088505754582764051e-02
-4.194109746630734353e-03
6.651570535694733893e-05
-5.737089345624104002e-05
-1.002024617328314132e-04
-1.583371361863652300e-05
9.119824717697611527e-05
2.126065314900361936e-02
-1.950113299404736310e-06
2.970543316955235246e-06
-1.512329984559130595e-05
1.151921118382222948e-05
1.877914505096040789e-03
7.770113712339603591e-06
1.108678672783460710e-05
3.228396830808816025e-05
1.448066310512488358e-05
-3.152550331615989965e+00
2.391866970070088083e+00
-5.176911774559710411e-01
2.298038545572752778e+00
2.110101486830965989e+00
1.710750339559270472e+00
8.073925924465676918e-01
2.649041925929182195e+00
3.607796453757017557e-05
6.174930490927788788e-05
-7.370893906467472804e-05
1.292742176651313305e-04
-3.623857570067027731e-04
-1.830341587301860008e-04
-1.043545854283043283e-04
8.197564940909289133e-04
5.578254659220013313e-05
2.853582490284762538e-05
-3.021369688540547047e-04
-4.606990347575698572e-06
3.688778416615025497e-05
-2.225915372697788344e-04
-2.151488806041022052e-05
-6.384219294900161424e-05
-3.106459718490224456e-04
8.246595165639252812e-05
-1.332341116606228920e-04
8.051260891013401594e-05
-6.903976338985064187e-02
-6.326454171321455142e-05
-3.514206599745435143e-05
-8.814513983107121863e-05
5.465587997702008244e-05
-1.877447701884606135e-02
-6.175930814416838758e-05
-3.319013780593175138e-05
6.152477628771824592e-05
-3.016072656420010659e-05
-5.774892203581699461e-03
4.254118137833464515e-05
1.220405053870852327e-05
5.384300785535309285e-05
-3.624044825211980141e-05
-4.715108663262440603e-03
4.247650027775036940e-05
1.180531384090036351e-05
6.430025481956587019e-05
-5.706270693625052924e-05
-1.428342850790289328e-03
5.935955773521977592e-05
4.768699552896336024e-06
-6.611929600431774509e-05
5.370887758412682967e-05
-2.618251814548987980e-03
-5.840387993291664087e-05
2.368661731229910051e-05
1.335484661504588062e-02
3.244621195963668520e-05
7.754001378875103115e-05
-1.865513735335444512e-04
-4.615198908555296145e-05
9.038333539766773336e-06
-6.805790293982599826e-02
-6.058901083939636709e-03
-2.212200328248470609e-05
-5.486397503143107535e-05
1.466877493151615142e-04
2.696037669284946561e-05
-5.291999549995087806e-06
3.080726112245702267e-02
4.183149869879273369e-03
1.583642042067161292e-05
5.113068611867918546e-05
-1.392619815993988847e-04
-1.091235411430969992e-05
-1.531739322811314632e-06
-2.122804183640683920e-02
-3.023756378389223189e-06
-6.406498561533832941e-06
-3.307432973046576597e-06
-1.240391468929993878e-05
1.878866415654427413e-03
7.331066519558349917e-06
3.010514763214005093e-06
-3.873216642426565250e-05
-2.376906146376797646e-06
-3.152616626235575481e+00
2.392120715279875132e+00
-5.177761814254387973e-01
2.298349887004875747e+00
2.110282094847385270e+00
1.710819404555083967e+00
8.073864346868317998e-01
2.649014553167104324e+00
4.179747067458621304e-05
-5.755449024683750858e-05
-2.800671126153078130e-05
8.915487982781437112e-05
-6.572446609428028459e-04
-6.804754449340447327e-05
-5.152613630200845183e-06
9.060027199313391974e-04
1.372989271734404804e-05
-9.683612858487813658e-06
-3.293511428269780801e-04
-2.763144450752966498e-06
1.485378309292961787e-06
-2.452626263569927995e-04
-1.080521325301655273e-05
-4.667388875783896266e-05
-3.005348597237967440e-04
4.584119022393002923e-05
-5.246214575375197703e-05
2.197387092843760539e-05
-6.894593962544122434e-02
-6.736018952690841447e-05
1.172421478822297230e-05
-6.872900328886639748e-05
3.293075996080280883e-05
-1.875277493990404332e-02
-1.801902142091991332e-05
1.802028741090208833e-05
3.574635863989227897e-05
-2.242034466404785027e-05
-5.795068670593981827e-03
2.694609009635714201e-05
-1.023624636893111028e-05
2.831646451334607329e-05
-2.309610300851266303e-05
-4.751382819771222434e-03
3.259163432392054514e-05
-1.277833962365014645e-05
4.386590469696515730e-05
-2.669532807201365862e-05
-1.479766152878111843e-03
3.243703184607489820e-05
-1.569495492996034812e-05
-6.057219341232867617e-05
1.728934549875462957e-05
-2.599187162129251195e-03
-9.297205752230715904e-07
4.801661512102501419e-06
-1.350577122429404489e-02
-3.066283746146376832e-05
-1.599780862998866895e-05
-2.691870709470058076e-04
-5.129671950641150036e-05
2.305916714792777950e-05
6.848002764525104591e-02
6.128046899105676036e-03
7.816170339002568093e-06
8.346554151905682430e-06
1.269381409965755769e-04
2.543346215109552850e-05
-1.260612254462265724e-05
-3.096822605485724869e-02
-4.213318137238018443e-03
-1.372133986206867679e-06
-1.042253244510160204e-05
-3.286031738429853744e-05
-7.993302803797291240e-06
1.680624762679204515e-05
2.122544371700161442e-02
-3.299272308558402907e-06
1.155233989391706234e-05
-1.093725642634614721e-05
4.887748750725940099e-06
1.871816589008939383e-03
5.772440949911768486e-06
-7.913726678154350298e-07
2.700555820146451937e-05
1.122462715967186486e-06
-3.152616626593475413e+00
2.392120716444280148e+00
-5.177761818735784338e-01
2.298349888509596539e+00
2.110282095659907320e+00
1.710819404831637192e+00
8.073864346544322723e-01
2.649014553055199173e+00
-3.334375937867098373e-06
-5.755525587097505644e-05
-5.019932719591918774e-05
-1.428963396729520329e-05
-6.572463659347234973e-04
-1.112288742763482569e-04
9.304240741294284744e-06
9.060029422505377298e-04
1.132567463885281601e-05
-7.235310073960566287e-06
-3.293512594696952666e-04
7.004943433121829546e-06
-8.620086218942222129e-06
-2.452627908671033575e-04
-6.688998875499465766e-06
1.637688397584326943e-05
-3.005346335677785692e-04
6.334191695237175476e-05
3.635418054819732157e-05
-4.734849289846860339e-05
-6.894593762130818426e-02
-5.270973796221882566e-05
3.956936722741046788e-05
4.996446701485849154e-05
8.614440094244090352e-07
-1.875277425200801498e-02
-3.752752410555042396e-05
5.051191012141130455e-05
-2.673688814933319468e-05
1.212569952654560609e-05
-5.795068750622946185e-03
3.288951136698897184e-05
-2.583953073932291047e-05
-2.522374760550718999e-05
1.667706634549419222e-05
-4.751382967032634699e-03
3.629762285416353123e-05
-1.813390968685277998e-05
-3.552863486377732865e-05
1.474348417538046882e-05
-1.479766498257018090e-03
3.933718125221552015e-05
-3.014236574925662957e-05
3.445502685228654281e-05
7.839701929801245938e-06
-2.599186810471148384e-03
-1.543734390586753698e-05
5.005797247907478516e-05
1.350577191445422216e-02
3.530144034549461199e-05
-5.242400781907469089e-05
-2.691866256927938350e-04
-1.179313213502792244e-05
1.502444898453920118e-05
-6.848002662042129707e-02
-6.128047410502841970e-03
-1.482538177783682349e-05
2.619835535385783929e-05
1.269376697342772947e-04
5.487791166534098037e-06
-4.653496065329084178e-07
3.096822541196571354e-02
4.213318587182393604e-03
1.524093161607201598e-05
-1.213247710820105244e-05
-3.285965525516749974e-05
5.030225380259540935e-06
-7.215417762645011607e-06
-2.122544278630455680e-02
6.859144844459612509e-07
-1.155246188594046539e-05
4.782593090501714435e-06
7.443051639888547254e-06
1.871816617656117329e-03
-1.346881592835229443e-06
9.867597218066157558e-06
-2.700548194851671571e-05
-3.416467711671241107e-06
-3.152616626510000408e+00
2.392120715967895883e+00
-5.177761817192882976e-01
2.298349888065191582e+00
2.110282095644539613e+00
1.710819404860226989e+00
8.073864346390052793e-01
2.649014553051902698e+00
-4.516170843363106363e-05
-5.755513882971555976e-05
-2.221273157173519433e-05
-1.035341252237404093e-04
-6.572460235250870454e-04
-4.324188313302595207e-05
1.447060891245851601e-05
9.060027618470708251e-04
-2.394584175689902191e-06
2.449192650972228236e-06
-3.293512390630490044e-04
9.768377418605247786e-06
-1.009778704135467050e-05
-2.452628213876323327e-04
4.121026757320000986e-06
6.302958549208627359e-05
-3.005345267761379887e-04
1.748684297829261670e-05
1.606051414473777614e-05
-6.932246400086238859e-05
-6.894593815817119664e-02
1.465037344412247183e-05
-5.127123006632810761e-05
1.875513581245539043e-05
-3.206966172305203910e-05
-1.875277444997238557e-02
-1.950933067069021687e-05
-6.852616518321090109e-05
-9.007546176302928998e-06
3.454591198884047326e-05
-5.795068716853277700e-03
5.943369842432992447e-06
3.607437782804355123e-05
-3.091234823851052912e-06
3.977303727474528871e-05
-4.751382935604036260e-03
3.705805020998161574e-06
3.091111184349573730e-05
-8.342551093835993471e-06
4.143864487223680596e-05
-1.479766431758820734e-03
6.900012494235431760e-06
4.583902998736136188e-05
2.613378340666566512e-05
-9.449444248167670278e-06
-2.599186896020153764e-03
-1.450778340296880660e-05
-5.486636564882064224e-05
-1.350577207130090711e-02
-4.639222878349857394e-06
-3.642495593664951551e-05
-2.691866701486564373e-04
3.950376960958778714e-05
-3.808371809887307023e-05
6.848002714881722131e-02
6.128047463745742510e-03
7.009744974779686917e-06
1.785307565526283655e-05
1.269377274899213121e-04
-1.994429934344659351e-05
1.307148732283976676e-05
-3.096822567425536188e-02
-4.213318621984252915e-03
-1.386910839804394416e-05
-1.711497735927107613e-06
-3.285973466293258538e-05
1.302189755971419778e-05
-9.590915172576956835e-06
2.122544301618119883e-02
2.624134702742877425e-06
1.155243284206866562e-05
6.153498638277011081e-06
2.555143774253480619e-06
1.871816607783854166e-03
-7.119236663491481623e-06
-9.075665542554881894e-06
2.700553175407748724e-05
2.304334079851805728e-06
-3.152550331486036583e+00
2.391866968990883802e+00
-5.176911770812916425e-01
2.298038544718302045e+00
2.110101487249747887e+00
1.710750339842311840e+00
8.073925923852272035e-01
2.649041925872033687e+00
-8.186407375201330003e-05
6.174926681891108968e-05
5.627366152293901522e-06
-2.231231155685341108e-04
-3.623855215013332270e-04
-2.038494792771952755e-05
1.004823684265414633e-04
8.197559570727798884e-04
6.247400482459761553e-05
-1.825799934727458839e-05
-3.021370224351163842e-04
-2.240967028399519322e-05
-3.707860693470076661e-05
-2.225917669560864868e-04
-2.119286821551979912e-05
1.033448796364134782e-04
-3.106455106540650045e-04
1.406889439781466188e-05
9.703453071405914506e-05
-9.504499199662142309e-05
-6.903976264074104807e-02
-3.809419480063568303e-05
-9.778994920719909657e-05
7.281342103375676401e-05
-8.081225829747452590e-05
-1.877447670471366417e-02
-1.645272752127541216e-05
-5.973560855849141061e-05
-4.133091920933213077e-05
5.192207709904884044e-05
-5.774891990253240397e-03
4.849475989791029610e-06
4.717895027227041286e-05
-3.714483231552372143e-05
5.490598510772807422e-05
-4.715108532613409079e-03
1.014725370646643205e-05
4.072600615495806996e-05
-3.628211444525878727e-05
7.993846579944155885e-05
-1.428342942580843652e-03
1.973863984027816551e-05
5.330408568718967394e-05
1.255275184991687637e-05
-7.743413903470917859e-05
-2.618251526986519785e-03
-1.731197059517693393e-05
-6.911288622283510551e-05
1.335484628141234836e-02
-2.405090561820481874e-05
-7.873922226820273713e-05
-1.865512513759270963e-04
-4.407624773617201998e-05
2.358029073370147832e-05
-6.805790191994645633e-02
-6.058900884790001558e-03
1.564420998335005878e-05
5.077995935899896288e-05
1.466877541724462275e-04
3.403243641181222126e-05
-1.651247101748596745e-05
3.080726055375337252e-02
4.183149660340723663e-03
-6.591689433852013528e-06
-3.501517586509232129e-05
-1.392620275750579284e-04
-3.882298820993925522e-05
1.448071207592213595e-05
-2.122804121028925434e-02
-5.443134168468376916e-07
-6.406450389903167427e-06
-9.538460904436811376e-07
1.255090964464347083e-05
1.878866402147706064e-03
7.076731575908113575e-06
-4.369004926317137912e-06
-3.873226615909947459e-05
3.815428365824707923e-06
-3.152527909616047008e+00
2.391757065082962708e+00
-5.176573681316214426e-01
2.297929700134583086e+00
2.110082523597255122e+00
1.710751515127926226e+00
8.073898794924698752e-01
2.649044796499735455e+00
2.237979475280154392e-05
8.473323674379950807e-05
5.387327176023832685e-05
-3.970787443724542280e-05
-3.019947098407745750e-04
1.744392139515133812e-04
1.561883456347417775e-04
7.844395195453935255e-04
-1.231539120473627955e-04
-5.625891476641690768e-05
-2.902205979289138971e-04
2.924357892920616015e-05
-5.054006248054455604e-05
-2.184384721982360225e-04
2.830064835680237928e-05
3.595472888787192229e-05
-2.863792073966916888e-04
-3.240926485737715388e-05
-1.476494576480094634e-04
-7.207445829074881705e-05
-6.887974152704484654e-02
2.056621777459433000e-05
-1.070015485474417509e-04
-2.057806678574908255e-04
-1.679431048224843391e-05
-1.871654271135986952e-02
9.225498314475573890e-06
-9.145859408337783289e-05
1.055969604616256068e-04
1.402636534103427141e-05
-5.762924773248828680e-03
-1.587581038858170633e-05
2.882953155125348780e-05
1.000757831487044487e-04
2.027539406837368125e-05
-4.709821178404747892e-03
-1.508830957773265760e-05
2.152270457235474572e-05
1.376081687177729352e-04
5.809932718680348922e-05
-1.438822229497260146e-03
-6.092793866859263672e-05
3.847468305420347426e-05
-1.369782101135742737e-04
-1.003935376233290740e-04
-2.597980086643542769e-03
1.238856040198193609e-04
-5.328121985532714743e-05
-1.324666411033267877e-02
3.946230554925309053e-06
-1.462048623116135376e-04
-1.295774054676235298e-04
3.026059322451014888e-05
6.040109674417741374e-05
6.769566714810135166e-02
6.000256369809500549e-03
1.118771230181796542e-05
9.447485985910166265e-05
1.255841379982757661e-04
-2.261691642918361262e-05
-4.596445245235065979e-05
-3.065254217979653320e-02
-4.135399402569557223e-03
-4.000943883657182010e-05
-8.132225414668743766e-05
-1.424000661798732054e-04
2.720143720271212960e-05
3.037463059550138487e-05
2.114297220197802751e-02
3.899098379821891967e-06
-7.220324388381799347e-06
-1.309224944307435306e-05
2.205518630432357638e-05
1.881941018519699051e-03
1.557791232459338447e-06
-9.258345242186888022e-06
3.818324552266990686e-05
5.731639306660517524e-06
-3.152553154000488522e+00
2.391880104224572534e+00
-5.176978383405200779e-01
2.298053444267123435e+00
2.110112242581325681e+00
1.710762064177443920e+00
8.073935195550954180e-01
2.649040399644360111e+00
4.745898715903843715e-07
7.352641285528552229e-05
-8.375644936837870532e-05
-9.549331439606732839e-05
-3.523887261159134102e-04
-2.704028877603529592e-04
1.677977854982207412e-04
8.432777892453794701e-04
1.949897700460727096e-04
-4.777317025509191710e-05
-2.928359274877458097e-04
-3.769389799861167531e-05
-4.134738703692798800e-05
-2.125384936366867200e-04
-4.465018620635654835e-05
4.001772261513208561e-05
-2.984304160724355931e-04
8.930677771924928638e-05
1.777990844369725740e-04
-6.579581435504065247e-06
-6.877292290251475759e-02
-5.871328425824438955e-05
-1.533390867404864062e-04
2.604074844691964654e-04
-5.599078331086033218e-05
-1.866648051957843502e-02
-8.999563332971679012e-05
-1.880616854421947033e-05
-1.170709469837541921e-04
1.767525154725552833e-05
-5.759175803441233740e-03
3.713630551278002351e-05
7.432789549540377697e-06
-1.073117024562577834e-04
1.582670407504612950e-05
-4.711429959202351712e-03
4.129176084695948632e-05
-5.962740605849855592e-07
-1.431805818600212867e-04
5.960197752913394694e-05
-1.444304677776379713e-03
9.176296602599994987e-05
-7.912040922037017686e-06
1.264012315752389634e-04
-1.204318261096332283e-04
-2.602927123086673771e-03
-1.302392631785012471e-04
-1.613600619882110188e-05
1.324957769739478104e-02
3.636564699290760830e-05
-1.426703426847040872e-04
-1.246210127282335045e-04
-3.289676358891814763e-05
1.442617510931873133e-04
-6.784842365426338451e-02
-6.016773869569636349e-03
-2.844368015564552148e-05
9.708719862183971989e-05
1.202248244616885287e-04
4.217292554010445248e-05
-1.103788561692520373e-04
3.071350783233390766e-02
4.165145853907313220e-03
4.138935829379292945e-05
-7.895902563409242436e-05
-1.303881996248552194e-04
-6.871846528899418433e-05
1.109920007353463106e-04
-2.116168954903574831e-02
-1.377751208731273994e-05
-1.111732423007453325e-05
1.542171303751808161e-05
3.012103732641038681e-05
1.872698773638354231e-03
1.020192186401464203e-06
3.390285513164495316e-06
-3.523294253653072073e-05
-1.505269920150338137e-06
-3.152533977837301382e+00
2.391793804906943599e+00
-5.176686435181457879e-01
2.298023559413422845e+00
2.110225932102267610e+00
1.710817128051824954e+00
8.073848554820386436e-01
2.649030930926965510e+00
6.829207876370290580e-05
9.209563685315782025e-05
2.894078459993759569e-05
6.683580974042508164e-05
-2.892729528663794732e-04
1.218703281109471005e-04
1.386220809282876464e-04
7.985768114516441111e-04
-1.267930730649339220e-04
-6.842334634301391189e-05
-2.995991753974704759e-04
4.469131531249671688e-05
-4.346302335105192748e-05
-2.499373972437868448e-04
3.502546402049010665e-05
-5.206484888502261341e-05
-1.996687509490105894e-04
2.096284707159985479e-05
-9.196639517760891828e-05
-4.259739091493682656e-07
-6.908442197281310093e-02
-2.208422931637915934e-05
-1.062320210925889608e-04
-1.036906811460444394e-04
7.967487626260966952e-05
-1.877920224537922220e-02
-6.087281154464882016e-05
3.526735086635001174e-06
6.053644161957679533e-05
-3.409472508364778910e-05
-5.816576288665713246e-03
1.367449224187840728e-05
-4.429573785743428957e-06
5.531102293301618297e-05
-2.584655518247464196e-05
-4.773734478806196044e-03
1.103470595021064542e-05
-1.223437436255634911e-05
9.899349870166787146e-05
2.820419605001227346e-05
-1.541665414853889528e-03
-5.165242325568434554e-05
-8.080977385459823509e-06
-1.456816777604078722e-04
-1.289567329742900988e-04
-2.501803303770774086e-03
1.593410691448190390e-04
-1.823705101243706394e-05
-1.327769328875747466e-02
5.224315435873672434e-05
-6.857554195900293029e-05
-1.216239228487431268e-05
-4.094669918519046846e-05
9.615945389206120983e-05
6.800177010669442024e-02
6.011792109655818457e-03
-5.522913572325203677e-06
4.193131477454580002e-05
4.710502712342717890e-05
1.811390329519829137e-05
-6.060960343744674166e-05
-3.076382120666577152e-02
-4.136818659619066404e-03
-4.190529147698465132e-05
-4.237837038970944251e-05
-6.518498479447971949e-05
4.803028685286921595e-06
3.808049206906939806e-05
2.116205006254286494e-02
-1.391720212427403295e-05
-7.169890722956139017e-06
-8.427704048136826394e-06
-4.737165261344301339e-06
1.918568420917235364e-03
2.385768253882213129e-05
-6.139423377914334401e-06
2.794545561489358214e-05
1.711352092660944912e-05
-3.152532371160165159e+00
2.391758261485486425e+00
-5.176565053616360990e-01
2.297900979185553805e+00
2.110019586578588235e+00
1.710728543334957497e+00
8.073952649268395509e-01
2.649053966773587288e+00
-8.267556263586117683e-05
1.159054347984142010e-04
-1.199745420227382839e-04
-2.240212275541838584e-04
-2.406720667171647135e-04
-3.039061084305356552e-04
9.348514124155323326e-05
8.086057868035305320e-04
1.133690458702958480e-04
-2.324457352173100146e-05
-2.750564717692484808e-04
-1.402162317535515544e-05
-3.012785846888650437e-05
-1.989002663335595730e-04
-2.261037710139375027e-05
6.612206654135036640e-05
-2.933658792030447533e-04
6.857071745671613713e-05
1.224798909455251375e-04
-2.698913798119547498e-05
-6.900555372390011766e-02
-2.347278693959429369e-05
-8.823890089506040632e-07
2.250702741765085214e-05
-1.101011606457568781e-04
-1.868908546682123209e-02
-1.300981228625201118e-05
1.679546597994965851e-04
-1.497791206301243150e-05
3.125031300709106525e-05
-5.758478073128441704e-03
3.130583387724925992e-05
-8.695153734030911744e-05
-1.159076184136743952e-05
3.744247841825441955e-05
-4.705219714883988880e-03
4.130480017633980281e-05
-8.596575344383819764e-05
-2.217013604312357715e-05
7.005296484051322945e-05
-1.430502582313510941e-03
9.175646363467105401e-05
-1.184636647511852031e-04
4.051721682939159153e-05
-7.443103294192844740e-05
-2.605713790132650667e-03
-1.245542742482184549e-04
9.678141459910731808e-05
1.316893364832928334e-02
-2.690887064395262439e-06
-7.354141153041119511e-05
-1.570244654482133573e-05
9.066800101989675245e-05
1.710407004510401761e-04
-6.778797488242638281e-02
-5.976146106041674462e-03
2.523374163353609822e-06
4.654142123116419404e-05
1.000786059700727038e-04
-4.452854314669700249e-05
-1.185125437515658882e-04
3.073731158159001206e-02
4.143257274275251832e-03
-7.661005797714528793e-06
-2.598721010972212197e-05
-1.714326188051104594e-04
1.210773625626599412e-05
1.097241159140653014e-04
-2.125528388449161171e-02
7.389902699998755092e-06
-9.096821470154698754e-07
-2.871047633420936848e-06
9.883867548144298788e-06
1.872614946187004924e-03
-2.957575626388674701e-05
1.917666109330074236e-05
-4.020303449662620561e-05
1.480191873592023649e-05
-3.152554816770857915e+00
2.391926887107864719e+00
-5.177024258416286218e-01
2.298180298479209682e+00
2.110342202406865653e+00
1.710869252234762161e+00
8.073832681161410285e-01
2.649016632477611655e+00
6.134324819279826191e-05
7.291200716073062242e-05
-5.113909786019906964e-06
7.714821538638076920e-05
-3.514872419831381080e-04
3.202021546220337181e-05
8.560226590891920344e-05
8.671953336684741108e-04
-8.383800078659616318e-05
-5.301109303175535216e-05
-3.124223009466472393e-04
3.864148094829490047e-05
-2.929117043539725552e-05
-2.704641363978668419e-04
1.371157476087823263e-05
-6.752358699267802650e-05
-1.511137450076953750e-04
9.638003687186623273e-05
-1.301261526900725479e-04
4.135979820280689207e-05
-6.896732325016100007e-02
-1.240437412143634375e-04
-2.158737314909365060e-06
-1.371634782104397949e-04
5.732189652024451902e-05
-1.874934371596384888e-02
-1.432898591281433587e-04
1.286612885325272098e-04
8.485876181899243116e-05
-4.103225439622479862e-05
-5.832540475862085620e-03
5.550146955620851382e-05
-6.722916026090986527e-05
7.666046287733893063e-05
-3.820539379567919569e-05
-4.804479000891789635e-03
5.587778958150763949e-05
-6.545383983487965758e-05
1.083456110254102752e-04
-1.845212455329147370e-06
-1.625046627497741484e-03
-1.464179908888640750e-05
-7.104938318626898724e-05
-1.175257541333702229e-04
-8.016338332270120186e-05
-2.395314719530955601e-03
1.750032231845309876e-04
3.802685340553046576e-05
-1.327665497449606602e-02
-6.230923814017639076e-05
-3.566195271320260940e-05
4.431977593498392931e-05
-1.467197486772792592e-04
1.462719458260135479e-04
6.797628206256894901e-02
6.023729225114332793e-03
2.682192955530784181e-05
2.880767138486621049e-05
-9.831538372532394598e-06
8.192770468253156887e-05
-6.289511933270283120e-05
-3.071992282470759755e-02
-4.148542825689529624e-03
-3.183877354401276876e-05
-4.072894754683512378e-05
1.685957125848076832e-05
-4.017578239980717429e-05
1.925004316786458084e-05
2.106274558051678125e-02
-1.716552374900620693e-05
5.036593319795892691e-06
-2.078878509434369404e-05
-1.940234220938466460e-06
1.941808828845020341e-03
4.502609004530878684e-05
1.761062190615937184e-06
1.899638551316074419e-05
1.698804836658235307e-05
-3.152596578437572461e+00
2.391997763175688796e+00
-5.177357673407714245e-01
2.298184513180383526e+00
2.110157493352100566e+00
1.710779726017204627e+00
8.073946199847398253e-01
2.649036905521052088e+00
3.211529152699678391e-06
3.363933514390792705e-05
-1.506279606106217207e-04
-1.526822834030033891e-05
-4.395112634310053765e-04
-3.613529596813043736e-04
4.040316791939631643e-05
8.803659033471359502e-04
9.700705019897437327e-05
-4.343224242826233880e-06
-2.933041744559663653e-04
1.047960608831324428e-05
-1.421832631352945906e-06
-2.178416691622930444e-04
-6.816407658810737702e-06
5.796671819000773625e-06
-2.782733433364488950e-04
1.187612976808563207e-04
2.351465108490986876e-05
1.313448499067911392e-05
-6.910255703410411732e-02
-7.715599037384052953e-05
9.194090615094463459e-05
2.882247557646297221e-05
-1.243010361437818707e-05
-1.867688921022547452e-02
-1.479964352072433010e-05
1.720892521623168774e-04
-5.017221631385240131e-06
4.795940666831734715e-06
-5.782652397215926054e-03
6.556813089770252795e-05
-1.240314194871466034e-04
-3.480093715334528151e-06
5.814154103882888925e-06
-4.737880233206316107e-03
7.461558448493884471e-05
-1.104035958629778216e-04
-6.957189563859536430e-06
1.398717233760866138e-05
-1.472824937126370392e-03
1.102556409830576681e-04
-1.455268104268676388e-04
1.213268206186968932e-05
-1.809158012079864155e-05
-2.587359958944124207e-03
-9.904570897536487751e-05
1.369079157144583846e-04
1.318468124724215575e-02
1.084836530683855956e-05
-2.689933467562265201e-05
-1.677717670633266378e-06
7.127471220962923980e-05
1.847563984754977198e-04
-6.826451344935634269e-02
-5.960222191065836159e-03
-1.493346705205703725e-06
2.117194240420128444e-05
5.978059506729638262e-05
-4.160992698239808279e-05
-1.210037558726270290e-04
3.096380760387812750e-02
4.101740714235786386e-03
-5.522013643160757820e-06
-1.689477720235604575e-05
-9.639240337105080270e-05
2.337522348681398776e-05
1.042805367405084819e-04
-2.136157001057787178e-02
-6.634342664991756914e-06
1.882777785096071354e-05
-3.477763712601189734e-06
8.104431428072373820e-06
1.873089481703488386e-03
-2.611028362851737961e-05
2.549740387749940005e-05
-3.119602505574594795e-05
-2.596505935615356386e-06
-3.152579633331140663e+00
2.391989420271549260e+00
-5.177283331535510458e-01
2.298288650268017541e+00
2.110468747865640093e+00
1.710926210158515648e+00
8.073728871554483044e-01
2.648993587489091972e+00
4.249054975396622188e-05
8.899936695423195376e-06
7.468714952662977797e-05
1.347011049048577329e-04
-4.956227155733213333e-04
2.382347823715252411e-04
-9.298273649197627696e-05
9.026518140757397359e-04
-1.606203662490889082e-04
2.033922391914302327e-05
-3.236937813683138073e-04
3.631539223151600477e-05
1.582265116892032759e-05
-2.998477966425409469e-04
2.519189745464651359e-05
-6.144955409169232906e-06
-8.053642103817543717e-05
-9.794770165773151235e-06
5.336501877388355876e-05
-1.324738610187917772e-05
-6.858306328513005812e-02
-2.371863078129909323e-05
-6.855161760990209185e-05
3.755363564219840668e-06
1.013082420105051754e-05
-1.864305452057882576e-02
9.900460419867328709e-06
-3.454076307968022519e-06
8.576894390591523101e-06
8.129460521952403093e-09
-5.833547498631318218e-03
1.742437322324273121e-06
-1.302687211929104722e-05
1.182743900309661148e-05
2.863142074143198656e-06
-4.827188442181021451e-03
5.238346764293098930e-06
-1.524723879148118174e-05
9.307181288898305868e-06
-3.283168629469623471e-05
-1.705088654018743679e-03
-5.792926929657284151e-05
-1.370334197060925401e-05
8.372954224557035223e-06
9.200484153823403110e-05
-2.305692805861042638e-03
1.597108814037239333e-04
-3.606112031909115590e-06
-1.318889000686081919e-02
-7.822318338823452944e-05
-1.749895207912030917e-06
8.347916638080238316e-05
-4.262695768560489928e-06
1.023709228536874409e-04
6.787306784646440772e-02
5.955931590632214390e-03
4.948791968896849110e-05
-4.083158733905896919e-06
-7.099705825186312935e-05
-5.145923584985094383e-06
-6.493080765494733280e-05
-3.062979459171806529e-02
-4.061808919871136812e-03
-4.115525640453528025e-05
1.427287058325524055e-05
1.175981130425492877e-04
2.658257340513406775e-05
4.753561799351639844e-05
2.089485447085574765e-02
5.748379821998040558e-06
-1.657163578709446639e-06
4.109177946809567641e-06
7.131946595447368072e-06
1.947293230831233582e-03
1.700025962996309730e-05
-4.319085402886003300e-07
9.235300769311277034e-06
1.422959367067247916e-05
-3.152629896886701477e+00
2.392106990027842439e+00
-5.177754893777638534e-01
2.298325666729161831e+00
2.110237775966506302e+00
1.710807400277793766e+00
8.073921291979435644e-01
2.649026188348627020e+00
2.894865505615137912e-05
-3.499975065950544292e-05
7.062282624939822135e-05
4.174764328490940908e-05
-5.890478575683194030e-04
1.280794967859835167e-04
4.271013824028693686e-05
8.947186296597164782e-04
3.971302408531434064e-05
-9.174345452419100579e-06
-3.077616631114949504e-04
-1.212250670723363314e-05
-9.752853759158429799e-06
-2.376690589704971365e-04
-7.477750401124906628e-06
1.736584902082918700e-05
-2.572977836684858170e-04
-2.703423295886109686e-06
8.307793101930318735e-05
-7.194400845210322188e-05
-6.922942762784918547e-02
-6.336656784135426268e-05
5.064087409461875099e-06
1.144474780007188647e-04
1.427246829931592595e-05
-1.870901294427708764e-02
4.871742595682196012e-05
-1.169479827906680510e-04
-5.703177387752670036e-05
1.734137478232633712e-05
-5.806581595916194757e-03
5.787868017749336609e-06
3.855141637075666362e-05
-4.443246930166791823e-05
2.222298830280769314e-05
-4.764742923123890458e-03
4.742305308780769228e-06
3.539566867618950167e-05
-4.762734811143701165e-05
1.026068227543057315e-05
-1.505886856392741561e-03
-6.464139393966250016e-06
4.087467117364612234e-05
5.507502419398345645e-05
3.063552000799176574e-05
-2.566429154277865502e-03
1.455256976838997888e-05
-2.666631752830126508e-05
1.323907389130111155e-02
-4.001410835313841917e-05
-3.957669956772139411e-05
1.422430421223891406e-05
-5.932166348284221777e-05
1.883916913356879080e-05
-6.849655507593400972e-02
-5.982016007931578727e-03
4.673429809085125498e-05
2.902614718935391555e-05
3.323819427546170768e-05
3.908833920251414255e-05
-2.353160981342645574e-05
3.105861161581842736e-02
4.107510200234924976e-03
-5.440031320779847683e-05
-3.524848032212188478e-05
-4.750376111537467361e-05
-4.394773483016120873e-05
1.774914574038323110e-05
-2.138353381719868343e-02
-9.462156644476373522e-06
1.869539318780890686e-05
2.013850235805137324e-06
3.804400908636569676e-06
1.873443931296882303e-03
8.180465601453337023e-06
-9.152532838495449838e-06
-3.129443107037938607e-05
-1.489740111318559253e-05
-3.152554816662902493e+00
2.391926885863135954e+00
-5.177024253131721210e-01
2.298180297302838682e+00
2.110342202627901287e+00
1.710869252401042484e+00
8.073832681055429505e-01
2.649016632458523368e+00
-3.510996297418608790e-05
7.291205545514010955e-05
-5.058733601606406230e-05
-1.087197698292481597e-05
-3.514869170438425852e-04
-8.288017598298753376e-05
-1.154029743106098837e-04
8.671951463451086327e-04
-3.220637530976035753e-05
5.997016321958306890e-05
-3.124224520648463026e-04
2.658878590329824673e-05
2.652222796133250028e-05
-2.704643256537005028e-04
1.851597362847135847e-05
1.172232027501814703e-04
-1.511137345645546110e-04
1.027369707711360308e-05
6.691351528288194336e-05
-1.281055347884944070e-04
-6.896732182210391082e-02
2.620377212141187118e-05
-1.115870596375620472e-04
-4.284654325334708166e-05
-1.527553244203204658e-04
-1.874934231806740792e-02
2.200470325517669620e-05
-1.831123562929416607e-04
1.579342372295960503e-05
6.858203437239231745e-05
-5.832540292592810864e-03
7.783815208472195479e-06
1.071034001804177147e-04
1.835475970735727898e-05
6.749426190338166012e-05
-4.804478703815539750e-03
5.147939453288724891e-06
9.911604522043503986e-05
7.354890403610264902e-06
-1.175807304488576456e-05
-1.625046215132774658e-03
8.919843302503329297e-06
1.293575572058610972e-04
2.583845763934140277e-05
1.916399218419780634e-04
-2.395315124964530334e-03
-1.808005570169285436e-05
-1.208025483276662444e-04
-1.327665498722028006e-02
-9.552066233020423873e-05
-1.092324452343804923e-04
4.431987978507911929e-05
1.042454363344144164e-04
-1.270959021322294082e-04
6.797627995486707486e-02
6.023729237206160332e-03
4.105804925358897886e-05
5.654832357074763031e-05
-9.831495365108383622e-06
-6.591165226375539040e-05
5.467530479293558794e-05
-3.071992184708804280e-02
-4.148542769510502048e-03
-7.518709698370832647e-07
-1.442945116577161934e-05
1.685957451107514271e-05
5.535959625446875516e-05
-3.719795978454360635e-05
2.106274471387704905e-02
2.329724735419040448e-05
5.036588853024674380e-06
8.868998098718883431e-06
3.996373724041369290e-05
1.941808778422623614e-03
-2.083267369428862151e-05
-1.888336415745129303e-05
1.899645901033515178e-05
6.380105212904533748e-06
-3.152532370703176046e+00
2.391758258042739005e+00
-5.176565040254008654e-01
2.297900976545407037e+00
2.110019588013747338e+00
1.710728544078206514e+00
8.073952648809552546e-01
2.649053966601008003e+00
-6.255455067786457968e-05
1.159054155450559617e-04
1.316036491448255058e-04
-1.511533373093339010e-04
-2.406724131490019236e-04
3.460133871314582336e-04
5.143331652125558316e-05
8.086065140807207176e-04
-1.376531129669161541e-04
-5.211345300333947801e-07
-2.750565699605809328e-04
2.714109942764631557e-05
-4.519815283506389302e-06
-1.989003311598066723e-04
3.739261939502787270e-05
2.632981084772784012e-05
-2.933657309306758696e-04
-9.153624444913766164e-05
-6.049298234261381822e-05
-6.835563772515499716e-06
-6.900554931627383981e-02
3.511088892481508501e-05
1.065365079724040062e-04
-1.567097567556152780e-04
4.378113984659107389e-05
-1.868908138226308205e-02
1.018588488806787215e-04
-6.448017214187294643e-05
8.279181354846552030e-05
1.148711479339963298e-05
-5.758478221044529069e-03
-4.271669186274133507e-05
3.050358907589959380e-05
8.024437616033981463e-05
1.704993489062766004e-05
-4.705219519422763549e-03
-5.307808746844129902e-05
3.294419927196821799e-05
1.136756978754015901e-04
4.443556712370147932e-05
-1.430501373852053953e-03
-1.065438785659992345e-04
4.003455679960136971e-05
-1.040679998227520475e-04
-7.064828678649872891e-05
-2.605716181383254879e-03
1.267329507637777173e-04
-1.331020335023159801e-05
1.316893259224004124e-02
-1.467800457093540543e-04
1.152899031590237785e-04
-1.570200364924695391e-05
1.835505331350319874e-05
-8.785174497536938059e-05
-6.778796740204937055e-02
-5.976145563716935526e-03
1.013730486840181680e-04
-6.183357516419295458e-05
1.000784899844019832e-04
-1.804303963576280121e-05
6.144181397654377061e-05
3.073730791443262181e-02
4.143256636951919702e-03
-9.119302797734341612e-05
2.347984593799870706e-05
-1.714325058116260986e-04
1.645283580256140868e-05
-6.149663883641412953e-05
-2.125528062004693880e-02
9.125829479458472506e-06
-9.096552039062136275e-07
-1.517250159084663997e-05
-3.055529251435406917e-05
1.872614680449402429e-03
6.228345728617767398e-06
-1.207417641797954940e-05
-4.020308907287068281e-05
-1.379274578321607286e-05
-3.152531492020245185e+00
2.391769416862100428e+00
-5.176629596775609299e-01
2.297996639740897074e+00
2.110219555156671589e+00
1.710821877574705052e+00
8.073844092898541103e-01
2.649030460058899639e+00
-1.553460319460903854e-05
1.068911844925592543e-04
-1.320126120419176175e-04
3.616536608956940214e-05
-2.668098037079997967e-04
-3.005323009256629166e-04
-1.303178644290591687e-04
8.045932563191717651e-04
5.681068127854098024e-05
4.824695556807137147e-05
-2.920867569495574998e-04
9.432009868665838494e-07
2.502083624447197182e-05
-2.413191457739435734e-04
-7.915994184655842546e-06
6.419298685019483505e-05
-1.948412424548696172e-04
4.478950660171691689e-05
1.593377307617234407e-05
-8.065273746237812402e-05
-6.906223993322009591e-02
9.123631216651851075e-06
2.985081498893559816e-05
-2.084715356089684288e-05
-1.560763633251879975e-04
-1.874360418040182941e-02
-3.611515142966478971e-05
-1.661751421564797984e-04
2.526824935961978139e-05
3.786711602647439335e-05
-5.813674781813302911e-03
2.349334335848868207e-05
9.083799863260626651e-05
1.895183139314941600e-05
3.258854585298842697e-05
-4.779391984417439079e-03
2.556997675963220004e-05
8.769208899968975227e-05
1.715514791694807979e-05
-4.718677283171070094e-05
-1.549285365481335372e-03
5.986477685347276682e-05
1.218660900001866806e-04
-2.548779111458640589e-05
2.033351593245283329e-04
-2.513976986638861988e-03
-8.204495727355278726e-05
-1.132147782761954878e-04
-1.321274977428392450e-02
-5.007106327088072439e-05
-9.637621909004646589e-05
1.013695068073638961e-05
1.046394220786614222e-04
-1.058551857430426596e-04
6.804407101540020653e-02
5.974777804490992612e-03
2.793122439686106522e-05
4.562428131380712399e-05
3.818439229233937249e-05
-5.504296302840045244e-05
8.764906102503699364e-05
-3.079879668736860629e-02
-4.107615724357660883e-03
8.504503579201218625e-06
-3.401428251483988108e-06
-6.429565791362008842e-05
2.680205989535726103e-05
-1.012720608316353176e-04
2.119735506175153550e-02
1.295627362618046607e-05
-1.286770028904366979e-05
7.839632974323817993e-06
4.097609833602489223e-05
1.913010459019476436e-03
-2.826178102197278246e-05
-7.040465592157750876e-06
2.909464486211765666e-05
-1.261508657891992347e-05
-3.152537198666234275e+00
2.391779151987918794e+00
-5.176689625538896111e-01
2.298010485478188869e+00
2.110217010033931473e+00
1.710816062783876212e+00
8.073846755050962942e-01
2.649030907448773231e+00
-8.190254443230680296e-05
8.871734495199213926e-05
-4.132878531842323449e-05
-2.130439586874256146e-04
-2.957958917437641813e-04
9.681856427673940935e-06
8.515581045556681406e-05
7.917119775262352601e-04
-1.919755914927632340e-04
-1.935465328881507134e-05
-2.947609222420792844e-04
6.352363336299641648e-05
-1.716612386690597440e-05
-2.463589354006515369e-04
4.513858975593892280e-05
1.614005027929703371e-05
-1.962703333286919759e-04
2.697190019807288648e-05
3.079225054013288304e-05
2.015764175111180948e-05
-6.905734083098152842e-02
-8.350606912100341870e-06
1.400374759599855908e-04
-1.456865070418819381e-04
2.018824370205367185e-05
-1.874707185567038581e-02
-7.427324398362648654e-05
8.080220430897313102e-05
6.956093717699383754e-05
2.243556910554129558e-06
-5.811552534458421307e-03
1.889420254712161139e-05
-3.813147205454469593e-05
6.293322737996524092e-05
9.425820547466099916e-06
-4.771951153110535505e-03
1.189684431944548057e-05
-2.651071420861107414e-05
9.124739979812627501e-05
5.751306642263489220e-05
-1.536765559705331611e-03
-5.745676866900136789e-05
-4.706816733603300752e-05
-9.300235532651551350e-05
-1.115021442006937483e-04
-2.519723211414166310e-03
1.755294207330696194e-04
8.530909210484555281e-05
1.319615560317600328e-02
-9.861223947131830120e-05
1.015320801963364317e-04
1.150683385472972553e-05
4.201295016749288010e-05
-1.024668803070929047e-04
-6.800939941923925258e-02
-5.978799565230731930e-03
8.154518682692950271e-05
-4.908163938207920967e-05
4.180772617038558403e-05
-3.603070213707904772e-05
4.755053954733567349e-05
3.077567357126363701e-02
4.122618262227648218e-03
-8.190354490320163978e-05
7.534442800863046588e-06
-7.203001946523568400e-05
4.659128694961927318e-05
-1.212441290235886406e-05
-2.117603178555361662e-02
1.201159941510474114e-05
-2.568672177512970611e-07
-7.692696771883876647e-06
-3.487913611986744196e-05
1.908398706947053150e-03
5.970642991878083320e-06
9.896438650955038160e-07
-3.258463393476442201e-05
-5.531755495546221207e-07
-3.152521952026797969e+00
2.391715100784714831e+00
-5.176429920632749093e-01
2.297862549947498056e+00
2.110030455022425588e+00
1.710739887099486545e+00
8.073926171152334685e-01
2.649050934967163151e+00
1.039008484500382316e-04
1.363594678696451127e-04
-1.759434882511259505e-06
2.746038752201290095e-04
-2.088241724556589435e-04
-1.890180891607030433e-05
-1.172371798775057966e-04
8.151673159597315737e-04
4.241682871248375592e-05
2.448177883134927143e-05
-2.709943381413421710e-04
-2.887483887276867526e-06
2.988086361806917000e-05
-1.938863651235745431e-04
-1.735126852444200293e-06
-5.744224375288072351e-05
-2.872577753440619212e-04
-4.167679752251527447e-06
-3.375744217535745460e-05
3.478667899058508588e-05
-6.901101648021981672e-02
-1.952395209199619432e-06
3.302221947946027813e-06
-1.239043090584476554e-04
-1.523810408936019712e-05
-1.869037506936743059e-02
5.673790919271348937e-05
-6.761519987224175903e-05
8.723548188550476687e-05
-2.613442066555248563e-05
-5.764066059261554846e-03
1.384305669838011780e-06
4.564539385275711046e-05
7.824019026797524035e-05
-3.261643325818091958e-05
-4.717391054100430331e-03
4.528815919487729608e-06
4.993320048641285592e-05
1.043597909713481605e-04
-9.112007920801389494e-05
-1.440904200955682663e-03
1.624072011037803217e-05
7.423070740724911078e-05
-1.057997351701931766e-04
1.584359813835074012e-04
-2.617561151011641579e-03
-3.111227411600385820e-05
-6.050745024994193949e-05
-1.312576161498070146e-02
-1.432471451547814162e-04
-7.072767471800350293e-05
-3.207483154808038472e-05
6.464280979870616866e-05
-1.093545500697875542e-04
6.782846697010093406e-02
5.934810426168812478e-03
1.021659027870097354e-04
3.767350160011485437e-05
1.019986182574685041e-04
-3.092668088135643853e-05
8.559742090960223036e-05
-3.076054625184994687e-02
-4.090597614586539282e-03
-8.539930294916629576e-05
-8.888681413924824810e-06
-1.652120475340284472e-04
3.519411060196096195e-06
-9.028958123220761625e-05
2.126866458120820619e-02
1.851025851984998785e-05
-2.468468643265661578e-05
-7.275350320076713270e-06
3.295850457982223885e-05
1.874224105100480257e-03
-1.403000663842963298e-05
-8.323623760547575485e-06
3.471492268452033402e-05
2.706425428449735909e-06
-3.152533749155631781e+00
2.391836591477288554e+00
-5.176773144786667169e-01
2.298080220129708362e+00
2.110295863705746289e+00
1.710853961517716071e+00
8.073828607502847587e-01
2.649020439491962531e+00
9.156269051913030761e-06
1.103775100464964021e-04
-1.313741094672003524e-04
1.285845868381799660e-05
-2.782691674367233827e-04
-1.747320605954827671e-04
1.369201146049295201e-05
8.522409148019890286e-04
-1.806463688635016917e-04
-8.638274189289505930e-06
-3.029686666358178673e-04
8.823367644517109750e-05
-2.880301779592342817e-06
-2.542070757078573016e-04
4.433464936409597538e-05
-2.143889368151873155e-05
-1.745862395199792748e-04
1.259500696524434523e-04
-4.020008072387355053e-05
2.713997241614383559e-05
-6.891685560183910542e-02
-7.350312370992624546e-05
1.603380842487710407e-04
-9.290812069934022404e-05
4.053930164925280324e-05
-1.874932443589523434e-02
-1.609263798516747833e-04
1.557613617158734825e-04
4.329197426407857470e-05
-1.610583411611653194e-05
-5.824094236377204414e-03
6.861832054993078234e-05
-8.652895896319676974e-05
3.555846494514752808e-05
-1.242376257282238569e-05
-4.793907619337078180e-03
6.299320154981551806e-05
-7.185422291876091775e-05
5.026690769678633517e-05
2.832706430027196354e-06
-1.588281098939271037e-03
-9.333030417014888250e-06
-1.192401355650882656e-04
-5.415043521926824594e-05
-3.306710097173337550e-05
-2.460449623312819731e-03
1.717446675825074637e-04
1.692991096313352394e-04
1.321000463419721820e-02
-5.105158539676999535e-05
4.898918662132801161e-05
-1.045552758961038053e-05
4.001034662879083376e-05
-2.168717925739261851e-05
-6.796754808323943187e-02
-5.969705250852321184e-03
2.715467235078772041e-05
-2.558944669712803966e-05
2.814921010068152651e-05
-3.614535119503824742e-05
-2.670305267271936775e-06
3.072034468067665058e-02
4.090586171162424733e-03
-1.894772186359050233e-05
7.338823395478973620e-06
-2.566262030642696423e-05
5.508452408571468920e-05
4.403354412630528219e-05
-2.108061686709469112e-02
5.158236956829138345e-07
3.753299244769368003e-06
-7.802097386685417219e-06
-1.574177947511933167e-05
1.932186273594801345e-03
9.217613858163427949e-06
1.908505456180441305e-05
-1.749839470361565826e-05
-2.982760428130558773e-06
-3.152563510505128619e+00
2.391885353729694241e+00
-5.177060112590008423e-01
2.298102372028213214e+00
2.110200688467410490e+00
1.710802656898862795e+00
8.073873188556922598e-01
2.649029933488326272e+00
-1.066267598913709833e-04
4.859666408084235248e-05
-1.234272833839171447e-04
-2.539801432422133425e-04
-3.982662698114305608e-04
-3.798135100933559046e-04
7.775077733610591738e-05
8.252096543330119608e-04
2.284106792284527421e-04
-1.520840490430765417e-07
-2.982878863828363229e-04
-5.602812224632435032e-05
-8.213551890372377057e-06
-2.332982809811742558e-04
-5.655163586771748321e-05
4.513283829044562560e-05
-2.472981806468477033e-04
9.318036427797367002e-05
-1.467567064138792718e-05
-5.854601136977884840e-07
-6.881322525771214893e-02
-4.862885129855405242e-05
8.552601269382975949e-05
1.262365325344205346e-04
9.636431983091049529e-06
-1.866419119948458522e-02
-7.369399869778373350e-05
8.503119217644433355e-05
-9.154438036580961227e-05
2.219807363666556523e-05
-5.780920267098299363e-03
3.719136122836423408e-05
-1.547901681783695057e-05
-9.021558342560431244e-05
2.261018482861450586e-05
-4.744488623252156312e-03
4.023002239605193809e-05
-1.977624570115724334e-05
-1.202625325675498423e-04
6.328745816034227157e-05
-1.499110930380188802e-03
1.262249759658037277e-04
-4.169671033743881452e-05
1.050686183948052973e-04
-1.095537059862912368e-04
-2.565739089191180523e-03
-2.270840644289016496e-04
4.488233041883689877e-05
-1.324443611071414104e-02
1.570404329923206013e-04
1.071443409918221160e-04
-8.071068766541192319e-05
-6.920293392116737621e-05
-7.200218415376595949e-05
6.809884942356971005e-02
5.991783397552857479e-03
-1.250403618061981560e-04
-5.714350924468640947e-05
7.585929440290933856e-05
4.942437009688299687e-05
5.175147426774741582e-05
-3.082577085526465310e-02
-4.120284900315828933e-03
1.265336379753133280e-04
2.193843399881577295e-05
-7.478316896900559507e-05
-5.483471963635427491e-05
-2.705658762111319256e-05
2.120977982201684153e-02
-7.819286381639350926e-06
-1.339114982522345682e-05
9.751962076975440648e-06
-2.794588001843277677e-05
1.886045961887830276e-03
-4.375774470604981876e-06
1.293052106368713851e-05
2.814445785200279823e-05
-1.818856601765913021e-05
-3.152553154186444662e+00
2.391880106144575358e+00
-5.176978391913321653e-01
2.298053445295971109e+00
2.110112240970748232e+00
1.710762063597301763e+00
8.073935195250691033e-01
2.649040399796617429e+00
7.231738695544860564e-05
7.352739372904523295e-05
4.229032731539827901e-05
2.819812999567442805e-04
-3.523860538723476606e-04
5.250520678833176468e-05
-2.527736634115638299e-04
8.432765779918347405e-04
4.782148436992178427e-05
5.653012865257447001e-05
-2.928356490270453481e-04
-2.252559398574082735e-05
5.933709984664339550e-05
-2.125384835568936814e-04
-1.348278701252603182e-05
-9.733671292603342544e-05
-2.984298737017418803e-04
-9.996300451035297933e-06
-2.217240957540437662e-04
5.413912120240879102e-05
-6.877292963180828278e-02
2.365912061860216782e-05
-7.731342303066808183e-05
-1.464976950122514623e-04
1.059355906649621262e-04
-1.866648635145910437e-02
-3.491475369398017669e-06
-2.161182194543319107e-04
6.497388885524001069e-05
-4.099875679672279941e-05
-5.759175260577784235e-03
-3.260772682498448379e-06
9.767032165749665006e-05
5.314057818294854959e-05
-4.367288220824478887e-05
-4.711430035830436666e-03
-6.939435098633401125e-06
9.323290010909036235e-05
6.473496039893412058e-05
-1.092683289891767330e-04
-1.444306331387005312e-03
5.735758965923920148e-06
1.279531396186481718e-04
-7.716417794974164777e-05
1.730029400005452921e-04
-2.602923739998815305e-03
-3.917823934139314342e-05
-1.013962127573716327e-04
1.324957926093935090e-02
1.067510140074160851e-04
9.982508677653214105e-05
-1.246213271395776867e-04
-1.071080128402194663e-04
-1.036253247310454234e-04
-6.784843150621738816e-02
-6.016774599094380782e-03
-8.136892213701568330e-05
-8.506766380502904165e-05
1.202252897270494891e-04
6.299383774861929373e-05
7.982308586232302744e-05
3.071351172152773229e-02
4.165146442678677348e-03
7.542734730569015597e-05
9.899206350080682996e-05
-1.303889181436361511e-04
-3.402190248297424862e-05
-9.134082127568859955e-05
-2.116169302874280900e-02
8.200775235902744379e-06
-1.111725035221719678e-05
-4.775731476986858721e-06
-1.594416462213395355e-05
1.872698715828223417e-03
2.557546395307346419e-05
-1.505053172485917054e-05
-3.523322687149596131e-05
-1.117672936479599272e-05
-3.152527909914599302e+00
2.391757067953204086e+00
-5.176573692563597451e-01
2.297929702315404832e+00
2.110082522223530432e+00
1.710751514385141503e+00
8.073898795810742213e-01
2.649044796671880864e+00
-5.786551642724489645e-05
8.473310747659276027e-05
-7.555976671298324926e-06
-1.312749455155948187e-04
-3.019953012658002818e-04
-1.216107796230514156e-04
2.856991324108096693e-05
7.844397217430261861e-04
1.968411397867790027e-04
2.804550596843939737e-06
-2.902203726145515688e-04
-6.334346561530860415e-05
7.663499914516891571e-07
-2.184380167319866439e-04
-5.791895681249240588e-05
1.007570805408610062e-05
-2.863798215302841934e-04
4.734121864148868228e-05
-1.887083528798117122e-05
1.822716230324777312e-05
-6.887974255422714409e-02
-7.270099691399621068e-05
1.813653073343714488e-04
2.367934630598810561e-05
4.108108685652500560e-07
-1.871654456958550539e-02
-1.915690748677652483e-05
2.239400751558924692e-04
-2.783036523064145535e-05
6.735275414911982253e-06
-5.762924809076055283e-03
2.008501112171061657e-05
-1.058643208657417741e-04
-3.139789811066435402e-05
2.929390100393921507e-06
-4.709821392163844253e-03
2.510303394300375578e-05
-9.742951836570035813e-05
-3.548735299998428570e-05
2.371706226530435262e-05
-1.438822687452061396e-03
8.077931363731783842e-05
-1.384100382831631500e-04
2.235631488292360317e-05
-5.709423047741053227e-05
-2.597979369183759778e-03
-1.488861920056606491e-04
1.452684229194317806e-04
-1.324666451489779628e-02
5.033415092567139785e-05
4.689757820745707418e-05
-1.295777700995592863e-04
-1.417471155318759599e-04
-3.361767466865742127e-05
6.769567057769734775e-02
6.000256643808647705e-03
-4.539934571341658364e-05
-2.765028766725622115e-05
1.255841755618027078e-04
9.312606089507166184e-05
1.329323365842870197e-05
-3.065254403265205152e-02
-4.135399813720354659e-03
4.630929181047310382e-05
1.710356571960298738e-05
-1.424001634231213814e-04
-8.402775048154065502e-05
1.946205479481629211e-05
2.114297430592755253e-02
-6.905208971139785857e-06
-7.220349763892641780e-06
-1.472557137638489137e-06
-1.237672815781732494e-05
1.881941192985660477e-03
1.832132596383384939e-05
1.596725791591467733e-05
3.818310227919329702e-05
5.127153846620833948e-07
-3.152581701013253745e+00
2.391974806256165653e+00
-5.177269715590709920e-01
2.298174212283300655e+00
2.110174057110242529e+00
1.710775609661875141e+00
8.073921582943944797e-01
2.649034372519835312e+00
1.886423079871007351e-05
1.776387974887396869e-05
5.206870198711595517e-06
-4.901157877005738817e-06
-4.676438285314496197e-04
3.562384238614652271e-05
7.326862352158137570e-05
8.549090223029817779e-04
-5.961989067614924839e-05
-1.467093999320874209e-05
-3.103078494090154640e-04
1.328862231315594477e-05
-4.034701531285542680e-06
-2.313378424213212567e-04
9.002376381980618688e-06
6.855350757137989746e-06
-2.989130649267713051e-04
1.573775431649697561e-06
-1.735458357594551245e-06
-1.916440817970846595e-05
-6.909600051463939130e-02
2.370430234727399603e-05
1.169216888870847201e-04
1.440138307738120130e-04
2.337343901090649335e-05
-1.877061591797266060e-02
3.099681905541109943e-05
1.212168500695302831e-04
-3.609448772692301383e-05
8.018322698336243198e-06
-5.792065727851453474e-03
-1.239013584655677676e-06
-5.021029489591251452e-05
-4.196168851187413506e-05
7.765306799305332294e-06
-4.734300068858410607e-03
3.776247836099376275e-06
-3.164421919169345236e-05
-7.279977330028992392e-05
2.508986567921926361e-05
-1.451276203368935449e-03
5.221086399776449032e-06
-3.745744398418556138e-05
6.242180286714085692e-05
-4.924039981811175365e-05
-2.600376519403275327e-03
-7.964840847020327949e-06
6.361290774277482754e-05
1.339973507218613150e-02
8.358869583038430577e-05
-9.028468649198483163e-05
-1.557272694746904274e-04
1.609626050334443063e-05
-8.500983026416843689e-05
-6.821996444777481128e-02
-6.079297070293966827e-03
-3.948815006021985045e-05
5.403690022637240554e-05
1.185788801697472417e-04
-1.899263687505740183e-05
8.535072103553031485e-05
3.088506045488110738e-02
4.194109670086665527e-03
4.572227675168119001e-05
-4.239698652620034914e-05
-1.002031551218321437e-04
4.176846145672242670e-05
-1.032041519193729927e-04
-2.126065573406465264e-02
-1.155703418699206169e-05
-2.970428975853815290e-06
1.716269129986623763e-05
1.248902144837079129e-05
1.877914712209596479e-03
-6.090664227257287019e-06
7.553780838635056755e-06
-3.228393909627315936e-05
-8.927228743338822946e-06
-3.152550331599115907e+00
2.391866970399506798e+00
-5.176911776219993433e-01
2.298038545919546927e+00
2.110101486827272943e+00
1.710750339582140844e+00
8.073925924354060646e-01
2.649041925913825146e+00
-4.581541927754082173e-05
6.174925716342471831e-05
-6.810103772388552933e-05
-9.393671190368593424e-05
-3.623859508799487893e-04
-2.034775143356501101e-04
-3.858781431515241980e-06
8.197565091410492430e-04
1.182650954289856705e-04
1.027877586421032703e-05
-3.021368409227372012e-04
-2.701636249011162401e-05
-1.832245148965589489e-07
-2.225914260899597668e-04
-4.270292834101496038e-05
3.948195035933641688e-05
-3.106458609172701090e-04
9.652052391871801117e-05
3.615188794894641294e-05
-1.453184558380881081e-05
-6.903976291808849863e-02
-1.013583013950548157e-04
1.329539709261505671e-04
1.532307131645591677e-05
-2.615512592917472429e-05
-1.877447750416733063e-02
-7.821165564250331557e-05
9.293167218951559213e-05
-2.019240867910193177e-05
2.176097762576097286e-05
-5.774892146797426865e-03
4.739021565179844629e-05
-5.938422073740934803e-05
-1.669710504389616124e-05
1.866543193308988603e-05
-4.715108783507317158e-03
5.262324949008335837e-05
-5.253203887123300564e-05
-2.802411872693140449e-05
2.287633285922592287e-05
-1.428343176490335471e-03
7.909778816919134890e-05
-5.807006763112980007e-05
5.358405274955374906e-05
-2.372666949139689397e-05
-2.618251427353171772e-03
-7.571604892774797999e-05
4.541809870614376765e-05
-1.335484750428640212e-02
-8.396737016617365074e-06
-1.197073351275989954e-06
-1.865513443091507129e-04
-9.022796482263499562e-05
-3.261786894235088347e-05
6.805790306166743797e-02
6.058901473773165014e-03
6.478667273235988976e-06
-4.083281546524343162e-06
1.466877315861765674e-04
6.099372189849602225e-05
2.180368149895864621e-05
-3.080726115695145428e-02
-4.183150098782415470e-03
-9.245130264354489528e-06
1.611434224801233531e-05
-1.392620289075927054e-04
-4.973629849834617094e-05
-1.294813806747600275e-05
2.122804189765330890e-02
3.578495069233097884e-06
6.406514349659305722e-06
4.260095065532380830e-06
1.467777166835082287e-07
1.878866414890776769e-03
1.440764683517586149e-05
1.358941098376687017e-06
3.873220088247288193e-05
-1.428099828664120994e-06
-3.152527909735705958e+00
2.391757067293375005e+00
-5.176573688464672918e-01
2.297929701467607000e+00
2.110082522037552533e+00
1.710751514301250387e+00
8.073898796584637605e-01
2.649044796712552774e+00
-3.545674619528869898e-05
8.473377416684524377e-05
4.633475685809355287e-05
-1.708954786026263984e-04
-3.019941378997839133e-04
5.288282610140256188e-05
1.847439309490923269e-04
7.844405680031509877e-04
7.367766297304407749e-05
-5.345510585745199753e-05
-2.902204099477994443e-04
-3.410019892847012063e-05
-4.978108431790460398e-05
-2.184379342537505161e-04
-2.962319864727043755e-05
4.605063555524505038e-05
-2.863801544446109961e-04
1.494623392584091257e-05
1.664717438526143369e-04
-5.384757848158488753e-05
-6.887974106039397582e-02
-5.213496214762026928e-05
-7.434444944400724412e-05
1.820913669154584674e-04
-1.638390553913207767e-05
-1.871654334162791561e-02
-9.931763661220926239e-06
-1.324761385967844637e-04
-7.776507740408434752e-05
2.076175703979519084e-05
-5.762924816499015966e-03
4.209476330373263279e-06
7.703345639429390464e-05
-6.867684298092656338e-05
2.320473412398934481e-05
-4.709821130665675648e-03
1.001514365166637278e-05
7.590582802673696513e-05
-1.021267366101868593e-04
8.181570113968500912e-05
-1.438822024038231666e-03
1.985208609770973729e-05
9.993727804245200648e-05
1.146387835318027218e-04
-1.574862678940287678e-04
-2.597980124976806415e-03
-2.500117579331700651e-05
-9.199396233735681401e-05
1.324666311984726112e-02
-5.428043429861863570e-05
-9.930861321088809215e-05
-1.295770408621457759e-04
-1.114868293987759327e-04
-2.678231839941093775e-05
-6.769566869987045377e-02
-6.000255836869115150e-03
3.421188917531446140e-05
6.682332338765897091e-05
1.255841680995982423e-04
7.050803419504934931e-05
3.267042738205709618e-05
3.065254306237374243e-02
4.135399080703802688e-03
-6.299971120990780458e-06
-6.421710844147404717e-05
-1.424004440058381643e-04
-5.682525000456152596e-05
-4.983594008099701510e-05
-2.114297353219701803e-02
3.016187447102395181e-06
7.220451962300689672e-06
1.456393117323825080e-05
9.678658120058149543e-06
1.881941174823255954e-03
1.987931673702902403e-05
-6.708421512260660108e-06
-3.818312767875285495e-05
-6.234331918497022546e-06
-3.152581700776130980e+00
2.391974803921181447e+00
-5.177269707645554275e-01
2.298174210556573005e+00
2.110174057996825780e+00
1.710775610126522350e+00
8.073921582620767756e-01
2.649034372406663174e+00
1.392108542818003736e-05
1.776377033245584987e-05
-1.373526181967733086e-05
2.833917811881613838e-05
-4.676443974776717857e-04
2.205101113453945350e-05
-1.498825497442637824e-05
8.549094954126562618e-04
-9.326129839503188271e-05
4.173228358336769156e-06
-3.103078849641701504e-04
1.934989828538488546e-05
5.784083845643790754e-06
-2.313378382148527498e-04
7.996025026054554973e-06
4.775730480411571083e-06
-2.989129817807398498e-04
-5.151543965272096484e-06
1.020944921034933463e-04
1.094624977690739553e-05
-6.909599755296909340e-02
2.845176893999195027e-05
-5.696137076310013852e-05
3.296372644726038123e-05
3.853069294000152682e-05
-1.877061280729253046e-02
-4.740830813515584997e-06
-1.853282500916054228e-04
-2.543528049234617663e-05
2.935846878163396810e-06
-5.792066038336403724e-03
-7.564130030831531411e-06
5.636344563201732620e-05
-6.423248640014484281e-06
7.152565345669484570e-06
-4.734300119311713601e-03
-4.836821622646118304e-06
5.216173588039221647e-05
3.957045593088457432e-06
1.706603481055045412e-05
-1.451275362284259584e-03
-1.911603489061289838e-05
8.177453594030670791e-05
2.389018035769072677e-05
-3.151787970089478769e-05
-2.600378632187515422e-03
3.865692477307325391e-05
-8.586421477214318848e-05
-1.339973460600106525e-02
-1.154144380172270794e-04
-3.120132464823937766e-05
-1.557265792438249086e-04
8.623809846498332876e-05
-2.988249196103805183e-05
6.821995901432950649e-02
6.079296946785689437e-03
9.365971515604766843e-05
1.057106616354517377e-05
1.185785207475018033e-04
-5.629387955716661320e-05
-8.478619120193937007e-06
-3.088505785364580730e-02
-4.194109617281616131e-03
-1.122381860420111068e-04
1.497305451362322684e-05
-1.002028044438871279e-04
5.760088111914999092e-05
1.200576228861020920e-05
2.126065348849279571e-02
1.351794906375314992e-05
2.970496213081753401e-06
-2.040370498792467408e-06
9.697199498337824445e-07
1.877914554613014861e-03
-1.386101967344440054e-05
-1.864012496053220813e-05
3.228395676262141561e-05
-5.543154710686550658e-06
-3.152536857151483574e+00
2.391784296003214294e+00
-5.176684822464063807e-01
2.297998326276246672e+00
2.110169654947400719e+00
1.710786098120462562e+00
8.073874739557760360e-01
2.649038619867295274e+00
-2.168912317669429660e-05
7.177203047796287599e-05
-2.094643342415413714e-05
-1.246431319498405048e-04
-3.136788076106059552e-04
-1.276330795459120013e-04
1.574378269111134665e-04
7.663308715587851747e-04
1.613291441786847110e-04
-6.302535161843548605e-05
-2.992267530414425007e-04
-4.691175162949241594e-05
-5.655635898167975543e-05
-2.469354205681589050e-04
-3.512587951101511715e-05
9.868773023076845728e-06
-2.240477283671765002e-04
1.215629322876904872e-05
1.581778919389718050e-04
-4.509034385041571415e-05
-6.910359000982595201e-02
-3.725053320475905667e-06
-8.123942058458282585e-05
4.683715605013005160e-05
7.431900783369631551e-06
-1.878017380628953237e-02
2.856104529508490266e-06
-3.081017049777214192e-05
-3.578445325583286518e-05
-1.952874944031248876e-06
-5.801208360116823053e-03
-2.228361368894111213e-06
1.369691453204667732e-05
-2.534759384351278867e-05
5.443476165734946237e-06
-4.748880219392626924e-03
4.718261872995462732e-06
1.312740436499026456e-05
-5.157887180974082668e-05
6.628219861360318439e-05
-1.501191154329940347e-03
6.317063443275460215e-05
2.915494641644624234e-05
1.031482870026545614e-04
-1.526865734723627450e-04
-2.528936246795003562e-03
-1.401845291442418355e-04
-5.460651402529896798e-05
1.322681727558706194e-02
-1.323541444114451505e-04
-5.573137187877847537e-05
-2.275382700386158197e-05
-2.674662697200102732e-05
7.645336613340525909e-05
-6.794287064693019240e-02
-5.991271630349699791e-03
6.041992795050227846e-05
3.370410028066930840e-05
6.721926292343333165e-05
2.702013249963864348e-05
-4.427671085278830215e-05
3.074797902738976227e-02
4.129886425349615052e-03
-1.976300410489042559e-05
-3.042934652838891305e-05
-9.813405046678672083e-05
-4.277225395743727669e-05
2.244310187480934434e-05
-2.118032808027722411e-02
2.218615739079673283e-05
-2.130534325014851954e-07
4.622462824417297592e-06
-5.033710019384802625e-06
1.904796478567534392e-03
-9.111330334656697486e-06
1.298568715758351838e-07
-3.542247324155991324e-05
9.637522893322241385e-06
-3.152563509838222089e+00
2.391885349994680610e+00
-5.177060099693853168e-01
2.298102369472488249e+00
2.110200689837650856e+00
1.710802657435308571e+00
8.073873188310359827e-01
2.649029933361505940e+00
-5.358651694839386631e-05
4.859523806211336222e-05
1.540363267751468997e-04
-2.019645119535616899e-04
-3.982697664770331334e-04
4.098044635880251137e-04
1.589382527446845175e-04
8.252101345099702688e-04
-1.815318089816323822e-04
-4.844523089313710338e-05
-2.982877553267947613e-04
2.814680415045144954e-05
-4.486565858641381632e-05
-2.332980934911869344e-04
3.539405982930012446e-05
5.812296795496281585e-05
-2.472980198080878579e-04
-8.568890748462279039e-05
-6.674767718464194241e-05
-4.181974699632836018e-05
-6.881322187859255368e-02
2.482092881259557061e-05
-5.544880995572378955e-05
-1.367604175582178320e-04
-6.863750798908825384e-05
-1.866418721173596779e-02
2.850268906254711234e-05
6.681250656120495297e-05
5.917790802004894112e-05
2.110920891992621031e-05
-5.780920893348269647e-03
-3.781940882276510875e-05
-7.154117482292138286e-05
6.223488906896489331e-05
2.353486256988838153e-05
-4.744488800714573469e-03
-3.969533036957001719e-05
-6.824166614756627981e-05
9.623978395692514500e-05
7.767091677140939079e-05
-1.499109422692786577e-03
-1.179198853102760372e-04
-8.329965899378281803e-05
-9.139795811715002325e-05
-1.418857627027112780e-04
-2.565742486293044224e-03
2.084174116601420846e-04
6.854300977361224199e-05
-1.324443299012488008e-02
-1.616374965301091947e-05
-1.135028773443568038e-04
-8.071009023872741106e-05
-5.818798885113217988e-05
1.720023312200707772e-04
6.809883863923592295e-02
5.991781777711140122e-03
1.770227206449438793e-05
7.137487943337098625e-05
7.585909851871505682e-05
2.477683729465711849e-05
-1.341643143912996539e-04
-3.082576547071031597e-02
-4.120283558384093929e-03
-3.983556976982279441e-05
-5.845853435325435452e-05
-7.478341148598084687e-05
8.416266633342976960e-06
1.231100489858624638e-04
2.120977557818196774e-02
-1.183967430365404408e-05
-1.339112416400752036e-05
-1.607431250419692672e-05
1.018336665272294721e-05
1.886045750740844964e-03
2.638972133507325049e-05
1.980468607506725683e-06
2.814446742205731135e-05
1.587458888388504612e-05
-3.152537199195087680e+00
2.391779155728973816e+00
-5.176689639520308805e-01
2.298010487871389618e+00
2.110217008140365280e+00
1.710816062092713752e+00
8.073846754968795336e-01
2.649030907643400212e+00
7.676279453160846891e-05
8.871930305232776865e-05
-5.026351133053126433e-05
9.819683589669605140e-05
-2.957910632822439208e-04
-1.893368393203155239e-04
1.236686438941292409e-04
7.917107918291157792e-04
1.697331188064159137e-04
-4.533623441036952725e-05
-2.947608588248409184e-04
-4.852348502477755294e-05
-3.051312879596576545e-05
-2.463590840627707728e-04
-3.743592000876212202e-05
-3.141424911923802288e-05
-1.962700703414446538e-04
4.922604124124401424e-07
1.058509527719084589e-04
-2.846545200285585881e-06
-6.905734598761484322e-02
2.163185865022105789e-05
-9.668924889827591350e-05
1.428152467068777938e-04
5.422890259719593495e-05
-1.874707783444667930e-02
5.462082452248396875e-05
8.576720190204421737e-05
-6.780233901708484395e-05
-1.748438326198482911e-05
-5.811552039476928014e-03
-7.504379078729616617e-06
-4.117557492325130440e-05
-5.442453809444686825e-05
-1.501562888791988046e-05
-4.771951262364375855e-03
2.214439869410091024e-06
-4.124602788218887186e-05
-8.638861527447461207e-05
2.100334578714413230e-05
-1.536767910967210601e-03
7.853562524166960183e-05
-5.548824218298294532e-05
1.203904111186420366e-04
-9.626346795020679207e-05
-2.519718434647488358e-03
-1.843272599613778354e-04
3.788830754210037498e-05
1.319615798000026499e-02
-3.943403256290254483e-05
-8.715158749341520993e-05
1.150702306675771558e-05
6.692275295876127985e-05
1.366336577755981408e-04
-6.800941195636353576e-02
-5.978800749115756666e-03
4.078982991940474298e-07
5.574402796734385446e-05
4.180761077045812291e-05
-2.449087404000433116e-05
-9.439498901048974742e-05
3.077567968894543565e-02
4.122619314188783607e-03
3.045138241014838480e-05
-4.411650042224942434e-05
-7.202980149251247965e-05
-1.677006501007836546e-05
7.699206420386513574e-05
-2.117603673215080057e-02
-5.518252224687408402e-06
-2.569050195196857615e-07
4.702325057156847218e-06
1.226892136426705208e-05
1.908399124298276392e-03
-3.319153184158139618e-05
6.167055918881203286e-06
-3.258467155685507941e-05
1.068100033645771061e-05
-3.152531492270400637e+00
2.391769419783418726e+00
-5.176629609158486245e-01
2.297996641918347738e+00
2.110219553639939960e+00
1.710821876896825078e+00
8.073844092999343802e-01
2.649030460218479988e+00
1.220730246850765146e-04
1.068912838733311496e-04
5.255117634646533581e-05
2.421240382485759387e-04
-2.668092982886629888e-04
1.815813774244811490e-04
1.596971969067250416e-05
8.045923672572550134e-04
-1.412636382225031185e-04
-2.493959626754780094e-05
-2.920863440966506904e-04
4.131170008568814964e-05
-5.649468460786639726e-06
-2.413188925772254514e-04
2.562736294028828034e-05
-7.089999169397667971e-05
-1.948409320455623910e-04
3.319632100129448664e-05
1.785482959231962652e-05
3.242747025408355033e-05
-6.906224583679430873e-02
-7.440716427398359756e-05
-2.872731977286252470e-05
-1.334936628595859501e-04
1.093169115420620960e-04
-1.874360972175155224e-02
-1.171052209256991192e-04
1.011411528462057030e-04
6.603487279114789231e-05
-3.927999280056733010e-05
-5.813674445369086674e-03
2.104646302669904224e-05
-6.730192276892367563e-05
6.646853583689179927e-05
-3.843873466408764892e-05
-4.779392235991306720e-03
1.543736145216395691e-05
-6.025872742723776052e-05
9.695842700790322779e-05
-2.824955336191396912e-05
-1.549286862413321508e-03
-7.079587096024232489e-05
-7.579007758100816407e-05
-8.529291146367552669e-05
-3.061837826267270078e-05
-2.513974142858197043e-03
2.171124718388764462e-04
7.868130536784942973e-05
-1.321275106901483726e-02
-6.663920805282394846e-05
-4.242987389750597828e-05
1.013660363159696320e-05
-1.357824943415625665e-04
9.629178353840394874e-05
6.804407911485810256e-02
5.974778394805999558e-03
6.194116333921935620e-05
2.485683838849520478e-05
3.818479292084370202e-05
6.703262182581037074e-05
-6.801444618762778234e-05
-3.079880059435254058e-02
-4.107616276046314845e-03
-9.195621015172005322e-05
-2.151177826653008016e-05
-6.429647891725322195e-05
-1.634647589182560302e-05
4.327136236657912541e-05
2.119735861658202103e-02
4.454765767818467731e-06
-1.286765335510105690e-05
-1.001802421746287187e-05
3.987354125354055181e-06
1.913010466455213141e-03
4.961730914731704903e-05
-3.268997685152384963e-06
2.909487621343701468e-05
1.752997771322468631e-05
-3.152546935842785558e+00
2.391809422503675897e+00
-5.176785530627796561e-01
2.298034348178346065e+00
2.110214846440830350e+00
1.710817488239698259e+00
8.073849820738828731e-01
2.649029128737022454e+00
1.016386111889709936e-05
9.949347036032255400e-05
-9.771437469847243798e-05
-1.444298694561923276e-05
-2.989966648740013900e-04
-3.085391718156448634e-04
8.034752424413820751e-05
8.402740661790880465e-04
2.045579171070872806e-04
-1.068932702403440740e-05
-2.882268788124125861e-04
-3.250747027285602229e-05
-1.011465381102569661e-05
-2.281436889377413697e-04
-2.172016561377470702e-05
1.196453293542334718e-05
-2.184724373698054031e-04
2.930181095327878205e-05
2.331494831759228694e-05
-2.779043691106838996e-06
-6.895765195779783585e-02
6.136392246815572382e-05
1.388496763153189862e-05
4.256924547361016684e-05
-1.110487852813243128e-05
-1.869690796764057403e-02
7.404163224640923006e-05
1.355437275575228678e-04
-5.737611273076682365e-07
7.512201375896784545e-06
-5.801330408441929959e-03
1.058164436570005191e-05
-1.079855392723150530e-04
5.073061533056836634e-06
4.891632167563333874e-06
-4.767237361746585501e-03
1.681127309057414677e-05
-9.477622737708097842e-05
2.398335849142997265e-06
2.095697998285071147e-05
-1.523126634333320326e-03
1.160472843866700921e-04
-1.184222832716517939e-04
1.523422284157854037e-05
-4.916221681534765930e-05
-2.552995785616980935e-03
-2.565601169665418903e-04
1.186829229671517620e-04
1.321667558605731096e-02
-5.733905623418690447e-05
-3.663411605086224062e-05
-9.186282207175600067e-06
1.253456868015264715e-04
1.438277535883748792e-04
-6.813162667006822382e-02
-5.982483327083976468e-03
2.929022914258404319e-05
2.799339688572122903e-05
5.052763877806502879e-05
-5.623482669982757601e-05
-1.028659248940934400e-04
3.085210115749743159e-02
4.118727826555215743e-03
-2.415835773844224397e-05
-2.488704339118342189e-05
-7.658004236881475746e-05
3.982639526180957804e-06
7.813212487203086403e-05
-2.123573257297027561e-02
-6.702959846484579350e-06
6.895431054894788953e-06
-3.489229447206846474e-06
9.257194373116190778e-06
1.896812160443234977e-03
-4.698549343466903137e-05
9.567016223820205010e-06
-2.840962784905424609e-05
3.836221786562783774e-07
-3.152537480561061756e+00
2.391829468183991558e+00
-5.176740883245041225e-01
2.298068787627236542e+00
2.110276582725491679e+00
1.710844277096858379e+00
8.073843086770778887e-01
2.649025786406274285e+00
-1.115313166777846896e-04
1.018812881450044481e-04
-2.030180998955182490e-05
-2.062101111538860825e-04
-2.798895139156589058e-04
3.129502247037623149e-06
-5.983164116038733896e-05
8.312047100187103764e-04
-9.084044452762673539e-05
2.310756125368710847e-05
-3.003934368770673816e-04
4.021345798878264331e-05
1.106075211810165941e-05
-2.553918032056891828e-04
1.203393564158926229e-05
4.943135924540875204e-05
-1.695752859696594535e-04
1.103373120998643283e-04
4.370169106809765162e-05
-9.679007799578867415e-06
-6.904898309325675776e-02
-1.464791591045413142e-04
3.556023794411278249e-05
1.249236638832348001e-04
-6.582542622286184208e-05
-1.875823128302224127e-02
-1.911011379926716501e-04
2.078881531353376209e-04
-5.563972781766067960e-05
2.308716026567635832e-05
-5.825629645541081231e-03
6.370852863015944280e-05
-1.048688784970269950e-04
-4.264420612589281000e-05
2.647447268299803961e-05
-4.792131565958444861e-03
5.968533856779267285e-05
-9.461396805244505959e-05
-5.679436201251559851e-05
2.174307734528434357e-05
-1.587732185994773088e-03
-2.109103968580331421e-05
-1.141581598482167896e-04
6.740872974628556429e-05
2.291704498655911930e-05
-2.446356993277039402e-03
1.976210737298560529e-04
9.799786172508126924e-05
-1.314652102843804661e-02
-5.709352012470397114e-06
5.716716328433733493e-05
4.533615632559481745e-05
-1.835283443348136685e-04
1.341535935478511965e-04
6.798695242048796716e-02
5.940509273658012117e-03
-1.046453936880023354e-05
-4.139080303179657166e-05
9.864460611295686188e-06
9.857733559983351498e-05
-6.299723515972867859e-05
-3.075693864841304304e-02
-4.075622985116683639e-03
2.448327369722303696e-05
4.000725357310839803e-05
-2.905869302611240046e-05
-4.306254272462610661e-05
2.116698242395000529e-05
2.114364635617244081e-02
-1.139209444815332051e-05
-8.974792181830400120e-06
6.429822253627506552e-06
-1.650494915815263106e-05
1.932655985639929403e-03
5.669667437598897825e-05
6.365967367371087263e-06
2.428660163325529065e-05
1.365651525870913567e-05
-3.152521952047346421e+00
2.391715099368823871e+00
-5.176429916214343452e-01
2.297862548303926999e+00
2.110030455154755735e+00
1.710739887573465623e+00
8.073926169134717501e-01
2.649050934875885055e+00
5.044666872525385335e-05
1.363623260835372403e-04
-9.086032745214605373e-05
1.209928286125144282e-04
-2.088173005966062305e-04
-2.472638720864035874e-04
-2.189533216336793007e-05
8.151658873304047561e-04
1.227384440692230467e-04
9.740006662025804592e-06
-2.709946635747922158e-04
-2.264554099988147376e-05
1.343298718785158169e-05
-1.938870448578007240e-04
-2.674512019746464104e-05
-3.231662547880870745e-05
-2.872569306866714495e-04
4.766267509255175819e-05
1.971097145163807132e-05
1.570108299435375764e-05
-6.901101684489314991e-02
-3.110086231926031952e-05
2.757665669387567801e-05
3.390720439432340567e-06
4.151681310808203178e-05
-1.869037668097798047e-02
4.156783804242099832e-05
1.411106037988120920e-04
-4.087057086067816616e-06
-1.186789228462364990e-05
-5.764065890075741050e-03
2.332473385558680849e-05
-9.837041654872817685e-05
4.123467227989521052e-06
-1.238585193657814022e-05
-4.717391227686515073e-03
3.051099207321686174e-05
-9.272407815637555197e-05
1.210162914302006858e-05
-3.149605707979744311e-05
-1.440906104872412448e-03
8.703380789068610401e-05
-1.274935975422671931e-04
5.091796068699791335e-07
5.227678880261918919e-05
-2.617558025710695589e-03
-1.527683007283973829e-04
1.218804871800362947e-04
1.312576285762815514e-02
-2.307988366112928244e-05
2.061717357950689725e-05
-3.207437457820871973e-05
9.357455445982193649e-05
1.787309123176313713e-04
-6.782847430085539586e-02
-5.934810988298268308e-03
2.304646521405076325e-05
-7.946902730817393193e-06
1.019979455116476474e-04
-4.808995477948341431e-05
-1.312763799352263411e-04
3.076054979240653436e-02
4.090597800433917568e-03
-3.549328708966317976e-05
-1.396164926708518819e-06
-1.652105076808147582e-04
9.457489982033314606e-06
1.191028021418432357e-04
-2.126866656943536549e-02
-1.159130361451222546e-05
2.468463629043990241e-05
-3.571508192600201289e-06
4.329098230577716616e-06
1.874224374222895366e-03
-3.555779262360271001e-05
1.046204723206855310e-05
-3.471479706870859560e-05
1.467958583428513510e-05
-3.152533749527625773e+00
2.391836592051091781e+00
-5.176773146484578980e-01
2.298080220500740900e+00
2.110295863644163106e+00
1.710853961591593420e+00
8.073828606929204232e-01
2.649020439441873709e+00
-1.092149216100945835e-04
1.103769186958592158e-04
-7.361922544683511095e-05
-1.449525983342974224e-04
-2.782694564808050209e-04
-9.850914437587203129e-05
-1.495894597035473035e-04
8.522396805027502567e-04
-1.021790108296272869e-04
7.209440913785340266e-05
-3.029688588615510824e-04
5.159804247494528302e-05
3.696046660737555928e-05
-2.542075711557956197e-04
2.466259033471631361e-05
9.834137371974311227e-05
-1.745858697399097002e-04
8.153989477373300499e-05
1.589282581015293190e-04
-5.008306741034778591e-05
-6.891685567419771064e-02
-6.025178049556259227e-05
-4.535859801705472132e-05
1.813413697469740972e-04
-1.190944152748170653e-04
-1.874932533236315854e-02
-1.155653860254733959e-04
2.578751217460695450e-06
-9.658095922660960117e-05
5.137151572209506107e-05
-5.824093163527960075e-03
4.825611100775434651e-05
5.773126933737952063e-06
-8.000579125704060564e-05
4.834134563163744989e-05
-4.793906850476705242e-03
4.225584321338866055e-05
5.133394011252025583e-06
-1.284016415958235270e-04
-6.665488323024857092e-06
-1.588281279400063613e-03
-7.116287645348997823e-06
1.608843387245568598e-05
1.737030482616388669e-04
1.321989153877291148e-04
-2.460448055110163023e-03
1.145014745780086800e-04
-3.775381504696889712e-05
-1.321000513931291573e-02
6.742269457709303138e-06
5.914710377976884436e-05
-1.045627099708484886e-05
-2.241800220938951254e-05
5.505676620935783840e-05
6.796755131347835543e-02
5.969705547393362906e-03
-1.588903828770747359e-05
-4.409702238726034807e-05
2.814983487954905716e-05
4.087171943851030086e-06
-2.218165808695173676e-05
-3.072034614758174104e-02
-4.090586461049572006e-03
4.760802111789344017e-05
5.137246079980800129e-05
-2.566311379745798982e-05
2.118727221259595543e-05
-5.607952627267558782e-06
2.108061751765903657e-02
2.333163743615745771e-06
-3.753391530193238615e-06
2.042827117401891041e-05
1.118535373683331819e-07
1.932185961605859285e-03
1.824164849901482714e-05
-2.785634735086872931e-06
1.749880541710251950e-05
1.939648063921340602e-06
-3.152588866579478122e+00
2.391973991502657881e+00
-5.177304204394674869e-01
2.298180272677593283e+00
2.110185132738939817e+00
1.710787555463872511e+00
8.073930039766804567e-01
2.649033012251122532e+00
-1.030042335152778525e-04
3.656628098331341425e-05
6.943052517283356326e-06
-2.254827586007298614e-04
-4.420664702791472951e-04
4.119288493404715064e-06
3.633496872104983663e-05
8.786982054531412845e-04
2.266455292494013598e-05
-1.467086664790411305e-05
-3.017520432473165017e-04
-3.558458629293614295e-06
-2.833762327704819788e-05
-2.226680932952361503e-04
2.841126964945518926e-07
5.377322347366649414e-05
-2.836890402800352215e-04
-3.509089310446165257e-06
1.867030394216845899e-04
-8.641178200275914786e-05
-6.920629439312077358e-02
-3.052474980081961234e-05
6.618637337962461533e-05
-5.750940070670517031e-05
-9.771019099879009180e-05
-1.874448656738355104e-02
4.596647624506337794e-05
-2.470512217873171935e-05
-1.727379205635776605e-06
2.671058315331314797e-05
-5.801037137451664841e-03
3.330875906993834137e-06
-1.812139456643916438e-05
1.689439515515125370e-05
3.320631438720449558e-05
-4.751370484108470744e-03
1.824542693422294873e-06
-1.167941016783331321e-05
3.665650059273276913e-05
2.847579453026918752e-05
-1.470555997420273237e-03
3.571298123273125010e-06
-1.038572889954591131e-05
1.432379748577045276e-05
3.213504341720291443e-05
-2.602841857877772128e-03
-1.209077679940495263e-05
1.782262987033400413e-05
1.333175953382304685e-02
-1.746818722538164199e-04
2.648593178370173859e-05
-9.242751655138756184e-05
1.300448422186326210e-05
3.286281811275454151e-05
-6.848104872298403645e-02
-6.037585908934061524e-03
1.422867427334313574e-04
-1.184174262602250894e-05
9.444615667732365882e-05
-6.864780525580820958e-06
-3.310093193062422151e-05
3.102767714421291595e-02
4.158462670176299794e-03
-1.675020338713472789e-04
-1.175214115002451491e-05
-9.183413815924863777e-05
-9.047962754280067859e-06
2.634899028942292554e-05
-2.137361425515657207e-02
3.075951171717318695e-05
8.320955563791069789e-06
-6.077890543389048131e-06
-8.670389772768487355e-06
1.866581748783420003e-03
-7.663257490511271336e-06
-8.200119049782845235e-06
-3.389753307995420009e-05
5.457354932299532911e-06
-3.152533976752580624e+00
2.391793799752705674e+00
-5.176686415896168958e-01
2.298023555069403923e+00
2.110225932438424490e+00
1.710817128079872296e+00
8.073848555513126746e-01
2.649030930976213671e+00
-9.092478198774998389e-06
9.209384292408362861e-05
-7.363197059930305113e-05
7.209580284573720429e-05
-2.892768452815616914e-04
-1.188733445489718985e-04
-1.791124576659106375e-04
7.985770343334788442e-04
-5.664491202983838546e-05
7.291552052465365575e-05
-2.995989706269511416e-04
3.691132394163818220e-05
5.206628166483822154e-05
-2.499371430127609109e-04
2.013227734934598017e-05
4.418153233740102382e-05
-1.996688841604526564e-04
3.459492658232813869e-05
1.379630129406147869e-04
-1.891449716255892612e-05
-6.908441949350424549e-02
1.141132223079062381e-05
-2.650247184823515106e-05
4.878649268520540803e-05
-9.255666838918369410e-05
-1.877919807188119239e-02
-3.856364678000195521e-05
-9.155659989642551955e-05
-2.643088134444689262e-05
2.889027840560228584e-05
-5.816576308190938432e-03
2.268967982382237071e-05
5.463949872811024527e-05
-1.705909632752571246e-05
2.247993340817001706e-05
-4.773733887707387255e-03
1.686662937854528345e-05
5.401663348315196797e-05
-4.249989225024103839e-05
-5.883473939284142719e-05
-1.541662685735666017e-03
1.401395900533035073e-06
8.977305816390900126e-05
8.864098826584654995e-05
2.024732381868846827e-04
-2.501807519200367584e-03
3.200818853047817140e-05
-1.170529484857199000e-04
-1.327768938691635536e-02
-1.093991545200790651e-04
-1.173341986905737308e-06
-1.216208836634508073e-05
7.986180236656679663e-05
-2.833932715163179489e-06
6.800175503619325379e-02
6.011790088893165761e-03
5.525083809056945214e-05
-5.277923714142648132e-06
4.710571034668119272e-05
-4.536913105321521472e-05
2.552070697014639181e-05
-3.076381393917617529e-02
-4.136817073769021372e-03
-1.202537058376238789e-05
2.534844025564128469e-05
-6.518680217367477103e-05
3.429725948217293154e-05
-5.533050966747226187e-05
2.116204519029794145e-02
2.178141778383612843e-05
-7.170073117146507019e-06
9.530045564715112572e-06
2.303019707396570907e-05
1.918568073665504739e-03
-7.826237070018370165e-06
-4.228389365674821302e-06
2.794580251572503402e-05
3.504295822521547770e-06
-3.152553153285162946e+00
2.391880099960552286e+00
-5.176978367331064312e-01
2.298053440870102548e+00
2.110112243728297532e+00
1.710762064691267348e+00
8.073935195800794329e-01
2.649040399545429469e+00
-7.276379955744208630e-05
7.352630412321681762e-05
4.148562765963272362e-05
-1.864034378477343306e-04
-3.523898734123062822e-04
2.179564164533887537e-04
8.496425308685200768e-05
8.432792967688249562e-04
-2.428204881726138333e-04
-8.757825337084917738e-06
-2.928359535039987637e-04
6.021877669672014182e-05
-1.799701191033302797e-05
-2.125382135766030621e-04
5.812763629952895708e-05
5.733936152074571384e-05
-2.984308254569642571e-04
-7.929626527434938338e-05
4.387851153935320991e-05
-4.755758243182086351e-05
-6.877291820609830741e-02
3.505331197771314501e-05
2.306726940467414277e-04
-1.139197112162412736e-04
-4.994241892996011622e-05
-1.866647490863161327e-02
9.348487724782569299e-05
2.349282120786102049e-04
5.209906568288421138e-05
2.332328740837354239e-05
-5.759176613007331060e-03
-3.387513100716694407e-05
-1.051039629138265957e-04
5.417301083351240261e-05
2.784634559104192601e-05
-4.711430002263930321e-03
-3.435230683828461088e-05
-9.263763326743516846e-05
7.844105343227343390e-05
4.966849004601810050e-05
-1.444302633270993326e-03
-9.749984277412481609e-05
-1.200400763447056319e-04
-4.922091750854791720e-05
-5.257574795412679291e-05
-2.602931430868945725e-03
1.694198681208763176e-04
1.175270971027350068e-04
1.324957589347451614e-02
-1.431179293031315230e-04
4.284535785073310954e-05
-1.246203195744213787e-04
1.400030019835130524e-04
-4.063677828162505501e-05
-6.784840988593833500e-02
-6.016773014526119456e-03
1.098134157841142242e-04
-1.202121621184408171e-05
1.202244760674497231e-04
-1.051676318259920024e-04
3.055619463663444314e-05
3.071350115524043578e-02
4.165145206878203242e-03
-1.168172001286926060e-04
-2.003165582006363190e-05
-1.303879818987212225e-04
1.027423156278953068e-04
-1.965191998994900071e-05
-2.116168433285241929e-02
5.587704111939393497e-06
-1.111738120652006750e-05
-1.064723945023930804e-05
-1.417690619062684457e-05
1.872698637702742940e-03
-2.659589892532309308e-05
1.166103525206086886e-05
-3.523272742912677213e-05
1.269282465890506670e-05
-3.152536857341360133e+00
2.391784296937001564e+00
-5.176684826057722510e-01
2.297998325695986832e+00
2.110169652358095504e+00
1.710786097180529985e+00
8.073874739646992316e-01
2.649038620154649415e+00
7.285191586775614423e-06
7.177471535866112272e-05
-2.927538999786564664e-05
4.818113507970071233e-05
-3.136723205476416813e-04
-1.718159509813581894e-04
-6.099026054206399474e-05
7.663295549266995908e-04
2.170170775453616379e-04
9.114393713412601494e-06
-2.992267880334451772e-04
-7.803674218915068283e-05
2.144044939796342045e-06
-2.469355053914648363e-04
-6.653762971335099290e-05
-5.598731961663727891e-06
-2.240480144988504373e-04
1.461245338339015889e-05
-8.752070869832734735e-06
-1.931937926277401405e-05
-6.910359678696080532e-02
-4.091261882820795967e-05
1.776294513590858520e-04
3.260712831371332076e-06
1.241369268691884883e-06
-1.878017817009375659e-02
7.862810644971627671e-06
5.597045479932597444e-05
6.030767246124511208e-06
9.539692685955950319e-07
-5.801208149054909446e-03
-2.805254782275058424e-06
-3.783881812663647754e-05
1.305498133954595902e-06
-1.363841213014799222e-06
-4.748880140705776486e-03
7.073268847229338268e-06
-2.851547430537104813e-05
5.385021739742388257e-07
-2.156484854360984698e-05
-1.501192426171916268e-03
8.898668588015672489e-05
-5.924242470402710708e-05
-4.277387462763379504e-06
4.505779570035786977e-05
-2.528933223602244495e-03
-2.023212993959212390e-04
1.166224377179117034e-04
-1.322681905454885405e-02
-3.223443695204159637e-08
-4.703050305253071803e-06
-2.275344434975873353e-05
-6.163692123656934647e-05
-1.528482944174378282e-04
6.794288076546738109e-02
5.991272908986041562e-03
8.134344006366860087e-06
-6.546738571520742921e-06
6.721918627661423173e-05
4.269906420539728437e-05
7.446322871918755956e-05
-3.074798436534539187e-02
-4.129887787372185301e-03
-9.554556175422134032e-06
2.182530284462364813e-05
-9.813388647464393877e-05
-4.773911714040868573e-05
-2.833663212433698607e-05
2.118033280063977633e-02
-2.744294137517537492e-06
2.132251350112123259e-07
-2.423737948510351530e-06
5.373781651937150207e-06
1.904796705647658194e-03
-8.915200780783348426e-06
3.938727344357474333e-06
3.542241232958907925e-05
-2.402460515928933046e-05
-3.152563510089579690e+00
2.391885352185734170e+00
-5.177060108775400904e-01
2.298102370810139128e+00
2.110200688505117661e+00
1.710802657003304583e+00
8.073873187890902026e-01
2.649029933496895417e+00
-1.601834847616668374e-04
4.859670756898390714e-05
3.062772749582623846e-05
-4.558562498092652137e-04
-3.982659096087462578e-04
3.004730602636630863e-05
2.366762852227008267e-04
8.252087781704508379e-04
4.687061272512527967e-05
-4.859859509869270675e-05
-2.982876171793656639e-04
-2.788170591847352009e-05
-5.308700050524539703e-05
-2.332983207806501452e-04
-2.116224734526040812e-05
1.032761640010288677e-04
-2.472973091233740344e-04
7.504747428491285891e-06
8.137813280785930674e-05
-4.240453049220030760e-05
-6.881322751181548347e-02
-2.380600199493126089e-05
-3.005801864430931135e-05
1.051596430516073656e-05
-5.900202585711508923e-05
-1.866419272365953466e-02
-4.519058216168355790e-05
-1.518402731803166752e-04
3.236777507942329481e-05
4.330717479344581430e-05
-5.780920540173673308e-03
-6.281160428629219399e-07
8.701905005474055955e-05
2.798161710012772037e-05
4.614466047055770478e-05
-4.744488972255329895e-03
5.346108944997594523e-07
8.801666527043068241e-05
2.401694744154644299e-05
1.409574971252654176e-04
-1.499111469107048365e-03
8.306227850760460464e-06
1.249974781069526110e-04
-1.365404341796283368e-05
-2.514384667611199763e-04
-2.565738415733311191e-03
-1.866981876042903726e-05
-1.134311569379555971e-04
1.324443437405669645e-02
-1.408763152428682791e-04
-6.359764622127384720e-06
-8.070948797547425335e-05
-1.273914466154328151e-04
-9.999835211923699396e-05
-6.809884863709969594e-02
-5.991782450198791625e-03
1.073381887419381429e-04
1.423015321379218941e-05
7.585895271195776390e-05
7.420067891293955333e-05
8.241222446803511160e-05
3.082577010471525616e-02
4.120284140512337975e-03
-8.669801469621836573e-05
-3.651828283403980380e-05
-7.478348509939308775e-05
-4.641862732577772496e-05
-9.605315389470592182e-05
-2.120977918237066523e-02
1.966994569468193804e-05
1.339121680962710348e-05
6.321306440395359834e-06
-1.776251806345508768e-05
1.886046084692654962e-03
2.201400377825721722e-05
-1.491001283908624411e-05
-2.814461909082167815e-05
2.324567944378430097e-06
-3.152553154627522947e+00
2.391880108302179675e+00
-5.176978400065344044e-01
2.298053448053928971e+00
2.110112242117295089e+00
1.710762063832106383e+00
8.073935195564078127e-01
2.649040399716126259e+00
7.276302521578973705e-05
7.352584504130121445e-05
-4.148655755227168788e-05
1.864010278460171517e-04
-3.523897738651250201e-04
-2.179585611910843553e-04
-8.496257975435722381e-05
8.432772257313161501e-04
2.428219227747066067e-04
8.757740994830633829e-06
-2.928357318541726121e-04
-6.021947202970696851e-05
1.799702770742816292e-05
-2.125384439559212506e-04
-5.812877120462316214e-05
-5.733957364194855266e-05
-2.984300280923782777e-04
7.929793177992278770e-05
4.387746207032319334e-05
4.755829950122086956e-05
-6.877292867839406021e-02
-3.505452372090981338e-05
2.306714512176548208e-04
-1.139197287399276059e-04
4.994618090778702737e-05
-1.866648471160904654e-02
-9.348900595998425466e-05
2.349258096026919933e-04
5.209896540644718224e-05
-2.332385549617531795e-05
-5.759176023225982301e-03
3.387549064104685760e-05
-1.051032518663359470e-04
5.417249247069373707e-05
-2.784623201736272395e-05
-4.711430582641435057e-03
3.435229940793464221e-05
-9.263696587456149618e-05
7.843994239403898419e-05
-4.966624345304040998e-05
-1.444306334603425281e-03
9.749903042806079675e-05
-1.200392533372052114e-04
-4.922008357737564467e-05
5.257086851113099439e-05
-2.602924661887070275e-03
-1.694181387135826496e-04
1.175264103404518971e-04
-1.324957873502198222e-02
-1.431182800484397544e-04
-4.284434854966330530e-05
-1.246208238620885589e-04
-1.400030308184802355e-04
-4.063673202345848695e-05
6.784843488042884008e-02
6.016774309252181062e-03
1.098131675688872062e-04
1.202055436234114420e-05
1.202243877837533975e-04
1.051670415047646634e-04
3.055668945692595513e-05
-3.071351300949261981e-02
-4.165146204487903819e-03
-1.168165652087522523e-04
2.003247742577491297e-05
-1.303878567139593603e-04
-1.027407910035804347e-04
-1.965251655532823660e-05
2.116169352701265452e-02
5.587101565627448875e-06
1.111713751059492010e-05
-1.064751480818086149e-05
1.417700522080578567e-05
1.872699160722340623e-03
2.659540428666086953e-05
1.166112787053853479e-05
3.523282561654979446e-05
1.269170944599907645e-05
-3.152533978875218690e+00
2.391793811049442997e+00
-5.176686456555831262e-01
2.298023564942776709e+00
2.110225932413051897e+00
1.710817128222518413e+00
8.073848554826872359e-01
2.649030930778783599e+00
9.090775440612630252e-06
9.209593262504089343e-05
7.362793137779673701e-05
-7.209971183238741586e-05
-2.892728067545989211e-04
1.188619374549078356e-04
1.791131389893173471e-04
7.985778569600779538e-04
5.664974004835785990e-05
-7.291505691426131077e-05
-2.995992594999631869e-04
-3.691177711336961198e-05
-5.206598648799584802e-05
-2.499373991645108413e-04
-2.013280193232368050e-05
-4.418074804446293457e-05
-1.996688585955415200e-04
-3.459214488998149271e-05
1.379625964323785746e-04
1.891495529572281842e-05
-6.908442091810840235e-02
-1.141439791681913337e-05
-2.650893230823230841e-05
4.878682437325296002e-05
9.255815940374201387e-05
-1.877920452706774782e-02
3.855976296341520550e-05
-9.156240385314062835e-05
-2.643036227330060784e-05
-2.889013002822085266e-05
-5.816575954900504199e-03
-2.268791956587173984e-05
5.464118830766516357e-05
-1.705886439196193673e-05
-2.247950552677986029e-05
-4.773734762952597764e-03
-1.686502622814181211e-05
5.401818723211916911e-05
-4.249939109851589870e-05
5.883629327528416147e-05
-1.541667251604102173e-03
-1.399068067137448218e-06
8.977504356442703615e-05
8.863946110676389916e-05
-2.024760706412381296e-04
-2.501800440845653156e-03
-3.201042031504240106e-05
-1.170544719418502722e-04
1.327769535206413734e-02
-1.093987897209049067e-04
1.175015928054951204e-06
-1.216338840401981480e-05
-7.986636923604161441e-05
-2.834244240292223271e-06
-6.800178182202698540e-02
-6.011793130295087738e-03
5.525152631263819617e-05
5.277357578962137662e-06
4.710482632112877877e-05
4.537205054678787071e-05
2.552028539798867519e-05
3.076382621075093166e-02
4.136819414773418649e-03
-1.202679457441065830e-05
-2.534835565258812453e-05
-6.518386869746456425e-05
-3.429980635960343612e-05
-5.532997813611465095e-05
-2.116205269217455442e-02
2.178142387843684703e-05
7.169740128352524973e-06
9.530400490221903288e-06
-2.302978571806310755e-05
1.918568785269993181e-03
7.827014476752012980e-06
-4.228418655495146290e-06
-2.794523325634511092e-05
3.503892084046346367e-06
-3.152588867233097503e+00
2.391973996490993404e+00
-5.177304224246276343e-01
2.298180276072218753e+00
2.110185130107701923e+00
1.710787554461853821e+00
8.073930039798933311e-01
2.649033012522346908e+00
1.030042338094328252e-04
3.656741090093051320e-05
-6.943432947671162293e-06
2.254830039304445751e-04
-4.420631438179505220e-04
-4.119817073052634969e-06
-3.633498886033975769e-05
8.786964579787733855e-04
-2.266519501933211833e-05
1.467118562584116394e-05
-3.017515963366615883e-04
3.558557160719213702e-06
2.833800209672145986e-05
-2.226680312961469652e-04
-2.838697800007343870e-07
-5.377368503388293958e-05
-2.836883664694291691e-04
3.508097959109941311e-06
1.867048230694222084e-04
8.641419219132870496e-05
-6.920630399151313228e-02
3.052688776781730643e-05
6.618857212576471634e-05
-5.750883638565540109e-05
9.771279063402283976e-05
-1.874449560431005329e-02
-4.596395181084879920e-05
-2.470391784797189912e-05
-1.727589310412282870e-06
-2.671125524153825483e-05
-5.801036201858596544e-03
-3.331374980623406367e-06
-1.812177589989559059e-05
1.689387810334022606e-05
-3.320663450500284007e-05
-4.751370568889147147e-03
-1.824733514066574987e-06
-1.167935570660314377e-05
3.665564857149087284e-05
-2.847445973729894231e-05
-1.470558871617529953e-03
-3.569967702357589848e-06
-1.038490180270399858e-05
1.432449430657346345e-05
-3.213883056311301928e-05
-2.602835893465613951e-03
1.208730808563772675e-05
1.782100286910892617e-05
-1.333176150904187215e-02
-1.746820056227972639e-04
-2.648430456644935743e-05
-9.242743688638033195e-05
-1.300430874370395575e-05
3.286416471635351499e-05
6.848106533049203026e-02
6.037587049747213802e-03
1.422867657712270412e-04
1.184101613429700711e-05
9.444654783813052901e-05
6.864892196222680915e-06
-3.310216699260472409e-05
-3.102768525116154918e-02
-4.158463847936911054e-03
-1.675017314213622459e-04
1.175235101279257474e-05
-9.183507881927420458e-05
9.047110648765313578e-06
2.635013579521102711e-05
2.137362108247118156e-02
3.075904475819475799e-05
-8.320926951832765804e-06
-6.077972557585450069e-06
8.670504458378020755e-06
1.866581889734359291e-03
7.663160010808731971e-06
-8.200435892805749881e-06
3.389798683464231356e-05
5.457240917541963986e-06
-3.152533749699243604e+00
2.391836596837265017e+00
-5.176773165119881170e-01
2.298080224072939881e+00
2.110295861278709495e+00
1.710853960423089015e+00
8.073828608583262234e-01
2.649020439780741309e+00
1.092153970747234879e-04
1.103776992965140773e-04
7.361908142408812188e-05
1.449531761690371688e-04
-2.782684736649728308e-04
9.850896482910904885e-05
1.495901584466487145e-04
8.522401734653104605e-04
1.021789555009403153e-04
-7.209449904330389155e-05
-3.029681552607958414e-04
-5.159783345163518868e-05
-3.696024404672691743e-05
-2.542066661567204825e-04
-2.466210556269802991e-05
-9.834233316114594358e-05
-1.745861755075803776e-04
-8.154104177479962710e-05
1.589292007584284724e-04
5.008426731183357418e-05
-6.891685943133012138e-02
6.025496810896195654e-05
-4.535814643502372907e-05
1.813419842724198726e-04
1.190972509090596442e-04
-1.874933095784202947e-02
1.155703297254668258e-04
2.580260839198458573e-06
-9.658130894445631019e-05
-5.137220218843214343e-05
-5.824093327041470966e-03
-4.825741450794944433e-05
5.772822499234166923e-06
-8.000633979777914016e-05
-4.834173178937401503e-05
-4.793907503266776372e-03
-4.225624101362807832e-05
5.133160289379929519e-06
-1.284026984620577035e-04
6.666127874981396626e-06
-1.588282957791610234e-03
7.118248024132233301e-06
1.608836879317335352e-05
1.737041011131636886e-04
-1.322012030380862119e-04
-2.460445326498729868e-03
-1.145065868570154888e-04
-3.775401797632336976e-05
1.321000656439451360e-02
6.743669160612364433e-06
-5.914607597345798587e-05
-1.045550837779768427e-05
2.242027558205920594e-05
5.505484897272097276e-05
-6.796755669357311402e-02
-5.969706136976180369e-03
-1.588937013883738245e-05
4.409665944047687385e-05
2.814966328391205197e-05
-4.088524687480975153e-06
-2.218089600993501079e-05
3.072034895797901358e-02
4.090587011017960545e-03
4.760794128340448562e-05
-5.137250463892252300e-05
-2.566370860717162583e-05
-2.118620610216302930e-05
-5.608336171898225262e-06
-2.108062115490047517e-02
2.333208772912646672e-06
3.753382450680014994e-06
2.042868000240113686e-05
-1.117505609475263634e-07
1.932186431531894653e-03
-1.824147616496841372e-05
-2.785878019260753027e-06
-1.749873088820321176e-05
1.940082528068481347e-06
-3.152521952791413451e+00
2.391715104032272166e+00
-5.176429933590395160e-01
2.297862551884664928e+00
2.110030453297577324e+00
1.710739886589424996e+00
8.073926170473954000e-01
2.649050935082144065e+00
-5.044621232241821695e-05
1.363618958858878183e-04
9.086041044003353041e-05
-1.209910016015925912e-04
-2.088183672614915554e-04
2.472639806699726984e-04
2.189367484781650592e-05
8.151661745745238715e-04
-1.227387578821642015e-04
-9.739762553151278722e-06
-2.709944336989637196e-04
2.264593881801312084e-05
-1.343287937486108744e-05
-1.938866061743318601e-04
2.674580549807368006e-05
3.231650791123685931e-05
-2.872576925117917984e-04
-4.766373376580978496e-05
1.971079293189588314e-05
-1.570311780511469816e-05
-6.901101915635624029e-02
3.110148001529461532e-05
2.757843228198776555e-05
3.391099416732748745e-06
-4.151787029198884078e-05
-1.869037904436444963e-02
-4.156335146149220156e-05
1.411112636136810394e-04
-4.087211804625606314e-06
1.186817135612137220e-05
-5.764065533218718819e-03
-2.332514251925386960e-05
-9.837049118079758156e-05
4.123505631972890380e-06
1.238573274999814697e-05
-4.717391112964979850e-03
-3.051085491815379801e-05
-9.272418429955348496e-05
1.210198378764951426e-05
3.149436884177575968e-05
-1.440906477052364236e-03
-8.703263474223371166e-05
-1.274935770232852802e-04
5.086035848917494766e-07
-5.227321494008688011e-05
-2.617556928573048364e-03
1.527660742120681117e-04
1.218800726645584442e-04
-1.312576371750984357e-02
-2.307909886639587837e-05
-2.061785624308035397e-05
-3.207476668966313671e-05
-9.357363940629896508e-05
1.787333641229157770e-04
6.782848107483115119e-02
5.934811426350931896e-03
2.304639633627321424e-05
7.947048351212800989e-06
1.019981950141687216e-04
4.808942387150361760e-05
-1.312776790035340190e-04
-3.076055329988713893e-02
-4.090598404937955540e-03
-3.549360209194768354e-05
1.396256762013260450e-06
-1.652109728330526661e-04
-9.457011008460433936e-06
1.191037920337909440e-04
2.126866988000113493e-02
-1.159104219087701750e-05
-2.468459670522610630e-05
-3.571400929815799136e-06
-4.329024458299066125e-06
1.874224365031473436e-03
3.555770925806942917e-05
1.046207058708992048e-05
3.471484056582167929e-05
1.467949580289472475e-05
-3.152537480239747669e+00
2.391829467512266660e+00
-5.176740880377981302e-01
2.298068786973471056e+00
2.110276582796191125e+00
1.710844277163489302e+00
8.073843086833598637e-01
2.649025786432400498e+00
1.115324564471819875e-04
1.018817628369900912e-04
2.030285211926418417e-05
2.062130056844008251e-04
-2.798887773693614286e-04
-3.126552599134200042e-06
5.983082876041142758e-05
8.312049387220246926e-04
9.083960805976390581e-05
-2.310746802786328201e-05
-3.003933753068062850e-04
-4.021298928349475744e-05
-1.106059512269866191e-05
-2.553916713009280349e-04
-1.203337957634778864e-05
-4.943187019020585084e-05
-1.695752649271057677e-04
-1.103378427132107074e-04
4.369964057205461775e-05
9.678814297811306859e-06
-6.904898250617498567e-02
1.464797421563040006e-04
3.556220252874209113e-05
1.249235236063066517e-04
6.582558496440825261e-05
-1.875823103773907596e-02
1.911049261112948759e-04
2.078895719198727899e-04
-5.563994585587561762e-05
-2.308738443190254852e-05
-5.825630055865321962e-03
-6.370905200457312916e-05
-1.048685788553599255e-04
-4.264441141066435930e-05
-2.647489642822959056e-05
-4.792131938955222423e-03
-5.968531367470027046e-05
-9.461361113785172040e-05
-5.679474408275551932e-05
-2.174408474707199075e-05
-1.587732514170257922e-03
2.109188241290830537e-05
-1.141573262868397895e-04
6.740922372026566557e-05
-2.291573763242063229e-05
-2.446356949193174805e-03
-1.976226057822087106e-04
9.799657478826384821e-05
1.314652046605907509e-02
-5.709061558492470670e-06
-5.716742643361509384e-05
4.533662409452257624e-05
1.835294944116878165e-04
1.341512645711769210e-04
-6.798695073610282191e-02
-5.940509051872722331e-03
-1.046484654978140603e-05
4.139082998672331988e-05
9.864070306068312144e-06
-9.857811158615558907e-05
-6.299608462451025768e-05
3.075693775590103429e-02
4.075622936455053358e-03
2.448375869403565880e-05
-4.000725279387770737e-05
-2.905827995826337773e-05
4.306348421457324054e-05
2.116623498604286533e-05
-2.114364576567867582e-02
-1.139222750698719614e-05
8.974817218240438367e-06
6.429903609559588836e-06
1.650493845679331062e-05
1.932656301139199992e-03
-5.669658747107739362e-05
6.365709551647022544e-06
-2.428642828131362971e-05
1.365673227915950978e-05
-3.152546936034276825e+00
2.391809421870953134e+00
-5.176785527037589540e-01
2.298034347828736834e+00
2.110214847068532240e+00
1.710817488478337145e+00
8.073849820840044433e-01
2.649029128629442731e+00
-1.016261289735748813e-05
9.949314519941361351e-05
9.771379070098838585e-05
1.444554405185112479e-05
-2.989972695021838722e-04
3.085382322552849025e-04
-8.034783444756861425e-05
8.402746097367736703e-04
-2.045588754652595607e-04
1.068936610732464959e-05
-2.882270368309633045e-04
3.250788997266722957e-05
1.011488169766766728e-05
-2.281438109670665994e-04
2.172076821763362962e-05
-1.196550358308859119e-05
-2.184727246040731323e-04
-2.930276152135296002e-05
2.331409881863038972e-05
2.779528928078400666e-06
-6.895764749004296146e-02
-6.136344621688770082e-05
1.388581927413284900e-05
4.256861821447749741e-05
1.110461963030520948e-05
-1.869690498540816856e-02
-7.403637197370331146e-05
1.355428353020350033e-04
-5.736903331927119475e-07
-7.512403862769377063e-06
-5.801329839020887523e-03
-1.058226673791645093e-05
-1.079853100862812002e-04
5.073148468795416271e-06
-4.892170355300354994e-06
-4.767236657554982035e-03
-1.681102541596371177e-05
-9.477605935037878020e-05
2.398211273555746672e-06
-2.095831173905711973e-05
-1.523125579564216670e-03
-1.160458052408577486e-04
-1.184219829365972519e-04
1.523477046228341301e-05
4.916395182454381409e-05
-2.552996912693285183e-03
2.565576373586642492e-04
1.186823666038711749e-04
-1.321667520387690906e-02
-5.733985573190509633e-05
3.663449727443421084e-05
-9.186440149439034641e-06
-1.253442378086671791e-04
1.438306528294759808e-04
6.813162526358185200e-02
5.982483093784091849e-03
2.929070192934178488e-05
-2.799333332572243927e-05
5.052794876688436465e-05
5.623366848899976657e-05
-1.028673092343605332e-04
-3.085210062553202931e-02
-4.118727619429499859e-03
-2.415869697882326974e-05
2.488673806260997584e-05
-7.658031929513690883e-05
-3.981199935674151376e-06
7.813323886398564413e-05
2.123573179200369254e-02
-6.702964752816904901e-06
-6.895457855940824476e-06
-3.489159808395378339e-06
-9.257334697029012834e-06
1.896811597374221904e-03
4.698549513606822543e-05
9.567157581688026050e-06
2.840979218061375530e-05
3.835853674946358856e-07
-3.152531491523041129e+00
2.391769415617295724e+00
-5.176629592516190925e-01
2.297996638783583290e+00
2.110219555464899699e+00
1.710821877713410544e+00
8.073844092736974787e-01
2.649030460046339019e+00
-1.220722273270741904e-04
1.068915436543540690e-04
-5.255111702356311375e-05
-2.421217833752924587e-04
-2.668093960191796478e-04
-1.815812509448052410e-04
-1.597107219308900760e-05
8.045935977430880310e-04
1.412631894132065338e-04
2.493989703555558353e-05
-2.920866132011860580e-04
-4.131138738996921537e-05
5.649731296756623519e-06
-2.413190128290633170e-04
-2.562673967209611677e-05
7.089962192039192166e-05
-1.948410056497347628e-04
-3.319765607744536954e-05
1.785415103673052180e-05
-3.242743893580620602e-05
-6.906224160506950482e-02
7.441016717790521415e-05
-2.872968605778058841e-05
-1.334932223611560087e-04
-1.093176431019851955e-04
-1.874360478363869958e-02
1.171088505778160977e-04
1.011406517421923571e-04
6.603482225900318020e-05
3.927995449455608083e-05
-5.813675494819475244e-03
-2.104730925286453112e-05
-6.730151245152552093e-05
6.646860594261116539e-05
3.843855813561185188e-05
-4.779392501473411770e-03
-1.543772778761077737e-05
-6.025843636834331301e-05
9.695890665563270761e-05
2.824849151303753696e-05
-1.549285422482386820e-03
7.079735048758052044e-05
-7.578961779652024255e-05
-8.529386480701539900e-05
3.062045174134287503e-05
-2.513977491187242494e-03
-2.171165791335561606e-04
7.868068352479703717e-05
1.321274971248823440e-02
-6.663865888732463209e-05
4.242965988649654348e-05
1.013727622702770281e-05
1.357832836893616045e-04
9.629095548078429705e-05
-6.804406922967798366e-02
-5.974777663920008072e-03
6.194074551068890107e-05
-2.485678178798059212e-05
3.818417056146265753e-05
-6.703265654819684938e-05
-6.801350877401251757e-05
3.079879535136616220e-02
4.107615557021035424e-03
-9.195588306197744659e-05
2.151188664556340097e-05
-6.429562141129809005e-05
1.634561323193541244e-05
4.327040417524989288e-05
-2.119735374387515109e-02
4.454628358224618995e-06
1.286755312917135558e-05
-1.001819350059519713e-05
-3.987235278023613569e-06
1.913010775798457304e-03
-4.961728053309348249e-05
-3.268854950708085247e-06
-2.909456735206420363e-05
1.752992688726262203e-05
-3.152537198823930797e+00
2.391779152462337077e+00
-5.176689628054539360e-01
2.298010485905423561e+00
2.110217009740488425e+00
1.710816062651884462e+00
8.073846754892060051e-01
2.649030907463917117e+00
-7.676107673738302825e-05
8.871697368620139136e-05
5.026343277644437725e-05
-9.819240184302945756e-05
-2.957964206735947798e-04
1.893373632673229405e-04
-1.236697666229096015e-04
7.917114602889874361e-04
-1.697342644869447405e-04
4.533615271714150536e-05
-2.947608584085160120e-04
4.852401003461931969e-05
3.051292084073273507e-05
-2.463589425762418455e-04
3.743654808230114088e-05
3.141407590143400379e-05
-1.962702997085804526e-04
-4.929641557561775193e-07
1.058529138336169887e-04
2.845431939159641811e-06
-6.905733920518344893e-02
-2.163122278178784656e-05
-9.669107530898413258e-05
1.428152445475234741e-04
-5.422951660824933503e-05
-1.874707183281031780e-02
-5.461767395272196777e-05
8.576465168697505531e-05
-6.780191435199975098e-05
1.748433009301646911e-05
-5.811552282842123197e-03
7.504128844268006192e-06
-4.117510686894454571e-05
-5.442418191784746423e-05
1.501531321477611418e-05
-4.771950957025554788e-03
-2.214220329420557218e-06
-4.124568117636066746e-05
-8.638832407116480111e-05
-2.100507677611110986e-05
-1.536765579145834204e-03
-7.853438313610232964e-05
-5.548818200628418405e-05
1.203904416917487728e-04
9.626683203253899308e-05
-2.519722805962216084e-03
1.843251119419036578e-04
3.788866901783603087e-05
-1.319615604190811642e-02
-3.943547104674934023e-05
8.715161798535615910e-05
1.150707961486072128e-05
-6.692193787784575781e-05
1.366336820776725995e-04
6.800940036657646126e-02
5.978799873751145140e-03
4.083712772715410513e-07
-5.574431120051270654e-05
4.180765058068441897e-05
2.449059042764623181e-05
-9.439528733725418945e-05
-3.077567391927801127e-02
-4.122618733937421023e-03
3.045126882034556500e-05
4.411739128470279741e-05
-7.203009016623802829e-05
1.676964325046003323e-05
7.699244268398526439e-05
2.117603191833666507e-02
-5.518442689848114318e-06
2.569375863886735629e-07
4.702093495367735184e-06
-1.226886741164267441e-05
1.908398627627169155e-03
3.319147326582701468e-05
6.166779891888640036e-06
3.258475409086311581e-05
1.068127740306526897e-05
-3.152563509039119527e+00
2.391885345509483507e+00
-5.177060082826684395e-01
2.298102366359104920e+00
2.110200691802444961e+00
1.710802658216527217e+00
8.073873188215361374e-01
2.649029933172160067e+00
5.358719505439338672e-05
4.859397911705974171e-05
-1.540349316412264005e-04
2.019663113980790185e-04
-3.982730954662823267e-04
-4.098014322954964938e-04
-1.589390949363618901e-04
8.252112791224455995e-04
1.815310858570762438e-04
4.844529260015599254e-05
-2.982877835625775053e-04
-2.814730642819555521e-05
4.486571353889561741e-05
-2.332980245878568714e-04
-3.539439350985783045e-05
-5.812318500910990549e-05
-2.472979383087822898e-04
8.568755578125804664e-05
-6.674801702817806728e-05
4.181944890424836884e-05
-6.881321674888611628e-02
-2.482019742884795151e-05
-5.545126535227610327e-05
-1.367593382663917544e-04
6.863820595600992594e-05
-1.866418177578211060e-02
-2.850217100226350273e-05
6.681040909416012400e-05
5.917782745897650677e-05
-2.110941762523017162e-05
-5.780921597334133175e-03
3.781848793217741905e-05
-7.154047571249052748e-05
6.223496272859630688e-05
-2.353499928647066755e-05
-4.744488788504797744e-03
3.969429757355759500e-05
-6.824119362146123004e-05
9.624042206768439146e-05
-7.767159252428912342e-05
-1.499107287171258952e-03
1.179181760688321264e-04
-8.329950135688934346e-05
-9.139927096435637743e-05
1.418871072221372480e-04
-2.565746729547439212e-03
-2.084157237594390887e-04
6.854337027879832942e-05
1.324443034463489849e-02
-1.616193327895259699e-05
1.135030999264263329e-04
-8.070930606355122827e-05
5.818797331888459975e-05
1.720008189853598421e-04
-6.809882493657710978e-02
-5.991780419843180557e-03
1.770150077124322402e-05
-7.137545046582809138e-05
7.585884343742910207e-05
-2.477734257923757104e-05
-1.341633024393412265e-04
3.082575833840231483e-02
4.120282476429885411e-03
-3.983503257728543369e-05
5.845994556373399148e-05
-7.478349959046115547e-05
-8.414908103565642630e-06
1.231089544424634054e-04
-2.120976954014499108e-02
-1.183947480083418088e-05
1.339107005315326817e-05
-1.607408697306650738e-05
-1.018332824833138254e-05
1.886045665167976294e-03
-2.638969746901492384e-05
1.980159821208003290e-06
-2.814446786452501215e-05
1.587496098474135836e-05
-3.152532371765785157e+00
2.391758263826530673e+00
-5.176565063263499633e-01
2.297900980379161240e+00
2.110019584963196415e+00
1.710728542860182166e+00
8.073952648707890534e-01
2.649053966904356461e+00
6.255496381538515230e-05
1.159078329155481101e-04
-1.316050233796084955e-04
1.511547131726279102e-04
-2.406665369650783613e-04
-3.460164350138723519e-04
-5.143439267342178942e-05
8.086049051608153182e-04
1.376534075548028449e-04
5.210373195498422540e-07
-2.750565566049295498e-04
-2.714070101819764425e-05
4.519577662530206591e-06
-1.989004009131070303e-04
-3.739221027412253332e-05
-2.632975367096759259e-05
-2.933658895316100133e-04
9.153629083025066897e-05
-6.049385880163072639e-05
6.833696450088931618e-06
-6.900555773561659056e-02
-3.511057616920775686e-05
1.065368547942368693e-04
-1.567092824814322817e-04
-4.378335024452385121e-05
-1.868908870683039930e-02
-1.018557289963942084e-04
-6.448138460124014587e-05
8.279125792538501649e-05
-1.148684645125972901e-05
-5.758478051982012479e-03
4.271652446620437515e-05
3.050354491449409075e-05
8.024385035665768551e-05
-1.705027058240636941e-05
-4.705219974744878630e-03
5.307854680736782678e-05
3.294411323145624292e-05
1.136748308061442546e-04
-4.443777114821899268e-05
-1.430504464722613016e-03
1.065456909919571248e-04
4.003438404561397137e-05
-1.040669286855717924e-04
7.065236514407468573e-05
-2.605710475177469218e-03
-1.267358284069868327e-04
-1.331008701183348153e-05
-1.316893596027032126e-02
-1.467798374333694877e-04
-1.152907386332180546e-04
-1.570161944714626445e-05
-1.835412783382376137e-05
-8.784903060393505457e-05
6.778798627674056942e-02
5.976147433559063013e-03
1.013734553717332478e-04
6.183349999607430398e-05
1.000777704811949692e-04
1.804242509943114817e-05
6.144095484884209198e-05
-3.073731738184938556e-02
-4.143258453694878898e-03
-9.119390712906169216e-05
-2.347909459774048891e-05
-1.714313119035460603e-04
-1.645216217271993926e-05
-6.149658061198933628e-05
2.125528837600620599e-02
9.126062980599367004e-06
9.097818350931410371e-07
-1.517227070346022742e-05
3.055500527231620181e-05
1.872615363707412061e-03
-6.228174569018090408e-06
-1.207399316235139534e-05
4.020279043623833931e-05
-1.379277683542878103e-05
-3.152554818030093298e+00
2.391926892109704994e+00
-5.177024277875614811e-01
2.298180303446359041e+00
2.110342203251466486e+00
1.710869252609102720e+00
8.073832680074485291e-01
2.649016632299347584e+00
3.510582085341384289e-05
7.291138874042455559e-05
5.058255975405801701e-05
1.086298445229696291e-05
-3.514876442575975111e-04
8.286924692581464330e-05
1.154037549353552567e-04
8.671942334728782427e-04
3.220791174557996613e-05
-5.997022416937464228e-05
-3.124225886148274773e-04
-2.658880929878841903e-05
-2.652275752099808226e-05
-2.704650351782983777e-04
-1.851625629944062489e-05
-1.172206253054378739e-04
-1.511122408480143967e-04
-1.027186658325335462e-05
6.691353736404901124e-05
1.281035884113722149e-04
-6.896732317321793704e-02
-2.620475093352493852e-05
-1.115904745751861767e-04
-4.284946084823700887e-05
1.527488360624327135e-04
-1.874934610857709877e-02
-2.200498651126555510e-05
-1.831133248617603697e-04
1.579541702182827732e-05
-6.858051430232389744e-05
-5.832540167833685091e-03
-7.783029164386092206e-06
1.071033034856768638e-04
1.835677266228945772e-05
-6.749332511614747668e-05
-4.804479288531766576e-03
-5.146540025998319395e-06
9.911548943249111961e-05
7.357548521432028736e-06
1.175816888191984010e-05
-1.625049489890336568e-03
-8.916237304723737217e-06
1.293560642407472021e-04
2.583658339286786318e-05
-1.916381365087849046e-04
-2.395309532312332214e-03
1.807501500976741807e-05
-1.208008410661648836e-04
1.327665608577077890e-02
-9.552628433693945739e-05
1.092319099182758159e-04
4.432203275523544095e-05
-1.042463149432464270e-04
-1.270955422489551852e-04
-6.797628801666664999e-02
-6.023729903093058904e-03
4.106114604509153952e-05
-5.654821117447196696e-05
-9.833122288005133327e-06
6.591215900733019949e-05
5.467442729885146555e-05
3.071992513656771062e-02
4.148543312037603417e-03
-7.545043915256979556e-07
1.442939579833911099e-05
1.686141540102256697e-05
-5.536042318127733843e-05
-3.719622503894426738e-05
-2.106274612164578050e-02
2.329730139936925237e-05
-5.036655291727331219e-06
8.868358600338134958e-06
-3.996405818457034697e-05
1.941809158671366047e-03
2.083283794767745563e-05
-1.888327798467979209e-05
-1.899645652221293538e-05
6.380647389839659746e-06
-3.152629897202264608e+00
2.392106993765361622e+00
-5.177754908056350081e-01
2.298325669491994905e+00
2.110237774100705899e+00
1.710807399411844898e+00
8.073921292907030312e-01
2.649026188581094399e+00
-2.894863203590994501e-05
-3.499966910606826243e-05
-7.062287471416954781e-05
-4.174755475898087802e-05
-5.890474471128010880e-04
-1.280798451431759200e-04
-4.271005148789823046e-05
8.947181399795489697e-04
-3.971254448161332849e-05
9.174511766828430948e-06
-3.077611757732365521e-04
1.212284626594271528e-05
9.753164809491272962e-06
-2.376686927135898469e-04
7.478269961895596548e-06
-1.736659550137653873e-05
-2.572976756680072480e-04
2.702859538357676989e-06
8.307958123353001044e-05
7.194697920975362494e-05
-6.922943232234719801e-02
6.336744300317113899e-05
5.063462591626708906e-06
1.144492380191206905e-04
-1.427047339188814595e-05
-1.870901814438615668e-02
-4.871297091041162908e-05
-1.169500626015001251e-04
-5.703232359502780004e-05
-1.734216619895038552e-05
-5.806581178407913338e-03
-5.788243009650264194e-06
3.855187812289377326e-05
-4.443305416940672567e-05
-2.222353910204086138e-05
-4.764743007024174748e-03
-4.741982277606436266e-06
3.539570518399775276e-05
-4.762801311086665263e-05
-1.025985937776774742e-05
-1.505888224191001632e-03
6.465824284315865780e-06
4.087396142128255159e-05
5.507536912923599072e-05
-3.063855697773800639e-05
-2.566426103826487028e-03
-1.455548988933432123e-05
-2.666499071772568592e-05
-1.323907575588999068e-02
-4.001458371996721892e-05
3.957894683382105674e-05
1.422490613670751580e-05
5.932380911877546681e-05
1.884087915282844743e-05
6.849656201690643154e-02
5.982016980346541515e-03
4.673443552069935555e-05
-2.902718245169552127e-05
3.323835804213207124e-05
-3.908954181727811422e-05
-2.353204716376507176e-05
-3.105861492423282050e-02
-4.107511120384396350e-03
-5.440002910342916055e-05
3.524893178071829606e-05
-4.750473468900263951e-05
4.394863927190965274e-05
1.774926472378559900e-05
2.138353696065018947e-02
-9.462511281145390011e-06
-1.869544750453666496e-05
2.013637023093707915e-06
-3.804519099892763082e-06
1.873444038715394106e-03
-8.180515524541663014e-06
-9.152251514392303845e-06
3.129475561566431971e-05
-1.489724316777979278e-05
-3.152579633624948752e+00
2.391989421516509839e+00
-5.177283336284458359e-01
2.298288651061641374e+00
2.110468747356518904e+00
1.710926210014528159e+00
8.073728871544648689e-01
2.648993587539605787e+00
-4.249063141810007827e-05
8.901182397564894738e-06
-7.468617350742928610e-05
-1.347012785749777931e-04
-4.956201776480408105e-04
-2.382328525719421951e-04
9.298273441735804910e-05
9.026517356042912128e-04
1.606207432525636521e-04
-2.033902511496294162e-05
-3.236939009685598553e-04
-3.631547387328868602e-05
-1.582238320946592814e-05
-2.998477950519803643e-04
-2.519180710237567232e-05
6.144885995992135984e-06
-8.053674180771386391e-05
9.794350502921725160e-06
5.336447183939046145e-05
1.324706142159006719e-05
-6.858306549656292828e-02
2.371888310322384057e-05
-6.855072658725212863e-05
3.756609804550079445e-06
-1.012810459060849448e-05
-1.864305507394928979e-02
-9.897901773538400508e-06
-3.454767323368209976e-06
8.576539271359345904e-06
-8.286802602719604382e-09
-5.833547944107048307e-03
-1.743078879442335453e-06
-1.302652009995056143e-05
1.182729234937744415e-05
-2.862719120952114622e-06
-4.827188857339753496e-03
-5.238588912454836076e-06
-1.524703446106356839e-05
9.307085795432201567e-06
3.283318849087606725e-05
-1.705089472604726314e-03
5.792979206006759253e-05
-1.370272085370875085e-05
8.373292795121714570e-06
-9.200716391261713734e-05
-2.305691891320789649e-03
-1.597125608491632861e-04
-3.607723372416992485e-06
1.318889124267412678e-02
-7.822308142949799118e-05
1.749874015019321077e-06
8.347970512467481341e-05
4.262007632905694815e-06
1.023709471823133332e-04
-6.787307368808351282e-02
-5.955932041787070051e-03
4.948802256674821834e-05
4.083186554642171534e-06
-7.099783182717284147e-05
5.145955585768194167e-06
-6.493086267957191935e-05
3.062979757033049491e-02
4.061809161342287179e-03
-4.115568013931946584e-05
-1.427303903450829548e-05
1.175993133012594172e-04
-2.658222578388506159e-05
4.753555957575993318e-05
-2.089485671220851076e-02
5.748086375754904021e-06
1.657057220306905888e-06
4.109300680869279118e-06
-7.131523220965587263e-06
1.947293701866874196e-03
-1.699987024871197792e-05
-4.321072535134303020e-07
-9.234898474429231887e-06
1.422927072134844761e-05
-3.152596578154943430e+00
2.391997761349363927e+00
-5.177357668188392603e-01
2.298184511902747307e+00
2.110157493807106821e+00
1.710779726244097576e+00
8.073946199246863076e-01
2.649036905466299885e+00
-3.211676564350211913e-06
3.363904594344275644e-05
1.506272316085223114e-04
1.526798510256645639e-05
-4.395118751132063607e-04
3.613516262288190076e-04
-4.040343214568310851e-05
8.803656991982055507e-04
-9.700806599604092475e-05
4.343507638542296720e-06
-2.933039685034462989e-04
-1.047928410758358858e-05
1.422200726995227294e-06
-2.178415976098446705e-04
6.816956140659147326e-06
-5.797141417895859043e-06
-2.782728826599685881e-04
-1.187623314111908613e-04
2.351555655504287750e-05
-1.313276369135663599e-05
-6.910255591218450455e-02
7.715791905729663634e-05
9.194093787445972547e-05
2.882341548760739800e-05
1.243231843326598763e-05
-1.867688859872620316e-02
1.480332454721261840e-05
1.720889653626758481e-04
-5.017309324656511265e-06
-4.796333120173629900e-06
-5.782652583531352683e-03
-6.556868821191266284e-05
-1.240308751055890031e-04
-3.480186289334851469e-06
-5.814121128656247605e-06
-4.737880382837110840e-03
-7.461559506087819317e-05
-1.104030188228945978e-04
-6.957341659226809904e-06
-1.398619560528904413e-05
-1.472824718088442189e-03
-1.102540950251736616e-04
-1.455256970907944035e-04
1.213291300856449842e-05
1.808969190046799295e-05
-2.587360687359073659e-03
9.904239737238429713e-05
1.369062579443393974e-04
-1.318468083645421389e-02
1.084690849263052811e-05
2.690077169517708275e-05
-1.676864342100431449e-06
-7.127280625049024418e-05
1.847564278265527264e-04
6.826451219949615512e-02
5.960222198732770954e-03
-1.492989712565095375e-06
-2.117258717508790943e-05
5.978037497720613269e-05
4.160922168735219214e-05
-1.210038044004678459e-04
-3.096380689981835868e-02
-4.101741001438207954e-03
-5.521601239933995853e-06
1.689501120113377731e-05
-9.639265054898170371e-05
-2.337549868717945416e-05
1.042803630864300602e-04
2.136156928137963873e-02
-6.634134521728830250e-06
-1.882771323664424935e-05
-3.477961261087087234e-06
-8.104275384908736886e-06
1.873089290087809333e-03
2.611021718467330054e-05
2.549740061672298554e-05
3.119618643471417426e-05
-2.596322950751116265e-06
-3.152554816283064110e+00
2.391926885242727785e+00
-5.177024253311691693e-01
2.298180297572527842e+00
2.110342203359376168e+00
1.710869252522891459e+00
8.073832681038607406e-01
2.649016632417816375e+00
-6.134270582785485929e-05
7.291039566713862496e-05
5.114420605952619625e-06
-7.714781538298900445e-05
-3.514908031975912117e-04
-3.201948483473268398e-05
-8.560136738616211036e-05
8.671953959781025963e-04
8.383830605400475024e-05
5.301109353320301756e-05
-3.124219913961032418e-04
-3.864144671625571368e-05
2.929165889199903758e-05
-2.704640716875980687e-04
-1.371131290659641743e-05
6.752227326268810711e-05
-1.511128204137880790e-04
-9.638055164400924921e-05
-1.301245317213357063e-04
-4.135690786865529574e-05
-6.896732348231883469e-02
1.240451316559473566e-04
-2.157551843759084043e-06
-1.371622989017999572e-04
-5.731617584646522866e-05
-1.874934327016710908e-02
1.432922388727941811e-04
1.286613716517165027e-04
8.485871862817208550e-05
4.103092503283283562e-05
-5.832540763540344439e-03
-5.550206219285707044e-05
-6.722897589059497879e-05
7.666042763480831644e-05
3.820493479578694954e-05
-4.804479259308170810e-03
-5.587802190160501010e-05
-6.545366957315658873e-05
1.083455541119306088e-04
1.846731119896898997e-06
-1.625046229754399749e-03
1.464249133774154284e-05
-7.104879680836676621e-05
-1.175256517440372082e-04
8.015900459157023665e-05
-2.395315793985841341e-03
-1.750051426152712049e-04
3.802550208177539579e-05
1.327665351042782785e-02
-6.230672476177428684e-05
3.566351781464873112e-05
4.432089871774652634e-05
1.467206186121580583e-04
1.462725263754165866e-04
-6.797627356228903850e-02
-6.023728520270819377e-03
2.682091803505963750e-05
-2.880884860995295085e-05
-9.831635745142369709e-06
-8.192816703882362887e-05
-6.289548933884655645e-05
3.071991835172225779e-02
4.148542430893771907e-03
-3.183802821052296363e-05
4.073038443523426823e-05
1.685879159703425334e-05
4.017623454732934256e-05
1.925044939881330854e-05
-2.106274226687408768e-02
-1.716535563161144905e-05
-5.036553741081780181e-06
-2.078841131767796111e-05
1.940348450329888068e-06
1.941808645942270104e-03
-4.502588376427920947e-05
1.760773327380468203e-06
-1.899678277307455842e-05
1.698807106550656847e-05
-3.152629899196439656e+00
2.392107005719685375e+00
-5.177754944315626773e-01
2.298325676528345518e+00
2.110237770576816718e+00
1.710807397283707898e+00
8.073921294380922431e-01
2.649026189451141544e+00
7.562444517502506431e-05
3.499956190874286459e-05
-1.029344389059751500e-05
1.317816362392321204e-04
5.890471953662848766e-04
-2.798679974820444136e-05
5.572793419182978623e-05
-8.947190287329582700e-04
1.710257211151603249e-05
-1.508691353909541192e-05
3.077609971718173621e-04
-1.883672227513297318e-06
-1.135687403941160127e-05
2.376682098116191574e-04
-4.707869580424527448e-06
6.357573885259379219e-06
2.572986519769082138e-04
1.639726447951289127e-05
3.722750658945650146e-05
9.084653788305808476e-05
-6.922944771506382711e-02
3.061872614643459164e-05
-7.464649655910033277e-05
1.585323506729034953e-04
-4.932545757310166846e-05
-1.870902679600600776e-02
1.199721868898608284e-05
-4.069604945466091155e-05
-6.189875503051132065e-05
-1.368381646748350407e-05
-5.806581035648487529e-03
-1.212443907959828341e-05
3.011154483049920461e-05
-5.286511408304103802e-05
-1.521916613129730854e-05
-4.764743966039816821e-03
-1.687547740786600345e-05
2.078962870313078571e-05
-5.918979524323665100e-05
4.671710344896656299e-07
-1.505897863513056597e-03
-1.212021689948911834e-05
2.082001452699821657e-05
5.058867208891418255e-05
-2.792103562373129621e-05
-2.566405219697428120e-03
-1.925262489112808482e-05
-3.435050562041422502e-05
-1.323890003814019375e-02
3.632340515425736341e-05
-7.114812208705979888e-05
-1.422616236314289129e-05
-4.601666842299389007e-06
-2.523431962497379565e-05
-6.849659394027270143e-02
5.981941069309848827e-03
-4.374645675285135892e-05
4.836231035077506301e-05
-3.323781422558125254e-05
5.592631742204064410e-06
2.870800403842444469e-05
3.105862658615584498e-02
-4.107459700693623719e-03
4.257130066105582191e-05
-5.568831952248442531e-05
4.750442677535320068e-05
-8.560859532510551451e-06
-3.823842798623345771e-05
-2.138354291703573745e-02
-1.761209465513861958e-05
1.869544573108848927e-05
8.933122828668654033e-06
-8.986393144899676639e-06
1.873445304098183542e-03
7.959268998527916413e-07
2.834655846647776353e-06
3.129425435990327306e-05
-7.243396158518138322e-07
-3.152554817394454201e+00
2.391926891603322947e+00
-5.177024276639279332e-01
2.298180303487793452e+00
2.110342205080217415e+00
1.710869252828417730e+00
8.073832679313620586e-01
2.649016632187715548e+00
-6.136964806909976948e-05
-7.290995468557225773e-05
-5.127726832450813779e-06
-7.721321442397959694e-05
3.514914231362515143e-04
3.200868651762292408e-05
-8.560154989896315248e-05
-8.671967268131108722e-04
-8.385685393586187332e-05
5.301340966383154632e-05
3.124224493712520942e-04
3.864647206739828977e-05
2.929651461839666562e-05
2.704646617319530783e-04
1.371382332322171500e-05
6.751552886694689264e-05
1.511125934414989710e-04
9.638736382421235862e-05
1.300865909439848957e-04
4.135701778981530630e-05
-6.896731229512396977e-02
1.240405084955936797e-04
-2.169022027293399796e-06
1.371424373450746612e-04
5.731789969034513973e-05
-1.874934428313946091e-02
1.432869664784870137e-04
1.286694787277344130e-04
-8.485380363040719714e-05
-4.103096872995492823e-05
-5.832541811589396497e-03
-5.550096154952235120e-05
-6.723355104620225113e-05
-7.665676444828653849e-05
-3.820426298138596469e-05
-4.804480243530823841e-03
-5.587759390451614973e-05
-6.545957132733266361e-05
-1.083562136429263250e-04
-1.843509495399665339e-06
-1.625049043679319214e-03
1.464205465447412246e-05
-7.105586666792396686e-05
1.175607342988297277e-04
-8.016502290578958576e-05
-2.395312363909639104e-03
-1.750036114608976667e-04
3.802474159325525669e-05
1.327664735158274635e-02
-6.230568055217008613e-05
3.567252931275309937e-05
-4.432138631102477966e-05
-1.467070030768415599e-04
-1.462749219232851658e-04
6.797629047403667968e-02
-6.023720410964604130e-03
2.681920493354699505e-05
-2.880930270189702397e-05
9.832892462953782275e-06
8.191988681508245436e-05
6.289662729710271925e-05
-3.071992581091801885e-02
4.148531621471000103e-03
-3.183610852324999553e-05
4.072566245077968402e-05
-1.686142264957848913e-05
-4.017082120260688179e-05
-1.925106103850511086e-05
2.106274715528745969e-02
1.716942287690447774e-05
5.036737323172119172e-06
2.078658196741166699e-05
-1.940193091012625980e-06
1.941809799302620472e-03
-4.502539441416756889e-05
1.761434624069372007e-06
-1.899624602308779930e-05
1.697700439411834310e-05
-3.152596580534339665e+00
2.391997768894947196e+00
-5.177357698218785220e-01
2.298184520684813048e+00
2.110157497002762117e+00
1.710779727404613482e+00
8.073946199025746617e-01
2.649036905070865977e+00
-3.221942845537461789e-06
-3.363655330485665861e-05
-1.506643678922185941e-04
1.525604844861876488e-05
4.395174924263358729e-04
-3.614427732602388393e-04
-4.041243891713002971e-05
-8.803673466151250120e-04
9.700568503474211774e-05
4.343624173739499286e-06
2.933049330459817135e-04
1.048054609639989293e-05
1.419804063763736114e-06
2.178427001706095801e-04
-6.811892669754239998e-06
-5.785098045425751261e-06
2.782721322018550216e-04
1.187552485108808297e-04
-2.350958301468387469e-05
1.313386646916787004e-05
-6.910257357614366103e-02
7.715367898914458379e-05
9.186413872952394876e-05
-2.881848516624130281e-05
-1.242981383182692679e-05
-1.867689119947466697e-02
1.479483385515183223e-05
1.720717632428805043e-04
5.020662785539073848e-06
4.796100371275174206e-06
-5.782654197695033874e-03
-6.556684291317896849e-05
-1.240320535973252485e-04
3.485486062381912300e-06
5.814169742248670973e-06
-4.737881732356796077e-03
-7.461439558065803416e-05
-1.104076365874032763e-04
6.969162946599122673e-06
1.398706938442866325e-05
-1.472824549215886059e-03
-1.102530044780673747e-04
-1.455517098539032541e-04
-1.214624667177513707e-05
-1.809149573474525972e-05
-2.587363641507899395e-03
9.904185622299254744e-05
1.369542176066521023e-04
-1.318468816701809029e-02
1.084936329585163084e-05
2.690273762939119620e-05
1.676048959380754821e-06
7.127627799688603626e-05
-1.847522386708706603e-04
-6.826453282970017244e-02
5.960223872127302404e-03
-1.494303545320060586e-06
-2.116932292321082243e-05
-5.977888730547033236e-05
-4.160208674843033760e-05
1.210008281215626570e-04
3.096381764975253761e-02
-4.101750205836253785e-03
-5.521172358371515920e-06
1.688583218011612273e-05
9.638978622338208180e-05
2.335789436906154438e-05
-1.042775801867805137e-04
-2.136157486201736497e-02
6.638373483521731102e-06
1.882763454803472699e-05
3.476035435675812172e-06
8.104581698212397510e-06
1.873089837553188787e-03
2.610998668728763670e-05
2.550022842237581857e-05
3.119601872354660246e-05
-2.603686191521235849e-06
-3.152537480842715567e+00
2.391829469128318397e+00
-5.176740882786396991e-01
2.298068790335678901e+00
2.110276585477020905e+00
1.710844278480219582e+00
8.073843087950344222e-01
2.649025785925052112e+00
1.115043439858937058e-04
-1.018797844116878714e-04
-2.031377987903577420e-05
2.061468263144760325e-04
2.798932243725227569e-04
3.118768383369443457e-06
5.983008990546010586e-05
-8.312050883378893119e-04
-9.085450139005333083e-05
-2.310330061083981859e-05
3.003939818947117327e-04
4.021640835562503998e-05
-1.105290954558149223e-05
2.553924298387659367e-04
1.203374708473136021e-05
-4.944720571784161546e-05
1.695746614828720850e-04
1.103502696255927390e-04
-4.371398985246444623e-05
-9.681279220426827065e-06
-6.904898249603419469e-02
1.464735520527993533e-04
3.555849437114372725e-05
-1.249252915488108240e-04
-6.582755852214702103e-05
-1.875822715285171971e-02
1.910992792479615000e-04
2.079071503058083949e-04
5.564491790667019889e-05
2.308884012661365588e-05
-5.825629445099084897e-03
-6.370815354883303892e-05
-1.048731369306246729e-04
4.265127714854697992e-05
2.647624195792894138e-05
-4.792131475422006272e-03
-5.968501344114443292e-05
-9.461817219257024182e-05
5.680956004366169182e-05
2.174518191386454928e-05
-1.587731191034430240e-03
2.109131473516007204e-05
-1.141547775771305782e-04
-6.742555474675420183e-05
2.291626818150899138e-05
-2.446359130276309652e-03
-1.976211316637268341e-04
9.797645892564254937e-05
1.314650487370556953e-02
-5.706609176823421864e-06
-5.716238353344277670e-05
-4.533698095077545731e-05
-1.835151767504616320e-04
-1.341566666447132489e-04
6.798694460093214487e-02
-5.940495901760473214e-03
-1.046629309309047868e-05
4.138759929403098799e-05
-9.863222262086052128e-06
9.857289678765955804e-05
6.299895385734801539e-05
-3.075693780055395454e-02
4.075607857479457419e-03
2.448479707222947239e-05
-4.000439201039638498e-05
2.905676181643411515e-05
-4.306425832212940009e-05
-2.116853361763576698e-05
2.114364615870067965e-02
1.139345195191841255e-05
-8.974873049123974493e-06
-6.429266586929955913e-06
-1.650478032273490476e-05
1.932655683371577561e-03
-5.669592397785665401e-05
6.368029475183392945e-06
-2.428637338245470624e-05
1.364794271922765268e-05
-3.152521952967541452e+00
2.391715101113496278e+00
-5.176429929415988784e-01
2.297862551582326329e+00
2.110030454715032810e+00
1.710739888201288972e+00
8.073926169651710616e-01
2.649050934333164076e+00
-5.045296139393436251e-05
-1.363612278994391115e-04
-9.090026151243273513e-05
-1.209711581821918368e-04
2.088206999127893704e-04
-2.473420663370639932e-04
2.186244353581671187e-05
-8.151666370822344956e-04
1.227135042921534348e-04
-9.739584275297881710e-06
2.709950817523745130e-04
-2.264610146719676600e-05
-1.343974425408462204e-05
1.938870675618128427e-04
-2.674740366020541995e-05
3.233757555870105343e-05
2.872574212496443969e-04
4.767464639114249328e-05
-1.972343460524344995e-05
1.570210555390907144e-05
-6.901101802155185094e-02
3.109935235930420469e-05
2.739997720345183768e-05
-3.387565652715375118e-06
4.151953909467836248e-05
-1.869037098840928279e-02
-4.156371903168810749e-05
1.410635099036082972e-04
4.087556807382407596e-06
-1.186831462238596691e-05
-5.764065250714994412e-03
-2.332590775783806606e-05
-9.837751619988499823e-05
-4.131947298831325181e-06
-1.238604218030262940e-05
-4.717388860903624741e-03
-3.051190523537939249e-05
-9.272173794060514264e-05
-1.213421030160662361e-05
-3.149487323572520525e-05
-1.440894720358616363e-03
-8.703333916040282474e-05
-1.274964496474755851e-04
-4.643763198778237805e-07
5.227345090757302466e-05
-2.617579373415879034e-03
1.527649545862672402e-04
1.219095472426375590e-04
-1.312559827234586508e-02
-2.307856359201092213e-05
-2.061513954777251245e-05
3.207650657501698310e-05
9.358903431441051302e-05
-1.787340976070429452e-04
-6.782852289764103315e-02
5.934742804919779929e-03
2.304594769339465295e-05
7.946017235895648165e-06
-1.019982880808931874e-04
-4.809027920041824633e-05
1.312781391757519497e-04
3.076057212051984749e-02
-4.090551774575791090e-03
-3.549321791752191183e-05
1.392750557101959615e-06
1.652099233924678862e-04
9.448405375809588742e-06
-1.191044845379317808e-04
-2.126868380975062423e-02
1.162349893232170704e-05
2.468479588064770476e-05
3.568889357769822586e-06
4.329550120106415633e-06
1.874223955242073974e-03
3.555802813629831854e-05
1.046642641890552076e-05
3.471522001920250523e-05
1.469359253885080653e-05
-3.152537214763966311e+00
2.391779232390592203e+00
-5.176689910788222493e-01
2.298010541883218849e+00
2.110216985513717169e+00
1.710816055992593565e+00
8.073846758418090630e-01
2.649030909359213481e+00
7.673552113838106844e-05
-8.872125335549285534e-05
5.013815892461775568e-05
9.813640896120101457e-05
2.957865696814151362e-04
1.889896161579788895e-04
1.236573997226560694e-04
-7.917082750259190477e-04
-1.697061611238254544e-04
-4.533729936699574826e-05
2.947618057648064864e-04
4.852088039440862366e-05
-3.051274305595504501e-05
2.463607638422004209e-04
3.745356669500038286e-05
-3.141590872583319876e-05
1.962672436201363761e-04
-5.471974143597414233e-07
-1.058983722154621145e-04
2.845286577444735079e-06
-6.905748450102594527e-02
2.163180906454987684e-05
-9.635617418618692845e-05
-1.428316882069457247e-04
-5.422810575929044115e-05
-1.874713545977468171e-02
5.462083906820550247e-05
8.582468257827860459e-05
6.780237390999081847e-05
1.748410936362908481e-05
-5.811543830546439526e-03
-7.504097339961653926e-06
-4.116518891825728202e-05
5.442884060433948745e-05
1.501533790000725472e-05
-4.771942618442001974e-03
2.214535170593085725e-06
-4.124134290134828031e-05
8.639122861933864995e-05
-2.100418322174916466e-05
-1.536773759315618153e-03
7.853584553559242161e-05
-5.546104266278862211e-05
-1.203791831770120995e-04
9.626476639507959955e-05
-2.519684520198856980e-03
-1.843280470784125534e-04
3.782292574198947265e-05
1.319610053133451512e-02
-3.943448010653750890e-05
-8.713892401427406282e-05
-1.150744986318924523e-05
-6.692508439418360430e-05
-1.366331356665643993e-04
6.800951489006501482e-02
-5.978772976446741425e-03
4.081527211898883581e-07
5.574240349062534736e-05
-4.180623722841760037e-05
2.450846417766751112e-05
9.439456215328348183e-05
-3.077571676234872045e-02
4.122598238345596619e-03
3.045083069795997185e-05
-4.412003760449139755e-05
7.202732225524040299e-05
1.673982727542393592e-05
-7.699127472838586915e-05
2.117605579228500068e-02
5.514332907428513885e-06
2.569868425571534502e-07
-4.702912384629961626e-06
-1.226863598725598092e-05
1.908407193759601881e-03
-3.319115694193385587e-05
6.161113951293101004e-06
-3.258451183749670093e-05
1.070539682727553437e-05
-3.152563511609831615e+00
2.391885362032580620e+00
-5.177060146289904630e-01
2.298102376510705813e+00
2.110200684608134925e+00
1.710802655224458180e+00
8.073873188271970536e-01
2.649029934338384518e+00
-1.066135562241998140e-04
-4.859532979150000837e-05
1.233850978500715769e-04
-2.539236072465862141e-04
3.982682554446039620e-04
3.797329779849311325e-04
7.772377064639931664e-05
-8.252088191492072504e-04
-2.284402369109620411e-04
-1.545421222552483768e-07
2.982871280784785942e-04
5.602708197248566113e-05
-8.223528547700641536e-06
2.332980354050747610e-04
5.654895214997799030e-05
4.516123097695042628e-05
2.472967453307106005e-04
-9.317281470070171222e-05
1.471852314458954158e-05
5.823170129710519144e-07
-6.881324603801469708e-02
-4.862979297784014157e-05
8.536971139657691630e-05
-1.262183503003199911e-04
-9.636150566934314392e-06
-1.866420006758152256e-02
-7.369311513232595554e-05
8.497051675276958414e-05
9.154951713426557236e-05
-2.219779099689343706e-05
-5.780921060528501979e-03
3.719035691347455234e-05
-1.547874642549798579e-05
9.022052910708498220e-05
-2.260971204442030599e-05
-4.744489794911056421e-03
4.022875648622786207e-05
-1.976530064322397096e-05
1.202783178080931451e-04
-6.328657363834506696e-05
-1.499117146305672119e-03
1.262239926878380323e-04
-4.168663262406360173e-05
-1.050955874027429109e-04
1.095527091504721202e-04
-2.565726186187543192e-03
-2.270851078469483027e-04
4.490335480580348495e-05
-1.324426343807403629e-02
1.570393085684950677e-04
1.071580815063535256e-04
8.070732097672367322e-05
6.921413958087870716e-05
7.200294907842039269e-05
-6.809887945695421163e-02
5.991710031554280808e-03
-1.250405198967865193e-04
-5.714765631027447865e-05
-7.585821262080620631e-05
-4.942437908064551549e-05
-5.175143048732054087e-05
3.082578115894198112e-02
-4.120234712855775673e-03
1.265340470520022464e-04
2.193740375891237528e-05
7.478356612404882253e-05
5.482619895769472694e-05
2.705590665979721145e-05
-2.120978487751878569e-02
7.847056288664248794e-06
1.339107293916595894e-05
-9.752712970937087861e-06
2.794613392140751231e-05
1.886048976520504628e-03
-4.375731645441102366e-06
1.293185981971209451e-05
2.814434048050449148e-05
-1.817307327499444712e-05
-3.152536857827646255e+00
2.391784297044220686e+00
-5.176684839054764842e-01
2.297998324967208905e+00
2.110169650506149353e+00
1.710786096440222392e+00
8.073874737918684819e-01
2.649038620359566387e+00
2.897490859390830596e-05
-7.177315036298597024e-05
8.305301743526652045e-06
1.728412718881434766e-04
3.136750819838314205e-04
4.413466582331944713e-05
-2.184393730017762355e-04
-7.663301007121787935e-04
-5.569819444494944808e-05
7.214060090156366642e-05
2.992260916642663308e-04
3.112812789969883844e-05
5.869698118617319190e-05
2.469352209394440334e-04
3.141608879502628249e-05
-1.545095512984321381e-05
2.240469743183893581e-04
-2.462066510635877337e-06
1.494344077255834857e-04
-2.577096463910708317e-05
-6.910359399529338031e-02
-3.718885853203719380e-05
-9.638063028016114701e-05
5.008745289415582937e-05
6.190827988207436221e-06
-1.878017916911242646e-02
5.005220691014030830e-06
-2.515684469138859995e-05
-2.975074643865660017e-05
-2.906983140698553693e-06
-5.801207451198524788e-03
-5.765475640294636858e-07
2.413898514374078244e-05
-2.404019562914104703e-05
6.806950825926510079e-06
-4.748878706355119141e-03
2.355108056426244038e-06
1.538370296897141587e-05
-5.104519043441394866e-05
8.784702034599209050e-05
-1.501188755405763638e-03
2.581693354089814737e-05
3.008297641545724395e-05
9.888629897492180688e-05
-1.977456228046101691e-04
-2.528938895603530679e-03
-6.213916209746139882e-05
-6.201920196736099777e-05
1.322680995633173685e-02
1.323891068091968045e-04
5.103473900219574096e-05
2.275169302986407294e-05
3.489781642239631011e-05
-7.639739991609532325e-05
6.794287713744567858e-02
-5.991261448663372409e-03
-6.855484582733587309e-05
-4.025326588346245932e-05
-6.721953013822702661e-05
-1.568277163828442756e-05
3.018773763215559314e-05
-3.074798350189805740e-02
4.129874023828262672e-03
2.931720444947352256e-05
5.225416068461920683e-05
9.813591539965804689e-05
4.968530831067562398e-06
-5.894211494759336043e-06
2.118033616714013953e-02
1.943497635626873608e-05
2.131351809858233722e-07
2.196932304022168082e-06
-1.040775362335126172e-05
1.904798093684456108e-03
1.967663752628614950e-07
-4.068573050096445463e-06
-3.542264532927337723e-05
1.438760861753232583e-05
-3.152588868418820578e+00
2.391974003197884446e+00
-5.177304251582889316e-01
2.298180280148552246e+00
2.110185126624239960e+00
1.710787553181363219e+00
8.073930041293148063e-01
2.649033013183935470e+00
-4.550750883236346093e-05
-3.656616002523040056e-05
-9.270967373824022919e-05
-1.092180141618543710e-04
4.420653068240581888e-04
-1.974227100273723680e-04
3.779773048949375475e-05
-8.786967777333479831e-04
2.014023043647806600e-05
-1.041781580940016259e-05
3.017513206415110144e-04
-1.092466990810418112e-05
-1.392419382688669597e-05
2.226676985529824548e-04
-2.467624842899437186e-05
2.385227135251368201e-05
2.836886092196581042e-04
4.831007809686671154e-05
3.603565781581287842e-05
6.964211451476162761e-05
-6.920632049981827183e-02
5.957076350056827009e-05
-1.948493222065995672e-04
-7.367110618960212142e-06
9.047713826648083298e-06
-1.874449491749983002e-02
1.076025488213110738e-04
6.214009129423696579e-05
1.483121729127350326e-05
-1.623996446401466235e-05
-5.801035627423239624e-03
-2.146700492859381131e-05
1.055615197514101384e-05
1.856209771246635588e-05
-1.818333487565999666e-05
-4.751370485099718627e-03
-2.784593801834701259e-05
-8.794824989543575738e-06
2.731761715920575539e-05
-1.732985993534699373e-05
-1.470561074594905777e-03
-2.287674706684365172e-05
-2.657387314167635633e-05
-8.261359396136555152e-06
-5.599118284929172421e-06
-2.602830275490456390e-03
-3.387314806774016293e-05
-2.127654833003940493e-05
-1.333176194546352791e-02
1.158018234683598372e-04
2.449434881906485944e-05
9.242619941626437075e-05
1.644663379262334846e-05
-1.348474344978917183e-04
-6.848106094336268990e-02
6.037585685836223577e-03
-9.981051482811054382e-05
-1.185770810841776276e-05
-9.444598279417446007e-05
-6.823674129403462180e-06
1.066734951304062118e-04
3.102768517787583488e-02
-4.158466467267980804e-03
1.065706265502895065e-04
-1.372388893512625725e-05
9.183452071577849485e-05
-5.657562010440041124e-06
-1.318867617202257173e-04
-2.137362049292776747e-02
2.009894851901341054e-05
8.321019944051415710e-06
4.059610881335492849e-06
1.097198530813580882e-05
1.866583907328077472e-03
3.677387712866734128e-06
9.363496547745373406e-06
3.389806190595796642e-05
2.390514217188267421e-05
-3.152533979695762323e+00
2.391793810312898394e+00
-5.176686465294592088e-01
2.298023563841642858e+00
2.110225930778508285e+00
1.710817128009979093e+00
8.073848553653164561e-01
2.649030930835146957e+00
-6.831196285054259973e-05
-9.209568536040230603e-05
2.895425402692207732e-05
-6.688570282506044618e-05
2.892729197537982741e-04
1.219139388000597957e-04
-1.386189608157942428e-04
-7.985780992723351271e-04
-1.268006678826921231e-04
6.842642177796028026e-05
2.995990086866656471e-04
4.469149384118973939e-05
4.346799193146811871e-05
2.499374405242806713e-04
3.502187260854835538e-05
5.205865290618070791e-05
1.996680119487818754e-04
2.097612293997145965e-05
9.194754580065878438e-05
-4.255207813958958828e-07
-6.908442389331739819e-02
2.208261712276801767e-05
-1.062552608640313632e-04
1.036881034964781797e-04
7.967541988722635958e-05
-1.877920244316180765e-02
6.087273929939916121e-05
3.527813050385632113e-06
-6.053539966539785199e-05
-3.409489063156511654e-05
-5.816574374273567570e-03
-1.367488905837881520e-05
-4.429103063650637634e-06
-5.530971375327482179e-05
-2.584674243136010640e-05
-4.773732698248479150e-03
-1.103523424266188694e-05
-1.223385037027101332e-05
-9.899472910020571412e-05
2.820417924175312290e-05
-1.541662723250314089e-03
5.165145823596768205e-05
-8.080993111451580690e-06
1.456890466641581677e-04
-1.289571402746421272e-04
-2.501806980531429570e-03
-1.593401062146884955e-04
-1.823614730254558794e-05
1.327769277352079669e-02
5.224350111639750396e-05
6.858058513793240801e-05
1.216171435818730329e-05
-4.094300599530569656e-05
-9.615901197696949084e-05
6.800177578705672576e-02
-6.011794227668499496e-03
-5.523285360328582250e-06
-4.193392182590561373e-05
-4.710468248501561983e-05
1.811125463635672190e-05
6.060904777030674844e-05
-3.076382471358971721e-02
4.136822327250237394e-03
-4.190515386834532414e-05
4.238071387213901181e-05
6.518460845207629806e-05
4.804912848702108533e-06
-3.807994621733746691e-05
2.116205444552184123e-02
1.391946386619086733e-05
-7.169645794330675552e-06
8.427336049565405064e-06
-4.736902905045262233e-06
1.918569923228870266e-03
-2.385755474280801735e-05
-6.139384100292059036e-06
-2.794533091667449217e-05
1.710320729140545125e-05
-3.152532371827559743e+00
2.391758263046753985e+00
-5.176565066097293943e-01
2.297900980536225379e+00
2.110019585590755309e+00
1.710728543216951003e+00
8.073952648963170775e-01
2.649053966822491279e+00
8.267342660411050289e-05
-1.159049689114421879e-04
-1.200024044369750334e-04
2.240248767479678139e-04
2.406730212767159080e-04
-3.039809369535038507e-04
-9.348861993842688407e-05
-8.086061862940669949e-04
1.133784194352747314e-04
2.324605736647893171e-05
2.750563290991036311e-04
-1.401988715873673106e-05
3.012801880952813366e-05
1.989002413308846480e-04
-2.260414007852617013e-05
-6.611673608997071670e-05
2.933654053499790268e-04
6.855814749616137886e-05
-1.224957034828410164e-04
-2.698867548384329134e-05
-6.900555392696841595e-02
2.347382664328353900e-05
-9.094171090532439036e-07
-2.252269935466970103e-05
-1.101014176117117945e-04
-1.868908499849652322e-02
1.301162921522601196e-05
1.679633077780348606e-04
1.498216816955126888e-05
3.125030302625506979e-05
-5.758478644547320932e-03
-3.130648645994742597e-05
-8.695437017549609911e-05
1.159327437696969416e-05
3.744238073629934527e-05
-4.705219602639810518e-03
-4.130543611210432718e-05
-8.596701009688591829e-05
2.216327928315918160e-05
7.005270717473928541e-05
-1.430499769919183536e-03
-9.175682194400262707e-05
-1.184605621686221877e-04
-4.049677397609069646e-05
-7.443063337064312747e-05
-2.605720300707026725e-03
1.245536458395404692e-04
9.677308442065159786e-05
-1.316893476091960183e-02
-2.689242602414937486e-06
7.354001488954139965e-05
1.570200843605679131e-05
9.066792058878424439e-05
-1.710405990105988427e-04
-6.778798259739333976e-02
5.976147635719767856e-03
2.522421424461707053e-06
-4.654191708597854235e-05
-1.000782990663896810e-04
-4.452632565918297021e-05
1.185128144292367037e-04
3.073731554911320746e-02
-4.143258960426991766e-03
-7.660396474425872158e-06
2.598744977268640090e-05
1.714323425085831354e-04
1.210417383884545011e-05
-1.097247853548722349e-04
-2.125528652646713201e-02
-7.386225341786808931e-06
-9.094635948692000177e-07
2.868276613365168504e-06
9.884145593306171550e-06
1.872615990228274595e-03
2.957573608141308053e-05
1.917887313130953414e-05
4.020317811180664283e-05
1.479606790947128494e-05
-3.152531492026473980e+00
2.391769419113247253e+00
-5.176629605369763576e-01
2.297996641403387219e+00
2.110219554158416777e+00
1.710821877115163536e+00
8.073844092903533776e-01
2.649030460196405201e+00
-1.220838901872972919e-04
-1.068917642791004192e-04
5.256251138946322200e-05
-2.421542567104223009e-04
2.668081741009112025e-04
1.816216711429507590e-04
-1.596747133599463596e-05
-8.045923035470011440e-04
-1.412727471870579247e-04
2.494007691545168084e-05
2.920863798619181199e-04
4.131153953131615366e-05
5.651844483874080761e-06
2.413190631670136506e-04
2.562282971011621473e-05
7.089424637527100379e-05
1.948405469659009550e-04
3.321079436858154958e-05
-1.787054627126131567e-05
3.242815659827165799e-05
-6.906224575715412539e-02
7.440871788984325733e-05
-2.875378696820361660e-05
1.334852077944181741e-04
1.093170827362708344e-04
-1.874361042340812189e-02
1.171067182690721357e-04
1.011450970158517542e-04
-6.603390500853426872e-05
-3.928008418269575013e-05
-5.813674683490741880e-03
-2.104709681277344561e-05
-6.730048647787039372e-05
-6.646802754660405071e-05
-3.843881507219735778e-05
-4.779392521870624334e-03
-1.543796421027041847e-05
-6.025696430071324130e-05
-9.696248577774005265e-05
-2.824925423862005873e-05
-1.549287730698428300e-03
7.079513942606611315e-05
-7.578805485845409675e-05
8.530336691769745778e-05
-3.061926325074266955e-05
-2.513972634171635079e-03
-2.171118949505102945e-04
7.868219846116821111e-05
1.321274618485332106e-02
-6.663852154787102029e-05
4.243267312948760441e-05
-1.013729247648781362e-05
-1.357796266337468879e-04
-9.629019315063498674e-05
6.804407895585980193e-02
-5.974775931932263008e-03
6.194051469271273213e-05
-2.485681249803135969e-05
-3.818443556490892787e-05
6.703170769525109048e-05
6.801320940623737342e-05
-3.079880017349567040e-02
4.107615168386129917e-03
-9.195554672880617208e-05
2.151099911836373198e-05
6.429624837614271449e-05
-1.634693121409287893e-05
-4.327033313842318981e-05
2.119735775813439901e-02
-4.454245744862564546e-06
-1.286746889465534608e-05
1.001681197383217227e-05
3.987344424668962193e-06
1.913010756027435895e-03
-4.961736393539832026e-05
-3.268362697521332277e-06
-2.909489559889657782e-05
1.751986075795959814e-05
-3.152546935662910332e+00
2.391809422787758876e+00
-5.176785522149396357e-01
2.298034348600296983e+00
2.110214847523418147e+00
1.710817488063915315e+00
8.073849822049007363e-01
2.649029128681785750e+00
-1.015620549671877849e-05
-9.949364615490370297e-05
-9.774859119350516124e-05
1.446696941856149090e-05
2.989969885869592507e-04
-3.086275189421745085e-04
-8.035077721353780589e-05
-8.402748052017643262e-04
2.045678149672031597e-04
1.068872479242102363e-05
2.882269242443819164e-04
-3.250467110107165214e-05
1.011234737348497501e-05
2.281432402212318097e-04
-2.171242950981407919e-05
-1.195860637881040746e-05
2.184739608336631281e-04
2.928849716747803874e-05
-2.333417459003697095e-05
-2.779991527823653919e-06
-6.895764936099890718e-02
-6.136234142620601920e-05
1.385844652832196947e-05
-4.257617919230005698e-05
-1.110483888954910171e-05
-1.869690768378367771e-02
-7.403941362404742104e-05
1.355567730280677740e-04
5.748667635766312536e-07
7.512317284122672890e-06
-5.801329919458490282e-03
-1.058198408507095875e-05
-1.079902292514015006e-04
-5.072332240985081290e-06
4.891732806024453732e-06
-4.767237667457871649e-03
-1.681140633091402349e-05
-9.477859282289750810e-05
-2.401335321367606266e-06
2.095689890510794566e-05
-1.523130190161892886e-03
-1.160473074328746988e-04
-1.184178649084995582e-04
-1.522486166779152316e-05
-4.916183406233715308e-05
-2.552987848241903418e-03
2.565601552359658699e-04
1.186700469170132166e-04
-1.321667473980845178e-02
-5.733896078029978682e-05
3.663375654791892980e-05
9.186780712308606489e-06
1.253454270918772859e-04
-1.438304567956292732e-04
-6.813162259563405876e-02
5.982483264124767441e-03
2.929003538862914641e-05
-2.799282013291097765e-05
-5.052790023136501107e-05
-5.623370059750529108e-05
1.028674939612044892e-04
3.085209851859643804e-02
-4.118728104651965365e-03
-2.415819804988364363e-05
2.488560601758259554e-05
7.658028040875321241e-05
3.980393419028040169e-06
-7.813364484286717876e-05
-2.123573005018962803e-02
6.708124430462465682e-06
6.895561457395286498e-06
3.488565480403291099e-06
9.257302667058689124e-06
1.896810288609207138e-03
4.698579831790943018e-05
9.570172798977741226e-06
2.840945017792079815e-05
3.777416338965881209e-07
-3.152546933963297882e+00
2.391809418310584245e+00
-5.176785501218130747e-01
2.298034344925094619e+00
2.110214848434008861e+00
1.710817488449279278e+00
8.073849822583171187e-01
2.649029128776771991e+00
1.015545627993779667e-05
-9.949378979763983635e-05
9.771832094415233271e-05
-1.447011084529739328e-05
2.989963219983681223e-04
3.085634615319467547e-04
8.035294138224859464e-05
-8.402736343993559608e-04
-2.045673608758527551e-04
-1.068988131788407435e-05
2.882270661374179200e-04
3.251033594014251051e-05
-1.011289983607690807e-05
2.281435610912708448e-04
2.171912488242168813e-05
1.195880912061090791e-05
2.184733566734764325e-04
-2.928917323404001127e-05
-2.333417694144355667e-05
2.778320053841942219e-06
-6.895764766763028131e-02
6.136377891363198681e-05
1.386386962908816786e-05
-4.258029081724368844e-05
1.110510876546842290e-05
-1.869690799368978890e-02
7.404090823165014124e-05
1.355434011324500507e-04
5.750509036221170041e-07
-7.512664812895874481e-06
-5.801332502843695692e-03
1.058142552693157497e-05
-1.079852906195337588e-04
-5.072678521640957514e-06
-4.892172915514561972e-06
-4.767239452335827153e-03
1.681080483750646527e-05
-9.477646132901372902e-05
-2.403724700433879693e-06
-2.095798955373422810e-05
-1.523130599688154313e-03
1.160467222924103372e-04
-1.184241425805279539e-04
-1.522098395086334601e-05
4.916332345386975730e-05
-2.552989665048525664e-03
-2.565600163192571130e-04
1.186855650969840647e-04
1.321667289427563320e-02
-5.734007450955804549e-05
-3.663193825550093048e-05
9.186453925058568615e-06
-1.253394418967521823e-04
-1.438286112925880877e-04
6.813162028745060883e-02
-5.982483843246715755e-03
2.929059398050123106e-05
2.799349878552858739e-05
-5.052762872083220447e-05
5.623007525707855898e-05
1.028659815548783364e-04
-3.085209588207290035e-02
4.118729260969570399e-03
-2.415846640975678544e-05
-2.488775275799560635e-05
7.658007508151015719e-05
-3.978357155417567344e-06
-7.813195047731051959e-05
2.123572549368942311e-02
6.703517553976888921e-06
-6.895206220333148831e-06
3.488002370542795885e-06
-9.257194327439444430e-06
1.896810608118408570e-03
-4.698530769609143691e-05
9.566957081933369009e-06
-2.840974562160111501e-05
3.750873295788124517e-07
-3.152531490779070467e+00
2.391769410492755377e+00
-5.176629569866102454e-01
2.297996636063416531e+00
2.110219558343311874e+00
1.710821878667698304e+00
8.073844091727833128e-01
2.649030459406791937e+00
1.220744677226060448e-04
-1.068923728758931996e-04
-5.258290516860665966e-05
2.421306156228311560e-04
2.668078103864187593e-04
-1.816604011252423347e-04
1.596608450359310742e-05
-8.045923007494360131e-04
1.412665265570764504e-04
-2.493942611953915597e-05
2.920869162745963390e-04
-4.131142429069707716e-05
-5.648533945341933648e-06
2.413193019026990324e-04
-2.562573915035018551e-05
-7.089994890992084057e-05
1.948411428058907159e-04
-3.319682135189297814e-05
-1.784261785832256565e-05
-3.242814588883601392e-05
-6.906222533662097207e-02
-7.440784811157583577e-05
-2.877392207555247178e-05
1.335039487662576278e-04
-1.093166732478954162e-04
-1.874360664829231513e-02
-1.171054565978687785e-04
1.011323198443373015e-04
-6.603339347203180819e-05
3.927970874176779008e-05
-5.813675377019127642e-03
2.104639946205523221e-05
-6.730300928725160728e-05
-6.646434492881434452e-05
3.843839108645530768e-05
-4.779392379993348781e-03
1.543716107665012068e-05
-6.026163657301117279e-05
-9.694210742807967784e-05
2.824876503148510631e-05
-1.549283909298735523e-03
-7.079586247797065002e-05
-7.580374781097474373e-05
8.526710110441328887e-05
3.061948508243969688e-05
-2.513981507825551343e-03
2.171117191495619786e-04
7.870535434013577799e-05
-1.321275234089744344e-02
-6.663906009617441215e-05
-4.241635825108459532e-05
-1.013513761400491875e-05
1.357771240351673481e-04
-9.629177895863314136e-05
-6.804407890526482927e-02
5.974778071349088997e-03
6.194089998463176133e-05
2.485175401614704224e-05
-3.818515161414272330e-05
-6.702446281444394190e-05
6.801460916800339696e-05
3.079879915782803707e-02
-4.107621050164805138e-03
-9.195597750727684677e-05
-2.150815139630711005e-05
6.429642229387709518e-05
1.633175085099836414e-05
-4.327167233436206599e-05
-2.119735588206126536e-02
-4.450362705461151326e-06
1.286749550368908876e-05
1.001995232572194350e-05
-3.987307756171947371e-06
1.913007801417208192e-03
4.961742904443630013e-05
-3.266857657077633153e-06
2.909483341981799738e-05
1.752117638054392934e-05
-3.152532369057171824e+00
2.391758254202284828e+00
-5.176565013217191424e-01
2.297900973995720797e+00
2.110019589250778704e+00
1.710728544420927033e+00
8.073952651273861303e-01
2.649053966535166005e+00
-8.269686055174612326e-05
-1.159059204433559968e-04
1.199637557676238339e-04
-2.240730672861729247e-04
2.406715094109197241e-04
3.038994457343705815e-04
9.348458620948813880e-05
-8.086046444266707569e-04
-1.133841958640157858e-04
-2.324268181276156555e-05
2.750568995639006680e-04
1.402417090848928884e-05
-3.012298824939175135e-05
1.989004255523180577e-04
2.260888103086463140e-05
6.611052057137412280e-05
2.933664668092940018e-04
-6.855596450438232329e-05
-1.224906601658260863e-04
2.698826785776139558e-05
-6.900555344884659603e-02
-2.347444791854329249e-05
-8.868012017830507673e-07
-2.250600086459855829e-05
1.101017533918831082e-04
-1.868908165817461178e-02
-1.301050609828139205e-05
1.679609971785140895e-04
1.497993602173106444e-05
-3.125055157926101242e-05
-5.758479095408578982e-03
3.130564885135610708e-05
-8.695450862023924973e-05
1.159475934955441119e-05
-3.744275417745843810e-05
-4.705220882319084523e-03
4.130433176953556007e-05
-8.596947232711074876e-05
2.218149822830454314e-05
-7.005363484962721530e-05
-1.430504008035408687e-03
9.175609587759478393e-05
-1.184640363144919505e-04
-4.053220077834173769e-05
7.443201964665665149e-05
-2.605711892639560497e-03
-1.245548978924831572e-04
9.677032076836077665e-05
1.316892261761163502e-02
-2.691869268359745396e-06
-7.354002750077398738e-05
1.570311387032868877e-05
-9.066022516988491049e-05
-1.710407714808918813e-04
6.778796405499344646e-02
-5.976133667267137170e-03
2.523795052395761459e-06
4.654025308017516877e-05
-1.000786059995543292e-04
4.452571717930944081e-05
1.185125739301656333e-04
-3.073730801039642468e-02
4.143240605504852278e-03
-7.661360952911826575e-06
-2.598603630218839248e-05
1.714322889715454851e-04
-1.210962434664686728e-05
-1.097240014839408542e-04
2.125528026504518164e-02
-7.388834268293016324e-06
9.097090462418058222e-07
2.871746587451231051e-06
-9.883649578939926808e-06
1.872612916620872581e-03
-2.957529749964002224e-05
1.917697285030363244e-05
-4.020304699392232485e-05
1.479547371705027003e-05
-3.152533977553069189e+00
2.391793800211233112e+00
-5.176686416006457403e-01
2.298023556392362554e+00
2.110225932777810787e+00
1.710817128937019538e+00
8.073848555544296257e-01
2.649030930357176850e+00
6.829429304192513768e-05
-9.209703963121689679e-05
-2.897444125844844497e-05
6.687535452725617072e-05
2.892709673709316235e-04
-1.219355146307029517e-04
1.385876299769911934e-04
-7.985767143237622019e-04
1.267666012428883744e-04
-6.842408500681481374e-05
2.995998152859495937e-04
-4.469268722002709879e-05
-4.347193676732379075e-05
2.499376289758821089e-04
-3.502812827827925870e-05
-5.204074460848825403e-05
1.996695813680074210e-04
-2.095331005614754620e-05
9.195083553874543614e-05
4.238885673122239767e-07
-6.908442230999672917e-02
-2.208879553759713829e-05
-1.064102242170059706e-04
1.037027134466587703e-04
-7.967492996908457866e-05
-1.877919869295695959e-02
-6.087488697659830246e-05
3.464858628001441562e-06
-6.053874168700815140e-05
3.409408797946013195e-05
-5.816575351824295435e-03
1.367485646111858341e-05
-4.433698662796844571e-06
-5.532081475148920181e-05
2.584581733336687457e-05
-4.773732438731898182e-03
1.103473128135284498e-05
-1.223075714344032577e-05
-9.902113375901125858e-05
-2.820534111430203568e-05
-1.541657898806161756e-03
-5.165239580138019564e-05
-8.089868301092026248e-06
1.457127829511688135e-04
1.289577519065640489e-04
-2.501816233718879776e-03
1.593404898290002800e-04
-1.819207206675269291e-05
-1.327752255514560997e-02
5.224606462864893677e-05
-6.857087773278413515e-05
1.216404158382866640e-05
4.096451741199237054e-05
-9.615859500615122528e-05
-6.800180863440265233e-02
6.011720245324676283e-03
-5.524298734472512726e-06
4.192879507234647022e-05
-4.710571617087301599e-05
-1.811538542334587953e-05
6.060901914217973915e-05
3.076383844695292080e-02
-4.136769915023144270e-03
-4.190449680002684106e-05
-4.237997903004087053e-05
6.518537809470370537e-05
-4.811328404063835908e-06
-3.808009785159775687e-05
-2.116206334318585652e-02
1.394653398844375913e-05
7.170243224509747462e-06
8.426873388924405357e-06
4.737340366445049367e-06
1.918566513684020905e-03
2.385801208001347702e-05
-6.137736620131091877e-06
2.794570107250624578e-05
1.712759262874339515e-05
-3.152588882658530878e+00
2.391974070089192939e+00
-5.177304486710387899e-01
2.298180328116288695e+00
2.110185108921251995e+00
1.710787548822074955e+00
8.073930042394215079e-01
2.649033014055880653e+00
4.548163530065654433e-05
-3.656941150365354857e-05
9.254869378446303470e-05
1.091732451761846454e-04
4.420584849080229708e-04
1.969806285379474661e-04
-3.781645822744218819e-05
-8.786942945013501323e-04
-2.010694638756457494e-05
1.041627377524901918e-05
3.017527951759578150e-04
1.092352481459093520e-05
1.391891724411344834e-05
2.226699153976135234e-04
2.470128228842818728e-05
-2.383603909961990084e-05
2.836858616964399969e-04
-4.837966776325595763e-05
3.601288052266159948e-05
-6.964464298542588833e-05
-6.920643692320600782e-02
-5.957152882302114245e-05
-1.944518586713006472e-04
-7.369047945275750567e-06
-9.048341743335804261e-06
-1.874454996341514898e-02
-1.076008533986349348e-04
6.221401581468392417e-05
1.482958440232250380e-05
1.623966742636331353e-05
-5.801028244157702476e-03
2.146665856556153473e-05
1.056659027580322542e-05
1.856598177659722404e-05
1.818271103114890616e-05
-4.751362077869906997e-03
2.784546567945575979e-05
-8.787152865777482995e-06
2.732921696272485386e-05
1.732874299683252360e-05
-1.470564596142260715e-03
2.287631292836983759e-05
-2.652640611915552680e-05
-8.271327046465248061e-06
5.599939387290108145e-06
-2.602802979716663245e-03
3.387260340902703971e-05
-2.138104627477667487e-05
1.333170238285571671e-02
1.158014280841979842e-04
-2.449392693791456520e-05
9.242793403501856075e-05
-1.643801601863500734e-05
-1.348469106880227847e-04
6.848116155715359976e-02
-6.037558611837938981e-03
-9.981001625821483481e-05
1.186359824807648602e-05
-9.444533059269760722e-05
6.840551231776731758e-06
1.066728458209403304e-04
-3.102772002484135289e-02
4.158442322001050864e-03
1.065700424115210906e-04
1.370867823973743544e-05
9.183222481614489174e-05
5.623759929444583944e-06
-1.318853150303553063e-04
2.137363855071191393e-02
2.009401262677501998e-05
-8.320818254128284369e-06
4.063329128272833034e-06
-1.097166576618308282e-05
1.866589978014122474e-03
-3.676988540329790634e-06
9.357738624883766781e-06
-3.389747055179603212e-05
2.393577771417175612e-05
-3.152536859140298464e+00
2.391784308633798872e+00
-5.176684870555312568e-01
2.297998333776581248e+00
2.110169649712902995e+00
1.710786095883728430e+00
8.073874739478209550e-01
2.649038620815856948e+00
7.299334158546013707e-06
-7.177172197129805427e-05
2.923384483659275616e-05
4.824089203681812240e-05
3.136779687676646659e-04
1.717374095323180366e-04
-6.101962681485131835e-05
-7.663297115049613403e-04
-2.170476155108423514e-04
9.112681006325148777e-06
2.992261719572150529e-04
7.803598374086725704e-05
2.134749858362808235e-06
2.469353852666412823e-04
6.653527281602859692e-05
-5.571179614056915609e-06
2.240467878221772216e-04
-1.460607368494767195e-05
8.793005542583734783e-06
1.931598465347935832e-05
-6.910361156553650186e-02
-4.091530917633127594e-05
1.774721371529859332e-04
-3.244415400945212298e-06
-1.242884615832882608e-06
-1.878018602028574263e-02
7.862258355534963890e-06
5.591159836508735115e-05
-6.025451287546167860e-06
-9.533193138037498932e-07
-5.801207827588659126e-03
-2.805659400123724606e-06
-3.783967011905542150e-05
-1.300405239684915841e-06
1.364352615128921982e-06
-4.748880510988149825e-03
7.072646105195169638e-06
-2.850532362094347801e-05
-5.226574946212659086e-07
2.156603993506240471e-05
-1.501198323742078964e-03
8.898634135785659131e-05
-5.923336782628519791e-05
4.250669585935600315e-06
-4.505988037097254383e-05
-2.528919902643905065e-03
-2.023222513047111498e-04
1.166448539707514028e-04
-1.322664760710932919e-02
-3.462828470163567410e-08
-4.688085614578936609e-06
2.275227530060958125e-05
6.164964826222991273e-05
1.528490283786746676e-04
-6.794291119413436997e-02
5.991199778466874300e-03
8.134928100478784212e-06
-6.551613136038155752e-06
-6.721905319664357725e-05
-4.270005548181673993e-05
-7.446355024745511184e-05
3.074799458978352135e-02
-4.129837307698659005e-03
-9.554499297430041224e-06
2.182484131023210562e-05
9.813451349245140565e-05
4.773155516654752030e-05
2.833659637608719386e-05
-2.118033709824357347e-02
2.771842084659492295e-06
-2.130905922895085436e-07
2.422948777013637162e-06
-5.373539941435201536e-06
1.904799287607841611e-03
-8.914886345983156959e-06
3.940298806503431811e-06
3.542233298697912316e-05
-2.400868638256152370e-05
-3.152581702295446320e+00
2.391974808362624660e+00
-5.177269736744266604e-01
2.298174213542391708e+00
2.110174056110059038e+00
1.710775609486748783e+00
8.073921580061736991e-01
2.649034372535623572e+00
1.883614231435064615e-05
-1.776337007343168294e-05
-5.211138568817039619e-06
-4.970075463642579204e-06
4.676445810921304926e-04
-3.561466422607846506e-05
7.327010108240768411e-05
-8.549096091620883358e-04
5.960293526855706169e-05
-1.466903189675102616e-05
3.103074624848766849e-04
-1.328615406435248363e-05
-4.030486596941956404e-06
2.313378021359699215e-04
-9.003240589278546153e-06
6.850595344423021963e-06
2.989119318133153218e-04
-1.564453846435117951e-06
1.698670002080139227e-06
1.916560043238916232e-05
-6.909599736903640488e-02
2.370396525551427122e-05
1.169088352955823624e-04
-1.440291955758164462e-04
-2.337162596288632589e-05
-1.877061701192460005e-02
3.099751662893899856e-05
1.212174288317379844e-04
3.609659663778941405e-05
-8.018401299915393497e-06
-5.792065324129743766e-03
-1.239573438397304568e-06
-5.021285301627022193e-05
4.196267381454456833e-05
-7.764951624196153395e-06
-4.734299150363155059e-03
3.775718112150114320e-06
-3.164836113864488720e-05
7.278703220737549903e-05
-2.508800345836720638e-05
-1.451273897952728986e-03
5.221261558811782807e-06
-3.746504846439675622e-05
-6.238826847704753232e-05
4.923703918142399109e-05
-2.600380973094059550e-03
-7.966596257636253419e-06
6.361792814223919635e-05
1.339972877890504947e-02
8.358626152254761826e-05
-9.027655282955288855e-05
1.557258750504268707e-04
-1.609199734962877952e-05
8.501027167514803654e-05
6.821997053649035692e-02
-6.079286875126120593e-03
-3.948742998031138946e-05
5.403529021466643310e-05
-1.185783986180841132e-04
1.898957619794043887e-05
-8.535075857434210912e-05
-3.088506428647187080e-02
4.194096529067636511e-03
4.572200156043840398e-05
-4.239889520205896204e-05
1.002030208059750960e-04
-4.176734232739544983e-05
1.032039879662377448e-04
2.126066164082147936e-02
1.156105615093193329e-05
2.970430765236666167e-06
-1.716470681655885488e-05
-1.248851086860388281e-05
1.877916127913499544e-03
-6.090366040608025458e-06
7.553052814276837350e-06
-3.228393315619389322e-05
-8.936332299074023749e-06
-3.152527910351186513e+00
2.391757070754305659e+00
-5.176573706705654976e-01
2.297929702962468124e+00
2.110082519168061665e+00
1.710751513521769240e+00
8.073898796039984394e-01
2.649044797258844230e+00
-5.786189236800652234e-05
-8.473288667044010132e-05
7.524127173920446866e-06
-1.312541908237751034e-04
3.019947870765184172e-04
1.215252678083840162e-04
2.856127912495503527e-05
-7.844391736615077566e-04
-1.968354317813155309e-04
2.803396423580285720e-06
2.902200274667006224e-04
6.334477496538801320e-05
7.599708304358719199e-07
2.184380408996316613e-04
5.792586991430989673e-05
1.009334929329373787e-05
2.863789660744757350e-04
-4.735530221851018298e-05
1.884411564900939618e-05
-1.822734795172938679e-05
-6.887976087693965799e-02
-7.270174477800987484e-05
1.813065394597592004e-04
-2.369113773345212632e-05
-4.085548077453320928e-07
-1.871654492443946063e-02
-1.915620258570831778e-05
2.239226933057709903e-04
2.783212470300144189e-05
-6.735303624765157191e-06
-5.762924190456359883e-03
2.008470255296928447e-05
-1.058643754678140545e-04
3.139865488937646539e-05
-2.928856077215324927e-06
-4.709821329150623744e-03
2.510265680165752681e-05
-9.743248438217759532e-05
3.547925508245785902e-05
-2.371502489062412037e-05
-1.438825030408738374e-03
8.077911814383220809e-05
-1.384304144359411190e-04
-2.233538460859881643e-05
5.709070284698771998e-05
-2.597973476379080229e-03
-1.488866842764269001e-04
1.453073828426825875e-04
-1.324666270789748301e-02
5.033519102195312296e-05
4.688546394856493238e-05
1.295755373426146773e-04
1.417578980003266105e-04
3.361918101548551016e-05
-6.769566534057971929e-02
6.000254229581857002e-03
-4.540000343832483951e-05
-2.764220635093002669e-05
-1.255837069884229579e-04
-9.312680198477911236e-05
-1.329366256394744206e-05
3.065254309929644344e-02
-4.135401528024233199e-03
4.630973734468635901e-05
1.709122273872362707e-05
1.424003298294371916e-04
8.402462591169148872e-05
-1.946210312413275238e-05
-2.114297263126131698e-02
6.907035332163281643e-06
7.220390791625176902e-06
1.468790554517635026e-06
1.237682479925091624e-05
1.881943176493543375e-03
1.832155360052188610e-05
1.596690118992418785e-05
3.818335654036213845e-05
5.067940957810459363e-07
-3.152550333057927201e+00
2.391866972783025957e+00
-5.176911795669953964e-01
2.298038547511926488e+00
2.110101485255513776e+00
1.710750339452004942e+00
8.073925922897358110e-01
2.649041925875620596e+00
3.605918954071663310e-05
-6.174935509750288307e-05
7.372253740929764210e-05
1.292263303317866359e-04
3.623852306919514432e-04
1.830780469662580696e-04
-1.043503944892218221e-04
-8.197567645887958573e-04
-5.579061755937317964e-05
2.853860217749125834e-05
3.021367852278341389e-04
4.607226862832900145e-06
3.689255748116177739e-05
2.225916990246249241e-04
2.151140463507900485e-05
-6.384852717641167138e-05
3.106450476020525264e-04
-8.245312571956322340e-05
1.332165581313920349e-04
-8.051265487969827138e-05
-6.903976670778422253e-02
-6.326621762538185418e-05
-3.516438958924868316e-05
8.814188584680595208e-05
-5.465459073275106834e-05
-1.877447706754415552e-02
-6.175945528131322217e-05
-3.318871081171318133e-05
-6.152349118950339152e-05
3.016067526520607917e-05
-5.774890258029716054e-03
4.254089797157249595e-05
1.220425676327367481e-05
-5.384161524876378898e-05
3.624059581571294816e-05
-4.715106831377351669e-03
4.247601613057965794e-05
1.180550401923766829e-05
-6.430130754530211145e-05
5.706307783880666792e-05
-1.428339898900587469e-03
5.935887274965621197e-05
4.768196721510459116e-06
6.612613226645466216e-05
-5.370925548241543932e-05
-2.618255991035719089e-03
-5.840357193250306938e-05
2.368802386881063574e-05
1.335484628722405191e-02
3.244574828524396728e-05
7.754449684077362962e-05
1.865507260063806183e-04
4.615590301223484668e-05
-9.038170683852526574e-06
6.805790717375077847e-02
-6.058903228623748437e-03
-2.212187901031771337e-05
-5.486609843331912589e-05
-1.466876746213600230e-04
-2.696302065478275393e-05
5.291644462282395710e-06
-3.080726425377717723e-02
4.183153509779368243e-03
1.583611030253563503e-05
5.113234629115954999e-05
1.392621054142686998e-04
1.091416941707604150e-05
1.532159647818255181e-06
2.122804628877020261e-02
3.026124805126296644e-06
6.406636477439904727e-06
3.307081100315374623e-06
1.240419533050842599e-05
1.878867601078392999e-03
7.331092413788469408e-06
3.010595050122572512e-06
-3.873221843218613113e-05
-2.387089161467342326e-06
-3.152581701240004364e+00
2.391974804914560160e+00
-5.177269722554802556e-01
2.298174211524349975e+00
2.110174056443254731e+00
1.710775609986696422e+00
8.073921581874877740e-01
2.649034372528851211e+00
4.912003259168105343e-06
-1.776302912602468424e-05
-1.894477678668228646e-05
-3.332342576454759325e-05
4.676457532450516586e-04
-1.357731066940499193e-05
8.826624252029349142e-05
-8.549097826837361242e-04
-3.364163452603815630e-05
-1.884214267604950632e-05
3.103076628763605277e-04
6.061868000306342490e-06
-9.811461590603249032e-06
2.313377986911334101e-04
-1.005919633156836980e-06
2.063745562278368202e-06
2.989122167579263056e-04
-6.723346388960405550e-06
1.003911187151796357e-04
3.011476457588803781e-05
-6.909599832281991538e-02
-4.746849211175255268e-06
-5.996562377865639914e-05
1.769784219753151489e-04
1.515956383432359917e-05
-1.877060980040049301e-02
3.573959494023716229e-05
6.411854843046439767e-05
-6.152700194222006196e-05
-5.082589357840460484e-06
-5.792066566846110209e-03
6.324230035875252009e-06
-6.155530598787806718e-06
-4.838308860911163958e-05
-6.122674561236919556e-07
-4.734299669963356466e-03
8.612313799796739817e-06
-2.051857933958122052e-05
-6.884088331421384490e-05
-8.021460723893562286e-06
-1.451270510216474269e-03
2.433721378226820866e-05
-4.431425221547410150e-05
8.631009373440452098e-05
1.771849259208519974e-05
-2.600389135850966586e-03
-4.662376678256749841e-05
2.224353160087356117e-05
-1.339973421395484338e-02
3.182869782174637188e-05
-5.908353583968256487e-05
1.557258284009578608e-04
7.014082140257633024e-05
-1.148929753855736438e-04
-6.821996384643685962e-02
6.079296802005698490e-03
-5.417274216055383354e-05
4.346699223350952842e-05
-1.185781028544205529e-04
-3.730074293120979581e-05
7.687253802099718470e-05
3.088506117965097997e-02
-4.194110152113755645e-03
6.651632746151891779e-05
-5.737163089555594804e-05
1.002024329095040078e-04
1.583174572007673125e-05
-9.119876959856863276e-05
-2.126065687208433114e-02
1.955360740899545011e-06
-2.970394813746590193e-06
1.512148149577710729e-05
-1.151890474224282867e-05
1.877916247285677269e-03
7.770316637420700151e-06
1.108778644444577090e-05
3.228414336798920411e-05
1.447431520250802616e-05
-3.152527909444302168e+00
2.391757067197255004e+00
-5.176573686197268875e-01
2.297929701354121779e+00
2.110082522579924014e+00
1.710751514859040645e+00
8.073898796258583976e-01
2.649044796618953423e+00
-2.239117253939281707e-05
-8.473298000387743424e-05
5.388821036311067562e-05
3.967712483544580653e-05
3.019954411101529596e-04
1.744862278325944342e-04
-1.561848786089169790e-04
-7.844400010749452180e-04
-1.231628074029267003e-04
5.625967117878665272e-05
2.902205645549350236e-04
2.924309492444396069e-05
5.054247427601520808e-05
2.184383505391532579e-04
2.829611186518600691e-05
-3.596043222869877007e-05
2.863793154851473552e-04
-3.239566766615995278e-05
1.476341305267001285e-04
-7.207279416391595495e-05
-6.887974048841238872e-02
-2.056623514105194008e-05
-1.070252781720309413e-04
2.057782357744527440e-04
-1.679357186420636606e-05
-1.871654239210818541e-02
-9.225050161579392491e-06
-9.145859762729165252e-05
-1.055966714243240540e-04
1.402630886083892708e-05
-5.762924576040526041e-03
1.587534637526346245e-05
2.883086905821770330e-05
-1.000753110480354931e-04
2.027539635450482486e-05
-4.709820575230489956e-03
1.508781548103999131e-05
2.152419331694420838e-05
-1.376096866440345082e-04
5.809965462095252468e-05
-1.438820314858717600e-03
6.092726091017748401e-05
3.847507486490368481e-05
1.369831689855467737e-04
-1.003942074634214706e-04
-2.597982880219775088e-03
-1.238850636916606531e-04
-5.327781698977799272e-05
1.324666169687358126e-02
3.946630527779625142e-06
1.462059243554374079e-04
1.295769419762671237e-04
3.026215145168916452e-05
-6.039978534550568406e-05
6.769567153335648291e-02
-6.000255219376360305e-03
1.118741804396615643e-05
-9.447407967730608435e-05
-1.255839859209875037e-04
-2.261828763140233097e-05
4.596348107691104832e-05
-3.065254418896719291e-02
4.135398960188265034e-03
-4.000934230075591218e-05
8.132082076277066915e-05
1.423999327472523502e-04
2.720233767302082618e-05
-3.037382681931563881e-05
2.114297389021235762e-02
-3.897081779427488636e-06
-7.220290066294838085e-06
1.309208197598657562e-05
2.205519195997297354e-05
1.881941336820015277e-03
-1.557827793649503231e-06
-9.258220271714522357e-06
-3.818327269211682239e-05
5.722006643931780369e-06
-3.152553154241804823e+00
2.391880105008380664e+00
-5.176978390603138580e-01
2.298053445038708897e+00
2.110112241933246757e+00
1.710762064075441957e+00
8.073935195297612388e-01
2.649040399694704728e+00
-4.700833606912616265e-07
-7.352605448757122079e-05
-8.377737662794182720e-05
9.551125437407144946e-05
3.523896450577535672e-04
-2.704636887632145149e-04
-1.678014139037303017e-04
-8.432783181456238175e-04
1.949988020956338816e-04
4.777322795031226316e-05
2.928357657079392446e-04
-3.769316247549178028e-05
4.134563260110656708e-05
2.125382630570836744e-04
-4.464535806882817233e-05
-4.001223419601525116e-05
2.984304020893652491e-04
8.929466336606126271e-05
-1.778174104113045863e-04
-6.578735620612740503e-06
-6.877292688297127754e-02
5.871307361573451227e-05
-1.533655215731715132e-04
-2.604114119487518550e-04
-5.599094130627268540e-05
-1.866647898494952496e-02
8.999678025308871206e-05
-1.880431722127191304e-05
1.170726125521440246e-04
1.767541820522240128e-05
-5.759175917926311408e-03
-3.713657083603915494e-05
7.432940051837756386e-06
1.073133169541836502e-04
1.582692437360904997e-05
-4.711429820319365004e-03
-4.129195071718570374e-05
-5.957162767570283189e-07
1.431789969348228519e-04
5.960209166256903105e-05
-1.444303037185851483e-03
-9.176332313109418373e-05
-7.911284611954100602e-06
-1.263932156935096375e-04
-1.204314272982353413e-04
-2.602930593027796401e-03
1.302396997065808000e-04
-1.613574427219069933e-05
-1.324957934617314662e-02
3.636745418322383933e-05
1.426704240347043910e-04
1.246207179733671566e-04
-3.289705349275692976e-05
-1.442624065139152308e-04
-6.784842475881651402e-02
6.016775789519137815e-03
-2.844462497851737125e-05
-9.708706133181705354e-05
-1.202246369022066941e-04
4.217429922128042297e-05
1.103793486925650375e-04
3.071350868005354867e-02
-4.165147694838760434e-03
4.138984143446677345e-05
7.895811009737485966e-05
1.303879634470539450e-04
-6.872033249807484208e-05
-1.109927546771084545e-04
-2.116169101936588720e-02
1.378026581001963197e-05
-1.111720521585634778e-05
-1.542243553198484199e-05
3.012116666222805017e-05
1.872699116458028572e-03
-1.020239267210387973e-06
3.391130704450994241e-06
3.523297073330784149e-05
-1.514710254291388026e-06
-3.152563509621596261e+00
2.391885349042515596e+00
-5.177060096798569155e-01
2.298102368705902343e+00
2.110200690067573603e+00
1.710802657594982401e+00
8.073873187819932129e-01
2.649029933344912990e+00
5.357776024183012005e-05
-4.859554873990021718e-05
1.540532042250514991e-04
2.019383105148278568e-04
3.982689079110880151e-04
4.098559424563935107e-04
-1.589345793633977042e-04
-8.252097404797404919e-04
-1.815393691679615111e-04
4.844562447378835486e-05
2.982877425937494032e-04
2.814636526747111707e-05
4.486804073721621742e-05
2.332982600365149188e-04
3.538935936481770519e-05
-5.812931038421678080e-05
2.472975315496551496e-04
-8.567500148443785287e-05
6.673067685821713196e-05
-4.181973126962348257e-05
-6.881322276638367208e-02
-2.482029423247036123e-05
-5.547357277623865893e-05
1.367570192170317392e-04
-6.863711727963318953e-05
-1.866418782139719207e-02
-2.850155019412818950e-05
6.680681389875051676e-05
-5.917711939716431465e-05
2.110921615119294996e-05
-5.780921052938312217e-03
3.781885736921323246e-05
-7.153970158973941001e-05
-6.223423402701620485e-05
2.353488222040618031e-05
-4.744488944747411209e-03
3.969478117596582237e-05
-6.824035344339141344e-05
-9.624167631948664988e-05
7.767115758780979455e-05
-1.499109708456587654e-03
1.179191641668246864e-04
-8.330152956301135620e-05
9.140426551779929688e-05
-1.418863621852492973e-04
-2.565742017888074464e-03
-2.084168786775032669e-04
6.855081966003557701e-05
1.324443308005167873e-02
-1.616286881174879356e-05
1.135033223021255679e-04
8.070945827071823730e-05
-5.818878918740122592e-05
-1.720007397728318121e-04
6.809883812018840965e-02
-5.991781780247641513e-03
1.770168673530757558e-05
-7.137456485094414646e-05
-7.585883374612578667e-05
2.477605638951058207e-05
1.341630797036635057e-04
-3.082576495956829143e-02
4.120283535917250439e-03
-3.983520917430493930e-05
5.845820655476412567e-05
7.478331497253604132e-05
8.417192209042448706e-06
-1.231088881406122704e-04
2.120977497870258494e-02
1.184204702622072619e-05
-1.339115053787965498e-05
1.607378521066294948e-05
1.018334894606315972e-05
1.886045979425205908e-03
-2.638984585009193466e-05
1.979750722371138340e-06
-2.814449259753696615e-05
1.586631196966696447e-05
-3.152537199376016730e+00
2.391779155913134947e+00
-5.176689641140145293e-01
2.298010488145374897e+00
2.110217008095596647e+00
1.710816062054635323e+00
8.073846754901605749e-01
2.649030907625943065e+00
-7.675360536615828590e-05
-8.871905388020834835e-05
-5.028266042536759582e-05
-9.816971204385969377e-05
2.957916367889215615e-04
-1.893942209956666007e-04
-1.236724233665583003e-04
-7.917108470439188864e-04
1.697431786441980445e-04
4.533581887832022650e-05
2.947608020234700741e-04
-4.852311409523143445e-05
3.051081184184017053e-05
2.463589964016066379e-04
-3.743156263366195828e-05
3.142023054321588650e-05
1.962701914370816711e-04
4.806087553183393309e-07
-1.058684533508349101e-04
-2.846795955948998183e-06
-6.905734505615497565e-02
-2.163103390291415060e-05
-9.671432347247251775e-05
-1.428185510683907761e-04
5.422832847113936332e-05
-1.874707718078321914e-02
-5.461922874880188283e-05
8.576087966167273281e-05
6.780302663945861168e-05
-1.748426564597427025e-05
-5.811551946865370702e-03
7.503829773740467259e-06
-4.117426637656495299e-05
5.442505170008667749e-05
-1.501550480462926810e-05
-4.771951178881440013e-03
-2.214919255079970744e-06
-4.124502738466116433e-05
8.638646459836333061e-05
2.100333956716595937e-05
-1.536767670469553222e-03
-7.853637026827279719e-05
-5.549062847115939032e-05
-1.203838719745047568e-04
-9.626312404038294183e-05
-2.519718913181992481e-03
1.843280257767744741e-04
3.789636701882972026e-05
-1.319615821885919416e-02
-3.943322357837343931e-05
8.715139902165482187e-05
-1.150707642790307905e-05
6.692242126204723911e-05
-1.366340601959631839e-04
-6.800941325621717715e-02
5.978800849122411533e-03
4.074652956787341851e-07
-5.574444605709021744e-05
-4.180756760545877027e-05
-2.448931742251388068e-05
9.439544036064941414e-05
3.077568043663743078e-02
-4.122619389868916774e-03
3.045150381762490484e-05
4.411688527632759568e-05
7.202977126669236896e-05
-1.677182074460786213e-05
-7.699280173044482033e-05
-2.117603727623373899e-02
5.520521839940686036e-06
-2.568937987990169581e-07
-4.702717563889014614e-06
1.226895769252686977e-05
1.908398895916518876e-03
3.319141381627686003e-05
6.166482638188009206e-06
3.258472186168510345e-05
1.067267192232054004e-05
-3.152521952437889574e+00
2.391715102333060727e+00
-5.176429927920138674e-01
2.297862550531428294e+00
2.110030453760769031e+00
1.710739886851914360e+00
8.073926169721219459e-01
2.649050935044453325e+00
5.043739562849363462e-05
-1.363621955247317202e-04
9.087643632492813507e-05
1.209650661138637374e-04
2.088174668279712751e-04
2.473132892058394882e-04
-2.189012355500087484e-05
-8.151656216609099977e-04
-1.227463241547110148e-04
9.740209537655066178e-06
2.709944704185649833e-04
2.264549680778708612e-05
1.343519143979092431e-05
1.938868250115264550e-04
2.674113450608101711e-05
-3.232251328829585256e-05
2.872571891245329469e-04
-4.765001815404974869e-05
-1.972769372790848840e-05
-1.570284204916117194e-05
-6.901101935851197688e-02
-3.110185577332065521e-05
2.755526365628285790e-05
-3.394310806187944194e-06
-4.151839246594141668e-05
-1.869037931441407813e-02
4.156550221340440726e-05
1.411058231818419848e-04
4.087624867914742369e-06
1.186820862546747281e-05
-5.764065712701954385e-03
2.332466380662270205e-05
-9.836935210199296764e-05
-4.123248929728983347e-06
1.238569736075902920e-05
-4.717391258749471100e-03
3.051039041110726929e-05
-9.272332819101867271e-05
-1.210420684570129779e-05
3.149426500866103242e-05
-1.440906719134359961e-03
8.703189129282651814e-05
-1.274961351394832902e-04
-5.025184050684322289e-07
-5.227309173051792213e-05
-2.617556557963289770e-03
-1.527654202192207131e-04
1.218882868580501268e-04
1.312576340528497781e-02
-2.307945139009678274e-05
2.061828456999259540e-05
3.207447225100218402e-05
-9.357395490170263876e-05
-1.787323152139391746e-04
6.782847932321245388e-02
-5.934811381704482164e-03
2.304638106181304059e-05
-7.946871222898723233e-06
-1.019980013900328997e-04
4.808867251143581281e-05
1.312766112079701356e-04
-3.076055222991425087e-02
4.090598398066606564e-03
-3.549356997395152754e-05
-1.396393918665683243e-06
1.652107860285988161e-04
-9.456320567228793930e-06
-1.191025817804252122e-04
2.126866889654259810e-02
1.159318220877111091e-05
-2.468460920193268383e-05
3.571009127456667605e-06
-4.329106926989173239e-06
1.874224616944676191e-03
-3.555797088937760015e-05
1.046156133327420844e-05
-3.471478547909080068e-05
1.467122359126161709e-05
-3.152537480457113794e+00
2.391829468183611418e+00
-5.176740879607617529e-01
2.298068787424494719e+00
2.110276582941672086e+00
1.710844276951532184e+00
8.073843087215522019e-01
2.649025786404537008e+00
-1.115221039374439860e-04
-1.018819872509601912e-04
2.027759366124776076e-05
-2.061831890293826155e-04
2.798883359873035725e-04
-3.195650241059454916e-06
-5.983474917744970831e-05
-8.312046950705216392e-04
9.084840676444037616e-05
2.310744865112193084e-05
3.003933977402098356e-04
-4.021212073993027500e-05
1.105851928746546351e-05
2.553916466450421407e-04
-1.202842059302551640e-05
4.943860798804164289e-05
1.695756553492663518e-04
-1.103506960529484593e-04
-4.372021944840293918e-05
9.678241682194545833e-06
-6.904898106864883200e-02
-1.464774429848429271e-04
3.553634865279659515e-05
-1.249349248955164502e-04
6.582468431322172813e-05
-1.875823380338061813e-02
-1.911022641111308749e-04
2.078901586748894070e-04
5.564055815199881112e-05
-2.308743240465664073e-05
-5.825629916351200352e-03
6.370874418818845656e-05
-1.048692304767970458e-04
4.264417254389324277e-05
-2.647498328909144360e-05
-4.792132152363967959e-03
5.968535693191213596e-05
-9.461413883688758297e-05
5.678869649263998268e-05
-2.174422017858552194e-05
-1.587734481760439418e-03
-2.109123894552163158e-05
-1.141583558851581761e-04
-6.739578063879190432e-05
-2.291565504614026148e-05
-2.446352868525130016e-03
1.976215633301912347e-04
9.799844193060289047e-05
-1.314652356057042018e-02
-5.709032061856000526e-06
5.716614340462290809e-05
-4.533599636704147007e-05
1.835291524272013514e-04
-1.341530465836376917e-04
-6.798695349055239312e-02
5.940511614315603477e-03
-1.046505925790227123e-05
-4.139142373348803268e-05
-9.864455159607973811e-06
-9.857603598105603828e-05
6.299698031035465273e-05
3.075693829264520424e-02
-4.075624931724543785e-03
2.448395761599637651e-05
4.000824291989820688e-05
2.905877851652055588e-05
4.306036832361785952e-05
-2.116693881430752391e-05
-2.114364507104612295e-02
1.139287764902577641e-05
8.974840527053854541e-06
-6.431059229108942359e-06
1.650489978918228331e-05
1.932655635020406187e-03
5.669674458627256271e-05
6.366781878147566992e-06
2.428637255910555913e-05
1.364861186886716303e-05
-3.152596577812309508e+00
2.391997757811513470e+00
-5.177357656558035925e-01
2.298184508448419816e+00
2.110157493345223401e+00
1.710779725934238549e+00
8.073946198655664874e-01
2.649036905525269603e+00
3.202217296186972016e-06
-3.364075772810691317e-05
1.506448016780673172e-04
-1.529696564014602098e-05
4.395080208356152637e-04
3.614063883492152959e-04
4.040727589265724547e-05
-8.803651294635799710e-04
-9.701777516890242492e-05
-4.343513685213190134e-06
2.933038809022778465e-04
-1.047957388111303995e-05
-1.419922571973522476e-06
2.178413867404618430e-04
6.812413372197737303e-06
5.790863571142164314e-06
2.782735753135103158e-04
-1.187498453100388284e-04
-2.353470726617994373e-05
-1.313514700826548054e-05
-6.910254932112075421e-02
-7.715584960404984864e-05
9.191349202506359471e-05
-2.883261366632315165e-05
1.243077907044984326e-05
-1.867688750885027060e-02
-1.480156091082188174e-05
1.720888848814913872e-04
5.018666905774651046e-06
-4.796169100033556120e-06
-5.782651950928405227e-03
6.556896523234139438e-05
-1.240307055454117977e-04
3.480672191956795717e-06
-5.814364120248129034e-06
-4.737880308253652507e-03
7.461645396416883300e-05
-1.104030263243446612e-04
6.952552868812853325e-06
-1.398765920727892951e-05
-1.472826598781757463e-03
1.102570970726438532e-04
-1.455285509180623293e-04
-1.212090406570244706e-05
1.809225040776008477e-05
-2.587356964786324473e-03
-9.904712738317836209e-05
1.369143116736327818e-04
1.318467591229096833e-02
1.084768022200228695e-05
-2.689767590061074571e-05
1.678105830033721491e-06
-7.127337586650996093e-05
-1.847573076547387276e-04
6.826450189026714299e-02
-5.960219656576643855e-03
-1.492935130544131308e-06
2.117194716073611787e-05
-5.978109140974963154e-05
4.160907933999650121e-05
1.210045168839951005e-04
-3.096380234742530241e-02
4.101739310201243244e-03
-5.522491247767730518e-06
-1.689504302801547004e-05
9.639340975653616639e-05
-2.337511532941324117e-05
-1.042816541785645222e-04
2.136156634240426316e-02
6.634801944376984557e-06
-1.882766342559214967e-05
3.476183752676318745e-06
-8.104489919353643492e-06
1.873088934146984776e-03
-2.611028831935057783e-05
2.549751680522017701e-05
-3.119608852688036992e-05
-2.604765536633065176e-06
-3.152554815872758542e+00
2.391926884163944500e+00
-5.177024234981836281e-01
2.298180295732246581e+00
2.110342203847746401e+00
1.710869252190862166e+00
8.073832681926301769e-01
2.649016632438642382e+00
6.135546324124226559e-05
-7.291296353036493330e-05
5.081388132589478076e-06
7.718137933426444451e-05
3.514851641922564843e-04
-3.210470061695291119e-05
8.559953649341016748e-05
-8.671942454117481658e-04
8.384620791472617660e-05
-5.301208627705322361e-05
3.124224826151183586e-04
-3.863866427080338712e-05
-2.929415592315827332e-05
2.704641841370307009e-04
-1.370351563660852259e-05
-6.751636561691294754e-05
1.511145467464257387e-04
-9.639573294353850452e-05
1.301052465901754050e-04
-4.136082525324627024e-05
-6.896732011863163092e-02
-1.240427565675167407e-04
-2.186528968006165759e-06
1.371565583099657634e-04
-5.732229471869099141e-05
-1.874934607667884390e-02
-1.432904222694126250e-04
1.286676197796665058e-04
-8.485866218288269788e-05
4.103205836485348721e-05
-5.832540023108435945e-03
5.550193378193061996e-05
-6.723308647398721651e-05
-7.666061161313528780e-05
3.820508781681353130e-05
-4.804479597744628488e-03
5.587823048431305470e-05
-6.545602572060372517e-05
-1.083491914531836719e-04
1.844550530462571469e-06
-1.625052319708830250e-03
-1.464094494116478025e-05
-7.104816073777052085e-05
1.175347123596417640e-04
8.016414734080400009e-05
-2.395302373731404526e-03
1.750021541156903727e-04
3.802147332823456536e-05
-1.327665194976937295e-02
-6.230836956493037565e-05
-3.566390178154935043e-05
-4.431998242623164108e-05
1.467216995622442266e-04
-1.462725061698421768e-04
-6.797627258453424470e-02
6.023727118677920343e-03
2.682139699730331020e-05
2.880806173022007634e-05
9.831382814186676034e-06
-8.192754079932217050e-05
6.289527233145549576e-05
3.071991730564879730e-02
-4.148541310473411250e-03
-3.183842536298318784e-05
-4.072908305580697874e-05
-1.685903768328458896e-05
4.017440276989615541e-05
-1.925013498176638554e-05
-2.106274036479832690e-02
1.716979606107943255e-05
-5.036656200606151948e-06
2.078828294659135971e-05
1.940208852929584777e-06
1.941806797228803070e-03
4.502651144415034873e-05
1.762775218045533080e-06
1.899628736405768552e-05
1.698275358804980558e-05
-3.152629895281906958e+00
2.392106987868753532e+00
-5.177754871473647658e-01
2.298325664999266049e+00
2.110237777147482507e+00
1.710807400026832070e+00
8.073921294580989061e-01
2.649026188487956013e+00
-7.562306987102115029e-05
3.499948280886441615e-05
1.024487898775980132e-05
-1.317586191467007544e-04
5.890480296938413549e-04
2.790807608903664652e-05
-5.575235736035448789e-05
-8.947187990506552538e-04
-1.714000199600371958e-05
1.508481026006276972e-05
3.077617641674516304e-04
1.886557813175240140e-06
1.134936057203305953e-05
2.376686431822975577e-04
4.706299784948403528e-06
-6.333593213089969788e-06
2.572992457657958480e-04
-1.637956291828936446e-05
3.716410925656675078e-05
-9.085152067917937968e-05
-6.922942352481489814e-02
-3.062332202804151585e-05
-7.450531687139611199e-05
1.584999070805419600e-04
4.932514417317096663e-05
-1.870901336641755258e-02
-1.199685577551061396e-05
-4.064131771547067841e-05
-6.190231689203732799e-05
1.368302140878989280e-05
-5.806583677671065674e-03
1.212422856871157647e-05
3.011560861127711712e-05
-5.287008704266957438e-05
1.521791170822040065e-05
-4.764745042785852903e-03
1.687490594986971678e-05
2.078187088481387571e-05
-5.921379293012421995e-05
-4.690852366675014591e-07
-1.505890945322689665e-03
1.211881039313737331e-05
2.080725080682506206e-05
5.063384976019931418e-05
2.792217053819808685e-05
-2.566422724549267866e-03
1.925416731361914523e-05
-3.435946103153422542e-05
1.323907162952260227e-02
3.632301500813557397e-05
7.116537580843080267e-05
-1.422409236682617428e-05
4.619485729592592502e-06
-2.523286836915862152e-05
6.849654841712768394e-02
-5.982016773583146915e-03
-4.374615153422375165e-05
-4.836616817791535082e-05
-3.323816609051601090e-05
-5.597518730231275733e-06
2.870689951862146014e-05
-3.105860632066619054e-02
4.107511863893602809e-03
4.257120150046500486e-05
5.568500968912327585e-05
4.750374538125927415e-05
8.555813754508684809e-06
-3.823723030643919594e-05
2.138352705287666772e-02
-1.764019713650125619e-05
-1.869520791199732768e-05
8.932443483783078248e-06
8.986560019774041987e-06
1.873442407576408507e-03
-7.951218817438620939e-07
2.831906434535002301e-06
-3.129435793831620953e-05
-7.524522708263355585e-07
-3.152533748231671318e+00
2.391836585975006813e+00
-5.176773119264354017e-01
2.298080217095037181e+00
2.110295866958495470e+00
1.710853962648187343e+00
8.073828606504022121e-01
2.649020438809602584e+00
1.183449668026615191e-04
-1.103779068239279506e-04
5.774398881010528071e-05
1.577335491294187646e-04
2.782683458141086037e-04
7.620508559070198569e-05
1.632903006414941117e-04
-8.522396049484943711e-04
7.846177925159923520e-05
-8.073144053420434072e-05
3.029690365434874124e-04
-3.663658123948737371e-05
-3.983203974361007615e-05
2.542074943625226529e-04
-1.967630919295480801e-05
-1.198015827110397128e-04
1.745863345653081412e-04
-4.439595989355196384e-05
1.187885821915220848e-04
-7.722345353046770021e-05
-6.891683808501768149e-02
-1.324683730644858311e-05
-1.150046261767039522e-04
8.845393828094599625e-05
-1.596327130508670689e-04
-1.874932585579706587e-02
-4.535387300645446463e-05
-1.583446411802566078e-04
-5.328980277709704659e-05
6.747732377105477100e-05
-5.824094148374650386e-03
2.036063995434690173e-05
8.075388045794190998e-05
-4.444518948616321593e-05
6.076532566811972840e-05
-4.793907338413164708e-03
2.073712361204505341e-05
6.671740646748233099e-05
-7.811393413521846673e-05
-9.497246535921134171e-06
-1.588279332096167356e-03
-2.212636723636189628e-06
1.031407634446582862e-04
1.195105978759765364e-04
1.652643473813344001e-04
-2.460453722547818918e-03
5.723344770070190883e-05
-1.315293397620261517e-04
-1.321000724795647931e-02
4.430717579960875147e-05
-1.014297959707298599e-05
1.045779220872067317e-05
-6.243787525139814438e-05
3.336651639368254027e-05
-6.796755480268584781e-02
5.969705564235535528e-03
-1.126452467826001905e-05
1.850390773638012392e-05
-2.815025254787086040e-05
4.024125418303385669e-05
-2.485056285108093628e-05
3.072034659862871164e-02
-4.090591603698234824e-03
-2.866086015563889481e-05
-4.403179163044222775e-05
2.566339461701830360e-05
-3.391138327839573715e-05
3.842525592750230690e-05
-2.108061702006035903e-02
2.842874181581673371e-06
3.753255154844372288e-06
1.262939288783029206e-05
1.585373930156133433e-05
1.932183524403546055e-03
-9.023540506349081187e-06
-1.629649830246651752e-05
1.749866650050544223e-05
1.043988262774129313e-06
-3.152521950632007020e+00
2.391715096084632286e+00
-5.176429890887487284e-01
2.297862546485054835e+00
2.110030456720987324e+00
1.710739887942511528e+00
8.073926172050429617e-01
2.649050934777621880e+00
5.346320374882343593e-05
-1.363624853113701990e-04
-8.912991486157074332e-05
1.536502042531596003e-04
2.088175722549656665e-04
-2.284244338234436063e-04
-9.535792156024269696e-05
-8.151650616413878142e-04
8.031630153900614797e-05
1.474351878990590240e-05
2.709950145794853002e-04
-1.975563448545887571e-05
1.644590299060575011e-05
1.938869784668457075e-04
-2.500743995258466760e-05
-2.511682340879085943e-05
2.872581230298462728e-04
5.183200647125544452e-05
-1.400623640876929796e-05
-1.908485845737554771e-05
-6.901101821673573389e-02
2.914809518960608838e-05
-3.086567791166499198e-05
-1.205016614229952759e-04
5.675557023792547704e-05
-1.869037476508034548e-02
1.517335403973033817e-05
-7.348591477361160170e-05
8.314862477845871608e-05
1.426573940927211841e-05
-5.764066682147263136e-03
-2.194067765094043091e-05
5.272174545496858590e-05
8.236637919229377941e-05
2.022998024338968585e-05
-4.717392397331838377e-03
-2.598189315524852545e-05
4.278717969565579810e-05
1.164784733351366755e-04
5.962458965269488650e-05
-1.440907947493658137e-03
-7.079143112060862090e-05
5.326530176720868680e-05
-1.053223596587464213e-04
-1.061618274109557520e-04
-2.617555106036402023e-03
1.216529690368226880e-04
-6.139072437887656394e-05
1.312575290342894024e-02
1.663267835817015382e-04
-9.134466677617923084e-05
3.207559038829327358e-05
2.893881181482288456e-05
6.937889123007404645e-05
6.782847172589995255e-02
-5.934799033708930763e-03
-1.252124143571025370e-04
4.561786555102123088e-05
-1.019981412825315265e-04
-1.716492722209181799e-05
-4.567967050032254849e-05
-3.076055034349024775e-02
4.090581693712702985e-03
1.208929710033518823e-04
-7.489588188919684840e-06
1.652104347778099447e-04
5.935553349629399313e-06
2.881335661028235681e-05
2.126866643555251624e-02
6.910257224676129208e-06
-2.468466570035635337e-05
-1.084484518225724953e-05
-2.862920102333059045e-05
1.874222456685700365e-03
2.152846802341650510e-05
-2.137848199956950005e-06
-3.471486819487086073e-05
-1.738240475844179747e-05
-3.152537199372932086e+00
2.391779152707049771e+00
-5.176689626036119485e-01
2.298010487235251809e+00
2.110217010718876463e+00
1.710816063787467423e+00
8.073846754903395428e-01
2.649030906800069918e+00
-5.165801972803726384e-06
-8.871974352099438175e-05
9.157629278569546041e-05
-1.148931521925445633e-04
2.957913369270222530e-04
1.796440188121873661e-04
2.088029967057274301e-04
-7.917112830602297249e-04
2.220779918950609681e-05
-6.469114288515336985e-05
2.947616033124359717e-04
-1.500233024595029626e-05
-4.768095493062192664e-05
2.463595389347902724e-04
-7.710655131871426338e-06
-1.527094279832994666e-05
1.962703938823847055e-04
-2.744016064748863674e-05
1.366778298965581917e-04
-1.731200226240262648e-05
-6.905734285578235543e-02
1.327752717522514680e-05
-4.350802687434762728e-05
-2.847603301277487641e-06
-7.441669057237416019e-05
-1.874707311482198130e-02
-1.965426141060725698e-05
-1.666286862839656282e-04
1.753018630488392438e-06
1.524057973509786884e-05
-5.811551149333558410e-03
1.138957452241732031e-05
7.930262794274509108e-05
8.495747865236629793e-06
5.589328582651430726e-06
-4.771949462982718292e-03
1.411069072461080740e-05
6.776000543241793143e-05
4.833886474188840341e-06
-7.851654798453911181e-05
-1.536761054629848591e-03
2.107747223546016968e-05
1.025496727790176468e-04
2.740494454723967549e-05
2.077644418178249859e-04
-2.519730780030559648e-03
-8.796252221823161195e-06
-1.231589209039266313e-04
-1.319598850959188656e-02
1.380456170326049121e-04
1.438532235006634991e-05
-1.150514159344376286e-05
-1.089199410680191302e-04
3.416624995755332406e-05
-6.800944958115201500e-02
5.978729860315454628e-03
-8.195256030256808607e-05
6.661503754450571069e-06
-4.180785276800165484e-05
6.052012524256491848e-05
-4.684420829117802096e-05
3.077569609013766638e-02
-4.122571582689579101e-03
5.145159113304254603e-05
-3.658505148996198239e-05
7.202909733952655991e-05
-2.982974856040154614e-05
6.486743668483046805e-05
-2.117604820700556834e-02
6.511928889712773505e-06
-2.569023724101576582e-07
-2.989476592803892426e-06
2.261021299435227367e-05
1.908397100031734026e-03
-2.722065165746420326e-05
-7.154153666301979421e-06
3.258471778209826286e-05
-1.010309739014978586e-05
-3.152531507511450393e+00
2.391769494867818313e+00
-5.176629882167125274e-01
2.297996695089050689e+00
2.110219530759072981e+00
1.710821870853374449e+00
8.073844095823619060e-01
2.649030461940629522e+00
1.065464461811709549e-04
-1.068933044972363391e-04
7.932095300438560433e-05
2.783280312626360302e-04
2.668044963091868792e-04
1.185531048851872610e-04
-1.143725730866155795e-04
-8.045903463575102650e-04
8.449054065120189410e-05
2.330512224251294099e-05
2.920870493474408036e-04
-4.225757510292547898e-05
1.936405209027570952e-05
2.413204529296381312e-04
-1.768890559960348285e-05
-6.688365910035548698e-06
1.948376575973863258e-04
-7.805572548010038920e-05
3.378756519358894553e-05
4.822105082613928860e-05
-6.906238626195777830e-02
-6.528589877290331966e-05
-7.684473912388054689e-07
-1.543524057413155071e-04
4.675714520771271569e-05
-1.874366535506323539e-02
-1.532239737111585980e-04
6.510426813752216040e-05
9.130362169271380543e-05
1.412735602333473712e-06
-5.813666935145581950e-03
4.454094925669133543e-05
-2.352861505275572395e-05
8.542472309221940273e-05
5.849469284252223149e-06
-4.779383820266254121e-03
4.100785477275563709e-05
-2.743064827702072870e-05
1.141196402830585432e-04
7.543418202229529052e-05
-1.549290513410253589e-03
-1.093261500780655924e-05
-4.604413193630615411e-05
-1.107784762391775854e-04
-1.727139987593994958e-04
-2.513945716178890566e-03
1.350716734971534006e-04
3.445266891784562208e-05
1.321269300553547070e-02
1.167108652528861708e-04
-1.387943294687669655e-04
-1.013755036868152493e-05
3.114221275747004926e-05
-9.565375959665533764e-06
6.804417998170438076e-02
-5.974751227585364116e-03
-8.987255915551383822e-05
7.047644131055920283e-05
-3.818318425564092011e-05
-1.197195475671606608e-05
1.963538384736524022e-05
-3.079883905864479882e-02
4.107596173105029259e-03
8.345152628500961556e-05
-2.491216353339495014e-05
6.429382584242568366e-05
-1.048569603383579763e-05
-5.800033868831805991e-05
2.119738096561550600e-02
1.739744544132940736e-05
-1.286760971240400245e-05
-2.179035069449589699e-06
-4.496343842735051857e-05
1.913019789989864935e-03
2.135570594482842692e-05
1.030615080675820053e-05
-2.909488411839478351e-05
-4.881197909671367518e-06
-3.152532372245092418e+00
2.391758271851033513e+00
-5.176565088134269521e-01
2.297900985157144582e+00
2.110019582511079239e+00
1.710728541107465972e+00
8.073952649897191414e-01
2.649053967815508059e+00
6.256433699176482165e-05
-1.159052994790009741e-04
1.315684270427263606e-04
1.512038679208515439e-04
2.406714020494276317e-04
3.459488483416118046e-04
-5.146158362209935237e-05
-8.086052202033112068e-04
-1.376835713652932295e-04
5.202209085180899725e-07
2.750559441789611047e-04
2.713799381545026762e-05
4.510839785893361288e-06
1.988999166080850816e-04
3.738793189692616914e-05
-2.630099770446700863e-05
2.933659002394486005e-04
-9.153095733922467160e-05
6.053649048055019521e-05
-6.834834269839459506e-06
-6.900556985168621038e-02
-3.511247311717435610e-05
1.063780863411912668e-04
1.567198845179724987e-04
4.378325223202249729e-05
-1.868909598364820734e-02
-1.018561551575931760e-04
-6.454364921064986087e-05
-8.278537917802148826e-05
1.148661065152517318e-05
-5.758478998737014132e-03
4.271655338866670742e-05
3.050294400161740872e-05
-8.023880386111780730e-05
1.704973367289814266e-05
-4.705221402083418526e-03
5.307840240283957475e-05
3.295337022746918677e-05
-1.136623482219254128e-04
4.443685875171283974e-05
-1.430511447393641427e-03
1.065455880819874757e-04
4.004121793130995259e-05
1.040474491608910860e-04
-7.065167585440886759e-05
-2.605696035937331463e-03
-1.267362750698132956e-04
-1.328673477020748147e-05
-1.316876503394086989e-02
-1.467809076361205594e-04
-1.152794761680519067e-04
1.570110101643124034e-05
1.836305411177948342e-05
8.784952182327814257e-05
-6.778801498866446340e-02
5.976076654316939477e-03
1.013733040606751637e-04
6.183036209426187807e-05
-1.000783440003576857e-04
-1.804084005799688924e-05
-6.144100686136496139e-05
3.073732540428798787e-02
-4.143211066109661091e-03
-9.119322375681829631e-05
-2.348100812688229259e-05
1.714329472322691922e-04
1.644212044923910009e-05
6.149649047396531123e-05
-2.125528997351784286e-02
-9.100756987708306846e-06
-9.099553710349424056e-07
1.517047017702782374e-05
-3.055509113962423030e-05
1.872616550264022623e-03
-6.228070082600796475e-06
-1.207288631911506782e-05
4.020287326170450396e-05
-1.377900227877311548e-05
-3.152533978480839938e+00
2.391793808646312858e+00
-5.176686448164158350e-01
2.298023561674248150e+00
2.110225931549927214e+00
1.710817127403511106e+00
8.073848553936125994e-01
2.649030930997346545e+00
9.058967610282880238e-06
-9.209600024469697017e-05
-7.362466076597559803e-05
-7.217539244190081379e-05
2.892719377776966586e-04
-1.188398879221045810e-04
1.791132722077188265e-04
-7.985769715188537066e-04
-5.666174579490703745e-05
-7.291288178929951954e-05
2.995989533964085196e-04
3.691174809175705880e-05
-5.206163454518418054e-05
2.499372997834046323e-04
2.012857696904281885e-05
-4.418572698281334236e-05
1.996687026602357010e-04
3.460504408099042938e-05
-1.380025044516788044e-04
-1.891175026177559400e-05
-6.908441690837208160e-02
-1.141304150749150245e-05
-2.651834537079392727e-05
-4.881014117025707247e-05
-9.255507019903684769e-05
-1.877920812794693986e-02
3.856369258470379710e-05
-9.154964878822161988e-05
2.643426604480270895e-05
2.889016292026800475e-05
-5.816575385978460175e-03
-2.268969050103695600e-05
5.463337076011935971e-05
1.706076530836409471e-05
2.247988533562629570e-05
-4.773733982197072429e-03
-1.686655510680317951e-05
5.401006228887875285e-05
4.248549047416284126e-05
-5.883400690803331504e-05
-1.541668131022926611e-03
-1.401013704703756013e-06
8.976772485951537036e-05
-8.860212932996227003e-05
2.024713556617104980e-04
-2.501796314322137470e-03
-3.200890187078861020e-05
-1.170579526401444774e-04
1.327768510995939663e-02
-1.093974130941801834e-04
1.182978414342237931e-06
1.216194835079037473e-05
7.986663282213919733e-05
2.834899855923018325e-06
6.800177541291763106e-02
-6.011781127687569615e-03
5.525042433283055242e-05
5.275968227295112223e-06
-4.710505881510944348e-05
-4.537212754567660140e-05
-2.552111813580021631e-05
-3.076382441393578360e-02
4.136805149023879517e-03
-1.202566466044938066e-05
-2.535020650907372297e-05
6.518533107732933651e-05
3.429874398771287685e-05
5.533096380160756108e-05
2.116205526690994460e-02
-2.177701191296774875e-05
-7.169972754075381715e-06
-9.533327328554037352e-06
2.303030979689199846e-05
1.918568715255285174e-03
7.826394085070978581e-06
-4.227752442713183590e-06
-2.794522909487905798e-05
3.497934220996634256e-06
-3.152553155209927294e+00
2.391880109246422137e+00
-5.176978407436968466e-01
2.298053447328497256e+00
2.110112239613648466e+00
1.710762062899995106e+00
8.073935195753763061e-01
2.649040400241028603e+00
7.276630402130098720e-05
-7.352613384472455639e-05
4.145730152851619197e-05
1.864221191641092425e-04
3.523885251123129274e-04
2.178775815416600977e-04
-8.497071240269107319e-05
-8.432774485811645338e-04
-2.428146227600898040e-04
8.757041537735058137e-06
2.928355152691009575e-04
6.022024310033297111e-05
1.799072666803659112e-05
2.125382549294611845e-04
5.813523942322927390e-05
-5.732112150589400550e-05
2.984303279893834020e-04
-7.931198431231163064e-05
-4.390624413687111566e-05
-4.755680124634127865e-05
-6.877294133845461566e-02
-3.505732744498775031e-05
2.306137093664867299e-04
1.139013634526542772e-04
-4.994331859322275954e-05
-1.866648291538605328e-02
-9.348804711543806678e-05
2.349159278657676547e-04
-5.209628088727549940e-05
2.332351847447680529e-05
-5.759175250521686787e-03
3.387531401372371152e-05
-1.051042264081709270e-04
-5.417160787198308945e-05
2.784646754946990173e-05
-4.711430618318804102e-03
3.435197237742780075e-05
-9.264054187536128039e-05
-7.845062204276713144e-05
4.966841058827568573e-05
-1.444309739888193856e-03
9.749790350469711615e-05
-1.200585737803821156e-04
4.924647679903530815e-05
-5.257528280486140147e-05
-2.602916787834824979e-03
-1.694165305911485785e-04
1.175626089672437481e-04
-1.324957394908525717e-02
-1.431169544205885581e-04
-4.285797141651438019e-05
1.246200927997390129e-04
1.400137905913038244e-04
4.063775432591992115e-05
-6.784841781690542639e-02
6.016770458978369478e-03
1.098124577814936866e-04
1.202911907173916583e-05
-1.202246847710579380e-04
-1.051688513795777250e-04
-3.055649033779721767e-05
3.071350672907655760e-02
-4.165147345116666268e-03
-1.168163035886942238e-04
2.001991798268532225e-05
1.303885403480184446e-04
1.027392205228632284e-04
1.965157624056164745e-05
-2.116168766505332338e-02
-5.586966638042610350e-06
-1.111750267175913879e-05
1.064228555628014372e-05
-1.417692744630811457e-05
1.872700525458946249e-03
2.659587497710457632e-05
1.166119627196476796e-05
3.523306106020728467e-05
1.268580153784428064e-05
-3.152527911128541582e+00
2.391757068298306699e+00
-5.176573700097268915e-01
2.297929702515830286e+00
2.110082522568092145e+00
1.710751514913334770e+00
8.073898793964309206e-01
2.649044796411152092e+00
-3.547615190862144830e-05
-8.473376232472117423e-05
-4.631605105528529285e-05
-1.709447555854225935e-04
3.019935170783518905e-04
-5.282930398116779803e-05
1.847481457025400265e-04
-7.844399775644267077e-04
-7.368522022882566464e-05
-5.345277715512168507e-05
2.902205299192747441e-04
3.409970191340482021e-05
-4.977662010103710722e-05
2.184385845177474886e-04
2.961887995070586112e-05
4.604373302642428842e-05
2.863788291725328822e-04
-1.493273192853703749e-05
-1.664914926494235909e-04
5.384923267322608287e-05
-6.887974075636020543e-02
-5.213799262148864546e-05
-7.436576751329918283e-05
-1.821023600024383542e-04
1.638663808219491225e-05
-1.871654453454242584e-02
-9.932253081089423090e-06
-1.324676422757582576e-04
7.776649426281440655e-05
-2.076181313076611587e-05
-5.762922883779717127e-03
4.209057783091604843e-06
7.703233307429445376e-05
6.867770428740115117e-05
-2.320426806252473637e-05
-4.709819691180820549e-03
1.001449099684005800e-05
7.590511307118887215e-05
1.021222708505479046e-04
-8.181435650033091025e-05
-1.438821269057120400e-03
1.985087077832556606e-05
9.993932585732454206e-05
-1.146259933392068772e-04
1.574845740651265968e-04
-2.597980331716478238e-03
-2.500002903273092230e-05
-9.200056744024693060e-05
1.324666439193000755e-02
-5.428177360354688105e-05
-9.930387659774970489e-05
1.295773853150425370e-04
1.114907165172082957e-04
2.678265339142076387e-05
6.769567100094525669e-02
-6.000259849914134705e-03
3.421233690839976891e-05
6.682175442487408310e-05
-1.255842109631304104e-04
-7.051137275056255623e-05
-3.267079842864584107e-05
-3.065254442375260624e-02
4.135404050360905193e-03
-6.300325995954722189e-06
-6.421619146700541410e-05
1.424002219736070218e-04
5.682861830003926580e-05
4.983619845774724024e-05
2.114297507635082979e-02
-3.015705638517599072e-06
-7.220207702562426609e-06
-1.456495041752834730e-05
-9.678260454791954692e-06
1.881941695121294765e-03
1.987923649809665008e-05
-6.706948657890699937e-06
-3.818308095701994066e-05
-6.243980262582167051e-06
-3.152550331931441185e+00
2.391866970181410146e+00
-5.176911785640326835e-01
2.298038545737971283e+00
2.110101485544037203e+00
1.710750339601485592e+00
8.073925923381308767e-01
2.649041926003554259e+00
-4.581634632843870200e-05
-6.174844069649647240e-05
6.807952248892232272e-05
-9.392967978768352938e-05
3.623871208578307267e-04
2.034156825639740675e-04
-3.862895641902966415e-06
-8.197564653817245202e-04
-1.182566647336057527e-04
1.028003439568931645e-05
3.021368176566167256e-04
2.701714375979935863e-05
-1.832952063548934449e-07
2.225916808470345776e-04
4.270834899081938908e-05
3.948672043140991669e-05
3.106449584883388309e-04
-9.653412201267715055e-05
-3.617013337175756802e-05
1.453319354576072179e-05
-6.903976446550527668e-02
-1.013598363724323468e-04
1.329272793175672544e-04
-1.533154523106062378e-05
2.615764020797403360e-05
-1.877447416626062612e-02
-7.821236202350877556e-05
9.293373333230381666e-05
2.019624893256009282e-05
-2.176098823035079401e-05
-5.774892514011568771e-03
4.739057355615950828e-05
-5.938574975189834387e-05
1.669981611741940295e-05
-1.866489128195435778e-05
-4.715108037339012931e-03
5.262352485485916666e-05
-5.253265917401552665e-05
2.801995132439231290e-05
-2.287454841369452750e-05
-1.428337903184048827e-03
7.909791448116920741e-05
-5.807018026130297307e-05
-5.356879241642775578e-05
2.372406361830724887e-05
-2.618262241403593836e-03
-7.571585572520257365e-05
4.541857512509585391e-05
-1.335484592855324879e-02
-8.395239840958200299e-06
-1.198287699819152417e-06
1.865509693277020431e-04
9.022865223442459552e-05
3.261870082728844655e-05
-6.805790790152464742e-02
6.058900747675849061e-03
6.477806446437148549e-06
-4.083148521160425565e-06
-1.466876143969477603e-04
-6.099298942593983511e-05
-2.180440025394668208e-05
3.080726435396734936e-02
-4.183150178917708836e-03
-9.244668942062707513e-06
1.611357419455388285e-05
1.392618464947318474e-04
4.973502230135691191e-05
1.294879059833488506e-05
-2.122804494087294352e-02
-3.573273204041110688e-06
-6.406432887567703243e-06
-4.262031389727996295e-06
-1.465461116566981587e-07
1.878867925948907169e-03
1.440794827267948171e-05
1.359804413455359732e-06
3.873245882246679697e-05
-1.434165047886030043e-06
-3.152616626447577453e+00
2.392120718333636820e+00
-5.177761823730256951e-01
2.298349889585099781e+00
2.110282094683252563e+00
1.710819404628340035e+00
8.073864347455600443e-01
2.649014553161517682e+00
-3.347143964487761726e-06
5.755547875750948068e-05
5.021614236765315669e-05
-1.432433883740508119e-05
6.572468830989945405e-04
1.112809608700601185e-04
9.308639148838936410e-06
-9.060030309527508392e-04
-1.133561673351077693e-05
-7.234675651173551368e-06
3.293512247421844148e-04
-7.005322353979946562e-06
-8.617585650604623677e-06
2.452627562480396654e-04
6.684462647787205994e-06
1.637063924434607656e-05
3.005345164402196696e-04
-6.332840618378358943e-05
-3.637273855349202820e-05
4.735009626597694614e-05
-6.894593873274466878e-02
-5.271030787659469015e-05
3.954333112716129162e-05
-4.996739910059101307e-05
-8.604401992410537991e-07
-1.875277474475456688e-02
-3.752798244895340287e-05
5.051055231163552968e-05
2.673705964548645804e-05
-1.212571441949571979e-05
-5.795068594259588160e-03
3.288930622812319805e-05
-2.583808339433773968e-05
2.522409560113813166e-05
-1.667698199289979088e-05
-4.751382405333437996e-03
3.629733014306387595e-05
-1.813233971417656389e-05
3.552672649972294131e-05
-1.474332800336174827e-05
-1.479764637247820650e-03
3.933686165962696805e-05
-3.014199883383687014e-05
-3.444936443855524958e-05
-7.839715665884580280e-06
-2.599189559605857760e-03
-1.543728999883137038e-05
5.006155055512922391e-05
1.350577101482822867e-02
3.530115304988847014e-05
-5.242256093967733756e-05
2.691863858205918725e-04
1.179501428806009264e-05
-1.502410133422203004e-05
6.848003267794125493e-02
-6.128046897607735376e-03
-1.482517173634090865e-05
2.619911176586565055e-05
-1.269375922876656709e-04
-5.489531056557196611e-06
4.651192119886995470e-07
-3.096822818835604993e-02
4.213318562772793395e-03
1.524055749723576369e-05
-1.213412279259630960e-05
3.285952501481601007e-05
-5.028852108516735579e-06
7.215460066550968225e-06
2.122544498701798427e-02
-6.837278697404974785e-07
1.155248437859860561e-05
-4.782672314585916526e-06
-7.442982011870628536e-06
1.871816939026923815e-03
-1.346777390433259790e-06
9.867737167121458830e-06
-2.700554461168962477e-05
-3.426053723210441162e-06
-3.152616626247144893e+00
2.392120715207497472e+00
-5.177761818397462745e-01
2.298349886990410429e+00
2.110282094152446053e+00
1.710819404452013970e+00
8.073864346593335739e-01
2.649014553234259939e+00
4.180007943923257606e-05
5.755453364454296821e-05
2.798676311464731877e-05
8.916867786591534725e-05
6.572448176317736718e-04
6.798938869432451845e-05
-5.155965920704180306e-06
-9.060030573924741882e-04
-1.372240749307318796e-05
-9.683399919715553666e-06
3.293509858634574485e-04
2.764261620508150369e-06
1.483558781807751745e-06
2.452624247276924126e-04
1.081065113558286538e-05
-4.666724036074079728e-05
3.005348660761823754e-04
-4.585480407417211147e-05
5.244495900130926019e-05
-2.197259140567390319e-05
-6.894594265533389443e-02
-6.736167181186025971e-05
1.170048899307290775e-05
6.872461296162458771e-05
-3.292938112094558978e-05
-1.875277318499594600e-02
-1.801968683914690922e-05
1.802391029928996702e-05
-3.574406227879957143e-05
2.242000996907315963e-05
-5.795068730905887470e-03
2.694648408566643877e-05
-1.023663499467352339e-05
-2.831425268625782985e-05
2.309591497713482121e-05
-4.751382629463043496e-03
3.259203172491566562e-05
-1.277816049873864361e-05
-4.386654590097987323e-05
2.669487704131605260e-05
-1.479764338551347279e-03
3.243745136747577264e-05
-1.569447796436697400e-05
6.057916423086225771e-05
-1.728842967160275552e-05
-2.599190915797408314e-03
-9.298834463457186870e-07
4.802215462656728281e-06
-1.350577201712778105e-02
-3.066048309336680440e-05
-1.599753817923231514e-05
2.691868869724514668e-04
5.129766778850887768e-05
-2.305858913473122189e-05
-6.848002825134308358e-02
6.128048451843300277e-03
7.814630563927980195e-06
8.346637940056931453e-06
-1.269380871661805743e-04
-2.543296327560035422e-05
1.260558089847617737e-05
3.096822673274571280e-02
-4.213319713439443032e-03
-1.370826306819133370e-06
-1.042349570411538781e-05
3.286028819562102077e-05
7.992397944944458756e-06
-1.680575203853350367e-05
-2.122544529320749204e-02
3.302089925335031061e-06
-1.155223724650980533e-05
1.093634242443233362e-05
-4.887650433106398241e-06
1.871817050676220177e-03
5.772598289810467007e-06
-7.905411746380605560e-07
2.700561460917654390e-05
1.112763892798218071e-06
-3.152616626225403618e+00
2.392120715187734170e+00
-5.177761813998424945e-01
2.298349886944625275e+00
2.110282094868527913e+00
1.710819404566888302e+00
8.073864346865382569e-01
2.649014553163258068e+00
4.515335351482495005e-05
5.755448690395804142e-05
-2.219446603557227282e-05
1.035086056380118947e-04
6.572446578940222169e-04
-4.318698143151138017e-05
-1.446675584253399481e-05
-9.060027290165476943e-04
-2.402660630452369385e-06
-2.448852058124845790e-06
3.293511433811921983e-04
9.767830805172108346e-06
1.010026209747020210e-05
2.452626255557478784e-04
4.116250621323606614e-06
-6.303653956804682892e-05
3.005348622751575051e-04
1.750012530957988021e-05
-1.607747140017678957e-05
-6.932257553251733968e-05
-6.894593952073656273e-02
-1.465015871243788986e-05
-5.129525506950320061e-05
-1.875848425038984045e-05
-3.207032135588917441e-05
-1.875277483384592617e-02
1.950936852059845597e-05
-6.853105842059255346e-05
9.008319904820094755e-06
3.454617315947751085e-05
-5.795068672758379828e-03
-5.943545646211618181e-06
3.607539609257161343e-05
3.091856860254219778e-06
3.977323556095003896e-05
-4.751382819392000606e-03
-3.705998018105010038e-06
3.091193268488233220e-05
8.340709581266681080e-06
4.143895214293837807e-05
-1.479766108803377963e-03
-6.900328424597996376e-06
4.583642609627682586e-05
-2.612772300397369599e-05
-9.449819792685931877e-06
-2.599187271586487005e-03
1.450817492422680191e-05
-5.485788420323029380e-05
1.350577141595070765e-02
-4.638397281219374876e-06
3.642533561084773793e-05
2.691870707680482644e-04
3.950291468663189942e-05
3.808439559357425230e-05
6.848002755859194934e-02
-6.128047002056957217e-03
7.009135617517907573e-06
-1.785275238772112718e-05
-1.269381410833950174e-04
-1.994507620445473337e-05
-1.307207160263689156e-05
-3.096822603161007020e-02
4.213318243542122851e-03
-1.386857140168071506e-05
1.711155833078843524e-06
3.286031656136306767e-05
1.302284500182563365e-05
9.591434452675370089e-06
2.122544370343694420e-02
-2.621778717239550043e-06
1.155234008736552326e-05
-6.153977628036420323e-06
2.555204868384929875e-06
1.871816586050838822e-03
7.119136122221781716e-06
-9.076247533761411441e-06
-2.700555768388843863e-05
2.295999323096825076e-06
-3.152550331454019528e+00
2.391866968944006189e+00
-5.176911770472369945e-01
2.298038544666279215e+00
2.110101487217421301e+00
1.710750339811202503e+00
8.073925923984439645e-01
2.649041925878653725e+00
8.187290683595531806e-05
-6.174928851433649380e-05
5.609507580484120203e-06
2.231492988569335183e-04
3.623855579364255834e-04
-2.043880258289175727e-05
-1.004860207333865786e-04
-8.197560832008206257e-04
6.248259038304151557e-05
1.825760713402825803e-05
3.021370086284902402e-04
-2.240921461289112668e-05
3.707628675190242397e-05
2.225917105485995156e-04
-2.118834276770733253e-05
-1.033388303989947303e-04
3.106456079277218531e-04
1.405633357516534922e-05
-9.705104984599301817e-05
-9.504521143599141842e-05
-6.903976328334623935e-02
3.809410485457041156e-05
-9.781362370812326850e-05
-7.281616933595057794e-05
-8.081243704203485724e-05
-1.877447681623681600e-02
1.645334316008036177e-05
-5.974106990481092621e-05
4.133139922863123406e-05
5.192211165590830316e-05
-5.774892110102462957e-03
-4.849461018797560031e-06
4.718024929930754875e-05
3.714519276748444720e-05
5.490604575276370516e-05
-4.715108622396181441e-03
-1.014716492989558505e-05
4.072702501302667547e-05
3.627985120275750616e-05
7.993841475106182922e-05
-1.428342944859356100e-03
-1.973853199231911034e-05
5.330179808971676045e-05
-1.254618978350789042e-05
-7.743383779927883403e-05
-2.618251626008849184e-03
1.731192937805445898e-05
-6.910493075164369332e-05
-1.335484746491252643e-02
-2.405019804969650392e-05
7.873868494944185475e-05
1.865513079156305709e-04
-4.407582793981386962e-05
-2.357974670463749284e-05
-6.805790156302057858e-02
6.058901460966283591e-03
1.564380147820994358e-05
-5.078016526601652775e-05
-1.466877706079346144e-04
3.403346920472943599e-05
1.651223631171330102e-05
3.080726041422378325e-02
-4.183150113799166334e-03
-6.591480790562329398e-06
3.501542109156236524e-05
1.392620133869384991e-04
-3.882424439760350681e-05
-1.448076878606734206e-05
-2.122804112882314270e-02
5.465338119145708197e-07
-6.406511058675663436e-06
9.534566136822040529e-07
1.255082584036457897e-05
1.878866350610966995e-03
-7.076737644924076644e-06
-4.369665683699540783e-06
3.873224244183830092e-05
3.807151278857658365e-06
-3.152581700709670365e+00
2.391974803273744676e+00
-5.177269705568713354e-01
2.298174210164301012e+00
2.110174058405499764e+00
1.710775610323783891e+00
8.073921582148478882e-01
2.649034372358285871e+00
-1.393026377280879506e-05
-1.776359949832921983e-05
-1.371711723878016434e-05
-2.836635701968935781e-05
4.676446158896985315e-04
2.210601189853503550e-05
1.499204316898620267e-05
-8.549091474956613517e-04
-9.326986998071674353e-05
-4.172813048145333060e-06
3.103079373186689791e-04
1.934947937247898539e-05
-5.781689185133601766e-06
2.313379780692376045e-04
7.991294219386042396e-06
-4.782068572698055363e-06
2.989127116632354225e-04
-5.138032120793076338e-06
-1.021123568274079677e-04
1.094669041088995750e-05
-6.909599827315084097e-02
-2.845176832935058424e-05
-5.698677113991675990e-05
-3.296696912904031938e-05
3.853046926835934497e-05
-1.877061295700220914e-02
4.740999190224048508e-06
-1.853340355135908181e-04
2.543573757141085785e-05
2.935857797100065331e-06
-5.792066105416483930e-03
7.563933025605501883e-06
5.636478687534017290e-05
6.423576693980963097e-06
7.152541544443838969e-06
-4.734300214580386759e-03
4.836605200846081525e-06
5.216283637102500149e-05
-3.959394514401975529e-06
1.706608930432280946e-05
-1.451275516582617529e-03
1.911575166244033452e-05
8.177228842764219178e-05
-2.388349754261413858e-05
-3.151806990851480750e-05
-2.600378501515248145e-03
-3.865671493888376723e-05
-8.585610935711818171e-05
1.339973443538589742e-02
-1.154145211502482712e-04
3.120182041950567576e-05
1.557267120118541182e-04
8.623780942286772859e-05
2.988347881511177126e-05
6.821995801465779996e-02
-6.079296890058593326e-03
9.365964152309680336e-05
-1.057082037997824004e-05
-1.185785022318527199e-04
-5.629496773586283953e-05
8.477846546807703970e-06
-3.088505738158840719e-02
4.194109598275265818e-03
-1.122381570623821753e-04
-1.497332578429724313e-05
1.002026872785298506e-04
5.760206691033737314e-05
-1.200502773981493906e-05
2.126065300391099741e-02
-1.351576427230800600e-05
2.970502791462117714e-06
2.039990072509638907e-06
9.697268436079691987e-07
1.877914485792979687e-03
1.386097388541850963e-05
-1.864073693014941494e-05
-3.228397079784155882e-05
-5.551562425785721200e-06
-3.152536856567190071e+00
2.391784293046281373e+00
-5.176684812278853354e-01
2.297998322976615881e+00
2.110169653567548487e+00
1.710786097587823074e+00
8.073874739617664664e-01
2.649038620065552685e+00
2.169894844277622868e-05
-7.177260050776049140e-05
-2.096430176311725891e-05
1.246718969360770864e-04
3.136769682708408225e-04
-1.276862131710466888e-04
-1.574424180913182813e-04
-7.663297118362137270e-04
1.613357553199713085e-04
6.302503463736734278e-05
2.992266032522494616e-04
-4.691098175728196634e-05
5.655419699127868435e-05
2.469353914288766635e-04
-3.512097791296867028e-05
-9.863132821037138166e-06
2.240476808265810978e-04
1.214253948045142056e-05
-1.581946325143277626e-04
-4.509018196072460839e-05
-6.910359351689927820e-02
3.724740347599124219e-06
-8.126412626604671754e-05
-4.683930963838391960e-05
7.429998584413305450e-06
-1.878017482264468865e-02
-2.857220000890894071e-06
-3.081406967429817104e-05
3.578419451954417089e-05
-1.952653829772547488e-06
-5.801208233112605146e-03
2.228827595360775041e-06
1.369724218021382841e-05
2.534729378860659787e-05
5.443401467267409757e-06
-4.748879886573197789e-03
-4.717820344914705016e-06
1.312754204347460043e-05
5.157567476427612449e-05
6.628218699652644479e-05
-1.501190571371385871e-03
-6.316980555625180827e-05
2.915127479649972270e-05
-1.031406230820608189e-04
-1.526870530619120524e-04
-2.528936465557730679e-03
1.401835115668720842e-04
-5.459702692429897796e-05
-1.322681658868187643e-02
-1.323554718507596525e-04
5.573080091056782995e-05
2.275331073624264899e-05
-2.674482878837081828e-05
-7.645312839099269696e-05
-6.794286784928026124e-02
5.991271632009514438e-03
6.042043749922298718e-05
-3.370449380606392511e-05
-6.721960161905522757e-05
2.702016207126997421e-05
4.427615878749464884e-05
3.074797794877614718e-02
-4.129886826920540002e-03
-1.976340203784025503e-05
3.043003840682114488e-05
9.813505907856935606e-05
-4.277253390952987172e-05
-2.244253536340124746e-05
-2.118032803289920593e-02
-2.218406462071466955e-05
-2.131811552600156772e-07
-4.622701920140931875e-06
-5.033842073067949438e-06
1.904796281396111323e-03
9.111588857827531557e-06
1.293812053820511286e-07
3.542272457444949930e-05
9.629362830865069380e-06
-3.152588867187523736e+00
2.391973995386415641e+00
-5.177304219042223599e-01
2.298180275297547759e+00
2.110185130877111792e+00
1.710787554758170126e+00
8.073930039773227207e-01
2.649033012439506507e+00
-1.030135004854030375e-04
-3.656729409568296434e-05
-6.925691322224042859e-06
-2.255104109418038069e-04
4.420634729491730152e-04
-4.066395759646213411e-06
3.633933313561873296e-05
-8.786968353213721761e-04
-2.267288208024262794e-05
-1.467068358828758226e-05
3.017519206961813004e-04
3.558221111806760033e-06
-2.833538153904224815e-05
2.226682379072677555e-04
-2.884647647686819233e-07
5.376698590370749588e-05
2.836886854613596956e-04
3.522005815780786854e-06
-1.867213212053072963e-04
8.641218902103315865e-05
-6.920630153423414088e-02
-3.052603825348921510e-05
6.616358637622166356e-05
5.750677324664548004e-05
9.770981377226338363e-05
-1.874449304564202931e-02
4.596504805619548186e-05
-2.470983624999836283e-05
1.727961006013569063e-06
-2.671054984704728771e-05
-5.801036327102642581e-03
3.330730698531264476e-06
-1.812049197689394596e-05
-1.689366999056076155e-05
-3.320644265749082879e-05
-4.751370393673582000e-03
1.824117330472096362e-06
-1.167847899052145327e-05
-3.665783896018129959e-05
-2.847601677753461920e-05
-1.470558093316615784e-03
3.569557279572847772e-06
-1.038797544958391708e-05
-1.431852269890165235e-05
-3.213501719190366558e-05
-2.602837263768574896e-03
-1.208767304523371488e-05
1.783068704410041769e-05
1.333176229578162710e-02
-1.746811287437414063e-04
2.648656264475317940e-05
9.242798215790271055e-05
-1.300534883660161482e-05
-3.286200903504743432e-05
6.848106217960733821e-02
-6.037587331685346365e-03
1.422863749597224638e-04
-1.184161815328239691e-05
-9.444658266301135530e-05
6.864380769735346457e-06
3.310073601612463913e-05
-3.102768373737871399e-02
4.158463935600754252e-03
-1.675017675027097640e-04
-1.175228916179947721e-05
9.183462100884921819e-05
9.047810169469157094e-06
-2.634898154863104212e-05
2.137361960231351152e-02
-3.075707686016782450e-05
-8.320973373804851881e-06
6.077255779912942301e-06
8.670512944488028813e-06
1.866581828922283864e-03
-7.663327348819991064e-06
-8.201096353814814284e-06
-3.389781570804694332e-05
5.449042936869508700e-06
-3.152533749502626659e+00
2.391836593833152946e+00
-5.176773154877164496e-01
2.298080221849922999e+00
2.110295862521962995e+00
1.710853961068327544e+00
8.073828607135503654e-01
2.649020439590344278e+00
-1.092071107143161056e-04
-1.103772123614150643e-04
7.360032116963965716e-05
-1.449283732125566763e-04
2.782689922841753184e-04
9.845232390739153475e-05
-1.495934816517525555e-04
-8.522392929846448698e-04
1.021886579008410154e-04
7.209415996958968989e-05
3.029684515321504046e-04
-5.159748203007831545e-05
3.695820970932139481e-05
2.542071683024765025e-04
-2.465767839225895133e-05
9.834786758899647968e-05
1.745857130906227337e-04
-8.155320991825681888e-05
-1.589450493465660759e-04
5.008286130299145203e-05
-6.891685999063881796e-02
-6.025384871409191932e-05
-4.538316727164859498e-05
-1.813450874322508036e-04
1.190934787753119916e-04
-1.874932933653486455e-02
-1.155691342374688961e-04
2.574007930559935378e-06
9.658179591815117229e-05
-5.137152238942018677e-05
-5.824093471800175122e-03
4.825686368572803229e-05
5.774053655816288651e-06
8.000649870687551169e-05
-4.834170367584050051e-05
-4.793907449407257097e-03
4.225583455151098790e-05
5.134008368468722796e-06
1.283998503854997717e-04
6.664391993844748664e-06
-1.588282400693614461e-03
-7.118504360291238141e-06
1.608554991150686354e-05
-1.736968718598928601e-04
-1.321973316485803109e-04
-2.460446568430110954e-03
1.145063830962163076e-04
-3.774529242488022112e-05
-1.321000633684007823e-02
6.743076451027826823e-06
5.914671314612843299e-05
1.045609776044800765e-05
2.242017981169964732e-05
-5.505480269017947988e-05
-6.796755578229220218e-02
5.969706079223665793e-03
-1.588945979952055727e-05
-4.409754987107789167e-05
-2.814975841019390357e-05
-4.087129048103559656e-06
2.218093617582558960e-05
3.072034831875329608e-02
-4.090586921802554649e-03
4.760818818855814313e-05
5.137309563477100108e-05
2.566339571867699842e-05
-2.118771827964425786e-05
5.608039850922086691e-06
-2.108061983708625284e-02
-2.331176163431446235e-06
3.753322919059035598e-06
-2.042869257337480426e-05
-1.119656241413966632e-07
1.932186208030592985e-03
1.824162836350716569e-05
-2.786413456346040717e-06
1.749875175334088658e-05
1.931725761322870565e-06
-3.152629897173404139e+00
2.392106992336014759e+00
-5.177754901785168729e-01
2.298325668542451350e+00
2.110237775134581106e+00
1.710807399778694560e+00
8.073921293143191402e-01
2.649026188462034082e+00
2.893932310161968666e-05
3.499975926118438236e-05
-7.060495580690828775e-05
4.171975701879728296e-05
5.890483835343631250e-04
-1.280251723895554114e-04
4.271461306107774488e-05
-8.947195158210821198e-04
-3.972181715374970337e-05
-9.174077473781617323e-06
3.077615133605487150e-04
1.212224047041185305e-05
-9.750559356997223564e-06
2.376686571366730817e-04
7.473296480074332250e-06
1.735963412777328222e-05
2.572984293960565690e-04
2.716594601046892342e-06
-8.309542013514606374e-05
7.194457741121823222e-05
-6.922942936580320228e-02
-6.336716653811168883e-05
5.039346519947586825e-06
-1.144511982988024332e-04
-1.427292813819883629e-05
-1.870901385371379760e-02
4.871533366502018452e-05
-1.169541129772277846e-04
5.703247269449012981e-05
-1.734144221562031868e-05
-5.806581814256592602e-03
5.787985957238315354e-06
3.855260788336740128e-05
4.443292924327070720e-05
-2.222317154956678206e-05
-4.764743076480119216e-03
4.741938015979520562e-06
3.539643587041144406e-05
4.762508969432407654e-05
-1.026107178865282062e-05
-1.505886829840958653e-03
-6.465284182652778822e-06
4.087166822228212261e-05
-5.506844552125505577e-05
-3.063506324686496025e-05
-2.566429263471807585e-03
1.455412717952103764e-05
-2.665731942341298486e-05
1.323907483292827494e-02
-4.001409152757295570e-05
-3.957651518242036705e-05
-1.422452899936185733e-05
5.932178428627506725e-05
-1.883975917685862603e-05
6.849655677149160682e-02
-5.982016438397236638e-03
4.673416324874849360e-05
2.902656833094062092e-05
-3.323813659302995993e-05
-3.908974962945968037e-05
2.353143832616055343e-05
-3.105861255019474326e-02
4.107510543612490073e-03
-5.440025305921005567e-05
-3.524891060391709802e-05
4.750384269246350766e-05
4.394931132043057809e-05
-1.774881600410385327e-05
2.138353489537718130e-02
9.464536181099102467e-06
-1.869540126507345174e-05
-2.014245244643303239e-06
-3.804409444089994186e-06
1.873443921727166407e-03
8.180270682917963916e-06
-9.152888004097347978e-06
-3.129435979448174005e-05
-1.490562106730943674e-05
-3.152579633256140657e+00
2.391989419963677310e+00
-5.177283330464377276e-01
2.298288650015423595e+00
2.110468747931104616e+00
1.710926210191898722e+00
8.073728871486185454e-01
2.648993587487935564e+00
4.249952265956239979e-05
-8.900055859629042027e-06
-7.470523145529576309e-05
1.347279907652034533e-04
4.956224407484284555e-04
-2.382897486552396169e-04
-9.298653080526845323e-05
-9.026518041041850125e-04
1.606293017404742914e-04
2.033879536425908758e-05
3.236937651922264280e-04
-3.631490993907858598e-05
1.582017894873283346e-05
2.998478078904653595e-04
-2.518712949369572910e-05
-6.138381724162656318e-06
8.053633672130923113e-05
9.781376758086568284e-06
-5.338233494660099782e-05
1.324732176817680412e-05
-6.858306357886780058e-02
-2.371824333873646853e-05
-6.857558768032372977e-05
-3.758683887973378714e-06
-1.013098297396027451e-05
-1.864305462760107793e-02
9.900401147955832778e-06
-3.459826299368184152e-06
-8.576112564957562469e-06
-8.127355450376094769e-09
-5.833547575520889317e-03
1.742507280429642200e-06
-1.302557126611884297e-05
-1.182683685381431181e-05
-2.863124964553632261e-06
-4.827188519999224721e-03
5.238434142980147643e-06
-1.524623004133517586e-05
-9.309187636486113262e-06
3.283151312584825342e-05
-1.705088755682853535e-03
-5.792906955945510667e-05
-1.370556944615392879e-05
-8.366542781763505689e-06
-9.200432209889025247e-05
-2.305692700017423179e-03
1.597106106614462422e-04
-3.598456078943888263e-06
-1.318889024383188002e-02
-7.822215495139101687e-05
-1.750529614314333578e-06
-8.347929392235262092e-05
4.263228294814269334e-06
-1.023710318559368604e-04
-6.787306779900621756e-02
5.955931674559824043e-03
4.948729196301136660e-05
-4.083394328582151678e-06
7.099711507948212874e-05
5.146952159436725752e-06
6.493073685623996843e-05
3.062979451408364209e-02
-4.061808972596218925e-03
-4.115488458518763043e-05
1.427314894750488709e-05
-1.175981333838560516e-04
-2.658377694045706502e-05
-4.753561465874952147e-05
-2.089485434023206911e-02
-5.746060468904145084e-06
1.657157210701516487e-06
-4.109616156201851506e-06
-7.131962054390277484e-06
1.947293265578274113e-03
1.700020970054285274e-05
-4.325673476314860640e-07
9.235319955276698536e-06
1.422097249703437806e-05
-3.152686479972739431e+00
2.392290958405238754e+00
-5.178385053333381949e-01
2.298545173442242184e+00
2.110351611800199922e+00
1.710847695078225872e+00
8.073872282977365700e-01
2.649007079057607683e+00
7.774586996870569161e-10
1.425214608476218364e-04
1.252342949184349157e-08
2.498571128055912825e-09
8.379372214130822831e-04
3.753113611386732471e-08
-5.380417604694364930e-10
-9.649740388573158642e-04
-5.747237581274005455e-09
1.939801336324583134e-11
3.226248561930988206e-04
-3.217779742820516634e-10
-1.930590949778956704e-10
2.554038260990613030e-04
-3.114475579736688910e-09
6.123377119822857199e-10
2.328875004188077184e-04
8.722345531230058016e-09
-2.138459288129775258e-09
-3.424302603621631905e-10
-6.899314272271256376e-02
-5.541383638434469938e-10
-1.912421261329462018e-08
-2.971000487476785929e-10
4.899829335533575191e-11
-1.862504540688553895e-02
-6.362109888166519939e-11
-4.228136070900614305e-09
-1.903877329976560330e-12
4.764706462213315939e-11
-5.806457788021112017e-03
5.093593544031743588e-11
8.512186587390896217e-10
1.476729147879008888e-11
6.026739276715441214e-11
-4.776749092752097942e-03
3.277764516744326953e-11
6.873506838064032542e-10
-3.469277488925980135e-10
1.896690785001121579e-11
-1.548330287939781065e-03
-4.612575667463160781e-11
-1.863531904217759472e-09
9.988426916234505459e-10
8.009797023330031192e-11
-2.516051750281429050e-03
1.650704239613570339e-10
6.207087779399757994e-09
1.325603830645831482e-02
-1.507627095526833481e-11
3.667671142250720110e-10
-5.180251469498117767e-05
-3.988471229683224443e-10
1.997067911423952037e-10
6.850918942199074602e-02
-5.978621559874205960e-03
-3.574197721392774559e-12
-2.486805540443648605e-10
1.464358486718067565e-05
-6.942886416237956906e-10
-1.921541972335925895e-10
-3.105694607204765798e-02
4.082345504356241911e-03
-4.547589709929541748e-11
1.943242140255926292e-10
-3.151786839156352216e-05
8.480253606593430051e-10
1.083294372647267800e-10
2.130659060930736523e-02
-1.358081281123389898e-09
-2.040145448044535328e-05
-9.204446546886319842e-11
4.243244253397380734e-11
1.864146224847555624e-03
2.768975748187599690e-11
-4.135823005808101319e-10
-2.699438551116841800e-05
-4.887959241237765016e-09
-3.152579633077449373e+00
2.391989419038576870e+00
-5.177283322639490981e-01
2.298288649056428934e+00
2.110468748527283722e+00
1.710926210239097855e+00
8.073728871698239162e-01
2.648993587427121543e+00
-8.593640842472833512e-05
-8.900508314636530055e-06
5.216941054022124533e-07
-2.736995635046803868e-04
4.956214670736765193e-04
2.397303012077529164e-06
1.855979326538921505e-04
-9.026514755113679940e-04
2.230756083171080251e-07
-4.161903089151963725e-05
3.236938765379529038e-04
5.446776422537787476e-07
-2.972499254493861167e-05
2.998479298252508703e-04
-1.101474563763131486e-06
1.154731977890015369e-05
8.053646508832926123e-05
4.110753425266363192e-07
8.605911305416190870e-05
-2.716502084445984039e-05
-6.858305987741947218e-02
3.879679621093442952e-07
-1.196957412389946341e-05
4.864537000484348830e-06
1.363896078914098286e-05
-1.864305629599810610e-02
3.823566568078230239e-06
-1.524223022809838490e-06
1.556931375789385861e-05
1.513008168639574824e-06
-5.833547525750453280e-03
-8.640157400619729892e-07
-9.148556683641437354e-07
1.911712053931233023e-05
5.967994952917942076e-06
-4.827188781533116486e-03
-1.394669122294257418e-07
-2.619381464807917347e-06
1.651864966508417704e-05
-6.658409594726416992e-05
-1.705090795028073574e-03
5.318092764769921150e-07
-1.209392094436691361e-06
7.312159738778557441e-06
1.843158210536145552e-04
-2.305688587760508848e-03
-1.771386928141995447e-07
-5.445666924528202219e-06
-1.318889105260765554e-02
1.277671584172091314e-04
4.565599173525676513e-06
-8.347913853980551413e-05
-6.141634178820369501e-07
-1.655748786014612153e-05
-6.787306614936720883e-02
5.955933168100371357e-03
-8.097552930816548399e-05
6.498608506790492720e-06
7.099700342316252188e-05
9.643492597885983559e-07
1.039220976598574132e-05
3.062979291862365921e-02
-4.061810101948334223e-03
6.174469151582039214e-05
-3.015780414358402647e-05
-1.175979444517655931e-04
9.280577783381840450e-07
-1.187368048164796004e-05
-2.089485204058765672e-02
1.518940948059886445e-05
1.657243037363137994e-06
2.428016316305087486e-06
1.828851918874772431e-05
1.947292711202418996e-03
-2.323536294249070478e-06
-3.341876150506465373e-06
9.235188002039804194e-06
-2.142375701749233537e-06
-3.152596578447293130e+00
2.391997759946346225e+00
-5.177357667907656058e-01
2.298184511146780906e+00
2.110157494102863129e+00
1.710779726297820602e+00
8.073946198105047545e-01
2.649036905423680643e+00
1.288588720843350630e-04
-3.363966624361601617e-05
-7.808018880391947724e-05
3.206195932014016970e-04
4.395104362379930471e-04
-1.674065092810348137e-04
-1.042181370360435342e-04
-8.803658246235901473e-04
1.350549728647549403e-05
-6.905179721312304432e-06
2.933040383366102358e-04
9.000508099797213327e-06
6.610455497458225652e-06
2.178416018279240340e-04
-2.181494148295356729e-06
-1.057401268718121697e-04
2.782731723939387480e-04
5.437247771137118007e-05
-6.785401711988884449e-05
-6.025437328513764609e-05
-6.910255793060460228e-02
4.995439776771378945e-05
-6.636412738344934625e-05
-1.346263190425408618e-04
-1.903311218962470204e-05
-1.867688722032668711e-02
-3.364062356027978278e-06
-1.109991119519740030e-04
1.049066423046677335e-04
5.918160770046769405e-05
-5.782652614844236393e-03
-2.863054315410315780e-05
6.636097875557884422e-05
9.387272035903359820e-05
6.752594295869673651e-05
-4.737880711764864798e-03
-3.227237674742433978e-05
5.821657945733089978e-05
1.225503177635285136e-04
1.024774563008619107e-04
-1.472825516808041763e-03
-4.301419859846967889e-05
7.879071771596644783e-05
-1.124965913189079707e-04
-9.482154231415197893e-05
-2.587360016175343537e-03
3.385487760311067101e-05
-7.896233220516460241e-05
1.318467767536610213e-02
1.545794054697044277e-04
-4.827483884973561047e-05
1.677773119705683325e-06
5.893405034841409269e-05
1.017740342687783583e-04
6.826450809808431996e-02
-5.960221415983429916e-03
-1.040456646088198933e-04
2.544733212240726924e-05
-5.978063972844963048e-05
-3.914077014480698505e-05
-6.179563793465617759e-05
-3.096380542106431932e-02
4.101740793203694120e-03
9.307076541837050552e-05
-1.179354963941087620e-05
9.639257226849544391e-05
2.631866518675955035e-05
4.735820552448637578e-05
2.136156876342912986e-02
-5.573004266535691440e-06
-1.882789731555304250e-05
-2.382148042021778257e-05
-1.855998270505418175e-05
1.873089415932073162e-03
2.007372526302159132e-05
-9.735723652030633425e-06
-3.119609232582690596e-05
-4.454963807034028082e-06
-3.152537479614552218e+00
2.391829468712931561e+00
-5.176740869599284478e-01
2.298068787576793781e+00
2.110276583666876427e+00
1.710844276991391633e+00
8.073843088865575446e-01
2.649025786410507344e+00
7.334252525181136841e-05
-1.018820203879959498e-04
8.640940564003761070e-05
1.003728783309586854e-04
2.798885985218332786e-04
1.800732178680442930e-04
1.085921179618945585e-04
-8.312048053267157878e-04
6.404644068201253157e-06
-4.638036438775079424e-05
3.003935919747363018e-04
9.761274106946440650e-08
-1.594983305847058060e-05
2.553915992564584694e-04
-3.554562356318257440e-06
-1.202786185956070326e-04
1.695762951113018006e-04
1.234542501328307798e-05
-8.933816611633922135e-06
-1.316965750487106290e-04
-6.904897968955420184e-02
6.485840058648379217e-05
-5.565771981506950107e-05
-1.175737457543625134e-04
-1.984129606900919009e-04
-1.875823396374157528e-02
3.854510047364838083e-05
-2.121216439786474369e-04
6.299744393507768388e-05
6.671683839426583937e-05
-5.825629487796366371e-03
-1.185972549995051707e-05
1.006164252694395503e-04
6.061472511685227704e-05
6.492601544233856466e-05
-4.792132090922940346e-03
-6.914393768902232047e-06
8.423651285413367030e-05
7.046706711401442061e-05
-7.394512234662696775e-06
-1.587736437261733080e-03
2.937682912495002355e-05
1.062679774863540161e-04
-5.116753773814540040e-05
1.826040847916651734e-04
-2.446347489780132008e-03
-7.896497875300201069e-05
-1.073850983941001213e-04
-1.314651705790161919e-02
1.190344708343856524e-04
1.303546626903150367e-04
-4.533618610870829291e-05
-1.412734745697216557e-04
6.213230423925521564e-05
-6.798695113369737641e-02
5.940506756595109392e-03
-4.932442511604425914e-05
-6.467435293822233310e-05
-9.864338301515326868e-06
8.513528365715785208e-05
-4.056120468966272798e-05
3.075693679521137452e-02
-4.075621656340614428e-03
6.089064492952565855e-06
1.728978955943863936e-05
2.905850631669190665e-05
-5.618036679251389048e-05
3.178664082856069110e-05
-2.114364377346274887e-02
6.126412745027461949e-06
8.974744625389084805e-06
-2.297602480091324052e-06
4.084818521077377985e-05
1.932654484403064331e-03
-4.264162250894984501e-05
-8.748938203209178158e-06
2.428629269313688937e-05
-1.669854279555398220e-05
-3.152546934708887694e+00
2.391809420598029590e+00
-5.176785519919095968e-01
2.298034346936810746e+00
2.110214846623014839e+00
1.710817488080475846e+00
8.073849822361380824e-01
2.649029128919358822e+00
7.956520827333469657e-05
-9.949303797700790892e-05
-5.765240485665314911e-05
2.744833438856042994e-04
2.989979722004924303e-04
-1.417317131609738268e-04
-2.173317502180287014e-04
-8.402746539532511549e-04
3.268666038922031004e-05
3.349453239944733121e-05
2.882268654632994301e-04
-6.994317560339028599e-06
2.386223587926418303e-05
2.281433793527796723e-04
-2.102380560208099243e-06
-3.134941364535970558e-05
2.184731192431976798e-04
4.300684197626495557e-06
-3.551394507405117307e-07
5.174959800560881285e-05
-6.895764807697872534e-02
-3.308878664375221844e-05
-2.715991948542856738e-05
-9.610934132561312960e-05
5.856775952477511512e-05
-1.869690487889288238e-02
-4.663749889597225765e-05
-1.046306630995180362e-04
9.323497771602035013e-05
1.291980500385177548e-05
-5.801332732462143212e-03
1.215163198280811265e-06
5.448731625119535189e-05
8.461729459408684300e-05
1.700431183634284180e-05
-4.767238698359618429e-03
-4.168926232159206075e-06
4.299329360383113442e-05
1.037522681678236595e-04
1.109775847795860606e-04
-1.523125347179935581e-03
-3.987372745549702040e-05
5.713504865808349061e-05
-9.515360540122502981e-05
-2.467682442672477247e-04
-2.553000427821010103e-03
8.570405622926216375e-05
-7.253981684682254093e-05
1.321667309022617545e-02
1.532298372164747017e-04
-9.023275097162688357e-05
9.186561225928147056e-06
9.440464942980992310e-05
2.225714331669848868e-05
6.813162809670211817e-02
-5.982483975062831937e-03
-1.037305119968936779e-04
3.470270976951058805e-05
-5.052764254841884961e-05
-5.236484126795213994e-05
-2.606695127036374061e-05
-3.085210069156493068e-02
4.118730003930690976e-03
7.974420037009890454e-05
8.995809495032506316e-06
7.657992971863217257e-05
2.354830014244237250e-05
1.814423153501018007e-05
2.123573001333089322e-02
-3.023704242285609649e-06
-6.895301618072295548e-06
-1.003206870824407894e-05
-3.606229164610267549e-05
1.896812037140681480e-03
3.150986169881070734e-05
-1.760692582321554374e-06
-2.840987457379944036e-05
-6.001269884676885264e-06
-3.152546936536772204e+00
2.391809419585844587e+00
-5.176785530703564842e-01
2.298034347605656613e+00
2.110214848543922272e+00
1.710817489392705726e+00
8.073849818593334948e-01
2.649029127955463636e+00
-7.954624859347225090e-05
-9.949394484728318108e-05
5.763697337608637253e-05
-2.744497378097981348e-04
2.989966222378705445e-04
1.417037789685141448e-04
2.173324483937125802e-04
-8.402758660860595603e-04
-3.269417633957167029e-05
-3.349919457665764827e-05
2.882270882899098377e-04
6.995446032630548355e-06
-2.386455389805493222e-05
2.281437364659360200e-04
2.100084647178669230e-06
3.134535218958023946e-05
2.184726612878447327e-04
-4.287866152476830519e-06
-3.266382540666060499e-07
-5.175414043354195810e-05
-6.895763568635170093e-02
3.308990313198568144e-05
-2.718111214775780545e-05
-9.609019533090811514e-05
-5.856827826129017514e-05
-1.869690279261048901e-02
4.663726172546471343e-05
-1.046423902715629833e-04
9.323308410834151407e-05
-1.292043981890004134e-05
-5.801329345733880795e-03
-1.215007512577725968e-06
5.448811705603042051e-05
8.461986000875889322e-05
-1.700504699757844043e-05
-4.767235404567481821e-03
4.169052569219912439e-06
4.299141347041197025e-05
1.037740204458359689e-04
-1.109788095788824145e-04
-1.523118819542285118e-03
3.987414940860112365e-05
5.712092090917721208e-05
-9.519369629132107703e-05
2.467692246612152311e-04
-2.553011345506785504e-03
-8.570482077826954660e-05
-7.251315461780841307e-05
-1.321668009297219219e-02
1.532292399328276811e-04
9.024316802299790947e-05
9.187090449412627091e-06
-9.440850324805117677e-05
2.225728614826624242e-05
-6.813163485075990344e-02
5.982487426495149835e-03
-1.037301999531166840e-04
-3.470500775435477608e-05
-5.052781588872623519e-05
5.236956917870761027e-05
-2.606694410835273899e-05
3.085210529539017879e-02
-4.118737798651066206e-03
7.974396660690184551e-05
-8.994287811642047957e-06
7.657985764665531381e-05
-2.355816622207084382e-05
1.814429856327864085e-05
-2.123573737271994971e-02
-3.024395248886534247e-06
6.895260227420735354e-06
-1.002840274953433137e-05
3.606186890964941088e-05
1.896811215216161282e-03
-3.150969853521802408e-05
-1.759782660923776528e-06
2.840944408380391493e-05
-6.004270343647914921e-06
-3.152537481739569269e+00
2.391829474660327470e+00
-5.176740907084588228e-01
2.298068792040945940e+00
2.110276579186432855e+00
1.710844276099806160e+00
8.073843089881301838e-01
2.649025786908860258e+00
-7.333618160749056508e-05
-1.018806036946289482e-04
-8.643064014889255083e-05
-1.003651340633528589e-04
2.798911274411934429e-04
-1.801143675490824141e-04
-1.085901571280082115e-04
-8.312047329689378154e-04
-6.407420884079644604e-06
4.638070302926500477e-05
3.003932322182304663e-04
-9.515633394230070042e-08
1.595512210650297099e-05
2.553914198154465611e-04
3.556118634829903583e-06
1.202603818188808106e-04
1.695756397049002595e-04
-1.234359284486714463e-05
-8.930971455507654821e-06
1.316928373715855766e-04
-6.904900710216380078e-02
-6.485688135894141296e-05
-5.567058388195544015e-05
-1.175812042017513584e-04
1.984125809741831470e-04
-1.875823063046571856e-02
-3.854519534529949752e-05
-2.121404496124246956e-04
6.300208175508165847e-05
-6.671716368792309794e-05
-5.825628213067180448e-03
1.186012045663033211e-05
1.006156801316018335e-04
6.061998695649269825e-05
-6.492643261897239229e-05
-4.792131276188926585e-03
6.914736765770010873e-06
8.422978982456028334e-05
7.047403239771442437e-05
7.393485776738952062e-06
-1.587734243325945697e-03
-2.937628692388502614e-05
1.062440961340568185e-04
-5.117029351283769152e-05
-1.826027058268683313e-04
-2.446351248653821312e-03
7.896437350643147025e-05
-1.073529604567782488e-04
1.314651040769094538e-02
1.190346423171914723e-04
-1.303441119196161097e-04
-4.533666778589601210e-05
1.412663714894843827e-04
6.213177794741567977e-05
6.798694643740824106e-02
-5.940497659437186592e-03
-4.932474648761846821e-05
6.466529130955666878e-05
-9.864088206430060568e-06
-8.513273241936266452e-05
-4.056086066310483559e-05
-3.075694031562536609e-02
4.075612834342753031e-03
6.089265864671561737e-06
-1.727559604145524608e-05
2.905833428447357480e-05
5.617621854679928850e-05
3.178667408922813183e-05
2.114364809883192281e-02
6.122207002078703129e-06
-8.974691338076141002e-06
-2.301163147413266873e-06
-4.084824343095182095e-05
1.932657432269424200e-03
4.264197935982480547e-05
-8.751017604462793878e-06
-2.428671807645757974e-05
-1.669522566920649529e-05
-3.152596579499725493e+00
2.391997764833734053e+00
-5.177357690267602175e-01
2.298184514652785726e+00
2.110157492312469074e+00
1.710779726045366322e+00
8.073946198587378387e-01
2.649036905458970637e+00
-1.288312271639328334e-04
-3.363950980227208747e-05
7.808924160604904124e-05
-3.205374875375954433e-04
4.395107380094780180e-04
1.674460451125011598e-04
1.041942351311040663e-04
-8.803663551286831273e-04
-1.353214136592884238e-05
6.902246962174793355e-06
2.933039357476881237e-04
-9.003964693086591580e-06
-6.617305570506988848e-06
2.178416804143384553e-04
2.173002350841065220e-06
1.057492273505069983e-04
2.782727469940553516e-04
-5.435324964853806122e-05
-6.784864397019218542e-05
6.025135087724044648e-05
-6.910255698870952645e-02
-4.995361143395483233e-05
-6.649428124000801143e-05
-1.346097644323150265e-04
1.903298337994690712e-05
-1.867689218631791645e-02
3.364029146734793412e-06
-1.110652493404509636e-04
1.049076820665132038e-04
-5.918195943732003903e-05
-5.782652855485056163e-03
2.863044237552493979e-05
6.635385579548107738e-05
9.386900252039757876e-05
-6.752633038913246504e-05
-4.737879856943952826e-03
3.227240764223694724e-05
5.821559620715554227e-05
1.225360504444869330e-04
-1.024782781467713932e-04
-1.472822595182604090e-03
4.301433339659369682e-05
7.877957120533708442e-05
-1.124775725163880988e-04
9.482263454923342430e-05
-2.587365095915665058e-03
-3.385483720554397728e-05
-7.892726593931413410e-05
-1.318451277344583755e-02
1.545806000817135685e-04
4.828187848648847653e-05
1.677481987528289809e-06
-5.891109416312817395e-05
1.017733941442841485e-04
-6.826456431706265371e-02
5.960147984768937243e-03
-1.040462626671118020e-04
-2.545363872461469095e-05
-5.978053511282270527e-05
3.913341206149877961e-05
-6.179519507051010625e-05
3.096382971142278701e-02
-4.101692048600082824e-03
9.307091758189382346e-05
1.180251197113190462e-05
9.639241948914030467e-05
-2.631480210881786838e-05
4.735829784873471981e-05
-2.136158571979326903e-02
-5.540904938121458262e-06
1.882768638237396346e-05
-2.382156844209717289e-05
1.855984943208353302e-05
1.873090992005710864e-03
-2.007369405008379865e-05
-9.738044539981831121e-06
3.119595150456936478e-05
-4.432043731077909676e-06
-3.152579633417228244e+00
2.391989429030445091e+00
-5.177283352772199532e-01
2.298288654946027076e+00
2.110468744583590350e+00
1.710926208145286953e+00
8.073728873120938898e-01
2.648993588421083345e+00
8.591836028761672996e-05
-8.899633949811195516e-06
-5.268941290934601044e-07
2.736381741116020736e-04
4.956226373479186154e-04
-2.436588284694142605e-06
-1.855787399497738890e-04
-9.026507852184441523e-04
-1.887959811552936731e-07
4.162155152044593072e-05
3.236934560753617273e-04
-5.412647791262633258e-07
2.973415380350691458e-05
2.998475153315322797e-04
1.112248329015154687e-06
-1.157206726720358403e-05
8.053655434608528695e-05
-4.320484558657798656e-07
8.611123661914446038e-05
2.716482346969888249e-05
-6.858307814906321187e-02
-3.866502765795463813e-07
-1.207597635419232780e-05
4.898563139077178469e-06
-1.363879752965267066e-05
-1.864306506000123695e-02
-3.823294519365545976e-06
-1.585578268386192024e-06
1.557645466408913809e-05
-1.513046930599699691e-06
-5.833548983423325444e-03
8.642190748243807135e-07
-9.205256404890816525e-07
1.912593332913549500e-05
-5.968058775642487768e-06
-4.827190409483263570e-03
1.396618168294971859e-07
-2.615902679251106195e-06
1.654704959615318935e-05
6.658398587928361536e-05
-1.705097420627493376e-03
-5.315007504453662003e-07
-1.206713957557082920e-06
7.265981426394983893e-06
-1.843158225909877570e-04
-2.305674995421554824e-03
1.768348893407626013e-07
-5.428332433326466398e-06
1.318871489872021699e-02
1.277676167988298507e-04
-4.575541903065975108e-06
-8.348027684824954608e-05
6.125966197538891650e-07
-1.655860690364466609e-05
6.787310681232483489e-02
-5.955847437054389432e-03
-8.097603058056568651e-05
-6.496689110123605483e-06
7.099727487312398888e-05
-9.642519874120029963e-07
1.039277912065551404e-05
-3.062980950153638277e-02
4.061742108536204460e-03
6.174486353092448426e-05
3.015983244658516828e-05
-1.175978054870976952e-04
-9.252160626139215172e-07
-1.187379787443205398e-05
2.089486224025542335e-02
1.521803993631039168e-05
-1.657264637668270605e-06
2.428613114167381182e-06
-1.828852208856209189e-05
1.947294454219497973e-03
2.323683570347158775e-06
-3.341321244460265922e-06
-9.235475634626287951e-06
-2.119388980804948784e-06
-3.152686467806203652e+00
2.392290897490122248e+00
-5.178384825151832738e-01
2.298545130674928938e+00
2.110351632174183756e+00
1.710847700862195842e+00
8.073872279068592395e-01
2.649007077102107477e+00
1.154597313896220067e-07
1.425219185599349830e-04
4.092900407941761396e-08
3.610440372259907085e-07
8.379391216017596962e-04
1.274374616873153390e-07
-7.118105944645381767e-08
-9.649757409340054166e-04
-2.352449041484953004e-08
-2.855069675371881425e-11
3.226247001001750236e-04
1.955776504371309218e-10
-2.941587276706337794e-08
2.554029606472695826e-04
-9.989742397850990785e-09
8.883521725403702023e-08
2.328893873760938885e-04
2.912638341743653255e-08
-1.856081170793278162e-07
-4.974993177042104392e-09
-6.899302418992302177e-02
-1.015017259104256735e-09
1.053345987627913194e-07
2.196815428648618469e-09
-1.276943053791272816e-09
-1.862499952502228578e-02
-1.774145780331121990e-10
-1.548203671378159933e-10
-9.883634689300291772e-09
-3.667231662779110047e-10
-5.806461350821411592e-03
-4.995963322887626396e-11
8.820077756393362203e-10
-1.380341634598509109e-08
-5.740454087060224695e-10
-4.776752962720912099e-03
-7.826868666234560064e-11
1.801939881928855494e-09
-3.579536793782567940e-08
-1.288014443997133082e-09
-1.548321644426819054e-03
-2.057357367256330505e-10
9.978089152490375672e-09
4.709909426087539501e-08
1.752666293722594746e-09
-2.516081712774381057e-03
3.714167865196073970e-10
-1.873764507466900636e-08
-1.325575401932416013e-02
5.303580375453991996e-10
1.776191592316618086e-08
-5.180201704890405323e-05
-8.263067987742775921e-10
-5.071655665528914032e-10
-6.850915873020831104e-02
5.978500928190363418e-03
-4.573452312286100476e-10
-2.022602308053450559e-08
1.464252337623345168e-05
-3.918451777272942185e-09
4.867598224160987268e-10
3.105693830032085420e-02
-4.082264168729931447e-03
-4.132456596053534706e-11
2.350137942957782305e-08
-3.151611425307628001e-05
5.061269907930584824e-09
2.701665686137151190e-11
-2.130659179324667640e-02
5.643749793107480917e-08
2.040139885836097486e-05
5.831548631949461307e-09
9.537673365144141810e-11
1.864136494509242544e-03
4.633085867252306783e-11
-5.552534919640296842e-10
2.699453990819038673e-05
9.767069430146992482e-09
-3.152579633879649013e+00
2.391989424792522634e+00
-5.177283349697923143e-01
2.298288653132444459e+00
2.110468746607562451e+00
1.710926209611910664e+00
8.073728870227259158e-01
2.648993587691109042e+00
-4.264626029912877987e-05
-8.900098183562462489e-06
7.448497302741817396e-05
-1.351231490284338674e-04
4.956219648942893768e-04
2.376973696494659146e-04
9.301024255339732181e-05
-9.026514729255610998e-04
-1.605976458725650463e-04
-2.034008124368441291e-05
3.236936164494961642e-04
3.631271168951207885e-05
-1.580056355453649002e-05
2.998479254642968895e-04
2.521809406973011571e-05
6.081907375709452268e-06
8.053568340711438761e-05
-9.874920422157037222e-06
-5.362884428762082262e-05
-1.324730012642320225e-05
-6.858306898858596012e-02
2.371558549495964311e-05
-6.795570999732739211e-05
-3.805943777003720316e-06
1.013075380168277216e-05
-1.864306147532635016e-02
-9.900828994403081877e-06
-3.332084904808676031e-06
-8.582064882808236134e-06
8.620751269090302026e-09
-5.833548252622946899e-03
-1.741895290692543311e-06
-1.300916923806386068e-05
-1.182923736872505278e-05
2.863401945588298414e-06
-4.827188718710681732e-03
-5.238041779457336500e-06
-1.524353776561134807e-05
-9.336725717718883549e-06
-3.283161806706560401e-05
-1.705089828917380826e-03
5.792850049999383779e-05
-1.366053552779734063e-05
-8.297298984606705849e-06
9.200461974434045011e-05
-2.305690372054604136e-03
-1.597089447072126277e-04
-3.728458632354655908e-06
1.318872060936443491e-02
-7.822141890374858489e-05
1.758698401961079384e-06
-8.347997395133366361e-05
-4.249510259801648690e-06
-1.023685734009042520e-04
6.787311368501358633e-02
-5.955858165823269684e-03
4.948683703552493092e-05
4.097731842115227667e-06
7.099732616322115830e-05
-5.127390419148352210e-06
6.492975999250859688e-05
-3.062981217284184432e-02
4.061760164953258714e-03
-4.115496162275475184e-05
-1.430331326346447334e-05
-1.175980936814809835e-04
2.654219459067864431e-05
-4.753419584366013254e-05
2.089486571366637110e-02
-5.717844762181328660e-06
-1.657407244891388275e-06
-4.107301774353506999e-06
7.132621826172596820e-06
1.947294357135139192e-03
-1.699917756116443878e-05
-4.410894298631828822e-07
-9.235068617206713178e-06
1.424091876806672735e-05
-3.152629913695667252e+00
2.392107077515067015e+00
-5.177755210463759195e-01
2.298325727164579835e+00
2.110237746776187695e+00
1.710807390965847219e+00
8.073921299054599432e-01
2.649026191495917448e+00
-2.892929083373609560e-05
3.499911346369289017e-05
7.072569468358374015e-05
-4.169920128187394864e-05
5.890452854392536769e-04
1.283819184203556659e-04
-4.270137467332830224e-05
-8.947168183148075616e-04
3.967766203933338842e-05
9.173157686656501075e-06
3.077614872576232841e-04
-1.212048095893657280e-05
9.745721381670075992e-06
2.376695511758859152e-04
-7.497517282700292548e-06
-1.734510669678596600e-05
2.572958606435459547e-04
-2.639612066334716544e-06
-8.311474286012602393e-05
-7.194339558434212399e-05
-6.922958720821359435e-02
6.336354890685772087e-05
5.367754500211268862e-06
-1.144714219566029818e-04
1.427302702148649258e-05
-1.870907721826385248e-02
-4.871617727809977828e-05
-1.168978924656234868e-04
5.703774499413398599e-05
1.734169959821920190e-05
-5.806574828010219527e-03
-5.788129637729404154e-06
3.856233411630564142e-05
4.444422160738083932e-05
2.222335464183883177e-05
-4.764736942922342955e-03
-4.742242751872785143e-06
3.539931614568216100e-05
4.764373643559431410e-05
1.026156098980908585e-05
-1.505902098688675873e-03
6.464399573124612452e-06
4.089147515198095131e-05
-5.507559819967834712e-05
3.063412292198556343e-05
-2.566378139633057089e-03
-1.455278518206421575e-05
-2.671091965418033063e-05
-1.323900907612573022e-02
-4.001408171330593511e-05
3.954748526537076644e-05
-1.422661116734849629e-05
-5.932023086298776528e-05
-1.884069449867254928e-05
-6.849666081722380340e-02
5.981979462122032597e-03
4.673384004861506208e-05
-2.901091458729695028e-05
-3.323651986264671010e-05
3.907675315657276949e-05
2.353210226369294731e-05
3.105865236602052895e-02
-4.107478929761433986e-03
-5.440033378034100702e-05
3.523075117799841140e-05
4.750205056850906327e-05
-4.393198844035808327e-05
-1.774889493794695760e-05
-2.138355527996455008e-02
9.458099878227816185e-06
1.869530878630902543e-05
-2.019158787441144689e-06
3.804244617301823564e-06
1.873456221431090384e-03
-8.180222943888759430e-06
-9.155498194053098655e-06
3.129448528465072327e-05
-1.487340582094440120e-05
-3.152533753087028323e+00
2.391836598714526918e+00
-5.176773192884233099e-01
2.298080227250659302e+00
2.110295861535661732e+00
1.710853962203120471e+00
8.073828604734756276e-01
2.649020438736306993e+00
1.091989174362424208e-04
-1.103774856754888029e-04
-7.359404588927009969e-05
1.448828850525172630e-04
2.782691868738708038e-04
-9.846186797887398773e-05
1.496252240472673023e-04
-8.522404438309194846e-04
-1.021551189356917670e-04
-7.208950928186877286e-05
3.029688269930795163e-04
5.160187829302524546e-05
-3.694727450687341287e-05
2.542077249958415194e-04
2.466798802592210383e-05
-9.836526918421595778e-05
1.745846395692661804e-04
8.152990161603381109e-05
-1.589411659470294554e-04
-5.008013609041035230e-05
-6.891686760747667284e-02
6.025546832046823264e-05
-4.553640911717399568e-05
-1.813331104237409994e-04
-1.190930439471214611e-04
-1.874932673830546209e-02
1.155697333257369038e-04
2.522449971354858404e-06
9.657910987445123734e-05
5.137169337304109146e-05
-5.824089126318895623e-03
-4.825682300461022899e-05
5.768118303739464735e-06
7.999637511187177854e-05
4.834198549368981729e-05
-4.793902527824443933e-03
-4.225568101452688340e-05
5.136372020772635718e-06
1.283723861472552000e-04
-6.663808084456493734e-06
-1.588270611393067600e-03
7.118721727402703881e-06
1.608056413034170235e-05
-1.736656958106636559e-04
1.321967940760902078e-04
-2.460465942801395335e-03
-1.145063354278928768e-04
-3.771353562543403048e-05
1.320983703340517998e-02
6.744563728418914023e-06
-5.914387213039536703e-05
1.045733234497636666e-05
-2.243191739940977804e-05
-5.505559173608632608e-05
6.796760174002283716e-02
-5.969636067408647627e-03
-1.588998368181747563e-05
4.409469171507838565e-05
-2.814984196221510804e-05
4.086388603270352390e-06
2.218151946743984445e-05
-3.072037169945406737e-02
4.090540992876513793e-03
4.760824486351312827e-05
-5.136606013786165943e-05
2.566272474310328511e-05
2.119741831119162823e-05
5.607481794918985768e-06
2.108064157392669502e-02
-2.305239337736938402e-06
-3.753292576142271348e-06
-2.042960739505388047e-05
1.120899019330811762e-07
1.932186839013130255e-03
-1.824175700928193047e-05
-2.783624552083061780e-06
-1.749861279924274016e-05
1.953737465215032323e-06
-3.152588865799459406e+00
2.391973990017540075e+00
-5.177304200807487655e-01
2.298180272098947263e+00
2.110185131741247222e+00
1.710787555665483239e+00
8.073930040960145549e-01
2.649033012296793999e+00
1.030111234545734076e-04
-3.656614592098707392e-05
6.947201947719639748e-06
2.255052075762767273e-04
4.420663292844356209e-04
4.111767335905924553e-06
-3.633360687450810445e-05
-8.786968595886061233e-04
2.268059065374861791e-05
1.467111999590295642e-05
3.017520709584767995e-04
-3.560233150816841724e-06
2.833549723777874520e-05
2.226681834847118297e-04
2.870279247716843208e-07
-5.376319829442784105e-05
2.836887991971554336e-04
-3.525333038192626448e-06
-1.867101177778059064e-04
-8.640912278009557157e-05
-6.920630447230929905e-02
3.052697660900073975e-05
6.618188823228989318e-05
5.749860359326271675e-05
-9.770934024743054068e-05
-1.874448429744540387e-02
-4.596434280715585370e-05
-2.469279554571154195e-05
1.734113660505622815e-06
2.671086724490909898e-05
-5.801037752786344752e-03
-3.330719119837550139e-06
-1.812717972933611740e-05
-1.688710259096783502e-05
3.320685144468933756e-05
-4.751370933468416699e-03
-1.824023622502683727e-06
-1.168462171349182396e-05
-3.664872715855612534e-05
2.847680781076781164e-05
-1.470552914800295598e-03
-3.569415937268223757e-06
-1.038435287077881162e-05
-1.432428599086080868e-05
3.213422007670923100e-05
-2.602849839704247936e-03
1.208770178005456799e-05
1.780540530345824831e-05
-1.333174840874346359e-02
-1.746809609077825168e-04
-2.648865948602876943e-05
9.242831852516314450e-05
1.299846449677758906e-05
-3.286326419687569424e-05
-6.848106123427942504e-02
6.037572770005328326e-03
1.422861012275610144e-04
1.184378219588487404e-05
-9.444638140293851181e-05
-6.862524867528352514e-06
3.310157375188516147e-05
3.102768664270004473e-02
-4.158446503484333756e-03
-1.675014999334663638e-04
1.174911463286657952e-05
9.183394992170676452e-05
-9.045744492881252751e-06
-2.634942252448616435e-05
-2.137362247127145426e-02
-3.075613483448792328e-05
8.321103020440496296e-06
6.075716910306346247e-06
-8.670328010234787776e-06
1.866581741378216600e-03
7.663141566442363550e-06
-8.199031609530145611e-06
3.389810497634825862e-05
5.453770966796714229e-06
-3.152536855028984064e+00
2.391784286303374696e+00
-5.176684779819304971e-01
2.297998318822939812e+00
2.110169657404045829e+00
1.710786099153816187e+00
8.073874739534716571e-01
2.649038619368198511e+00
-2.169477721097797527e-05
-7.177345816454592641e-05
2.097593208888802821e-05
-1.246580014071666312e-04
3.136761382178613472e-04
1.277062135170200911e-04
1.574423931889658301e-04
-7.663300187253402514e-04
-1.613311465572781313e-04
-6.302527381882769265e-05
2.992272144362309789e-04
4.691105027316926600e-05
-5.655755797222848712e-05
2.469357665324177194e-04
3.512387734465438724e-05
9.870120025977748620e-06
2.240479063520075295e-04
-1.215428369402860194e-05
-1.581623813044759439e-04
4.509246816716930588e-05
-6.910357286639404184e-02
-3.723601010358036038e-06
-8.128471082759165583e-05
-4.682407276239392664e-05
-7.429453379756649609e-06
-1.878017168091627997e-02
2.857981241432918144e-06
-3.081086065892448423e-05
3.578447905229518251e-05
1.952784809438899884e-06
-5.801209002241201895e-03
-2.229017834287662833e-06
1.369462305990206895e-05
2.535078136756522031e-05
-5.443167705589927838e-06
-4.748879507903671499e-03
4.717811528925965680e-06
1.312368813824778613e-05
5.159452856135670522e-05
-6.628168318227386645e-05
-1.501185925317380376e-03
6.316974644706980883e-05
2.914207287607330256e-05
-1.031743648440336316e-04
1.526865477891751262e-04
-2.528946312695160795e-03
-1.401830865172863053e-04
-5.458530536116271343e-05
1.322681659675919996e-02
-1.323558568305058681e-04
-5.574419279147303959e-05
2.275450648804577813e-05
2.675219775678089849e-05
-7.645312640372351528e-05
6.794287289482600634e-02
-5.991270721652418307e-03
6.042058580160139438e-05
3.370982044994012220e-05
-6.721981755384090484e-05
-2.702736857630944414e-05
4.427641342978990866e-05
-3.074797904118147657e-02
4.129891583890684184e-03
-1.976345160897364020e-05
-3.043447014666918193e-05
9.813476503035649390e-05
4.278552455732687401e-05
-2.244286906373304602e-05
2.118032747796946835e-02
-2.218222673572977911e-05
2.133938797409360051e-07
-4.620031413584075111e-06
5.033737034053868816e-06
1.904794017037156860e-03
-9.111848302276203716e-06
1.328793493370305752e-07
-3.542257230811299696e-05
9.627350499605546861e-06
-3.152581698910255525e+00
2.391974798643907718e+00
-5.177269679152505244e-01
2.298174206758262450e+00
2.110174060182886002e+00
1.710775610649899692e+00
8.073921583065717389e-01
2.649034372399399651e+00
1.392343775317596137e-05
-1.776361407033983731e-05
1.372847362175647990e-05
2.835347877051396133e-05
4.676446820396410430e-04
-2.208121762860650907e-05
-1.499283193777910510e-05
-8.549086328641332042e-04
9.326982853447737224e-05
4.173984876625346595e-06
3.103080908888944714e-04
-1.935212893917645117e-05
5.782722704807138447e-06
2.313379388456019803e-04
-7.994313374654708477e-06
4.781142960802548299e-06
2.989132713355327530e-04
5.139158239154506102e-06
-1.021113985572902241e-04
-1.094406819932456048e-05
-6.909599579578573625e-02
2.845150761314870153e-05
-5.698397882985704530e-05
-3.297436386366357796e-05
-3.852991728272316368e-05
-1.877061078523914114e-02
-4.740738880010613950e-06
-1.853203086432867039e-04
2.543747863636749285e-05
-2.935520154021477520e-06
-5.792068016701017348e-03
-7.564106802999574298e-06
5.636261006717513584e-05
6.424668322034796694e-06
-7.152093920168770111e-06
-4.734302009563240952e-03
-4.836759284178505534e-06
5.216125343425687469e-05
-3.961937401271201065e-06
-1.706536618933311537e-05
-1.451277985556142288e-03
-1.911594861563503423e-05
8.177612332558255900e-05
-2.387547181592428603e-05
3.151755333233928849e-05
-2.600375426656329446e-03
3.865679683316750715e-05
-8.586937170659895936e-05
-1.339973333169125480e-02
-1.154144095370112809e-04
-3.120374977458597004e-05
1.557268451503959761e-04
-8.624438491977408361e-05
2.988305263319866040e-05
-6.821995128269006670e-02
6.079299343735352495e-03
9.365950565750521249e-05
1.057186256288767008e-05
-1.185784783613152288e-04
5.629840768898655571e-05
8.478174227323671819e-06
3.088505228172486877e-02
-4.194112892743884734e-03
-1.122379820165955396e-04
1.497215172484747022e-05
1.002025850749110186e-04
-5.760494323232782780e-05
-1.200531332536016859e-05
-2.126064684698636756e-02
-1.351689322841054556e-05
-2.970576919567301808e-06
2.038770481620110950e-06
-9.695830353212452676e-07
1.877913346314175622e-03
-1.386118941191671514e-05
-1.863893965361809193e-05
3.228412230934778085e-05
-5.553049259885991476e-06
-3.152550330664293909e+00
2.391866966674808026e+00
-5.176911749140062913e-01
2.298038542856131183e+00
2.110101489481587489e+00
1.710750340151677484e+00
8.073925924635566576e-01
2.649041925724551216e+00
-8.187596301426395239e-05
-6.175026467652034844e-05
-5.595639353019965598e-06
-2.231549511613631440e-04
3.623836689030518476e-04
2.046769986205988550e-05
1.004850965383713836e-04
-8.197554402420267807e-04
-6.248290397402366317e-05
-1.825700554818798210e-05
3.021372658062259991e-04
2.240704556547962642e-05
-3.707581901345454269e-05
2.225918198542605549e-04
2.118512505829218728e-05
1.033385055129468699e-04
3.106462941130545287e-04
-1.405407630385600636e-05
-9.705231793465400516e-05
9.504678074552959908e-05
-6.903976030584080270e-02
-3.809478349061769871e-05
-9.781760749827308338e-05
-7.281924388360112139e-05
8.081275995131037484e-05
-1.877447930428578077e-02
-1.645310141372513475e-05
-5.973044098955793916e-05
4.133089450245193940e-05
-5.192196519055719138e-05
-5.774891847424375342e-03
4.849137876785357561e-06
4.717543219706446815e-05
3.714452061076425145e-05
-5.490583319524030388e-05
-4.715109474185196631e-03
1.014685338551310121e-05
4.072411570043999048e-05
3.627857726707146591e-05
-7.993807273990487163e-05
-1.428348868152658343e-03
1.973807690595918385e-05
5.330553680421824895e-05
-1.254446570859978365e-05
7.743362886272010586e-05
-2.618239450848481014e-03
-1.731159610347053054e-05
-6.911827987772494331e-05
1.335484371104681336e-02
-2.405019553685459996e-05
-7.873804799153507998e-05
1.865517456547255426e-04
4.407518553804015964e-05
-2.358011826917813004e-05
6.805789441605604451e-02
-6.058899012923521163e-03
1.564382549259393080e-05
5.077967654920861971e-05
-1.466879565876887809e-04
-3.403305316525749943e-05
1.651253273015360415e-05
-3.080725591400482188e-02
4.183148186445915379e-03
-6.591408007404600576e-06
-3.501484527776535819e-05
1.392622117104870549e-04
3.882473231414262807e-05
-1.448098837865283107e-05
2.122803636115999648e-02
5.484129469287494629e-07
6.406498225696165586e-06
9.534118648426350437e-07
-1.255078575729040363e-05
1.878864460051782748e-03
7.076363668255067504e-06
-4.367447831331175770e-06
-3.873204788334485302e-05
3.810341167245109005e-06
-3.152616626310081216e+00
2.392120712749018274e+00
-5.177761806787171128e-01
2.298349885354107336e+00
2.110282095928344148e+00
1.710819404806393385e+00
8.073864345748265059e-01
2.649014553044789722e+00
-4.515303242107367165e-05
5.755399812698753798e-05
2.219744111265596891e-05
-1.035069337174364932e-04
6.572434576707763404e-04
4.319195746268656854e-05
1.446756217531006985e-05
-9.060023921654456695e-04
2.403544418395595647e-06
2.449228043758155862e-06
3.293511766466397780e-04
-9.768250201731835849e-06
-1.010016936986241214e-05
2.452627246302536393e-04
-4.116398616733948275e-06
6.303651612841084100e-05
3.005348657968469014e-04
-1.750045323061173773e-05
-1.608015036028799050e-05
6.932358008500123358e-05
-6.894593880842384004e-02
1.464889519214895072e-05
-5.129884936665217530e-05
-1.876509491156091113e-05
3.207059619528512644e-05
-1.875277497372459731e-02
-1.950966109128852245e-05
-6.852764880326668942e-05
9.008900996897457728e-06
-3.454607954260171697e-05
-5.795068782979952149e-03
5.943407697999899522e-06
3.607557256629566155e-05
3.091812951010438682e-06
-3.977310295635955672e-05
-4.751383418418690836e-03
3.705772644876998887e-06
3.091228174586963413e-05
8.337955246313227819e-06
-4.143872020191078243e-05
-1.479768390691717488e-03
6.899888314977118108e-06
4.583809826583947985e-05
-2.612189663859999284e-05
9.449627447175444508e-06
-2.599183663349199491e-03
-1.450780392685524862e-05
-5.486034553309944721e-05
-1.350576780388848194e-02
-4.638520701198797953e-06
-3.642711318885077064e-05
2.691874271787755846e-04
-3.950483481290933182e-05
3.808447025186270131e-05
-6.848002303063323304e-02
6.128045073395064699e-03
7.009181043111885117e-06
1.785338472263979309e-05
-1.269383055503038593e-04
1.994494411225881448e-05
-1.307205946439828938e-05
3.096822390684117465e-02
-4.213317069605074586e-03
-1.386851354303572951e-05
-1.711527331830858622e-06
3.286056304982812315e-05
-1.302170487695766783e-05
9.591339556274248827e-06
-2.122544166249225664e-02
-2.623420301660627256e-06
-1.155241310929083526e-05
-6.155082839180350948e-06
-2.555194154789527331e-06
1.871816197223175830e-03
-7.119173515290237660e-06
-9.075765035967414012e-06
2.700555250724940041e-05
2.295649924566012755e-06
-3.152616625975359632e+00
2.392120714198853637e+00
-5.177761806126648381e-01
2.298349885819415128e+00
2.110282095246139633e+00
1.710819404551265688e+00
8.073864347196409996e-01
2.649014553140370154e+00
-4.180529105295298950e-05
5.755367294832706374e-05
-2.798296623850927869e-05
-8.917882681961627816e-05
6.572429901875078816e-04
-6.798235486428033615e-05
5.155751797086770261e-06
-9.060024275253169505e-04
1.372265329815671689e-05
9.683654075024966811e-06
3.293512114145561343e-04
-2.764543694701449858e-06
-1.483032936910989939e-06
2.452626644548891108e-04
-1.081101261649342670e-05
4.666591489890893277e-05
3.005350865061878957e-04
4.585554343105980273e-05
5.244408792196789820e-05
2.197466256752337839e-05
-6.894593665747729416e-02
6.736009445614549325e-05
1.170042706806240533e-05
6.871769305177226166e-05
3.292975054440112047e-05
-1.875277682961355025e-02
1.801935669923483772e-05
1.802258998076772240e-05
-3.574487418169076892e-05
-2.241975008942482741e-05
-5.795068699845524855e-03
-2.694667748227012571e-05
-1.023714371790372473e-05
-2.831568908785651433e-05
-2.309556379284914582e-05
-4.751383140382341684e-03
-3.259230260620347763e-05
-1.277873168537449338e-05
-4.387014138293292027e-05
-2.669428522732805612e-05
-1.479768151930513321e-03
-3.243792764207226886e-05
-1.569516041908099136e-05
6.058358058630033515e-05
1.728797309967826189e-05
-2.599183228823742642e-03
9.302618179340080837e-07
4.802420186119076023e-06
1.350577275404276668e-02
-3.066077479470697038e-05
1.599919286127913240e-05
2.691874186945761305e-04
-5.129855086642499441e-05
-2.305868339536106134e-05
6.848002620925519590e-02
-6.128048629975812490e-03
7.814787451862915263e-06
-8.346001913466460052e-06
-1.269383207103819133e-04
2.543243697031887304e-05
1.260565099148550241e-05
-3.096822464182460294e-02
4.213319403490981170e-03
-1.370780116155968353e-06
1.042164465542530136e-05
3.286056800487838214e-05
-7.991005511911252021e-06
-1.680576044525140496e-05
2.122544171816046280e-02
3.300049698323648142e-06
1.155226853051856829e-05
1.093572262319313852e-05
4.887738868037624126e-06
1.871816119110765626e-03
-5.772672329197128826e-06
-7.905099990197314726e-07
-2.700545657323988476e-05
1.114560098224408866e-06
-3.152616626459765037e+00
2.392120715687294119e+00
-5.177761816210210144e-01
2.298349887876119713e+00
2.110282095734244745e+00
1.710819404889436735e+00
8.073864346383884394e-01
2.649014553044291898e+00
3.344388525009548915e-06
5.755515847388531416e-05
-5.021723253511184990e-05
1.431926735107462456e-05
6.572460638870195916e-04
-1.112832172496628106e-04
-9.308975416299522618e-06
-9.060027638340471638e-04
1.133453203954901069e-05
7.235075822621574109e-06
3.293512387978286501e-04
7.005255765816059520e-06
8.617789743382857679e-06
2.452628205381875235e-04
-6.684481477975530125e-06
-1.637069470119783383e-05
3.005345312367607236e-04
6.332879965416657396e-05
-3.637315504490185643e-05
-4.734880855487098709e-05
-6.894593773222947031e-02
5.270981482720885232e-05
3.954557290795056041e-05
-4.996818355083113017e-05
8.607634041664895133e-07
-1.875277422038111250e-02
3.752778922819392180e-05
5.050578636179450603e-05
2.673752157169696309e-05
1.212583942675172786e-05
-5.795068748124653814e-03
-3.288932127312167535e-05
-2.583790844139877634e-05
2.522419946382622484e-05
1.667719145995620258e-05
-4.751382970918219262e-03
-3.629736497759864845e-05
-1.813261117851592728e-05
3.552640078870397412e-05
1.474372772342845113e-05
-1.479766421147028039e-03
-3.933693888860046914e-05
-3.014422236414462280e-05
-3.444845592433373391e-05
7.839396236466207111e-06
-2.599187002374386910e-03
1.543737786768607643e-05
5.006538310963095625e-05
-1.350577189636844797e-02
3.530109424092838129e-05
5.242360421952345026e-05
2.691866708652221329e-04
-1.179304941791828494e-05
-1.502417886932515094e-05
-6.848002689502670493e-02
6.128047419431892177e-03
-1.482512133400002482e-05
-2.619879229649597061e-05
-1.269377295389385180e-04
5.489025904261199797e-06
4.651275631390372131e-07
3.096822556595974288e-02
-4.213318612833409638e-03
1.524053494865169715e-05
1.213308198727555413e-05
3.285973902743613562e-05
5.028814256658247167e-06
7.215541926937493137e-06
-2.122544291557687535e-02
-6.835954479762747246e-07
-1.155243455324935550e-05
-4.783007683706913169e-06
7.443011416213199513e-06
1.871816583931222924e-03
1.346798336891599866e-06
9.866908744803640175e-06
2.700553407152986958e-05
-3.424685663095324863e-06
-3.152550331437548703e+00
2.391866968733486143e+00
-5.176911769859766643e-01
2.298038544534241279e+00
2.110101487323261527e+00
1.710750339862448399e+00
8.073925923852608433e-01
2.649041925865581959e+00
4.580512347801554500e-05
-6.174925917040306918e-05
-6.808263238446935102e-05
9.390667277046834153e-05
3.623855411291564653e-04
-2.034226627483087932e-04
3.862950385263459459e-06
-8.197559638597824890e-04
1.182572998981875582e-04
-1.027835443059286525e-05
3.021370207979483355e-04
-2.701673270363772578e-05
1.857932811125254303e-07
2.225917610837985607e-04
-4.270746267161153620e-05
-3.948858842191793324e-05
3.106455246680705096e-04
9.653376230261845477e-05
-3.617252457540021332e-05
-1.453195178132608931e-05
-6.903976218657588426e-02
1.013584718988379729e-04
1.329294285919418311e-04
-1.532606404114490023e-05
-2.615763859083899173e-05
-1.877447648358266871e-02
7.821183104493803907e-05
9.292613936408313760e-05
2.019266122373213236e-05
2.176126657405652039e-05
-5.774892000611078248e-03
-4.739057420560469368e-05
-5.938311926027265466e-05
1.669731873466071426e-05
1.866521248777025673e-05
-4.715108550559932686e-03
-5.262360343725820455e-05
-5.253139039940907148e-05
2.802154499494771857e-05
2.287507481546644111e-05
-1.428342924301153173e-03
-7.909806365921646899e-05
-5.807331163595687881e-05
-5.357692117866933118e-05
-2.372447586147476538e-05
-2.618251614466947635e-03
7.571592466349288486e-05
4.542748458173672711e-05
1.335484637535696607e-02
-8.395685741893624612e-06
1.198478034761187201e-06
1.865512532072052809e-04
-9.022827880547255527e-05
3.261884057302361258e-05
6.805790149764473496e-02
-6.058900902333818651e-03
6.478116417915429602e-06
4.083007259079372798e-06
-1.466877594688501679e-04
6.099294403073851102e-05
-2.180451952982887616e-05
-3.080726039389774379e-02
4.183149669748580102e-03
-9.244820748729147422e-06
-1.611415927823405014e-05
1.392620380179232509e-04
-4.973550568294207784e-05
1.294892606733207040e-05
2.122804111323120871e-02
-3.576376947054442715e-06
6.406450229480765068e-06
-4.260572359761504346e-06
1.468264203283850739e-07
1.878866367252497813e-03
-1.440777428072685445e-05
1.358460025151147035e-06
-3.873226634485215329e-05
-1.436303220891461041e-06
-3.152527909612927282e+00
2.391757065073382815e+00
-5.176573681248735070e-01
2.297929700129235364e+00
2.110082523610375738e+00
1.710751515129736999e+00
8.073898794925317146e-01
2.649044796498956078e+00
3.546555248321085979e-05
-8.473323398889881682e-05
4.631788997104814126e-05
1.709222839708403330e-04
3.019947163807683820e-04
5.283108175332175980e-05
-1.847486036278487827e-04
-7.844395222090861427e-04
7.368606283737737662e-05
5.345512992576815814e-05
2.902205984693543650e-04
-3.409985922298660357e-05
4.977911454509557551e-05
2.184384723362414065e-04
-2.961864769413761496e-05
-4.604464824282212751e-05
2.863792087168695426e-04
1.493305546049100469e-05
-1.664903582846873325e-04
-5.384808927910695155e-05
-6.887974142061698002e-02
5.213520777376686160e-05
-7.436815263076566873e-05
-1.820956833174631974e-04
-1.638665801385399154e-05
-1.871654270409291859e-02
9.931558628414207768e-06
-1.324822150164810567e-04
7.776560105149229400e-05
2.076203456513821919e-05
-5.762924776723332351e-03
-4.209284745282487728e-06
7.703487341931527436e-05
6.867709732216864126e-05
2.320455653525244305e-05
-4.709821181517399521e-03
-1.001485078933957607e-05
7.590685151714312076e-05
1.021241434207152183e-04
8.181481879275153606e-05
-1.438822238266050961e-03
-1.985151381961849568e-05
9.993487905967754384e-05
-1.146320470915647069e-04
-1.574848776565031087e-04
-2.597980072637132588e-03
2.500052919257844111e-05
-9.198596538374315471e-05
-1.324666329387745242e-02
-5.428199678051380539e-05
9.930884022423111177e-05
1.295774061411750222e-04
-1.114868237037218174e-04
2.678300662121296805e-05
-6.769566723799254337e-02
6.000256024818814357e-03
3.421252810588827457e-05
-6.682421532139081301e-05
-1.255841369123544826e-04
7.050918922319333306e-05
-3.267107076012981063e-05
3.065254221298656379e-02
-4.135399122101759799e-03
-6.300484910688524884e-06
6.421820542345212102e-05
1.424000647091867855e-04
-5.682646219351273871e-05
4.983650999895641170e-05
-2.114297223090299410e-02
-3.014197350070701629e-06
7.220325074565941081e-06
-1.456409482240321658e-05
9.678507966273696729e-06
1.881941016232628345e-03
-1.987924575166084644e-05
-6.709040126188240078e-06
3.818324407887619353e-05
-6.242529289590779008e-06
-3.152553154067297747e+00
2.391880104573493870e+00
-5.176978384721280246e-01
2.298053444509682741e+00
2.110112242470887356e+00
1.710762064142081762e+00
8.073935195547942145e-01
2.649040399656414912e+00
-7.277244178221210454e-05
-7.352642134188388211e-05
-4.146750716201431756e-05
-1.864290108957738666e-04
3.523886986325345562e-04
-2.179018660106236179e-04
8.496726561047321955e-05
-8.432777770034911944e-04
2.428120723153001702e-04
-8.757286062728512330e-06
2.928359262888078881e-04
-6.021972303053620015e-05
-1.799449971375236299e-05
2.125384982201491816e-04
-5.813293411211906787e-05
5.733307303696855086e-05
2.984304002127103304e-04
7.930964149404452551e-05
-4.389550911286347907e-05
4.755741535275928578e-05
-6.877292354204213309e-02
3.505472788923501759e-05
2.306486077404672902e-04
1.139172232188915320e-04
4.994312087219337755e-05
-1.866648081322020564e-02
9.348726185814821015e-05
2.349226510789464918e-04
-5.209847978788869407e-05
-2.332335678231847200e-05
-5.759175785197512970e-03
-3.387536875033447684e-05
-1.051028007352426360e-04
-5.417225927386149062e-05
-2.784635855061235452e-05
-4.711429940073036393e-03
-3.435220581392516004e-05
-9.263652354422310985e-05
-7.844233639132448289e-05
-4.966806043028790263e-05
-1.444304741060907287e-03
-9.749830590456672671e-05
-1.200419880147789436e-04
4.922636752090791862e-05
5.257458094273531211e-05
-2.602926928451587511e-03
1.694166505704112146e-04
1.175346309875137884e-04
1.324957784724376669e-02
-1.431171595929088807e-04
4.284569480960949243e-05
1.246210037914308177e-04
-1.400045111650568934e-04
4.063730230425850048e-05
6.784842412578197257e-02
-6.016773916147652099e-03
1.098127324208559913e-04
-1.202076737250604372e-05
-1.202248185134049963e-04
1.051664616245767420e-04
-3.055647833442583054e-05
-3.071350799545204818e-02
4.165145890009326092e-03
-1.168165693061486653e-04
-2.003240746854959757e-05
1.303881929103131027e-04
-1.027397903461882010e-04
1.965176511996237409e-05
2.116168962778369744e-02
-5.585075358056554567e-06
1.111732404517312266e-05
1.064691625800350330e-05
1.417700519173043785e-05
1.872698821462778340e-03
-2.659567784526540354e-05
1.166044362472097671e-05
-3.523294254090764490e-05
1.268436024487671070e-05
-3.152533977878881899e+00
2.391793805102280235e+00
-5.176686435891446614e-01
2.298023559554866146e+00
2.110225932055526332e+00
1.710817128038577328e+00
8.073848554815964418e-01
2.649030930928719219e+00
-9.082603129505552352e-06
-9.209564471020039215e-05
7.361352657097265857e-05
7.212487295900756002e-05
2.892729400777304272e-04
1.188178422664421224e-04
-1.791171180764861018e-04
-7.985768144384381914e-04
5.665376043764972674e-05
7.291547485360256762e-05
2.995991771557796860e-04
-3.691069292151162964e-05
5.206443155387857174e-05
2.499373999027625320e-04
-2.012740452585401926e-05
4.418682690350946496e-05
1.996687446872209999e-04
-3.460788920197802276e-05
-1.379821493002304170e-04
1.891252870670986647e-05
-6.908442221105068337e-02
1.141103760658073504e-05
-2.652768044205788128e-05
-4.879093930283248041e-05
9.255483995563676424e-05
-1.877920237705170414e-02
-3.856404377838994917e-05
-9.156181742539076232e-05
2.643210758574194796e-05
-2.888982195424394693e-05
-5.816576255139372688e-03
2.268964649418225680e-05
5.464094186155228400e-05
1.706020921149564408e-05
-2.247961661157014561e-05
-4.773734447614824510e-03
1.686641698975295946e-05
5.401793365851110802e-05
4.249840304043937334e-05
5.883440805020731100e-05
-1.541665412028848329e-03
1.400652829063844980e-06
8.977140564628990579e-05
-8.863466249702532977e-05
-2.024717889945858314e-04
-2.501803249539689186e-03
3.200928875057286146e-05
-1.170457071306675535e-04
-1.327769320571518460e-02
-1.093981169236705325e-04
-1.173082997773730596e-06
1.216239211267872156e-05
-7.986160074380444689e-05
2.835823741938886533e-06
-6.800177025022909050e-02
6.011792077536024653e-03
5.525091615698161929e-05
-5.278561380260527684e-06
-4.710502224835114160e-05
4.537053331747532695e-05
-2.552181276532035272e-05
3.076382127905364500e-02
-4.136818632611543450e-03
-1.202602614499247158e-05
2.534872888506939544e-05
6.518497447079336926e-05
-3.429918616727934436e-05
5.533128820949114682e-05
-2.116205014430035808e-02
-2.177931378551660235e-05
7.169889342584295441e-06
-9.530752121468890909e-06
-2.302994509909903737e-05
1.918568432811853467e-03
-7.826339376117487321e-06
-4.228916306745595603e-06
2.794545198595895918e-05
3.495846458536651510e-06
-3.152532371182998450e+00
2.391758261617273895e+00
-5.176565054084587558e-01
2.297900979279585254e+00
2.110019586543858239e+00
1.710728543323254414e+00
8.073952649270480508e-01
2.649053966777026758e+00
-6.256314205400990286e-05
-1.159054397555988204e-04
-1.315867830759998199e-04
-1.511796602424410525e-04
2.406720554410479544e-04
-3.459621236319068011e-04
5.143799117014943720e-05
-8.086057892118804187e-04
1.376450329562907871e-04
-5.207876912188560373e-07
2.750564722752164154e-04
-2.714121126602326404e-05
-4.517210374747411994e-06
1.989002679167697527e-04
-3.739662574172778050e-05
2.632288962184957864e-05
2.933658759220253084e-04
9.154855952395692304e-05
6.047645885320549440e-05
6.833470536672160180e-06
-6.900555393187243758e-02
3.510967483354296079e-05
1.065133861041349665e-04
1.567067200314729218e-04
-4.378375612456688660e-05
-1.868908558229150085e-02
1.018553024568886697e-04
-6.448528688624935207e-05
-8.279118833167634518e-05
-1.148648879374273646e-05
-5.758478068747099193e-03
-4.271648138478876329e-05
3.050457590289865046e-05
-8.024393032369635942e-05
-1.704976536512464963e-05
-4.705219706831998382e-03
-5.307853798741286075e-05
3.294498831149954206e-05
-1.136776030436127563e-04
-4.443694567344086085e-05
-1.430502595756744880e-03
-1.065458845793085826e-04
4.003201244496342077e-05
1.040736381996544102e-04
7.065165170673344476e-05
-2.605713737227241880e-03
1.267363145662589604e-04
-1.330205188403863956e-05
1.316893364721988778e-02
-1.467801475552531730e-04
1.152914448816581014e-04
1.570244842386686601e-05
-1.835465353310409241e-05
8.785072811834013749e-05
6.778797508177568376e-02
-5.976146098231766360e-03
1.013731865725440691e-04
-6.183355464643778936e-05
-1.000786059521373977e-04
1.804178537999259323e-05
-6.144157828195912592e-05
-3.073731165860280751e-02
4.143257250604744438e-03
-9.119336803111723847e-05
2.347923344056507239e-05
1.714326160553863998e-04
-1.645174512604664777e-05
6.149668536835398408e-05
2.125528393828906432e-02
-9.123862304210661814e-06
9.096819193970900018e-07
1.517194962347015799e-05
3.055528863241391681e-05
1.872614960650623162e-03
6.228197903482605123e-06
-1.207474208043815485e-05
-4.020303579390204353e-05
-1.380084748851732152e-05
-3.152554816786465430e+00
2.391926887214831154e+00
-5.177024258817977120e-01
2.298180298554081791e+00
2.110342202372170295e+00
1.710869252220562631e+00
8.073832681166038805e-01
2.649016632483595313e+00
-3.510041083389382733e-05
-7.291200183984734851e-05
5.056834130041580708e-05
-1.084379398632548961e-05
3.514872507658839060e-04
8.282364501635387593e-05
-1.154070223993819790e-04
-8.671953310502675694e-04
3.221476282570863328e-05
5.997005619268346477e-05
3.124222995231557606e-04
-2.658821207994761484e-05
2.652016745573389391e-05
2.704641355616720132e-04
-1.851116483564226647e-05
1.172293339665433698e-04
1.511137443328664214e-04
-1.028696775722705964e-05
-6.693193644994330574e-05
1.281049225934148376e-04
-6.896732345953177079e-02
2.620323332336207522e-05
-1.116116425605776213e-04
4.284244379449311232e-05
1.527535972341438055e-04
-1.874934381398637648e-02
2.200270475354731969e-05
-1.831173074498629880e-04
-1.579274805483576788e-05
-6.858180785842819707e-05
-5.832540489979699816e-03
7.784240082205369352e-06
1.071044827343721798e-04
-1.835445053977700241e-05
-6.749428130787258652e-05
-4.804479012115786193e-03
5.147945535506245321e-06
9.911683306615591224e-05
-7.357705617612556680e-06
1.175755917458461559e-05
-1.625046669066088339e-03
8.918895444036998665e-06
1.293548178474073461e-04
-2.583083965530327892e-05
-1.916389151123766609e-04
-2.395314638298221954e-03
-1.807807634572336850e-05
-1.207939834997340527e-04
-1.327665495887475275e-02
-9.552060741208745877e-05
-1.092319641127602466e-04
-4.431977982242985004e-05
-1.042441157628280345e-04
1.270973640069270917e-04
-6.797628226836195664e-02
6.023729195166973097e-03
4.105780840663136687e-05
5.654759068537029872e-05
9.831540958311207890e-06
6.591201521962672177e-05
-5.467603497618517272e-05
3.071992289269983439e-02
-4.148542794376025751e-03
-7.516392931558056248e-07
-1.442872088423254821e-05
-1.685957347105637716e-05
-5.536013466292422915e-05
3.719821016178825965e-05
-2.106274559928355758e-02
-2.329478553591227892e-05
-5.036593612856580171e-06
-8.869264557766509772e-06
-3.996385540225420743e-05
1.941808850156589387e-03
-2.083275570646187847e-05
-1.888416541166823993e-05
1.899638449776048981e-05
6.371698235660614518e-06
-3.152596578500056257e+00
2.391997763123931531e+00
-5.177357677399824221e-01
2.298184513340134849e+00
2.110157492953165459e+00
1.710779725997380929e+00
8.073946199468087226e-01
2.649036905550465004e+00
-1.320484159104840655e-04
-3.363891229456802013e-05
-7.253053127484953774e-05
-3.052969019062031896e-04
4.395121489321204096e-04
-1.938947186297572747e-04
6.380945815637472122e-05
-8.803661843285084509e-04
8.349411354532408690e-05
1.124671518314975622e-05
2.933040683712310765e-04
1.477945316483084408e-06
-5.192962020631234320e-06
2.178415589554816214e-04
-4.640070989887633306e-06
9.995281193625959407e-05
2.782732652847536340e-04
6.440065971955052058e-05
9.138198970979976264e-05
7.338539350414347105e-05
-6.910255853645021207e-02
2.720380016086319016e-05
-2.560645270268692691e-05
1.634450535292748623e-04
6.601681127179248772e-06
-1.867688698613967357e-02
1.816487913484418463e-05
-6.107513408340448872e-05
-1.099219918886946805e-04
-5.438585835543733444e-05
-5.782652400607378104e-03
-3.693747912016173294e-05
5.766950629317684325e-05
-9.735140221015511160e-05
-6.171211282489960474e-05
-4.737880017057553156e-03
-4.234297513930789295e-05
5.218749794546730314e-05
-1.295080176678723403e-04
-8.849094041590479110e-05
-1.472823194850620722e-03
-6.724099645718369328e-05
6.674151375532661465e-05
1.246331315161962870e-04
7.673059110730270525e-05
-2.587363564659032715e-03
6.519054311388252569e-05
-5.795469482321194085e-05
1.318468192325246598e-02
-1.654276976263122957e-04
7.517461419201908451e-05
1.677449536333780467e-06
1.234206308102568476e-05
8.298322098930998279e-05
6.826451269207652051e-02
-5.960223693901674571e-03
1.055388465216964547e-04
-4.662162919549111845e-05
-5.978047881895903748e-05
-2.469440571407812823e-06
-5.920853242836202545e-05
-3.096380761835625800e-02
4.101742259766700573e-03
-8.754852131226170588e-05
2.869221223233769068e-05
9.639227433788644106e-05
-2.943585881089372984e-06
5.692231703982773513e-05
2.136157093886214414e-02
-1.067985652526226657e-06
-1.882786761719042437e-05
2.034219629282402533e-05
2.666428344376116583e-05
1.873089852252493494e-03
6.036432955340044482e-06
-1.575913620580010686e-05
-3.119613430970893443e-05
7.042429958563155941e-06
-3.152579633220657485e+00
2.391989422417786670e+00
-5.177283337257921891e-01
2.298288651677889760e+00
2.110468747057709482e+00
1.710926209974751755e+00
8.073728872638264997e-01
2.648993587589358878e+00
4.343790276345930828e-05
-8.899616638113113515e-06
7.414261382125990254e-05
1.389704758560387967e-04
4.956235445669095185e-04
2.357745715682463012e-04
-9.260961120936483872e-05
-9.026520894942478314e-04
-1.608346883145410236e-04
2.128005017626593306e-05
3.236937737157852399e-04
3.577206004423270409e-05
1.390538289880335855e-05
2.998477333870430478e-04
2.629873730474566692e-05
-5.410173931604081747e-06
8.053642391737296860e-05
-1.021930120026140606e-05
-3.268282389391804484e-05
1.391600557112233297e-05
-6.858306343423423157e-02
2.333239717290333005e-05
8.048889154611362005e-05
-1.112387287736901593e-06
-3.508973118852081147e-06
-1.864305465441167681e-02
-1.372365556116797642e-05
4.984012192599396324e-06
-6.993545773583592954e-06
-1.505063355513565763e-06
-5.833547447764431126e-03
-8.782278090294114089e-07
1.394110994004521068e-05
-7.290851663638712432e-06
-3.105176816041566561e-06
-4.827187971148796941e-03
-5.098677384526560685e-06
1.786683114920772466e-05
-7.213369302125960649e-06
3.375198463807925107e-05
-1.705086843584893101e-03
5.739778333652505296e-05
1.491431917172211916e-05
1.062200226273422601e-06
-9.231094105948230892e-05
-2.305695640950389085e-03
-1.595340194768932640e-04
9.050244824504958001e-06
-1.318888907450845027e-02
-4.954421341447239925e-05
-2.817708556213495766e-06
-8.347937471409397348e-05
-3.648844561266384109e-06
1.189287793010239505e-04
-6.787307326775599003e-02
5.955931079235019833e-03
3.148773625770618810e-05
-2.415193919354935437e-06
7.099717076733229326e-05
-6.108569078923419340e-06
-7.532321177720761093e-05
3.062979711081394163e-02
-4.061808918827654671e-03
-2.058939638521723397e-05
1.588572401628590420e-05
-1.175983174201752218e-04
2.565198260459097086e-05
5.940923778693131270e-05
-2.089485650768493213e-02
-9.449095080401633193e-06
1.657119629077906844e-06
1.680873146660168234e-06
-1.115669655395700995e-05
1.947293517640791239e-03
-1.467658578127494710e-05
3.775476485401291002e-06
9.235328063703775279e-06
-1.209433422229650243e-05
-3.152629897716912044e+00
2.392106994195227099e+00
-5.177754919014364576e-01
2.298325670150188405e+00
2.110237773426760999e+00
1.710807399557205066e+00
8.073921292799366434e-01
2.649026188608389454e+00
4.669874545054912736e-05
3.500061534330797548e-05
6.038543419018675310e-05
9.007063352821125175e-05
5.890500632754847119e-04
1.002028500087771780e-04
1.303716162585325219e-05
-8.947199937640927005e-04
5.684364995280258130e-05
-5.913102003845029651e-06
3.077613204528459366e-04
-1.400698050369666004e-05
-1.602137978762697049e-06
2.376685708911235883e-04
-1.218612277610340973e-05
-1.102269933293244188e-05
2.572978611291174217e-04
1.368780649125468543e-05
4.592639253402455192e-05
1.890366931663731609e-05
-6.922943122427160922e-02
9.399000474312918822e-05
6.941337927325515753e-05
-4.406202682707431373e-05
-3.505280482058721847e-05
-1.870901154455557186e-02
-3.671857256673117923e-05
1.575966008304612032e-04
4.874043491233168423e-06
3.657973882757731407e-06
-5.806582309521733133e-03
-1.791198281513109593e-05
-6.866927505893546989e-05
8.439539843373347611e-06
7.004737562212743891e-06
-4.764742541461863823e-03
-2.161660287008109100e-05
-5.617861092406242009e-05
1.158252775817839505e-05
1.072924347065037736e-05
-1.505881823551947704e-03
-5.653380850538079099e-06
-6.168030022719671974e-05
4.452959676935532029e-06
2.713703495234897939e-06
-2.566439869188443662e-03
-3.380803876340613263e-05
6.102000631615344664e-05
1.323907454377892465e-02
3.690965809836227202e-06
-3.158615146402370187e-05
-1.422483543512403914e-05
-6.393587932071144930e-05
4.407303676022783327e-05
6.849656303415249670e-02
-5.982016333920981734e-03
-2.988153799275905997e-06
1.933879624686334888e-05
-3.323793721213622043e-05
4.468166975907185336e-05
-5.223869877838652372e-05
-3.105861641431918382e-02
4.107511040232490404e-03
1.182914152790325257e-05
-2.043539208758949071e-05
4.750359319625682697e-05
-5.249951972666979554e-05
5.598625780009778641e-05
2.138353860138665630e-02
8.173478931280625070e-06
-1.869540077037868536e-05
-6.920672481541781005e-06
-5.182301280535257809e-06
1.873445622149788993e-03
-7.384979154297277224e-06
6.321505219065553507e-06
-3.129459456181453848e-05
1.564532289630670130e-05
-3.152554818273031856e+00
2.391926890282298324e+00
-5.177024282181883486e-01
2.298180300750263250e+00
2.110342200353281239e+00
1.710869251886719900e+00
8.073832679856028927e-01
2.649016632516739467e+00
-2.624355803195690549e-05
-7.291208296806412324e-05
-5.569524506658532579e-05
-6.631576192663814673e-05
3.514867231699690328e-04
-5.084511276123897727e-05
2.980951879016188364e-05
-8.671953549914649013e-04
-1.160448322562703449e-04
-6.961190746793377267e-06
3.124220215482811968e-04
6.522953231394099528e-05
2.771410101608828179e-06
2.704641337402959554e-04
3.222591133693253806e-05
-4.971384544715864182e-05
1.511130166941193143e-04
1.066555858874427697e-04
-6.318201657427077039e-05
-8.674500285758379552e-05
-6.896732894215922005e-02
9.784273525754679825e-05
1.137454004421402788e-04
-1.800025086108103848e-04
-9.543178705853297287e-05
-1.874934482873556046e-02
1.212881153823696420e-04
5.445748707282492757e-05
1.006516948187545296e-04
2.754955863023320734e-05
-5.832538687737674060e-03
-6.328571935382881135e-05
-3.987509788314254344e-05
9.501543974706436213e-05
2.928890230127507294e-05
-4.804477220361196878e-03
-6.102564410516551110e-05
-3.366277563220056081e-05
1.157057431180310089e-04
-1.360228993958209821e-05
-1.625043542214374154e-03
5.723132188341089764e-06
-5.830640405973760737e-05
-9.169868059285684074e-05
1.114743200115754496e-04
-2.395319017988540699e-03
-1.569253620524302243e-04
8.276969415506524926e-05
-1.327665493607991382e-02
1.578295239561926244e-04
1.448899564432499457e-04
-4.432041600570604811e-05
-4.247961940984405164e-05
1.917495349327419385e-05
-6.797628807465280754e-02
6.023731517035627037e-03
-6.787945928701691160e-05
-8.535191425352919577e-05
9.831603289251963917e-06
1.601832138702648353e-05
-8.219286662754904903e-06
3.071992679938493828e-02
-4.148546658912066754e-03
3.259011416123871498e-05
5.515447124213398609e-05
-1.685929843448126519e-05
1.518254659210678580e-05
-1.794817396570159724e-05
-2.106275099103116152e-02
6.122972212464110599e-06
-5.036718285511646584e-06
-1.191912503252699437e-05
3.802332796383528686e-05
1.941810134283018926e-03
-2.419344566022080744e-05
1.712315090434191121e-05
1.899643542481422874e-05
-2.336788465476903471e-05
-3.152532372420963735e+00
2.391758269358405187e+00
-5.176565086089879308e-01
2.297900984213199216e+00
2.110019582580570763e+00
1.710728541788096635e+00
8.073952650535378694e-01
2.649053967472903892e+00
1.452569645583232072e-04
-1.159041764156292908e-04
1.164279651092374023e-05
3.752445511478255669e-04
2.406740928119965525e-04
4.213709341926438279e-05
-1.449244157088313146e-04
-8.086057500830716102e-04
-2.428060354445455115e-05
2.376561165107133114e-05
2.750559805057178116e-04
1.311832501413400626e-05
3.464612229899847014e-05
1.988998575644314890e-04
1.477974586186013692e-05
-9.244953800186679323e-05
2.933658337101026576e-04
-2.296466063049959044e-05
6.200878256039474724e-05
-3.382287973967865007e-05
-6.900557348012648085e-02
-1.163536101865417314e-05
-1.056917816259929756e-04
-1.342053123715698879e-04
-6.631834744348386610e-05
-1.868908802827318541e-02
-8.884541322848194390e-05
-1.034856942745555192e-04
6.781393917621686787e-05
4.273712508280729232e-05
-5.758477375514921802e-03
1.141073955258672636e-05
5.644650773538554959e-05
6.865299402183765295e-05
5.449264147406748750e-05
-4.705219744520420209e-03
1.177397233959329913e-05
5.301735901968490964e-05
9.150271569468039208e-05
1.144900269316616770e-04
-1.430505445797995191e-03
1.478992247315649288e-05
7.841037201612374719e-05
-6.354609057950539436e-05
-1.450817955572251342e-04
-2.605706826865706281e-03
-2.182495594805740693e-06
-8.343899912273967088e-05
1.316893329888782493e-02
1.494701461853145761e-04
-4.173877534904574943e-05
1.570146402055799806e-05
1.090116921120289333e-04
8.319051771370992304e-05
6.778797611279223367e-02
-5.976144540087586707e-03
-1.038963574127877570e-04
1.528327208852428738e-05
-1.000783580961776831e-04
-6.256918743665119162e-05
-5.707115438375481332e-05
-3.073731371260442560e-02
4.143259793302498176e-03
9.885441567736611649e-05
2.521004122601523418e-06
1.714326195942656589e-04
2.856237020070192330e-05
4.822741512435998763e-05
2.125528479091036080e-02
1.650739483281774976e-05
9.096456101562113046e-07
-1.804615087078626509e-05
-2.067131956525695285e-05
1.872616927411563468e-03
2.334723608011824862e-05
-7.102432897466152062e-06
-4.020320510178003654e-05
-1.005243564084206277e-06
-3.152531493448257116e+00
2.391769422814348456e+00
-5.176629629434816859e-01
2.297996643627440605e+00
2.110219552481596761e+00
1.710821876362010441e+00
8.073844090474799895e-01
2.649030460282786770e+00
-1.065365197410303628e-04
-1.068918596939974583e-04
-7.944322527989355388e-05
-2.783015164089636638e-04
2.668074065979999339e-04
-1.189109799543646285e-04
1.143601689674108191e-04
-8.045921569103590791e-04
-8.444751476736938245e-05
-2.330847666961424931e-05
2.920860066413382989e-04
4.225281045142361097e-05
-1.936832417283315742e-05
2.413190314305093298e-04
1.770774400897707565e-05
6.691639432905097389e-06
1.948398407502038409e-04
7.799130644158740275e-05
3.379667480511369670e-05
-4.822477668213389496e-05
-6.906224381112376076e-02
6.528965434382820367e-05
-1.114094479631397034e-06
-1.543540981706352695e-04
-4.675791136781780126e-05
-1.874361640927969808e-02
1.532245790584038018e-04
6.504621631827973603e-05
9.130402029135453951e-05
-1.413152349192826332e-06
-5.813674006932537455e-03
-4.454068190166304191e-05
-2.354088494793846415e-05
8.541975412057208983e-05
-5.850043488326458455e-06
-4.779391775451869405e-03
-4.100747645653456770e-05
-2.743902630031723957e-05
1.141026781321035168e-04
-7.543528984244556165e-05
-1.549287643712844850e-03
1.093374694776669544e-05
-4.607892278785191101e-05
-1.107564430863314275e-04
1.727150575317637927e-04
-2.513972288808865446e-03
-1.350736485948422349e-04
3.452393426538525093e-05
-1.321274677373996190e-02
1.167108460931954098e-04
1.387968234724328790e-04
-1.013740832304238504e-05
-3.115091417821329111e-05
-9.564938622306498259e-06
-6.804408841349880721e-02
5.974770176355431034e-03
-8.987275887970696837e-05
-7.047782658219933034e-05
-3.818470526918867070e-05
1.199353425024404541e-05
1.963528294855959935e-05
3.079880494533774118e-02
-4.107604645496884185e-03
8.345202472541965542e-05
2.491387159319447897e-05
6.429688843674966070e-05
1.045394203295576147e-05
-5.800067999417950855e-05
-2.119736400440634314e-02
1.740244935624732803e-05
1.286775415275658464e-05
-2.180405579956375085e-06
4.496311737190949683e-05
1.913011745906151567e-03
-2.135568953758133141e-05
1.031115606255429468e-05
2.909456444762038087e-05
-4.914075958486029540e-06
-3.152537201838861769e+00
2.391779170227597895e+00
-5.176689692396017062e-01
2.298010496935069646e+00
2.110217002698811406e+00
1.710816059521442112e+00
8.073846755606988168e-01
2.649030908628477565e+00
5.157336113117215568e-06
-8.871888452817881039e-05
-9.157470648978917067e-05
1.148799676877165473e-04
2.957909935041507865e-04
-1.796437961080548057e-04
-2.088105761461162772e-04
-7.917102293597598570e-04
-2.220333854570716160e-05
6.469131551619216052e-05
2.947603744387219753e-04
1.500257613308146834e-05
4.768115170903019183e-05
2.463587728680272418e-04
7.710979996828488237e-06
1.526521544516695273e-05
1.962700135051549102e-04
2.744389105953303848e-05
1.367337403646814477e-04
1.731118035133130586e-05
-6.905736683279997679e-02
-1.327768942292642355e-05
-4.348451313607669920e-05
-2.852034116277097145e-06
7.441666017654003577e-05
-1.874708956943285307e-02
1.965402683665545499e-05
-1.666242399980206795e-04
1.762570328041789864e-06
-1.524063121705022342e-05
-5.811551192730101713e-03
-1.138949761217400956e-05
7.930583996388260149e-05
8.511854334300556434e-06
-5.589415038580956954e-06
-4.771951448857476331e-03
-1.411063757171291213e-05
6.776608497089308888e-05
4.876083412021134492e-06
7.851636975078691888e-05
-1.536775887484530517e-03
-2.107739375003755446e-05
1.025687164275944119e-04
2.735172423720699277e-05
-2.077643222690144106e-04
-2.519699958588755492e-03
8.796177980289260811e-06
-1.231862510494249917e-04
1.319598607154567546e-02
1.380448985334625138e-04
-1.439296806456905227e-05
-1.150790680343530270e-05
1.089268810444239612e-04
3.416550843223647993e-05
6.800945426896792823e-02
-5.978727612799004769e-03
-8.195256184304649714e-05
-6.660556064133995625e-06
-4.180760229960389651e-05
-6.052105025927917263e-05
-4.684414962168460383e-05
-3.077569500089281929e-02
4.122569701622337893e-03
5.145186308115282391e-05
3.658541433931408239e-05
7.203038985990548038e-05
2.982877616596574759e-05
6.486766577182734479e-05
2.117604446481256841e-02
6.508142959208367646e-06
2.570656106643974190e-07
-2.991254846977219745e-06
-2.261024464637575093e-05
1.908401104849564902e-03
2.722075925020068127e-05
-7.154166032659835771e-06
-3.258484076288816866e-05
-1.010137229568651126e-05
-3.152521937229129545e+00
2.391715030551813559e+00
-5.176429663076590471e-01
2.297862499663783975e+00
2.110030475396377003e+00
1.710739892760988479e+00
8.073926167558771461e-01
2.649050933332611102e+00
-5.335653807085307320e-05
-1.363598688181812037e-04
8.916091603246127650e-05
-1.533375440583861510e-04
2.088227884976439144e-04
2.285162725119186354e-04
9.531592145618261508e-05
-8.151667050957336251e-04
-8.031822511421902642e-05
-1.474121334393807989e-05
2.709938608412292178e-04
1.976105339364243575e-05
-1.646381247413281388e-05
1.938854739313020038e-04
2.500586317590756328e-05
2.517229283305459392e-05
2.872599926895221586e-04
-5.181259495890337653e-05
-1.421581861838936908e-05
1.908059607398876565e-05
-6.901089141496022372e-02
-2.914829255092077093e-05
-3.062370564091773531e-05
-1.205417708812222969e-04
-5.675637030683652862e-05
-1.869032688471590486e-02
-1.517365884886890661e-05
-7.344579947802867283e-05
8.314247908399446517e-05
-1.426592071500618921e-05
-5.764073385871439602e-03
2.194070978216003159e-05
5.273069468027107595e-05
8.235825485935753553e-05
-2.023028963344120090e-05
-4.717399225226818690e-03
2.598196131588175026e-05
4.278818166382672005e-05
1.164427335236439598e-04
-5.962571731884788782e-05
-1.440901934901362563e-03
7.079148474898847466e-05
5.327408345885143446e-05
-1.052564114583822276e-04
1.061638444269150089e-04
-2.617585613268172753e-03
-1.216526803782947130e-04
-6.142154581047309209e-05
-1.312565197241477057e-02
1.663266261677741591e-04
9.135460839945080697e-05
3.207518276544807367e-05
-2.893903287370090151e-05
6.937845954295982290e-05
-6.782841663894316475e-02
5.934762771651080383e-03
-1.252126833344603934e-04
-4.563636955675352044e-05
-1.019993613990445580e-04
1.715830259951714020e-05
-4.567961685917649875e-05
3.076053034659993399e-02
-4.090565466619038547e-03
1.208933624051751064e-04
7.515883354708077909e-06
1.652131101712445149e-04
-5.925471518693930552e-06
2.881390382234176768e-05
-2.126865762594688097e-02
6.942795077931080295e-06
2.468456046353454661e-05
-1.084315756846979161e-05
2.862894488531910072e-05
1.874215876458631188e-03
-2.152815737401642116e-05
-2.142257403627174928e-06
3.471487189909088335e-05
-1.739358140302187144e-05
-3.152533734684398237e+00
2.391836520881691186e+00
-5.176772892012524441e-01
2.298080170442204473e+00
2.110295884608108796e+00
1.710853967162500044e+00
8.073828604385724361e-01
2.649020437870460043e+00
-1.184707671989379736e-04
-1.103756388460107188e-04
-5.783348165811638621e-05
-1.580932517111257847e-04
2.782728578197442553e-04
-7.641649810202306916e-05
-1.632529348571536186e-04
-8.522415021021446935e-04
-7.847410875699980604e-05
8.073068635747087979e-05
3.029677545597203852e-04
3.663490402270913100e-05
3.985596837914601306e-05
2.542057404206290745e-04
1.967931510940108900e-05
1.197335549421917820e-04
1.745885718552354633e-04
4.439070576327118256e-05
1.185560039065016629e-04
7.722457227438286149e-05
-6.891672757824125750e-02
1.324448929253935724e-05
-1.147166508622360186e-04
8.840725769914507272e-05
1.596335941108893990e-04
-1.874927510311807238e-02
4.535332166477501373e-05
-1.582864188692534595e-04
-5.329441955243182651e-05
-6.747786079310177378e-05
-5.824100985910067585e-03
-2.036078785695322202e-05
8.076241407079670382e-05
-4.445251820141072404e-05
-6.076600028106296107e-05
-4.793915462556821126e-03
-2.073751684679863051e-05
6.671879983753770745e-05
-7.815372393820057358e-05
9.496903558381000570e-06
-1.588277391722047946e-03
2.211589246032741513e-06
1.031645076337591826e-04
1.195872244314781410e-04
-1.652654591466328751e-04
-2.460477124979723595e-03
-5.723225663798119469e-05
-1.315969365885220617e-04
1.320989403054677672e-02
4.430795647234419231e-05
1.015031271997909228e-05
1.045659194302481221e-05
6.244668402670363781e-05
3.336784420384037234e-05
6.796748827660060999e-02
-5.969657898903003856e-03
-1.126493984333323730e-05
-1.849222574910068583e-05
-2.815103915643213384e-05
-4.023054303831371739e-05
-2.485176399373198973e-05
-3.072032582830321046e-02
4.090554146556265105e-03
-2.866090456842695791e-05
4.401020493733582618e-05
2.566564355453715418e-05
3.388280446351588798e-05
3.842704272748003174e-05
2.108060997543410170e-02
2.871210994113958541e-06
-3.753262556564261414e-06
1.262956746790985145e-05
-1.585360159694623532e-05
1.932178187712370928e-03
9.024380915759452134e-06
-1.630306196970449702e-05
-1.749875813938308076e-05
1.033992247738863566e-06
-3.152563525186440785e+00
2.391885424513843450e+00
-5.177060365531162001e-01
2.298102422093700081e+00
2.110200667950551168e+00
1.710802651561080800e+00
8.073873191145486405e-01
2.649029934983415657e+00
-5.355981584094179383e-05
-4.859739040384433934e-05
-1.539100087437713813e-04
-2.019057493772532293e-04
3.982646494864788746e-04
-4.094547169602332209e-04
1.589505329187392902e-04
-8.252074050580058022e-04
1.815042170639927319e-04
-4.844480244669578726e-05
2.982886781215958374e-04
-2.814436448483720289e-05
-4.486686246771953007e-05
2.332998916003425644e-04
-3.541188555509263824e-05
5.812605175348456010e-05
2.472949680216091138e-04
8.574353992242479856e-05
6.670010136870601312e-05
4.182072190260255904e-05
-6.881335922843023756e-02
2.482029066313987467e-05
-5.511479002023395241e-05
1.367456911955427970e-04
6.863813527877538035e-05
-1.866424446827088038e-02
2.850189125700461693e-05
6.686940520463449406e-05
-5.917714416858178264e-05
-2.110938378300975020e-05
-5.780913145188967990e-03
-3.781937244785743839e-05
-7.153139230151969621e-05
-6.222977285135405717e-05
-2.353486357884479211e-05
-4.744480848358969584e-03
-3.969510184276416704e-05
-6.823784636928882630e-05
-9.623590056141256800e-05
-7.767099867847534578e-05
-1.499116356026592963e-03
-1.179198070885758290e-04
-8.327355772018654886e-05
9.140885859143499902e-05
1.418863428049886631e-04
-2.565707897976824380e-03
2.084183225268519961e-04
6.847744425636570541e-05
-1.324437307401854502e-02
-1.616164495823351789e-05
-1.135158274154829307e-04
8.070921684617815561e-05
5.819118704028232274e-05
-1.720014160636476955e-04
-6.809893617464632398e-02
5.991753266148779934e-03
1.770110951185537972e-05
7.137707914890083043e-05
-7.585764715852504059e-05
-2.479456708693141605e-05
1.341636131034289973e-04
3.082580115685921648e-02
-4.120262348492397669e-03
-3.983506237165515031e-05
-5.845565585127271337e-05
7.478121412935780088e-05
-8.386138392558952371e-06
-1.231088347443429307e-04
-2.120979449217416657e-02
1.183622129593268251e-05
1.339097701179205874e-05
1.607390682724940700e-05
-1.018343326059732820e-05
1.886054271049974638e-03
2.638957776800578223e-05
1.974499568886873592e-06
2.814412693983959094e-05
1.589853089318357031e-05
-3.152553153984968048e+00
2.391880100628653860e+00
-5.176978367766679190e-01
2.298053443148326380e+00
2.110112245354007765e+00
1.710762065982242452e+00
8.073935195395813835e-01
2.649040398807425145e+00
4.706778065546174394e-07
-7.352717828555275972e-05
8.379150909522891603e-05
-9.553582876046639444e-05
3.523884960668823702e-04
2.704718801771622671e-04
1.678312886855378903e-04
-8.432783431155652966e-04
-1.949654287712387435e-04
-4.777202223935964856e-05
2.928366089121712677e-04
3.769544788140375552e-05
-4.133840474284369490e-05
2.125388355482522407e-04
4.465324188949897132e-05
3.999499869886314783e-05
2.984305911468945380e-04
-8.931745549195881963e-05
-1.778121710594654861e-04
6.582933381189977600e-06
-6.877292062947241991e-02
-5.871005706320397348e-05
-1.535183509498286086e-04
-2.603933129932073463e-04
5.599200812664572062e-05
-1.866647632523651262e-02
-8.999547509744635059e-05
-1.886962923741393548e-05
1.170675160210850427e-04
-1.767521697094920558e-05
-5.759175281051537136e-03
3.713656110226961910e-05
7.429198378634638375e-06
1.073010977329090271e-04
-1.582657890828756636e-05
-4.711428667379610920e-03
4.129211763208127809e-05
-5.924710331672967354e-07
1.431519733403333798e-04
-5.960131288642059007e-05
-1.444298484931239371e-03
9.176361317492001397e-05
-7.920810971671844220e-06
-1.263689370161136466e-04
1.204305398154624420e-04
-2.602939109602923386e-03
-1.302397249691217740e-04
-1.609150886948689814e-05
1.324940827200743812e-02
3.636809311978938739e-05
-1.426742878333489215e-04
1.246226160096994273e-04
3.287965548634834076e-05
-1.442628061867233991e-04
6.784846153797363666e-02
-6.016702747803616413e-03
-2.844482736616979826e-05
9.708936768109083324e-05
-1.202248422748439932e-04
-4.217196377194487329e-05
1.103797014535131890e-04
-3.071352454657266459e-02
4.165097745425148240e-03
4.138988845011303246e-05
-7.895703557513690822e-05
1.303873175643698035e-04
6.872736789979004036e-05
-1.109930074227679254e-04
2.116170154781190152e-02
1.380670833559227142e-05
1.111715035331795314e-05
-1.542260856513048796e-05
-3.012119536149583882e-05
1.872697016830982344e-03
1.019941835847212094e-06
3.392236103345042781e-06
-3.523293247956927221e-05
-1.490957558338272971e-06
-3.152527907637190374e+00
2.391757058673911196e+00
-5.176573642550941212e-01
2.297929695758431201e+00
2.110082526444942097e+00
1.710751516226213687e+00
8.073898797500682623e-01
2.649044796251750711e+00
2.239971799513414564e-05
-8.473350951566753497e-05
-5.386141693436183688e-05
-3.965994024458742353e-05
3.019947225504034972e-04
-1.744296932216596882e-04
1.561900418058869387e-04
-7.844388818799965862e-04
1.231681216472395334e-04
-5.626109727767275603e-05
2.902210919894260169e-04
-2.924603717614681557e-05
-5.054512936087055138e-05
2.184386208504279780e-04
-2.829909585504365071e-05
3.596632262969836225e-05
2.863800437307912651e-04
3.239433064846695509e-05
1.476423675518334991e-04
7.207510634728823843e-05
-6.887974127271678793e-02
2.056791522793486975e-05
-1.070048761074091212e-04
2.057824037525067453e-04
1.679409275226106046e-05
-1.871653867529990412e-02
9.225769911987009007e-06
-9.145182498028212926e-05
-1.055947165366461307e-04
-1.402618188260303133e-05
-5.762925811136395370e-03
-1.587556856001386463e-05
2.882670294941219171e-05
-1.000716210394572307e-04
-2.027516518672772497e-05
-4.709822384107154730e-03
-1.508783865115708513e-05
2.151912562331698410e-05
-1.375965755102038124e-04
-5.809916225351875383e-05
-1.438823636627905873e-03
-6.092720360612522681e-05
3.847460164407437509e-05
1.369630363312457745e-04
1.003937292456387958e-04
-2.597978277849384912e-03
1.238851860760706866e-04
-5.329276712925454652e-05
-1.324665233831552255e-02
3.946119057737958180e-06
-1.462065694212538172e-04
1.295781488085956390e-04
-3.026829270655275080e-05
-6.040087493282709358e-05
-6.769565828257934070e-02
6.000243411348471501e-03
1.118757434633780960e-05
9.447631831585373216e-05
-1.255842394617054381e-04
2.261964010141250241e-05
4.596408656214472262e-05
3.065253961820459810e-02
-4.135382244285047866e-03
-4.000939965251673093e-05
-8.132379731054056827e-05
1.423998735024505774e-04
-2.719928472940649680e-05
-3.037393214659124020e-05
-2.114296924636750383e-02
-3.897912151211489849e-06
7.220462394064432426e-06
1.309285372534316205e-05
-2.205529502223208568e-05
1.881938984047753973e-03
1.557343485391129729e-06
-9.258146800096952100e-06
3.818329427180792041e-05
5.725168967978836804e-06
-3.152581699257789083e+00
2.391974794748597866e+00
-5.177269668164296013e-01
2.298174204785349950e+00
2.110174062821656094e+00
1.710775611993180956e+00
8.073921581295278038e-01
2.649034371599444437e+00
-4.916338931083900866e-06
-1.776484859176212755e-05
1.895535818506880116e-05
3.331926298391261164e-05
4.676428470999447612e-04
1.359479829328327609e-05
-8.826576035512258321e-05
-8.549092701743728337e-04
3.364823276387211479e-05
1.884320518887656987e-05
3.103084403168966839e-04
-6.061269275382338313e-06
9.810409369372177508e-06
2.313382800367679579e-04
1.009750663463960095e-06
-2.058577883561552772e-06
2.989129977181597991e-04
6.711003941971847907e-06
1.004198941723843854e-04
-3.011246431223790808e-05
-6.909597801588149291e-02
4.746833253265185949e-06
-5.998660975743480214e-05
1.769978536277414904e-04
-1.515924636660641832e-05
-1.877060991919747915e-02
-3.573933073648426554e-05
6.410775029283605393e-05
-6.152975558635255927e-05
5.082846874208526229e-06
-5.792067026473985900e-03
-6.324355839317852886e-06
-6.155485598322677450e-06
-4.838188856984358254e-05
6.125962236174813309e-07
-4.734300392520815644e-03
-8.612344802679631497e-06
-2.052135257021931233e-05
-6.882068808524495918e-05
8.022090291152245980e-06
-1.451272847123910277e-03
-2.433739534248699943e-05
-4.432897200660297285e-05
8.626924004996998374e-05
-1.771909945541334417e-05
-2.600385337293810266e-03
4.662430586275770783e-05
2.226905556387151708e-05
1.339973617752398226e-02
3.182755777585274601e-05
5.906940580184583437e-05
1.557276516048720916e-04
-7.013492844040248361e-05
-1.148929800618598033e-04
6.821995738983797908e-02
-6.079296717863584207e-03
-5.417214995382356457e-05
-4.346215109923223200e-05
-1.185786262204342745e-04
3.729376769818930403e-05
7.687263639158810032e-05
-3.088505586602206462e-02
4.194114480974658193e-03
6.651607507542908011e-05
5.736767823761814876e-05
1.002024870929863615e-04
-1.581883246159866761e-05
-9.119877398772372845e-05
2.126065050753403463e-02
1.954413861057107456e-06
2.970528355659740648e-06
1.512530698649373591e-05
1.151903163611005514e-05
1.877911999792550735e-03
-7.770416181144798910e-06
1.108907794750428784e-05
-3.228386796995324446e-05
1.447189914083909894e-05
-3.152550329434295584e+00
2.391866963744800678e+00
-5.176911737385369028e-01
2.298038540537578722e+00
2.110101489450092682e+00
1.710750340214511445e+00
8.073925925420925021e-01
2.649041925893415694e+00
-3.607107778429323518e-05
-6.174972157880587002e-05
-7.371322100040524940e-05
-1.292505980874363719e-04
3.623846889232568667e-04
-1.830589707208991109e-04
1.043493133791962364e-04
-8.197552051497910630e-04
5.579153560511124221e-05
-2.853532374640138831e-05
3.021372389063656759e-04
-4.609687625719093273e-06
-3.688959682257759738e-05
2.225917654622126417e-04
-2.151368420732780720e-05
6.384812018736735813e-05
3.106461844691433367e-04
8.245346853951869798e-05
1.332173206023493919e-04
8.051449081380659826e-05
-6.903975962119385246e-02
6.326479793227068210e-05
-3.516402145785368655e-05
8.813432976475390839e-05
5.465470018520883987e-05
-1.877447687507974652e-02
6.175928815964797428e-05
-3.319076355084172041e-05
-6.152344228149244959e-05
-3.016042999316766843e-05
-5.774894057183337093e-03
-4.254101910885625296e-05
1.220418984615871850e-05
-5.384259966322441489e-05
-3.624029505190278302e-05
-4.715110670422927898e-03
-4.247623102530672523e-05
1.180505354494633559e-05
-6.430564449802607591e-05
-5.706258873208655660e-05
-1.428347064288439756e-03
-5.935929193925445363e-05
4.766644475273923572e-06
6.613256933044980553e-05
5.370890686633294510e-05
-2.618245238365177370e-03
5.840394945469231985e-05
2.368993152831112196e-05
-1.335484403892674317e-02
3.244533058393552979e-05
-7.754244523649849157e-05
1.865515543924972652e-04
-4.615789441949171620e-05
-9.038343487558387224e-06
-6.805789533649361789e-02
6.058901725126087864e-03
-2.212162278801121235e-05
5.486379094332105816e-05
-1.466878820992195687e-04
2.696490487121049398e-05
5.291753567797423613e-06
3.080725527405594674e-02
-4.183151444443806814e-03
1.583609251734781603e-05
-5.112952737608859118e-05
1.392621949824340843e-04
-1.091632756406067596e-05
1.532106357158799400e-06
-2.122803416715105321e-02
3.024556923387342590e-06
-6.406655309696026018e-06
3.306189431801095056e-06
-1.240394869681210425e-05
1.878864779921598062e-03
-7.331249747330795524e-06
3.010348250039628554e-06
3.873243458626059502e-05
-2.385472239249534273e-06
-3.152527908421240532e+00
2.391757061375289428e+00
-5.176573654856888584e-01
2.297929696788346909e+00
2.110082525472948500e+00
1.710751515404254297e+00
8.073898795599687706e-01
2.649044796406331059e+00
5.785259066799894236e-05
-8.473449125635020701e-05
-7.524247423239168722e-06
1.312405904406193540e-04
3.019921724079208981e-04
-1.215280487477231764e-04
-2.856642080638868741e-05
-7.844384851445785223e-04
1.968319583981344135e-04
-2.803364105046912753e-06
2.902207275523134762e-04
-6.334603051821318677e-05
-7.633355163451020195e-07
2.184384755129009442e-04
-5.792645917945972835e-05
-1.008173772976397664e-05
2.863797483436343648e-04
4.735495653250288437e-05
1.885217792576820972e-05
1.822863871799338753e-05
-6.887974126862032864e-02
7.269954884576504948e-05
1.813385415601923793e-04
-2.368460413312754268e-05
4.084762867534994825e-07
-1.871654595696779083e-02
1.915570150761216077e-05
2.239445865845129870e-04
2.782998899035317168e-05
6.735473469026797937e-06
-5.762924833486809083e-03
-2.008493302678082199e-05
-1.058673616972194247e-04
3.139729409171460180e-05
2.929026309292471022e-06
-4.709822299527892733e-03
-2.510298016180513824e-05
-9.743092134771516989e-05
3.548363985341714325e-05
2.371548102935955944e-05
-1.438828285589820741e-03
-8.077963246478598127e-05
-1.384079865900625806e-04
-2.234825830881269077e-05
-5.709145632851203865e-05
-2.597968028185584054e-03
1.488870337487340585e-04
1.452626191575870232e-04
1.324665953734806972e-02
5.033465707338010417e-05
-4.689551580970064727e-05
1.295772115388685308e-04
-1.417474935575873882e-04
3.361837110513968968e-05
6.769565943413019538e-02
-6.000253447499369688e-03
-4.539957929557914755e-05
2.764941298896456557e-05
-1.255842217172085939e-04
9.312505778878536755e-05
-1.329323901979977129e-05
-3.065253747242749696e-02
4.135397130300448240e-03
4.630953301443885360e-05
-1.710260077705045618e-05
1.424005283782586728e-04
-8.402595114343370392e-05
-1.946240249729074348e-05
2.114296749972060727e-02
6.909070424006298454e-06
-7.220420979798996349e-06
1.472203394092145635e-06
-1.237668143982708334e-05
1.881939186367900937e-03
-1.832162073455882246e-05
1.596886762974001955e-05
-3.818300348802554578e-05
5.080149155856149117e-07
-3.152581700748458893e+00
2.391974800609299567e+00
-5.177269697739559362e-01
2.298174208327463219e+00
2.110174059324105400e+00
1.710775610517345724e+00
8.073921581107125212e-01
2.649034372268733506e+00
-1.885576738628584484e-05
-1.776416767394333471e-05
5.192760404005604402e-06
4.928050606371406220e-06
4.676431764082721130e-04
3.557629889205215351e-05
-7.327230346632457824e-05
-8.549086804327833949e-04
-5.960982599978017550e-05
1.467133262367538077e-05
3.103079116874254322e-04
1.328855306587770784e-05
4.032806938987067109e-06
2.313380498122823777e-04
9.006875645073185937e-06
-6.849047672398453736e-06
2.989126572778060486e-04
1.559896044535305905e-06
1.716574864797496859e-06
-1.916566433544350566e-05
-6.909599756714321361e-02
-2.370708210690567440e-05
1.168961906576563973e-04
-1.440232108932841320e-04
2.337135350281721873e-05
-1.877061304952779008e-02
-3.099844798373538432e-05
1.212153238269085228e-04
3.609498596117663877e-05
8.018633669795241785e-06
-5.792066224103506814e-03
1.239547843104085701e-06
-5.020888733783819395e-05
4.196148802605857069e-05
7.765062142454333741e-06
-4.734300824985733687e-03
-3.775945917517332300e-06
-3.164305352962116038e-05
7.279443739897039061e-05
2.508817035725498967e-05
-1.451277845208327538e-03
-5.221832715629330136e-06
-3.745831123361248330e-05
-6.241002386153378205e-05
-4.923731677482200695e-05
-2.600374810991264510e-03
7.967101758552810279e-06
6.361834081149373159e-05
-1.339973073441395185e-02
8.358547087910909480e-05
9.028345879781725890e-05
1.557266584955169231e-04
1.609587054946445286e-05
8.501064960746975915e-05
-6.821995383418474890e-02
6.079294875498817384e-03
-3.948690421038303540e-05
-5.403684435889143534e-05
-1.185785728872110201e-04
-1.899225632568039119e-05
-8.535101516075774362e-05
3.088505546210286792e-02
-4.194108315877763393e-03
4.572185205883373162e-05
4.239689896898282359e-05
1.002030242467626814e-04
4.176863591584233375e-05
1.032039370682523742e-04
-2.126065124235530096e-02
1.155800508506217290e-05
-2.970532640725139406e-06
-1.716402014951637378e-05
1.248878173473496180e-05
1.877914154743101638e-03
6.090685426178452317e-06
7.553490337154953422e-06
3.228398298941516261e-05
-8.935734861780647575e-06
-3.152536856713135105e+00
2.391784293536151296e+00
-5.176684809584746194e-01
2.297998324178846197e+00
2.110169656160878482e+00
1.710786098549835099e+00
8.073874739077369078e-01
2.649038619736329370e+00
-7.296211617340891606e-06
-7.177269736074830654e-05
-2.925073238683626939e-05
-4.821312924935139562e-05
3.136771559836624545e-04
-1.717494077858713799e-04
6.099621983646903272e-05
-7.663300854005193011e-04
2.170100780801180386e-04
-9.114267359824232509e-06
2.992268481388811593e-04
-7.803833259280728598e-05
-2.141834501103438053e-06
2.469357081916880654e-04
-6.654313907372046556e-05
5.592901689006524635e-06
2.240473241536623317e-04
1.462504655980732295e-05
8.732993793987041463e-06
-1.931750328445808618e-05
-6.910358690572888929e-02
4.091050147677342298e-05
1.776065805854538113e-04
-3.271359671776780521e-06
1.242138441753513244e-06
-1.878017575470513484e-02
-7.863889105262425179e-06
5.597451973199636199e-05
-6.030242480367388922e-06
9.533762867786386417e-07
-5.801208357330846742e-03
2.805460839464087237e-06
-3.784019180887860501e-05
-1.305687451934568249e-06
-1.364418699924338868e-06
-4.748880582102245340e-03
-7.073126168120067917e-06
-2.851620358896442888e-05
-5.439095555881288881e-07
-2.156617988009811791e-05
-1.501193409316207289e-03
-8.898720872131950471e-05
-5.924329487806295508e-05
4.289529032126935973e-06
4.505993236366810667e-05
-2.528931958008850088e-03
2.023227811170638852e-04
1.166242321496011242e-04
1.322681762725951872e-02
-3.388963898973905127e-08
4.702893373595298885e-06
2.275396638268950555e-05
-6.163829866802556824e-05
1.528494085993776803e-04
6.794286827126562456e-02
-5.991272848544358653e-03
8.134866205585778283e-06
6.548340688569063680e-06
-6.721941564810998693e-05
4.269809103175003975e-05
-7.446366896292572549e-05
-3.074797700343827322e-02
4.129887255542933656e-03
-9.554559815862276567e-06
-2.182753848256137645e-05
9.813433706152598079e-05
-4.773734140737866637e-05
2.833668873450004939e-05
2.118032524703685263e-02
2.745205016436554827e-06
2.129774090565945228e-07
2.422869054414541206e-06
5.373718676600216322e-06
1.904795924073560652e-03
8.914966772218544180e-06
3.939617952710734597e-06
-3.542246261823098230e-05
-2.403225438819146375e-05
-3.152563509841650013e+00
2.391885349998370547e+00
-5.177060099699392071e-01
2.298102369475172324e+00
2.110200689839204280e+00
1.710802657438732943e+00
8.073873188305239479e-01
2.649029933359094535e+00
1.601928791619673751e-04
-4.859524276265637694e-05
3.061083294012902653e-05
4.558839571465122479e-04
3.982697550801417817e-04
2.999595582772339366e-05
-2.366801974379832436e-04
-8.252101322019085410e-04
4.687843692070662628e-05
4.859847589571322899e-05
2.982877575548170527e-04
-2.788140785442433926e-05
5.308496882950107618e-05
2.332980967920825969e-04
-2.115783818892345833e-05
-1.032701795312436369e-04
2.472980160598959969e-04
7.491704929295837456e-06
-8.139516791868953507e-05
-4.240542066419653554e-05
-6.881322183238260115e-02
2.380648938071707084e-05
-3.008076818803058494e-05
-1.051933025347997775e-05
-5.900281283611108398e-05
-1.866418720138719733e-02
4.519047924823971847e-05
-1.518443557438945389e-04
-3.236754277149074034e-05
4.330717518875939760e-05
-5.780920875924478071e-03
6.285927664974484946e-07
8.702018509572415192e-05
-2.798153581681183364e-05
4.614459614683968122e-05
-4.744488782561527562e-03
-5.341252535356438543e-07
8.801789222569509448e-05
-2.401974304754312658e-05
1.409570725144105045e-04
-1.499109391196419647e-03
-8.305044319846155887e-06
1.249960444428765646e-04
1.366123777681723474e-05
-2.514376500285558013e-04
-2.565742526248290800e-03
1.866796294480756722e-05
-1.134245251372903321e-04
-1.324443294203801400e-02
-1.408765171712457812e-04
6.359050212297479715e-06
8.071009250737795626e-05
-1.273903457184669412e-04
9.999938143046092215e-05
-6.809883862466921400e-02
5.991781754256473962e-03
1.073385699791592156e-04
-1.423004956729813277e-05
-7.585909913607191690e-05
7.420088017707700300e-05
-8.241277267492406675e-05
3.082576548236452829e-02
-4.120283547260024382e-03
-8.669864699899763362e-05
3.651797203564751890e-05
7.478340859752748149e-05
-4.641849149809337924e-05
9.605363811954897857e-05
-2.120977560873312309e-02
-1.966768092983070589e-05
1.339112582159432147e-05
-6.322025894970996967e-06
-1.776248511821366342e-05
1.886045743999604368e-03
-2.201391321150622586e-05
-1.491099498177937232e-05
2.814446926199147816e-05
2.316323974038009010e-06
-3.152537199341189478e+00
2.391779156123568395e+00
-5.176689645169204601e-01
2.298010488348189106e+00
2.110217007603298001e+00
1.710816062036211394e+00
8.073846754611035959e-01
2.649030907684353675e+00
-8.190667303097457776e-05
-8.871882117886871911e-05
4.134904258996760409e-05
-2.130611037141702394e-04
2.957920618905136184e-04
-9.622925438352832386e-06
8.515922551625243031e-05
-7.917110295652298856e-04
1.919673238977815072e-04
-1.935498328175659947e-05
2.947607437777754569e-04
-6.352457049432410090e-05
-1.716451519107519227e-05
2.463589709957839016e-04
-4.514359501809181625e-05
1.613403735604285861e-05
1.962699704463443241e-04
-2.695952166097178161e-05
-3.081157384867728999e-05
-2.015799926942114621e-05
-6.905734887121749155e-02
-8.350036327242659536e-06
1.400135725014890623e-04
1.456833372513949363e-04
-2.018874195382994868e-05
-1.874707611133159119e-02
-7.427377880554397933e-05
8.080636603387450067e-05
-6.955940509385847117e-05
-2.243359509291055725e-06
-5.811552068381905384e-03
1.889410395052310829e-05
-3.813191473967722500e-05
-6.293143167576631077e-05
-9.425770801692789826e-06
-4.771951050169776290e-03
1.189673016750590124e-05
-2.651045088339912397e-05
-9.124828801989853084e-05
-5.751252649875140347e-05
-1.536766220184039794e-03
-5.745714865909099379e-05
-4.706744817897153010e-05
9.300924586500355787e-05
1.115006716140516039e-04
-2.519721893344426585e-03
1.755301349420213377e-04
8.530920605350305577e-05
1.319615932437798525e-02
-9.861103323671087731e-05
1.015320564369578526e-04
-1.150725889865686358e-05
-4.201398730143692754e-05
1.024677448958136172e-04
6.800941180551649257e-02
-5.978802493657613994e-03
8.154437124386010663e-05
-4.908214138507171597e-05
-4.180749922029665389e-05
3.603041727273203869e-05
-4.755070073715053289e-05
-3.077567992455636225e-02
4.122621000122729008e-03
-8.190271919980009977e-05
7.536163970140705203e-06
7.202966788009967924e-05
-4.659093352769565623e-05
1.212423363132486553e-05
2.117603776611079111e-02
-1.200868820447917405e-05
2.568205165201173108e-07
7.691666759143846307e-06
3.487907353751245362e-05
1.908399545516294756e-03
5.970496502216346684e-06
9.902225304716724685e-07
-3.258477105779648760e-05
-5.627272091187815982e-07
-3.152531492168588745e+00
2.391769421837655063e+00
-5.176629614666147239e-01
2.297996643211582146e+00
2.110219552751698480e+00
1.710821876686874354e+00
8.073844094030481200e-01
2.649030460318098079e+00
-1.552319820396861206e-05
-1.068909680056406527e-04
1.319954759794024978e-04
3.619658632059105402e-05
2.668101105283100577e-04
3.004797674847179030e-04
-1.303220822926969794e-04
-8.045926397469593165e-04
-5.680061583051770955e-05
4.824637795372301144e-05
2.920863382620211444e-04
-9.423943262209532354e-07
2.501855546983572652e-05
2.413188349864064562e-04
7.921058457106201658e-06
6.419864099290210555e-05
1.948409336035919481e-04
-4.480322462281666223e-05
-1.594984520466342524e-05
8.065104324875239580e-05
-6.906224560366687470e-02
9.121096378361085062e-06
2.982599544590792007e-05
2.084480998292202150e-05
1.560742522259495686e-04
-1.874360964246083935e-02
-3.611846523983745436e-05
-1.661741624712652539e-04
-2.526812518440195042e-05
-3.786689577586115421e-05
-5.813674310002418279e-03
2.349427037443422889e-05
9.083872912029320769e-05
-1.895131944829764014e-05
-3.258872327341392577e-05
-4.779391692200871296e-03
2.557029016353665868e-05
8.769309100524044147e-05
-1.715633779916745922e-05
4.718585672969122127e-05
-1.549284975445592736e-03
5.986283866086699386e-05
1.218659186044307213e-04
2.549234739492714833e-05
-2.033337965772014035e-04
-2.513977007833635355e-03
-8.203997996974171224e-05
-1.132108610372817661e-04
-1.321274948529637012e-02
-5.007149867079671536e-05
-9.637719354426939940e-05
-1.013687335073981677e-05
-1.046386459333358953e-04
1.058571580129651253e-04
-6.804408418435348160e-02
5.974777665271895424e-03
2.793160989908208508e-05
4.562326322544803703e-05
-3.818466118578160706e-05
5.504345793378486720e-05
-8.764983632799088365e-05
3.079880296428794823e-02
-4.107616172203619118e-03
8.504047426959859541e-06
-3.399606616906486077e-06
6.429626034415610036e-05
-2.680290184168922295e-05
1.012719933991991636e-04
-2.119736054712199891e-02
-1.295430985214660060e-05
1.286761265314930597e-05
-7.839757755622494737e-06
-4.097619413686945801e-05
1.913010745026897958e-03
-2.826182321606480704e-05
-7.040537429034855309e-06
2.909490503538699881e-05
-1.262427092080689963e-05
-3.152546936529874166e+00
2.391809425311127502e+00
-5.176785550789728685e-01
2.298034350530542280e+00
2.110214844361241404e+00
1.710817487759358047e+00
8.073849821074614574e-01
2.649029128922069987e+00
-8.969336831617100224e-05
-9.949259853796673671e-05
-4.005149652614581465e-05
-2.599574927605823428e-04
2.989985796115579944e-04
-1.667693285956057918e-04
1.369788086660569438e-04
-8.402751214053788336e-04
1.718608574982227082e-04
-2.280948726814273001e-05
2.882266684225378477e-04
-2.551142952174504855e-05
-1.375546790331135151e-05
2.281434493118584313e-04
-1.962066146939322141e-05
1.939523532356514520e-05
2.184723527992848404e-04
2.501299109327682121e-05
2.368432436979160498e-05
-5.453412106474217827e-05
-6.895765239723257445e-02
-2.827367575890899973e-05
1.324713632337465741e-05
1.386635626178849760e-04
-6.967396220821975338e-05
-1.869690501711036498e-02
-2.740334278042331025e-05
-3.089764120304684778e-05
-9.380168241378780984e-05
-5.407950108232619391e-06
-5.801330878451168953e-03
-1.179656766585973312e-05
5.349327536472984926e-05
-7.953982681792609469e-05
-1.211312006529281543e-05
-4.767236755618446502e-03
-1.264177502929478332e-05
5.178028641349780649e-05
-1.013595953846817179e-04
-9.002147201670099134e-05
-1.523121390147123052e-03
-7.617258314986762979e-05
6.129141168084897677e-05
1.104081504320413259e-04
1.976067682219211270e-04
-2.553006718216258627e-03
1.708554920769023676e-04
-4.615739152658399996e-05
1.321667588573186350e-02
-9.588885782387196813e-05
1.268695629116857373e-04
9.185992256230401942e-06
3.094637977992952156e-05
1.215714813930864231e-04
6.813163314180316343e-02
-5.982483443117407595e-03
7.443919520725708009e-05
-6.269739377990274148e-05
-5.052747867148772720e-05
-3.874468684258894173e-06
-7.679904849379633452e-05
-3.085210526245813628e-02
4.118728500458870845e-03
-5.558511173673317835e-05
1.589307592702443855e-05
7.657984637886132429e-05
-1.956088391403531797e-05
5.998757210355455997e-05
2.123573671501706450e-02
-3.680746613200284510e-06
-6.895457168370835196e-06
6.539309219910676351e-06
4.531910023405295493e-05
1.896813791266513047e-03
1.547564609727386390e-05
-7.803996111222050668e-06
-2.840983658684734193e-05
5.615045513392641970e-06
-3.152537482485768816e+00
2.391829473965006780e+00
-5.176740915974492596e-01
2.298068792219595480e+00
2.110276580466080354e+00
1.710844276494204674e+00
8.073843086117505896e-01
2.649025786436640217e+00
3.819431221012450071e-05
-1.018810488425442220e-04
-1.067358002322155755e-04
1.058372839711515758e-04
2.798902948033987932e-04
-1.770090500441410576e-04
-4.875363216321645346e-05
-8.312059047385490611e-04
-9.723623761882927818e-05
2.326925352992657232e-05
3.003931482431194218e-04
4.011789924676858337e-05
4.888590306949586899e-06
2.553914880354647915e-04
1.559484959283710198e-05
7.083906834183034066e-05
1.695752954712772620e-04
9.797774788053697365e-05
5.264712274947644897e-05
1.220145092192235787e-04
-6.904898575987472586e-02
8.162337706940327653e-05
2.006815201555744814e-05
2.424994736226129951e-04
1.325871808157260356e-04
-1.875823162555779675e-02
1.525576328799891073e-04
4.250244143052835501e-06
-1.186382477290768200e-04
-4.362963820242643802e-05
-5.825627848472480531e-03
-5.184831322294972925e-05
4.248130772228257868e-06
-1.032591893573298601e-04
-3.845145435196222383e-05
-4.792129841713343129e-03
-5.277011320625526065e-05
1.037556871830965709e-05
-1.272598824531479174e-04
2.913763786843544192e-05
-1.587729088449373657e-03
-8.284163857265000076e-06
7.896258620795535386e-06
1.185734734337600955e-04
-1.596871459475396348e-04
-2.446361552895550285e-03
-1.186577931411355452e-04
9.371301094623479258e-06
-1.314652097891666656e-02
-1.133245972328739831e-04
-1.875286518896510492e-04
-4.533616749981955740e-05
-4.225978204263746568e-05
7.202131411737365302e-05
-6.798695980800764649e-02
5.940511616040437294e-03
5.978899140661486124e-05
1.060691291226079818e-04
-9.864392289980067341e-06
1.344485535428472446e-05
-2.243597681431615162e-05
3.075694330930917042e-02
-4.075626957787667481e-03
-3.057264864843073533e-05
-5.730010923989937684e-05
2.905857800505895483e-05
1.311511873872096904e-05
-1.061988678721578354e-05
-2.114365223112378567e-02
-1.752301570605668238e-05
8.974557607374972668e-06
8.727970063365450299e-06
-5.735341208170357662e-05
1.932657313262510718e-03
-1.405477209672363389e-05
2.386010643592205910e-06
2.428638530013171588e-05
3.035614870336355241e-06
-3.152521953556482792e+00
2.391715110024827950e+00
-5.176429959174053685e-01
2.297862555258162853e+00
2.110030449607201319e+00
1.710739885248596215e+00
8.073926171213926528e-01
2.649050935765831394e+00
-1.039025510107631761e-04
-1.363610692710860370e-04
-1.727496562219659360e-06
-2.746205051634561470e-04
2.088191611765233616e-04
-1.881642774625118722e-05
1.172456361965433020e-04
-8.151655783690028292e-04
4.241092961721532777e-05
-2.448140601453618534e-05
2.709940311727241117e-04
-2.888745224714624455e-06
-2.987507211102694222e-05
1.938864570957032950e-04
-1.741813266927066172e-06
5.742327819263388228e-05
2.872572882116695547e-04
-4.154148604549868679e-06
3.373140965018102486e-05
3.478715295469675048e-05
-6.901103701927388534e-02
1.952629631342991771e-06
3.245903214274341829e-06
1.238924173266446084e-04
-1.523721527022783503e-05
-1.869038131666469343e-02
-5.673928059100889667e-05
-6.763025256459849542e-05
-8.723354797806538610e-05
-2.613392443996799097e-05
-5.764064868732797671e-03
-1.383779354727736463e-06
4.564423178388229469e-05
-7.823928215692729261e-05
-3.261557338557119945e-05
-4.717391151793408170e-03
-4.528398977220667878e-06
4.992910445637389845e-05
-1.043675192965844378e-04
-9.111912910702275425e-05
-1.440909454336954110e-03
-1.624053855701237492e-05
7.420931798134724729e-05
1.058199626002948274e-04
1.584360322846209933e-04
-2.617549673476156618e-03
3.111270731850096657e-05
-6.046858091626705308e-05
1.312576376971648015e-02
-1.432475137137009108e-04
7.073917012698216489e-05
3.207363638416810270e-05
6.463230820351255714e-05
1.093537397325917721e-04
6.782847735422858904e-02
-5.934810184444122734e-03
1.021659081572732141e-04
-3.768122208757187803e-05
-1.019978610266574631e-04
-3.092560979418461565e-05
-8.559703779928618970e-05
-3.076055294224492795e-02
4.090601263635582248e-03
-8.539927096036747890e-05
8.900578678246108717e-06
1.652108623111953750e-04
3.521810253535953030e-06
9.028937743250947017e-05
2.126866896498093296e-02
-1.850863766260550463e-05
-2.468449817446768425e-05
7.271308129036139828e-06
3.295856244183974367e-05
1.874226707768520111e-03
1.402963395424594155e-05
-8.323763219960356977e-06
-3.471494308730045317e-05
2.700227445561609449e-06
-3.152533751380118598e+00
2.391836599859626489e+00
-5.176773190113014289e-01
2.298080226248087943e+00
2.110295860346696362e+00
1.710853960182151523e+00
8.073828605093309463e-01
2.649020439732851617e+00
-9.126714715636148341e-06
-1.103767831567209262e-04
-1.313702264801723551e-04
-1.278662539635947815e-05
2.782695274789613767e-04
-1.747411870391092029e-04
-1.369280000791669392e-05
-8.522400728289648494e-04
-1.806310847472159171e-04
8.635912498053180115e-06
3.029680891742437578e-04
8.823183128557403017e-05
2.875661997589694545e-06
2.542070328484410360e-04
4.433614834283256223e-05
2.144339724218157709e-05
1.745852463864075021e-04
1.259403661714712135e-04
4.016133574307530641e-05
2.714126864192852994e-05
-6.891685641048721223e-02
7.350161509224180205e-05
1.603266306281867382e-04
9.289258404009065404e-05
4.053967733956900121e-05
-1.874933249784700370e-02
1.609227111916726395e-04
1.557628627361353976e-04
-4.328914041931675015e-05
-1.610597976834515568e-05
-5.824092443704197847e-03
-6.861727327370840100e-05
-8.653159979545986969e-05
-3.555667942672126731e-05
-1.242367306564470660e-05
-4.793906136553319555e-03
-6.299273178877253269e-05
-7.185851719372248934e-05
-5.027880849888071411e-05
2.832897171970114058e-06
-1.588280422630058411e-03
9.331429569095127873e-06
-1.192480888783894647e-04
5.418413798703940567e-05
-3.306700182464147181e-05
-2.460449468561575360e-03
-1.717401401135063607e-04
1.693047899764431785e-04
-1.321000112011584682e-02
-5.104944987012081589e-05
-4.899845060718805177e-05
1.045576693623623266e-05
4.000729356957636153e-05
2.168889143979411960e-05
-6.796756746722806830e-02
5.969696276994512427e-03
2.715352546948311381e-05
2.559130969377084445e-05
-2.814981846906323970e-05
-3.614274357359030147e-05
2.669610952041193488e-06
3.072035480266866944e-02
-4.090574017573223725e-03
-1.894718499986862122e-05
-7.336617471720242853e-06
2.566367066907451755e-05
5.508321056314337901e-05
-4.403341042390879721e-05
-2.108062806943840350e-02
-5.120109744529726032e-07
3.753433111535069730e-06
7.799796390529624380e-06
-1.574216841931146558e-05
1.932187818309406922e-03
-9.218037630980599039e-06
1.908422287979957268e-05
1.749863803048490492e-05
-2.992075659342927660e-06
-3.152588869418518680e+00
2.391974009419099545e+00
-5.177304272270447649e-01
2.298180283979307958e+00
2.110185125282631802e+00
1.710787552227991171e+00
8.073930040115049334e-01
2.649033013445887708e+00
5.751280750768356445e-05
-3.656673091787722321e-05
-8.570893510481873245e-05
1.162830693518254006e-04
4.420633685686891582e-04
-1.931887162143202806e-04
1.484020041512165949e-06
-8.786959542565319498e-04
4.283729992514393489e-05
4.254849854659306001e-06
3.017513689301708148e-04
-1.448299185499342265e-05
1.442167609808892134e-05
2.226680821414183449e-04
-2.439187083972441220e-05
-2.994852245284456235e-05
2.836881798267494505e-04
4.479521184072622901e-05
1.507332306520129056e-04
-1.676713541879054463e-05
-6.920632348729408023e-02
9.010187519143119132e-05
1.284619199225689901e-04
-5.012892233905009125e-05
-8.866180516438070837e-05
-1.874450529432224524e-02
6.163698504586671064e-05
-3.750950350024290550e-05
-1.655280835652960181e-05
1.047097162151847444e-05
-5.801035757685073929e-03
-2.479700180088956977e-05
7.564026821234236492e-06
-1.663042603698056435e-06
1.502375937047261881e-05
-4.751370494579053479e-03
-2.966911142085930451e-05
2.048063265817933099e-05
9.351706650034700350e-06
1.114714798432866907e-05
-1.470564835398396886e-03
-2.644475353910308367e-05
3.695046847505570830e-05
2.256349475806854687e-05
2.653536941596323548e-05
-2.602821270930633785e-03
-2.178673791433126720e-05
3.507188512951619390e-06
1.333159266930518741e-02
5.887961730437623215e-05
-1.994584944629336108e-06
9.242690431907757409e-05
2.942968181803544024e-05
1.677086265788282383e-04
6.848110418912332908e-02
-6.037515685735841617e-03
-4.247648602002568915e-05
-2.120260964102473316e-08
-9.444653405452779760e-05
-1.368720230847107516e-05
-1.397736842684075794e-04
-3.102769984863753411e-02
4.158415241090424909e-03
6.093171477794394905e-05
-1.956378047461655094e-06
9.183508543096977061e-05
-1.469311731285053468e-05
1.582350074574128665e-04
2.137362898075509735e-02
1.067865357015952157e-05
-8.321028608981076809e-06
-1.014145657469709672e-05
2.301363830098295611e-06
1.866584477186788256e-03
1.134031001300461663e-05
-1.160958186471433258e-06
-3.389768192246731671e-05
-2.934284281802816870e-05
-3.152533963197179823e+00
2.391793733565158231e+00
-5.176686180074100418e-01
2.298023509092424810e+00
2.110225953080336225e+00
1.710817133893989705e+00
8.073848551849799327e-01
2.649030929286817049e+00
-5.910583716712372083e-05
-9.209362288678708559e-05
-4.462008744334473669e-05
-1.386642794403570699e-04
2.892774993076488313e-04
3.175370953384745341e-06
4.046268005740247416e-05
-7.985785601055466702e-04
-1.834321860547942940e-04
-4.490785890286003759e-06
2.995984241439861415e-04
8.160431170832626474e-05
-8.619232571025753280e-06
2.499360460164080510e-04
5.515145871947868994e-05
7.932735532072089299e-06
1.996710828082971724e-04
5.557709094341169620e-05
4.583043901128952026e-05
-1.933844740899140317e-05
-6.908429582744672615e-02
1.067497627127168272e-05
1.330034693660994000e-04
-5.492282764221923126e-05
-1.287882202974907403e-05
-1.877914857388538611e-02
9.943742127258587012e-05
8.808477185014143757e-05
3.409799982665203527e-05
-5.205473219288463756e-06
-5.816583771995627317e-03
-3.636424055242665774e-05
-5.020506403776150094e-05
3.824508771771382705e-05
-3.367337716268961709e-06
-4.773741972834920876e-03
-2.790088180968951145e-05
-4.178571970393133941e-05
5.647520328466870432e-05
-3.063094554248868329e-05
-1.541658248369874151e-03
5.025207638017875172e-05
-8.168175340071157445e-05
-5.701058694752737658e-05
7.351626119399781885e-05
-2.501837252926643416e-03
-1.913498252407170436e-04
1.352414675748923531e-04
-1.327758322339560662e-02
5.715445349391322719e-05
6.975566500709947564e-05
1.216270692610404991e-05
3.890403905383512263e-05
9.332263590891305000e-05
-6.800170782469247555e-02
6.011744748345052014e-03
-4.972816763997451586e-05
-3.666806386486455029e-05
-4.710617063425487361e-05
-2.726016292077662129e-05
-3.508737140159746276e-05
3.076380082231953972e-02
-4.136786752994253691e-03
5.393171909749450458e-05
1.705293382353866320e-05
6.518705565223756326e-05
3.911551994620218959e-05
-1.725063641549865519e-05
-2.116204187881563781e-02
7.887401175437665094e-06
7.169910688114944461e-06
1.106656346600292003e-06
1.829211456027562033e-05
1.918560312985798230e-03
-1.603141922041964574e-05
1.036405348585014595e-05
2.794564959190231344e-05
-2.062555758136979818e-05
-3.152553139837870777e+00
2.391880035112106118e+00
-5.176978135175163143e-01
2.298053396267095927e+00
2.110112264318637187e+00
1.710762070312533245e+00
8.073935192838185282e-01
2.649040397919948830e+00
7.219598691341470214e-05
-7.352339465313344983e-05
-4.234076358874631484e-05
2.816298105081233277e-04
3.523955697631582333e-04
-5.262221478351784701e-05
-2.527329587778068005e-04
-8.432798550394670191e-04
-4.783667999696712149e-05
5.652893019250934079e-05
2.928352919410785412e-04
2.252377179534796251e-05
5.935954786867326518e-05
2.125372876582728814e-04
1.348454669760178865e-05
-9.740510006703425542e-05
2.984327277987145290e-04
9.990447512896481535e-06
2.215095327776783621e-04
-5.413430471293680189e-05
-6.877279530747594516e-02
2.365560127001471030e-05
-7.706942196434056133e-05
1.464638968109911613e-04
-1.059345915488854432e-04
-1.866642646522972265e-02
-3.492848815666096951e-06
-2.160664773681694631e-04
-6.497702400614488905e-05
4.099877283331848903e-05
-5.759183357028134671e-03
-3.260973708368199836e-06
9.767630661863997438e-05
-5.314362307361765290e-05
4.367331980381807785e-05
-4.711437690994883451e-03
-6.939707687548084800e-06
9.323069726362837300e-05
-6.475631527612358239e-05
1.092714897727587445e-04
-1.444298101411245613e-03
5.735144732202824159e-06
1.279629486132838909e-04
7.720950249090336435e-05
-1.730092890185148870e-04
-2.602960480876066914e-03
-3.917749963832604785e-05
-1.014403826648459684e-04
1.324946701833647385e-02
1.067519435738884925e-04
9.981454769451164090e-05
1.246203421847169590e-04
1.071183170011745912e-04
1.036238064853652052e-04
6.784836684902348369e-02
-6.016725883542497523e-03
-8.136956539867695997e-05
-8.504953265703731145e-05
-1.202254108791378506e-04
-6.299020078854895984e-05
-7.982222061967748396e-05
-3.071348987871557606e-02
4.165113131013496728e-03
7.542755284141802481e-05
9.896707175001293001e-05
1.303897666903534175e-04
3.400832325307913374e-05
9.134062442000818842e-05
2.116168266821692387e-02
-8.167090408783729148e-06
1.111721642688113208e-05
4.778171290440504657e-06
1.594402802538018868e-05
1.872691121266934107e-03
2.557585699882920996e-05
-1.505532703044139362e-05
-3.523294598949097597e-05
-1.119484698828974089e-05
-3.152536871832776200e+00
2.391784367226095220e+00
-5.176685077012106451e-01
2.297998374816215605e+00
2.110169630653220274e+00
1.710786091242024298e+00
8.073874743142588351e-01
2.649038621859184151e+00
-2.897687207611233462e-05
-7.177516831367018084e-05
-8.185689859207075829e-06
-1.728522381257873494e-04
3.136709221418629203e-04
-4.378235684188548985e-05
2.184522151229563696e-04
-7.663270300213373279e-04
5.565503316499007008e-05
-7.213784084811268572e-05
2.992274362617574051e-04
-3.112339840716654433e-05
-5.869357983718308486e-05
2.469369525722005980e-04
-3.143477626026154598e-05
1.544935325088097385e-05
2.240450594901149560e-04
2.525687033753815374e-06
1.494228024238919471e-04
2.577133713880424074e-05
-6.910373211001245852e-02
3.718741478346738755e-05
-9.603541287277840349e-05
5.008849816810165842e-05
-6.190476960504329054e-06
-1.878023256759189449e-02
-5.005754298555291528e-06
-2.510094432247773774e-05
-2.975293692803349793e-05
2.906916854235042758e-06
-5.801200242085824757e-03
5.762391651118271613e-07
2.415106381803151358e-05
-2.403680246696378059e-05
-6.806938628907151896e-06
-4.748871559884601350e-03
-2.355310750510556262e-06
1.539132775241384103e-05
-5.102917650554131832e-05
-8.784683284789631926e-05
-1.501197035160834001e-03
-2.581761120346543701e-05
3.011604076221117675e-05
9.886336262569831400e-05
1.977453454896940213e-04
-2.528901876626397406e-03
6.214074636819241369e-05
-6.208905879023049088e-05
-1.322675707916380616e-02
1.323896751508433361e-04
-5.103841858041511560e-05
2.275207906516502065e-05
-3.488923306671138139e-05
-7.639739336921704937e-05
-6.794296598329893633e-02
5.991243346556324699e-03
-6.855484792997034588e-05
4.025352308629679375e-05
-6.721833963786727484e-05
1.566182204984807179e-05
3.018793183273520142e-05
3.074801416323316022e-02
-4.129865917647605397e-03
2.931698753852463035e-05
-5.225324629689991063e-05
9.813341824195520591e-05
-4.937854505142395779e-06
-5.894167925673795064e-06
-2.118034779171688864e-02
1.942786638364410977e-05
-2.133429186393321839e-07
2.198775174116785478e-06
1.040801768840732451e-05
1.904804754207046385e-03
-1.967623632437103497e-07
-4.073867714343221624e-06
3.542257998249761651e-05
1.442121924865181942e-05
-3.152563509357865001e+00
2.391885344020560300e+00
-5.177060076798619681e-01
2.298102366437396515e+00
2.110200693041730524e+00
1.710802659573180895e+00
8.073873187107479810e-01
2.649029932484225025e+00
1.066220947342718425e-04
-4.859649161655292082e-05
-1.233910636867471583e-04
2.539359978758763854e-04
3.982678767892848938e-04
-3.797424276490365957e-04
-7.771715909830964207e-05
-8.252095680640875565e-04
2.284360663745518979e-04
1.538918154539334034e-07
2.982884269422333176e-04
-5.602665255400744769e-05
8.223178892532124286e-06
2.332988786706110987e-04
-5.654842622244852444e-05
-4.515545088858464464e-05
2.472971553443437261e-04
9.316811983988318815e-05
1.466267581879386085e-05
-5.831122203154692069e-07
-6.881322208563671328e-02
4.863000691794421796e-05
8.534706509575164593e-05
-1.262203928289036233e-04
9.635783458531216772e-06
-1.866418401669155125e-02
7.369305826132954511e-05
8.496814019914389685e-05
9.154029022085885471e-05
2.219772691371639907e-05
-5.780920716460437141e-03
-3.719025542348780892e-05
-1.548252245850518182e-05
9.020424361785966938e-05
2.260959602314475199e-05
-4.744487826503341818e-03
-4.022862843507178481e-05
-1.977213409870485740e-05
1.202334081861104672e-04
6.328634209833809156e-05
-1.499103697197232783e-03
-1.262238193560133903e-04
-4.170533069682101618e-05
-1.050369340980222680e-04
-1.095524547279220487e-04
-2.565753883669921135e-03
2.270850041389380243e-04
4.492755559898561348e-05
1.324426175046953223e-02
1.570403482909622610e-04
-1.071483239956747425e-04
8.071018636996579732e-05
-6.921945507346472654e-05
7.200297807787936835e-05
6.809887376145636051e-02
-5.991710126246092491e-03
-1.250405549127213325e-04
5.714590711062623356e-05
-7.585856214489469784e-05
4.942506498280090088e-05
-5.175137003208407508e-05
-3.082578073441714223e-02
4.120235416259225743e-03
1.265336934887843724e-04
-2.193729148965118617e-05
7.478241599432819409e-05
-5.482591604807050562e-05
2.705592169022273761e-05
2.120978650084974493e-02
7.849065110939140808e-06
-1.339099761520366793e-05
-9.752249680485973503e-06
-2.794610531400937791e-05
1.886044323874419386e-03
4.375674316133731142e-06
1.293216253453532765e-05
-2.814431332801892622e-05
-1.817446875286086029e-05
-3.152553152548464688e+00
2.391880099494787526e+00
-5.176978351152436986e-01
2.298053441970328681e+00
2.110112246400962288e+00
1.710762065593693482e+00
8.073935197880051096e-01
2.649040399292886594e+00
-7.229970292578578178e-05
-7.352621814407092268e-05
4.230153196421347698e-05
-2.819386259405656792e-04
3.523897365497376949e-04
5.251322497898836417e-05
2.527767002391422988e-04
-8.432774346969346135e-04
4.783644752741395863e-05
-5.653216435373444569e-05
2.928365563010222692e-04
-2.252831572419219074e-05
-5.934206042815441218e-05
2.125388692019670382e-04
-1.348172153698782698e-05
9.734911144240770324e-05
2.984309540164088682e-04
-1.001037350367943565e-05
2.217187926157667289e-04
5.413770922360383641e-05
-6.877292357246411747e-02
-2.365557147320792404e-05
-7.731667966176091616e-05
1.464978238104494806e-04
1.059350240544031443e-04
-1.866647629007563494e-02
3.493019410226032599e-06
-2.161095366366869652e-04
-6.497102525480360439e-05
-4.099865541273073680e-05
-5.759177036863767987e-03
3.260806552373180932e-06
9.766686707206103800e-05
-5.313589313074777005e-05
-4.367312075433356160e-05
-4.711431438789723605e-03
6.939597257151026099e-06
9.322884009870179521e-05
-6.472271718077445197e-05
-1.092705778860300739e-04
-1.444306578440661491e-03
-5.735102810783959670e-06
1.279528932194234447e-04
7.714814715463496784e-05
1.730074814483201543e-04
-2.602924910386639288e-03
3.917721368719461524e-05
-1.014086022560954062e-04
-1.324956685742581693e-02
1.067507121295071301e-04
-9.982541559597451868e-05
1.246213065076232085e-04
-1.071160814499629943e-04
1.036238955781343916e-04
-6.784842100053781189e-02
6.016761192321167483e-03
-8.136907059303366985e-05
8.506878118568015484e-05
-1.202243770064073680e-04
6.299643774188034596e-05
-7.982195703754772862e-05
3.071350817812724954e-02
-4.165128753403270906e-03
7.542757795382768089e-05
-9.899419752162880821e-05
1.303872601146494753e-04
-3.401922491874802864e-05
9.133991138305047695e-05
-2.116168828986398839e-02
-8.199023703557854932e-06
-1.111712783382154011e-05
4.776079652377368621e-06
-1.594394391173971099e-05
1.872696844510392472e-03
-2.557602475298416462e-05
-1.505056764618758233e-05
3.523298906922862233e-05
-1.118322842995106599e-05
-3.152533976640094160e+00
2.391793798541065108e+00
-5.176686404762336213e-01
2.298023556703905346e+00
2.110225938314373995e+00
1.710817130690482468e+00
8.073848553351929969e-01
2.649030929853269267e+00
5.922709257192375321e-05
-9.209643422529315351e-05
4.470325123222562453e-05
1.390099239815184096e-04
2.892727475790783718e-04
-2.978454931939773353e-06
-4.049586659337357618e-05
-7.985783840057371309e-04
1.834467567726425223e-04
4.490537072468369669e-06
2.995998327888889042e-04
-8.160236567561428267e-05
8.594046869675246072e-06
2.499378756335743725e-04
-5.515433238867334202e-05
-7.860290446980830497e-06
1.996686032408370162e-04
-5.557035012381482657e-05
4.605587486698574633e-05
1.934134773555820641e-05
-6.908439913301636648e-02
-1.067310191636125288e-05
1.327096395158122201e-04
-5.488866173756375946e-05
1.288377053926327326e-05
-1.877919791293332363e-02
-9.943599917361685002e-05
8.803207025500007338e-05
3.410691669080796664e-05
5.203376498643335181e-06
-5.816577495210130573e-03
3.636380886553817863e-05
-5.021251061609645621e-05
3.825575121315178204e-05
3.365603541260851891e-06
-4.773734921096153307e-03
2.790124366450435453e-05
-4.178605954687905421e-05
5.651595853072535660e-05
3.062835470216632584e-05
-1.541662359347283550e-03
-5.025234959097746296e-05
-8.170233298292767384e-05
-5.708358762761981742e-05
-7.351347023181442326e-05
-2.501811801985598209e-03
1.913529553362204171e-04
1.353039825998806408e-04
1.327769607793142029e-02
5.715433580472540492e-05
-6.976724059242888493e-05
1.216401808453587696e-05
-3.890959777183415104e-05
9.332541867564038592e-05
6.800177222402661870e-02
-6.011793315055100582e-03
-4.972690841656467273e-05
3.665918507871906312e-05
-4.710483873835574764e-05
2.724902839365425872e-05
-3.508880758237224555e-05
-3.076382078176699564e-02
4.136824850573912402e-03
5.392999399819314041e-05
-1.703359601730286522e-05
6.518357738229813014e-05
-3.908825546245211168e-05
-1.725014538529441935e-05
2.116204730436570258e-02
7.858697491920996008e-06
-7.169674969040354645e-06
1.105241763982989364e-06
-1.829354788770729879e-05
1.918566445518803728e-03
1.603105003985188333e-05
1.037115975277241148e-05
-2.794517646475301131e-05
-2.061598160595187840e-05
-3.152588865317756728e+00
2.391973992612566491e+00
-5.177304192865490595e-01
2.298180272819263514e+00
2.110185132246276130e+00
1.710787554937007737e+00
8.073930041987232853e-01
2.649033012539508292e+00
-5.751543792738547027e-05
-3.656718272250538402e-05
8.574785557359000665e-05
-1.163097096566361767e-04
4.420640392031195253e-04
1.932471612587932804e-04
-1.460605604516990413e-06
-8.786964040024596240e-04
-4.279914867955501748e-05
-4.253114328869925153e-06
3.017520961119197131e-04
1.448185964832886260e-05
-1.441423124190678194e-05
2.226680991664332877e-04
2.439603974257414205e-05
2.992469983049316417e-05
2.836894114261547016e-04
-4.481465642551425439e-05
1.506753807832754519e-04
1.677012649692444343e-05
-6.920629798712932268e-02
-9.009751681964179876e-05
1.285985920632372543e-04
-5.015660017558723320e-05
8.866093772513648124e-05
-1.874449243015542665e-02
-6.163714447918601340e-05
-3.744349320717795264e-05
-1.655747809720648539e-05
-1.047040389016907802e-05
-5.801037934211181711e-03
2.479768471951267677e-05
7.564174670116414676e-06
-1.668248167791926143e-06
-1.502319334376516012e-05
-4.751371856897224077e-03
2.967002407920606903e-05
2.047008268720944783e-05
9.330034998527002445e-06
-1.114637667462640416e-05
-1.470560690277408680e-03
2.644634587003528666e-05
3.694077070172111296e-05
2.260326028776610626e-05
-2.653586034052788029e-05
-2.602832910240986987e-03
2.178518485049932350e-05
3.485562082875813029e-06
-1.333175709824645921e-02
5.887927391336909486e-05
1.977687962792160341e-06
9.242787462304669077e-05
-2.944755915322113857e-05
1.677099756258910730e-04
-6.848106048273631952e-02
6.037586427634657020e-03
-4.247610828193626497e-05
2.463624529861873757e-08
-9.444647019372053032e-05
1.369171361663716526e-05
-1.397746074943835267e-04
3.102768051355855178e-02
-4.158464523624403122e-03
6.093133024472707586e-05
1.959884885920935496e-06
9.183449712168480217e-05
1.469831211801877837e-05
1.582357979633633330e-04
-2.137361406132439259e-02
1.065181836091793461e-05
8.320803086787732588e-06
-1.014142955999045784e-05
-2.301284291378108068e-06
1.866580265941509328e-03
-1.134078160442282242e-05
-1.162093517886631259e-06
3.389800688233583320e-05
-2.936803254968678965e-05
-3.152533749336595914e+00
2.391836593418843027e+00
-5.176773153399317762e-01
2.298080221532536438e+00
2.110295862686792034e+00
1.710853961114940702e+00
8.073828607153292758e-01
2.649020439621652567e+00
9.159677948440561948e-06
-1.103773332056140781e-04
1.314117650820397203e-04
1.285801143427628705e-05
2.782688982829266931e-04
1.748277269639395785e-04
1.369389095999771016e-05
-8.522396773575980407e-04
1.806366192767121823e-04
-8.639279308795520140e-06
3.029684415747197455e-04
-8.823748529265423607e-05
-2.880267559252491980e-06
2.542070370160782458e-04
-4.434394895752110266e-05
-2.144336864338985987e-05
1.745858906284719831e-04
-1.259351432041449191e-04
4.018359093312378217e-05
-2.714033015350911975e-05
-6.891686191735732492e-02
-7.350060096020293119e-05
1.603127510913695663e-04
9.289738754994897568e-05
-4.053938246155124563e-05
-1.874932868196281174e-02
-1.609233196906871078e-04
1.557838414820746629e-04
-4.328788658595801727e-05
1.610582018700428735e-05
-5.824093696732550798e-03
6.861763801535015713e-05
-8.653606981773293407e-05
-3.555543149138561186e-05
1.242367053400719576e-05
-4.793907768877505096e-03
6.299336583638777930e-05
-7.185814751605773445e-05
-5.027070050747980680e-05
-2.832464891157975245e-06
-1.588282784346781423e-03
-9.330445114023744476e-06
-1.192335368910724819e-04
5.416595663523440091e-05
3.306614080690635499e-05
-2.460446458176190378e-03
1.717394404964411522e-04
1.692780997764730549e-04
1.321000480832148008e-02
-5.104963557600052625e-05
4.898933432723125191e-05
1.045615964263488240e-05
-4.001283842397911094e-05
2.168650121699014846e-05
6.796755506542695446e-02
-5.969705554463430527e-03
2.715330171781390285e-05
-2.558951031587837296e-05
-2.814981422405785083e-05
3.614530432916291758e-05
2.671030731955055179e-06
-3.072034747179022696e-02
4.090587127830553130e-03
-1.894668136682531139e-05
7.340182769365545651e-06
2.566344054811577069e-05
-5.508221699293574429e-05
-4.403484619739934762e-05
2.108061905350266246e-02
-5.092167095216364289e-07
-3.753427338232674226e-06
7.800077992975033890e-06
1.574136007440916983e-05
1.932186141520542263e-03
9.217276005111848928e-06
1.908894434890826648e-05
-1.749869115030799996e-05
-2.987035539301445271e-06
-3.152521954365598233e+00
2.391715106560436954e+00
-5.176429954221292151e-01
2.297862554023833326e+00
2.110030452272362744e+00
1.710739886412748545e+00
8.073926169000135156e-01
2.649050934974880978e+00
1.039214188198228812e-04
-1.363620594092443492e-04
1.749548260510351837e-06
2.746559612958758599e-04
2.088177642008037967e-04
1.886568864963146674e-05
-1.172407371597413388e-04
-8.151666730234697266e-04
-4.240801547070120856e-05
2.447912140523699601e-05
2.709943446661845236e-04
2.887132891189177024e-06
2.987618924626445183e-05
1.938867362207949874e-04
1.738523089884496541e-06
-5.743632265995716698e-05
2.872572827982604673e-04
4.154463091654244690e-06
3.373563665129506589e-05
-3.478691280965682912e-05
-6.901101831210419701e-02
-1.951779485570852464e-06
3.279496345961747765e-06
1.238981308363150879e-04
1.523591858050175538e-05
-1.869037944120979094e-02
5.673798471781836333e-05
-6.760766730483038943e-05
-8.723383277064704756e-05
2.613466181368483219e-05
-5.764063949859506847e-03
1.384805474013489017e-06
4.564544917427123768e-05
-7.823850962277830909e-05
3.261646580603866623e-05
-4.717389756624237873e-03
4.529614667773910878e-06
4.993355022997955097e-05
-1.043618900296637786e-04
9.111960237008975491e-05
-1.440904755167481512e-03
1.624198410265670784e-05
7.423218684901358700e-05
1.058099315796187873e-04
-1.584348023763212498e-04
-2.617559435821539653e-03
-3.111323600942195134e-05
-6.050942838919867999e-05
-1.312575982862915908e-02
-1.432477370973293460e-04
-7.073308294355210718e-05
3.207491431855835629e-05
-6.464813612477698630e-05
1.093550704371322544e-04
-6.782848270605430774e-02
5.934811933923803649e-03
1.021662852746013563e-04
3.767604880362026686e-05
-1.019983003937505184e-04
3.092870469517166796e-05
-8.559810002171100917e-05
3.076055601847248883e-02
-4.090601232000759882e-03
-8.539987592905877792e-05
-8.890886239820683899e-06
1.652110716187475681e-04
-3.519475752161693570e-06
9.029035377381813333e-05
-2.126867413048329561e-02
-1.850906581377178585e-05
2.468430672202285778e-05
7.274523776310015157e-06
-3.295867845332187563e-05
1.874225663106035772e-03
-1.402987126367883568e-05
-8.322841556688951757e-06
3.471469008518529120e-05
2.695579499016034688e-06
-3.152537481919831741e+00
2.391829477363987433e+00
-5.176740918131383928e-01
2.298068793821502531e+00
2.110276579184424683e+00
1.710844275552479532e+00
8.073843088674343971e-01
2.649025787112649688e+00
-3.817798705937040663e-05
-1.018806223342925998e-04
1.067587781807378218e-04
-1.058076967126834480e-04
2.798906240688717531e-04
1.770609874290263099e-04
4.875836229604954146e-05
-8.312052749241692672e-04
9.723753026113666695e-05
-2.327138965597874565e-05
3.003930704351128020e-04
-4.011965624851384352e-05
-4.887401239070081750e-06
2.553913914188641666e-04
-1.559874956937339665e-05
-7.085172149577133381e-05
1.695755396824136555e-04
-9.797665865700916766e-05
5.263910350073017132e-05
-1.220129417596326361e-04
-6.904899808971758091e-02
-8.162108528267164121e-05
2.002904011127050032e-05
2.424891451725616639e-04
-1.325863589525754210e-04
-1.875823373572882771e-02
-1.525580438206556124e-04
4.233185898683015035e-06
-1.186378273535225887e-04
4.362973547199378444e-05
-5.825628818683587298e-03
5.184920094710041493e-05
4.245635498150446048e-06
-1.032601701312641765e-04
3.845178637055724809e-05
-4.792131845201497153e-03
5.277121924278708570e-05
1.037059352367561527e-05
-1.272678928769154427e-04
-2.913736103852915358e-05
-1.587736783289449977e-03
8.286039547465476308e-06
7.875519944734102866e-06
1.185884257070342774e-04
1.596875375983508095e-04
-2.446346820263975951e-03
1.186560512888296256e-04
9.407874481199357070e-06
1.314652058814878843e-02
-1.133260581262464026e-04
1.875352021113593456e-04
-4.533737346914049060e-05
4.224389040942525030e-05
7.202002507501504029e-05
6.798695012492461665e-02
-5.940507646690653537e-03
5.978945959068666764e-05
-1.060742089248080649e-04
-9.863947884235224617e-06
-1.344137295109145965e-05
-2.243487881032142541e-05
-3.075693825425827518e-02
4.075625655075276396e-03
-3.057281749664555060e-05
5.730990749002797815e-05
2.905838881596574386e-05
-1.311298252732661453e-05
-1.062095837157607337e-05
2.114364471410332472e-02
-1.752334172268328702e-05
-8.974758104390541998e-06
8.724262515624682697e-06
5.735311853398180861e-05
1.932658132902017158e-03
1.405426607486974256e-05
2.386391438420984055e-06
-2.428650671108626162e-05
3.040557354563243287e-06
-3.152546938338864901e+00
2.391809430445557272e+00
-5.176785572160148563e-01
2.298034354250180211e+00
2.110214843902285420e+00
1.710817486962608491e+00
8.073849819459683053e-01
2.649029128910620479e+00
8.972593316056997367e-05
-9.949298683407893293e-05
4.008023459340764308e-05
2.600276602914751651e-04
2.989978822491535723e-04
1.668301005929043136e-04
-1.369759324101131040e-04
-8.402762377611147681e-04
-1.718556708286126842e-04
2.280583391229825345e-05
2.882264731160120671e-04
2.550813780500767031e-05
1.375082582014672790e-05
2.281430967427849942e-04
1.961593545106279357e-05
-1.939640628937422992e-05
2.184731129015900480e-04
-2.500938665725289099e-05
2.366176310740356406e-05
5.453359534866603769e-05
-6.895764351426501848e-02
2.827635631950519042e-05
1.326192996940956563e-05
1.386540974245720355e-04
6.967320892818532150e-05
-1.869690871678865440e-02
2.740228263358208548e-05
-3.089885804098082449e-05
-9.380309572681064332e-05
5.408259056928672610e-06
-5.801328708239000126e-03
1.179718384690140267e-05
5.349227187393281303e-05
-7.954139497079932869e-05
1.211356608733879948e-05
-4.767235533923566693e-03
1.264260426967775427e-05
5.177651361306310465e-05
-1.013692256509872869e-04
9.002176246420751831e-05
-1.523124382994009603e-03
7.617404455855990525e-05
6.128336714574464936e-05
1.104293259037832315e-04
-1.976062898703486088e-04
-2.552998412207139849e-03
-1.708568518458472704e-04
-4.615235573201744590e-05
-1.321666928079273315e-02
-9.588948356311320642e-05
-1.268783944134007843e-04
9.186377981744431320e-06
-3.095208523773060848e-05
1.215723539129857445e-04
-6.813164067472025909e-02
5.982473024108151544e-03
7.443973961410697577e-05
6.269956008837822758e-05
-5.052801539468486369e-05
3.876499091331239277e-06
-7.679974319427950889e-05
3.085210861927232748e-02
-4.118714643316577842e-03
-5.558581030321285135e-05
-1.589068374902372072e-05
7.658063692554499535e-05
1.956191847425758500e-05
5.998865715549207378e-05
-2.123574141287339068e-02
-3.683116992540931502e-06
6.895446832702180708e-06
6.538612759830070027e-06
-4.531955134345400961e-05
1.896813134994424074e-03
-1.547607759133518414e-05
-7.805484851763824089e-06
2.840957210243358821e-05
5.611716148116121139e-06
-3.152531493750041047e+00
2.391769432085462110e+00
-5.176629651138744403e-01
2.297996648787132390e+00
2.110219548394010491e+00
1.710821874538868803e+00
8.073844093918939313e-01
2.649030461221310695e+00
1.552306488603006159e-05
-1.068919601876503541e-04
-1.319665091526779892e-04
-3.621886708487415433e-05
2.668064660217529999e-04
-3.004426011880295287e-04
1.303456594817670199e-04
-8.045912580718040611e-04
5.683769020870514275e-05
-4.824576814896901656e-05
2.920858203107760454e-04
9.439709565935615955e-07
-2.501176603129009194e-05
2.413188894678457272e-04
-7.914142773020662740e-06
-6.422289102692503614e-05
1.948400268225543481e-04
4.478402968773868045e-05
-1.589198961520702901e-05
-8.064942892104117432e-05
-6.906226686608671339e-02
-9.116825192666570474e-06
2.969159946272846400e-05
2.085897129591370995e-05
-1.560749754249082138e-04
-1.874362403688597384e-02
3.611885310825529874e-05
-1.662326603225538417e-04
-2.526260228920149337e-05
3.786758867334360026e-05
-5.813674350204270543e-03
-2.349386870655092150e-05
9.083688434382953896e-05
-1.894665344969430213e-05
3.258958163766572031e-05
-4.779392860696183090e-03
-2.556964863400990517e-05
8.770158319045430874e-05
-1.714070366717586683e-05
-4.718479196220400827e-05
-1.549295095823337342e-03
-5.986118119978293592e-05
1.218761005601697663e-04
2.546405648796205926e-05
2.033334393435438177e-04
-2.513955438199203495e-03
8.203771643609469541e-05
-1.131970833127434709e-04
1.321258332657636488e-02
-5.007207774348912746e-05
9.636266953327486066e-05
-1.013843852510493138e-05
1.046252820657466364e-04
1.058547132452344192e-04
6.804411768170003094e-02
-5.974707907970304085e-03
2.793134272070554847e-05
-4.561997922655433319e-05
-3.818444419109029431e-05
-5.504215191588204738e-05
-8.764828750126873493e-05
-3.079881500562645091e-02
4.107568156678885821e-03
8.504783150480363764e-06
3.402624004682729391e-06
6.429696888838286328e-05
2.681150417636462288e-05
1.012707706161166928e-04
2.119736644184872648e-02
-1.293025761978429004e-05
-1.286777256490247026e-05
-7.841427992629721464e-06
4.097606326946336705e-05
1.913013571597231219e-03
2.826141005793123364e-05
-7.038619579832733992e-06
-2.909466071373188430e-05
-1.259904024050934913e-05
-3.152537184951186511e+00
2.391779085601856814e+00
-5.176689389289580445e-01
2.298010438739358285e+00
2.110217029066065120e+00
1.710816067795912332e+00
8.073846752380348102e-01
2.649030905971660577e+00
8.202756590042664967e-05
-8.871692881048167398e-05
-4.127537131502292560e-05
2.134040250940145316e-04
2.957967544898072450e-04
9.805352809902432697e-06
-8.519813151431219664e-05
-7.917133498038061339e-04
-1.919608396621246319e-04
1.935562955914066252e-05
2.947601398387833245e-04
6.352568043516181387e-05
1.714356705584438691e-05
2.463574958793951085e-04
4.513751692980943499e-05
-1.607246490508050871e-05
1.962731268480134123e-04
2.697592243392045789e-05
-3.101212990755440688e-05
2.015559382084731142e-05
-6.905721476689812011e-02
8.351411527756453981e-06
1.402848876316694065e-04
1.456550940869000147e-04
2.018712399793156677e-05
-1.874702246705486214e-02
7.427248500746304783e-05
8.085364995101516103e-05
-6.956499958092667046e-05
2.243408551114256890e-06
-5.811559126587434107e-03
-1.889337317317012340e-05
-3.812522631401906418e-05
-6.293674759893143225e-05
9.425827369483334890e-06
-4.771958421710153532e-03
-1.189570725969638269e-05
-2.651276656431137262e-05
-9.126873819186476656e-05
5.751220037994214575e-05
-1.536760175183158423e-03
5.745846291823024225e-05
-4.705839681447607616e-05
9.304737687114084045e-05
-1.114995101970216857e-04
-2.519753246915367503e-03
-1.755303914861523014e-04
8.526532169725317754e-05
-1.319604794168490088e-02
-9.861221958699516350e-05
-1.015242333168614626e-04
-1.150576563120966900e-05
4.200334890164302091e-05
1.024673680152057322e-04
-6.800935307719493950e-02
5.978753559085401952e-03
8.154511490363113100e-05
4.906451778492412503e-05
-4.180911492854440248e-05
-3.603507702730637070e-05
-4.755076432422916926e-05
3.077566085255972056e-02
-4.122587680395133937e-03
-8.190359508474979273e-05
-7.509506929011082466e-06
7.203188428625030559e-05
4.660570886205379101e-05
1.212514315604987713e-05
-2.117602925084352897e-02
-1.197792826588024305e-05
-2.568762166968744862e-07
7.695213335179030808e-06
-3.487927950538693696e-05
1.908390635027781704e-03
-5.970604568951106729e-06
9.850535807218413313e-07
3.258501358748915982e-05
-5.714941992427454310e-07
-3.152563495214507405e+00
2.391885278460846198e+00
-5.177059844837672564e-01
2.298102319109295966e+00
2.110200711035018717e+00
1.710802663345196484e+00
8.073873185181007495e-01
2.649029931697157281e+00
-1.603088887562573476e-04
-4.859353021428476356e-05
-3.067978846024877338e-05
-4.562173087570412823e-04
3.982738341076780958e-04
-3.016775451306126662e-05
2.367183584006811686e-04
-8.252122676842258862e-04
-4.688561225723495123e-05
-4.859980116397063474e-05
2.982870029643185138e-04
2.787981149317823558e-05
-5.306468283755556110e-05
2.332966762917684062e-04
2.116367634905875019e-05
1.032079773123793700e-04
2.473004412869731026e-04
-7.509941129694621537e-06
-8.159579847527288722e-05
4.240643554179863127e-05
-6.881309266844140571e-02
-2.380959503986564921e-05
-2.981169538302029347e-05
-1.054765050872972002e-05
5.900296511383620857e-05
-1.866413329874546875e-02
-4.519118308079600162e-05
-1.517889368579758316e-04
-3.237223838246102261e-05
-4.330669442924679400e-05
-5.780928274003937009e-03
-6.284864055345376318e-07
8.702535139498639269e-05
-2.798584495645327932e-05
-4.614424587131005760e-05
-4.744496277748329501e-03
5.340395372564629923e-07
8.801473756807603327e-05
-2.403983358351416356e-05
-1.409563561155606482e-04
-1.499102330761328036e-03
8.304894562906301814e-06
1.250076096625205046e-04
1.370104740558989375e-05
2.514362650367544345e-04
-2.565776309490768597e-03
-1.866823914946737486e-05
-1.134755025191361191e-04
1.324432309840137788e-02
-1.408759387227904135e-04
-6.367465217719994047e-06
8.071035475781460078e-05
1.274016959747474738e-04
9.999946268474026873e-05
6.809877785004547768e-02
-5.991734409142133663e-03
1.073382200004127928e-04
1.424728910593504785e-05
-7.586018028874451369e-05
-7.419670263839701560e-05
-8.241253597921893020e-05
-3.082574561811216030e-02
4.120251576258953871e-03
-8.669853080970837825e-05
-3.654351496981336636e-05
7.478533618427568586e-05
4.640437087204317087e-05
9.605385125277608304e-05
2.120976747265054807e-02
-1.963655004228136147e-05
-1.339115552227680022e-05
-6.318814318572045415e-06
1.776259983928354675e-05
1.886037826853623894e-03
2.201430943235375970e-05
-1.491487652819154094e-05
-2.814465344626877793e-05
2.306425283188400432e-06
-3.152532386959554955e+00
2.391758337691747727e+00
-5.176565333215039644e-01
2.297901033065305576e+00
2.110019563485005190e+00
1.710728537277989014e+00
8.073952651664545455e-01
2.649053968514145208e+00
-1.452222695127493844e-04
-1.159075212208058279e-04
-1.148227677107472341e-05
-3.751831583973311290e-04
2.406674841392624983e-04
-4.169852000638057249e-05
1.449456275516164958e-04
-8.086043325067900989e-04
2.424895058363758058e-05
-2.376593351237449802e-05
2.750571161913338905e-04
-1.311752930100575863e-05
-3.464256010691345734e-05
1.989016905837690690e-04
-1.480464426452987771e-05
9.243450967592990871e-05
2.933627126607310205e-04
2.303230639614735115e-05
6.198608492550509042e-05
3.382214522395425669e-05
-6.900568891917042980e-02
1.163694333413236096e-05
-1.052988570388448206e-04
-1.342110229583527953e-04
6.631751755737055908e-05
-1.868914090106358478e-02
8.884441445571787882e-05
-1.034012809741816736e-04
6.781270364152421808e-05
-4.273723371084204160e-05
-5.758469879353018787e-03
-1.141023014452890994e-05
5.645657593928335547e-05
6.865708162747634748e-05
-5.449259854153155674e-05
-4.705210770556027440e-03
-1.177315658547125075e-05
5.302528828297719648e-05
9.151278168252925259e-05
-1.144903144058645125e-04
-1.430505434754178722e-03
-1.478890486039674963e-05
7.846238700792402090e-05
-6.355242675457197865e-05
1.450830052315393837e-04
-2.605686920304759336e-03
2.182551310801427694e-06
-8.355330166857089240e-05
-1.316887394546051998e-02
1.494713460743781180e-04
4.173487953557054528e-05
1.570087993113533642e-05
-1.090212611859539397e-04
8.319048163109277715e-05
-6.778808248222477351e-02
5.976117161727035818e-03
-1.038966265423731279e-04
-1.528838137309176427e-05
-1.000768356699249101e-04
6.255322030823410782e-05
-5.707131284137672862e-05
3.073735282684812720e-02
-4.143235935377468510e-03
9.885407516067407042e-05
-2.505747129451219284e-06
1.714299770783200144e-04
-2.852988680762226037e-05
4.822800990642028829e-05
-2.125530822672688780e-02
1.650357294612496591e-05
-9.098975836715605253e-07
-1.804277054851040232e-05
2.067126711786102574e-05
1.872623778327766296e-03
-2.334804178123144980e-05
-7.106614344706558683e-06
4.020291506417866519e-05
-9.763725468334150115e-07
-3.152554819500444250e+00
2.391926894346692922e+00
-5.177024295947754151e-01
2.298180306417735519e+00
2.110342203318184673e+00
1.710869253618255925e+00
8.073832678528310991e-01
2.649016631766099916e+00
2.627394267815592367e-05
-7.290970276359375404e-05
5.572214567478388746e-05
6.635234541243567813e-05
3.514922812400903679e-04
5.087859314277417807e-05
-2.977718163573203180e-05
-8.671956783039340378e-04
1.160837498411422281e-04
6.957545710376546687e-06
3.124229814716300135e-04
-6.522869997098092339e-05
-2.768841151495862778e-06
2.704653392152322989e-04
-3.222008485372457830e-05
4.969251177677324726e-05
1.511114461400911760e-04
-1.066779927722631151e-04
-6.316369498611691929e-05
8.674811986673436684e-05
-6.896732964270507749e-02
-9.783389875948509881e-05
1.135781846204157730e-04
-1.799901105952732175e-04
9.543415889311351852e-05
-1.874934040233213611e-02
-1.212816236546024139e-04
5.438835462456699770e-05
1.006518800790593885e-04
-2.755033856255452982e-05
-5.832538773665521363e-03
6.328432308692837180e-05
-3.987945463127045783e-05
9.500812950886367123e-05
-2.928957392168878905e-05
-4.804476086365939806e-03
6.102473304375151733e-05
-3.365855944386646502e-05
1.156830167841927255e-04
1.360262125153849708e-05
-1.625037312343221348e-03
-5.723598839713615362e-06
-5.831562254947074181e-05
-9.167478942130434386e-05
-1.114766301099246202e-04
-2.395331243790580714e-03
1.569248024835748613e-04
8.281912512686701901e-05
1.327647744803428162e-02
1.578323344530244143e-04
-1.449054031783723840e-04
-4.432120385693127940e-05
4.245643496729697747e-05
1.917725277409397001e-05
6.797632093183988977e-02
-6.023652951836796013e-03
-6.788066261845520245e-05
8.535836043230759455e-05
9.833108164922221839e-06
-1.601504935396659394e-05
-8.220910056820889683e-06
-3.071994091472233374e-02
4.148490157221559893e-03
3.259052957004752050e-05
-5.515352359007046887e-05
-1.686199538381352725e-05
-1.517236470004615996e-05
-1.794632302419454494e-05
2.106276004321136833e-02
6.149905531397549863e-06
5.036708130688836039e-06
-1.192052456383809410e-05
-3.802433632637983938e-05
1.941809220560599368e-03
2.419311836986259433e-05
1.712487629598432367e-05
-1.899654318443003788e-05
-2.334115845781291679e-05
-3.152629897990121943e+00
2.392106994657397401e+00
-5.177754911578124064e-01
2.298325670300589874e+00
2.110237774489782225e+00
1.710807399807290796e+00
8.073921293234599394e-01
2.649026188305271923e+00
-4.665694934550698671e-05
3.499963796482221355e-05
-6.033702751246396146e-05
-8.998070758396239954e-05
5.890480885064018624e-04
-1.000964108685195575e-04
-1.303326301535359347e-05
-8.947196407302580043e-04
-5.683770806621531819e-05
5.906613310756878696e-06
3.077615326816467134e-04
1.400176708116696951e-05
1.593643899675653172e-06
2.376687838819023296e-04
1.217867805843421682e-05
1.102647574116341065e-05
2.572980734390750679e-04
-1.368673309559980357e-05
4.591429461602194843e-05
-1.890210997095056176e-05
-6.922943260585433245e-02
-9.398552637873767816e-05
6.944889668832060362e-05
-4.405642111655600054e-05
3.505171360999342385e-05
-1.870901522354876875e-02
3.671843546546778585e-05
1.576051447625108500e-04
4.873938972683981180e-06
-3.658285161474360519e-06
-5.806580528336970949e-03
1.791252958371071345e-05
-6.867443054059621673e-05
8.441388654116128965e-06
-7.005001198905556317e-06
-4.764741803643769875e-03
2.161754568588494671e-05
-5.618532264236165123e-05
1.159023228646171514e-05
-1.072920967655808340e-05
-1.505885363601069385e-03
5.655104532533761409e-06
-6.168594646251856399e-05
4.442918120193880692e-06
-2.714274034296910499e-06
-2.566430206604354471e-03
3.380660196102941813e-05
6.101257299046043583e-05
-1.323906852774456647e-02
3.690597581909994904e-06
3.157285012609601315e-05
-1.422470503307377010e-05
6.391810504468778539e-05
4.407309224013365896e-05
-6.849655881155261583e-02
5.982003722810068369e-03
-2.987859661976468803e-06
-1.933258938365659571e-05
-3.323814916053602353e-05
-4.467608604727502206e-05
-5.223885142942221588e-05
3.105861646337015891e-02
-4.107492899452645091e-03
1.182849015755892580e-05
2.043257547751189983e-05
4.750401072331315866e-05
5.250093750514026687e-05
5.598693885319072248e-05
-2.138354078478058723e-02
8.170662907652631037e-06
1.869539449178684215e-05
-6.919463200355268392e-06
5.181685942961629639e-06
1.873444420780076298e-03
7.384272410477044980e-06
6.321540103607667209e-06
3.129444920348499882e-05
1.564301134845274849e-05
-3.152579633580449237e+00
2.391989423116924751e+00
-5.177283343975755958e-01
2.298288650891543217e+00
2.110468744387967277e+00
1.710926208739963483e+00
8.073728873616722312e-01
2.648993588505408336e+00
-4.342998370108463991e-05
-8.900135990661493801e-06
-7.410093363602980056e-05
-1.389821037730459342e-04
4.956209844123342020e-04
-2.357076068470151690e-04
9.263807980621701721e-05
-9.026503257163584655e-04
1.608759753642675905e-04
-2.127783006260671595e-05
3.236932693090234384e-04
-3.577072392993077007e-05
-1.389510103920977810e-05
2.998476949490564759e-04
-2.629304033895754711e-05
5.382091090652243504e-06
8.053605572432519493e-05
1.019659310904823875e-05
-3.264844769487149382e-05
-1.391387809797573405e-05
-6.858309225631893657e-02
-2.332609577446566936e-05
8.031079241365587343e-05
-1.089206280053293198e-06
3.509772331695911628e-06
-1.864306206603336818e-02
1.372560807787369321e-05
4.916273160525257721e-06
-6.988651685230922006e-06
1.504796042330556531e-06
-5.833549880324158561e-03
8.781428993019994145e-07
1.393711197080200377e-05
-7.288042539094759882e-06
3.105041527684984847e-06
-4.827192241254726381e-03
5.098885074778858936e-06
1.787016000769714528e-05
-7.202904913891877868e-06
-3.375142378317968670e-05
-1.705100360284057337e-03
-5.739597236461001532e-05
1.490370663844949568e-05
1.040515383665640031e-06
9.230947993571484073e-05
-2.305672683654122826e-03
1.595305245270474057e-04
9.098537539821433193e-06
1.318872221945709827e-02
-4.954317026952139271e-05
2.816799968202894633e-06
-8.348072462275105132e-05
3.618479584096764845e-06
1.189259436491412532e-04
6.787310863401035954e-02
-5.955859259843441014e-03
3.148682213625132617e-05
2.409503831362681293e-06
7.099747274635914707e-05
6.114026652407917456e-06
-7.532137724063054469e-05
-3.062980968353474359e-02
4.061763374256733596e-03
-2.058883160868678661e-05
-1.586923897393765050e-05
-1.175978008327756286e-04
-2.564243148674160994e-05
5.940765290763649355e-05
2.089485796873393267e-02
-9.418540600709024609e-06
-1.657099573749296590e-06
1.677566561196013560e-06
1.115616792958130520e-05
1.947296313822078836e-03
1.467578319617148159e-05
3.777087587111531988e-06
-9.235093925691523399e-06
-1.207174504370498382e-05
-3.152596565428005260e+00
2.391997698876314971e+00
-5.177357432623791444e-01
2.298184472422952318e+00
2.110157521237453704e+00
1.710779733973332606e+00
8.073946197423341742e-01
2.649036903141825050e+00
1.321670379504116225e-04
-3.363352775014228800e-05
7.261751721738597155e-05
3.056323745128856732e-04
4.395242265670330946e-04
1.940991600719053694e-04
-6.384122192245377599e-05
-8.803688715848644736e-04
-8.347626690754009465e-05
-1.124669667870076587e-05
2.933047256068614704e-04
-1.479918928266500344e-06
5.170294768186177784e-06
2.178418492129771233e-04
4.630478151429178054e-06
-9.988406531070555499e-05
2.782747486354502481e-04
-6.437823645728781767e-05
9.118115592874156440e-05
-7.338627564278772056e-05
-6.910244714206525973e-02
-2.719974323258094340e-05
-2.533895992820253944e-05
1.634065640784698877e-04
-6.596382114028951781e-06
-1.867684089018652877e-02
-1.816042131576388156e-05
-6.101493284572110168e-05
-1.099229528111511406e-04
5.438368186411733120e-05
-5.782662713376677220e-03
3.693608295017502207e-05
5.767322390066617724e-05
-9.735162563904864864e-05
6.170996342160588156e-05
-4.737890655345873732e-03
4.234176380111224916e-05
5.218103581336194059e-05
-1.295232136688682565e-04
8.848640392889145327e-05
-1.472822471734267467e-03
6.723906674921075713e-05
6.675087697547235372e-05
1.246707127754594069e-04
-7.672419918119296176e-05
-2.587387533540055472e-03
-6.518814069950091888e-05
-5.801283266660114198e-05
-1.318456196119176249e-02
-1.654237563587478144e-04
-7.516280233705707314e-05
1.676474909367842159e-06
-1.235598009968839200e-05
8.297788960504601588e-05
-6.826447981381278396e-02
5.960166722567529496e-03
1.055355795715872541e-04
4.660202670214838496e-05
-5.977973486639455436e-05
2.466536324757405071e-06
-5.920448322082049212e-05
3.096379963926651491e-02
-4.101698214165926289e-03
-8.754522399417234788e-05
-2.866358392275953043e-05
9.639106928872008540e-05
2.958603241329197807e-06
5.691887158714047296e-05
-2.136156650587262701e-02
-1.037453022223924879e-06
1.882800600952571531e-05
2.034511510224913883e-05
-2.666384172503308346e-05
1.873081404960307656e-03
-6.036990377711462042e-06
-1.576353048239640482e-05
3.119609762913595383e-05
7.034496096882480824e-06
-3.152554802153199276e+00
2.391926814461479811e+00
-5.177023994639149418e-01
2.298180247675447596e+00
2.110342226096380447e+00
1.710869258924581748e+00
8.073832676028133148e-01
2.649016630293258512e+00
3.498428226914561401e-05
-7.291115038294496836e-05
-5.063059652834959285e-05
1.051482681507310071e-05
3.514899016646357184e-04
-8.298465327052054099e-05
1.154432900366425562e-04
-8.671973093005405815e-04
-3.222083070050149589e-05
-5.997164592907686684e-05
3.124219501459254891e-04
2.658720225644687583e-05
-2.650287554342870019e-05
2.704631004037702340e-04
1.851875678573084447e-05
-1.172859270023129507e-04
1.511160066264621502e-04
1.026462224993813523e-05
-6.710051261507205835e-05
-1.281025480857336460e-04
-6.896718158922597597e-02
-2.620515745912143594e-05
-1.113480046616062164e-04
4.282288386094097726e-05
-1.527531202360899571e-04
-1.874929074082703692e-02
-2.200317008849069509e-05
-1.830566246658681757e-04
-1.579609822859647655e-05
6.858224000959825702e-05
-5.832547029356099574e-03
-7.784338259205576729e-06
1.071074419937894718e-04
-1.835395096999503699e-05
6.749463064925696580e-05
-4.804485434603112011e-03
-5.148167017818776987e-06
9.911113704630446046e-05
-7.359586459426047328e-06
-1.175666405649784666e-05
-1.625037794787464324e-03
-8.919225438709204841e-06
1.293650982247070331e-04
-2.581864588644970020e-05
1.916371540883033233e-04
-2.395351143853057495e-03
1.807807570343814582e-05
-1.208493341500091705e-04
1.327655116046251582e-02
-9.552033817113823465e-05
1.092097772410345580e-04
-4.431881307614266019e-05
1.042674805616781075e-04
1.270967973887784236e-04
6.797621852106015827e-02
-6.023685617386843015e-03
4.105747750966974130e-05
-5.652500649807424638e-05
9.830262535931097445e-06
-6.591596867503660834e-05
-5.467535970011053181e-05
-3.071989999621193429e-02
4.148520585878303496e-03
-7.514653499442341153e-07
1.439827358643670178e-05
-1.685762017315101113e-05
5.535787149800102872e-05
3.719830138661033535e-05
2.106273469164402640e-02
-2.326172962387566010e-05
5.036651220617128794e-06
-8.863966020569982179e-06
3.996388348722152903e-05
1.941798847224710748e-03
2.083294119229286119e-05
-1.888409606662285476e-05
-1.899636433944200409e-05
6.364915049223505414e-06
