-2.807492574488926973e+00
1.891705574312718019e+00
-3.524483503089973491e-01
1.605081391100270594e+00
1.362187499936055035e+00
9.458362347163881134e-01
4.257374652056357123e-01
1.670573607665457372e+00
1.482673431517010532e-05
1.471734313453325349e-04
-6.027533941032876228e-05
3.800247412291170719e-05
1.615640363224699234e-03
-1.324936239105162889e-04
5.089077650173717072e-07
-3.422987057424027504e-03
-2.045763006216542830e-07
1.853989753823981949e-06
1.702732286184524633e-03
1.529388720910975503e-05
2.481569200050646815e-06
3.071722540773652241e-03
1.268948601274108764e-05
-2.960820782748705118e-07
-6.329157231371446493e-03
3.088503617547513165e-05
4.976306888270698372e-05
-4.079655216157969708e-05
-9.350660897534036897e-02
2.394265633032985590e-05
1.851969868205966398e-04
-2.925767312350626764e-06
3.149427117910800846e-06
-2.104629032332444236e-02
2.753952877027536310e-05
9.203132258895838080e-06
4.667369224302519241e-06
-5.314321838694897261e-06
-4.349010252402221895e-03
-1.337636139263869681e-05
1.130474748066181122e-05
5.099871438389145591e-06
-4.470331146426219683e-06
-2.613172763788604389e-03
-1.682202330069842300e-05
1.413039405131328951e-05
7.985476634406792418e-06
-7.537863302658759905e-06
-3.557976357418035835e-04
-1.803219664891739474e-05
2.460763191393895775e-05
-6.886825952543523235e-06
8.350533584967989877e-06
-5.860743213750603661e-04
1.101543662804313760e-05
-2.067301755784398294e-05
-2.168840455941198689e-02
4.914637513151783591e-06
3.621626690447645288e-07
-7.306717445866497268e-06
1.236322612437772194e-04
7.238343073199256879e-05
6.034082963356827978e-02
5.434055709380694078e-03
1.181198053612243296e-07
6.641800426181368541e-07
-2.218586273204200729e-04
-9.739118852577793200e-05
-4.840787301554548788e-05
-1.513294566040095622e-02
-1.424033392473098838e-03
2.343544317856876552e-06
-4.899597938789092080e-06
3.889796048026017894e-04
9.797981570789943834e-05
5.693911015336328981e-05
3.988370945373884841e-03
-2.737311825795112416e-06
-3.353893385951117436e-05
-1.536101216716172883e-06
-8.617397435538123821e-07
2.398098109811350534e-03
-8.403809378802865092e-06
-9.759689167015675305e-06
1.324014008037710131e-04
1.375535629137759924e-05
-3.325507588434399864e+00
4.609998179428678178e+00
1.492330019591714629e+00
3.789469365402628465e-02
-2.043288017426614811e+00
2.509236043153003859e+00
1.331903990722701492e+00
3.618109687181080059e+00
1.348162739708761453e-05
7.319613446121712042e-04
1.902235077809960682e-04
5.868328480646543820e-06
1.510346804754981488e-03
2.586377697425419338e-04
-2.804044926891093530e-05
3.206682734074547871e-03
5.297697127927358487e-05
1.388261340090776709e-05
-2.748082477762573642e-03
-3.177097955456944557e-05
-2.938020958206491466e-06
-4.444050435106729029e-03
-4.562501729316222054e-05
1.264913991407661868e-05
2.832066823952283409e-03
1.770118093436393587e-05
2.807715847595636596e-05
6.495260642130677720e-03
1.623106147558843170e-05
7.375810353091223094e-05
-5.471504454369964830e-05
-2.779054176557979941e-02
3.933519621048444780e-04
-1.511816394495136455e-04
3.712104330882347948e-05
-3.104253480208796895e-05
-5.169666624122605872e-03
9.670385376946797761e-05
-5.666224817165418698e-05
-1.368316129261689781e-05
3.114693694904331979e-07
-9.341116947008690219e-03
-2.257977412356240409e-05
1.570468090376977299e-05
-1.204916952840756703e-05
1.547195192686458278e-06
-1.223446732572987077e-02
-4.192462243591620443e-05
1.463376986756802499e-05
2.780770686384828970e-06
4.682628220336114689e-06
3.893836957125006333e-03
1.873023457776603733e-05
9.329717719449723902e-07
1.643674802569348339e-06
2.149239802117341026e-05
1.920496141332833509e-03
9.632723889924926791e-06
1.582406177324959093e-05
1.806697479331511799e-02
-2.316999408925778106e-05
-3.531195767969611237e-05
-6.218330134243207040e-05
-1.137675348257747421e-04
-2.900327361694659807e-06
-5.023285477130896848e-02
-1.037225897562966959e-02
1.017215583718848726e-05
2.481700950415667432e-05
-7.357708849643849330e-06
8.692340137819818281e-05
-3.328031261613624493e-06
2.882165687700200332e-02
9.220053506126779999e-03
-4.401038719244638613e-06
-3.089211149478001040e-05
4.523633896343895369e-05
-1.054973750159269322e-04
5.276765194956949638e-06
-2.561215537841943571e-02
1.518000966951666951e-05
4.371280141317348345e-06
-4.237876943503545433e-06
-1.012896342462026551e-05
1.743030339110522445e-03
-2.209130244622536785e-05
-3.542411282764051048e-07
-8.831027776812929480e-06
-7.331842190592957569e-07
-2.807492045281937187e+00
1.891713786860385271e+00
-3.524482797949787249e-01
1.605085332429529776e+00
1.362186820063639781e+00
9.458355570204481921e-01
4.257375213536254144e-01
1.670572511426863693e+00
-1.231062192390270488e-04
1.792308675731280065e-04
-5.408091858129595203e-05
-2.955744556091083829e-04
1.689562073803231677e-03
-1.276693916494193982e-04
-2.493314848685830283e-06
-3.428822970660007005e-03
-9.239653578482752006e-07
4.523309101024438850e-06
1.704209376813215328e-03
4.762972509573914885e-06
-1.048004332704776310e-06
3.076980204069786236e-03
2.511201760629078895e-06
2.952718951281685405e-05
-6.334843952867460874e-03
1.581288943081809642e-05
-6.962912632916294436e-05
2.165317991370037810e-04
-9.358794635717318511e-02
7.698969307582603707e-05
1.046382147499744458e-04
1.816568344529437653e-05
9.237891799153153402e-06
-2.104810042869416017e-02
8.816980981843471142e-06
-1.233772899218688827e-05
-1.112834388166684794e-05
1.362886074485853902e-05
-4.359018760395034359e-03
1.742997334408206294e-06
1.206054063142463931e-05
-1.054349910346920857e-05
6.544794671015091844e-06
-2.621649507992482916e-03
-1.333153137616698372e-06
1.222124908729186623e-05
-1.462376727697166448e-05
2.016147576524866862e-05
-3.712393878477179593e-04
2.941103767294223986e-06
1.820967535829656072e-05
1.347339812091821378e-05
-3.026032638792567730e-05
-5.680910483697045694e-04
-7.761596563639513969e-06
-1.640531449983499116e-05
-2.170200992875641333e-02
3.259232667599083961e-05
1.074048492715410356e-04
1.463002621981349810e-06
6.150601533579843076e-05
-8.034297901355837059e-06
6.030050584437075117e-02
5.448510662241837915e-03
-3.519227300635443232e-05
-8.932259806864884107e-05
-2.175550135098832348e-04
-4.996424785494531278e-05
1.615069667661765348e-05
-1.509223069908491657e-02
-1.442060097981583567e-03
3.147754219574197505e-05
1.101344615161133300e-04
3.720810734004246449e-04
5.700601558481017175e-05
-1.100371745183065650e-05
3.938168926296631983e-03
4.787474428888275973e-05
-3.633704938756643897e-05
-1.137452833963319577e-06
-2.805707133826345462e-06
2.391594463379679604e-03
-2.681254174752795507e-06
-1.649823335969366012e-06
1.250096645743956048e-04
1.391613781015080002e-06
-3.325505160389896631e+00
4.609981491860350999e+00
1.492328848097193683e+00
3.790560090456141645e-02
-2.043293640688268464e+00
2.509248872124852259e+00
1.331904487806486737e+00
3.618104956495440394e+00
4.714504061633848880e-05
7.549480384557720643e-04
-1.259761575214436306e-05
4.665717570489303555e-05
1.554647906616374352e-03
-2.774236328742427546e-05
-3.136915172201123364e-05
3.250247646446697333e-03
-3.030673661788094733e-05
1.472435086948393065e-05
-2.768104920837593640e-03
1.562589208867272189e-05
-1.088668847314954398e-05
-4.447121708964694303e-03
3.225478252369837203e-06
2.035216717810027926e-05
2.819984344108705278e-03
8.335964962452537577e-06
4.175926993916415206e-05
6.461180829287063894e-03
2.137086959920903774e-05
1.479006362440948342e-04
-1.874947705162172948e-05
-2.763033734585789922e-02
-9.090914217890949439e-05
-1.421613060458739154e-04
6.409688382306232110e-05
-2.922437980589594528e-05
-5.105046044980454494e-03
-3.671222411453895586e-05
-6.450501698872121393e-05
-2.076468120823555142e-05
-2.917793260543725640e-06
-9.344785935454180681e-03
2.890764376143418637e-06
2.203648896742126437e-05
-1.875509375846741292e-05
-4.034572857214586893e-06
-1.224836391148623194e-02
6.176500245085727365e-06
1.966169227629916238e-05
2.115350705193972149e-06
9.323405289613159933e-06
3.894986317079146380e-03
1.625483409763432700e-06
-2.954627424072063453e-06
-6.762200202909233879e-06
3.155124391338520002e-05
1.898401303066777918e-03
1.643175608965217324e-05
3.773345501187845367e-06
1.804350322175073129e-02
-1.985686961943026606e-05
-6.647747087403506978e-05
-4.685577632396539663e-05
-1.591750882590461488e-05
2.650959108491923033e-05
-5.030271175686096968e-02
-1.034818809471869591e-02
1.111867023484302920e-05
4.769009969651304099e-05
-2.327337818988520299e-05
1.031498804730132760e-05
-1.333385093625787435e-05
2.889124593453865075e-02
9.190467058634183353e-03
-6.787764619819247012e-06
-5.892046192235978993e-05
6.868006694943725897e-05
-1.305371348450463031e-05
7.140182992326545578e-06
-2.569696110753331986e-02
2.381067771765360715e-05
1.103029675168623332e-06
-3.858665509733526439e-06
-1.723480275999893146e-05
1.752599327521946930e-03
-5.600824694011389015e-06
5.133728364871453384e-06
-1.845342395461530810e-05
3.572343060570489827e-06
-2.807486265374459222e+00
1.891718631991090582e+00
-3.524421930646629564e-01
1.605079847042118812e+00
1.362190847307489960e+00
9.458405724654508351e-01
4.257372817273149535e-01
1.670568736777737762e+00
-7.816987144808787533e-05
2.589122732245123818e-04
-9.133717063708205667e-05
-1.862756478384323825e-04
1.864430029630563231e-03
-2.328283326625675781e-04
-1.454825273613480463e-06
-3.441943568102411727e-03
-2.985852199915383426e-06
4.285818656973241307e-06
1.693646628002235324e-03
-9.958516173740592815e-06
7.269975881854655107e-07
3.073157117454196081e-03
-1.377738063716911814e-05
2.066752181376174959e-05
-6.367031007254872477e-03
3.513262232112934160e-06
-9.845291211638860184e-05
1.286502931138497167e-04
-9.368153985303312448e-02
2.421620811550027246e-04
-3.746377867366637560e-05
-6.582665219655346668e-07
8.397307852291681037e-06
-2.108004980051934527e-02
-1.688878903755536385e-05
-3.603033519743204535e-05
-7.309161378140072694e-06
6.470907019016972322e-06
-4.355950981441852193e-03
3.052909839126130315e-05
8.850907409485243491e-06
-8.545266428664273657e-06
1.980806566224648435e-06
-2.615202383748159616e-03
2.534489963227805608e-05
5.378649576742355664e-06
-1.416561857538531157e-05
9.780029488845635121e-06
-3.712349403048057156e-04
4.336636887587707321e-05
3.349965676430875189e-06
1.205367119087513770e-05
-1.641177107866089200e-05
-5.582484280831821960e-04
-4.858748986360325475e-05
-5.101954273469280033e-06
-2.168555748846684103e-02
-2.692928234865044057e-05
7.600103640625024038e-05
-8.231718247327232327e-05
5.481048792021953910e-06
-1.101225587358163898e-04
6.034912205361650517e-02
5.441537770654188665e-03
1.545688443099427420e-05
-6.275733591056148768e-05
-1.399796325416284603e-04
-9.998253992113875560e-06
9.501908942900751337e-05
-1.511205365444930927e-02
-1.437652092947822816e-03
-2.015538788247838733e-05
7.498508452557965198e-05
2.770048631586886413e-04
3.505330565669823262e-05
-9.627553487780581996e-05
3.950296978825179606e-03
4.008068168771720225e-05
-4.483714639757910221e-05
4.075393938820800983e-06
-2.541535365639659377e-06
2.389868848021696988e-03
5.159124061728208000e-06
9.077533963679825652e-06
1.002430228636335351e-04
3.066812269449215820e-05
-3.325505649080249704e+00
4.609996731277391291e+00
1.492328157239982689e+00
3.789662116335366926e-02
-2.043284688909042135e+00
2.509237337309833560e+00
1.331905668213188676e+00
3.618110437771778098e+00
-3.364842231427696013e-05
6.823497963561798475e-04
-1.309371955491751838e-04
-4.599021512105872124e-05
1.458153013289044137e-03
-1.996988091163932682e-04
-9.968116537814046590e-06
3.228609369793765827e-03
-9.130120701645172280e-05
5.920640511345967011e-06
-2.758528266853818231e-03
4.956366554078062159e-05
8.074177530279091574e-06
-4.429444766500689572e-03
3.183982078039654108e-05
-2.920831415447917144e-06
2.811885681246819018e-03
7.309886076017389571e-06
-2.375144786569594474e-06
6.453474355971076243e-03
3.485274823281776340e-05
-5.551443285938825685e-05
-7.085909876034772600e-05
-2.778350850734098362e-02
-4.054958184779356746e-04
-9.498521389524690502e-05
-2.608809118814110547e-05
-1.773501327090809692e-05
-5.146686979693240738e-03
-1.292495732107912601e-04
-5.238198224279162497e-05
8.974637821298573492e-06
4.020889298608263514e-06
-9.337518329628312005e-03
1.849305520575059914e-05
2.077186064991788132e-05
8.019246280774710287e-06
7.479072514726424908e-06
-1.222812485845230224e-02
3.598974926906849217e-05
1.802416754917673773e-05
-1.482332067572416336e-06
-3.245664086912851708e-06
3.883227081660185504e-03
-7.047097382616405223e-06
-5.070027028001937962e-06
5.618398802700124995e-07
-1.332868165196446009e-06
1.889270069422834854e-03
2.849051525461774014e-05
-6.484918069392548691e-06
1.803904717516310180e-02
1.254580956949413753e-05
1.955962868097421638e-05
1.030648308296443823e-05
3.056790689936258744e-05
4.175626292982791881e-05
-5.031523615143281697e-02
-1.034629064130679517e-02
-5.916343754507967891e-06
-1.502342426218645328e-05
-6.376266135166088508e-05
-2.712985782081187171e-05
-1.728482530029763463e-05
2.889655507530506512e-02
9.190899788351799410e-03
2.896726873345177055e-06
1.820294520391719311e-05
1.189446528608147850e-04
3.173943477461771813e-05
6.505699797032888840e-06
-2.569571817757643206e-02
6.610011824937887329e-06
1.867074703027019202e-06
2.325685841189013513e-06
3.795914157491622528e-06
1.763247497161155031e-03
7.056129234613187521e-07
7.527821646967474376e-06
-1.632895013643717258e-05
1.978269411497997896e-05
-2.807486945025966740e+00
1.891708079903152706e+00
-3.524422833179345349e-01
1.605074782410737866e+00
1.362191721315865189e+00
9.458414437937372465e-01
4.257372094692719044e-01
1.670570144937218116e+00
5.143519117345127391e-05
2.176916956282644907e-04
7.539411916431460923e-05
1.390090583185619717e-04
1.769351946280366085e-03
1.811493788890248060e-04
2.354932034575173115e-06
-3.434448416706506642e-03
1.522515451471729873e-06
1.392314719918497373e-05
1.691750164667119461e-03
-2.155435904332417605e-06
1.610286961952112054e-05
3.066411559294108646e-03
1.442632014436535418e-06
8.662080445914853755e-06
-6.359751545909688407e-03
-1.799948692870186951e-05
-1.410814661952508467e-04
-1.884889002633955714e-04
-9.357701011698224547e-02
-1.371505459263093669e-04
-5.103211506181765361e-06
-2.417778790836175312e-05
2.420771817080583831e-05
-2.107773192091411812e-02
-4.727992819186384288e-06
2.348094048317977717e-05
-3.021748156994517474e-06
-2.995762446049174361e-05
-4.343087385590722362e-03
-9.272073841664881053e-06
-7.700285392074627990e-06
-6.624038529341300834e-06
-2.701475789931817687e-05
-2.604308308817169376e-03
-4.906597770549551502e-06
-6.120318673384508864e-06
-1.455594308380911758e-05
-4.216110014690059056e-05
-3.513912976049990726e-04
-1.365356514700872943e-05
-6.630764038550804662e-06
1.109553882307920755e-05
4.379318407041155411e-05
-5.813586119859650778e-04
1.978764017774950772e-05
6.657118799383691818e-06
-2.166778640191288630e-02
-1.030923282747237105e-04
4.220109425294041810e-05
-9.367487523512273758e-05
-6.319417009121479963e-05
6.286497930734120682e-05
6.040095758821715372e-02
5.423080386641435276e-03
7.975433143436834926e-05
-2.877575357466791194e-05
-1.454883929512965969e-04
5.293086945951679714e-05
-5.708573159017142515e-05
-1.516444424380179040e-02
-1.414726591677897697e-03
-8.601588507568180754e-05
8.652412086841769864e-06
2.987097324376529299e-04
-6.623936047610296104e-05
5.621528786841929732e-05
4.014896002963777230e-03
-3.741792237216504005e-05
-4.170826207760872074e-05
1.098310012319077771e-05
-7.145830184760481913e-06
2.398168658984288146e-03
1.214630324099365093e-06
-4.608619269290687023e-06
1.099262610517843467e-04
-1.622271250565048283e-05
-3.325509715326587123e+00
4.610047688360204177e+00
1.492328324987300947e+00
3.786521658432322884e-02
-2.043260127570540430e+00
2.509198516866075757e+00
1.331907315057278662e+00
3.618127130330217156e+00
1.406847557401579778e-04
5.122650050333472493e-04
-1.129444779798184700e-05
2.008676498339137030e-04
1.214374643991159497e-03
-1.261754379568778022e-05
6.343230561445198379e-05
3.130598756286804077e-03
4.056127877427437620e-06
-3.573529502862886949e-05
-2.714222738621641789e-03
-1.839818829345072071e-06
-3.392813231632798340e-05
-4.391291368686127926e-03
2.602757190164687999e-06
4.486544701387473103e-06
2.811742334657352932e-03
-3.715511204697963013e-06
-8.307112690198159680e-06
6.482352045432859117e-03
-7.285582409879753193e-06
1.437898132086099363e-05
3.499568418642472136e-04
-2.828584095268632873e-02
-5.792065811136636110e-07
3.338791197102774502e-05
-2.501780629789536620e-06
9.916686997705970381e-05
-5.310398354199752022e-03
4.206375987645145508e-06
1.760609653179170570e-05
3.548415394985606612e-06
-1.800217981586241033e-05
-9.318728135890958289e-03
7.356202353437015360e-07
-6.377376513100060801e-06
2.712229192405390460e-06
-3.413723426366711486e-05
-1.217107535058559002e-02
1.126856108796115875e-06
-5.678785755395215248e-06
-2.777216160084194681e-06
1.125021480787874873e-05
3.858992536665942479e-03
-1.835376911644250327e-06
1.602023476703810162e-06
-9.288529207350789221e-06
-8.388504360597463967e-06
1.900003727442645769e-03
-5.675946353088019487e-06
1.659015129186588283e-06
1.806044947577675752e-02
2.078103018619211447e-05
-6.311830531651619746e-05
1.014365840164183378e-04
1.261250748217353310e-05
-1.254992511065217104e-05
-5.024967101447185697e-02
-1.037353036834644943e-02
-6.820413977916811673e-06
4.987893253900443067e-05
-1.217604560932022137e-04
-9.170512722161582440e-06
5.250643422462193200e-06
2.881735473996738933e-02
9.229835100049927146e-03
9.873299401952559520e-07
-5.997896693170789333e-05
1.861383184568461517e-04
1.133713563527615311e-05
-2.048335351320069565e-06
-2.558428399102598977e-02
-8.067843171300482477e-06
7.871802780206261084e-06
3.732225121986964053e-06
-9.762944973471132144e-06
1.771501797556908949e-03
3.328857799378855736e-06
-2.228378140847100739e-06
2.155857199698159535e-08
-1.100721380432359447e-06
-2.807486174414084878e+00
1.891695891653417672e+00
-3.524406681646181094e-01
1.605066709494733512e+00
1.362193992406985688e+00
9.458439926339115011e-01
4.257370480885008801e-01
1.670570879985720625e+00
2.637146334928280289e-05
1.873508236468590768e-04
-5.439029205958191723e-07
6.914752979984245909e-05
1.696806815191064747e-03
7.972783197417182425e-06
1.035684741835315424e-06
-3.428582446028989247e-03
7.787548712691049575e-07
4.930549343430228794e-06
1.686297903513321031e-03
1.003780420776839310e-05
6.051579978964447604e-06
3.056646424529560913e-03
1.014298393805741114e-05
1.572806143803002002e-06
-6.359588001216226992e-03
1.259044447016875050e-05
-4.383917773876568627e-06
-8.276873306903211741e-05
-9.346917463350659649e-02
-6.217142185232338953e-05
1.184794378501922486e-04
-7.295437885134934634e-06
8.492851653190687755e-06
-2.108387182790710107e-02
1.765943780187196967e-05
1.723903184206515348e-05
1.955701616770487117e-06
-1.195948156754285850e-05
-4.325666431858885171e-03
-1.530303623876638801e-05
3.672787272697894379e-06
1.368151530350070270e-06
-1.045201579649555510e-05
-2.588469136390448774e-03
-1.529526599484132141e-05
6.301400653806510962e-06
1.173865672191920605e-06
-1.688659922771435802e-05
-3.258768802866459399e-04
-2.127834765209225937e-05
1.291088776596574451e-05
-1.346647085307026116e-06
1.807734582408389429e-05
-6.082855008328162671e-04
1.967946116439492948e-05
-1.028891990852545994e-05
-2.164061583941344694e-02
-2.110582673162865694e-05
9.467634025306976458e-06
-1.320377837809982163e-04
5.467645767936614291e-05
7.741378721685704834e-05
6.048151303493779635e-02
5.397207659340147803e-03
1.859604752636945984e-05
-5.614286976097989805e-06
-1.303268168911177909e-04
-4.152647032847467509e-05
-5.899247218237865320e-05
-1.523739792198459432e-02
-1.383686999447992540e-03
-1.866592252733814949e-05
-3.071709636230467048e-06
2.993170627524257134e-04
3.430967290372666277e-05
6.417531046161967072e-05
4.101315787181512157e-03
-1.536740160673037844e-05
-3.950139674112739126e-05
1.631227650855714904e-06
-2.394441169917581525e-06
2.408219747518089166e-03
-5.179541868919132356e-06
-8.562859293204879731e-06
1.151664085280045447e-04
-2.230748345590957118e-06
-3.325509715710842862e+00
4.610047689020192685e+00
1.492328324854183208e+00
3.786521578774323937e-02
-2.043260127428889295e+00
2.509198516187206351e+00
1.331907315018158844e+00
3.618127130613021603e+00
-6.127592834663445466e-05
5.122631745558063306e-04
1.257690763883158877e-04
-9.071792333263192939e-05
1.214371141676994035e-03
1.773740653931142630e-04
-3.589313862860874502e-05
3.130596369453233010e-03
5.133581848530538574e-05
1.976574702565018517e-05
-2.714221268863769524e-03
-2.930377010409221784e-05
1.485868481803942294e-05
-4.391291077421326586e-03
-3.032508743266475117e-05
1.016726546603145153e-06
2.811743023274136319e-03
5.841631075646723493e-06
1.064126711536875443e-05
6.482354192212718032e-03
-3.129275698467800612e-06
1.920029369109219010e-05
-1.743780994461634518e-04
-2.828585034712281440e-02
3.034056899193958369e-04
-2.648794373063888575e-05
1.553796229376864306e-05
-5.319810439513331340e-05
-5.310403491465865398e-03
8.378720640922501469e-05
-5.625941229500987115e-06
-7.384377797525236457e-06
8.360017149474285782e-06
-9.318728279241279486e-03
-1.595861443321641536e-05
2.126765637337493271e-07
-6.229813675169022673e-06
1.608472994178518473e-05
-1.217107450736659192e-02
-3.012869432425188833e-05
4.471614035614053335e-07
2.697135425862446879e-06
-4.032930635311615185e-06
3.858992462096734900e-03
1.066258142882344833e-05
1.687776673266759412e-06
6.162143856533846432e-06
9.107535102859006716e-06
1.900005103865518583e-03
-4.422488413018108517e-06
7.129905045836191458e-06
1.806045026660572234e-02
-2.124983614532797662e-05
2.046743844445639239e-05
1.014359131766478855e-04
-6.133664948704746045e-05
-1.172853440903247716e-05
-5.024966756281668695e-02
-1.037353100522526127e-02
7.953215710948748857e-06
-1.690450857860349921e-05
-1.217598130764612320e-04
4.797851789533809916e-05
3.283755620034794589e-06
2.881735177852882274e-02
9.229835792824247695e-03
-2.263080596049767319e-06
2.007420187734345994e-05
1.861371768599475959e-04
-5.781428745492902675e-05
1.656726527644961102e-07
-2.558428087069224144e-02
4.978403813599379802e-06
7.871883677791258310e-06
-3.770551231282855393e-06
1.995687026962386510e-06
1.771501304516980620e-03
-1.012374083893427084e-05
-2.144499412504485574e-06
2.181911136191782632e-08
-6.552480003416671533e-06
-2.807486945828017610e+00
1.891708078845902197e+00
-3.524422841137424545e-01
1.605074783058336507e+00
1.362191720693156416e+00
9.458414430042729748e-01
4.257372095173702631e-01
1.670570145604042711e+00
-9.150018992194596933e-05
2.176768076356511540e-04
5.691252660018425348e-06
-2.278683041541843088e-04
1.769319081520347864e-03
2.631879660449950494e-05
-2.535971365828434372e-06
-3.434446132064777370e-03
1.185045263245429764e-06
-5.035546025160151791e-06
1.691751829302921275e-03
1.327015672800969023e-05
-9.122305089412846430e-06
3.066411855048333576e-03
1.363285413125034408e-05
1.088962309933367077e-05
-6.359745872250535670e-03
1.565435990967796066e-05
6.233773791028746265e-05
2.130020473210978370e-04
-9.357699054411168504e-02
-9.463618112319286660e-05
1.287828963458025413e-04
3.242216653055221521e-05
-8.005920370026179105e-06
-2.107772641434239522e-02
2.333213594516399324e-05
9.194711970629303383e-06
-5.670759860954856495e-06
2.300614519099747921e-05
-4.343087403216874635e-03
-2.130573983529035842e-05
7.016856183333596811e-06
-2.319131086935498614e-06
1.775354855748352982e-05
-2.604309018572595683e-03
-2.094262286258250896e-05
9.152195997367854551e-06
1.088797173010356114e-06
3.289966817279043042e-05
-3.513905376972629438e-04
-2.968630744519806390e-05
1.640136124507898002e-05
9.205267448643246410e-07
-3.902700503573458318e-05
-5.813611590220049479e-04
2.803341438404844484e-05
-1.369057860495095854e-05
-2.166778701674525534e-02
1.059655584707740671e-04
3.367791589379603631e-05
-9.366157619703581374e-05
6.826491050611212502e-05
5.786320429690514929e-05
6.040095562687156083e-02
5.423079152921720346e-03
-8.930508487203699672e-05
-3.143516749299985673e-05
-1.455015180638821867e-04
-5.135241299233134525e-05
-4.052633161942377976e-05
-1.516444769776676034e-02
-1.414724275801652800e-03
9.168762935697501420e-05
5.301275391917437726e-05
2.987263275511711086e-04
4.056416244384280091e-05
4.637924030098019564e-05
4.014902547156948102e-03
3.274609787567455988e-05
-4.170619298130190839e-05
-9.380871374805286895e-06
2.520193727961013761e-06
2.398169251254988078e-03
-6.796454616253863156e-06
-7.315712759838103013e-06
1.099321130275189074e-04
-2.443986511229827340e-05
-3.325505648588670038e+00
4.609996727423063767e+00
1.492328157405013123e+00
3.789662380867762914e-02
-2.043284690829977990e+00
2.509237340429558483e+00
1.331905668088127603e+00
3.618110436426679399e+00
-9.541889450634945767e-05
6.823653572383639888e-04
9.309564360752888706e-05
-1.480202316181191433e-04
1.458175356425698340e-03
1.371291926015721094e-04
-7.305683359747839798e-05
3.228617978720382982e-03
5.290213087443747003e-05
3.948758398735377853e-05
-2.758532353169084860e-03
-2.927171156051883483e-05
2.329489339838068321e-05
-4.429448288611544278e-03
-2.259530532868219457e-05
7.731258992887933093e-06
2.811885807716828830e-03
-1.039025594747252266e-06
3.110162209434003670e-05
6.453471901133136547e-03
-1.499768508981875984e-05
1.110949488075130298e-04
-3.156968215736617170e-04
-2.778346492361459183e-02
2.641153911577788982e-04
2.890795397664936590e-06
5.881697210230560791e-05
-1.030553189109897336e-04
-5.146671711784006967e-03
7.998047335315596460e-05
4.915655296208365706e-06
-2.243971623866179732e-05
1.400098047792406179e-05
-9.337519840977987623e-03
-1.272736223821794065e-05
-2.483003065290911970e-06
-1.963816003593627237e-05
2.742154249345523515e-05
-1.222812990128178956e-02
-2.446990700013129021e-05
-2.121305441530799192e-06
5.164924818135164769e-06
-4.477487924627055672e-06
3.883229162930893364e-03
6.335240569058729051e-06
1.360321997007788877e-06
5.298866557198469049e-06
2.534042884354940442e-05
1.889269038770473221e-03
-1.308523208183828426e-05
3.616907307911919461e-06
1.803904588373423518e-02
-4.243589201373981242e-05
1.690782879822089581e-05
1.029832060335739499e-05
-3.254130329126495171e-05
-1.001525356096768490e-05
-5.031524084471712677e-02
-1.034628868068741478e-02
1.792832440286598462e-05
-1.609296903711636214e-05
-6.375722100412993358e-05
2.674442472499517098e-05
3.519273811736060085e-06
2.889656101824679066e-02
9.190896766984649885e-03
-7.084532216665163614e-06
1.849486368212582412e-05
1.189383100972559706e-04
-3.180696399021106088e-05
-7.477680284649257158e-07
-2.569572685686816182e-02
1.392867595007076065e-05
1.866528377044311431e-06
-7.692379898522850527e-06
-1.288912412755848772e-06
1.763246675053132314e-03
-3.643576831902164269e-06
-1.783271418456747709e-06
-1.633034275866387017e-05
-1.567859709513427956e-05
-2.807483788826518278e+00
1.891732910928623834e+00
-3.524403502160914914e-01
1.605084475687325707e+00
1.362190927715909217e+00
9.458409377282884778e-01
4.257373012031508974e-01
1.670565938501299197e+00
-9.465653721760333879e-05
3.319619703581150154e-04
-7.713957754601498453e-06
-2.325925774949979738e-04
2.030338799476592154e-03
-1.668535064316331912e-05
-2.341737713512864757e-06
-3.454883687511175767e-03
-6.837361520685543512e-09
-2.014368982706150263e-06
1.692948971036425639e-03
2.685605955024268622e-06
-6.271576050425841961e-06
3.080317728274217792e-03
2.525308645084255327e-06
1.551837413606214737e-05
-6.385157736100882317e-03
4.234933056793898093e-06
-6.303617299174969324e-06
2.004350709360710645e-04
-9.383586653793465904e-02
-2.248936033847788847e-06
3.801208011294735097e-05
2.322848704173590596e-05
-2.596681226521698957e-06
-2.109201852274261713e-02
4.684095401041101760e-06
-6.204500292556505151e-06
-7.941653132385532497e-06
1.888618433282666692e-05
-4.370785608734458101e-03
-2.818693059712950307e-06
5.044623403036445532e-06
-6.165162320268340431e-06
1.346376780417480245e-05
-2.626679895793761470e-03
-3.226139334295944075e-06
4.849293124515782434e-06
-6.640106605739401627e-06
2.721998379982887219e-05
-3.954844858639277412e-04
-3.857424484523824650e-06
6.982472257784155267e-06
6.978174766335899068e-06
-3.406039042623505909e-05
-5.272179131939030549e-04
2.902108403306116664e-06
-6.537171522439679233e-06
-2.170219796210621360e-02
6.284482466570927924e-05
5.235640297039108977e-05
-9.216055711903470109e-05
1.907293573277492544e-05
-8.236748571282570574e-06
6.029955483081578249e-02
5.462294992876187000e-03
-5.675590396552008811e-05
-4.601274917244747988e-05
-1.109799499426320250e-04
-1.483322096949827376e-05
1.039888151167309561e-05
-1.505372978428210114e-02
-1.464780666001561354e-03
5.602193055333298214e-05
6.609702659091120942e-05
2.231278662287918956e-04
1.430985691224430926e-05
-8.564596885623539650e-06
3.874892066146750410e-03
3.634334027157182505e-05
-5.176183271683324004e-05
-4.678970953872125019e-06
1.047227586012913672e-06
2.378958924654798069e-03
-1.347615465835792932e-06
-1.911137107569752728e-07
8.154006838566012628e-05
-1.211538126173107559e-05
-3.325503068009421526e+00
4.609971440731396086e+00
1.492327495780906288e+00
3.791252791484038542e-02
-2.043295632035571074e+00
2.509256668791243872e+00
1.331905385262893260e+00
3.618102531343510897e+00
1.190439815770522210e-07
7.499786766061947857e-04
-1.091304640082572300e-06
2.004122541673803044e-07
1.560938673142919873e-03
-1.835582171364160921e-06
1.074592169414096219e-07
3.283195737307277335e-03
-9.918001044817871859e-07
-4.916314359735129590e-08
-2.783379553001682962e-03
4.583366140838867675e-07
-2.461213179958187802e-08
-4.443544909244793832e-03
2.291397607198309411e-07
-6.067311872518477588e-09
2.805694965389219590e-03
6.141260392949546719e-08
-2.732526823849025011e-08
6.426411894794412105e-03
2.662122673634492555e-07
-4.764367590947989142e-07
-2.149889066040799860e-08
-2.753601847223552737e-02
-2.593559130527259003e-08
2.041435034368030184e-06
-1.802202685318144546e-07
-7.440577077453740155e-09
-5.059759099028914887e-03
-1.017145309355016280e-08
7.734849960736392240e-07
-1.828233932643616810e-08
7.324852425358995082e-10
-9.345556504960590358e-03
2.364039146186515163e-09
7.705870021149839524e-08
7.204760657379779150e-09
1.526892705955622779e-09
-1.225398274058131856e-02
4.090725785561831554e-09
-3.146806732535299732e-08
-1.497853284241544081e-08
-8.900987368453536689e-11
3.891778855695401940e-03
-2.295653534395538913e-10
6.370401360730383631e-08
1.539730582117701188e-08
2.145377120164603856e-09
1.874379799669733011e-03
4.830276473215560596e-09
-6.682812055091689246e-08
1.801992520824068078e-02
-1.741748651830841131e-10
2.517927685602161322e-08
-1.152452658496368318e-05
-2.225814292025140575e-07
9.846695396114452358e-10
-5.037280345359528011e-02
-1.032495545790901130e-02
1.425907316319077856e-10
-1.344411579734014780e-08
-5.302032067443953451e-05
1.168508830730111342e-07
-4.030531464674688838e-10
2.895842744399913446e-02
9.162885817535349267e-03
3.815462106519801009e-10
1.362799533431080313e-08
1.090242225558925976e-04
-1.191043622635624495e-07
-1.990707399238643570e-09
-2.577599328866933201e-02
3.283147846701747668e-08
-1.820124444133094177e-06
4.510803835238399654e-09
-3.054977286901783699e-10
1.765304515384696600e-03
-1.712202900861407936e-09
-1.927345118830142762e-08
-2.659395809632898619e-05
-5.930304302122529787e-08
-2.807483788317452156e+00
1.891732910070936580e+00
-3.524403495062725655e-01
1.605084474656599092e+00
1.362190928028747194e+00
9.458409381402651528e-01
4.257373011693158515e-01
1.670565938479982471e+00
5.349271068566454224e-05
3.319614317534403747e-04
-7.926564452266979385e-05
1.291956600162946279e-04
2.030337525859703552e-03
-1.965645620665628724e-04
1.136009892616728816e-06
-3.454883516164618598e-03
-2.117911082321217603e-06
-1.261419718281483724e-06
1.692948404044195346e-03
-2.957365159348003255e-06
1.123820609561833618e-06
3.080316781348773052e-03
-6.289751810685245212e-06
-1.179122527161955436e-05
-6.385158558174864121e-03
1.046766362243932055e-05
3.229324561160373862e-05
-9.822138093777295072e-05
-9.383586028287597969e-02
1.747436787327543708e-04
-9.542848848999938157e-06
-1.697940488573119214e-05
-2.758123734749547736e-06
-2.109201974811057353e-02
-4.595498025365053643e-06
-1.702593195568508945e-05
7.823938400600878527e-06
-6.996894720604475101e-06
-4.370784096523501819e-03
1.777329386226097563e-05
4.904376734556586717e-06
6.949491563498053797e-06
-3.934939312748282983e-06
-2.626678442215033601e-03
1.327877813188333361e-05
3.267932533461027160e-06
8.918598141023364949e-06
-1.026365680536301672e-05
-3.954824190080449007e-04
2.550929223065515018e-05
2.734702882154467809e-06
-8.445494582594752556e-06
1.451042556109220620e-05
-5.272198505257078005e-04
-3.095351285397291232e-05
-3.524190383957890522e-06
-2.170219605414441810e-02
-3.855055566283708131e-05
-4.263767224607857879e-05
-9.216605042381374995e-05
3.589551838472816313e-05
-5.032699587190156431e-05
6.029955946850566045e-02
5.462293919840648972e-03
3.736826613516537030e-05
3.586134843151582533e-05
-1.109767716852048480e-04
-3.237432350858270735e-05
4.398000914524933890e-05
-1.505373316124906241e-02
-1.464779505816525855e-03
-3.540715083600802602e-05
-4.545298373474292804e-05
2.231254231318611082e-04
5.001608034055548066e-05
-4.426861695704257312e-05
3.874895720355979456e-03
-7.676044407505193859e-06
-5.176196413790327077e-05
2.273601121324100925e-06
6.436724540111424015e-07
2.378959962674982200e-03
1.582574503886449035e-06
4.042964869767646922e-06
8.153968138463395742e-05
3.738127480100543736e-05
-3.325505160302158369e+00
4.609981489399999077e+00
1.492328847826797089e+00
3.790560213989241367e-02
-2.043293641661231952e+00
2.509248873786994238e+00
1.331904487860003039e+00
3.618104955888331808e+00
-1.343206572282317760e-05
7.549510461416055265e-04
4.535561343357164118e-05
-5.929439395579323530e-07
1.554653702479242335e-03
5.130589074803870118e-05
4.123991873948930126e-05
3.250253127347133529e-03
-1.360556323341298081e-05
-2.057465826504166750e-05
-2.768107518316741643e-03
5.675357244889101925e-06
2.812017189392501433e-06
-4.447122133573006356e-03
-1.066829634382564025e-05
-1.735386056734696141e-05
2.819982853957099436e-03
1.355282668430711455e-05
-3.920382112790881540e-05
6.461176702746124212e-03
2.590161760578080569e-05
-1.995720619358559863e-04
8.805829425334082614e-05
-2.763031826273198641e-02
2.912895542192751980e-05
-5.432667824544249683e-05
-8.886224955005514415e-05
4.639175879482064751e-05
-5.105037450335024249e-03
-6.979502873873350673e-06
-2.224272792153883963e-05
2.937593543776521120e-05
-1.041341860216440532e-06
-9.344786057683514974e-03
-3.965614149916632124e-06
7.061521792807509041e-06
2.644630599624178015e-05
-3.325909737326706385e-06
-1.224836570341755401e-02
-6.570464534360894815e-06
6.367887073472192556e-06
-3.694441123837643518e-06
-6.070848511110040453e-06
3.894986551700608396e-03
7.258482915043546820e-06
-2.720599366333853456e-07
6.730886981974176301e-06
-3.000306797360391555e-05
1.898398712212582672e-03
1.911339853479694515e-05
3.879998171637775520e-06
1.804349909751718634e-02
3.288910421920625260e-05
4.687705169009918709e-05
-4.685388359317304175e-05
-4.995164751675646440e-05
3.943113720627847287e-06
-5.030272354349610286e-02
-1.034818424468936238e-02
-1.710822612817662825e-05
-3.270293906215410699e-05
-2.327505955842010905e-05
3.631760644645740804e-05
-2.961900735564800073e-06
2.889125673999425742e-02
9.190462744379313334e-03
9.580867307467889275e-06
4.068964514207575067e-05
6.868264571843852120e-05
-4.467495181141247521e-05
2.304735223026017159e-06
-2.569697322107107260e-02
-1.500462165365337662e-05
1.102585213124419056e-06
6.399442126017942498e-06
1.346810645245489562e-05
1.752600477804058896e-03
-1.212468977234580109e-05
7.498171509049884883e-07
-1.845450136403890460e-05
1.871760535098573573e-05
-2.807492044249588314e+00
1.891713786864835489e+00
-3.524482785580080879e-01
1.605085331180546637e+00
1.362186820778071628e+00
9.458355579340052000e-01
4.257375212509934004e-01
1.670572510933402866e+00
1.078973950253583582e-04
1.792404809123950558e-04
-8.070864137310054462e-05
2.568598744493161951e-04
1.689582987379938898e-03
-1.955887862075201330e-04
2.006422689341545287e-06
-3.428824421381050733e-03
-1.790117638030614364e-06
-6.331537282501710105e-06
1.704207602074791182e-03
1.664782108523938826e-06
-1.476770235067532362e-06
3.076979021967754090e-03
-1.759490906821808616e-06
-2.883048424257526131e-05
-6.334848588512371342e-03
1.680775009104152552e-05
1.216729861673933484e-04
-1.749282337104687325e-04
-9.358795388475824040e-02
1.490473853607731020e-04
1.196212520553735606e-05
-1.976374473683100523e-05
-1.225894996274970233e-05
-2.104810506250593544e-02
3.585654768773326325e-06
-9.572834276012605006e-06
1.549584960834877884e-05
-8.319456058731130232e-06
-4.359017106957443523e-03
1.093881900154104736e-05
4.153662198376170744e-06
1.552547685392714495e-05
-2.114056268750415268e-06
-2.621647529040302838e-03
6.340297670596918843e-06
3.371113517848663501e-06
2.263698468207162381e-05
-1.262330426901633846e-05
-3.712378271391468987e-04
1.599622482110315462e-05
4.031253241406528328e-06
-2.024232048202350825e-05
2.184893892131278066e-05
-5.680912437592749780e-04
-2.232877871637230303e-05
-4.211676678366859443e-06
-2.170200817636027887e-02
-2.325606515963734520e-05
-1.069398412906410068e-04
1.448889639371207967e-06
6.234021446445314383e-05
-2.422914670585531031e-05
6.030051057106031870e-02
5.448510127968324464e-03
3.157559444297966441e-05
8.796486007673709820e-05
-2.175429406257253524e-04
-5.230634531833445051e-05
2.242778754509736034e-05
-1.509223201766734385e-02
-1.442059957992736230e-03
-2.525429648868318262e-05
-1.044751633698860923e-04
3.720673019608613315e-04
6.679403336781899016e-05
-2.179239059694970616e-05
3.938169104919920019e-03
-2.514950229351354432e-05
-3.633820079100478454e-05
-7.602303841474684779e-07
3.726394712472096246e-06
2.391594873304507627e-03
-1.086861753462442070e-06
1.705914330033568913e-06
1.250067145665135061e-04
4.061553051891157360e-05
-3.325507516047160994e+00
4.609979017731774320e+00
1.492331436680703893e+00
3.790567697067105668e-02
-2.043300466494788026e+00
2.509250492738904992e+00
1.331901995712459819e+00
3.618102431697444388e+00
-2.872154874821787086e-05
8.395071645143813632e-04
9.845180939002762623e-05
-3.213321321750915835e-05
1.649402240962585938e-03
1.282190546232914044e-04
9.625512367692669736e-06
3.228314913399320946e-03
1.313388090880433776e-05
-4.147166548272092462e-06
-2.757448083049112309e-03
-9.239681444329504975e-06
6.728571471001261868e-06
-4.470955961378756532e-03
-2.350496765621801933e-05
-8.981969898695638097e-06
2.848220749334532623e-03
1.422808914036295127e-05
-1.736205371884496217e-05
6.517048193053123079e-03
2.035652905724673868e-05
-1.141982156587667709e-04
-1.390137590111382274e-05
-2.759558146626043401e-02
1.686464641480553287e-04
-7.551798586012796477e-05
-4.783621881545676219e-05
6.331905404567153789e-06
-5.122755909668714157e-03
3.374646087755403474e-05
-2.895795962738811956e-05
1.485197941400324025e-05
2.358341660319137735e-06
-9.351474110671669990e-03
-1.091168037315392528e-05
8.405716890071125263e-06
1.355056801006186656e-05
3.847156676392958231e-06
-1.226228236321574329e-02
-1.984357019035532579e-05
7.729963469302213777e-06
-1.106732167611862121e-06
-4.694057559828981378e-06
3.911986711872314677e-03
1.122064552896157781e-05
2.884289198336984703e-07
6.781354073659560564e-06
-1.297046243460589161e-05
1.941155106906517890e-03
1.412336367938289385e-05
7.349261346645603700e-06
1.808062852644260615e-02
1.106761653457089488e-05
3.235924143494100900e-05
-1.562803161420835553e-04
-7.122952694069490027e-05
2.153193919967409512e-07
-5.019326767718700066e-02
-1.038209868979062672e-02
-7.070218234116472486e-06
-2.351288207513779288e-05
6.077659952929444350e-05
5.346056981826340164e-05
-2.264344898766236690e-06
2.879348098749807267e-02
9.227833199323324728e-03
4.873976161168420295e-06
2.894894536002915841e-05
-4.043587258814666493e-05
-6.525657021460814274e-05
2.785256691356450054e-06
-2.558993458365475468e-02
-5.239106041830989031e-06
4.188739987828196329e-06
2.284383522490553456e-06
8.070272729934265603e-06
1.723440401035611315e-03
-1.527377606549926248e-05
5.475322500463383560e-08
-9.424517316276384164e-06
1.088981864224121209e-05
-2.807497654362513639e+00
1.891706233473819276e+00
-3.524540084849672184e-01
1.605089024082698934e+00
1.362183298475018622e+00
9.458311089663120619e-01
4.257377247960714151e-01
1.670576448302030892e+00
8.907099365774005417e-08
9.283733422930524871e-05
-6.960492079504979931e-07
2.650733129354726904e-07
1.498653722753840898e-03
-2.121071532204284414e-06
6.820784044857741707e-09
-3.414419877733829330e-03
-5.780355473532783971e-08
-1.078704290227064025e-08
1.713554195275804153e-03
8.100620845056787802e-08
-3.042921768173446799e-08
3.078621345409821974e-03
2.534165780242966933e-07
5.918078958678934802e-08
-6.302624453064860528e-03
-5.382267337649384911e-07
-7.236085214098971772e-07
-6.192010748395538688e-09
-9.347024242262953753e-02
-1.734794579034537304e-08
3.075887171762504358e-06
5.494627173740857821e-10
-2.027176842696479767e-09
-2.101755029764755534e-02
-3.492663726092263215e-09
-1.720805410185948548e-09
-9.861188601446371614e-08
4.501087871597909910e-10
-4.358202023642095482e-03
1.807726020852778931e-09
4.200555835719590329e-07
-6.351181910018074239e-08
9.612694529048537506e-10
-2.624577546434774932e-03
1.592511051864782984e-09
2.696807941231225239e-07
-8.562941820152180351e-08
8.485596063781346119e-10
-3.655682638534640686e-04
-5.750259741606008830e-11
3.630881506026931282e-07
1.349581167518668175e-07
-3.308248859878617361e-10
-5.839429921093900301e-04
2.998824791758082051e-09
-5.744555553658015472e-07
-2.171261228663050671e-02
-1.117660983280547714e-09
-1.761643975186955137e-08
7.667297922825383602e-05
4.091253838197700723e-08
2.197379027169099399e-09
6.026970816507283557e-02
5.449687854795466982e-03
-8.580344770051831671e-10
4.630270059974791501e-09
-2.915188623324333752e-04
4.878162784039409811e-08
4.348285351197831406e-09
-1.508855850299686829e-02
-1.439461990382617448e-03
2.062885095761473381e-09
-3.863377365709976253e-09
4.670037097008784832e-04
-6.115230782190051937e-08
-1.045564725906452673e-08
3.945180671779048576e-03
3.639559106211295492e-08
-2.712896791541651953e-05
1.923218514950597305e-08
6.204840391473915631e-10
2.395436110037298637e-03
1.294666058214409324e-09
-8.171714270451418990e-08
1.509257985652933147e-04
-8.277164540131391792e-08
-3.325507516498618088e+00
4.609979018857551125e+00
1.492331436545486945e+00
3.790567592296781307e-02
-2.043300466210580701e+00
2.509250491893237456e+00
1.331901995705321973e+00
3.618102432065918972e+00
1.007632348850709040e-04
8.395038190490600356e-04
-2.590579663793198589e-05
1.290236304532309090e-04
1.649397588029915922e-03
-3.888222153076022577e-05
7.592969265918197880e-06
3.228312610553377062e-03
-1.628864933524430984e-05
-6.404953034809698459e-06
-2.757447349208121297e-03
8.852276906476968290e-06
-2.395984932266594038e-05
-4.470955268614827845e-03
6.252145364680495737e-06
1.675016332589662079e-05
2.848220827558265236e-03
7.446466199616865380e-07
2.603544143340701336e-05
6.517048886533186383e-03
5.219926426495858728e-06
1.235633019670124666e-04
1.530391486646989286e-04
-2.759559264094470568e-02
-7.234674161028265286e-05
-5.758280614132711190e-05
4.939886090929198600e-05
2.607125172244342825e-05
-5.122758991467447898e-03
-2.237192423373152918e-05
-2.559767529421233602e-05
-1.466699965823936363e-05
-1.063209301216435222e-05
-9.351473587315712460e-03
3.419168593252178347e-06
8.779747232150441737e-06
-1.348700002042822203e-05
-1.911407805627192267e-05
-1.226228119970224247e-02
6.599935003637173053e-06
7.806658931554773056e-06
3.363510488366380605e-07
1.206544873794793723e-05
3.911986282459444832e-03
-1.549017126919392418e-06
-9.930999117775561950e-07
-9.791057919634998236e-06
1.871280117712263697e-05
1.941155478953682451e-03
4.170014021816007643e-06
2.080437826878170952e-06
1.808062953624831395e-02
-5.719109000029072337e-06
-7.764047827838780973e-05
-1.562784421092319113e-04
7.302924295628085656e-06
9.469180026956080897e-06
-5.019326399099380970e-02
-1.038209993165928151e-02
5.496036751301105382e-06
5.793732967139462569e-05
6.077544106164727445e-05
-6.221327024570260519e-06
-4.985923412125764696e-06
2.879347736251992862e-02
9.227834655159087435e-03
-4.850512164272465144e-06
-7.086946268510625410e-05
-4.043457127331462298e-05
7.412329522236787532e-06
2.821482432605962941e-06
-2.558993028875760495e-02
1.214588234238549374e-05
4.188920136090840070e-06
-1.199386670855258946e-06
-1.726198520544505025e-05
1.723440487086551559e-03
6.510172124094148179e-07
1.916283489527660771e-06
-9.424075846701528733e-06
-9.750656947799681138e-07
-2.807492573747834896e+00
1.891705573157204112e+00
-3.524483494375046932e-01
1.605081389260243130e+00
1.362187500761946390e+00
9.458362357136204102e-01
4.257374651695127188e-01
1.670573607306106823e+00
-5.885805181451272061e-05
1.471788857961098349e-04
1.632231025398411868e-05
-1.314630970672788412e-04
1.615651614103672060e-03
3.036586386141243153e-05
-3.710446772759658665e-07
-3.422987724887417618e-03
-4.192742598581655668e-07
1.223269593701999652e-05
1.702730287440993922e-03
-9.138437921778043232e-06
9.485781210385226466e-06
3.071720674924436657e-03
-8.138563580751190233e-06
2.744676520837419496e-05
-6.329161159342499079e-03
-1.593785187524611509e-05
-1.836815825626392608e-04
4.109409442787182256e-05
-9.350660503737957818e-02
2.333239888760172743e-05
-4.424410638282621214e-05
-6.513402445507410481e-06
2.227655482008596653e-05
-2.104629528619369680e-02
-1.650060695819887833e-05
-7.134202232380474357e-06
-1.190587262927355049e-05
-8.932662592808896006e-06
-4.349007441583827016e-03
1.129196749611700859e-05
-8.950201419841946984e-07
-1.464697217319545314e-05
-1.233661002806708091e-05
-2.613169687325545693e-03
1.228351417111476370e-05
-2.188545375230019683e-06
-2.511512604019354694e-05
-1.185277500973632629e-05
-3.557939407286733724e-04
1.554250561548749159e-05
-4.767823510828602629e-06
2.104956058587055811e-05
5.369322359219154417e-06
-5.860768810886540130e-04
-1.273403595905467351e-05
3.392865887489814354e-06
-2.168839865095284133e-02
-6.515606721610989996e-05
1.068174225375570171e-04
-7.322425483921785917e-06
-6.206701354995874942e-05
-3.191478285251184659e-05
6.034084807538647732e-02
5.434050930532939930e-03
4.187830440191617746e-05
-8.470306868752901794e-05
-2.218469798037911510e-04
4.818450059315723639e-05
2.430047680731955328e-05
-1.513295960123722458e-02
-1.424028080517036107e-03
-5.050035030928353520e-05
8.733793241650700864e-05
3.889681097630229506e-04
-4.482858912296233260e-05
-2.644354727409679588e-05
3.988386093184799301e-03
1.339760231893586934e-05
-3.353975235491933658e-05
9.179160016775681372e-06
-6.847674657322531900e-06
2.398099499109311063e-03
4.949546107218931196e-06
3.408659884949026547e-06
1.323992495738377558e-04
-4.596385674817597775e-06
-3.325508215331269390e+00
4.610017765642638210e+00
1.492329132216550391e+00
3.788315373766288491e-02
-2.043276511598770995e+00
2.509221218148674826e+00
1.331905507976367975e+00
3.618116731851226398e+00
1.334670943013372075e-04
6.386175729771637229e-04
-1.606691913530777002e-04
1.768113458290976976e-04
1.386251155767420033e-03
-2.311504440146814753e-04
2.514760507784473336e-05
3.178792959594451371e-03
-7.669694601113311646e-05
-1.613037309158346221e-05
-2.735746639878819039e-03
4.291234114494451977e-05
-3.186889833489026807e-05
-4.421327969608513341e-03
3.875394474958283202e-05
1.679626443300641931e-05
2.821664788933242289e-03
-3.669470889341392332e-06
2.175314082451059147e-05
6.485369881091960186e-03
1.290589853649845364e-05
1.163759073549665350e-04
2.416712802267084530e-04
-2.798744013365245947e-02
-4.072061895378659971e-04
-5.031157828500163083e-05
4.104533489442540071e-05
5.251349051866246884e-05
-5.223190323283227396e-03
-1.170669686671081076e-04
-3.008363753417173873e-05
-1.028169985861708751e-05
-1.500020051341976711e-05
-9.331775247111616378e-03
2.066190178878189065e-05
1.266509606264708784e-05
-9.830474407594259005e-06
-2.746095909875538973e-05
-1.220845182456141431e-02
3.928892549435683844e-05
1.086567222573685889e-05
-1.558669320504274172e-06
1.437975603005098112e-05
3.878722014938600082e-03
-1.237423046969691788e-05
-3.461868790738290772e-06
-1.465492093773306816e-05
1.491742582372567416e-05
1.908761890833425177e-03
1.200928595433321008e-05
-5.714665283309316163e-06
1.806112146247400296e-02
8.845456400767091328e-06
-9.002329493710624732e-05
1.131574189967816208e-05
6.805251246285937074e-05
2.826636337563109537e-05
-5.024890938570336640e-02
-1.036979295928746291e-02
2.409515815046769618e-07
6.791071503840075488e-05
-5.941478268371551148e-05
-5.419348035892083379e-05
-1.136295581878525028e-05
2.882844962044909740e-02
9.220669154275135115e-03
-3.528117679478492738e-06
-8.273573487670358409e-05
1.098525266274838269e-04
6.511609609298224955e-05
3.973126830736626694e-06
-2.561054780991367866e-02
1.169916517625056043e-05
5.656573458102158359e-06
1.499463242180044545e-06
-1.862934831356192325e-05
1.756751947905849705e-03
1.017347301383437523e-05
5.243034152287286297e-06
-6.211309972149236513e-06
6.449181502898833292e-06
-2.807486174259682166e+00
1.891695888972437789e+00
-3.524406678830944162e-01
1.605066707564943629e+00
1.362193993066307174e+00
9.458439933427097435e-01
4.257370480556459946e-01
1.670570880026199800e+00
-1.290837809729625698e-05
1.873469922037609026e-04
-2.354719637005435560e-05
-2.540594313963290136e-05
1.696797128735071103e-03
-6.685033360245643539e-05
2.170936622496443428e-07
-3.428581820717425867e-03
-1.366903049721394602e-06
6.141619103143433319e-06
1.686296354325430647e-03
-9.170772749525037259e-06
5.494259964433409071e-06
3.056644189727947616e-03
-9.953127733404377086e-06
1.066872948996566050e-05
-6.359589023212529682e-03
-8.403394413518466157e-06
-9.880289786457173418e-05
-1.247727938316717235e-05
-9.346915473943707975e-02
1.027245213722456299e-04
-5.774616140072913874e-05
-1.128337577884273198e-05
1.104681446987588175e-05
-2.108387431689102282e-02
-1.618111788590179145e-05
-1.493343771408804595e-05
-3.940048287339939634e-06
-7.276035622421656525e-06
-4.325662618946495702e-03
1.800502036815380993e-05
5.740977285274410132e-07
-5.999795650386844845e-06
-8.021360006445313971e-06
-2.588465591637320595e-03
1.669496658581618448e-05
-1.503745744235819500e-06
-1.157692940181072265e-05
-9.985983884415867940e-06
-3.258715353857556240e-04
2.525471594616631729e-05
-4.814626308692152723e-06
9.284475047842061300e-06
8.005134616127807125e-06
-6.082909031635220978e-04
-2.548362843023530602e-05
2.995537240986470600e-06
-2.164060875479579746e-02
-5.648334529242120288e-05
4.254639294296343454e-05
-1.320488991198591391e-04
-3.544984398323952293e-05
-5.694807093892867222e-05
6.048153277588431270e-02
5.397201509530400419e-03
4.179131854204253601e-05
-3.318339967880327491e-05
-1.303210147074436789e-04
2.567026285981235007e-05
4.558334127105890496e-05
-1.523741548444255273e-02
-1.383679722917565292e-03
-4.624664732169234647e-05
3.128588870294081692e-05
2.993140623537061430e-04
-1.455909098869157106e-05
-4.824318420582316715e-05
4.101336460230771593e-03
5.870573401174124279e-06
-3.950104786775496658e-05
6.556981697879301577e-06
-3.288585639273966293e-06
2.408222017247896914e-03
4.662662740940445643e-06
5.551299181265558381e-06
1.151673682822101788e-04
1.433200641851104160e-05
-3.325509715813034450e+00
4.610047694827937192e+00
1.492328324845094034e+00
3.786521256251995649e-02
-2.043260124228423624e+00
2.509198511879793259e+00
1.331907315330116415e+00
3.618127132528520917e+00
-7.899322240327854043e-05
5.122404196816213390e-04
-1.176802370368684302e-04
-1.094605165567152206e-04
1.214339572734597639e-03
-1.701604697296230746e-04
-2.717957168284697468e-05
3.130586634344175150e-03
-5.832276964723797871e-05
1.580153497590851627e-05
-2.714216712119160713e-03
3.249409884454006729e-05
1.898094158222052598e-05
-4.391285836391960878e-03
2.839287035640503519e-05
-5.523129629182392785e-06
2.811741624759518405e-03
-1.944494710537568457e-06
-2.428172010873629573e-06
6.482354820297662329e-03
1.119812275262596745e-05
-3.502855231575187415e-05
-1.754775161057848729e-04
-2.828590809476676585e-02
-3.026956003283402222e-04
-7.113076811370199539e-07
-1.358665349200769459e-05
-4.593922778217094131e-05
-5.310420506055907840e-03
-8.795848017028405478e-05
-9.627251345507262760e-06
3.784517681379372519e-06
9.636594717341088719e-06
-9.318725689489822800e-03
1.522036219907950737e-05
6.384022333106964809e-06
3.542115157527868145e-06
1.804208550919779688e-05
-1.217106754789050622e-02
2.899532156332985708e-05
5.126656451680339483e-06
3.472941093326686145e-08
-7.214210524724723037e-06
3.858988995840371364e-03
-8.823803978873811832e-06
-3.095966969901428574e-06
3.172962355952058545e-06
-7.227947043782035392e-07
1.900004378648970744e-03
1.009977249986086387e-05
-8.987248729829845967e-06
1.806045033002767058e-02
4.728278274196237070e-07
4.271121727724775307e-05
1.014513659363926396e-04
4.803720798889925036e-05
2.425965886641226414e-05
-5.024966704152573904e-02
-1.037353196620113480e-02
-1.134591385738440457e-06
-3.300165016730117324e-05
-1.217701560701386324e-04
-3.844099060128762122e-05
-8.526386413262789388e-06
2.881734925694949545e-02
9.229837774677097928e-03
1.278006973649077190e-06
3.992994480126226735e-05
1.861496908277152735e-04
4.610031460671062633e-05
1.873009786588268014e-06
-2.558427565224334621e-02
3.178600330128649561e-06
7.872333623570908350e-06
5.273132438443787560e-08
7.765138497932731277e-06
1.771503550375657819e-03
6.788450697025286133e-06
4.311023577372222883e-06
2.295620102690247954e-08
7.468541566010383726e-06
-2.807486173547838693e+00
1.891695889903716177e+00
-3.524406671147188863e-01
1.605066707264799275e+00
1.362193993283021154e+00
9.458439936103306689e-01
4.257370480822598169e-01
1.670570879744837978e+00
-1.321543088134282751e-05
1.873529613124397849e-04
2.197113952516115620e-05
-4.298931652757017062e-05
1.696810549784490705e-03
5.244678574310523658e-05
-1.232246145051910869e-06
-3.428582752495414835e-03
4.150153369206390404e-07
-1.109823652663174220e-05
1.686296004606819589e-03
-6.141689222984662537e-07
-1.163122077867701343e-05
3.056644375941245002e-03
5.785444354770027780e-07
-1.205426200287067444e-05
-6.359591001136326652e-03
-5.781589012052281627e-06
1.010097626323195133e-04
9.522643274237371325e-05
-9.346916472885727356e-02
-4.060335218715680888e-05
-5.139089849560441614e-05
1.857834152292688965e-05
-1.953510442155602568e-05
-2.108387584489987768e-02
-1.470450763320286825e-06
-2.302246998429826209e-06
1.688631503230203067e-06
1.923078838710587412e-05
-4.325663171523334155e-03
-2.706711252325106926e-06
-2.981061241525686053e-06
4.441201378595379095e-06
1.846913324323044326e-05
-2.588465837425599214e-03
-1.406928124695138748e-06
-3.980595810923108679e-06
1.014602932174052860e-05
2.686686222089672071e-05
-3.258724717317801572e-04
-3.990299004287953010e-06
-6.992301956751522207e-06
-7.532678774481732389e-06
-2.607755749948604708e-05
-6.082892391858444464e-04
5.822812907321876639e-06
5.558302866468564884e-06
-2.164060983294431584e-02
7.757860218071631060e-05
-5.202271317185028091e-05
-1.320526540277354140e-04
-1.902640642732454510e-05
-2.040587921900162530e-05
6.048153108119523613e-02
5.397202273560310938e-03
-6.038387474604395863e-05
3.877696721047023984e-05
-1.303167413997737174e-04
1.594178574808346235e-05
1.338498011647071319e-05
-1.523741342078298658e-02
-1.383680669275804895e-03
6.491256971463957770e-05
-2.819188144761918400e-05
2.993081843586568413e-04
-1.987430604251323773e-05
-1.592077763027179726e-05
4.101333776684455874e-03
9.605343138919758095e-06
-3.950133439168316662e-05
-8.129723983686846871e-06
5.681616421669278118e-06
2.408221403713325243e-03
5.153086056514697111e-07
2.759870604373430274e-06
1.151665866283405239e-04
-1.234560565369182864e-05
-3.325508215174067139e+00
4.610017767060186067e+00
1.492329132044549533e+00
3.788315304394508642e-02
-2.043276510429863357e+00
2.509221217096099465e+00
1.331905508223231838e+00
3.618116732464323970e+00
-2.047431101980533069e-04
6.386066640588109822e-04
-3.674436406652132079e-05
-2.866846398841046278e-04
1.386237349266964975e-03
-4.006422620914369632e-05
-7.797536384860784340e-05
3.178792886208599289e-03
1.520704890783571310e-05
4.475742626784731920e-05
-2.735746131446387900e-03
-6.859057500067836005e-06
4.925811816508636004e-05
-4.421325164895906212e-03
8.534593745903263295e-06
-1.163582520828040053e-05
2.821662462996786264e-03
-1.262770821027572209e-05
3.299821523827791306e-08
6.485366216205870268e-03
-2.492943722646160740e-05
-1.352645551817238709e-05
-4.734863717474500021e-04
-2.798745535235081655e-02
-5.613814234290806005e-06
1.294532287450904644e-04
5.946430654074554107e-06
-1.276416840753688401e-04
-5.223192605484807891e-03
1.307770486679538070e-05
5.192290781164554008e-05
-5.793902767763872205e-06
2.539194451595565280e-05
-9.331774242392240973e-03
2.657868103449824063e-06
-1.511220192833343804e-05
-4.516399023898501236e-06
4.775281716110691451e-05
-1.220844926851218613e-02
4.133297820383123186e-06
-1.400584381593053602e-05
3.810988866692263164e-06
-1.790483161340427896e-05
3.878720034240957289e-03
-6.264704949585438237e-06
4.910797185103904592e-07
1.224093942823058806e-05
2.943701891629966414e-06
1.908758745924315136e-03
-1.892533485386844509e-05
-9.946945195500392492e-06
1.806111739252143356e-02
-2.890874577281075315e-05
1.041685125648051437e-04
1.132645399351577464e-05
4.361749134028729654e-05
-6.482849659436907045e-06
-5.024892097900449106e-02
-1.036978929016665364e-02
9.723528317309129194e-06
-8.100311371868511366e-05
-5.942281144937516953e-05
-3.154553686534901483e-05
5.894551178667185827e-06
2.882845984059123623e-02
9.220665229989209385e-03
-1.679698484916876947e-06
9.787556618544944313e-05
1.098628478403245443e-04
3.891882600057123420e-05
-5.047495125695872670e-06
-2.561055879630020488e-02
-1.641973236654253560e-07
5.656281873924249478e-06
-5.301536036533235872e-06
1.812400548188608827e-05
1.756754522629327313e-03
1.104447366931347332e-05
-1.357920484275884912e-06
-6.212183241115093231e-06
-1.342478920059196632e-05
-2.807486264280961930e+00
1.891718635671974624e+00
-3.524421921789612222e-01
1.605079847365216805e+00
1.362190847858546716e+00
9.458405731633602320e-01
4.257372817359184602e-01
1.670568735682106176e+00
-3.929143952292782593e-05
2.589381557878925755e-04
1.123650422991586680e-04
-1.062916007614620373e-04
1.864488139788600700e-03
2.747045999647432148e-04
-1.798331790982409689e-06
-3.441948135400507008e-03
2.671577520192420635e-06
-1.085105835438300340e-05
1.693645269614072520e-03
1.385540391207645462e-06
-1.255790836598312174e-05
3.073158326036887905e-03
6.617209476819218930e-06
-6.732075016037492531e-06
-6.367038857876175691e-03
-2.039796694734914004e-05
8.324950113606003309e-05
1.454077149184768343e-04
-9.368158568686944798e-02
-2.324958878946941179e-04
-6.123234073169177554e-05
3.153264761508106433e-05
-1.882079069880564459e-05
-2.108005587507580728e-02
1.175427320372298724e-06
1.744115002218480411e-05
-3.795174713897653078e-06
2.320111339627949841e-05
-4.355953890762523720e-03
-2.086850636683645920e-05
-1.003528409646393370e-05
-2.473404193575380345e-07
2.095680013671845875e-05
-2.615204179681484848e-03
-1.438967702772914062e-05
-9.624895338159855217e-06
4.367569215140345039e-06
3.266566487337936109e-05
-3.712404197625598923e-04
-3.015628426580734564e-05
-1.331530632727720423e-05
-1.903091400663118986e-06
-3.387441245278181596e-05
-5.582401579203009629e-04
3.851149270757316389e-05
1.200389418987479737e-05
-2.168556118570481514e-02
1.088370615886339340e-04
-3.329590624134319072e-05
-8.232896152243123020e-05
-6.845983971771467695e-05
3.175641658206278966e-05
6.034911166142579997e-02
5.441543098140886117e-03
-9.001760996912802507e-05
2.266891584015684911e-05
-1.399639839048345065e-04
5.938328958318178543e-05
-3.412205827710848371e-05
-1.511203909424222933e-02
-1.437659275040112632e-03
9.345166655934779385e-05
-7.071949085781877554e-06
2.769815565370437006e-04
-8.251586656076664395e-05
3.067385026711230857e-05
3.950277242727853744e-03
6.651471549120269993e-06
-4.483958522443280660e-05
-9.941195303598087643e-06
5.737281964223341741e-06
2.389866152049154556e-03
-3.792147550117313626e-07
-1.150934315103157104e-06
1.002362897284524591e-04
-5.013111956420535678e-05
-3.325505160403790406e+00
4.609981490213606925e+00
1.492328847471116715e+00
3.790560154672270587e-02
-2.043293640940126110e+00
2.509248873302881044e+00
1.331904488052643165e+00
3.618104956290866259e+00
-3.335131486300314222e-05
7.549422202429558002e-04
-3.603310570197330951e-05
-4.545350853762571277e-05
1.554643316549352786e-03
-2.906849580198110210e-05
-9.538888992807369931e-06
3.250253740942403609e-03
4.094556918651409184e-05
5.697993924349713538e-06
-2.768108011579215478e-03
-1.993080978070441647e-05
7.999227335541019587e-06
-4.447119778278296222e-03
8.130248366327778883e-06
-3.018365967926466509e-06
2.819980513859204462e-03
-2.170788043115348998e-05
-2.642571579314090235e-06
6.461172232732456840e-03
-4.648149424303833245e-05
5.022911007126139407e-05
-6.935310639577410650e-05
-2.763032624487729919e-02
6.172795535349677909e-05
2.026627520485588902e-04
2.421787366491081115e-05
-1.718125288278715630e-05
-5.105037918853891181e-03
4.367272980099068126e-05
8.908957378604671169e-05
-8.663994783617264884e-06
3.960678689966646840e-06
-9.344785399910345708e-03
1.081344114747158301e-06
-2.887370504264864901e-05
-7.667885936267126778e-06
7.363677245367433414e-06
-1.224836393800744251e-02
4.048502602332521402e-07
-2.613030866308093666e-05
1.534143719760148691e-06
-3.253225762680276830e-06
3.894984893271110932e-03
-8.885649987505754327e-06
3.418645493472029372e-06
7.840007783646574998e-08
-1.545593130355050731e-06
1.898395134002958239e-03
-3.553690706602226872e-05
-7.855886471656138171e-06
1.804349606129085695e-02
-1.303103932663799282e-05
1.968029261445449496e-05
-4.684381336723621907e-05
6.520951128603544680e-05
-3.045720015888905288e-05
-5.030273270293493526e-02
-1.034818160300891507e-02
5.988970097745358514e-06
-1.503033863858344951e-05
-2.328301542919294443e-05
-4.628752077601859429e-05
1.629839168328846988e-05
2.889126487836336105e-02
9.190459732603645931e-03
-2.791320322405802990e-06
1.827527929724703963e-05
6.869287232022969376e-05
5.737815428560694641e-05
-9.452987938011512908e-06
-2.569698207957815672e-02
-8.712531630066960265e-06
1.102391135733160751e-06
-2.526866211066848940e-06
3.767120821765225592e-06
1.752602846688103549e-03
1.772276861181117097e-05
-5.942753824295336971e-06
-1.845525139452543805e-05
-2.247110412107746106e-05
-2.807483787750343129e+00
1.891732913095676594e+00
-3.524403491367227859e-01
1.605084475460698989e+00
1.362190928204956020e+00
9.458409383278264526e-01
4.257373011864856172e-01
1.670565937772186649e+00
4.139182416886435758e-05
3.319792880789087510e-04
8.480988617420305001e-05
1.040989493111146538e-04
2.030377581486000286e-03
2.066921403574458729e-04
1.225234034402119722e-06
-3.454886676015699910e-03
1.949767353482495379e-06
3.247380429705494668e-06
1.692947789841697890e-03
5.186637217339950358e-07
5.059211403259190975e-06
3.080318177222310036e-03
4.524689982095574473e-06
-3.539434398663860374e-06
-6.385163425746836346e-03
-1.629562477221980501e-05
-2.816594424866742085e-05
-1.021795709103417733e-04
-9.383589516458727686e-02
-1.724090045574912884e-04
-1.917355000931219086e-05
-6.244718516492251020e-06
5.355302990072791726e-06
-2.109202332349884371e-02
-9.092638848556995612e-08
2.320903215564166209e-05
-1.794095060395241433e-07
-1.188704789199382719e-05
-4.370786931343718928e-03
-1.494171738030587330e-05
-8.678781648380097722e-06
-9.758573084848043698e-07
-9.527240087527663690e-06
-2.626680548763777635e-03
-1.004511897101572355e-05
-7.298300548146277449e-06
-2.536591613691341045e-06
-1.695219640131982530e-05
-3.954874448242701136e-04
-2.164084208173975288e-05
-8.613930816407460749e-06
1.873507195752747051e-06
1.954392285906618991e-05
-5.272131438248269485e-04
2.804226986286802089e-05
8.325571251577124592e-06
-2.170219951416862969e-02
-2.429136545602834945e-05
-9.726886052671110776e-06
-9.217135891058565473e-05
-5.476782084144980994e-05
5.854274036255184018e-05
6.029954984026341530e-02
5.462298481648007048e-03
1.937914069948524741e-05
1.012914907353312567e-05
-1.109681469227957328e-04
4.728965457890454895e-05
-5.433498518153488118e-05
-1.505372030388365742e-02
-1.464785609111833153e-03
-2.060286011435116511e-05
-2.061464845379011769e-05
2.231110697056956822e-04
-6.443207398993467175e-05
5.277473654033189857e-05
3.874878578777279578e-03
-2.853302050650216251e-05
-5.176388440201020250e-05
2.462785780106844773e-06
-1.691096005048381261e-06
2.378957391431090352e-03
-2.333957064881142236e-07
-4.096504787545574109e-06
8.153435210484966697e-05
-2.549060714063127630e-05
-3.325505648428473737e+00
4.609996722813249903e+00
1.492328157155457635e+00
3.789662639886474949e-02
-2.043284692991472973e+00
2.509237343927671837e+00
1.331905667982987040e+00
3.618110434990146285e+00
1.294449112683157327e-04
6.823767331821666178e-04
3.458718980276927180e-05
1.946434851248069300e-04
1.458192859853144497e-03
5.709378821104777195e-05
8.336253820528236242e-05
3.228626928680203116e-03
3.544058776197523894e-05
-4.556387877043819635e-05
-2.758536730983679637e-03
-1.892606255322760702e-05
-3.144825712943020963e-05
-4.429450661307061769e-03
-8.562388641105792030e-06
-4.829603655271133253e-06
2.811884831291162380e-03
-6.088362793035619474e-06
-2.881370381964947641e-05
6.453467346473147973e-03
-1.906319597750189327e-05
-5.701657586534421784e-05
3.865457804110220127e-04
-2.778342334239819467e-02
1.413711367564559848e-04
9.825368198786614625e-05
-3.327348502892807060e-05
1.207856981425800997e-04
-5.146657040496486167e-03
4.926117301474324005e-05
4.980298610840795806e-05
1.341174475625277834e-05
-1.802215142228231034e-05
-9.337521001166939477e-03
-5.761606248062311802e-06
-1.806308917881054217e-05
1.164167408712810567e-05
-3.490084409534920801e-05
-1.222813438535548872e-02
-1.151345213376600394e-05
-1.600220527398111555e-05
-3.727600212471427226e-06
7.723744849179154889e-06
3.883230777083181758e-03
7.120572909024633140e-07
3.901934334384998602e-06
-5.814377365281665269e-06
-2.400526086189055833e-05
1.889266638698911373e-03
-1.539651580512599058e-05
2.667621104671261317e-06
1.803904246048124854e-02
2.989145977483040654e-05
-3.639475233297147179e-05
1.029415677054722070e-05
1.302558176593606552e-06
-3.174668160509372053e-05
-5.031525070638607350e-02
-1.034628537098620897e-02
-1.201254353362039067e-05
3.107886093946841488e-05
-6.375529877566325603e-05
7.391107391112784633e-07
1.376820890302337679e-05
2.889657059159519981e-02
9.190892761559696367e-03
4.189495984356782259e-06
-3.666025611786274230e-05
1.189365177099722373e-04
-2.933814461330674483e-07
-5.765613193096891476e-06
-2.569573823727433134e-02
-2.044445958241967667e-05
1.866148134872978756e-06
5.380568796176798313e-06
-2.507867240521781524e-06
1.763246929729460300e-03
2.933167734324758135e-06
-5.803991387035695691e-06
-1.633151319063104635e-05
-4.285180466871037163e-06
-2.807486265007309356e+00
1.891718635988156816e+00
-3.524421929150866051e-01
1.605079848787164476e+00
1.362190847054375764e+00
9.458405722529065196e-01
4.257372817482022453e-01
1.670568736191278658e+00
1.177003089323291283e-04
2.589290366081661247e-04
-2.317257557157269027e-05
2.932967693689078484e-04
1.864468793245444359e-03
-4.837193571862619400e-05
3.273016010361410847e-06
-3.441946570422978365e-03
1.400485654157847263e-07
6.536972706479459756e-06
1.693647343604380356e-03
8.821164799193228784e-06
1.174281211195261564e-05
3.073159666194956625e-03
7.922862839169214706e-06
-1.374887956475472221e-05
-6.367034261425498151e-03
1.528839096696661248e-05
1.302795105413027466e-05
-2.740463244045583495e-04
-9.368158076725602301e-02
-9.637861616367333808e-06
1.079968304439879229e-04
-3.087184712376457146e-05
1.042423690325815341e-05
-2.108005089697173248e-02
1.571299383972355539e-05
1.857715826992716471e-05
1.080778328785576007e-05
-2.967191063080006270e-05
-4.355955616411724511e-03
-9.653824125865746405e-06
2.451999605249364524e-06
8.601509780350874977e-06
-2.293756004476134699e-05
-2.615206331748262669e-03
-1.095237809854248343e-05
5.063349940126936967e-06
9.540435180880533407e-06
-4.244465846202685587e-05
-3.712424982635713876e-04
-1.320780227355875807e-05
1.106702528050285074e-05
-9.744931469374919003e-06
5.028399895999327080e-05
-5.582394597893646556e-04
1.007729870514247933e-05
-8.635973583395436040e-06
-2.168556645714639006e-02
-8.190975896585472719e-05
-4.271912158590750229e-05
-8.231405698992601445e-05
6.316924252870648648e-05
7.837235422120499484e-05
6.034909691040986346e-02
5.441547219292946352e-03
7.455649092364705305e-05
4.007125014106851970e-05
-1.399764671973636847e-04
-4.929354312935588597e-05
-6.087700847606478013e-05
-1.511202773418313626e-02
-1.437663775370902081e-03
-7.328852946611756278e-05
-6.789107677653776851e-05
2.769952352503494064e-04
4.734120386073336793e-05
6.556711293263149882e-05
3.950264743783327669e-03
-4.660880495594691455e-05
-4.483911523287168843e-05
5.923609028545548990e-06
-3.196105469905617159e-06
2.389865880009178940e-03
-4.779104202874210326e-06
-8.173433521166344044e-06
1.002376379547126800e-04
1.922956398919826098e-05
-3.325508214855634748e+00
4.610017757970997998e+00
1.492329132280707960e+00
3.788315837711460354e-02
-2.043276515563852591e+00
2.509221223988397753e+00
1.331905507629081553e+00
3.618116729280209665e+00
7.166387143155507117e-05
6.386464639155436593e-04
1.941741708825000460e-04
1.105230499073711761e-04
1.386291378352846231e-03
2.657631653878697099e-04
5.317571370719776405e-05
3.178807111845563700e-03
5.854506997232607923e-05
-2.878835027997129787e-05
-2.735752769346660312e-03
-3.469473867784493532e-05
-1.747115138834832193e-05
-4.421334701596156026e-03
-4.660957635595472300e-05
-5.181224349172422625e-06
2.821665820946804570e-03
1.647705744172031709e-05
-2.187851848611055154e-05
6.485367654676357091e-03
1.280721444532309114e-05
-1.043027401900217750e-04
2.318499032172281239e-04
-2.798736339824860891e-02
4.128672420965686252e-04
-7.294385036934299875e-05
-4.754350729078605392e-05
7.513886967518936444e-05
-5.223166105702970255e-03
1.040012251555685560e-04
-1.948495998311060810e-05
1.602431057148249999e-05
-1.039392669037805597e-05
-9.331778273385831976e-03
-2.331793904943709744e-05
2.666275308990583006e-06
1.437160998051804785e-05
-2.029585143546944943e-05
-1.220846095890529628e-02
-4.342035247774878525e-05
3.034968656688251929e-06
-2.297597739772926654e-06
3.526069559835003607e-06
3.878726311137584322e-03
1.863932396418613093e-05
3.164024525815079511e-06
2.461170166103849444e-06
-1.786318343701088636e-05
1.908761848729397448e-03
6.918424009444327933e-06
1.546073103055017517e-05
1.806111921087434971e-02
2.006651091753630629e-05
-1.407331313627560229e-05
1.129758264307474799e-05
-1.123395230969007253e-04
-2.179796973360262385e-05
-5.024891592655829353e-02
-1.036978989998275230e-02
-9.966076249691428648e-06
1.305595936553448954e-05
-5.940292041389542087e-05
8.609246836005935571e-05
5.475251058351710138e-06
2.882845789393860200e-02
9.220664813657207526e-03
5.210175106517894381e-06
-1.510342916900204932e-05
1.098383132518689033e-04
-1.043954344526324990e-04
1.064630161301410295e-06
-2.561055982434779291e-02
-1.144540669003016460e-05
5.655894674235270474e-06
3.816410481227651762e-06
5.050572522530788151e-07
1.756749702375927109e-03
-2.122152393843388356e-05
-3.946145132053664651e-06
-6.213166029879721203e-06
6.791442427064224322e-06
-2.807486944921997907e+00
1.891708075547548829e+00
-3.524422828250048934e-01
1.605074779957581521e+00
1.362191721749389739e+00
9.458414442743217077e-01
4.257372094349291536e-01
1.670570145510099636e+00
4.030975183700268548e-05
2.176748823956218789e-04
-8.321663490699902942e-05
8.960340329110034650e-05
1.769312784782887428e-03
-2.139296088138803226e-04
2.012595193903475294e-07
-3.434445616715433008e-03
-2.881401426854184385e-06
-8.915295782344799324e-06
1.691749059974998262e-03
-1.086465179590012336e-05
-7.067910778588898434e-06
3.066408548329755800e-03
-1.431016738426427096e-05
-1.936505701298674067e-05
-6.359748815147742845e-03
7.479779114276917082e-07
7.656754689634122965e-05
-2.451680074418232616e-05
-9.357696541476118179e-02
2.317762272170387477e-04
-1.143636861114888067e-04
-8.243216397009863055e-06
-1.619985521925328993e-05
-2.107773144982179672e-02
-1.860156820488220026e-05
-3.268069532466532311e-05
8.396306366293047977e-06
6.949590359820197031e-06
-4.343081823169689902e-03
3.057955440430452150e-05
1.950082333289254494e-06
8.752337545380340844e-06
9.259590446041252731e-06
-2.604303536716631295e-03
2.584785842328414816e-05
-2.215107035367170550e-06
1.320980931379590640e-05
9.259658660564140046e-06
-3.513826506548721755e-04
4.333502574003689667e-05
-8.668446317631391140e-06
-1.161074093453985656e-05
-4.765233282050189192e-06
-5.813684944179392826e-04
-4.781180842694893955e-05
5.299254335683167936e-06
-2.166777839784555723e-02
-2.878886552439450863e-06
-7.589306437972716235e-05
-9.368106698559716325e-05
-4.880399844905666861e-06
-1.206989706920331030e-04
6.040098113290951615e-02
5.423071404965674504e-03
9.550031041665702983e-06
6.019419409626724333e-05
-1.454896855745751397e-04
-1.486013753701420425e-06
9.761265243492750845e-05
-1.516446950696553365e-02
-1.414715229321528980e-03
-5.667553813041895750e-06
-6.164518185897870572e-05
2.987177830201270833e-04
2.554887941375857396e-05
-1.026091328848060706e-04
4.014927739832075543e-03
4.787978203459157466e-06
-4.170607132580194412e-05
-1.544282450707517570e-06
4.624927153169724331e-06
2.398172176884231718e-03
5.581802066366276684e-06
1.167550788112291249e-05
1.099322731453248843e-04
4.042340863398580258e-05
-3.325507588402738079e+00
4.609998187379368950e+00
1.492330019439388922e+00
3.789468926786729308e-02
-2.043288012663052822e+00
2.509236037106779005e+00
1.331903991331408577e+00
3.618109689975745447e+00
-1.722400339160717376e-04
7.319250735297592363e-04
-8.519682945218159649e-05
-2.281992579235586789e-04
1.510298436501242682e-03
-1.271909851153910152e-04
-3.254766144479831204e-05
3.206670895021811012e-03
-5.235723768107770058e-05
2.089150391926456241e-05
-2.748077471183250214e-03
2.864085876307014629e-05
4.114133180026099078e-05
-4.444041696147635334e-03
2.063804890969521741e-05
-2.161215585509611113e-05
2.832063291775315829e-03
2.198707632362880309e-06
-2.791110801122223078e-05
6.495257910447778740e-03
1.661972548565733261e-05
-1.703095163038662496e-04
-3.133223124900409978e-04
-2.779062197725564592e-02
-2.441160443903449479e-04
1.439213766816096980e-05
-6.858107486595715603e-05
-6.823588672095660273e-05
-5.169688279585236447e-03
-7.525187604375706946e-05
-2.801442922871587621e-06
2.035111989340230329e-05
1.940109607131583941e-05
-9.341113052925299406e-03
1.156479499125418267e-05
4.093947342852375914e-06
1.873856309976033459e-05
3.553802230167778177e-05
-1.223445700651544857e-02
2.231115660397376026e-05
3.073789789820649803e-06
-6.603685526176307146e-07
-1.856279235620482800e-05
3.893831184057093293e-03
-5.312314414198830745e-06
-2.791754402577898050e-06
1.296399764612763519e-05
-1.908532463017209658e-05
1.920492487818089298e-03
1.379958348380347374e-05
-9.423903622008844192e-06
1.806697135815992644e-02
9.075463780526593692e-06
1.160301767828459698e-04
-6.215601786627926277e-05
2.596060212173612294e-05
2.151443062934278348e-05
-5.023286417063584780e-02
-1.037225696494706827e-02
-7.969411816425362973e-06
-8.760755862765256217e-05
-7.376781391862962441e-06
-2.179280118576275012e-05
-7.144063996648184523e-06
2.882166244331660354e-02
9.220052507963292371e-03
6.773593116752124442e-06
1.067294941331889299e-04
4.526001239883850396e-05
2.581720120503046094e-05
1.169248760932853921e-06
-2.561215802874307682e-02
-6.960814171590399932e-06
4.371584211762816911e-06
1.836223674925643323e-06
2.419541691968967763e-05
1.743035200729415495e-03
2.274181777775778882e-06
3.821691018605501931e-06
-8.830281872039159462e-06
1.339488026447018275e-05
-2.807492572967261069e+00
1.891705573291340148e+00
-3.524483486009868383e-01
1.605081388263877695e+00
1.362187501455069949e+00
9.458362365119881154e-01
4.257374651074485317e-01
1.670573606780618503e+00
4.428754544067297911e-05
1.471888180999495746e-04
4.184700730946336545e-05
9.423029577843377940e-05
1.615672737660138990e-03
9.572473480426507621e-05
-1.177055279649176328e-07
-3.422989468723079427e-03
4.505613892981481216e-07
-1.411644629055460335e-05
1.702728258294584863e-03
-5.908970747584491235e-06
-1.205605462971275887e-05
3.071719541208659150e-03
-3.788266947242229258e-06
-2.696974687371610409e-05
-6.329165771898796929e-03
-1.655285938515183732e-05
1.317435799663481150e-04
-3.111226767312994098e-07
-9.350661322100235762e-02
-4.731271885610170323e-05
-1.316839469803289574e-04
9.440426774531924191e-06
-2.542807227651189115e-05
-2.104630011770042969e-02
-1.104256160762732628e-05
-2.072835406588422548e-06
6.942451076156558798e-06
1.424649077348426926e-05
-4.349005899016992333e-03
2.087286472296922700e-06
-9.147140580750124208e-06
9.356394506067069002e-06
1.680740651396757889e-05
-2.613167877617913245e-03
4.539694317638188879e-06
-1.112948036308191056e-05
1.687243678017926905e-05
1.939068853574150972e-05
-3.557926454675338170e-04
2.486207823266719787e-06
-1.874470275015584675e-05
-1.375746156749622326e-05
-1.371945978288033459e-05
-5.860769763133517147e-04
1.728863656529984239e-06
1.555225244884354363e-05
-2.168839611149509308e-02
6.023641891675441860e-05
-1.072138574329832079e-04
-7.336957062627539293e-06
-6.140977287609071696e-05
-4.044776681458145780e-05
6.034085501425232728e-02
5.434049545141953971e-03
-4.199766776951210820e-05
8.403820954185642496e-05
-2.218350194255779061e-04
4.932711144077805727e-05
2.411155768269447142e-05
-1.513296353751138017e-02
-1.424026763582325952e-03
4.816159050817769025e-05
-8.243510334327787035e-05
3.889544295446050750e-04
-5.330785800524810443e-05
-3.051588161347529944e-05
3.988389787175763979e-03
-1.054877494813256223e-05
-3.354025529939014282e-05
-7.584992648082481339e-06
7.709911586168668790e-06
2.398099871025526336e-03
3.456142485220523855e-06
6.103840214911417917e-06
1.323974715546528014e-04
-9.403414074379796506e-06
-3.325507516409027531e+00
4.609979021278743261e+00
1.492331436328492744e+00
3.790567464598464109e-02
-2.043300464490406032e+00
2.509250490161587965e+00
1.331901996017260004e+00
3.618102432993089312e+00
-7.169149875491096272e-05
8.394886797585805836e-04
-7.584138904548734831e-05
-9.629254980878882092e-05
1.649378050121260396e-03
-9.486433128613337815e-05
-1.688318936866245172e-05
3.228311179756934365e-03
1.952168291006850152e-07
1.039836788662662313e-05
-2.757446179720136545e-03
1.754702899048091927e-06
1.715868260123682663e-05
-4.470951350266807664e-03
1.794470853382715292e-05
-7.791851047318726508e-06
2.848218000137933952e-03
-1.479801342391807245e-05
-8.767485494230506908e-06
6.517044616645016782e-03
-2.479748533874855026e-05
-1.083297015988745944e-05
-1.391908282123228611e-04
-2.759561599091411160e-02
-9.636340330142589123e-05
1.393547001588775253e-04
-2.120655648171372051e-06
-3.241535849771378812e-05
-5.122763969040699909e-03
-1.138949982251861494e-05
5.693049811793344183e-05
-2.343349629157947988e-07
8.276422368588675092e-06
-9.351472157599830318e-03
7.500719207636679868e-06
-1.697167278792466281e-05
-3.723794406515505909e-08
1.527201100522074066e-05
-1.226227747296679792e-02
1.325733726605883785e-05
-1.564703823393840955e-05
7.253008568409788830e-07
-7.374070250828517358e-06
3.911983595500372057e-03
-9.676622344304642575e-06
8.977208577953667495e-07
3.058518876266365067e-06
-5.744893615443353209e-06
1.941151658799826875e-03
-1.829412390339676706e-05
-9.636127307263886346e-06
1.808062551864479325e-02
-5.345131543824901292e-06
4.537482244091031367e-05
-1.562638708458271089e-04
6.329002132636524669e-05
-9.698001572784899194e-06
-5.019327584436632239e-02
-1.038209656928002801e-02
1.572122583151369894e-06
-3.447755776693174422e-05
6.076505076949028803e-05
-4.691093303229245553e-05
7.258369798705540077e-06
2.879348722547425340e-02
9.227831273988375965e-03
-2.056672318304763404e-08
4.197713028205362685e-05
-4.042130784140884284e-05
5.751433209193146064e-05
-5.618388869483583424e-06
-2.558994011438982946e-02
-6.820131203692939802e-06
4.188761132007783027e-06
-1.070664578552189265e-06
9.195459660550717190e-06
1.723443752230960531e-03
1.462572618884774458e-05
-2.032008728125526564e-06
-9.424621917447621478e-06
-1.010073554233661946e-05
-2.807492042961551970e+00
1.891713789526583422e+00
-3.524482772772868922e-01
1.605085330988232029e+00
1.362186821320318764e+00
9.458355586285637218e-01
4.257375212531868125e-01
1.670572510066137939e+00
1.546107840601233438e-05
1.792602075186766825e-04
1.326727430520383488e-04
3.947426988594798986e-05
1.689626687498222909e-03
3.168278862653679459e-04
5.069158018770531751e-07
-3.428827923903094398e-03
2.540392358120145565e-06
1.777876156913705519e-06
1.704206018676910706e-03
-6.182735321985171125e-06
2.435208419783353158e-06
3.076979483052571553e-03
8.894773653125969519e-09
-5.154055636590613338e-07
-6.334855006331186790e-03
-3.422556951497186264e-05
-5.421725494051014903e-05
-4.160528881617637733e-05
-9.358798592816419681e-02
-2.260446508092232235e-04
-1.073414302000371074e-04
1.600403028896724489e-06
3.018031309777450584e-06
-2.104811064056231334e-02
-1.240855860137267093e-05
2.190117637731704085e-05
-4.663694621394682408e-06
-5.308344301654795581e-06
-4.359018746291853062e-03
-1.267503631122069601e-05
-1.495052099863468389e-05
-5.172760509796983093e-06
-4.428976789161940679e-06
-2.621648245813131429e-03
-5.002702319403545155e-06
-1.477955082729527351e-05
-8.270407144145483966e-06
-7.535938412298089666e-06
-3.712410230681467498e-04
-1.893527785884691408e-05
-2.114590355579784462e-05
7.174081820888759663e-06
8.409359069547827850e-06
-5.680859027310440710e-04
3.009446985680145617e-05
1.888860923167849204e-05
-2.170200827747466310e-02
-9.338301961592843271e-06
-4.991403742051032461e-07
1.436893353689151602e-06
-1.236905190366624756e-04
3.226636890957297344e-05
6.030051067945872006e-02
5.448511988699339913e-03
3.612780471307700332e-06
1.356708392351026144e-06
-2.175294230434337769e-04
1.023902137271208136e-04
-3.855916215456674614e-05
-1.509222687147772704e-02
-1.442062998483807385e-03
-6.215811065823666342e-06
-5.654488788065651210e-06
3.720483570186541552e-04
-1.239527331251641276e-04
3.276023836299889262e-05
3.938160582287236235e-03
-2.260794280977757769e-05
-3.634027511235497662e-05
1.955402347713218778e-06
-9.198807041304642117e-07
2.391593203273042947e-03
3.770661809225395482e-06
-3.017012108355064735e-07
1.250007998513327930e-04
-4.224762174720355089e-05
-3.325507588064478881e+00
4.609998181003771123e+00
1.492330019315916134e+00
3.789469298485495519e-02
-2.043288015742203090e+00
2.509236041838416753e+00
1.331903991112197927e+00
3.618109687966319044e+00
1.591280365806667710e-04
7.319452607851396984e-04
-1.082919948718447746e-04
2.229548968007351881e-04
1.510327141411563776e-03
-1.369338985363172622e-04
6.092805762900071640e-05
3.206683079060810085e-03
-3.572452282081091133e-06
-3.493084947362691068e-05
-2.748082471578073248e-03
4.493302734392790988e-06
-3.828041301532336389e-05
-4.444046156003163620e-03
2.567191285430536898e-05
8.941110149884784472e-06
2.832063019258089162e-03
-1.972194980034621480e-05
-2.586005761842598659e-07
6.495254033649142285e-03
-3.206821413527853154e-05
9.509349746250226817e-05
3.680281209746998831e-04
-2.779056145201005273e-02
-1.492441587858792302e-04
1.430064572002359962e-04
3.090613729427323206e-05
9.927720140052384036e-05
-5.169668330256284652e-03
-2.145432409692197662e-05
6.182455568395941428e-05
-6.718530966921972512e-06
-1.971239949195220426e-05
-9.341115323258914957e-03
1.101992172402533875e-05
-1.958092702931683491e-05
-6.664082923702831792e-06
-3.708478317530803866e-05
-1.223446384826329392e-02
1.962112824374931681e-05
-1.781420731704154423e-05
-2.165556354126068922e-06
1.387951022348226602e-05
3.893833990194125669e-03
-1.341993858318546626e-05
2.051766432117584885e-06
-1.455977872672817902e-05
-2.408794701784296888e-06
1.920490807580119271e-03
-2.343053976778030825e-05
-6.603392791057876873e-06
1.806696990004860379e-02
1.409763114506242223e-05
-8.063671730252571803e-05
-6.216604986042161907e-05
8.715168240373161884e-05
-1.862703933878588045e-05
-5.023286911102283619e-02
-1.037225503454232249e-02
-2.204415522094079735e-06
6.274666737075269396e-05
-7.370458963002401651e-06
-6.478811164580871782e-05
1.047895134661545866e-05
2.882166866572876893e-02
9.220049439450699047e-03
-2.370089154830122587e-06
-7.579200833904437549e-05
4.525273516229309529e-05
7.933297423144801549e-05
-6.456330245607946720e-06
-2.561216698715632414e-02
-8.130190076209883431e-06
4.371075435906123130e-06
2.415839100877878687e-06
-1.406506442325749339e-05
1.743034345586688249e-03
1.981622898007310042e-05
-3.528273688160336150e-06
-8.831626443877473365e-06
-1.284629683081113133e-05
-2.807492574491150528e+00
1.891705574548955937e+00
-3.524483502783347655e-01
1.605081391201236940e+00
1.362187499895523235e+00
9.458362347171400675e-01
4.257374651942145150e-01
1.670573607659039173e+00
5.961375739753992206e-05
-1.471733914432488360e-04
1.729759874389452903e-05
1.337451316413651274e-04
-1.615640507241986696e-03
3.333636872230255561e-05
4.317003989570544759e-07
3.422986844167801457e-03
-3.384584536471576044e-07
-1.231786249896527150e-05
-1.702732416877486294e-03
-9.252620224382505497e-06
-9.748593765690758198e-06
-3.071722579377114681e-03
-8.493990641511288300e-06
-2.689534801682951580e-05
6.329157215699596391e-03
-1.518586821553666838e-05
1.852683928275255425e-04
4.113324783622708677e-05
-9.350660920457039282e-02
-2.335951992059569622e-05
-4.950380365619628208e-05
6.507273167873728152e-06
2.227523320515135616e-05
-2.104629036286759583e-02
1.649725305196209692e-05
-7.135300195786579432e-06
1.212411906896209541e-05
-8.927119213740907096e-06
-4.349010205770853857e-03
-1.129051541067510425e-05
-1.610510149454957011e-06
1.478736600442658782e-05
-1.233314133834446241e-05
-2.613172721629595900e-03
-1.228242897479940322e-05
-2.648671140082723427e-06
2.530375653332563130e-05
-1.184741112249960350e-05
-3.557975883089013595e-04
-1.554406977708381891e-05
-5.388311872261339748e-06
-2.134707069698500671e-05
5.364380885127726484e-06
-5.860742842584071906e-04
1.273947263083073750e-05
4.372614569083723365e-06
2.168840483537750122e-02
-6.514319818138594384e-05
-1.068877948525292631e-04
7.306720838775606318e-06
-6.212967031487458486e-05
3.193549318035241705e-05
6.034082973192709393e-02
-5.434055731426858452e-03
4.186338197281142871e-05
8.467541350118930137e-05
2.218586913249721653e-04
4.812035565861384729e-05
-2.430619547826142678e-05
-1.513294571144084381e-02
1.424033416774466614e-03
-5.048250485429992159e-05
-8.730286152325061931e-05
-3.889796730848515982e-04
-4.474672922495194288e-05
2.643994438060019521e-05
3.988370974986257290e-03
-1.328098634988038478e-05
-3.353893517130254135e-05
-9.220151773964276401e-06
-6.847059738165691832e-06
2.398098328057021635e-03
-4.948200478992470779e-06
3.549546926952746719e-06
-1.324013869583936403e-04
-4.507085025059824038e-06
-3.325507588369356338e+00
4.609998179969482024e+00
1.492330019634124927e+00
3.789469345581002180e-02
-2.043288017161453141e+00
2.509236042858526528e+00
1.331903990774543800e+00
3.618109687307857314e+00
-1.579977185042463869e-04
-7.319611885160489566e-04
-1.067864579157850198e-04
-2.210526139653734795e-04
-1.510346646353798259e-03
-1.343999051915476656e-04
-5.989871004604716773e-05
-3.206682934632265874e-03
-2.204440046861233686e-06
3.445536439396853937e-05
2.748082525054497925e-03
3.862721219353780552e-06
3.804319145722220901e-05
4.444050419315967101e-03
2.535691723321442258e-05
-9.005106787178708419e-06
-2.832066795706910788e-03
-1.980513155160670271e-05
-1.792538077792969529e-08
-6.495260631569608339e-03
-3.243130051301046710e-05
-9.404825172957482549e-05
3.680103001294413143e-04
-2.779054263501146149e-02
1.492913740269141947e-04
1.394663475534965171e-04
-3.051052795699488903e-05
9.926931312456253474e-05
-5.169666578419352190e-03
2.146829391736930276e-05
6.047831863666517521e-05
6.759010722461292168e-06
-1.971040719916203630e-05
-9.341116914930691975e-03
-1.102013550836297502e-05
-1.970224435855721151e-05
6.648587893157241700e-06
-3.708139808327991509e-05
-1.223446721972398787e-02
-1.962237837061034870e-05
-1.775168521771985843e-05
2.198353068737201150e-06
1.387954832448249052e-05
3.893836881408525939e-03
1.342037586260561180e-05
1.941708533848129762e-06
1.452587833182944386e-05
-2.404014439268933967e-06
1.920496103489005395e-03
2.342930394593557128e-05
-6.488524302410834767e-06
-1.806697429364895538e-02
1.409674601644950780e-05
8.086953247293021045e-05
6.218317992774864168e-05
8.746484961440026504e-05
1.861562644440843580e-05
-5.023285505029211062e-02
1.037225866368628874e-02
-2.203900572014963835e-06
-6.286932921336908743e-05
7.357773928387783928e-06
-6.495387849887133145e-05
-1.047334662787751343e-05
2.882165697447713892e-02
-9.220053047105519761e-03
-2.369317215453156485e-06
7.591734255320739641e-05
-4.523637369894660965e-05
7.950207075574571654e-05
6.449789855799796252e-06
-2.561215545260933993e-02
8.224895577406655608e-06
4.371288330068669589e-06
-2.425714300126720485e-06
-1.406715597827273185e-05
1.743030266886058622e-03
-1.981759890255545482e-05
-3.492969475669095649e-06
8.831028418244171843e-06
-1.277968335902566266e-05
-2.807492045124029723e+00
1.891713786843457257e+00
-3.524482795724484530e-01
1.605085332246719787e+00
1.362186820119994257e+00
9.458355570714378491e-01
4.257375213495833699e-01
1.670572511421648532e+00
-1.471776527232171175e-05
-1.792308180131562117e-04
1.336536732063075563e-04
-3.722242069859507105e-05
-1.689562057122706877e-03
3.198101083677780377e-04
-4.465427992762131717e-07
3.428822967719653315e-03
2.621250796243038342e-06
-1.863224112062275574e-06
-1.704209418437451070e-03
-6.298809551514925906e-06
-2.698816313618263842e-06
-3.076980192634018972e-03
-3.480950150437168752e-07
1.069345845929822205e-06
6.334843936976143099e-03
-3.347751776281864710e-05
5.580383967241394331e-05
-4.159084884806129906e-05
-9.358794635690796671e-02
2.260168854360916060e-04
-1.126199010177253012e-04
-1.601954923005621055e-06
3.016757977269797771e-06
-2.104810019755011877e-02
1.240876637592452057e-05
2.190088231650352344e-05
4.880352377743345357e-06
-5.304965183490133543e-06
-4.359018660124175902e-03
1.267442837701740575e-05
-1.566769443119220761e-05
5.312009752454279795e-06
-4.426957582169938315e-06
-2.621649450835790776e-03
5.001379770242578564e-06
-1.524157052529311450e-05
8.457928189135852678e-06
-7.533690200215464424e-06
-3.712394298931862490e-04
1.893090114256244300e-05
-2.176939882181207352e-05
-7.470341861007263721e-06
8.408460598091222537e-06
-5.680910771329142654e-04
-3.008700073216384645e-05
1.987092591309673462e-05
2.170200998504356535e-02
-9.338246707576525283e-06
4.367828844557155349e-07
-1.462957020185898065e-06
-1.237682606574903410e-04
-3.224290902567100096e-05
6.030050564612850217e-02
-5.448510682393056283e-03
3.609228814134741573e-06
-1.391088401981112196e-06
2.175550546301645142e-04
1.023377102374562018e-04
3.855274631075072684e-05
-1.509223064929688697e-02
1.442060072701482204e-03
-6.209292174416246160e-06
5.698663631225889352e-06
-3.720810033771462366e-04
-1.238821962022368752e-04
-3.276220720020647803e-05
3.938168935708953600e-03
2.273203122166727886e-05
-3.633710117169669973e-05
-1.997446793384284815e-06
-9.192040871293412177e-07
2.391594671016415534e-03
-3.770450786066474017e-06
-1.601187476746489193e-07
-1.250096736868978073e-04
-4.215663600231937342e-05
-3.325505160792358250e+00
4.609981491531950581e+00
1.492328847834245797e+00
3.790560057919913073e-02
-2.043293641001208805e+00
2.509248872219025372e+00
1.331904487782528346e+00
3.618104956497161240e+00
3.448221655464961887e-05
-7.549481473533711188e-04
-3.452969439696842074e-05
4.735391394053199097e-05
-1.554648020976329235e-03
-2.653478724740024471e-05
1.056168005881804357e-05
-3.250247691651666007e-03
4.231959016809208222e-05
-6.170226806252463951e-06
2.768104916249073972e-03
-2.056446225516989383e-05
-8.236698370762812535e-06
4.447121776277823332e-03
7.815539263558743361e-06
2.956952626543873200e-06
-2.819984353894048387e-03
-2.179352859463923710e-05
2.372038432768365590e-06
-6.461180851895571842e-03
-4.685014978412439433e-05
-4.916551061898856689e-05
-6.935499826055025894e-05
-2.763033804721694645e-02
-6.169214799980332208e-05
1.991661181925188115e-04
-2.381449550926426171e-05
-1.718148630101334407e-05
-5.105045667828603945e-03
-4.366512594519747742e-05
8.776195775724105808e-05
8.701837213730886572e-06
3.962369538105841633e-06
-9.344785767824189196e-03
-1.081507277426247490e-06
-2.900107868652159189e-05
7.650028273149288698e-06
7.366286160594721182e-06
-1.224836386389979367e-02
-4.057955225916521457e-07
-2.607327881965377584e-05
-1.501127012093884559e-06
-3.253985449510528507e-06
3.894986297294618632e-03
8.887047119592153248e-06
3.309218430926532658e-06
-1.132610711527200705e-07
-1.545288919644261503e-06
1.898401311195670660e-03
3.554005641523266259e-05
-7.742978411870433034e-06
-1.804350322185293426e-02
-1.302956886271522071e-05
-1.945375193306608975e-05
4.685557891233549333e-05
6.552995933470092771e-05
3.045132019958460376e-05
-5.030271181469732344e-02
1.034818822111539284e-02
5.988146242776737818e-06
1.491201601556652516e-05
2.327333203845107466e-05
-4.645833592327410275e-05
-1.629593494955837148e-05
2.889124595605959897e-02
-9.190467137090298222e-03
-2.789719996949489901e-06
-1.815539666153203190e-05
-6.868002387187596551e-05
5.755347138601296279e-05
9.448435001936437538e-06
-2.569696111725513002e-02
8.811686550448317147e-06
1.103037385409826780e-06
2.516598287585412424e-06
3.766953497482483385e-06
1.752599299026165024e-03
-1.772619126910179323e-05
-5.908563513106933411e-06
1.845342453115949837e-05
-2.240677867467541376e-05
-2.807486264885381999e+00
1.891718632050054305e+00
-3.524421924055267108e-01
1.605079846720336656e+00
1.362190847372900748e+00
9.458405725982594880e-01
4.257372817134380538e-01
1.670568736776152807e+00
4.001552528166814690e-05
-2.589122932569754834e-04
1.133655856222160542e-04
1.084978843840896578e-04
-1.864429931648744826e-03
2.777333410696650293e-04
1.858379329692151858e-06
3.441943681825138275e-03
2.752766117466131067e-06
1.076721090686993966e-05
-1.693646576351664351e-03
1.267681753129412592e-06
1.229500665193207220e-05
-3.073157120680772639e-03
6.259163991082845398e-06
7.291276891984667434e-06
6.367031008476486433e-03
-1.965531077301516834e-05
-8.167039753844158715e-05
1.453933793878593261e-04
-9.368153964533974809e-02
2.324954614118012255e-04
-6.653082444942938229e-05
-3.153230889287728230e-05
-1.882478976631447125e-05
-2.108004940128465829e-02
-1.172082419945429414e-06
1.744511450670175489e-05
4.010615124684936673e-06
2.320352068083552548e-05
-4.355950864523166523e-03
2.086851308785825604e-05
-1.075539363868872035e-05
3.855067562080858202e-07
2.095892110283424263e-05
-2.615202349071036464e-03
1.438787826080085297e-05
-1.008975323675979081e-05
-4.181536260950921048e-06
3.266635221021701449e-05
-3.712349787461431227e-04
3.015294180122282311e-05
-1.394279985637171453e-05
1.608320069268718850e-06
-3.387209383659109575e-05
-5.582484289867858853e-04
-3.850675982249226472e-05
1.298984087333667448e-05
2.168555783273561771e-02
1.088335794239476983e-04
3.325379019395665627e-05
8.231718586642320940e-05
-6.855934666445280524e-05
-3.173982853501657774e-05
6.034912161730690561e-02
-5.441537954003202587e-03
-9.001736983684344412e-05
-2.271992407697586542e-05
1.399795748871642497e-04
5.934856749681484850e-05
3.412350695052922229e-05
-1.511205358903132401e-02
1.437652164939737416e-03
9.345472974737493099e-05
7.135485528809470142e-06
-2.770048210064603731e-04
-8.246562310336961890e-05
-3.068270561016987752e-05
3.950296967291356230e-03
-6.518917043159192700e-06
-4.483719304920417688e-05
9.899032806599418325e-06
5.738733628338608424e-06
2.389868717813707633e-03
3.785238139511669050e-07
-1.009394959282649022e-06
-1.002429923035913809e-04
-5.004484576587456209e-05
-3.325505649059064872e+00
4.609996730978107138e+00
1.492328157238418163e+00
3.789662131223658220e-02
-2.043284689014599476e+00
2.509237337441393656e+00
1.331905668211862404e+00
3.618110437733908391e+00
9.657002079216077742e-05
-6.823498055579986250e-04
9.460966273472193420e-05
1.499482786103764772e-04
-1.458152878210436116e-03
1.396791778191332808e-04
7.408546630349278699e-05
-3.228609623269712223e-03
5.428375813965517587e-05
-3.996324455109778658e-05
2.758528161997033084e-03
-2.990950449537836241e-05
-2.353708486597188388e-05
4.429444807127181326e-03
-2.291257351921572403e-05
-7.790955651766022489e-06
-2.811885670230915985e-03
-1.125397066808444882e-06
-3.137083510001276165e-05
-6.453474337677149973e-03
-1.536949397269181302e-05
-1.100178623764014096e-04
-3.157401210468598822e-04
-2.778350885591663461e-02
-2.641135569289422644e-04
-5.854915154927690142e-07
-5.840841267671674015e-05
-1.030659225417552449e-04
-5.146686741661850133e-03
-7.998380455703561450e-05
3.597718908505154211e-06
2.247621922832047738e-05
1.400501520801560474e-05
-9.337518341082694587e-03
1.272873163721829403e-05
-2.613637976377284952e-06
1.961903204223503183e-05
2.742850443873481745e-05
-1.222812490219916254e-02
2.447195860070883807e-05
-2.067145265617109090e-06
-5.131998288359355303e-06
-4.480132750139045646e-06
3.883227141151788988e-03
-6.334391603557359541e-06
1.251263896901792880e-06
-5.335214513638570297e-06
2.533994884676185171e-05
1.889270069647778398e-03
1.309092864067006661e-05
3.729133238966784012e-06
-1.803904693542977833e-02
-4.243490448517089751e-05
-1.669283387385915232e-05
-1.030662847655326253e-05
-3.222302511953001119e-05
1.001313814294256257e-05
-5.031523616858437492e-02
1.034629049876590982e-02
1.792728218095757881e-05
1.598347090095038393e-05
6.376276047783270128e-05
2.657555610320911447e-05
-3.518709010254024489e-06
2.889655509839905365e-02
-9.190899630866425710e-03
-7.082470581222871588e-06
-1.838571006294142235e-05
-1.189446242252781348e-04
-3.163387573382586942e-05
7.442271376799163957e-07
-2.569571820547618402e-02
-1.382736836348006234e-05
1.867073671673428652e-06
7.682132761224782472e-06
-1.286878712218712992e-06
1.763247415263251424e-03
3.640155650232544587e-06
-1.749814172937487294e-06
1.632895684680474505e-05
-1.561576203910083302e-05
-2.807486945154251679e+00
1.891708079789596653e+00
-3.524422835058239611e-01
1.605074782419041668e+00
1.362191721354408358e+00
9.458414438051900852e-01
4.257372094807883589e-01
1.670570144931991852e+00
-3.957614208351642232e-05
-2.176916047590261687e-04
-8.224160869929607353e-05
-8.737684898618691947e-05
-1.769351987584103425e-03
-2.109609708745813314e-04
-1.411881621796541119e-07
3.434448424285699124e-03
-2.800701925961278025e-06
8.828403333873142058e-06
-1.691750297533088556e-03
-1.098004131097908882e-05
6.802380006886399628e-06
-3.066411549957461739e-03
-1.466677448517941047e-05
1.991858904738750820e-05
6.359751548113713564e-03
1.498193899095681801e-06
-7.496182535555319219e-05
-2.453139399720629277e-05
-9.357701015115009457e-02
-2.318114449901623468e-04
-1.196270349970378994e-04
8.246315750033348423e-06
-1.619841500674160128e-05
-2.107773185689974446e-02
1.860052451492017660e-05
-3.267900560583388860e-05
-8.179753382861815048e-06
6.948947040243398345e-06
-4.343087358392976570e-03
-3.058011660461200181e-05
1.233437624986385983e-06
-8.612521320421430616e-06
9.258129889281169867e-06
-2.604308314860899996e-03
-2.584877357305077065e-05
-2.676295049106108072e-06
-1.302057916910109300e-05
9.256204392174874443e-06
-3.513912693608283442e-04
-4.333937449246857000e-05
-9.290259875972908018e-06
1.131331080488831434e-05
-4.759974257611310729e-06
-5.813585895893334365e-04
4.781984228843563079e-05
6.280162061792927812e-06
2.166778696714400515e-02
-2.896509592343109532e-06
7.582830029799424144e-05
9.367486246374698376e-05
-4.950111287282962596e-06
1.207130642304460566e-04
6.040095739182780449e-02
-5.423080590988842327e-03
9.560532443553839522e-06
-6.022735496428865281e-05
1.454884122356095671e-04
-1.544897307891839185e-06
-9.761214174065137457e-05
-1.516444422393005247e-02
1.414726719321660444e-03
-5.675925264861204129e-06
6.169121380770098461e-05
-2.987097095501680538e-04
2.562645558258782753e-05
1.025995818700592812e-04
4.014895998959986875e-03
-4.659699462093804236e-06
-4.170824076184039713e-05
1.500361903800898918e-06
4.624795627587049399e-06
2.398168474043531860e-03
-5.581138331234563799e-06
1.181596695527425457e-05
-1.099262765980731039e-04
4.051626725359653485e-05
-3.325509715226582674e+00
4.610047687832114605e+00
1.492328324944529827e+00
3.786521685847717839e-02
-2.043260127669679349e+00
2.509198517067436018e+00
1.331907315083818544e+00
3.618127130251811874e+00
8.012248802093134071e-05
-5.122649363303876952e-04
-1.161890054736632657e-04
1.113591837793094676e-04
-1.214374653898131441e-03
-1.676472149180892280e-04
2.820301914139025252e-05
-3.130598722373098899e-03
-5.696189806901745284e-05
-1.627407663308092723e-05
2.714222878614124673e-03
3.186746219220518812e-05
-1.921790096675166017e-05
4.391291385245352404e-03
2.808109421535896180e-05
5.460962434095188497e-06
-2.811742374251818659e-03
-2.027668565711676110e-06
2.156032739255186516e-06
-6.482352075199634099e-03
1.083698667238267308e-05
3.610270960742395583e-05
-1.754800256659585556e-04
-2.828584033399917860e-02
3.027819137970160965e-04
-4.241446717268188116e-06
1.399588844628051775e-05
-4.594057333678413320e-05
-5.310398395358146423e-03
8.798422082543338183e-05
-1.096996414549547262e-05
-3.748800033048784458e-06
9.638154874044515706e-06
-9.318728078666925485e-03
-1.522253138395853591e-05
6.261788950632119367e-06
-3.561811848026829480e-06
1.804451770172231702e-05
-1.217107539088954464e-02
-2.900027384232330884e-05
5.188335653251088091e-06
-1.269833105403026822e-09
-7.214609594132792106e-06
3.858992552576175680e-03
8.825274455129400588e-06
-3.206166711388197267e-06
-3.207464983461084846e-06
-7.212960441267022883e-07
1.900003787434897387e-03
-1.010264436772415066e-05
-8.873599150848573419e-06
-1.806044904180067329e-02
4.780746711866884393e-07
-4.248214715757826863e-05
-1.014365623310203943e-04
4.835590101623898874e-05
-2.427187139144142079e-05
-5.024967116805481582e-02
1.037353005146053955e-02
-1.137019930435738693e-06
3.288149894312209415e-05
1.217606131958401871e-04
-3.861119608452230373e-05
8.531991952514127224e-06
2.881735490865970986e-02
-9.229834798666501985e-03
1.280266810253288194e-06
-3.980782863860526282e-05
-1.861383500982262060e-04
4.627474067038649824e-05
-1.879246370580625002e-06
-2.558428420166999548e-02
-3.080651830891126903e-06
7.871807669832975944e-06
-6.371087707387819815e-08
7.764333965414259886e-06
1.771501826113518066e-03
-6.790537474923299607e-06
4.346398628712415809e-06
-2.155763689313058788e-08
7.537319502729397479e-06
-2.807486174175595206e+00
1.891695891593494272e+00
-3.524406678478068655e-01
1.605066709342171993e+00
1.362193992446399715e+00
9.458439926639368167e-01
4.257370480787613931e-01
1.670570879986648549e+00
1.365696788859107849e-05
-1.873508278659214593e-04
-2.256618002956339752e-05
2.766985487746137428e-05
-1.696806713888380407e-03
-6.386928436515626755e-05
-1.565962677559563356e-07
3.428582616536551310e-03
-1.286306077825906667e-06
-6.227816561032992089e-06
-1.686297852759407806e-03
-9.288962727093949000e-06
-5.758506145800025753e-06
-3.056646440959388464e-03
-1.031243366424541072e-05
-1.011682986782214488e-05
6.359587989301059355e-03
-7.657165447444440573e-06
1.004142446387347031e-04
-1.245763917692225601e-05
-9.346917491571381242e-02
-1.027655318083833509e-04
-6.303671246448883819e-05
1.128169051705028679e-05
1.104709957292711081e-05
-2.108387151235192880e-02
1.618472326413148061e-05
-1.493746093262667465e-05
4.158606494932329516e-06
-7.273085583965537712e-06
-4.325666473289037015e-03
-1.800872860882141662e-05
-1.427811128128685309e-07
6.141284837023319580e-06
-8.020087084250622473e-06
-2.588469239256623120e-03
-1.669934427181066867e-05
-1.965934455935105146e-06
1.176814270641108007e-05
-9.984286713958313422e-06
-3.258768972740652779e-04
-2.526340070273271190e-05
-5.438959240080715771e-06
-9.583835453066244969e-06
8.004230752552084338e-06
-6.082855120056384832e-04
2.549517406363383296e-05
3.978303487536166070e-06
2.164061522454091557e-02
-5.648940306036668609e-05
-4.261718057299900616e-05
1.320378020743505094e-04
-3.553737274174683969e-05
5.698508948240211690e-05
6.048151323123995837e-02
-5.397207628697211698e-03
4.179093283749278214e-05
3.315570193222601111e-05
1.303267296491263279e-04
2.562531210147807711e-05
-4.560089162125896583e-05
-1.523739797424101053e-02
1.383687059597974106e-03
-4.624445843390546072e-05
-3.124879542736395244e-05
-2.993170581461000301e-04
-1.449463475788930061e-05
4.825282423888843669e-05
4.101315806106355620e-03
-5.751896759214908919e-06
-3.950133625548105353e-05
-6.600078758015501495e-06
-3.288446089869599112e-06
2.408219866681587679e-03
-4.663410623047404408e-06
5.694167610768305972e-06
-1.151663954160815119e-04
1.442387713035767060e-05
-3.325509715459590065e+00
4.610047688219720996e+00
1.492328324900441316e+00
3.786521636122020668e-02
-2.043260127585348584e+00
2.509198516549435709e+00
1.331907315039230877e+00
3.618127130456417540e+00
-1.395560838509589353e-04
-5.122632784518139047e-04
-9.818823164571431801e-06
-1.989677728241180221e-04
-1.214371293406531823e-03
-1.012422363648818846e-05
-6.240434312244983990e-05
-3.130596183185263646e-03
5.416053622697583531e-06
3.526057008559483800e-05
2.714221332609866900e-03
-2.465569623354707518e-06
3.369158343104678078e-05
4.391291184907386569e-03
2.294712188265715911e-06
-4.550669011787377936e-06
-2.811743034658354973e-03
-3.801346955838685968e-06
8.030441941609019874e-06
-6.482354193991088018e-03
-7.650877166232379525e-06
-1.333691427411203456e-05
3.499461317120153856e-04
-2.828585065010718463e-02
6.869638160425425248e-07
2.987251519721863851e-05
2.897075295704515026e-06
9.916087901619131647e-05
-5.310402497008046355e-03
-4.177291445615430422e-06
1.626954255877317363e-05
-3.507939192597900849e-06
-1.800057281309832234e-05
-9.318727974916798940e-03
-7.393257913226141190e-07
-6.501440943581602568e-06
-2.727724387089613758e-06
-3.413458072821930580e-05
-1.217107443947785389e-02
-1.134575202926073772e-06
-5.618827441210499768e-06
2.810311239737589320e-06
1.125052911407386853e-05
3.858992502149770874e-03
1.838681854999931394e-06
1.491918457253571379e-06
9.255681267721725517e-06
-8.383768339635693694e-06
1.900005313767357332e-03
5.676130772851234218e-06
1.771575443053961159e-06
-1.806045019948162439e-02
2.078210219428643833e-05
6.335288114771560970e-05
-1.014360420267346272e-04
1.294295502792437046e-05
1.253859983028222473e-05
-5.024966746114131050e-02
1.037353109473734478e-02
-6.820419164488807059e-06
-5.000291101393974187e-05
1.217597484967238410e-04
-9.349498025655389994e-06
-5.245769621089778342e-06
2.881735181087153458e-02
-9.229835961678322515e-03
9.880531573819027248e-07
6.010579304553993079e-05
-1.861371335189889527e-04
1.152234259453631831e-05
2.042696737195476003e-06
-2.558428093951500490e-02
8.163838324973379115e-06
7.871896028367701619e-06
-3.742454105480496823e-06
-9.765256617680349554e-06
1.771501158148380654e-03
-3.333551201010913230e-06
-2.193149148209843308e-06
-2.181766550799632997e-08
-1.035153185001158491e-06
-2.807486945786924259e+00
1.891708079132109255e+00
-3.524422840432591686e-01
1.605074783294247132e+00
1.362191720631796388e+00
9.458414429335502138e-01
4.257372094834463438e-01
1.670570145597914724e+00
-5.067933555035877336e-05
-2.176768971728620244e-04
7.639590043250423673e-05
-1.367282441400124830e-04
-1.769319066521169966e-03
1.841804367516712755e-04
-2.294376277227748766e-06
3.434446143195261057e-03
1.603677152094785862e-06
-1.400994562788028484e-05
-1.691751761581846217e-03
-2.274165178176370331e-06
-1.636732243327864540e-05
-3.066411927601213512e-03
1.083737489353227812e-06
-8.112609528561095685e-06
6.359745871839326409e-03
-1.725791911897962968e-05
1.426974980843526315e-04
-1.884583639383069715e-04
-9.357699056748905453e-02
1.371470920478336632e-04
-1.040527668592321610e-05
2.417395394498658240e-05
2.420918726052889602e-05
-2.107772660500815617e-02
4.732756778702050071e-06
2.348102454291558971e-05
3.241369328682875968e-06
-2.995438277222191634e-05
-4.343087386629131304e-03
9.271026268720156561e-06
-8.419388893283178852e-06
6.766457823313909914e-06
-2.701361551142081704e-05
-2.604308920942246565e-03
4.903706892694689165e-06
-6.584420392085212653e-06
1.474841885517359644e-05
-4.215892027681568166e-05
-3.513904424512009298e-04
1.364878370990568296e-05
-7.257581451190433684e-06
-1.139622214362365660e-05
4.379113249269433452e-05
-5.813611073629693917e-04
-1.978165314315435378e-05
7.642341194435347629e-06
2.166778733738484661e-02
-1.030937502600928052e-04
-4.228027872012873862e-05
9.366150479094643901e-05
-6.329840635792822567e-05
-6.283723825692068439e-05
6.040095586941440081e-02
-5.423079221417630678e-03
7.974932956050048325e-05
2.875494098904952782e-05
1.455015350954010414e-04
5.289988092513886171e-05
5.707730514296982738e-05
-1.516444777432320902e-02
1.414724328681091041e-03
-8.600938269131851762e-05
-8.623232706823952709e-06
-2.987263074593230015e-04
-6.619249081424351537e-05
-5.621418920063890785e-05
4.014902576076130256e-03
3.753866760813289149e-05
-4.170620878168240970e-05
-1.102598927461517867e-05
-7.146011326230266398e-06
2.398169359794862648e-03
-1.215654141134943833e-06
-4.466306318219644285e-06
-1.099321242506322478e-04
-1.613917952018856629e-05
-3.325505648775953560e+00
4.609996726974256553e+00
1.492328157281523460e+00
3.789662381653616935e-02
-2.043284691092704719e+00
2.509237340632923363e+00
1.331905668043505075e+00
3.618110436350988390e+00
-1.283326324536767141e-04
-6.823653900976600021e-04
3.608751314094850356e-05
-1.927675711478586283e-04
-1.458175313988392934e-03
5.962511397114109049e-05
-8.234333803000583600e-05
-3.228617943648351765e-03
3.681867541163678096e-05
4.509406324437066334e-05
2.758532279648927450e-03
-1.956170111584225416e-05
3.121577959816272359e-05
4.429448310105521883e-03
-8.876495935587424787e-06
4.765378651640805726e-06
-2.811885822106054318e-03
-6.175944783694029103e-06
2.853904735905073495e-05
-6.453471924797244547e-03
-1.943596224068240040e-05
5.805066021400776010e-05
3.865791219638514665e-04
-2.778346481992456304e-02
-1.413438413636033725e-04
9.476509887087697175e-05
3.366533559931492289e-05
1.207927321971174491e-04
-5.146671558962220491e-03
-4.925823736146783062e-05
4.847924222804416284e-05
-1.337020492284458182e-05
-1.802270058064193856e-05
-9.337519803872276758e-03
5.761535411772593618e-06
-1.819179875392554959e-05
-1.165619271141975715e-05
-3.490232397411129029e-05
-1.222812984599361621e-02
1.151281718151681004e-05
-1.594640049562359255e-05
3.760546273637771625e-06
7.725215342685670759e-06
3.883229182740283170e-03
-7.100044003449425786e-07
3.792767370712699805e-06
5.781805635662299791e-06
-2.400237595263189161e-05
1.889269082415793652e-03
1.540284221297623889e-05
2.780512418391190141e-06
-1.803904605018913018e-02
2.989140211584695667e-05
3.663551617689814416e-05
-1.029832695873184652e-05
1.628015936624612806e-06
3.174290611543268819e-05
-5.031524076903269582e-02
1.034628874855554777e-02
-1.201193383000200094e-05
-3.120783796932909983e-05
6.375729806855590055e-05
5.647151555957859197e-07
-1.376670549241414222e-05
2.889656106312802133e-02
-9.190896760461883183e-03
4.189826784797441562e-06
3.679305936196571286e-05
-1.189383318438248175e-04
-1.135190948248185246e-07
5.761476568608047197e-06
-2.569572696316194810e-02
2.054240470999731360e-05
1.866534428757317117e-06
-5.390532565902559096e-06
-2.510972643299913770e-06
1.763246539055888466e-03
-2.938019093346357052e-06
-5.770164787291629733e-06
1.633034080597230812e-05
-4.223347300000026181e-06
-2.807483788793072588e+00
1.891732911029396780e+00
-3.524403501895838065e-01
1.605084475765612639e+00
1.362190927680677177e+00
9.458409376832186410e-01
4.257373012015802649e-01
1.670565938504665615e+00
-4.064758566418599057e-05
-3.319619059782632511e-04
8.583239234488473121e-05
-1.018458088514863163e-04
-2.030338805250169951e-03
2.097749812528484806e-04
-1.164906789113360344e-06
3.454883649340204609e-03
2.031509083028298491e-06
-3.333053192522675593e-06
-1.692949036879260946e-03
4.016283113266545947e-07
-5.322895530567605231e-06
-3.080317719057934240e-03
4.168564377219711077e-06
4.091833809517868824e-06
6.385157719730756576e-03
-1.555659403826968346e-05
2.976761236364937303e-05
-1.021651812733678663e-04
-9.383586675008070976e-02
1.724574162295878165e-04
-2.446687002937952997e-05
6.240915342182532847e-06
5.354887210245815049e-06
-2.109201858289185341e-02
9.321731744111553392e-08
2.321874061945910223e-05
3.979699131974593262e-07
-1.188414212192127038e-05
-4.370785627070242381e-03
1.494656674609335620e-05
-9.400290505882949885e-06
1.117028874890118108e-06
-9.525793725065217647e-06
-2.626679923294546973e-03
1.004688916398870945e-05
-7.764065642709579412e-06
2.726959729605740608e-06
-1.695061114817286943e-05
-3.954845100979678630e-04
2.164446479798361121e-05
-9.242016006856109355e-06
-2.172354415914211205e-06
1.954348472632806520e-05
-5.272178929722397354e-04
-2.804606746220510204e-05
9.312202331421402760e-06
2.170219765410396490e-02
-2.428917428181417705e-05
9.660527106326986005e-06
9.216074132375367059e-05
-5.487843121866167501e-05
-5.854356239323376749e-05
6.029955515363707302e-02
-5.462294998510927937e-03
1.937224421057031476e-05
-1.016040112773795513e-05
1.109800490057131681e-04
4.726481984747291700e-05
5.435148617645542619e-05
-1.505372985556810948e-02
1.464780643475308572e-03
-2.059379017795021292e-05
2.065576524940591780e-05
-2.231278745899240219e-04
-6.439662934102642047e-05
-5.279869177612135661e-05
3.874892094610430607e-03
2.866392041030378608e-05
-5.176185725373489143e-05
-2.504949919660865129e-06
-1.690652494935088384e-06
2.378958982477788822e-03
2.331378611858690502e-07
-3.956526037819898720e-06
-8.154007524983036923e-05
-2.541657293674409385e-05
-3.325503067820496206e+00
4.609971440508815022e+00
1.492327495783023483e+00
3.791252817205100628e-02
-2.043295631940774904e+00
2.509256668891226116e+00
1.331905385295981459e+00
3.618102531300280145e+00
1.005845255857584347e-06
-7.499786760516672247e-04
4.420130613109548063e-07
1.691625458058099104e-06
-1.560938714664217124e-03
7.435043168281015953e-07
9.128584155945614405e-07
-3.283195815755510054e-03
4.028900406814963614e-07
-4.216064056456255691e-07
2.783379626457966986e-03
-1.866112766947589470e-07
-2.108710695299782398e-07
4.443544929773431650e-03
-9.320584451029342166e-08
-5.620637627885359717e-08
-2.805694956675176648e-03
-2.547721199285985158e-08
-2.444014798835699348e-07
-6.426411863440216823e-03
-1.093887844482282611e-07
1.531529603809038430e-06
-1.166681758949272100e-08
-2.753601821657275864e-02
-3.171353599248760485e-08
-1.433118590035754086e-06
5.801107776182695553e-07
-5.149803548248293715e-09
-5.059759193868749658e-03
-1.146493362905752723e-08
-5.427648867533806568e-07
5.761632393435071335e-08
1.687189978734807148e-09
-9.345556599734771916e-03
1.817560830538456998e-09
-5.437198823588609099e-08
-2.370752724373055192e-08
2.781004130831271233e-09
-1.225398281627172216e-02
3.372137951953478904e-09
2.195938274071833576e-08
4.772091395797542648e-08
-1.495199798585469252e-10
3.891778908230013150e-03
-1.899314329535637642e-10
-4.481253678413866310e-08
-5.025668243724979849e-08
3.123694739032151964e-09
1.874379794272216810e-03
4.288513982478868036e-09
4.675266658954187421e-08
-1.801992569382959708e-02
-7.687951935725562038e-10
2.055519283785043918e-07
1.152403078613027090e-05
8.936005902147746310e-08
6.340120144537129112e-10
-5.037280323462303699e-02
1.032495580260251074e-02
2.868223444409872589e-10
-1.080432050507328126e-07
5.302031460077604396e-05
-4.671227031046005632e-08
-3.213818432313846901e-10
2.895842731926636521e-02
-9.162886160387176057e-03
1.525211834180989404e-09
1.100502578134602292e-07
-1.090242138812150307e-04
4.771682389292694220e-08
-1.313379329959098381e-09
-2.577599317863934689e-02
6.775045184026343613e-08
-1.820122931903533234e-06
-1.443615517928009267e-08
-1.325484617027592397e-09
1.765304567914085425e-03
-1.120403559933853588e-09
1.353957245225271325e-08
2.659395951141262280e-05
1.297989755171607124e-09
-2.807483788487166620e+00
1.891732910173941073e+00
-3.524403497710681399e-01
1.605084474802861205e+00
1.362190928028219838e+00
9.458409380605792283e-01
4.257373011985582933e-01
1.670565938467311939e+00
9.539210696926162512e-05
-3.319615003773154034e-04
-6.693215569964709299e-06
2.348267274798680033e-04
-2.030337439077883974e-03
-1.360432128056159008e-05
2.402150336814533882e-06
3.454883601223656536e-03
7.503329414019684557e-08
1.930548115373115185e-06
-1.692948307383321596e-03
2.571142103865639917e-06
6.009211340573817439e-06
-3.080316801453171233e-03
2.171656298972954529e-06
-1.496126240855868284e-05
6.385158539634618394e-03
4.977636969494340451e-06
7.881677513204096317e-06
2.004431284855702109e-04
-9.383585999855667548e-02
2.309638185922970941e-06
3.273831639584713448e-05
-2.323449420326330220e-05
-2.600736282971436298e-06
-2.109202018991928468e-02
-4.686329251730957927e-06
-6.191714557570738973e-06
8.159160834591836075e-06
1.889057605236800784e-05
-4.370784198771071605e-03
2.827143332798689031e-06
4.323594072177282388e-06
6.304742067564529872e-06
1.346723466273042801e-05
-2.626678423904927999e-03
3.231622976709778059e-06
4.384536179354882415e-06
6.827486461558554040e-06
2.722352966373944286e-05
-3.954824165316921732e-04
3.866058486992617262e-06
6.356454832569751303e-06
-7.274680427713388337e-06
-3.406175316274670598e-05
-5.272197995643845315e-04
-2.910364202155068087e-06
-5.551945479261969145e-06
2.170219619513599763e-02
6.285976684462889609e-05
-5.240544066032940375e-05
9.216622894669664143e-05
1.897764543819300585e-05
8.222252752729465364e-06
6.029955963136678782e-02
-5.462293850806508588e-03
-5.677197825636519856e-05
4.596775379436453550e-05
1.109767905246120145e-04
-1.486975885258524952e-05
-1.037185609278621951e-05
-1.505373318251958768e-02
1.464779390393925991e-03
5.604135783059816775e-05
-6.604176826501342856e-05
-2.231254915833854777e-04
1.435548805239728587e-05
8.529178989284608495e-06
3.874895731738866710e-03
-3.621110649404693461e-05
-5.176198712610105546e-05
4.638141331604939718e-06
1.048720416840881963e-06
2.378959965179448886e-03
1.348689336368905469e-06
-5.254073010462219470e-08
-8.153969421600388938e-05
-1.204300490316085943e-05
-3.325505160214281997e+00
4.609981489857046810e+00
1.492328847878363396e+00
3.790560201262428708e-02
-2.043293641376574321e+00
2.509248873530234736e+00
1.331904487879929322e+00
3.618104955996897854e+00
-4.599555562366589430e-05
-7.549510363817114617e-04
-1.104541473445605231e-05
-4.472943029534322555e-05
-1.554653703368491513e-03
-2.513953961970388551e-05
3.240214005202614810e-05
-3.250253108689909760e-03
-2.891179449821087822e-05
-1.520213385406353243e-05
2.768107537272507419e-03
1.498042231438898042e-05
1.064509198887719420e-05
4.447122136649427418e-03
2.898854838644658321e-06
-2.041398394415354326e-05
-2.819982949233264865e-03
8.252452501093588395e-06
-4.203323799744761185e-05
-6.461176791327671691e-03
2.100068772013605962e-05
-1.468350783015271810e-04
-1.880269579164451591e-05
-2.763031773759409143e-02
9.082523537009023790e-05
-1.456711476053856728e-04
-6.369390518155560723e-05
-2.924035804236300493e-05
-5.105038069503704118e-03
3.668669637269391878e-05
-6.583551543691496053e-05
2.080345523755019883e-05
-2.913648365694929063e-06
-9.344786277175597469e-03
-2.884650656796851999e-06
2.190951347019806848e-05
1.873794903902526392e-05
-4.027238942694076772e-06
-1.224836555640471634e-02
-6.165571116513940349e-06
1.971922348867712459e-05
-2.082818733804385972e-06
9.321462568655475793e-06
3.894986444661975664e-03
-1.628263000341621702e-06
-3.063476236898029583e-06
6.725734440522053755e-06
3.155423586070515605e-05
1.898398630845410124e-03
-1.642672240950720255e-05
3.889062795847831268e-06
-1.804349927753652605e-02
-1.985937716285367699e-05
6.669802417422630489e-05
4.685395901327457516e-05
-1.562097810244271744e-05
-2.651122482461163636e-05
-5.030272359513398434e-02
1.034818428879970276e-02
1.111918210855648888e-05
-4.780349724079507759e-05
2.327524881228361202e-05
1.016282507594318721e-05
1.333517659209176631e-05
2.889125672884662946e-02
-9.190462739914119494e-03
-6.786394503004508768e-06
5.903448478868761183e-05
-6.868270644817865982e-05
-1.290081778611173227e-05
-7.144890313421956127e-06
-2.569697317092002262e-02
-2.371214813739693739e-05
1.102585541168754162e-06
3.849068964206972278e-06
-1.723433568253666986e-05
1.752600513168399259e-03
5.601370327044372560e-06
5.167165222244646513e-06
1.845449371215623368e-05
3.635561678469067024e-06
-2.807492044364968464e+00
1.891713786697617472e+00
-3.524482787449617627e-01
1.605085331018679229e+00
1.362186820818595656e+00
9.458355579572657046e-01
4.257375212882937854e-01
1.670572510931462640e+00
1.238451420804749666e-04
-1.792404128161826575e-04
-5.308798182391357459e-05
2.978168222451847095e-04
-1.689583003956384409e-03
-1.246540411856147089e-04
2.553736530919630403e-06
3.428824497714823370e-03
-8.426368935296753105e-07
-4.607694074280150479e-06
-1.704207705217534227e-03
4.650947658421400262e-06
7.850130591296094267e-07
-3.076979028023448665e-03
2.158813761051439706e-06
-2.897055966337379985e-05
6.334848584198475747e-03
1.656381444667649622e-05
7.119829574467815539e-05
2.165429125310796047e-04
-9.358795302548397754e-02
-7.696860208352569439e-05
9.939051850568239555e-05
-1.817221963330188658e-05
9.234723785938992835e-06
-2.104810545533027447e-02
-8.823745566658615781e-06
-1.232943222575276450e-05
1.134535118894062353e-05
1.363304547674047955e-05
-4.359017432356375281e-03
-1.735434796960787728e-06
1.134283378733082726e-05
1.068238249513952678e-05
6.547903238953239565e-06
-2.621647580447247512e-03
1.339334108686499546e-06
1.175978334580124709e-05
1.480991275593506007e-05
2.016479353821906781e-05
-3.712377562846140458e-04
-2.933963225749789430e-06
1.758843514718568798e-05
-1.376893545244167502e-05
-3.026175077545058462e-05
-5.680912326301282202e-04
7.757301457826892122e-06
-1.542436507541965625e-05
2.170200837272760405e-02
3.261107983128452387e-05
-1.074581906286587325e-04
-1.448802512828140099e-06
6.144252581166912016e-05
8.025769390117858300e-06
6.030051034002027743e-02
-5.448510212799116161e-03
-3.521083777929198157e-05
8.928109074515675142e-05
2.175429593113653831e-04
-5.002664624283252029e-05
-1.613140606371609765e-05
-1.509223193203602063e-02
1.442060049365306764e-03
3.149991887368351314e-05
-1.100829532862483820e-04
-3.720674074311307853e-04
5.708114034703683286e-05
1.097469558816450801e-05
3.938169055312697175e-03
-4.774876681264909450e-05
-3.633814857983406782e-05
1.097164980173992292e-06
-2.804408978421464062e-06
2.391594751221534556e-03
2.683675753803325048e-06
-1.511346307515182156e-06
-1.250067270275222664e-04
1.472607616541762892e-06
-3.325507516343877423e+00
4.609979017859244799e+00
1.492331436570838221e+00
3.790567662829996687e-02
-2.043300466626462253e+00
2.509250492665064058e+00
1.331901995672427619e+00
3.618102431731819113e+00
-9.962197227707387506e-05
-8.395071964896579563e-04
-2.435166894594011555e-05
-1.271066932833453498e-04
-1.649402120616089498e-03
-3.628050914383009482e-05
-6.561319260601296998e-06
-3.228315029451874797e-03
-1.490298706569911332e-05
5.928107925157729280e-06
2.757447975341804393e-03
8.211496200166353720e-06
2.372010786419065595e-05
4.470956025876016496e-03
5.925484004147540703e-06
-1.681287256288336451e-05
-2.848220724136637638e-03
6.644984429266257886e-07
-2.631040749005991781e-05
-6.517048179109632619e-03
4.857515230263073244e-06
-1.224994552919629923e-04
1.530028096104442880e-04
-2.759558227527544177e-02
7.228435896922556152e-05
-6.114022733261178816e-05
-4.899641523425660931e-05
2.605931527364867511e-05
-5.122755431147693606e-03
2.235677801041097238e-05
-2.694913800331077717e-05
1.470559131825966253e-05
-1.062894215055489447e-05
-9.351473860074318092e-03
-3.413463042751551573e-06
8.659298745957059394e-06
1.346967055107440123e-05
-1.910858378527180974e-05
-1.226228242949338985e-02
-6.590063075908712836e-06
7.870109464166280048e-06
-3.035941641099040581e-07
1.206437646810711561e-05
3.911986766051815841e-03
1.545152007708691837e-06
-1.102638509506402112e-06
9.755290666387062961e-06
1.871640804500553825e-05
1.941155169787078024e-03
-4.171079288119590050e-06
2.198310162844911131e-06
-1.808062809167234469e-02
-5.720317478435894354e-06
7.786632746004251032e-05
1.562801154538740692e-04
7.590916690833425162e-06
-9.477149632852269212e-06
-5.019326778391974136e-02
1.038209855318773453e-02
5.496122672290876899e-06
-5.805474873546703562e-05
-6.077660137168992881e-05
-6.367550126502723748e-06
4.990779807275015346e-06
2.879348100115903392e-02
-9.227833093495419262e-03
-4.849113264772043132e-06
7.098841833375700420e-05
4.043584784416430272e-05
7.557764911727845420e-06
-2.828343708585468575e-06
-2.558993455767452976e-02
-1.205041024416442959e-05
4.188744458671141828e-06
1.189612879373266493e-06
-1.726261053518366671e-05
1.723440384370656742e-03
-6.478268495099846173e-07
1.950985155899087439e-06
9.424513057752932215e-06
-9.076595024373926297e-07
-2.807497654333860115e+00
1.891706233103814139e+00
-3.524540084697294628e-01
1.605089023835484241e+00
1.362183298537243736e+00
9.458311090581508207e-01
4.257377248037755302e-01
1.670576448308933371e+00
6.470376287676181298e-07
-9.283720381560866966e-05
2.709749040827147777e-07
1.968561832197210573e-06
-1.498653732316494736e-03
8.314514862781697370e-07
5.346352870392707154e-08
3.414419839953679661e-03
2.294325013172852842e-08
-7.549206851285390591e-08
-1.713554319904850819e-03
-3.116212295421910092e-08
-2.345578692709697603e-07
-3.078621291145153694e-03
-1.004115204900277823e-07
4.954974479061305552e-07
6.302624468882369289e-03
2.180420762786640978e-07
2.301319490837145604e-06
-1.192428064751223022e-08
-9.347024250964243441e-02
-1.405505754429443911e-08
-2.164418279815410142e-06
-1.167360177988160229e-09
-1.962059537130501939e-09
-2.101754985502736484e-02
-3.497382781750580270e-09
1.325391987161944646e-09
3.143774757373512192e-07
1.318758424226976162e-09
-4.358201842101114450e-03
1.305634507850110644e-09
-2.952920240427526935e-07
2.017489500886884982e-07
8.855953270278300467e-10
-2.624577484373873809e-03
1.637397689546738524e-09
-1.897428805867643082e-07
2.716019774690462895e-07
-4.892703527068695742e-10
-3.655682569036882443e-04
7.213429338177068811e-10
-2.555863597071434990e-07
-4.299671716177731962e-07
2.774195610961971639e-09
-5.839430796198385705e-04
1.184405785271300960e-09
4.039361304433277734e-07
2.171261158823875256e-02
-1.319634077976402616e-09
-4.425991915062130245e-08
-7.667308419006358755e-05
-5.183204708211089309e-09
2.031414700059197147e-09
6.026970813337269306e-02
-5.449687501783177443e-03
-3.350265968378811085e-09
-3.986831359299013145e-08
2.915190553054385720e-04
-2.845972442113748178e-08
2.929832705191939773e-09
-1.508855854578911374e-02
1.439461806090973437e-03
8.034090638937184864e-09
5.096883262935078440e-08
-4.670037889409182517e-04
3.400074306191917583e-08
-7.021117905735512376e-09
3.945180694325802970e-03
8.992574244675484686e-08
-2.712900793092921247e-05
-6.115912353573562844e-08
8.530546005241085474e-10
2.395435850595784358e-03
1.178605751111551469e-09
5.757177757929352807e-08
-1.509258098525497090e-04
9.729966718070226430e-09
-3.325507516333722435e+00
4.609979018667727857e+00
1.492331436584879878e+00
3.790567618845021997e-02
-2.043300466154668094e+00
2.509250492020905554e+00
1.331901995709196651e+00
3.618102432011944369e+00
7.281629177168672873e-05
-8.395037759390380815e-04
-7.431102137383270372e-05
9.818408188822034654e-05
-1.649397102632468208e-03
-9.229686765646120364e-05
1.790235151004761720e-05
-3.228313046372727289e-03
1.569582935781826454e-06
-1.086856526028053497e-05
2.757446864275055372e-03
1.120253296415508499e-06
-1.739434038939337176e-05
4.470955159315435391e-03
1.762348152443450272e-05
7.730208881130376625e-06
-2.848220741955912773e-03
-1.487834787871289232e-05
8.497200936123927426e-06
-6.517048887127760252e-03
-2.515719405408148554e-05
1.191281313657502939e-05
-1.391737211056419995e-04
-2.759559206540547829e-02
9.636243234799617315e-05
1.358007547411327310e-04
2.531315400453308926e-06
-3.241019588086100690e-05
-5.122759218398769722e-03
1.139240282831634993e-05
5.557970745312976017e-05
2.699996070502877765e-07
8.277134710162362493e-06
-9.351473656297360978e-03
-7.498085617654547323e-06
-1.709181112630398097e-05
1.731232860952827227e-08
1.527277107578044082e-05
-1.226228124516423081e-02
-1.325332687492693324e-05
-1.558338283345804624e-05
-6.918942500993724182e-07
-7.374229814254797249e-06
3.911986345699373750e-03
9.674490418275885457e-06
7.878423601472147799e-07
-3.093810771683783154e-06
-5.745083342359446250e-06
1.941155485171973307e-03
1.829078775214881003e-05
-9.519527616264490582e-06
-1.808062964881541543e-02
-5.341022087594806393e-06
-4.514481003008291300e-05
1.562786654092947051e-04
6.358708797474879615e-05
9.687527789056170043e-06
-5.019326389335682093e-02
1.038210007296712714e-02
1.569944928259987152e-06
3.435651606087568115e-05
-6.077552039344974065e-05
-4.706450265597251809e-05
-7.252698694143415974e-06
2.879347734515258495e-02
-9.227834772697682611e-03
-1.823790923998546920e-08
-4.185402035281039578e-05
4.043454760794846104e-05
5.766859286906555852e-05
5.611423246155358561e-06
-2.558993028781055001e-02
6.917378144341330942e-06
4.188912810987542500e-06
1.059845939374387812e-06
9.194773529847331575e-06
1.723440484185823074e-03
-1.462380596993889750e-05
-1.996848949149596702e-06
9.424074360409644894e-06
-1.003126355851334277e-05
-2.807492574000928887e+00
1.891705573272335572e+00
-3.524483497869957960e-01
1.605081389641078493e+00
1.362187500685116737e+00
9.458362356267236981e-01
4.257374651576736890e-01
1.670573607292195950e+00
-4.356442562425351844e-05
-1.471789622760748554e-04
4.281180259932824603e-05
-9.202879528410760532e-05
-1.615651607724709381e-03
9.866841202232211501e-05
1.776467521790996932e-07
3.422987796631556893e-03
5.310916249236104311e-07
1.403043968141436239e-05
-1.702730186872100648e-03
-6.024599580638230485e-06
1.179102795470376561e-05
-3.071720686215189278e-03
-4.145630868064048731e-06
2.752607067369342988e-05
6.329161155056019922e-03
-1.580073653949227677e-05
-1.301569532901573488e-04
-3.405578036462769253e-07
-9.350660544171740529e-02
4.725472425458106392e-05
-1.369523419281513466e-04
-9.435082934528351856e-06
-2.542820167324434904e-05
-2.104629539697670110e-02
1.104168791618416560e-05
-2.073695869033418299e-06
-6.727979726038183547e-06
1.424542691924273163e-05
-4.349007417953742148e-03
-2.089911806005380292e-06
-9.863462669096208213e-06
-9.218761487033875698e-06
1.680611784831548532e-05
-2.613169702081742825e-03
-4.542057430218910633e-06
-1.159050718459210742e-05
-1.668651440959083713e-05
1.938656599253464329e-05
-3.557939868255740831e-04
-2.493555744495891749e-06
-1.936658791013325584e-05
1.346293882483602883e-05
-1.371261381114075319e-05
-5.860768790468655082e-04
-1.717039334322637809e-06
1.653323746683517587e-05
2.168839866327810020e-02
6.021704898892317768e-05
1.071603936473189758e-04
7.322436776642450747e-06
-6.147326414941304889e-05
4.046940609829931761e-05
6.034084837538144369e-02
-5.434050965995670772e-03
-4.198397121277256609e-05
-8.408055701575388279e-05
2.218469986987541649e-04
4.926281660068166377e-05
-2.411741616136802075e-05
-1.513295957577132436e-02
1.424028111036923071e-03
4.815096851152756693e-05
8.249167324577481007e-05
-3.889681017587788732e-04
-5.322259949267321542e-05
3.051278707319240980e-05
3.988386021152539804e-03
1.067948503323790891e-05
-3.353980688890011554e-05
7.541499867405898367e-06
7.710244071757615687e-06
2.398099636210225885e-03
-3.455494554641264646e-06
6.245111225498075800e-06
-1.323992535566228320e-04
-9.304435542883149357e-06
-3.325508215385399424e+00
4.610017765834490078e+00
1.492329132195921559e+00
3.788315357712940257e-02
-2.043276511558998365e+00
2.509221218016060462e+00
1.331905507991176352e+00
3.618116731923924245e+00
2.058779025484682617e-04
-6.386175126350697711e-04
-3.525152486420332003e-05
2.885889089352317092e-04
-1.386250902558756144e-03
-3.754822793194306161e-05
7.899539660537416449e-05
-3.178793382190348016e-03
1.656994457112165379e-05
-4.522832157017660253e-05
2.735746481771980220e-03
-7.486853102299150622e-06
-4.949625250711171825e-05
4.421327989935378532e-03
8.222291716715296507e-06
1.157590971008782489e-05
-2.821664724200205216e-03
-1.271123589308018948e-05
-3.005228514674297446e-07
-6.485369902811875982e-03
-2.529164924783290343e-05
1.461791549213121993e-05
-4.734865884173670362e-04
-2.798744033314906968e-02
5.690375058878855681e-06
1.259404916830519157e-04
-5.530056376860465981e-06
-1.276396354170620953e-04
-5.223190169970531524e-03
-1.305548539198826196e-05
5.058792290921710954e-05
5.827439276694630606e-06
2.539383683927852920e-05
-9.331775158772965748e-03
-2.659606323242138853e-06
-1.523679178662307746e-05
4.494674095887180699e-06
4.775570679319216254e-05
-1.220845177504243859e-02
-4.137427938219623675e-06
-1.394635616995927554e-05
-3.777391732327246634e-06
-1.790629460313019488e-05
3.878721958346983273e-03
6.266117927365528963e-06
3.811450398988256753e-07
-1.227659772625574966e-05
2.941605504094975247e-06
1.908761846622912973e-03
1.892350860057726399e-05
-9.834140105338070017e-06
-1.806112189072421950e-02
-2.890211113405244633e-05
-1.039468826683301067e-04
-1.131573514399122340e-05
4.393621071251347846e-05
6.472769170945823105e-06
-5.024890918884893781e-02
1.036979321877756939e-02
9.720128827646613067e-06
8.088831313160860302e-05
5.941469301709676343e-05
-3.171567189388687893e-05
-5.890135002961419098e-06
2.882844945568151934e-02
-9.220669412357168290e-03
-1.676738641414064709e-06
-9.776007232594698842e-05
-1.098525576493002360e-04
3.909320874438480104e-05
5.042002888321624827e-06
-2.561054761157646395e-02
2.643796527760516365e-07
5.656565348885280145e-06
5.290317911789399396e-06
1.812515042720183649e-05
1.756751994684643001e-03
-1.104674902414854968e-05
-1.322935454984901893e-06
6.211309858316097567e-06
-1.335633385816665641e-05
-2.807486173805398444e+00
1.891695889353226301e+00
-3.524406672908796390e-01
1.605066707524116953e+00
1.362193993059812813e+00
9.458439933732455396e-01
4.257370480205701635e-01
1.670570879999818903e+00
1.393796837658735875e-05
-1.873470524242580029e-04
2.295256026092358154e-05
4.519010239321611121e-05
-1.696796972491884962e-03
5.542738526796308387e-05
1.292191581622383872e-06
3.428581976122647545e-03
4.954909537411648018e-07
1.101302051437255890e-05
-1.686296196383394244e-03
-7.333938150704451360e-07
1.136698949372556384e-05
-3.056644146983306456e-03
2.183895514380231549e-07
1.261155447316821059e-05
6.359589027943656631e-03
-5.037615734186899895e-06
-9.941157432709457728e-05
9.520071174799835806e-05
-9.346915538787996247e-02
4.055661637294775393e-05
-5.669271105445785247e-05
-1.857439062423985545e-05
-1.953660632986229208e-05
-2.108387407415576037e-02
1.476294107404104664e-06
-2.305041766004201336e-06
-1.472892989808314852e-06
1.923079664192112859e-05
-4.325662565363081954e-03
2.701277199725060901e-06
-3.699229287913071156e-06
-4.302246326385948644e-06
1.846893363858294221e-05
-2.588465581104222330e-03
1.400784648150705372e-06
-4.444102330025226466e-06
-9.958169208523340906e-06
2.686421490437820368e-05
-3.258715008795747253e-04
3.979252384861155765e-06
-7.618576531229245114e-06
7.236575126602547972e-06
-2.607203808198130457e-05
-6.082908540479855901e-04
-5.809183591413062908e-06
6.542758766233028916e-06
2.164060881092882624e-02
7.756013953004703117e-05
5.197368055416086224e-05
1.320486914532102880e-04
-1.912141701686908407e-05
2.044200497192791744e-05
6.048153296729442963e-02
-5.397201375287970747e-03
-6.037197617585435164e-05
-3.882276820166608608e-05
1.303208928779036788e-04
1.590257149852032276e-05
-1.340069595263935149e-05
-1.523741553431342578e-02
1.383679577036911164e-03
6.490314506205603433e-05
2.825145749848934643e-05
-2.993139818545292657e-04
-1.981485191521743078e-05
1.592919619189941616e-05
4.101336501419455133e-03
-9.476513016518787796e-06
-3.950107432666484519e-05
8.086081128745049027e-06
5.682283718012263573e-06
2.408221899580413085e-03
-5.166701211345266155e-07
2.902834451487485361e-06
-1.151673692258876338e-04
-1.225017014792421233e-05
-3.325509715662228416e+00
4.610047695457510919e+00
1.492328325068346340e+00
3.786521246736516272e-02
-2.043260123958746455e+00
2.509198511523921038e+00
1.331907315340842723e+00
3.618127132654378908e+00
6.241680892357452084e-05
-5.122404363728494912e-04
1.272503827700509826e-04
9.263197267493712326e-05
-1.214339839520179112e-03
1.798759783717003005e-04
3.691869589474147060e-05
-3.130586134532837867e-03
5.269950905607128104e-05
-2.023964796685730140e-05
2.714216938509496444e-03
-2.993154435467694049e-05
-1.509815258414095695e-05
4.391285822050250767e-03
-3.063439908197277550e-05
-1.077678712393413491e-06
-2.811741723569341142e-03
5.755426874289601263e-06
-1.091199832873887675e-05
-6.482354803715649656e-03
-3.496208330368328910e-06
-1.813105758840768524e-05
-1.744032817148559011e-04
-2.828590801940967375e-02
-3.033157307713422752e-04
-2.998012693119449218e-05
-1.513087507091684184e-05
-5.320469871857230000e-05
-5.310420546794024713e-03
-8.376382940479384562e-05
-6.952387687709809838e-06
7.421038753681817524e-06
8.362937700358144134e-06
-9.318725695387355262e-03
1.595570793495768399e-05
8.542792166169212655e-08
6.210951862068140827e-06
1.608965687929352767e-05
-1.217106749485503958e-02
3.012254751057692577e-05
5.042504388349573076e-07
-2.663824241328564046e-06
-4.034538375516025233e-06
3.858988901549467720e-03
-1.065958220644513573e-05
1.577985453326749346e-06
-6.196592651059761367e-06
9.108051961710772240e-06
1.900004273063650526e-03
4.423932623555655706e-06
7.241356379931671106e-06
-1.806045051141894411e-02
-2.124585802111833837e-05
-2.024591468466831228e-05
-1.014512087032221456e-04
-6.100756475642953611e-05
1.172031986720556093e-05
-5.024966696883605144e-02
1.037353196301005198e-02
7.951333584365358624e-06
1.679009457992200585e-05
1.217702375356329221e-04
4.780073651234922650e-05
-3.280573881140665911e-06
2.881734913791742653e-02
-9.229837774704841361e-03
-2.261056780760562495e-06
-1.995909335530273273e-05
-1.861497375836025756e-04
-5.763049351955818942e-05
-1.703110059602696987e-07
-2.558427550038021997e-02
-4.878592642372865135e-06
7.872334478669489676e-06
3.759800588858604687e-06
1.996400232116649199e-06
1.771503571238806918e-03
1.011903950981313646e-05
-2.109856296744405779e-06
-2.295676906415048447e-08
-6.487076565266738846e-06
-2.807486173657387063e+00
1.891695889751159987e+00
-3.524406672122231687e-01
1.605066707293987482e+00
1.362193993262952540e+00
9.458439936264160242e-01
4.257370480439257032e-01
1.670570879753100479e+00
-2.563422972070916601e-05
-1.873528779371647849e-04
4.588820027871802756e-07
-6.691198064150485902e-05
-1.696810512272917647e-03
1.100513491690746527e-05
-9.754424816350248936e-07
3.428582721994964146e-03
8.595999144618154921e-07
-5.017474905858875051e-06
-1.686296056639649023e-03
9.918501626160553994e-06
-6.317090668347843897e-06
-3.056644347268417435e-03
9.783807696780032851e-06
-1.019466155270114239e-06
6.359591005915467277e-03
1.332983358785083424e-05
6.002188941669863630e-06
-8.277676008071435968e-05
-9.346916426461691907e-02
6.216682335704714745e-05
1.131728108377419266e-04
7.295322314461025320e-06
8.494113475652011641e-06
-2.108387608929608581e-02
-1.765316107635860968e-05
1.724043432716380414e-05
-1.736950914499705479e-06
-1.195946378854359435e-05
-4.325663268326162929e-03
1.530101053632373749e-05
2.952932129919239230e-06
-1.226441461601830642e-06
-1.045299450741441955e-05
-2.588465893637157626e-03
1.529128149418992641e-05
5.836481437875500289e-06
-9.821570523413637553e-07
-1.688912359648383734e-05
-3.258725162521235153e-04
2.127224328155091616e-05
1.228285616126804301e-05
1.046750018488349684e-06
1.808146782501673407e-05
-6.082893069921704301e-04
-1.967243043147014379e-05
-9.302641496443930238e-06
2.164060959603909123e-02
-2.111731669505355824e-05
-9.533902261265150054e-06
1.320525303407689291e-04
5.456612860848816338e-05
-7.738795808364271815e-05
6.048153092628742039e-02
-5.397202307889754740e-03
1.860022003622039592e-05
5.582435977779668916e-06
1.303166916541973256e-04
-4.155271034041700543e-05
5.898645688062511666e-05
-1.523741341000619740e-02
1.383680705902533238e-03
-1.866849770410098687e-05
3.115733292413784639e-06
-2.993081253454191854e-04
3.435201063798630662e-05
-6.417632709838910895e-05
4.101333769191494762e-03
1.549419225997658982e-05
-3.950127740603297276e-05
-1.674830052119273885e-06
-2.394534200361083453e-06
2.408221507842023962e-03
5.178063463231323581e-06
-8.420464300426675679e-06
-1.151665946694227147e-04
-2.145619760452258784e-06
-3.325508215086924846e+00
4.610017767869455163e+00
1.492329132158731309e+00
3.788315282178045251e-02
-2.043276510085630715e+00
2.509221216759478956e+00
1.331905508235016633e+00
3.618116732589873763e+00
-7.054963616346581010e-05
-6.386067810853321598e-04
1.956849604759601101e-04
-1.086449322163493466e-04
-1.386237916159444332e-03
2.683083580318798393e-04
-5.215662635376476644e-05
-3.178792067147833897e-03
5.992515652335099528e-05
2.831852114963502183e-05
2.735746543914015227e-03
-3.533157212150739372e-05
1.723773066698516560e-05
4.421325212935400470e-03
-4.692615455463976806e-05
5.117979223680289933e-06
-2.821662558829171694e-03
1.639081406520450545e-05
2.160591436843041187e-05
-6.485366178317326404e-03
1.243618842696739610e-05
1.053474779280703894e-04
2.318815470398755000e-04
-2.798745573278217311e-02
-4.128581222661627400e-04
-7.644125768025602087e-05
4.793999611548201985e-05
7.514641576248932541e-05
-5.223192870926663886e-03
-1.040020963680581711e-04
-2.081172326663020231e-05
-1.598451867149439670e-05
-1.039419281623974307e-05
-9.331774303878808546e-03
2.331899684603503460e-05
2.538546054235123968e-06
-1.438768094728873568e-05
-2.029688347875854173e-05
-1.220844931964927375e-02
4.342179293335583301e-05
3.091716338013434529e-06
2.330815682578611716e-06
3.527037604530068878e-06
3.878719994363419819e-03
-1.863838838872935376e-05
3.054883065352322133e-06
-2.493855343203164518e-06
-1.786165041494913042e-05
1.908758619612640692e-03
-6.913346239891329453e-06
1.557453099712845617e-05
-1.806111718404289010e-02
2.006871038852357797e-05
1.431043316041712840e-05
-1.132649090572056694e-05
-1.120212731026743494e-04
2.179425399569664897e-05
-5.024892116168077488e-02
1.036978912922880205e-02
-9.966615982644600711e-06
-1.318234314557644922e-05
5.942276734143683912e-05
8.592350527452797106e-05
-5.473527872406176519e-06
2.882845984711344262e-02
-9.220665141338369244e-03
5.211133770057861100e-06
1.523312683817044595e-05
-1.098628541250210489e-04
-1.042221609233713142e-04
-1.069077945962965922e-06
-2.561055872407789341e-02
1.154403693011318971e-05
5.656281082126717125e-06
-3.826767076925745114e-06
5.027976578494251271e-07
1.756754507214771180e-03
2.121808556602459501e-05
-3.912315166149587676e-06
6.212177777940969497e-06
6.854597094403410693e-06
-2.807486264055115477e+00
1.891718635566883799e+00
-3.524421918525342257e-01
1.605079847135506332e+00
1.362190847880008215e+00
9.458405732481339756e-01
4.257372817127611508e-01
1.670568735697732787e+00
-1.169572637004972820e-04
-2.589381505092000534e-04
-2.215550235650795842e-05
-2.910486002144333536e-04
-1.864488061507321888e-03
-4.530210348138929776e-05
-3.212858342510889675e-06
3.441948152994199570e-03
2.215845970529638610e-07
-6.625406494830559183e-06
-1.693645224904976503e-03
8.704598331252516230e-06
-1.200949221484672620e-05
-3.073158320057169882e-03
7.567010799626133141e-06
1.429885534539968999e-05
6.367038854216907490e-03
1.602889344314490955e-05
-1.140531348912161445e-05
-2.740512279121170582e-04
-9.368158591250638767e-02
9.678832901353129944e-06
1.027136859090560246e-04
3.087083648210036334e-05
1.042836356879669373e-05
-2.108005573008985001e-02
-1.571156021384097331e-05
1.858751721881448984e-05
-1.058858601123443237e-05
-2.967320351794709536e-05
-4.355953851603418941e-03
9.658487914434438893e-06
1.731057974232274698e-06
-8.459218945036412092e-06
-2.294021723444289809e-05
-2.615204238350700601e-03
1.095427510538502824e-05
4.598340903414193520e-06
-9.347835103277893362e-06
-4.244892585559872835e-05
-3.712405397417015314e-04
1.321114050304551075e-05
1.044019664821192354e-05
9.444460222821601496e-06
5.028910325268023577e-05
-5.582402052714432843e-04
-1.008033398433575063e-05
-7.650199929880928764e-06
2.168556140293137133e-02
-8.192040739249929434e-05
4.264004024737167722e-05
8.232926244346086119e-05
6.306495094574690217e-05
-7.837745648236102403e-05
6.034911123877416406e-02
-5.441543200204822413e-03
7.455939497233935581e-05
-4.009296711114880199e-05
1.399641382268414756e-04
-4.932345075526146705e-05
6.089652282423681288e-05
-1.511203894456234105e-02
1.437659319692486011e-03
-7.329019727637164157e-05
6.792483631605164421e-05
-2.769816320142639318e-04
4.738236955282082766e-05
-6.559460618712447246e-05
3.950277162990318593e-03
4.674057852259895648e-05
-4.483957455231691241e-05
-5.967260194932364576e-06
-3.197050270654829820e-06
2.389866241330220603e-03
4.779051560054602447e-06
-8.033888976592882506e-06
-1.002362748409843426e-04
1.930536916585673710e-05
-3.325505160504031110e+00
4.609981490288668660e+00
1.492328847423479710e+00
3.790560142798173049e-02
-2.043293640952601908e+00
2.509248873257689638e+00
1.331904488025879463e+00
3.618104956289938556e+00
1.452904147931451302e-05
-7.549420579577193358e-04
4.689969799274607297e-05
2.445845529038274701e-06
-1.554643055984737763e-03
5.389800620641108152e-05
-4.023007701300258256e-05
-3.250253772637730094e-03
-1.221256009424258267e-05
2.010988883002893959e-05
2.768107914014708223e-03
5.031089640929635282e-06
-3.041205723884436972e-06
4.447119657680819772e-03
-1.099249687360305377e-05
1.729041214596123500e-05
-2.819980486289926005e-03
1.346790925756140440e-05
3.893303950003110253e-05
-6.461172207438740933e-03
2.552924404978635690e-05
2.006241721836011399e-04
8.813451573772941247e-05
-2.763032629590858602e-02
-2.919766755432560098e-05
-5.783116800225214743e-05
8.926228391016253745e-05
4.641227340005940957e-05
-5.105037668991034214e-03
6.957016013775599283e-06
-2.357099121634153601e-05
-2.933737987600344992e-05
-1.043868459974022573e-06
-9.344785346460670467e-03
3.970727560394531824e-06
6.933532906748987529e-06
-2.646342919198406708e-05
-3.331241919729703310e-06
-1.224836389310926012e-02
6.579575854994304389e-06
6.424489628203666668e-06
3.727700029162778458e-06
-6.068566684184342817e-06
3.894984828568461878e-03
-7.260210448625856720e-06
-3.807174461960103958e-07
-6.764070598548581342e-06
-3.000303089690098469e-05
1.898395139323336492e-03
-1.910697620389517867e-05
3.995750845648479343e-06
-1.804349602360389576e-02
3.289223660792525163e-05
-4.663297778184497585e-05
4.684355870874709876e-05
-4.964830303526962372e-05
-3.943392561608964836e-06
-5.030273273967817566e-02
1.034818155026156171e-02
-1.710932465609445635e-05
3.257100451859096983e-05
2.328289806400858728e-05
3.616036818808123263e-05
2.962597355461126490e-06
2.889126490388008173e-02
-9.190459758261715351e-03
9.582207531308060619e-06
-4.055331718337357660e-05
-6.869277874606516355e-05
-4.451592226147525440e-05
-2.309142169351257386e-06
-2.569698210918395370e-02
1.510434432265167074e-05
1.102386014518248963e-06
-6.410005780295185729e-06
1.346481712478040798e-05
1.752602952957349339e-03
1.212380300372813478e-05
7.830405519345305932e-07
1.845525113755493727e-05
1.878087547840164717e-05
-2.807483787746297921e+00
1.891732912850081938e+00
-3.524403491176217873e-01
1.605084475226496110e+00
1.362190928230899045e+00
9.458409384077239856e-01
4.257373011994725620e-01
1.670565937795170708e+00
-5.275135765177678946e-05
-3.319792602052384738e-04
-7.825186294982935844e-05
-1.269505376383882323e-04
-2.030377654595272828e-03
-1.934999647916262001e-04
-1.075771434326825192e-06
3.454886590827952429e-03
-2.036072977254238626e-06
1.174419987579082025e-06
-1.692947862820759486e-03
-3.071511853514878140e-06
-1.389040754342039512e-06
-3.080318179608657232e-03
-6.643493862550665410e-06
1.234289766454107280e-05
6.385163438817066141e-03
1.121265596422937499e-05
-3.068699937679350272e-05
-9.822081293995809878e-05
-9.383589447158408037e-02
-1.746946040665651382e-04
-1.480426746477067759e-05
1.697716876379975933e-05
-2.756425113569853618e-06
-2.109202350816354390e-02
4.592349232997473547e-06
-1.701259770452119769e-05
-7.605620861834397591e-06
-6.996363347878042580e-06
-4.370787135793459052e-03
-1.776535770674835348e-05
4.184162498369224854e-06
-6.808328267465945882e-06
-3.935695935238936601e-06
-2.626680599472270162e-03
-1.327340188786875469e-05
2.804137351693199523e-06
-8.728015376232690109e-06
-1.026541169758550854e-05
-3.954873655652733954e-04
-2.550147788536653810e-05
2.110358549748629354e-06
8.146713316522876709e-06
1.451334540439557750e-05
-5.272131960405734320e-04
3.094671719844638172e-05
-2.540468301357596732e-06
2.170219917968875881e-02
-3.855382319064838649e-05
4.256690436687046589e-05
9.217108079579599319e-05
3.580759567253159574e-05
5.030830222909479853e-05
6.029954954115600979e-02
-5.462298436399122548e-03
3.736591338848702939e-05
-3.588946108291461441e-05
1.109680400694376483e-04
-3.241688601988084546e-05
-4.395031995313305686e-05
-1.505372028331625721e-02
1.464785581846910411e-03
-3.540284599093000348e-05
4.549247106049211754e-05
-2.231110445996086595e-04
5.006882598981368535e-05
4.422996500472070364e-05
3.874878575310498029e-03
7.808944587436582758e-06
-5.176385355686474070e-05
-2.316357572434358711e-06
6.434201481215080223e-07
2.378957319897585538e-03
-1.581187311534498568e-06
4.181010266242228600e-06
-8.153436200629793991e-05
3.745567568108160118e-05
-3.325505647790913510e+00
4.609996722281653803e+00
1.492328157361239027e+00
3.789662721202050749e-02
-2.043284692763606802e+00
2.509237344085107235e+00
1.331905668074117921e+00
3.618110434893687888e+00
3.476853832346663752e-05
-6.823767457470649583e-04
-1.293959497516037553e-04
4.787636849331616980e-05
-1.458192640198679741e-03
-1.971125376617686965e-04
1.098894367505217900e-05
-3.228627182761377619e-03
-8.991357525991730212e-05
-6.391575881207089388e-06
2.758536503867671779e-03
4.892212934266830000e-05
-8.308995088057815457e-06
4.429450669733091608e-03
3.151590943673230743e-05
2.857949218371671930e-06
-2.811884762024425069e-03
7.226785402986968910e-06
2.102568295534541181e-06
-6.453467324696761723e-03
3.448504402660277024e-05
5.658110083994651317e-05
-7.084185411969708298e-05
-2.778342268424332379e-02
4.054439715809478166e-04
-9.850465595438090470e-05
2.649332462138395786e-05
-1.773141749284227230e-05
-5.146657068380928318e-03
1.292341326548604203e-04
-5.371722316025289161e-05
-8.937252159570731392e-06
4.021367448797472861e-06
-9.337521237817553513e-03
-1.848843531818045559e-05
2.064656683460631677e-05
-8.037500316257193509e-06
7.479462324344004055e-06
-1.222813443627696409e-02
-3.598172091532519831e-05
1.808317064989296551e-05
1.515386267397798836e-06
-3.245205718558873250e-06
3.883230801471326907e-03
7.044969797302669347e-06
-5.179131046161080531e-06
-5.968850710775584729e-07
-1.331142458555638489e-06
1.889266816475004699e-03
-2.848744639735212753e-05
-6.369098982850391905e-06
-1.803904232027361831e-02
1.254770962542558390e-05
-1.932552385108249942e-05
-1.029435740079287336e-05
3.086746395525178846e-05
-4.176005948347927905e-05
-5.031525072900197570e-02
1.034628526130497266e-02
-5.917376428168237603e-06
1.489939175403368011e-05
6.375551009732812130e-05
-2.728461373618881497e-05
1.728722699533143218e-05
2.889657064793890728e-02
-9.190892693606211514e-03
2.898457492643098578e-06
-1.807609304344527749e-05
-1.189365890080893058e-04
3.189540479984893343e-05
-6.510979782750066875e-06
-2.569573832692680776e-02
-6.511276746848405939e-06
1.866147692922752409e-06
-2.336095278102416856e-06
3.794133083740671934e-06
1.763246849585851320e-03
-7.052981582591918016e-07
7.561693707980259474e-06
1.633151502427070465e-05
1.984798407126709563e-05
-2.807486265322173047e+00
1.891718635945536686e+00
-3.524421933392050121e-01
1.605079849016922910e+00
1.362190847035953389e+00
9.458405721589846493e-01
4.257372817649543451e-01
1.670568736193499992e+00
7.891809228824928687e-05
-2.589291357738821280e-04
-9.034476067383358819e-05
1.885395330727654732e-04
-1.864468542775075737e-03
-2.298153083478410969e-04
1.515238520185522965e-06
3.441946854207364979e-03
-2.904535486722332410e-06
-4.370845141722474948e-06
-1.693647079547151582e-03
-1.007179992608127177e-05
-9.899835192250793997e-07
-3.073159627305784361e-03
-1.413107613516237584e-05
-2.011452797057501244e-05
6.367034213193538059e-03
4.262776133186672304e-06
1.000408044629655325e-04
1.286765256662550849e-04
-9.368158105258320156e-02
-2.421500056389673246e-04
-4.271701968689326054e-05
6.522429788507100486e-07
8.395725651052447346e-06
-2.108005101984858701e-02
1.688416062223060021e-05
-3.602445702175246622e-05
7.527276580066294810e-06
6.475507773011756197e-06
-4.355955717657295466e-03
-3.052354740115681837e-05
8.133733482544373524e-06
8.685702247391114829e-06
1.983747824558359043e-06
-2.615206369575017852e-03
-2.534070390793921829e-05
4.917389726895334922e-06
1.435445043980448464e-05
9.784047755300290499e-06
-3.712425126890422423e-04
-4.336206527430333296e-05
2.728622650351839079e-06
-1.235118178191205743e-05
-1.641482480924598392e-05
-5.582394109873240135e-04
4.858589344047997466e-05
-4.121165620499692519e-06
2.168556610119463587e-02
-2.691761672488147722e-05
-7.606572390403189027e-05
8.231406031881753887e-05
5.411221621860260573e-06
1.101220710194290126e-04
6.034909715441939132e-02
-5.441547015562509318e-03
1.544281948255316834e-05
6.272507435159641964e-05
1.399764439568739111e-04
-1.005597079071199649e-05
-9.500630707043815999e-05
-1.511202774620752469e-02
1.437663708951539667e-03
-2.013854826504772060e-05
-7.494419708507833885e-05
-2.769953159823280173e-04
3.512483861647399780e-05
9.625329011373942980e-05
3.950264736284866615e-03
-3.995787379051754550e-05
-4.483908148018536004e-05
-4.116573870159325182e-06
-2.540775940722535893e-06
2.389865866801873032e-03
-5.157463973341289724e-06
9.216760506754360861e-06
-1.002376204572943031e-04
3.074961496922907741e-05
-3.325508214315306521e+00
4.610017757988540410e+00
1.492329132547707493e+00
3.788315891140489611e-02
-2.043276515257101078e+00
2.509221223996557004e+00
1.331905507708022851e+00
3.618116729243965768e+00
-1.323273613118035915e-04
-6.386465201886888741e-04
-1.591498506271855548e-04
-1.748954938382133763e-04
-1.386291554467340096e-03
-2.285973872155765043e-04
-2.411364365248787000e-05
-3.178806908552663391e-03
-7.532412028017991242e-05
1.565230723079099432e-05
2.735752883673148693e-03
4.227888447828580926e-05
3.162943445473138476e-05
4.421334741490315183e-03
3.843537263553412417e-05
-1.686015005084345574e-05
-2.821665829989324342e-03
-3.751507851584329696e-06
-2.203064721503769497e-05
-6.485367636000816810e-03
1.254364761469978028e-05
-1.153221000981081518e-04
2.416285797624297940e-04
-2.798736296066690193e-02
4.072215246357022145e-04
-5.385717540569427182e-05
-4.064595382456329928e-05
5.249827348715283037e-05
-5.223165948392320505e-03
1.170727733302819252e-04
-3.143132388432712487e-05
1.032124604702307257e-05
-1.499697792646165023e-05
-9.331778162244626362e-03
-2.066036682541213642e-05
1.254419533062087335e-05
9.814155209295292236e-06
-2.745521561259118372e-05
-1.220846088486962633e-02
-3.928689646199162451e-05
1.092860026337607126e-05
1.591358351116867178e-06
1.437909593200511964e-05
3.878726269085650338e-03
1.237333284305576653e-05
-3.571809690314668975e-06
1.461999441011336228e-05
1.492311861243228207e-05
1.908761838156740765e-03
-1.201074547485815242e-05
-5.598975575160593326e-06
-1.806112012601171143e-02
8.844365916549145012e-06
9.025230881372852494e-05
-1.129765294265909839e-05
6.835756483871427642e-05
-2.827704753970171537e-05
-5.024891558803472325e-02
1.036979055536498689e-02
2.412989935531673302e-07
-6.803031814033113397e-05
5.940284857618277604e-05
-5.435302576635892176e-05
1.136845859480683024e-05
2.882845769927041071e-02
-9.220665481721715753e-03
-3.527061158756090829e-06
8.285740569217737170e-05
-1.098383084285940942e-04
6.527769755066935840e-05
-3.979798574125690912e-06
-2.561055963187749973e-02
-1.160418798244524925e-05
5.655901419115072484e-06
-1.509263262456773559e-06
-1.863091228849345630e-05
1.756749620593413188e-03
-1.017336259097593348e-05
5.278182449899031342e-06
6.213172507760175202e-06
6.516271276851010792e-06
-2.807486944987091615e+00
1.891708075620323504e+00
-3.524422829482265485e-01
1.605074780069455365e+00
1.362191721749126394e+00
9.458414442559169855e-01
4.257372094466033152e-01
1.670570145484060465e+00
9.222259812610520281e-05
-2.176746977267521917e-04
6.699835835315327785e-06
2.300703324557706745e-04
-1.769312988248863917e-03
2.936820760421876610e-05
2.595943970068190009e-06
3.434445288865825736e-03
1.266568233093629263e-06
4.951373440695069245e-06
-1.691749386804749676e-03
1.315301199791615200e-05
8.858922166483386611e-06
-3.066408556821856486e-03
1.327571878391912631e-05
-1.033011442713662591e-05
6.359748805541054137e-03
1.639720373708714000e-05
-6.075873476290357279e-05
2.129824918087069201e-04
-9.357696568520668112e-02
9.465593659930178494e-05
1.234895087541897736e-04
-3.242392501027442978e-05
-8.009534305820545765e-06
-2.107773155147649180e-02
-2.333026511526033032e-05
9.201539482556672363e-06
5.886854503877742277e-06
2.300788679343606551e-05
-4.343081932374068081e-03
2.130831637414590235e-05
6.296141288939073675e-06
2.457755259781436188e-06
1.775511009472981294e-05
-2.604303524349318392e-03
2.094298081751117701e-05
8.687113851201429271e-06
-9.023118498319878636e-07
3.289941078084253963e-05
-3.513825956718107774e-04
2.968663299222295846e-05
1.577397593270836817e-05
-1.215844612234394254e-06
-3.902364144318063051e-05
-5.813684720688590138e-04
-2.803276153414736589e-05
-1.270446307722797032e-05
2.166777827978069032e-02
1.059678022247899311e-04
-3.371988611091516011e-05
9.368095107613436286e-05
6.816558185638601185e-05
-5.785630939424881033e-05
6.040098140806749588e-02
-5.423071492303448669e-03
-8.931004246297158541e-05
3.138392507630851844e-05
1.454896042776085852e-04
-5.138673115590606871e-05
4.053576410982812214e-05
-1.516446954111906782e-02
1.414715328211032120e-03
9.169589647668179738e-05
-5.294849183369881065e-05
-2.987177665977735347e-04
4.061187379590995800e-05
-4.639632249238639336e-05
4.014927731045971754e-03
-3.261383083681372998e-05
-4.170606376973565714e-05
9.339127183305336857e-06
2.521490505397294121e-06
2.398172280724785929e-03
6.796179265631548507e-06
-7.175031613627197538e-06
-1.099322818042766951e-04
-2.435819164526529672e-05
-3.325507588487515598e+00
4.609998187198956821e+00
1.492330019386892692e+00
3.789468925988096620e-02
-2.043288012785910102e+00
2.509236037184754853e+00
1.331903991322783032e+00
3.618109689958351360e+00
-1.233607413526494536e-05
-7.319250665145088765e-04
1.917622182612785690e-04
-3.946983848442418364e-06
-1.510298232632320721e-03
2.612210011320713365e-04
2.906948708605082033e-05
-3.206671173412745882e-03
5.436493520387534258e-05
-1.435823216810763738e-05
2.748077231575640419e-03
-3.241259565077468999e-05
2.697394111967542997e-06
4.444041640918587437e-03
-4.594811911616758721e-05
-1.271021616181360093e-05
-2.832063254914404370e-03
1.761725396881837503e-05
-2.834884446537399151e-05
-6.495257942898102418e-03
1.586181510722591318e-05
-7.268895671340628423e-05
-5.474955291977603896e-05
-2.779062188103639808e-02
-3.934030060958277958e-04
-1.546882625956249257e-04
-3.671601615989281288e-05
-3.105209302228791144e-05
-5.169687953735067551e-03
-9.672003156649919308e-05
-5.799223310930857908e-05
1.372100208906299878e-05
3.148324478304572569e-07
-9.341113034809006219e-03
2.258423288876025060e-05
1.557755469493028096e-05
1.203116048995239139e-05
1.552971552915922700e-06
-1.223445706486573845e-02
4.193238249997032066e-05
1.469113062049551972e-05
-2.747866477677299224e-06
4.680828185517325585e-06
3.893831152403209352e-03
-1.873198861248007133e-05
8.239697836908203181e-07
-1.679459263309863398e-06
2.149349293590305276e-05
1.920492374413545079e-03
-9.628568789087515220e-06
1.593905889576433126e-05
-1.806697118998963625e-02
-2.316979538751034917e-05
3.553273414069616290e-05
6.215586351699016205e-05
-1.134654028600609154e-04
2.897631471230140046e-06
-5.023286414652858300e-02
1.037225676267079615e-02
1.017166487255787962e-05
-2.493074532463781972e-05
7.376767185326787123e-06
8.676678188022275977e-05
3.329675710469051956e-06
2.882166247716713356e-02
-9.220052280633347572e-03
-4.399408621952500837e-06
3.100644008299111373e-05
-4.526001214077702813e-05
-1.053390774027916573e-04
-5.281486167547005055e-06
-2.561215811013125079e-02
-1.508073469825194123e-05
4.371573312537897645e-06
4.227794453949642189e-06
-1.012820021990130735e-05
1.743035168892177571e-03
2.209094760324632872e-05
-3.206275899556987731e-07
8.830282391889940401e-06
-6.691271789624368360e-07
-2.807492572801981723e+00
1.891705573378380079e+00
-3.524483483793165450e-01
1.605081388182681978e+00
1.362187501443807180e+00
9.458362365568263597e-01
4.257374650914221292e-01
1.670573606780233034e+00
-1.409686831110467422e-05
-1.471888736140980014e-04
-5.927786635943687677e-05
-3.578499896785867856e-05
-1.615672950514742941e-03
-1.294688528698415236e-04
-4.491092997266064360e-07
3.422989266452277322e-03
-1.233218961646718513e-07
-1.940839066315860023e-06
-1.702728355682765933e-03
1.517971132911642174e-05
-2.747235326507680805e-06
-3.071719611802296423e-03
1.233505077276339904e-05
8.503237100644076093e-07
6.329165815314025806e-03
3.163280452936136246e-05
-4.816973486227405182e-05
-4.081848553367958100e-05
-9.350661299244536484e-02
-2.392582014859972171e-05
1.799359340240531328e-04
2.925043022717026462e-06
3.150851606158242460e-06
-2.104630029778223332e-02
-2.754263055995876839e-05
9.211946366371509185e-06
-4.450381912761074580e-06
-5.315580405441044493e-06
-4.349006015791705496e-03
1.338148218819224672e-05
1.058603248456036698e-05
-4.960207602013149135e-06
-4.472198064813911314e-06
-2.613167848153552172e-03
1.682550153034692133e-05
1.366773931951860654e-05
-7.797142934082584395e-06
-7.542210832122030221e-06
-3.557924992677910210e-04
1.803595186170361625e-05
2.398448785253092793e-05
6.589777515539496311e-06
8.356959799542296071e-06
-5.860769900576435522e-04
-1.101700103359834532e-05
-1.969061816778929191e-05
2.168839646474318011e-02
4.910596597589281969e-06
-4.245738748475301756e-07
7.336811263497283395e-06
1.235547058293177936e-04
-7.239014320313453437e-05
6.034085488761917887e-02
-5.434049537936616082e-03
1.176205502224661630e-07
-6.994455907785048288e-07
2.218348745102061571e-04
-9.744272025123439302e-05
4.842680161481020942e-05
-1.513296355096715833e-02
1.424026735051653770e-03
2.346722598614991594e-06
4.948436713370916158e-06
-3.889543345674911735e-04
9.804477357586311446e-05
-5.696709993201626028e-05
3.988389822974743211e-03
2.869245259544265627e-06
-3.354026289658634395e-05
1.493632387168302315e-06
-8.618550667270354953e-07
2.398099778471792995e-03
8.405062319490996629e-06
-9.620778264881933454e-06
-1.323974576151519349e-04
1.383714197568688988e-05
-3.325507516379767381e+00
4.609979020615271317e+00
1.492331436251238319e+00
3.790567492505214631e-02
-2.043300464688787343e+00
2.509250490415009693e+00
1.331901996018893586e+00
3.618102432897044807e+00
2.983469590926034179e-05
-8.394886418935670501e-04
1.000076104942061386e-04
3.400849041044224638e-05
-1.649377817609621981e-03
1.308244958152300250e-04
-8.610578867666447938e-06
-3.228311523219048150e-03
1.452424812006379160e-05
3.679493968447345439e-06
2.757446003012071264e-03
-9.882959854609966560e-06
-6.961308230145068952e-06
4.470951341937077529e-03
-2.383255339690411897e-05
8.919555065858751711e-06
-2.848217949552819296e-03
1.414705306282616526e-05
1.709158082442535610e-05
-6.517044575894800212e-03
1.999175820024000737e-05
1.152679421276334956e-04
-1.385779480104767758e-05
-2.759561547800033071e-02
-1.687244398422434438e-04
-7.905952775319256387e-05
4.824286198801383454e-05
6.344072784819297188e-06
-5.122764394556668724e-03
-3.376732465192713091e-05
-3.030204749234369511e-05
-1.481505674920056508e-05
2.357613876189859078e-06
-9.351472202531458180e-03
1.091796196032640879e-05
8.282934766504679216e-06
-1.356930545053098623e-05
3.845199805319384865e-06
-1.226227760836109265e-02
1.985462699405266841e-05
7.791320333302391833e-06
1.140059395322874859e-06
-4.693171653071755335e-06
3.911983656511260239e-03
-1.122444579342712064e-05
1.792656444495073795e-07
-6.815899762777028239e-06
-1.297072977369731105e-05
1.941151663352828514e-03
-1.412228817311475312e-05
7.466871802442641231e-06
-1.808062578358314229e-02
1.107128231232263103e-05
-3.212332421605617369e-05
1.562643536050462110e-04
-7.094065402098017681e-05
-2.199665229710317019e-07
-5.019327581175486719e-02
1.038209668856586443e-02
-7.071972614720764246e-06
2.338727082040437620e-05
-6.076494039515838077e-05
5.331383486757607532e-05
2.267662092621707397e-06
2.879348723124368348e-02
-9.227831454867390856e-03
4.875926859081431526e-06
-2.882030193066261611e-05
4.042125759471949234e-05
-6.511035577076276283e-05
-2.791381678694660929e-06
-2.558994013411277496e-02
5.337431496846361922e-06
4.188744363249155069e-06
-2.295105525401577773e-06
8.068524291285865193e-06
1.723443792132724282e-03
1.527637006991220845e-05
8.879337375061041853e-08
9.424628609703857550e-06
1.095673167187061928e-05
-2.807492043283112526e+00
1.891713789503542742e+00
-3.524482776749695012e-01
1.605085331209378907e+00
1.362186821253296820e+00
9.458355585275037836e-01
4.257375212339702397e-01
1.670572510095559515e+00
-1.071674381106751923e-04
-1.792602183092433107e-04
-7.972550607671112283e-05
-2.546439502779251234e-04
-1.689626738842306625e-03
-1.925982107912221387e-04
-1.946606735868202101e-06
3.428827950060441953e-03
-1.709020984317459646e-06
6.243407997389875197e-06
-1.704206039243237559e-03
1.551525194498895637e-06
1.210026402436071528e-06
-3.076979505196786834e-03
-2.113668497718940126e-06
2.938227480584360910e-05
6.334854995648096093e-03
1.755950225027129585e-05
-1.200695651856720859e-04
-1.749577757574022438e-04
-9.358798570810095141e-02
-1.490535571052016084e-04
6.715977133491372818e-06
1.976723020532349502e-05
-1.225517539848705909e-05
-2.104811090917220462e-02
-3.590585011358621813e-06
-9.564584538448916772e-06
-1.527945474802032091e-05
-8.322721562290961777e-06
-4.359018745676864967e-03
-1.093468641422748060e-05
3.436201337964527750e-06
-1.538590594373573917e-05
-2.117975139875077797e-06
-2.621648239508553909e-03
-6.336964615130940838e-06
2.909891860955069025e-06
-2.244819549574432420e-05
-1.263046980688472631e-05
-3.712410049268960411e-04
-1.599397095059924994e-05
3.410365974529983451e-06
1.994521807741759433e-05
2.185791754702694136e-05
-5.680859472433953412e-04
2.232998037330403182e-05
-3.231094432156261478e-06
2.170200840700010556e-02
-2.327434186225541739e-05
1.068694894498461003e-04
-1.436913677652367112e-06
6.227754216050099636e-05
2.422038491538339912e-05
6.030051074518176513e-02
-5.448511984250215684e-03
3.158682771712960385e-05
-8.799413799210695632e-05
2.175294080226753226e-04
-5.237002663399693023e-05
-2.240836266349236270e-05
-1.509222687742825357e-02
1.442062975436023652e-03
-2.526328279854326542e-05
1.045189701028853292e-04
-3.720483604769243922e-04
6.687323821749250686e-05
2.176319081037622554e-05
3.938160605499039374e-03
2.528356954945129410e-05
-3.634025681975454390e-05
7.164402401789381441e-07
3.725457096966704683e-06
2.391593191756392900e-03
1.088706671108396931e-06
1.844339652726155964e-06
-1.250007959619126214e-04
4.070286250791921626e-05
-3.325507588020308880e+00
4.609998181754209945e+00
1.492330019432583033e+00
3.789469272947035283e-02
-2.043288015485665632e+00
2.509236041529324446e+00
1.331903991141336618e+00
3.618109688093969822e+00
1.733475669516167225e-04
-7.319449808786523872e-04
-8.366267220831137975e-05
2.300655854460379758e-04
-1.510326862873691755e-03
-1.246175186349327869e-04
3.355791451986701786e-05
-3.206683392805005639e-03
-5.097973101674740053e-05
-2.135682081468290224e-05
2.748082565646354624e-03
2.800465242871871460e-05
-4.137289436508533741e-05
4.444046078788511413e-03
2.031603766500628976e-05
2.155035406016026135e-05
-2.832062996239981343e-03
2.117721581355362831e-06
2.764277054964633406e-05
-6.495254023761866391e-03
1.625797967802866635e-05
1.713940580698461111e-04
-3.132633789530647143e-04
-2.779056233686664698e-02
2.440995853789650364e-04
1.085035560401132463e-05
6.899469318297091354e-05
-6.821852407942059738e-05
-5.169668124802604542e-03
7.524944578248454535e-05
-4.146911555091808780e-06
-2.031686824068867190e-05
1.939972568455934450e-05
-9.341115268414568878e-03
-1.156148482174207547e-05
3.971954343995514772e-06
-1.875958827190794335e-05
3.553479015634597498e-05
-1.223446365614982295e-02
-2.230580840770327755e-05
3.135742936132276268e-06
6.940529092082047370e-07
-1.856176855231293055e-05
3.893833911974941501e-03
5.310047326730113522e-06
-2.901303078234203354e-06
-1.299870518779035037e-05
-1.908705091948768019e-05
1.920490773019787462e-03
-1.380132973091350424e-05
-9.307478927124266231e-06
-1.806696939620408560e-02
9.082685116217696880e-06
-1.157940011832497292e-04
6.216616348351660130e-05
2.625773917383919523e-05
-2.152241942641424901e-05
-5.023286936305439154e-02
1.037225462398793860e-02
-7.972827613478916062e-06
8.748152724782042033e-05
7.370346902850391079e-06
-2.194623349690534651e-05
7.148546089460376004e-06
2.882166876890518079e-02
-9.220049018516326619e-03
6.776386172676661862e-06
-1.066004048746772034e-04
-4.525264724614607662e-05
2.597135715513228089e-05
-1.175613040329268487e-06
-2.561216707050437830e-02
7.060174668668480714e-06
4.371072840466983779e-06
-1.847655363124968783e-06
2.419388527717252917e-05
1.743034315651249139e-03
-2.272586836682164079e-06
3.856332808531254231e-06
8.831620355792914852e-06
1.346415677463382955e-05
